SF-A-022;Sensirion;RMSE;MAE
611.87;-6.6286;301.2254372987747;206.02978947499682
611.87;-6.6286;301.2254372987747;206.02978947499682
599.07;-6.6;301.2254372987747;206.02978947499682
570.91;-6.6;301.2254372987747;206.02978947499682
568.35;-6.5143;301.2254372987747;206.02978947499682
565.79;-6.4286;301.2254372987747;206.02978947499682
563.23;-6.4;301.2254372987747;206.02978947499682
558.11;-6.4;301.2254372987747;206.02978947499682
540.19;-6.3143;301.2254372987747;206.02978947499682
527.39;-6.3143;301.2254372987747;206.02978947499682
517.15;-6.2857;301.2254372987747;206.02978947499682
504.35;-6.2857;301.2254372987747;206.02978947499682
491.55;-6.2286;301.2254372987747;206.02978947499682
476.19;-6.2;301.2254372987747;206.02978947499682
471.07;-6.2;301.2254372987747;206.02978947499682
455.71;-6.1714;301.2254372987747;206.02978947499682
442.91;-6.1429;301.2254372987747;206.02978947499682
430.11;-6.1143;301.2254372987747;206.02978947499682
414.75;-6.1143;301.2254372987747;206.02978947499682
407.07;-6.1143;301.2254372987747;206.02978947499682
396.83;-6.0857;301.2254372987747;206.02978947499682
381.47;-6.1143;301.2254372987747;206.02978947499682
368.67;-6.0571;301.2254372987747;206.02978947499682
360.99;-6.1143;301.2254372987747;206.02978947499682
350.75;-6.1429;301.2254372987747;206.02978947499682
348.19;-6.1714;301.2254372987747;206.02978947499682
335.39;-6.1714;301.2254372987747;206.02978947499682
322.59;-6.2;301.2254372987747;206.02978947499682
312.35;-6.2857;301.2254372987747;206.02978947499682
299.55;-6.3143;301.2254372987747;206.02978947499682
286.75;-6.4857;301.2254372987747;206.02978947499682
279.07;-6.6286;301.2254372987747;206.02978947499682
268.83;-6.7714;301.2254372987747;206.02978947499682
256.03;-7.0;301.2254372987747;206.02978947499682
238.11;-7.1714;301.2254372987747;206.02978947499682
220.19;-7.4;301.2254372987747;206.02978947499682
207.39;-7.5714;301.2254372987747;206.02978947499682
202.27;-7.8286;301.2254372987747;206.02978947499682
192.03;-8.1143;301.2254372987747;206.02978947499682
179.23;-8.4286;301.2254372987747;206.02978947499682
166.43;-8.7143;301.2254372987747;206.02978947499682
153.63;-9.0857;301.2254372987747;206.02978947499682
143.39;-9.3714;301.2254372987747;206.02978947499682
128.03;-9.7429;301.2254372987747;206.02978947499682
112.67;-10.1429;301.2254372987747;206.02978947499682
102.43;-10.5429;301.2254372987747;206.02978947499682
94.75;-11.0;301.2254372987747;206.02978947499682
81.95;-11.4286;301.2254372987747;206.02978947499682
76.83;-11.9429;301.2254372987747;206.02978947499682
66.59;-12.4;301.2254372987747;206.02978947499682
51.23;-12.9143;301.2254372987747;206.02978947499682
40.99;-13.4286;301.2254372987747;206.02978947499682
23.07;-14.0;301.2254372987747;206.02978947499682
12.83;-14.5143;301.2254372987747;206.02978947499682
0.02;-15.1429;301.2254372987747;206.02978947499682
647.7;-15.7429;301.2254372987747;206.02978947499682
637.46;-16.3143;301.2254372987747;206.02978947499682
632.34;-16.9714;301.2254372987747;206.02978947499682
627.22;-17.5429;301.2254372987747;206.02978947499682
614.42;-18.2286;301.2254372987747;206.02978947499682
601.62;-18.9143;301.2254372987747;206.02978947499682
593.94;-19.5143;301.2254372987747;206.02978947499682
588.82;-20.2571;301.2254372987747;206.02978947499682
573.46;-21.0;301.2254372987747;206.02978947499682
565.78;-21.6571;301.2254372987747;206.02978947499682
550.42;-22.4;301.2254372987747;206.02978947499682
545.3;-23.0571;301.2254372987747;206.02978947499682
532.5;-23.8286;301.2254372987747;206.02978947499682
522.26;-24.5429;301.2254372987747;206.02978947499682
512.02;-25.2857;301.2254372987747;206.02978947499682
499.22;-26.0857;301.2254372987747;206.02978947499682
491.54;-26.6571;301.2254372987747;206.02978947499682
478.74;-27.3714;301.2254372987747;206.02978947499682
468.5;-28.0857;301.2254372987747;206.02978947499682
460.82;-28.8286;301.2254372987747;206.02978947499682
450.58;-29.6;301.2254372987747;206.02978947499682
440.34;-30.2;301.2254372987747;206.02978947499682
430.1;-30.8857;301.2254372987747;206.02978947499682
417.3;-31.5143;301.2254372987747;206.02978947499682
404.5;-32.1714;301.2254372987747;206.02978947499682
396.82;-33.0857;301.2254372987747;206.02978947499682
396.82;-33.6857;301.2254372987747;206.02978947499682
386.58;-34.4571;301.2254372987747;206.02978947499682
376.34;-35.3143;301.2254372987747;206.02978947499682
363.54;-35.9714;301.2254372987747;206.02978947499682
360.98;-36.6286;301.2254372987747;206.02978947499682
353.3;-37.2857;301.2254372987747;206.02978947499682
350.74;-38.1714;301.2254372987747;206.02978947499682
345.62;-39.0571;301.2254372987747;206.02978947499682
337.94;-39.7143;301.2254372987747;206.02978947499682
332.82;-40.5714;301.2254372987747;206.02978947499682
325.14;-41.2;301.2254372987747;206.02978947499682
322.58;-42.0286;301.2254372987747;206.02978947499682
320.02;-42.6;301.2254372987747;206.02978947499682
322.58;-43.4571;301.2254372987747;206.02978947499682
325.14;-44.0;301.2254372987747;206.02978947499682
330.26;-44.9714;301.2254372987747;206.02978947499682
332.82;-45.6286;301.2254372987747;206.02978947499682
337.94;-46.4571;301.2254372987747;206.02978947499682
350.74;-47.2857;301.2254372987747;206.02978947499682
363.54;-48.0571;301.2254372987747;206.02978947499682
381.46;-48.5714;301.2254372987747;206.02978947499682
407.06;-49.2286;301.2254372987747;206.02978947499682
440.34;-49.4;301.2254372987747;206.02978947499682
481.3;-50.2286;301.2254372987747;206.02978947499682
522.26;-50.7429;301.2254372987747;206.02978947499682
568.34;-51.7429;301.2254372987747;206.02978947499682
619.55;-52.2286;301.2254372987747;206.02978947499682
23.07;-53.0857;301.2254372987747;206.02978947499682
71.71;-53.8286;301.2254372987747;206.02978947499682
153.63;-54.0571;301.2254372987747;206.02978947499682
227.87;-54.8571;301.2254372987747;206.02978947499682
307.23;-55.2286;301.2254372987747;206.02978947499682
394.27;-56.0571;301.2254372987747;206.02978947499682
478.75;-56.4286;301.2254372987747;206.02978947499682
578.6;-57.1143;301.2254372987747;206.02978947499682
20.52;-58.0857;301.2254372987747;206.02978947499682
128.04;-58.2286;301.2254372987747;206.02978947499682
233.0;-59.1429;301.2254372987747;206.02978947499682
348.2;-59.7429;301.2254372987747;206.02978947499682
471.08;-60.2286;301.2254372987747;206.02978947499682
614.45;-61.0;301.2254372987747;206.02978947499682
89.65;-61.2857;301.2254372987747;206.02978947499682
238.13;-61.6;301.2254372987747;206.02978947499682
378.93;-62.5429;301.2254372987747;206.02978947499682
509.5;-62.8571;301.2254372987747;206.02978947499682
17.98;-63.8;301.2254372987747;206.02978947499682
156.22;-64.7714;301.2254372987747;206.02978947499682
330.3;-65.0571;301.2254372987747;206.02978947499682
483.9;-65.4571;301.2254372987747;206.02978947499682
647.75;-66.0;301.2254372987747;206.02978947499682
163.91;-66.5143;301.2254372987747;206.02978947499682
337.99;-66.9714;301.2254372987747;206.02978947499682
514.64;-67.6571;301.2254372987747;206.02978947499682
71.76;-67.6857;301.2254372987747;206.02978947499682
274.0;-68.2571;301.2254372987747;206.02978947499682
442.97;-68.6286;301.2254372987747;206.02978947499682
5.21;-69.4;301.2254372987747;206.02978947499682
212.57;-70.5714;301.2254372987747;206.02978947499682
409.69;-70.2857;301.2254372987747;206.02978947499682
624.74;-70.9714;301.2254372987747;206.02978947499682
174.18;-71.8;301.2254372987747;206.02978947499682
368.74;-72.0286;301.2254372987747;206.02978947499682
553.07;-72.8286;301.2254372987747;206.02978947499682
94.83;-73.4;301.2254372987747;206.02978947499682
294.51;-74.2;301.2254372987747;206.02978947499682
504.43;-74.4;301.2254372987747;206.02978947499682
652.92;-75.4571;301.2254372987747;206.02978947499682
128.12;-76.1429;301.2254372987747;206.02978947499682
320.12;-76.1429;301.2254372987747;206.02978947499682
501.89;-76.6571;301.2254372987747;206.02978947499682
33.41;-77.5429;301.2254372987747;206.02978947499682
225.41;-77.4286;301.2254372987747;206.02978947499682
450.69;-78.6571;301.2254372987747;206.02978947499682
647.82;-78.8;301.2254372987747;206.02978947499682
184.46;-79.5143;301.2254372987747;206.02978947499682
358.54;-79.6;301.2254372987747;206.02978947499682
560.79;-79.8286;301.2254372987747;206.02978947499682
110.23;-80.5429;301.2254372987747;206.02978947499682
297.11;-81.9429;301.2254372987747;206.02978947499682
530.08;-82.1143;301.2254372987747;206.02978947499682
36.0;-82.4286;301.2254372987747;206.02978947499682
228.0;-83.4571;301.2254372987747;206.02978947499682
432.8;-84.1714;301.2254372987747;206.02978947499682
619.69;-84.2857;301.2254372987747;206.02978947499682
164.01;-84.4286;301.2254372987747;206.02978947499682
350.89;-85.4286;301.2254372987747;206.02978947499682
568.5;-85.8857;301.2254372987747;206.02978947499682
92.34;-86.6;301.2254372987747;206.02978947499682
276.66;-86.4286;301.2254372987747;206.02978947499682
476.35;-86.2571;301.2254372987747;206.02978947499682
10.43;-87.6571;301.2254372987747;206.02978947499682
156.35;-88.7714;301.2254372987747;206.02978947499682
335.55;-88.8571;301.2254372987747;206.02978947499682
496.83;-89.0571;301.2254372987747;206.02978947499682
645.32;-89.0286;301.2254372987747;206.02978947499682
158.92;-89.4571;301.2254372987747;206.02978947499682
366.28;-88.4857;301.2254372987747;206.02978947499682
509.65;-89.2;301.2254372987747;206.02978947499682
61.65;-90.7429;301.2254372987747;206.02978947499682
228.05;-91.2;301.2254372987747;206.02978947499682
397.01;-91.7143;301.2254372987747;206.02978947499682
589.02;-92.1429;301.2254372987747;206.02978947499682
71.9;-92.4;301.2254372987747;206.02978947499682
215.26;-92.9714;301.2254372987747;206.02978947499682
399.58;-92.5429;301.2254372987747;206.02978947499682
586.47;-92.9714;301.2254372987747;206.02978947499682
100.07;-93.9714;301.2254372987747;206.02978947499682
251.11;-93.5714;301.2254372987747;206.02978947499682
427.75;-93.6571;301.2254372987747;206.02978947499682
573.68;-93.8;301.2254372987747;206.02978947499682
82.16;-94.1429;301.2254372987747;206.02978947499682
222.96;-95.0;301.2254372987747;206.02978947499682
371.44;-95.5714;301.2254372987747;206.02978947499682
512.25;-96.5714;301.2254372987747;206.02978947499682
33.53;-96.2857;301.2254372987747;206.02978947499682
179.45;-96.6857;301.2254372987747;206.02978947499682
294.65;-96.3714;301.2254372987747;206.02978947499682
453.37;-97.4286;301.2254372987747;206.02978947499682
627.46;-98.4571;301.2254372987747;206.02978947499682
130.82;-98.5429;301.2254372987747;206.02978947499682
248.58;-99.0286;301.2254372987747;206.02978947499682
363.78;-98.5429;301.2254372987747;206.02978947499682
535.31;-99.3429;301.2254372987747;206.02978947499682
38.67;-100.1143;301.2254372987747;206.02978947499682
115.47;-100.3429;301.2254372987747;206.02978947499682
322.83;-100.1714;301.2254372987747;206.02978947499682
545.56;-101.2286;301.2254372987747;206.02978947499682
71.96;-102.0571;301.2254372987747;206.02978947499682
215.32;-102.7429;301.2254372987747;206.02978947499682
325.4;-103.0;301.2254372987747;206.02978947499682
486.68;-102.3429;301.2254372987747;206.02978947499682
583.97;-102.3143;301.2254372987747;206.02978947499682
74.53;-101.8857;301.2254372987747;206.02978947499682
210.21;-103.9429;301.2254372987747;206.02978947499682
379.17;-104.4;301.2254372987747;206.02978947499682
512.29;-103.7143;301.2254372987747;206.02978947499682
635.18;-105.2286;301.2254372987747;206.02978947499682
161.58;-105.1714;301.2254372987747;206.02978947499682
322.86;-105.6857;301.2254372987747;206.02978947499682
522.54;-105.8571;301.2254372987747;206.02978947499682
612.15;-106.0571;301.2254372987747;206.02978947499682
115.51;-106.3714;301.2254372987747;206.02978947499682
197.43;-106.4286;301.2254372987747;206.02978947499682
348.47;-107.9143;301.2254372987747;206.02978947499682
519.99;-107.2571;301.2254372987747;206.02978947499682
653.12;-107.4571;301.2254372987747;206.02978947499682
146.24;-108.5714;301.2254372987747;206.02978947499682
251.2;-108.5429;301.2254372987747;206.02978947499682
427.84;-109.0571;301.2254372987747;206.02978947499682
632.65;-109.6571;301.2254372987747;206.02978947499682
36.17;-109.8857;301.2254372987747;206.02978947499682
138.57;-110.4286;301.2254372987747;206.02978947499682
228.17;-111.3143;301.2254372987747;206.02978947499682
415.05;-110.4857;301.2254372987747;206.02978947499682
578.9;-110.3143;301.2254372987747;206.02978947499682
2.9;-112.2286;301.2254372987747;206.02978947499682
148.82;-112.2286;301.2254372987747;206.02978947499682
238.42;-112.5429;301.2254372987747;206.02978947499682
304.98;-112.2;301.2254372987747;206.02978947499682
456.02;-112.7143;301.2254372987747;206.02978947499682
566.11;-113.1714;301.2254372987747;206.02978947499682
82.27;-114.0286;301.2254372987747;206.02978947499682
264.03;-113.7714;301.2254372987747;206.02978947499682
330.59;-113.8857;301.2254372987747;206.02978947499682
392.03;-114.4;301.2254372987747;206.02978947499682
520.03;-114.9429;301.2254372987747;206.02978947499682
648.04;-114.5143;301.2254372987747;206.02978947499682
36.2;-114.8;301.2254372987747;206.02978947499682
205.16;-114.6;301.2254372987747;206.02978947499682
392.04;-115.7143;301.2254372987747;206.02978947499682
468.85;-115.7429;301.2254372987747;206.02978947499682
18.29;-115.0571;301.2254372987747;206.02978947499682
133.49;-116.4;301.2254372987747;206.02978947499682
235.89;-116.6;301.2254372987747;206.02978947499682
271.73;-117.0286;301.2254372987747;206.02978947499682
292.21;-116.5429;301.2254372987747;206.02978947499682
361.33;-115.8286;301.2254372987747;206.02978947499682
573.82;-117.9429;301.2254372987747;206.02978947499682
13.18;-117.4571;301.2254372987747;206.02978947499682
110.46;-118.1429;301.2254372987747;206.02978947499682
235.9;-119.5143;301.2254372987747;206.02978947499682
325.5;-118.6286;301.2254372987747;206.02978947499682
489.34;-117.7429;301.2254372987747;206.02978947499682
599.43;-119.4;301.2254372987747;206.02978947499682
102.79;-120.3714;301.2254372987747;206.02978947499682
241.03;-119.7143;301.2254372987747;206.02978947499682
241.03;-120.3714;301.2254372987747;206.02978947499682
328.07;-119.6286;301.2254372987747;206.02978947499682
486.79;-121.3143;301.2254372987747;206.02978947499682
576.4;-119.2857;301.2254372987747;206.02978947499682
97.68;-121.2857;301.2254372987747;206.02978947499682
358.8;-121.1714;301.2254372987747;206.02978947499682
430.48;-121.3714;301.2254372987747;206.02978947499682
548.24;-119.9714;301.2254372987747;206.02978947499682
650.64;-120.6;301.2254372987747;206.02978947499682
627.61;-122.8857;301.2254372987747;206.02978947499682
143.77;-123.1143;301.2254372987747;206.02978947499682
146.33;-123.1143;301.2254372987747;206.02978947499682
220.57;-122.3714;301.2254372987747;206.02978947499682
317.85;-123.3143;301.2254372987747;206.02978947499682
558.5;-123.1429;301.2254372987747;206.02978947499682
2.97;-123.8;301.2254372987747;206.02978947499682
573.86;-124.4;301.2254372987747;206.02978947499682
95.14;-123.6571;301.2254372987747;206.02978947499682
215.46;-123.1714;301.2254372987747;206.02978947499682
338.34;-123.2571;301.2254372987747;206.02978947499682
479.14;-122.8571;301.2254372987747;206.02978947499682
512.42;-124.0;301.2254372987747;206.02978947499682
538.02;-123.2571;301.2254372987747;206.02978947499682
635.3;-125.3714;301.2254372987747;206.02978947499682
632.75;-125.6857;301.2254372987747;206.02978947499682
136.11;-124.6571;301.2254372987747;206.02978947499682
253.87;-125.6286;301.2254372987747;206.02978947499682
233.39;-125.6;301.2254372987747;206.02978947499682
484.27;-125.9143;301.2254372987747;206.02978947499682
599.47;-125.5429;301.2254372987747;206.02978947499682
617.4;-126.0571;301.2254372987747;206.02978947499682
113.08;-124.3714;301.2254372987747;206.02978947499682
243.64;-126.8571;301.2254372987747;206.02978947499682
356.28;-126.9714;301.2254372987747;206.02978947499682
468.92;-126.9143;301.2254372987747;206.02978947499682
602.04;-124.7429;301.2254372987747;206.02978947499682
625.09;-128.3714;301.2254372987747;206.02978947499682
174.53;-128.3429;301.2254372987747;206.02978947499682
192.45;-129.5143;301.2254372987747;206.02978947499682
169.41;-128.9143;301.2254372987747;206.02978947499682
384.45;-128.3429;301.2254372987747;206.02978947499682
484.29;-126.6571;301.2254372987747;206.02978947499682
494.53;-127.7143;301.2254372987747;206.02978947499682
481.74;-128.2286;301.2254372987747;206.02978947499682
8.14;-129.2857;301.2254372987747;206.02978947499682
20.94;-129.9143;301.2254372987747;206.02978947499682
72.14;-129.8286;301.2254372987747;206.02978947499682
148.94;-129.7714;301.2254372987747;206.02978947499682
305.1;-128.5429;301.2254372987747;206.02978947499682
586.7;-129.3714;301.2254372987747;206.02978947499682
550.86;-130.4;301.2254372987747;206.02978947499682
468.94;-130.3429;301.2254372987747;206.02978947499682
369.1;-129.7429;301.2254372987747;206.02978947499682
476.62;-130.2286;301.2254372987747;206.02978947499682
586.71;-130.2286;301.2254372987747;206.02978947499682
28.63;-130.4571;301.2254372987747;206.02978947499682
69.59;-130.8571;301.2254372987747;206.02978947499682
177.11;-130.9143;301.2254372987747;206.02978947499682
235.99;-131.4;301.2254372987747;206.02978947499682
363.99;-131.6571;301.2254372987747;206.02978947499682
489.43;-131.1429;301.2254372987747;206.02978947499682
584.16;-131.2571;301.2254372987747;206.02978947499682
33.76;-132.7429;301.2254372987747;206.02978947499682
110.56;-132.5143;301.2254372987747;206.02978947499682
118.24;-132.4286;301.2254372987747;206.02978947499682
174.56;-132.7429;301.2254372987747;206.02978947499682
269.28;-132.9143;301.2254372987747;206.02978947499682
351.2;-132.5143;301.2254372987747;206.02978947499682
371.68;-133.7714;301.2254372987747;206.02978947499682
456.16;-133.5714;301.2254372987747;206.02978947499682
548.32;-134.2286;301.2254372987747;206.02978947499682
612.33;-134.5143;301.2254372987747;206.02978947499682
67.05;-133.9429;301.2254372987747;206.02978947499682
241.13;-134.2;301.2254372987747;206.02978947499682
18.41;-134.9143;301.2254372987747;206.02978947499682
36.33;-134.0286;301.2254372987747;206.02978947499682
87.53;-134.1429;301.2254372987747;206.02978947499682
287.21;-135.2;301.2254372987747;206.02978947499682
366.57;-134.3143;301.2254372987747;206.02978947499682
346.09;-136.0571;301.2254372987747;206.02978947499682
387.05;-135.1143;301.2254372987747;206.02978947499682
509.93;-135.5143;301.2254372987747;206.02978947499682
530.41;-135.0571;301.2254372987747;206.02978947499682
466.41;-134.3143;301.2254372987747;206.02978947499682
553.45;-135.1714;301.2254372987747;206.02978947499682
604.66;-136.0;301.2254372987747;206.02978947499682
69.62;-136.4857;301.2254372987747;206.02978947499682
228.34;-136.6;301.2254372987747;206.02978947499682
297.46;-136.2286;301.2254372987747;206.02978947499682
284.66;-136.6857;301.2254372987747;206.02978947499682
282.1;-137.0286;301.2254372987747;206.02978947499682
243.7;-137.2571;301.2254372987747;206.02978947499682
438.26;-137.2286;301.2254372987747;206.02978947499682
515.06;-137.5714;301.2254372987747;206.02978947499682
637.95;-137.6571;301.2254372987747;206.02978947499682
38.91;-137.6;301.2254372987747;206.02978947499682
36.35;-138.3143;301.2254372987747;206.02978947499682
61.95;-138.9714;301.2254372987747;206.02978947499682
197.63;-137.7714;301.2254372987747;206.02978947499682
164.35;-139.2857;301.2254372987747;206.02978947499682
269.31;-138.4571;301.2254372987747;206.02978947499682
451.07;-139.0286;301.2254372987747;206.02978947499682
317.95;-138.2571;301.2254372987747;206.02978947499682
466.43;-138.8286;301.2254372987747;206.02978947499682
540.67;-138.0857;301.2254372987747;206.02978947499682
438.27;-139.5714;301.2254372987747;206.02978947499682
205.31;-138.9143;301.2254372987747;206.02978947499682
558.6;-140.4857;301.2254372987747;206.02978947499682
97.8;-140.5143;301.2254372987747;206.02978947499682
215.56;-140.9429;301.2254372987747;206.02978947499682
197.64;-140.8286;301.2254372987747;206.02978947499682
51.72;-140.6286;301.2254372987747;206.02978947499682
21.0;-140.8857;301.2254372987747;206.02978947499682
97.8;-141.5429;301.2254372987747;206.02978947499682
300.04;-141.5429;301.2254372987747;206.02978947499682
379.4;-140.7143;301.2254372987747;206.02978947499682
543.24;-141.0571;301.2254372987747;206.02978947499682
589.32;-141.9714;301.2254372987747;206.02978947499682
440.84;-139.2571;301.2254372987747;206.02978947499682
371.72;-141.2286;301.2254372987747;206.02978947499682
576.52;-140.5714;301.2254372987747;206.02978947499682
635.41;-142.6286;301.2254372987747;206.02978947499682
213.01;-143.2286;301.2254372987747;206.02978947499682
320.53;-141.0286;301.2254372987747;206.02978947499682
164.37;-142.0286;301.2254372987747;206.02978947499682
95.25;-141.7714;301.2254372987747;206.02978947499682
87.57;-142.5714;301.2254372987747;206.02978947499682
271.89;-142.2571;301.2254372987747;206.02978947499682
271.89;-141.1143;301.2254372987747;206.02978947499682
461.33;-141.0286;301.2254372987747;206.02978947499682
527.89;-140.6571;301.2254372987747;206.02978947499682
481.81;-139.5714;301.2254372987747;206.02978947499682
497.17;-138.1714;301.2254372987747;206.02978947499682
635.42;-139.5429;301.2254372987747;206.02978947499682
105.5;-137.2857;301.2254372987747;206.02978947499682
18.46;-138.2571;301.2254372987747;206.02978947499682
143.9;-138.0857;301.2254372987747;206.02978947499682
174.62;-138.3429;301.2254372987747;206.02978947499682
225.82;-137.8857;301.2254372987747;206.02978947499682
381.98;-137.9143;301.2254372987747;206.02978947499682
471.58;-137.2857;301.2254372987747;206.02978947499682
499.75;-137.3143;301.2254372987747;206.02978947499682
13.34;-137.4286;301.2254372987747;206.02978947499682
474.14;-136.9429;301.2254372987747;206.02978947499682
356.38;-136.0;301.2254372987747;206.02978947499682
573.98;-135.3429;301.2254372987747;206.02978947499682
620.06;-134.0;301.2254372987747;206.02978947499682
535.58;-134.0571;301.2254372987747;206.02978947499682
609.82;-134.2571;301.2254372987747;206.02978947499682
609.83;-132.9429;301.2254372987747;206.02978947499682
10.79;-133.7429;301.2254372987747;206.02978947499682
197.67;-132.8571;301.2254372987747;206.02978947499682
230.95;-133.1714;301.2254372987747;206.02978947499682
113.19;-132.7143;301.2254372987747;206.02978947499682
220.71;-133.5714;301.2254372987747;206.02978947499682
335.91;-132.8286;301.2254372987747;206.02978947499682
469.03;-130.6571;301.2254372987747;206.02978947499682
563.75;-131.7143;301.2254372987747;206.02978947499682
571.43;-130.9429;301.2254372987747;206.02978947499682
527.91;-131.7714;301.2254372987747;206.02978947499682
484.39;-130.7714;301.2254372987747;206.02978947499682
502.32;-131.7714;301.2254372987747;206.02978947499682
5.68;-129.8857;301.2254372987747;206.02978947499682
108.08;-130.3429;301.2254372987747;206.02978947499682
284.72;-130.7143;301.2254372987747;206.02978947499682
243.76;-130.5143;301.2254372987747;206.02978947499682
274.48;-130.3143;301.2254372987747;206.02978947499682
154.16;-130.8286;301.2254372987747;206.02978947499682
169.52;-128.5429;301.2254372987747;206.02978947499682
328.24;-130.3714;301.2254372987747;206.02978947499682
371.76;-129.0571;301.2254372987747;206.02978947499682
356.4;-128.3429;301.2254372987747;206.02978947499682
325.68;-127.7714;301.2254372987747;206.02978947499682
305.2;-126.8857;301.2254372987747;206.02978947499682
389.68;-126.0857;301.2254372987747;206.02978947499682
497.21;-126.8571;301.2254372987747;206.02978947499682
31.28;-126.6571;301.2254372987747;206.02978947499682
550.97;-125.7429;301.2254372987747;206.02978947499682
108.09;-126.4857;301.2254372987747;206.02978947499682
115.77;-125.7429;301.2254372987747;206.02978947499682
41.53;-123.9143;301.2254372987747;206.02978947499682
190.01;-124.6571;301.2254372987747;206.02978947499682
210.49;-124.7714;301.2254372987747;206.02978947499682
200.25;-125.2;301.2254372987747;206.02978947499682
371.77;-123.8571;301.2254372987747;206.02978947499682
230.97;-123.1429;301.2254372987747;206.02978947499682
184.89;-123.5143;301.2254372987747;206.02978947499682
197.69;-122.6;301.2254372987747;206.02978947499682
550.97;-122.7429;301.2254372987747;206.02978947499682
351.29;-122.7714;301.2254372987747;206.02978947499682
338.49;-122.8571;301.2254372987747;206.02978947499682
305.21;-122.7714;301.2254372987747;206.02978947499682
402.49;-121.3143;301.2254372987747;206.02978947499682
581.69;-120.6286;301.2254372987747;206.02978947499682
394.81;-122.0;301.2254372987747;206.02978947499682
589.38;-121.5429;301.2254372987747;206.02978947499682
15.94;-120.7429;301.2254372987747;206.02978947499682
18.49;-119.7714;301.2254372987747;206.02978947499682
410.17;-119.0286;301.2254372987747;206.02978947499682
318.01;-119.8286;301.2254372987747;206.02978947499682
195.13;-118.9143;301.2254372987747;206.02978947499682
277.05;-117.8571;301.2254372987747;206.02978947499682
259.12;-116.9429;301.2254372987747;206.02978947499682
515.12;-118.4571;301.2254372987747;206.02978947499682
530.48;-118.6857;301.2254372987747;206.02978947499682
282.16;-117.9143;301.2254372987747;206.02978947499682
300.08;-118.3429;301.2254372987747;206.02978947499682
261.68;-117.6857;301.2254372987747;206.02978947499682
200.24;-117.7429;301.2254372987747;206.02978947499682
141.36;-116.8571;301.2254372987747;206.02978947499682
113.19;-116.8286;301.2254372987747;206.02978947499682
648.23;-117.5714;301.2254372987747;206.02978947499682
607.27;-116.9143;301.2254372987747;206.02978947499682
448.55;-116.7714;301.2254372987747;206.02978947499682
399.91;-115.6857;301.2254372987747;206.02978947499682
335.9;-116.1143;301.2254372987747;206.02978947499682
622.62;-116.0857;301.2254372987747;206.02978947499682
620.07;-116.0286;301.2254372987747;206.02978947499682
149.03;-114.5143;301.2254372987747;206.02978947499682
131.11;-112.7429;301.2254372987747;206.02978947499682
23.58;-113.5143;301.2254372987747;206.02978947499682
512.54;-113.8286;301.2254372987747;206.02978947499682
422.94;-114.0;301.2254372987747;206.02978947499682
351.26;-113.8571;301.2254372987747;206.02978947499682
54.3;-113.1714;301.2254372987747;206.02978947499682
38.93;-113.3143;301.2254372987747;206.02978947499682
602.13;-112.4286;301.2254372987747;206.02978947499682
509.97;-112.5714;301.2254372987747;206.02978947499682
292.37;-112.0286;301.2254372987747;206.02978947499682
197.65;-111.9143;301.2254372987747;206.02978947499682
422.93;-111.1429;301.2254372987747;206.02978947499682
292.37;-111.3714;301.2254372987747;206.02978947499682
141.33;-110.9714;301.2254372987747;206.02978947499682
31.24;-110.5429;301.2254372987747;206.02978947499682
568.84;-111.2286;301.2254372987747;206.02978947499682
435.72;-110.9714;301.2254372987747;206.02978947499682
512.52;-110.0;301.2254372987747;206.02978947499682
438.28;-110.8286;301.2254372987747;206.02978947499682
389.64;-110.7143;301.2254372987747;206.02978947499682
269.32;-108.4286;301.2254372987747;206.02978947499682
233.48;-108.5714;301.2254372987747;206.02978947499682
169.48;-108.3143;301.2254372987747;206.02978947499682
8.19;-108.2857;301.2254372987747;206.02978947499682
448.51;-108.3714;301.2254372987747;206.02978947499682
166.91;-107.3429;301.2254372987747;206.02978947499682
212.99;-107.5714;301.2254372987747;206.02978947499682
248.83;-108.0;301.2254372987747;206.02978947499682
253.95;-108.4571;301.2254372987747;206.02978947499682
192.51;-108.5143;301.2254372987747;206.02978947499682
284.67;-107.7143;301.2254372987747;206.02978947499682
38.9;-106.3143;301.2254372987747;206.02978947499682
530.42;-106.5714;301.2254372987747;206.02978947499682
553.47;-106.8857;301.2254372987747;206.02978947499682
5.62;-106.2571;301.2254372987747;206.02978947499682
545.78;-105.9143;301.2254372987747;206.02978947499682
417.78;-105.9714;301.2254372987747;206.02978947499682
246.26;-105.1429;301.2254372987747;206.02978947499682
315.38;-105.7714;301.2254372987747;206.02978947499682
197.62;-104.0857;301.2254372987747;206.02978947499682
115.7;-104.2;301.2254372987747;206.02978947499682
179.7;-103.8571;301.2254372987747;206.02978947499682
72.17;-103.2857;301.2254372987747;206.02978947499682
591.85;-103.7429;301.2254372987747;206.02978947499682
530.41;-103.8286;301.2254372987747;206.02978947499682
300.01;-103.1143;301.2254372987747;206.02978947499682
338.41;-102.2;301.2254372987747;206.02978947499682
302.57;-102.7143;301.2254372987747;206.02978947499682
243.69;-102.5714;301.2254372987747;206.02978947499682
44.0;-103.1143;301.2254372987747;206.02978947499682
599.52;-102.6571;301.2254372987747;206.02978947499682
614.88;-102.5714;301.2254372987747;206.02978947499682
530.4;-102.2;301.2254372987747;206.02978947499682
532.96;-101.6;301.2254372987747;206.02978947499682
440.8;-101.5429;301.2254372987747;206.02978947499682
399.84;-101.4571;301.2254372987747;206.02978947499682
212.96;-103.4286;301.2254372987747;206.02978947499682
23.52;-102.6857;301.2254372987747;206.02978947499682
164.32;-101.0857;301.2254372987747;206.02978947499682
5.59;-100.4286;301.2254372987747;206.02978947499682
596.95;-100.5714;301.2254372987747;206.02978947499682
558.55;-101.1143;301.2254372987747;206.02978947499682
545.75;-100.2286;301.2254372987747;206.02978947499682
507.35;-99.5714;301.2254372987747;206.02978947499682
394.71;-100.1143;301.2254372987747;206.02978947499682
340.95;-99.3143;301.2254372987747;206.02978947499682
333.27;-99.7429;301.2254372987747;206.02978947499682
366.55;-99.8;301.2254372987747;206.02978947499682
381.91;-100.0857;301.2254372987747;206.02978947499682
241.11;-97.5429;301.2254372987747;206.02978947499682
15.82;-98.4;301.2254372987747;206.02978947499682
420.3;-98.0571;301.2254372987747;206.02978947499682
358.86;-98.3429;301.2254372987747;206.02978947499682
305.1;-99.0857;301.2254372987747;206.02978947499682
443.34;-98.5143;301.2254372987747;206.02978947499682
433.1;-97.7143;301.2254372987747;206.02978947499682
297.42;-96.9429;301.2254372987747;206.02978947499682
292.3;-97.8571;301.2254372987747;206.02978947499682
154.05;-97.1714;301.2254372987747;206.02978947499682
650.7;-96.7429;301.2254372987747;206.02978947499682
15.81;-96.8571;301.2254372987747;206.02978947499682
596.93;-96.8286;301.2254372987747;206.02978947499682
555.97;-96.5714;301.2254372987747;206.02978947499682
407.49;-96.6;301.2254372987747;206.02978947499682
259.01;-95.5143;301.2254372987747;206.02978947499682
279.49;-95.1143;301.2254372987747;206.02978947499682
330.69;-95.8857;301.2254372987747;206.02978947499682
200.13;-95.7714;301.2254372987747;206.02978947499682
113.09;-95.3429;301.2254372987747;206.02978947499682
182.21;-94.4571;301.2254372987747;206.02978947499682
61.88;-94.7143;301.2254372987747;206.02978947499682
596.92;-93.7143;301.2254372987747;206.02978947499682
553.4;-95.2286;301.2254372987747;206.02978947499682
494.52;-94.6;301.2254372987747;206.02978947499682
456.12;-94.2571;301.2254372987747;206.02978947499682
310.2;-93.8286;301.2254372987747;206.02978947499682
264.12;-93.9143;301.2254372987747;206.02978947499682
323.0;-93.5429;301.2254372987747;206.02978947499682
202.68;-93.0;301.2254372987747;206.02978947499682
84.92;-92.3714;301.2254372987747;206.02978947499682
20.92;-92.8;301.2254372987747;206.02978947499682
5.55;-93.1143;301.2254372987747;206.02978947499682
591.79;-92.4857;301.2254372987747;206.02978947499682
566.19;-92.2571;301.2254372987747;206.02978947499682
461.23;-91.5143;301.2254372987747;206.02978947499682
346.03;-91.8857;301.2254372987747;206.02978947499682
276.91;-91.5143;301.2254372987747;206.02978947499682
235.95;-90.8286;301.2254372987747;206.02978947499682
182.19;-90.7429;301.2254372987747;206.02978947499682
107.95;-90.2571;301.2254372987747;206.02978947499682
10.66;-90.2;301.2254372987747;206.02978947499682
484.26;-90.3714;301.2254372987747;206.02978947499682
420.26;-90.3429;301.2254372987747;206.02978947499682
456.1;-90.6;301.2254372987747;206.02978947499682
363.94;-90.6286;301.2254372987747;206.02978947499682
317.86;-89.5143;301.2254372987747;206.02978947499682
297.38;-89.8857;301.2254372987747;206.02978947499682
223.13;-89.9714;301.2254372987747;206.02978947499682
630.18;-89.7143;301.2254372987747;206.02978947499682
15.78;-89.4286;301.2254372987747;206.02978947499682
74.65;-88.5429;301.2254372987747;206.02978947499682
553.37;-88.6857;301.2254372987747;206.02978947499682
561.05;-88.2571;301.2254372987747;206.02978947499682
435.61;-88.8286;301.2254372987747;206.02978947499682
435.61;-88.3143;301.2254372987747;206.02978947499682
374.17;-88.4857;301.2254372987747;206.02978947499682
381.85;-88.2286;301.2254372987747;206.02978947499682
340.89;-87.6;301.2254372987747;206.02978947499682
210.33;-88.3429;301.2254372987747;206.02978947499682
251.29;-87.3143;301.2254372987747;206.02978947499682
102.81;-87.3714;301.2254372987747;206.02978947499682
82.32;-87.3429;301.2254372987747;206.02978947499682
625.04;-87.4286;301.2254372987747;206.02978947499682
578.97;-87.7143;301.2254372987747;206.02978947499682
38.81;-86.8571;301.2254372987747;206.02978947499682
33.68;-86.8;301.2254372987747;206.02978947499682
581.52;-86.3714;301.2254372987747;206.02978947499682
619.92;-86.1714;301.2254372987747;206.02978947499682
607.12;-86.4;301.2254372987747;206.02978947499682
494.48;-86.0857;301.2254372987747;206.02978947499682
241.04;-86.0857;301.2254372987747;206.02978947499682
148.88;-86.6;301.2254372987747;206.02978947499682
95.12;-85.9143;301.2254372987747;206.02978947499682
133.52;-85.5143;301.2254372987747;206.02978947499682
243.6;-85.4571;301.2254372987747;206.02978947499682
148.88;-85.2;301.2254372987747;206.02978947499682
13.19;-84.3429;301.2254372987747;206.02978947499682
535.43;-84.5714;301.2254372987747;206.02978947499682
586.64;-84.8857;301.2254372987747;206.02978947499682
31.11;-84.9429;301.2254372987747;206.02978947499682
555.91;-85.6857;301.2254372987747;206.02978947499682
415.11;-84.8571;301.2254372987747;206.02978947499682
343.43;-84.3714;301.2254372987747;206.02978947499682
294.79;-84.4571;301.2254372987747;206.02978947499682
258.95;-83.7429;301.2254372987747;206.02978947499682
217.99;-83.4571;301.2254372987747;206.02978947499682
107.9;-83.6857;301.2254372987747;206.02978947499682
612.22;-83.7143;301.2254372987747;206.02978947499682
604.54;-83.8;301.2254372987747;206.02978947499682
650.62;-83.3714;301.2254372987747;206.02978947499682
530.3;-83.5143;301.2254372987747;206.02978947499682
445.82;-83.2857;301.2254372987747;206.02978947499682
358.78;-83.1143;301.2254372987747;206.02978947499682
289.66;-83.1714;301.2254372987747;206.02978947499682
305.02;-82.5714;301.2254372987747;206.02978947499682
258.94;-82.2571;301.2254372987747;206.02978947499682
184.7;-81.8571;301.2254372987747;206.02978947499682
141.18;-82.0;301.2254372987747;206.02978947499682
49.01;-82.0857;301.2254372987747;206.02978947499682
622.45;-82.3714;301.2254372987747;206.02978947499682
586.61;-82.0;301.2254372987747;206.02978947499682
625.01;-81.7143;301.2254372987747;206.02978947499682
578.93;-81.1714;301.2254372987747;206.02978947499682
545.65;-80.9429;301.2254372987747;206.02978947499682
458.61;-80.4286;301.2254372987747;206.02978947499682
394.61;-80.8286;301.2254372987747;206.02978947499682
448.37;-80.0286;301.2254372987747;206.02978947499682
415.09;-80.4857;301.2254372987747;206.02978947499682
381.81;-81.0571;301.2254372987747;206.02978947499682
322.93;-80.8;301.2254372987747;206.02978947499682
279.41;-80.6286;301.2254372987747;206.02978947499682
146.28;-79.8286;301.2254372987747;206.02978947499682
653.16;-78.7429;301.2254372987747;206.02978947499682
635.24;-79.8286;301.2254372987747;206.02978947499682
650.61;-80.3143;301.2254372987747;206.02978947499682
105.33;-80.1714;301.2254372987747;206.02978947499682
15.72;-79.0571;301.2254372987747;206.02978947499682
568.68;-78.7714;301.2254372987747;206.02978947499682
545.64;-77.8286;301.2254372987747;206.02978947499682
489.32;-78.4286;301.2254372987747;206.02978947499682
353.64;-78.7429;301.2254372987747;206.02978947499682
320.36;-78.5714;301.2254372987747;206.02978947499682
243.56;-78.2;301.2254372987747;206.02978947499682
130.91;-78.0286;301.2254372987747;206.02978947499682
640.35;-78.5143;301.2254372987747;206.02978947499682
612.19;-78.2857;301.2254372987747;206.02978947499682
604.51;-78.2857;301.2254372987747;206.02978947499682
640.35;-77.4571;301.2254372987747;206.02978947499682
648.04;-77.4286;301.2254372987747;206.02978947499682
38.75;-77.5714;301.2254372987747;206.02978947499682
558.43;-77.9429;301.2254372987747;206.02978947499682
422.75;-77.4286;301.2254372987747;206.02978947499682
384.35;-76.0857;301.2254372987747;206.02978947499682
299.87;-76.1429;301.2254372987747;206.02978947499682
368.99;-76.7714;301.2254372987747;206.02978947499682
279.39;-76.2286;301.2254372987747;206.02978947499682
253.79;-76.2;301.2254372987747;206.02978947499682
146.27;-75.5714;301.2254372987747;206.02978947499682
115.55;-75.4571;301.2254372987747;206.02978947499682
95.07;-75.6571;301.2254372987747;206.02978947499682
87.39;-75.4;301.2254372987747;206.02978947499682
10.59;-75.5429;301.2254372987747;206.02978947499682
5.46;-76.0571;301.2254372987747;206.02978947499682
632.66;-75.2;301.2254372987747;206.02978947499682
627.54;-74.8;301.2254372987747;206.02978947499682
499.54;-74.1429;301.2254372987747;206.02978947499682
479.06;-74.1714;301.2254372987747;206.02978947499682
363.86;-73.4286;301.2254372987747;206.02978947499682
302.42;-73.5714;301.2254372987747;206.02978947499682
179.54;-73.2571;301.2254372987747;206.02978947499682
189.78;-73.2;301.2254372987747;206.02978947499682
215.38;-73.6286;301.2254372987747;206.02978947499682
194.9;-74.1714;301.2254372987747;206.02978947499682
118.1;-73.5714;301.2254372987747;206.02978947499682
89.94;-73.2;301.2254372987747;206.02978947499682
82.25;-73.2286;301.2254372987747;206.02978947499682
635.22;-73.2571;301.2254372987747;206.02978947499682
33.61;-72.8571;301.2254372987747;206.02978947499682
612.17;-72.6286;301.2254372987747;206.02978947499682
512.33;-72.2857;301.2254372987747;206.02978947499682
484.17;-71.5429;301.2254372987747;206.02978947499682
440.65;-72.1714;301.2254372987747;206.02978947499682
425.29;-71.8286;301.2254372987747;206.02978947499682
368.97;-71.6857;301.2254372987747;206.02978947499682
335.69;-72.1143;301.2254372987747;206.02978947499682
335.69;-71.5143;301.2254372987747;206.02978947499682
248.65;-71.1714;301.2254372987747;206.02978947499682
228.17;-71.3143;301.2254372987747;206.02978947499682
123.21;-71.0857;301.2254372987747;206.02978947499682
38.73;-70.5714;301.2254372987747;206.02978947499682
20.8;-70.5143;301.2254372987747;206.02978947499682
624.96;-70.6857;301.2254372987747;206.02978947499682
599.36;-70.4857;301.2254372987747;206.02978947499682
635.2;-70.0857;301.2254372987747;206.02978947499682
586.56;-69.9714;301.2254372987747;206.02978947499682
494.4;-70.6857;301.2254372987747;206.02978947499682
494.4;-69.8;301.2254372987747;206.02978947499682
297.28;-69.8286;301.2254372987747;206.02978947499682
340.8;-69.9429;301.2254372987747;206.02978947499682
397.12;-69.7714;301.2254372987747;206.02978947499682
317.76;-69.1429;301.2254372987747;206.02978947499682
238.4;-69.5143;301.2254372987747;206.02978947499682
215.36;-69.6571;301.2254372987747;206.02978947499682
102.72;-68.7429;301.2254372987747;206.02978947499682
31.04;-68.6857;301.2254372987747;206.02978947499682
92.48;-68.9143;301.2254372987747;206.02978947499682
79.67;-68.5143;301.2254372987747;206.02978947499682
601.91;-68.2857;301.2254372987747;206.02978947499682
532.79;-68.6;301.2254372987747;206.02978947499682
481.59;-68.3429;301.2254372987747;206.02978947499682
489.27;-68.0;301.2254372987747;206.02978947499682
471.35;-67.8;301.2254372987747;206.02978947499682
519.99;-68.0;301.2254372987747;206.02978947499682
461.11;-67.3429;301.2254372987747;206.02978947499682
420.15;-67.5143;301.2254372987747;206.02978947499682
435.51;-67.9429;301.2254372987747;206.02978947499682
404.79;-68.2286;301.2254372987747;206.02978947499682
381.75;-67.2;301.2254372987747;206.02978947499682
299.83;-67.6857;301.2254372987747;206.02978947499682
251.19;-67.8857;301.2254372987747;206.02978947499682
169.27;-67.0;301.2254372987747;206.02978947499682
133.43;-66.9714;301.2254372987747;206.02978947499682
138.55;-67.0571;301.2254372987747;206.02978947499682
38.71;-66.7143;301.2254372987747;206.02978947499682
51.51;-66.5714;301.2254372987747;206.02978947499682
46.38;-66.2857;301.2254372987747;206.02978947499682
607.02;-65.9714;301.2254372987747;206.02978947499682
591.66;-65.8286;301.2254372987747;206.02978947499682
566.06;-66.1429;301.2254372987747;206.02978947499682
535.34;-66.2571;301.2254372987747;206.02978947499682
486.7;-66.0;301.2254372987747;206.02978947499682
491.82;-65.9714;301.2254372987747;206.02978947499682
394.54;-65.7143;301.2254372987747;206.02978947499682
292.14;-65.5714;301.2254372987747;206.02978947499682
179.5;-65.5143;301.2254372987747;206.02978947499682
87.34;-65.1143;301.2254372987747;206.02978947499682
100.14;-64.6857;301.2254372987747;206.02978947499682
71.98;-64.7714;301.2254372987747;206.02978947499682
54.06;-64.9429;301.2254372987747;206.02978947499682
28.45;-64.6857;301.2254372987747;206.02978947499682
650.53;-64.6571;301.2254372987747;206.02978947499682
612.13;-64.7714;301.2254372987747;206.02978947499682
550.69;-64.3714;301.2254372987747;206.02978947499682
571.17;-64.4;301.2254372987747;206.02978947499682
530.21;-64.2286;301.2254372987747;206.02978947499682
484.13;-63.7714;301.2254372987747;206.02978947499682
427.81;-63.7714;301.2254372987747;206.02978947499682
348.45;-63.7714;301.2254372987747;206.02978947499682
389.41;-63.1429;301.2254372987747;206.02978947499682
366.37;-63.0286;301.2254372987747;206.02978947499682
351.01;-63.4857;301.2254372987747;206.02978947499682
317.73;-63.1429;301.2254372987747;206.02978947499682
258.85;-63.3714;301.2254372987747;206.02978947499682
220.45;-63.3714;301.2254372987747;206.02978947499682
135.97;-63.4;301.2254372987747;206.02978947499682
156.45;-63.4857;301.2254372987747;206.02978947499682
192.29;-63.0;301.2254372987747;206.02978947499682
146.21;-62.6;301.2254372987747;206.02978947499682
69.41;-62.5143;301.2254372987747;206.02978947499682
15.64;-62.3429;301.2254372987747;206.02978947499682
637.72;-62.1143;301.2254372987747;206.02978947499682
604.44;-62.1714;301.2254372987747;206.02978947499682
589.08;-62.1143;301.2254372987747;206.02978947499682
527.64;-62.2;301.2254372987747;206.02978947499682
479.0;-62.2;301.2254372987747;206.02978947499682
438.04;-62.0;301.2254372987747;206.02978947499682
409.88;-62.1429;301.2254372987747;206.02978947499682
325.4;-62.1143;301.2254372987747;206.02978947499682
289.56;-61.6286;301.2254372987747;206.02978947499682
281.88;-61.4571;301.2254372987747;206.02978947499682
256.28;-61.8;301.2254372987747;206.02978947499682
253.72;-61.4286;301.2254372987747;206.02978947499682
212.76;-61.5429;301.2254372987747;206.02978947499682
156.44;-61.0286;301.2254372987747;206.02978947499682
71.96;-60.7429;301.2254372987747;206.02978947499682
33.55;-60.7143;301.2254372987747;206.02978947499682
645.39;-60.4857;301.2254372987747;206.02978947499682
589.07;-60.6857;301.2254372987747;206.02978947499682
542.99;-60.6286;301.2254372987747;206.02978947499682
468.75;-60.2857;301.2254372987747;206.02978947499682
550.67;-60.2;301.2254372987747;206.02978947499682
476.43;-60.2286;301.2254372987747;206.02978947499682
438.03;-60.0286;301.2254372987747;206.02978947499682
394.51;-59.8;301.2254372987747;206.02978947499682
402.19;-59.7714;301.2254372987747;206.02978947499682
394.51;-59.2286;301.2254372987747;206.02978947499682
368.91;-59.5143;301.2254372987747;206.02978947499682
368.91;-59.4286;301.2254372987747;206.02978947499682
310.03;-59.6857;301.2254372987747;206.02978947499682
289.55;-59.7714;301.2254372987747;206.02978947499682
284.43;-59.1143;301.2254372987747;206.02978947499682
217.87;-59.5429;301.2254372987747;206.02978947499682
164.11;-59.4571;301.2254372987747;206.02978947499682
115.47;-59.0571;301.2254372987747;206.02978947499682
28.43;-58.9143;301.2254372987747;206.02978947499682
18.18;-58.4;301.2254372987747;206.02978947499682
622.34;-58.1714;301.2254372987747;206.02978947499682
581.38;-58.1714;301.2254372987747;206.02978947499682
586.5;-58.2571;301.2254372987747;206.02978947499682
591.62;-58.4286;301.2254372987747;206.02978947499682
599.3;-58.3143;301.2254372987747;206.02978947499682
504.58;-58.5714;301.2254372987747;206.02978947499682
420.1;-58.0857;301.2254372987747;206.02978947499682
430.34;-57.4286;301.2254372987747;206.02978947499682
381.7;-57.7714;301.2254372987747;206.02978947499682
363.78;-57.4571;301.2254372987747;206.02978947499682
302.34;-57.5429;301.2254372987747;206.02978947499682
215.3;-57.6571;301.2254372987747;206.02978947499682
205.06;-57.0286;301.2254372987747;206.02978947499682
158.98;-57.2;301.2254372987747;206.02978947499682
182.02;-56.7714;301.2254372987747;206.02978947499682
146.18;-56.6857;301.2254372987747;206.02978947499682
192.26;-56.5429;301.2254372987747;206.02978947499682
146.18;-56.6286;301.2254372987747;206.02978947499682
56.58;-56.6571;301.2254372987747;206.02978947499682
28.41;-56.2;301.2254372987747;206.02978947499682
642.81;-56.4;301.2254372987747;206.02978947499682
645.37;-56.0571;301.2254372987747;206.02978947499682
635.13;-56.1143;301.2254372987747;206.02978947499682
594.17;-56.4;301.2254372987747;206.02978947499682
517.37;-56.0571;301.2254372987747;206.02978947499682
481.53;-56.0286;301.2254372987747;206.02978947499682
484.09;-55.4857;301.2254372987747;206.02978947499682
502.01;-55.5714;301.2254372987747;206.02978947499682
417.53;-55.4571;301.2254372987747;206.02978947499682
402.17;-55.4571;301.2254372987747;206.02978947499682
376.57;-55.6571;301.2254372987747;206.02978947499682
327.93;-55.2;301.2254372987747;206.02978947499682
304.89;-55.4286;301.2254372987747;206.02978947499682
274.17;-55.0571;301.2254372987747;206.02978947499682
233.21;-54.9429;301.2254372987747;206.02978947499682
225.53;-55.2;301.2254372987747;206.02978947499682
158.97;-54.7429;301.2254372987747;206.02978947499682
120.57;-55.1714;301.2254372987747;206.02978947499682
115.45;-54.6;301.2254372987747;206.02978947499682
84.73;-54.6;301.2254372987747;206.02978947499682
77.05;-54.5143;301.2254372987747;206.02978947499682
38.64;-54.3714;301.2254372987747;206.02978947499682
617.2;-54.3143;301.2254372987747;206.02978947499682
563.44;-53.7143;301.2254372987747;206.02978947499682
548.08;-53.8286;301.2254372987747;206.02978947499682
514.8;-53.7143;301.2254372987747;206.02978947499682
509.68;-53.9143;301.2254372987747;206.02978947499682
509.68;-53.6857;301.2254372987747;206.02978947499682
422.64;-53.2;301.2254372987747;206.02978947499682
435.44;-53.5143;301.2254372987747;206.02978947499682
417.52;-53.1714;301.2254372987747;206.02978947499682
348.4;-53.4;301.2254372987747;206.02978947499682
376.56;-52.9714;301.2254372987747;206.02978947499682
340.72;-53.5143;301.2254372987747;206.02978947499682
322.8;-53.1143;301.2254372987747;206.02978947499682
343.28;-53.0286;301.2254372987747;206.02978947499682
266.48;-52.8286;301.2254372987747;206.02978947499682
220.4;-52.6;301.2254372987747;206.02978947499682
205.04;-52.8286;301.2254372987747;206.02978947499682
151.28;-52.5429;301.2254372987747;206.02978947499682
123.12;-52.5143;301.2254372987747;206.02978947499682
56.56;-52.3714;301.2254372987747;206.02978947499682
51.44;-52.1143;301.2254372987747;206.02978947499682
79.6;-52.0286;301.2254372987747;206.02978947499682
30.95;-52.0286;301.2254372987747;206.02978947499682
601.83;-51.9714;301.2254372987747;206.02978947499682
583.91;-51.6571;301.2254372987747;206.02978947499682
622.31;-51.6571;301.2254372987747;206.02978947499682
578.79;-51.4;301.2254372987747;206.02978947499682
519.91;-51.2;301.2254372987747;206.02978947499682
450.79;-51.1429;301.2254372987747;206.02978947499682
427.75;-51.3714;301.2254372987747;206.02978947499682
422.63;-51.3714;301.2254372987747;206.02978947499682
437.99;-51.3143;301.2254372987747;206.02978947499682
407.27;-51.0286;301.2254372987747;206.02978947499682
353.51;-50.9429;301.2254372987747;206.02978947499682
317.67;-50.8286;301.2254372987747;206.02978947499682
276.71;-50.9714;301.2254372987747;206.02978947499682
243.43;-50.5714;301.2254372987747;206.02978947499682
230.63;-50.4857;301.2254372987747;206.02978947499682
181.99;-50.5429;301.2254372987747;206.02978947499682
189.67;-50.3429;301.2254372987747;206.02978947499682
179.43;-50.0857;301.2254372987747;206.02978947499682
105.19;-49.9714;301.2254372987747;206.02978947499682
51.43;-50.1429;301.2254372987747;206.02978947499682
43.75;-50.0571;301.2254372987747;206.02978947499682
41.18;-50.2571;301.2254372987747;206.02978947499682
629.98;-49.6286;301.2254372987747;206.02978947499682
606.94;-49.6857;301.2254372987747;206.02978947499682
599.26;-49.4;301.2254372987747;206.02978947499682
565.98;-49.5429;301.2254372987747;206.02978947499682
571.1;-49.3143;301.2254372987747;206.02978947499682
496.86;-49.2857;301.2254372987747;206.02978947499682
535.26;-49.0857;301.2254372987747;206.02978947499682
537.82;-49.0;301.2254372987747;206.02978947499682
519.9;-49.0286;301.2254372987747;206.02978947499682
437.98;-49.0571;301.2254372987747;206.02978947499682
397.02;-48.9714;301.2254372987747;206.02978947499682
397.02;-48.8286;301.2254372987747;206.02978947499682
348.38;-48.7429;301.2254372987747;206.02978947499682
325.34;-48.8571;301.2254372987747;206.02978947499682
271.58;-48.7714;301.2254372987747;206.02978947499682
228.06;-48.5714;301.2254372987747;206.02978947499682
184.54;-48.3429;301.2254372987747;206.02978947499682
148.7;-48.1429;301.2254372987747;206.02978947499682
102.62;-48.0571;301.2254372987747;206.02978947499682
64.22;-47.8857;301.2254372987747;206.02978947499682
46.3;-48.1714;301.2254372987747;206.02978947499682
97.5;-47.8571;301.2254372987747;206.02978947499682
64.22;-47.9429;301.2254372987747;206.02978947499682
61.66;-47.6857;301.2254372987747;206.02978947499682
13.02;-47.8;301.2254372987747;206.02978947499682
18.13;-47.5714;301.2254372987747;206.02978947499682
612.05;-47.4;301.2254372987747;206.02978947499682
558.29;-47.0857;301.2254372987747;206.02978947499682
532.69;-47.1143;301.2254372987747;206.02978947499682
494.29;-47.1143;301.2254372987747;206.02978947499682
478.93;-47.2286;301.2254372987747;206.02978947499682
473.81;-46.8857;301.2254372987747;206.02978947499682
437.97;-47.1143;301.2254372987747;206.02978947499682
420.05;-46.7429;301.2254372987747;206.02978947499682
363.73;-46.9143;301.2254372987747;206.02978947499682
340.69;-46.7714;301.2254372987747;206.02978947499682
317.65;-46.6286;301.2254372987747;206.02978947499682
312.53;-46.6;301.2254372987747;206.02978947499682
263.89;-46.8286;301.2254372987747;206.02978947499682
243.41;-46.5429;301.2254372987747;206.02978947499682
189.65;-46.4571;301.2254372987747;206.02978947499682
207.57;-46.0571;301.2254372987747;206.02978947499682
176.85;-46.1429;301.2254372987747;206.02978947499682
171.73;-45.9143;301.2254372987747;206.02978947499682
123.09;-45.9429;301.2254372987747;206.02978947499682
112.85;-45.6857;301.2254372987747;206.02978947499682
77.01;-45.8;301.2254372987747;206.02978947499682
36.05;-45.6857;301.2254372987747;206.02978947499682
7.88;-45.6286;301.2254372987747;206.02978947499682
622.28;-45.2857;301.2254372987747;206.02978947499682
601.8;-45.4857;301.2254372987747;206.02978947499682
553.16;-45.2;301.2254372987747;206.02978947499682
530.12;-45.1714;301.2254372987747;206.02978947499682
496.84;-45.1429;301.2254372987747;206.02978947499682
466.12;-45.1714;301.2254372987747;206.02978947499682
466.12;-44.8286;301.2254372987747;206.02978947499682
463.56;-44.8286;301.2254372987747;206.02978947499682
435.4;-44.9143;301.2254372987747;206.02978947499682
404.68;-44.8;301.2254372987747;206.02978947499682
381.64;-44.7714;301.2254372987747;206.02978947499682
333.0;-44.8286;301.2254372987747;206.02978947499682
281.8;-44.6;301.2254372987747;206.02978947499682
263.88;-44.3714;301.2254372987747;206.02978947499682
269.0;-44.2;301.2254372987747;206.02978947499682
220.36;-44.2571;301.2254372987747;206.02978947499682
222.92;-44.0857;301.2254372987747;206.02978947499682
184.52;-43.9714;301.2254372987747;206.02978947499682
151.24;-43.9143;301.2254372987747;206.02978947499682
161.48;-43.7714;301.2254372987747;206.02978947499682
105.16;-43.9143;301.2254372987747;206.02978947499682
97.48;-43.8571;301.2254372987747;206.02978947499682
64.2;-43.7143;301.2254372987747;206.02978947499682
69.32;-43.6571;301.2254372987747;206.02978947499682
0.19;-43.4571;301.2254372987747;206.02978947499682
622.27;-43.2857;301.2254372987747;206.02978947499682
586.43;-43.4857;301.2254372987747;206.02978947499682
568.51;-43.5714;301.2254372987747;206.02978947499682
548.03;-43.2857;301.2254372987747;206.02978947499682
524.99;-43.2;301.2254372987747;206.02978947499682
514.75;-43.0;301.2254372987747;206.02978947499682
537.79;-42.9429;301.2254372987747;206.02978947499682
458.43;-42.7429;301.2254372987747;206.02978947499682
443.07;-42.6571;301.2254372987747;206.02978947499682
417.47;-42.4;301.2254372987747;206.02978947499682
427.71;-42.2286;301.2254372987747;206.02978947499682
404.67;-42.2;301.2254372987747;206.02978947499682
366.27;-42.0286;301.2254372987747;206.02978947499682
348.35;-42.1143;301.2254372987747;206.02978947499682
49.72;-42.1143;301.2254372987747;206.02978947499682
49.58;-42.1143;301.2254372987747;206.02978947499682
49.55;-42.0286;301.2254372987747;206.02978947499682
49.53;-42.0571;301.2254372987747;206.02978947499682
49.4;-41.8;301.2254372987747;206.02978947499682
49.21;-41.8286;301.2254372987747;206.02978947499682
49.24;-41.5714;301.2254372987747;206.02978947499682
49.15;-41.7143;301.2254372987747;206.02978947499682
49.01;-41.6;301.2254372987747;206.02978947499682
48.84;-41.4571;301.2254372987747;206.02978947499682
48.66;-41.4286;301.2254372987747;206.02978947499682
48.61;-41.2571;301.2254372987747;206.02978947499682
48.51;-41.3714;301.2254372987747;206.02978947499682
48.39;-41.1714;301.2254372987747;206.02978947499682
48.43;-41.0286;301.2254372987747;206.02978947499682
48.21;-40.8857;301.2254372987747;206.02978947499682
48.14;-40.8;301.2254372987747;206.02978947499682
48.1;-40.6;301.2254372987747;206.02978947499682
48.05;-40.5429;301.2254372987747;206.02978947499682
48.0;-40.6;301.2254372987747;206.02978947499682
48.04;-40.4286;301.2254372987747;206.02978947499682
47.96;-40.4;301.2254372987747;206.02978947499682
47.73;-40.2857;301.2254372987747;206.02978947499682
47.54;-40.3429;301.2254372987747;206.02978947499682
47.33;-40.1714;301.2254372987747;206.02978947499682
47.28;-40.1714;301.2254372987747;206.02978947499682
47.35;-39.9714;301.2254372987747;206.02978947499682
47.27;-39.8;301.2254372987747;206.02978947499682
47.13;-39.8286;301.2254372987747;206.02978947499682
46.96;-39.6857;301.2254372987747;206.02978947499682
46.9;-39.5429;301.2254372987747;206.02978947499682
46.83;-39.3429;301.2254372987747;206.02978947499682
46.83;-39.4;301.2254372987747;206.02978947499682
46.76;-39.2857;301.2254372987747;206.02978947499682
46.57;-39.2;301.2254372987747;206.02978947499682
46.54;-39.1143;301.2254372987747;206.02978947499682
46.51;-38.7714;301.2254372987747;206.02978947499682
46.4;-39.0;301.2254372987747;206.02978947499682
46.28;-38.9429;301.2254372987747;206.02978947499682
46.34;-38.8857;301.2254372987747;206.02978947499682
46.28;-38.8857;301.2254372987747;206.02978947499682
46.15;-38.6286;301.2254372987747;206.02978947499682
46.02;-38.7143;301.2254372987747;206.02978947499682
45.97;-38.6857;301.2254372987747;206.02978947499682
45.89;-38.6571;301.2254372987747;206.02978947499682
45.79;-38.5714;301.2254372987747;206.02978947499682
45.63;-38.5143;301.2254372987747;206.02978947499682
45.57;-38.5143;301.2254372987747;206.02978947499682
45.56;-38.3714;301.2254372987747;206.02978947499682
45.64;-38.2571;301.2254372987747;206.02978947499682
45.39;-38.0857;301.2254372987747;206.02978947499682
45.32;-38.0857;301.2254372987747;206.02978947499682
45.23;-38.1143;301.2254372987747;206.02978947499682
45.05;-37.9714;301.2254372987747;206.02978947499682
44.96;-37.9429;301.2254372987747;206.02978947499682
44.89;-37.8;301.2254372987747;206.02978947499682
44.86;-37.7143;301.2254372987747;206.02978947499682
44.66;-37.6571;301.2254372987747;206.02978947499682
44.62;-37.6;301.2254372987747;206.02978947499682
44.44;-37.6;301.2254372987747;206.02978947499682
44.44;-37.2857;301.2254372987747;206.02978947499682
44.33;-37.2857;301.2254372987747;206.02978947499682
44.16;-37.1714;301.2254372987747;206.02978947499682
44.11;-36.9429;301.2254372987747;206.02978947499682
44.09;-36.8857;301.2254372987747;206.02978947499682
43.95;-36.8857;301.2254372987747;206.02978947499682
43.85;-36.9714;301.2254372987747;206.02978947499682
43.67;-36.8857;301.2254372987747;206.02978947499682
43.49;-36.8286;301.2254372987747;206.02978947499682
43.6;-36.7429;301.2254372987747;206.02978947499682
43.55;-36.3143;301.2254372987747;206.02978947499682
43.52;-36.4;301.2254372987747;206.02978947499682
43.47;-36.5143;301.2254372987747;206.02978947499682
43.36;-36.5714;301.2254372987747;206.02978947499682
43.21;-36.4857;301.2254372987747;206.02978947499682
43.14;-36.2571;301.2254372987747;206.02978947499682
43.05;-36.2571;301.2254372987747;206.02978947499682
42.78;-36.2;301.2254372987747;206.02978947499682
42.81;-36.0;301.2254372987747;206.02978947499682
42.6;-35.9429;301.2254372987747;206.02978947499682
42.49;-35.7143;301.2254372987747;206.02978947499682
42.51;-35.7429;301.2254372987747;206.02978947499682
42.43;-35.6571;301.2254372987747;206.02978947499682
42.31;-35.4857;301.2254372987747;206.02978947499682
42.18;-35.4857;301.2254372987747;206.02978947499682
42.07;-35.4286;301.2254372987747;206.02978947499682
41.83;-35.2857;301.2254372987747;206.02978947499682
41.84;-35.2571;301.2254372987747;206.02978947499682
41.8;-35.1714;301.2254372987747;206.02978947499682
41.8;-35.1429;301.2254372987747;206.02978947499682
41.82;-35.1714;301.2254372987747;206.02978947499682
41.71;-34.9714;301.2254372987747;206.02978947499682
41.58;-35.0857;301.2254372987747;206.02978947499682
41.46;-34.9143;301.2254372987747;206.02978947499682
41.45;-34.8286;301.2254372987747;206.02978947499682
41.49;-34.8571;301.2254372987747;206.02978947499682
41.32;-34.5714;301.2254372987747;206.02978947499682
41.25;-34.6;301.2254372987747;206.02978947499682
41.34;-34.3429;301.2254372987747;206.02978947499682
41.18;-34.2571;301.2254372987747;206.02978947499682
41.0;-34.2571;301.2254372987747;206.02978947499682
40.82;-34.2571;301.2254372987747;206.02978947499682
40.69;-34.2286;301.2254372987747;206.02978947499682
40.75;-34.2286;301.2254372987747;206.02978947499682
40.68;-33.9429;301.2254372987747;206.02978947499682
40.69;-33.9429;301.2254372987747;206.02978947499682
40.54;-33.8;301.2254372987747;206.02978947499682
40.43;-33.7143;301.2254372987747;206.02978947499682
40.33;-33.7143;301.2254372987747;206.02978947499682
40.29;-33.5714;301.2254372987747;206.02978947499682
40.22;-33.5714;301.2254372987747;206.02978947499682
40.0;-33.4857;301.2254372987747;206.02978947499682
39.98;-33.4857;301.2254372987747;206.02978947499682
39.87;-33.5143;301.2254372987747;206.02978947499682
39.8;-33.3429;301.2254372987747;206.02978947499682
39.87;-33.2286;301.2254372987747;206.02978947499682
39.72;-33.0857;301.2254372987747;206.02978947499682
39.63;-33.0286;301.2254372987747;206.02978947499682
39.48;-33.0857;301.2254372987747;206.02978947499682
39.52;-32.9143;301.2254372987747;206.02978947499682
39.42;-32.8571;301.2254372987747;206.02978947499682
39.28;-32.8;301.2254372987747;206.02978947499682
39.15;-32.6;301.2254372987747;206.02978947499682
39.0;-32.5429;301.2254372987747;206.02978947499682
38.96;-32.3429;301.2254372987747;206.02978947499682
38.98;-32.2286;301.2254372987747;206.02978947499682
38.91;-32.2286;301.2254372987747;206.02978947499682
38.8;-32.2857;301.2254372987747;206.02978947499682
38.64;-32.2;301.2254372987747;206.02978947499682
38.65;-32.2286;301.2254372987747;206.02978947499682
38.55;-32.1429;301.2254372987747;206.02978947499682
38.36;-32.0286;301.2254372987747;206.02978947499682
38.23;-31.9714;301.2254372987747;206.02978947499682
38.16;-32.0;301.2254372987747;206.02978947499682
38.1;-31.8571;301.2254372987747;206.02978947499682
38.03;-31.8571;301.2254372987747;206.02978947499682
38.02;-31.5429;301.2254372987747;206.02978947499682
37.99;-31.5714;301.2254372987747;206.02978947499682
37.93;-31.5143;301.2254372987747;206.02978947499682
37.89;-31.4857;301.2254372987747;206.02978947499682
37.7;-31.4286;301.2254372987747;206.02978947499682
37.52;-31.4857;301.2254372987747;206.02978947499682
37.46;-31.3143;301.2254372987747;206.02978947499682
37.56;-31.3714;301.2254372987747;206.02978947499682
37.62;-31.2857;301.2254372987747;206.02978947499682
37.51;-31.1429;301.2254372987747;206.02978947499682
37.36;-30.8857;301.2254372987747;206.02978947499682
37.32;-30.7429;301.2254372987747;206.02978947499682
37.08;-30.7714;301.2254372987747;206.02978947499682
37.05;-30.8286;301.2254372987747;206.02978947499682
36.94;-30.6857;301.2254372987747;206.02978947499682
36.88;-30.5429;301.2254372987747;206.02978947499682
36.94;-30.6571;301.2254372987747;206.02978947499682
36.86;-30.5143;301.2254372987747;206.02978947499682
36.67;-30.4;301.2254372987747;206.02978947499682
36.54;-30.4;301.2254372987747;206.02978947499682
36.44;-30.3143;301.2254372987747;206.02978947499682
36.4;-30.2857;301.2254372987747;206.02978947499682
36.29;-30.3429;301.2254372987747;206.02978947499682
36.18;-30.1714;301.2254372987747;206.02978947499682
36.09;-30.0286;301.2254372987747;206.02978947499682
36.06;-30.0571;301.2254372987747;206.02978947499682
36.01;-29.9143;301.2254372987747;206.02978947499682
35.91;-29.9143;301.2254372987747;206.02978947499682
35.92;-29.8;301.2254372987747;206.02978947499682
35.9;-29.6857;301.2254372987747;206.02978947499682
35.82;-29.5429;301.2254372987747;206.02978947499682
35.7;-29.6;301.2254372987747;206.02978947499682
35.51;-29.4571;301.2254372987747;206.02978947499682
35.33;-29.3714;301.2254372987747;206.02978947499682
35.37;-29.3143;301.2254372987747;206.02978947499682
35.33;-29.1714;301.2254372987747;206.02978947499682
35.41;-29.1429;301.2254372987747;206.02978947499682
35.22;-29.2;301.2254372987747;206.02978947499682
35.04;-29.1143;301.2254372987747;206.02978947499682
34.98;-28.9143;301.2254372987747;206.02978947499682
34.94;-28.8857;301.2254372987747;206.02978947499682
34.74;-28.8;301.2254372987747;206.02978947499682
34.68;-28.8;301.2254372987747;206.02978947499682
34.66;-28.7429;301.2254372987747;206.02978947499682
34.62;-28.6;301.2254372987747;206.02978947499682
34.55;-28.5143;301.2254372987747;206.02978947499682
34.49;-28.5429;301.2254372987747;206.02978947499682
34.52;-28.3429;301.2254372987747;206.02978947499682
34.54;-28.3429;301.2254372987747;206.02978947499682
34.48;-28.4;301.2254372987747;206.02978947499682
34.33;-28.2;301.2254372987747;206.02978947499682
34.16;-28.1429;301.2254372987747;206.02978947499682
33.99;-28.0286;301.2254372987747;206.02978947499682
33.93;-28.0;301.2254372987747;206.02978947499682
33.85;-28.0286;301.2254372987747;206.02978947499682
33.87;-28.0;301.2254372987747;206.02978947499682
33.77;-28.0571;301.2254372987747;206.02978947499682
33.67;-27.9429;301.2254372987747;206.02978947499682
33.43;-27.8857;301.2254372987747;206.02978947499682
33.34;-27.7714;301.2254372987747;206.02978947499682
33.28;-27.7143;301.2254372987747;206.02978947499682
33.29;-27.6857;301.2254372987747;206.02978947499682
33.23;-27.6;301.2254372987747;206.02978947499682
33.21;-27.5143;301.2254372987747;206.02978947499682
33.2;-27.4857;301.2254372987747;206.02978947499682
33.0;-27.3714;301.2254372987747;206.02978947499682
32.91;-27.2571;301.2254372987747;206.02978947499682
32.87;-27.2286;301.2254372987747;206.02978947499682
32.84;-27.2286;301.2254372987747;206.02978947499682
32.77;-27.1429;301.2254372987747;206.02978947499682
32.69;-26.9714;301.2254372987747;206.02978947499682
32.52;-26.9143;301.2254372987747;206.02978947499682
32.42;-26.9143;301.2254372987747;206.02978947499682
32.32;-26.8;301.2254372987747;206.02978947499682
32.4;-26.8;301.2254372987747;206.02978947499682
32.44;-26.7143;301.2254372987747;206.02978947499682
32.39;-26.6;301.2254372987747;206.02978947499682
32.27;-26.4571;301.2254372987747;206.02978947499682
32.19;-26.5143;301.2254372987747;206.02978947499682
32.07;-26.3714;301.2254372987747;206.02978947499682
31.91;-26.4286;301.2254372987747;206.02978947499682
31.76;-26.3429;301.2254372987747;206.02978947499682
31.85;-26.2286;301.2254372987747;206.02978947499682
31.83;-26.2286;301.2254372987747;206.02978947499682
31.65;-26.0857;301.2254372987747;206.02978947499682
31.49;-25.9429;301.2254372987747;206.02978947499682
31.5;-25.9429;301.2254372987747;206.02978947499682
31.43;-25.8286;301.2254372987747;206.02978947499682
31.42;-25.7429;301.2254372987747;206.02978947499682
31.34;-25.7143;301.2254372987747;206.02978947499682
31.1;-25.7429;301.2254372987747;206.02978947499682
31.04;-25.6857;301.2254372987747;206.02978947499682
31.04;-25.5714;301.2254372987747;206.02978947499682
30.94;-25.4286;301.2254372987747;206.02978947499682
30.95;-25.2857;301.2254372987747;206.02978947499682
30.88;-25.2571;301.2254372987747;206.02978947499682
30.96;-25.2286;301.2254372987747;206.02978947499682
30.92;-25.0571;301.2254372987747;206.02978947499682
30.88;-25.1143;301.2254372987747;206.02978947499682
30.78;-25.0286;301.2254372987747;206.02978947499682
30.74;-24.9714;301.2254372987747;206.02978947499682
30.53;-25.0;301.2254372987747;206.02978947499682
30.32;-24.9714;301.2254372987747;206.02978947499682
30.26;-24.8571;301.2254372987747;206.02978947499682
30.23;-24.6571;301.2254372987747;206.02978947499682
30.14;-24.8;301.2254372987747;206.02978947499682
30.07;-24.7143;301.2254372987747;206.02978947499682
30.08;-24.6286;301.2254372987747;206.02978947499682
29.99;-24.6286;301.2254372987747;206.02978947499682
29.93;-24.6;301.2254372987747;206.02978947499682
29.9;-24.4571;301.2254372987747;206.02978947499682
29.87;-24.4;301.2254372987747;206.02978947499682
29.68;-24.2571;301.2254372987747;206.02978947499682
29.61;-24.2286;301.2254372987747;206.02978947499682
29.58;-24.2286;301.2254372987747;206.02978947499682
29.46;-24.1429;301.2254372987747;206.02978947499682
29.39;-24.0857;301.2254372987747;206.02978947499682
29.45;-23.9714;301.2254372987747;206.02978947499682
29.31;-24.0;301.2254372987747;206.02978947499682
29.37;-23.9714;301.2254372987747;206.02978947499682
29.28;-24.0;301.2254372987747;206.02978947499682
29.35;-23.9143;301.2254372987747;206.02978947499682
29.11;-23.8;301.2254372987747;206.02978947499682
29.04;-23.5714;301.2254372987747;206.02978947499682
28.87;-23.5429;301.2254372987747;206.02978947499682
28.89;-23.5714;301.2254372987747;206.02978947499682
28.95;-23.4857;301.2254372987747;206.02978947499682
28.95;-23.4286;301.2254372987747;206.02978947499682
28.87;-23.2857;301.2254372987747;206.02978947499682
28.82;-23.2857;301.2254372987747;206.02978947499682
28.87;-23.2;301.2254372987747;206.02978947499682
28.74;-23.1143;301.2254372987747;206.02978947499682
28.65;-23.0;301.2254372987747;206.02978947499682
28.54;-22.9714;301.2254372987747;206.02978947499682
28.39;-22.8857;301.2254372987747;206.02978947499682
28.35;-22.9429;301.2254372987747;206.02978947499682
28.27;-22.8286;301.2254372987747;206.02978947499682
28.23;-22.8286;301.2254372987747;206.02978947499682
28.21;-22.7714;301.2254372987747;206.02978947499682
28.07;-22.7714;301.2254372987747;206.02978947499682
28.05;-22.6571;301.2254372987747;206.02978947499682
28.0;-22.6571;301.2254372987747;206.02978947499682
27.94;-22.5429;301.2254372987747;206.02978947499682
27.89;-22.5429;301.2254372987747;206.02978947499682
27.76;-22.4571;301.2254372987747;206.02978947499682
27.77;-22.3143;301.2254372987747;206.02978947499682
27.75;-22.2286;301.2254372987747;206.02978947499682
27.66;-22.1714;301.2254372987747;206.02978947499682
27.59;-22.1429;301.2254372987747;206.02978947499682
27.51;-22.0857;301.2254372987747;206.02978947499682
27.57;-21.9714;301.2254372987747;206.02978947499682
27.45;-22.0;301.2254372987747;206.02978947499682
27.4;-21.9714;301.2254372987747;206.02978947499682
27.32;-21.8286;301.2254372987747;206.02978947499682
27.25;-21.7714;301.2254372987747;206.02978947499682
27.09;-21.7714;301.2254372987747;206.02978947499682
26.89;-21.7143;301.2254372987747;206.02978947499682
26.95;-21.5429;301.2254372987747;206.02978947499682
26.87;-21.4857;301.2254372987747;206.02978947499682
26.81;-21.3714;301.2254372987747;206.02978947499682
26.74;-21.4286;301.2254372987747;206.02978947499682
26.76;-21.4;301.2254372987747;206.02978947499682
26.67;-21.3714;301.2254372987747;206.02978947499682
26.5;-21.4;301.2254372987747;206.02978947499682
26.45;-21.3714;301.2254372987747;206.02978947499682
26.33;-21.2571;301.2254372987747;206.02978947499682
26.28;-21.1714;301.2254372987747;206.02978947499682
26.2;-21.0857;301.2254372987747;206.02978947499682
26.2;-21.0571;301.2254372987747;206.02978947499682
26.17;-20.9714;301.2254372987747;206.02978947499682
26.05;-20.8857;301.2254372987747;206.02978947499682
26.06;-20.8;301.2254372987747;206.02978947499682
25.98;-20.7429;301.2254372987747;206.02978947499682
25.96;-20.6571;301.2254372987747;206.02978947499682
25.82;-20.6286;301.2254372987747;206.02978947499682
25.77;-20.6;301.2254372987747;206.02978947499682
25.73;-20.4857;301.2254372987747;206.02978947499682
25.69;-20.4286;301.2254372987747;206.02978947499682
25.71;-20.4;301.2254372987747;206.02978947499682
25.56;-20.3429;301.2254372987747;206.02978947499682
25.51;-20.3143;301.2254372987747;206.02978947499682
25.38;-20.2571;301.2254372987747;206.02978947499682
25.25;-20.1429;301.2254372987747;206.02978947499682
25.16;-20.0857;301.2254372987747;206.02978947499682
25.15;-20.0571;301.2254372987747;206.02978947499682
25.13;-20.0;301.2254372987747;206.02978947499682
25.07;-19.9714;301.2254372987747;206.02978947499682
25.01;-19.9143;301.2254372987747;206.02978947499682
25.0;-19.7714;301.2254372987747;206.02978947499682
24.97;-19.7143;301.2254372987747;206.02978947499682
24.96;-19.7143;301.2254372987747;206.02978947499682
24.94;-19.6571;301.2254372987747;206.02978947499682
24.81;-19.6286;301.2254372987747;206.02978947499682
24.74;-19.5714;301.2254372987747;206.02978947499682
24.59;-19.6;301.2254372987747;206.02978947499682
24.45;-19.4857;301.2254372987747;206.02978947499682
24.42;-19.5143;301.2254372987747;206.02978947499682
24.34;-19.3714;301.2254372987747;206.02978947499682
24.26;-19.2571;301.2254372987747;206.02978947499682
24.17;-19.2286;301.2254372987747;206.02978947499682
24.07;-19.1714;301.2254372987747;206.02978947499682
24.03;-19.1143;301.2254372987747;206.02978947499682
23.94;-19.0857;301.2254372987747;206.02978947499682
23.95;-19.0;301.2254372987747;206.02978947499682
23.88;-18.9714;301.2254372987747;206.02978947499682
23.85;-18.8857;301.2254372987747;206.02978947499682
23.79;-18.7714;301.2254372987747;206.02978947499682
23.76;-18.7143;301.2254372987747;206.02978947499682
23.78;-18.7143;301.2254372987747;206.02978947499682
23.73;-18.6286;301.2254372987747;206.02978947499682
23.66;-18.6286;301.2254372987747;206.02978947499682
23.56;-18.5714;301.2254372987747;206.02978947499682
23.58;-18.4857;301.2254372987747;206.02978947499682
23.53;-18.5143;301.2254372987747;206.02978947499682
23.47;-18.4857;301.2254372987747;206.02978947499682
23.42;-18.4286;301.2254372987747;206.02978947499682
23.29;-18.3714;301.2254372987747;206.02978947499682
23.18;-18.4;301.2254372987747;206.02978947499682
23.12;-18.3143;301.2254372987747;206.02978947499682
23.04;-18.2857;301.2254372987747;206.02978947499682
22.98;-18.2;301.2254372987747;206.02978947499682
22.92;-18.1429;301.2254372987747;206.02978947499682
22.9;-18.1429;301.2254372987747;206.02978947499682
22.87;-17.9714;301.2254372987747;206.02978947499682
22.74;-17.8857;301.2254372987747;206.02978947499682
22.68;-17.8857;301.2254372987747;206.02978947499682
22.72;-17.8286;301.2254372987747;206.02978947499682
22.59;-17.8286;301.2254372987747;206.02978947499682
22.44;-17.7714;301.2254372987747;206.02978947499682
22.38;-17.6857;301.2254372987747;206.02978947499682
22.37;-17.5714;301.2254372987747;206.02978947499682
22.32;-17.5429;301.2254372987747;206.02978947499682
22.34;-17.4857;301.2254372987747;206.02978947499682
22.27;-17.4286;301.2254372987747;206.02978947499682
22.27;-17.4;301.2254372987747;206.02978947499682
22.17;-17.3143;301.2254372987747;206.02978947499682
22.16;-17.3714;301.2254372987747;206.02978947499682
22.01;-17.2286;301.2254372987747;206.02978947499682
21.94;-17.2;301.2254372987747;206.02978947499682
21.85;-17.2;301.2254372987747;206.02978947499682
21.81;-17.0286;301.2254372987747;206.02978947499682
21.72;-17.0286;301.2254372987747;206.02978947499682
21.64;-16.9714;301.2254372987747;206.02978947499682
21.54;-16.9429;301.2254372987747;206.02978947499682
21.5;-16.8571;301.2254372987747;206.02978947499682
21.5;-16.7714;301.2254372987747;206.02978947499682
21.37;-16.7429;301.2254372987747;206.02978947499682
21.3;-16.6857;301.2254372987747;206.02978947499682
21.26;-16.6571;301.2254372987747;206.02978947499682
21.17;-16.6286;301.2254372987747;206.02978947499682
21.19;-16.6;301.2254372987747;206.02978947499682
21.1;-16.4286;301.2254372987747;206.02978947499682
20.96;-16.4;301.2254372987747;206.02978947499682
20.89;-16.3143;301.2254372987747;206.02978947499682
20.91;-16.2571;301.2254372987747;206.02978947499682
20.91;-16.2;301.2254372987747;206.02978947499682
20.85;-16.0857;301.2254372987747;206.02978947499682
20.76;-16.0571;301.2254372987747;206.02978947499682
20.7;-16.0;301.2254372987747;206.02978947499682
20.64;-16.0286;301.2254372987747;206.02978947499682
20.53;-15.9714;301.2254372987747;206.02978947499682
20.47;-15.9143;301.2254372987747;206.02978947499682
20.43;-15.8571;301.2254372987747;206.02978947499682
20.39;-15.7714;301.2254372987747;206.02978947499682
20.37;-15.7429;301.2254372987747;206.02978947499682
20.3;-15.6857;301.2254372987747;206.02978947499682
20.29;-15.6;301.2254372987747;206.02978947499682
20.17;-15.5714;301.2254372987747;206.02978947499682
20.1;-15.4286;301.2254372987747;206.02978947499682
20.03;-15.4;301.2254372987747;206.02978947499682
19.96;-15.2857;301.2254372987747;206.02978947499682
19.92;-15.2;301.2254372987747;206.02978947499682
19.87;-15.1429;301.2254372987747;206.02978947499682
19.84;-15.1143;301.2254372987747;206.02978947499682
19.76;-14.9714;301.2254372987747;206.02978947499682
19.69;-14.9143;301.2254372987747;206.02978947499682
19.65;-14.8571;301.2254372987747;206.02978947499682
19.63;-14.8;301.2254372987747;206.02978947499682
19.55;-14.8;301.2254372987747;206.02978947499682
19.44;-14.7429;301.2254372987747;206.02978947499682
19.37;-14.8;301.2254372987747;206.02978947499682
19.34;-14.7714;301.2254372987747;206.02978947499682
19.3;-14.6286;301.2254372987747;206.02978947499682
19.3;-14.5714;301.2254372987747;206.02978947499682
19.26;-14.5714;301.2254372987747;206.02978947499682
19.15;-14.5143;301.2254372987747;206.02978947499682
19.15;-14.4;301.2254372987747;206.02978947499682
19.11;-14.3143;301.2254372987747;206.02978947499682
19.07;-14.3429;301.2254372987747;206.02978947499682
19.05;-14.3143;301.2254372987747;206.02978947499682
18.97;-14.2286;301.2254372987747;206.02978947499682
18.9;-14.2286;301.2254372987747;206.02978947499682
18.83;-14.2286;301.2254372987747;206.02978947499682
18.75;-14.0857;301.2254372987747;206.02978947499682
18.73;-14.0571;301.2254372987747;206.02978947499682
18.67;-14.0;301.2254372987747;206.02978947499682
18.62;-13.9714;301.2254372987747;206.02978947499682
18.61;-13.8857;301.2254372987747;206.02978947499682
18.57;-13.8857;301.2254372987747;206.02978947499682
18.47;-13.7429;301.2254372987747;206.02978947499682
18.38;-13.7143;301.2254372987747;206.02978947499682
18.32;-13.6286;301.2254372987747;206.02978947499682
18.27;-13.6;301.2254372987747;206.02978947499682
18.19;-13.6286;301.2254372987747;206.02978947499682
18.12;-13.4857;301.2254372987747;206.02978947499682
18.13;-13.4571;301.2254372987747;206.02978947499682
18.14;-13.4286;301.2254372987747;206.02978947499682
18.03;-13.3429;301.2254372987747;206.02978947499682
17.91;-13.3143;301.2254372987747;206.02978947499682
17.87;-13.2286;301.2254372987747;206.02978947499682
17.85;-13.2;301.2254372987747;206.02978947499682
17.76;-13.1429;301.2254372987747;206.02978947499682
17.69;-13.0857;301.2254372987747;206.02978947499682
17.67;-13.1143;301.2254372987747;206.02978947499682
17.62;-13.1143;301.2254372987747;206.02978947499682
17.53;-12.9714;301.2254372987747;206.02978947499682
17.57;-12.9714;301.2254372987747;206.02978947499682
17.47;-12.9143;301.2254372987747;206.02978947499682
17.35;-12.9143;301.2254372987747;206.02978947499682
17.29;-12.8571;301.2254372987747;206.02978947499682
17.3;-12.8;301.2254372987747;206.02978947499682
17.23;-12.7429;301.2254372987747;206.02978947499682
17.1;-12.6571;301.2254372987747;206.02978947499682
17.03;-12.6571;301.2254372987747;206.02978947499682
16.99;-12.6857;301.2254372987747;206.02978947499682
16.94;-12.5429;301.2254372987747;206.02978947499682
16.92;-12.4857;301.2254372987747;206.02978947499682
16.81;-12.4;301.2254372987747;206.02978947499682
16.78;-12.4;301.2254372987747;206.02978947499682
16.74;-12.3429;301.2254372987747;206.02978947499682
16.67;-12.3429;301.2254372987747;206.02978947499682
16.6;-12.3143;301.2254372987747;206.02978947499682
16.41;-12.3143;301.2254372987747;206.02978947499682
16.45;-12.2571;301.2254372987747;206.02978947499682
16.44;-12.1714;301.2254372987747;206.02978947499682
16.33;-12.0857;301.2254372987747;206.02978947499682
16.32;-12.0857;301.2254372987747;206.02978947499682
16.19;-12.0286;301.2254372987747;206.02978947499682
16.2;-12.0286;301.2254372987747;206.02978947499682
16.07;-11.9143;301.2254372987747;206.02978947499682
16.0;-11.8571;301.2254372987747;206.02978947499682
15.92;-11.7714;301.2254372987747;206.02978947499682
15.87;-11.7714;301.2254372987747;206.02978947499682
15.82;-11.7143;301.2254372987747;206.02978947499682
15.71;-11.6571;301.2254372987747;206.02978947499682
15.64;-11.6286;301.2254372987747;206.02978947499682
15.56;-11.5714;301.2254372987747;206.02978947499682
15.45;-11.6;301.2254372987747;206.02978947499682
15.48;-11.5143;301.2254372987747;206.02978947499682
15.4;-11.4857;301.2254372987747;206.02978947499682
15.43;-11.4;301.2254372987747;206.02978947499682
15.4;-11.3429;301.2254372987747;206.02978947499682
15.33;-11.2857;301.2254372987747;206.02978947499682
15.3;-11.3143;301.2254372987747;206.02978947499682
15.21;-11.2571;301.2254372987747;206.02978947499682
15.14;-11.2571;301.2254372987747;206.02978947499682
15.11;-11.1429;301.2254372987747;206.02978947499682
15.08;-11.1143;301.2254372987747;206.02978947499682
14.98;-11.1143;301.2254372987747;206.02978947499682
14.94;-11.0286;301.2254372987747;206.02978947499682
14.95;-11.0;301.2254372987747;206.02978947499682
14.9;-10.9143;301.2254372987747;206.02978947499682
14.83;-10.8857;301.2254372987747;206.02978947499682
14.71;-10.8;301.2254372987747;206.02978947499682
14.77;-10.7714;301.2254372987747;206.02978947499682
14.68;-10.6857;301.2254372987747;206.02978947499682
14.61;-10.7143;301.2254372987747;206.02978947499682
14.6;-10.6286;301.2254372987747;206.02978947499682
14.47;-10.6;301.2254372987747;206.02978947499682
14.41;-10.5714;301.2254372987747;206.02978947499682
14.38;-10.4571;301.2254372987747;206.02978947499682
14.33;-10.4571;301.2254372987747;206.02978947499682
14.21;-10.3429;301.2254372987747;206.02978947499682
14.19;-10.3714;301.2254372987747;206.02978947499682
14.19;-10.3429;301.2254372987747;206.02978947499682
14.13;-10.2571;301.2254372987747;206.02978947499682
14.03;-10.2286;301.2254372987747;206.02978947499682
13.96;-10.1429;301.2254372987747;206.02978947499682
13.9;-10.0857;301.2254372987747;206.02978947499682
13.9;-10.0571;301.2254372987747;206.02978947499682
13.85;-10.0286;301.2254372987747;206.02978947499682
13.86;-9.9714;301.2254372987747;206.02978947499682
13.77;-9.9429;301.2254372987747;206.02978947499682
13.69;-9.9429;301.2254372987747;206.02978947499682
13.69;-9.8286;301.2254372987747;206.02978947499682
13.68;-9.8286;301.2254372987747;206.02978947499682
13.65;-9.7429;301.2254372987747;206.02978947499682
13.57;-9.7429;301.2254372987747;206.02978947499682
13.51;-9.6857;301.2254372987747;206.02978947499682
13.48;-9.6286;301.2254372987747;206.02978947499682
13.46;-9.6;301.2254372987747;206.02978947499682
13.43;-9.5143;301.2254372987747;206.02978947499682
13.39;-9.5143;301.2254372987747;206.02978947499682
13.35;-9.4;301.2254372987747;206.02978947499682
13.28;-9.3714;301.2254372987747;206.02978947499682
13.21;-9.3714;301.2254372987747;206.02978947499682
13.15;-9.2857;301.2254372987747;206.02978947499682
13.11;-9.2857;301.2254372987747;206.02978947499682
13.05;-9.1714;301.2254372987747;206.02978947499682
13.0;-9.1714;301.2254372987747;206.02978947499682
12.96;-9.1714;301.2254372987747;206.02978947499682
12.93;-9.0571;301.2254372987747;206.02978947499682
12.84;-9.0857;301.2254372987747;206.02978947499682
12.87;-9.0;301.2254372987747;206.02978947499682
12.82;-8.9429;301.2254372987747;206.02978947499682
12.81;-8.8857;301.2254372987747;206.02978947499682
12.77;-8.8571;301.2254372987747;206.02978947499682
12.66;-8.7714;301.2254372987747;206.02978947499682
12.6;-8.7429;301.2254372987747;206.02978947499682
12.54;-8.7143;301.2254372987747;206.02978947499682
12.48;-8.7143;301.2254372987747;206.02978947499682
12.45;-8.6286;301.2254372987747;206.02978947499682
12.4;-8.6;301.2254372987747;206.02978947499682
12.37;-8.5714;301.2254372987747;206.02978947499682
12.33;-8.5429;301.2254372987747;206.02978947499682
12.25;-8.4571;301.2254372987747;206.02978947499682
12.18;-8.4286;301.2254372987747;206.02978947499682
12.16;-8.3429;301.2254372987747;206.02978947499682
12.14;-8.3143;301.2254372987747;206.02978947499682
12.11;-8.2286;301.2254372987747;206.02978947499682
12.02;-8.2571;301.2254372987747;206.02978947499682
11.94;-8.2;301.2254372987747;206.02978947499682
11.91;-8.1429;301.2254372987747;206.02978947499682
11.9;-8.0857;301.2254372987747;206.02978947499682
11.86;-8.0286;301.2254372987747;206.02978947499682
11.8;-8.0571;301.2254372987747;206.02978947499682
11.72;-7.9714;301.2254372987747;206.02978947499682
11.7;-7.9143;301.2254372987747;206.02978947499682
11.68;-7.8286;301.2254372987747;206.02978947499682
11.59;-7.7714;301.2254372987747;206.02978947499682
11.57;-7.7714;301.2254372987747;206.02978947499682
11.54;-7.7429;301.2254372987747;206.02978947499682
11.47;-7.7143;301.2254372987747;206.02978947499682
11.42;-7.6571;301.2254372987747;206.02978947499682
11.38;-7.6571;301.2254372987747;206.02978947499682
11.3;-7.6286;301.2254372987747;206.02978947499682
11.24;-7.5429;301.2254372987747;206.02978947499682
11.22;-7.5429;301.2254372987747;206.02978947499682
11.16;-7.4857;301.2254372987747;206.02978947499682
11.12;-7.4857;301.2254372987747;206.02978947499682
11.08;-7.4;301.2254372987747;206.02978947499682
11.0;-7.4286;301.2254372987747;206.02978947499682
10.93;-7.3429;301.2254372987747;206.02978947499682
10.88;-7.2571;301.2254372987747;206.02978947499682
10.82;-7.2857;301.2254372987747;206.02978947499682
10.8;-7.2286;301.2254372987747;206.02978947499682
10.75;-7.1429;301.2254372987747;206.02978947499682
10.69;-7.1143;301.2254372987747;206.02978947499682
10.64;-7.1143;301.2254372987747;206.02978947499682
10.58;-7.0571;301.2254372987747;206.02978947499682
10.52;-7.0571;301.2254372987747;206.02978947499682
10.51;-7.0;301.2254372987747;206.02978947499682
10.47;-6.9714;301.2254372987747;206.02978947499682
10.44;-6.9143;301.2254372987747;206.02978947499682
10.4;-6.9143;301.2254372987747;206.02978947499682
10.35;-6.8286;301.2254372987747;206.02978947499682
10.29;-6.8;301.2254372987747;206.02978947499682
10.24;-6.7143;301.2254372987747;206.02978947499682
10.21;-6.7143;301.2254372987747;206.02978947499682
10.15;-6.6857;301.2254372987747;206.02978947499682
10.12;-6.6;301.2254372987747;206.02978947499682
10.09;-6.6;301.2254372987747;206.02978947499682
10.01;-6.5714;301.2254372987747;206.02978947499682
9.94;-6.5143;301.2254372987747;206.02978947499682
9.92;-6.4571;301.2254372987747;206.02978947499682
9.85;-6.4286;301.2254372987747;206.02978947499682
9.82;-6.4;301.2254372987747;206.02978947499682
9.79;-6.4;301.2254372987747;206.02978947499682
9.74;-6.3714;301.2254372987747;206.02978947499682
9.68;-6.2857;301.2254372987747;206.02978947499682
9.64;-6.2857;301.2254372987747;206.02978947499682
9.6;-6.2571;301.2254372987747;206.02978947499682
9.54;-6.2;301.2254372987747;206.02978947499682
9.49;-6.2286;301.2254372987747;206.02978947499682
9.43;-6.1429;301.2254372987747;206.02978947499682
9.38;-6.1143;301.2254372987747;206.02978947499682
9.31;-6.0286;301.2254372987747;206.02978947499682
9.28;-5.9714;301.2254372987747;206.02978947499682
9.22;-5.9714;301.2254372987747;206.02978947499682
9.17;-5.9429;301.2254372987747;206.02978947499682
9.13;-5.9429;301.2254372987747;206.02978947499682
9.1;-5.9143;301.2254372987747;206.02978947499682
9.07;-5.8857;301.2254372987747;206.02978947499682
9.06;-5.8286;301.2254372987747;206.02978947499682
9.0;-5.8;301.2254372987747;206.02978947499682
8.96;-5.7714;301.2254372987747;206.02978947499682
8.9;-5.6857;301.2254372987747;206.02978947499682
8.85;-5.6571;301.2254372987747;206.02978947499682
8.79;-5.6286;301.2254372987747;206.02978947499682
8.74;-5.6;301.2254372987747;206.02978947499682
8.7;-5.5714;301.2254372987747;206.02978947499682
8.65;-5.5429;301.2254372987747;206.02978947499682
8.61;-5.5143;301.2254372987747;206.02978947499682
8.54;-5.4286;301.2254372987747;206.02978947499682
8.49;-5.4571;301.2254372987747;206.02978947499682
8.46;-5.4286;301.2254372987747;206.02978947499682
8.43;-5.2857;301.2254372987747;206.02978947499682
8.4;-5.2857;301.2254372987747;206.02978947499682
8.35;-5.2571;301.2254372987747;206.02978947499682
8.27;-5.2;301.2254372987747;206.02978947499682
8.24;-5.1143;301.2254372987747;206.02978947499682
8.2;-5.1143;301.2254372987747;206.02978947499682
8.16;-5.0286;301.2254372987747;206.02978947499682
8.12;-5.0;301.2254372987747;206.02978947499682
8.08;-4.9714;301.2254372987747;206.02978947499682
8.02;-4.8286;301.2254372987747;206.02978947499682
7.99;-4.7714;301.2254372987747;206.02978947499682
7.96;-4.6571;301.2254372987747;206.02978947499682
7.9;-4.5429;301.2254372987747;206.02978947499682
7.85;-4.4857;301.2254372987747;206.02978947499682
7.82;-4.3429;301.2254372987747;206.02978947499682
7.8;-4.2;301.2254372987747;206.02978947499682
7.77;-4.0857;301.2254372987747;206.02978947499682
7.72;-3.8571;301.2254372987747;206.02978947499682
7.68;-3.7143;301.2254372987747;206.02978947499682
7.64;-3.4571;301.2254372987747;206.02978947499682
7.59;-3.1714;301.2254372987747;206.02978947499682
7.54;-2.8286;301.2254372987747;206.02978947499682
7.5;-2.4857;301.2254372987747;206.02978947499682
7.47;-2.0857;301.2254372987747;206.02978947499682
7.44;-1.5429;301.2254372987747;206.02978947499682
7.4;-0.8571;301.2254372987747;206.02978947499682
7.36;-0.0286;301.2254372987747;206.02978947499682
7.32;0.8;301.2254372987747;206.02978947499682
7.28;1.4857;301.2254372987747;206.02978947499682
7.24;2.0286;301.2254372987747;206.02978947499682
7.2;2.6;301.2254372987747;206.02978947499682
7.16;3.0286;301.2254372987747;206.02978947499682
7.13;3.4;301.2254372987747;206.02978947499682
7.1;3.8857;301.2254372987747;206.02978947499682
7.05;4.4571;301.2254372987747;206.02978947499682
7.0;5.0;301.2254372987747;206.02978947499682
6.96;5.5143;301.2254372987747;206.02978947499682
6.92;6.1714;301.2254372987747;206.02978947499682
6.88;6.8857;301.2254372987747;206.02978947499682
6.83;7.6;301.2254372987747;206.02978947499682
6.78;8.3714;301.2254372987747;206.02978947499682
6.76;9.0857;301.2254372987747;206.02978947499682
6.73;9.9143;301.2254372987747;206.02978947499682
6.72;10.7143;301.2254372987747;206.02978947499682
6.67;11.6286;301.2254372987747;206.02978947499682
6.63;12.5143;301.2254372987747;206.02978947499682
6.61;13.3714;301.2254372987747;206.02978947499682
6.55;14.2857;301.2254372987747;206.02978947499682
6.53;15.2286;301.2254372987747;206.02978947499682
6.46;16.1429;301.2254372987747;206.02978947499682
6.44;17.0857;301.2254372987747;206.02978947499682
6.4;17.8571;301.2254372987747;206.02978947499682
6.34;18.8571;301.2254372987747;206.02978947499682
6.31;19.7714;301.2254372987747;206.02978947499682
6.29;20.5143;301.2254372987747;206.02978947499682
6.25;21.4571;301.2254372987747;206.02978947499682
6.23;22.3429;301.2254372987747;206.02978947499682
6.19;23.1143;301.2254372987747;206.02978947499682
6.15;23.9143;301.2254372987747;206.02978947499682
6.12;24.8286;301.2254372987747;206.02978947499682
6.11;25.7429;301.2254372987747;206.02978947499682
6.04;26.5714;301.2254372987747;206.02978947499682
6.01;27.4857;301.2254372987747;206.02978947499682
5.98;28.1429;301.2254372987747;206.02978947499682
5.94;29.0857;301.2254372987747;206.02978947499682
5.91;29.7714;301.2254372987747;206.02978947499682
5.86;30.6;301.2254372987747;206.02978947499682
5.82;31.4;301.2254372987747;206.02978947499682
5.79;32.2571;301.2254372987747;206.02978947499682
5.74;32.8571;301.2254372987747;206.02978947499682
5.71;33.8;301.2254372987747;206.02978947499682
5.66;34.4571;301.2254372987747;206.02978947499682
5.62;35.1714;301.2254372987747;206.02978947499682
5.57;35.9143;301.2254372987747;206.02978947499682
5.52;36.5714;301.2254372987747;206.02978947499682
5.49;37.4286;301.2254372987747;206.02978947499682
5.44;38.3143;301.2254372987747;206.02978947499682
5.4;38.9714;301.2254372987747;206.02978947499682
5.34;39.4857;301.2254372987747;206.02978947499682
5.27;40.3714;301.2254372987747;206.02978947499682
5.2;40.9429;301.2254372987747;206.02978947499682
5.11;41.6;301.2254372987747;206.02978947499682
5.03;42.3143;301.2254372987747;206.02978947499682
4.93;43.1143;301.2254372987747;206.02978947499682
4.83;43.8571;301.2254372987747;206.02978947499682
4.72;44.6857;301.2254372987747;206.02978947499682
4.61;45.1143;301.2254372987747;206.02978947499682
4.49;46.1143;301.2254372987747;206.02978947499682
4.35;46.6;301.2254372987747;206.02978947499682
4.18;47.4571;301.2254372987747;206.02978947499682
4.0;48.0;301.2254372987747;206.02978947499682
3.78;48.8571;301.2254372987747;206.02978947499682
3.5;49.8;301.2254372987747;206.02978947499682
3.24;50.6857;301.2254372987747;206.02978947499682
2.92;50.8;301.2254372987747;206.02978947499682
2.57;51.8286;301.2254372987747;206.02978947499682
2.18;52.3429;301.2254372987747;206.02978947499682
1.73;52.6571;301.2254372987747;206.02978947499682
1.26;53.7429;301.2254372987747;206.02978947499682
0.82;53.6286;301.2254372987747;206.02978947499682
0.49;54.6286;301.2254372987747;206.02978947499682
0.46;54.9143;301.2254372987747;206.02978947499682
0.81;55.5714;301.2254372987747;206.02978947499682
1.35;56.1714;301.2254372987747;206.02978947499682
2.01;56.8857;301.2254372987747;206.02978947499682
2.78;58.0;301.2254372987747;206.02978947499682
3.58;58.6;301.2254372987747;206.02978947499682
4.39;59.4286;301.2254372987747;206.02978947499682
5.21;59.6857;301.2254372987747;206.02978947499682
6.13;59.6286;301.2254372987747;206.02978947499682
6.98;60.4571;301.2254372987747;206.02978947499682
7.83;61.4857;301.2254372987747;206.02978947499682
8.69;61.8286;301.2254372987747;206.02978947499682
9.55;62.8857;301.2254372987747;206.02978947499682
10.44;63.0571;301.2254372987747;206.02978947499682
11.33;63.1429;301.2254372987747;206.02978947499682
12.23;64.5714;301.2254372987747;206.02978947499682
13.18;64.3429;301.2254372987747;206.02978947499682
14.12;64.5714;301.2254372987747;206.02978947499682
15.07;65.7143;301.2254372987747;206.02978947499682
16.1;66.7429;301.2254372987747;206.02978947499682
16.96;66.9143;301.2254372987747;206.02978947499682
17.93;67.4286;301.2254372987747;206.02978947499682
18.91;68.1143;301.2254372987747;206.02978947499682
19.8;67.9143;301.2254372987747;206.02978947499682
20.69;67.9429;301.2254372987747;206.02978947499682
21.67;69.0;301.2254372987747;206.02978947499682
22.6;70.0571;301.2254372987747;206.02978947499682
23.6;70.5714;301.2254372987747;206.02978947499682
24.59;71.1429;301.2254372987747;206.02978947499682
25.57;70.5429;301.2254372987747;206.02978947499682
26.47;72.0286;301.2254372987747;206.02978947499682
27.44;73.0;301.2254372987747;206.02978947499682
28.24;73.8;301.2254372987747;206.02978947499682
29.21;74.4;301.2254372987747;206.02978947499682
30.06;74.8857;301.2254372987747;206.02978947499682
30.88;75.6;301.2254372987747;206.02978947499682
31.72;75.8857;301.2254372987747;206.02978947499682
32.65;76.0857;301.2254372987747;206.02978947499682
33.42;76.0571;301.2254372987747;206.02978947499682
34.41;76.8;301.2254372987747;206.02978947499682
35.29;77.0286;301.2254372987747;206.02978947499682
36.01;78.0;301.2254372987747;206.02978947499682
36.81;77.9429;301.2254372987747;206.02978947499682
37.52;77.7143;301.2254372987747;206.02978947499682
38.39;79.6286;301.2254372987747;206.02978947499682
39.25;79.3143;301.2254372987747;206.02978947499682
39.9;78.3714;301.2254372987747;206.02978947499682
40.65;80.8;301.2254372987747;206.02978947499682
41.27;80.5429;301.2254372987747;206.02978947499682
41.75;81.5429;301.2254372987747;206.02978947499682
42.37;80.8;301.2254372987747;206.02978947499682
43.1;81.0;301.2254372987747;206.02978947499682
43.98;81.8571;301.2254372987747;206.02978947499682
44.65;83.3714;301.2254372987747;206.02978947499682
45.76;84.4286;301.2254372987747;206.02978947499682
46.52;84.4571;301.2254372987747;206.02978947499682
47.32;86.0571;301.2254372987747;206.02978947499682
48.11;85.8;301.2254372987747;206.02978947499682
48.79;86.3143;301.2254372987747;206.02978947499682
49.39;86.2;301.2254372987747;206.02978947499682
50.15;87.4286;301.2254372987747;206.02978947499682
50.85;88.6571;301.2254372987747;206.02978947499682
51.55;89.3429;301.2254372987747;206.02978947499682
52.17;88.3714;301.2254372987747;206.02978947499682
52.78;88.0;301.2254372987747;206.02978947499682
53.49;88.8857;301.2254372987747;206.02978947499682
54.3;88.0286;301.2254372987747;206.02978947499682
54.94;91.2286;301.2254372987747;206.02978947499682
55.55;91.2571;301.2254372987747;206.02978947499682
56.16;92.2286;301.2254372987747;206.02978947499682
56.83;92.2286;301.2254372987747;206.02978947499682
57.38;90.3143;301.2254372987747;206.02978947499682
57.82;89.0286;301.2254372987747;206.02978947499682
58.59;91.6;301.2254372987747;206.02978947499682
59.26;89.5143;301.2254372987747;206.02978947499682
59.92;93.4571;301.2254372987747;206.02978947499682
60.37;92.2286;301.2254372987747;206.02978947499682
61.02;92.9429;301.2254372987747;206.02978947499682
61.45;94.5429;301.2254372987747;206.02978947499682
62.1;95.6571;301.2254372987747;206.02978947499682
62.72;95.4286;301.2254372987747;206.02978947499682
63.55;94.5429;301.2254372987747;206.02978947499682
64.05;93.9143;301.2254372987747;206.02978947499682
64.56;94.1143;301.2254372987747;206.02978947499682
64.91;96.2286;301.2254372987747;206.02978947499682
65.34;96.2857;301.2254372987747;206.02978947499682
65.98;98.4571;301.2254372987747;206.02978947499682
66.34;98.9714;301.2254372987747;206.02978947499682
66.65;98.9143;301.2254372987747;206.02978947499682
67.39;98.5714;301.2254372987747;206.02978947499682
68.07;98.1429;301.2254372987747;206.02978947499682
68.92;98.9714;301.2254372987747;206.02978947499682
69.03;98.6;301.2254372987747;206.02978947499682
69.5;97.5714;301.2254372987747;206.02978947499682
69.57;100.0571;301.2254372987747;206.02978947499682
69.84;99.2571;301.2254372987747;206.02978947499682
70.16;101.2857;301.2254372987747;206.02978947499682
70.96;101.2571;301.2254372987747;206.02978947499682
71.7;100.7143;301.2254372987747;206.02978947499682
72.09;103.0286;301.2254372987747;206.02978947499682
72.41;100.8286;301.2254372987747;206.02978947499682
73.22;102.9143;301.2254372987747;206.02978947499682
73.87;103.0286;301.2254372987747;206.02978947499682
74.5;103.3714;301.2254372987747;206.02978947499682
75.21;101.4286;301.2254372987747;206.02978947499682
75.86;103.8571;301.2254372987747;206.02978947499682
76.47;101.9143;301.2254372987747;206.02978947499682
76.52;103.4571;301.2254372987747;206.02978947499682
76.93;104.4571;301.2254372987747;206.02978947499682
77.54;103.7429;301.2254372987747;206.02978947499682
78.15;105.8286;301.2254372987747;206.02978947499682
78.56;106.3714;301.2254372987747;206.02978947499682
78.63;107.2857;301.2254372987747;206.02978947499682
78.4;107.6;301.2254372987747;206.02978947499682
78.67;105.2;301.2254372987747;206.02978947499682
79.28;107.6286;301.2254372987747;206.02978947499682
79.25;105.6286;301.2254372987747;206.02978947499682
80.07;108.4;301.2254372987747;206.02978947499682
81.31;108.3429;301.2254372987747;206.02978947499682
81.71;107.2;301.2254372987747;206.02978947499682
82.08;110.8286;301.2254372987747;206.02978947499682
82.95;108.9143;301.2254372987747;206.02978947499682
83.43;112.0;301.2254372987747;206.02978947499682
83.85;110.0571;301.2254372987747;206.02978947499682
84.23;111.6571;301.2254372987747;206.02978947499682
84.81;109.5714;301.2254372987747;206.02978947499682
85.79;110.8286;301.2254372987747;206.02978947499682
86.26;111.0286;301.2254372987747;206.02978947499682
86.11;113.5429;301.2254372987747;206.02978947499682
86.79;113.0857;301.2254372987747;206.02978947499682
87.84;113.5714;301.2254372987747;206.02978947499682
88.89;113.9714;301.2254372987747;206.02978947499682
89.5;115.0286;301.2254372987747;206.02978947499682
89.46;116.1429;301.2254372987747;206.02978947499682
89.18;114.4286;301.2254372987747;206.02978947499682
89.46;113.0286;301.2254372987747;206.02978947499682
89.72;114.6857;301.2254372987747;206.02978947499682
90.79;115.6571;301.2254372987747;206.02978947499682
91.61;114.6;301.2254372987747;206.02978947499682
91.56;113.5714;301.2254372987747;206.02978947499682
92.39;115.6286;301.2254372987747;206.02978947499682
92.65;116.6857;301.2254372987747;206.02978947499682
92.44;114.8857;301.2254372987747;206.02978947499682
92.35;116.7714;301.2254372987747;206.02978947499682
92.23;117.2857;301.2254372987747;206.02978947499682
92.91;118.3429;301.2254372987747;206.02978947499682
93.9;116.0571;301.2254372987747;206.02978947499682
94.05;119.1143;301.2254372987747;206.02978947499682
94.5;118.4857;301.2254372987747;206.02978947499682
95.12;119.6286;301.2254372987747;206.02978947499682
95.28;118.8;301.2254372987747;206.02978947499682
95.5;117.6;301.2254372987747;206.02978947499682
95.77;119.8;301.2254372987747;206.02978947499682
96.28;119.1429;301.2254372987747;206.02978947499682
96.11;118.6857;301.2254372987747;206.02978947499682
97.04;119.6571;301.2254372987747;206.02978947499682
98.15;119.1714;301.2254372987747;206.02978947499682
98.64;120.0;301.2254372987747;206.02978947499682
99.16;120.5714;301.2254372987747;206.02978947499682
99.12;119.8571;301.2254372987747;206.02978947499682
98.94;119.4;301.2254372987747;206.02978947499682
98.98;118.2857;301.2254372987747;206.02978947499682
99.38;122.1714;301.2254372987747;206.02978947499682
99.01;118.7714;301.2254372987747;206.02978947499682
99.73;121.8571;301.2254372987747;206.02978947499682
100.06;121.3714;301.2254372987747;206.02978947499682
101.15;121.8571;301.2254372987747;206.02978947499682
101.55;122.7143;301.2254372987747;206.02978947499682
101.65;121.0857;301.2254372987747;206.02978947499682
103.1;121.6286;301.2254372987747;206.02978947499682
102.6;121.2;301.2254372987747;206.02978947499682
102.0;120.6;301.2254372987747;206.02978947499682
102.4;122.6;301.2254372987747;206.02978947499682
102.85;122.5143;301.2254372987747;206.02978947499682
102.48;121.8286;301.2254372987747;206.02978947499682
101.5;124.9714;301.2254372987747;206.02978947499682
101.49;124.6857;301.2254372987747;206.02978947499682
102.73;125.5143;301.2254372987747;206.02978947499682
102.82;124.6857;301.2254372987747;206.02978947499682
103.35;125.6;301.2254372987747;206.02978947499682
104.23;126.4571;301.2254372987747;206.02978947499682
105.8;125.8571;301.2254372987747;206.02978947499682
106.11;125.9714;301.2254372987747;206.02978947499682
106.44;126.0571;301.2254372987747;206.02978947499682
106.5;126.5143;301.2254372987747;206.02978947499682
107.06;126.0286;301.2254372987747;206.02978947499682
108.1;126.5429;301.2254372987747;206.02978947499682
108.42;127.6857;301.2254372987747;206.02978947499682
108.48;127.2286;301.2254372987747;206.02978947499682
108.85;127.2571;301.2254372987747;206.02978947499682
109.29;127.3143;301.2254372987747;206.02978947499682
110.04;127.7143;301.2254372987747;206.02978947499682
111.25;126.7714;301.2254372987747;206.02978947499682
112.11;126.7143;301.2254372987747;206.02978947499682
111.28;126.7143;301.2254372987747;206.02978947499682
110.69;126.6;301.2254372987747;206.02978947499682
110.65;128.9714;301.2254372987747;206.02978947499682
111.34;128.9714;301.2254372987747;206.02978947499682
111.93;127.7714;301.2254372987747;206.02978947499682
112.2;129.3429;301.2254372987747;206.02978947499682
113.07;128.8;301.2254372987747;206.02978947499682
113.9;129.0857;301.2254372987747;206.02978947499682
114.52;129.6857;301.2254372987747;206.02978947499682
114.48;129.7143;301.2254372987747;206.02978947499682
114.75;130.3429;301.2254372987747;206.02978947499682
114.49;128.9143;301.2254372987747;206.02978947499682
113.88;129.2286;301.2254372987747;206.02978947499682
114.93;128.8857;301.2254372987747;206.02978947499682
115.61;130.0857;301.2254372987747;206.02978947499682
115.49;130.8;301.2254372987747;206.02978947499682
115.48;131.2857;301.2254372987747;206.02978947499682
115.73;129.7429;301.2254372987747;206.02978947499682
115.69;131.2;301.2254372987747;206.02978947499682
115.66;130.6;301.2254372987747;206.02978947499682
116.6;131.5714;301.2254372987747;206.02978947499682
117.56;131.8857;301.2254372987747;206.02978947499682
117.08;131.6286;301.2254372987747;206.02978947499682
117.06;131.7429;301.2254372987747;206.02978947499682
118.04;132.4286;301.2254372987747;206.02978947499682
119.09;131.7143;301.2254372987747;206.02978947499682
119.4;132.2286;301.2254372987747;206.02978947499682
118.69;131.4857;301.2254372987747;206.02978947499682
118.27;131.4286;301.2254372987747;206.02978947499682
118.29;132.7429;301.2254372987747;206.02978947499682
118.34;133.6;301.2254372987747;206.02978947499682
118.29;133.0286;301.2254372987747;206.02978947499682
119.53;133.8857;301.2254372987747;206.02978947499682
119.69;133.5143;301.2254372987747;206.02978947499682
120.27;132.6286;301.2254372987747;206.02978947499682
120.89;134.4286;301.2254372987747;206.02978947499682
120.11;133.2;301.2254372987747;206.02978947499682
119.21;134.1143;301.2254372987747;206.02978947499682
118.8;133.8286;301.2254372987747;206.02978947499682
119.83;132.4571;301.2254372987747;206.02978947499682
120.6;133.8;301.2254372987747;206.02978947499682
121.63;134.2571;301.2254372987747;206.02978947499682
121.54;135.0571;301.2254372987747;206.02978947499682
121.75;136.3143;301.2254372987747;206.02978947499682
121.28;135.1143;301.2254372987747;206.02978947499682
121.22;135.2857;301.2254372987747;206.02978947499682
121.81;135.9429;301.2254372987747;206.02978947499682
121.92;135.0857;301.2254372987747;206.02978947499682
123.24;135.0571;301.2254372987747;206.02978947499682
123.71;135.6857;301.2254372987747;206.02978947499682
123.38;136.2857;301.2254372987747;206.02978947499682
122.61;136.8571;301.2254372987747;206.02978947499682
123.48;137.4857;301.2254372987747;206.02978947499682
123.67;137.1429;301.2254372987747;206.02978947499682
125.1;137.2571;301.2254372987747;206.02978947499682
126.47;137.1714;301.2254372987747;206.02978947499682
126.56;138.5143;301.2254372987747;206.02978947499682
125.99;136.7429;301.2254372987747;206.02978947499682
125.32;136.6286;301.2254372987747;206.02978947499682
125.06;136.1429;301.2254372987747;206.02978947499682
125.4;137.0286;301.2254372987747;206.02978947499682
125.76;137.1143;301.2254372987747;206.02978947499682
125.56;138.8857;301.2254372987747;206.02978947499682
126.18;137.7143;301.2254372987747;206.02978947499682
126.51;138.8857;301.2254372987747;206.02978947499682
126.15;138.8;301.2254372987747;206.02978947499682
126.13;138.9143;301.2254372987747;206.02978947499682
126.62;139.0;301.2254372987747;206.02978947499682
125.93;138.0286;301.2254372987747;206.02978947499682
381.93;138.0571;301.2254372987747;206.02978947499682
468.97;138.8;301.2254372987747;206.02978947499682
648.18;139.3143;301.2254372987747;206.02978947499682
79.86;139.4;301.2254372987747;206.02978947499682
36.34;139.2286;301.2254372987747;206.02978947499682
20.98;140.2286;301.2254372987747;206.02978947499682
223.22;142.1429;301.2254372987747;206.02978947499682
389.62;141.2857;301.2254372987747;206.02978947499682
581.62;140.6;301.2254372987747;206.02978947499682
612.34;141.9143;301.2254372987747;206.02978947499682
535.54;139.8;301.2254372987747;206.02978947499682
581.62;140.3714;301.2254372987747;206.02978947499682
492.02;140.4;301.2254372987747;206.02978947499682
502.26;140.3429;301.2254372987747;206.02978947499682
461.3;141.0857;301.2254372987747;206.02978947499682
481.78;140.1429;301.2254372987747;206.02978947499682
545.79;139.3143;301.2254372987747;206.02978947499682
141.31;137.5714;301.2254372987747;206.02978947499682
192.51;139.1143;301.2254372987747;206.02978947499682
172.03;137.5429;301.2254372987747;206.02978947499682
72.19;137.5714;301.2254372987747;206.02978947499682
72.19;136.2;301.2254372987747;206.02978947499682
67.07;135.9429;301.2254372987747;206.02978947499682
305.15;136.6857;301.2254372987747;206.02978947499682
348.67;135.8571;301.2254372987747;206.02978947499682
364.03;134.8857;301.2254372987747;206.02978947499682
481.79;134.8;301.2254372987747;206.02978947499682
525.31;134.6571;301.2254372987747;206.02978947499682
620.03;133.4;301.2254372987747;206.02978947499682
614.92;134.8;301.2254372987747;206.02978947499682
59.4;133.2571;301.2254372987747;206.02978947499682
156.68;131.1714;301.2254372987747;206.02978947499682
97.79;131.2571;301.2254372987747;206.02978947499682
540.67;131.2571;301.2254372987747;206.02978947499682
520.19;129.0;301.2254372987747;206.02978947499682
361.47;130.4;301.2254372987747;206.02978947499682
451.07;130.0;301.2254372987747;206.02978947499682
576.52;130.1143;301.2254372987747;206.02978947499682
23.56;129.2571;301.2254372987747;206.02978947499682
228.36;128.2571;301.2254372987747;206.02978947499682
213.0;127.8571;301.2254372987747;206.02978947499682
61.96;128.3143;301.2254372987747;206.02978947499682
113.16;128.1714;301.2254372987747;206.02978947499682
330.76;128.9143;301.2254372987747;206.02978947499682
471.56;128.4857;301.2254372987747;206.02978947499682
609.81;127.2;301.2254372987747;206.02978947499682
90.13;126.2571;301.2254372987747;206.02978947499682
61.97;126.0571;301.2254372987747;206.02978947499682
59.4;125.6857;301.2254372987747;206.02978947499682
602.12;125.8286;301.2254372987747;206.02978947499682
614.92;125.8857;301.2254372987747;206.02978947499682
522.76;125.2286;301.2254372987747;206.02978947499682
397.32;124.7143;301.2254372987747;206.02978947499682
445.96;123.5143;301.2254372987747;206.02978947499682
410.12;123.6;301.2254372987747;206.02978947499682
474.12;122.2;301.2254372987747;206.02978947499682
581.65;123.8857;301.2254372987747;206.02978947499682
277.01;122.5429;301.2254372987747;206.02978947499682
202.77;121.3429;301.2254372987747;206.02978947499682
38.93;120.5429;301.2254372987747;206.02978947499682
415.25;121.5714;301.2254372987747;206.02978947499682
509.97;122.2571;301.2254372987747;206.02978947499682
604.7;120.8;301.2254372987747;206.02978947499682
64.54;120.7143;301.2254372987747;206.02978947499682
269.34;120.8;301.2254372987747;206.02978947499682
435.74;120.4286;301.2254372987747;206.02978947499682
381.98;118.7143;301.2254372987747;206.02978947499682
369.18;119.1714;301.2254372987747;206.02978947499682
207.9;118.6571;301.2254372987747;206.02978947499682
353.82;118.2857;301.2254372987747;206.02978947499682
538.14;117.0;301.2254372987747;206.02978947499682
461.34;116.9714;301.2254372987747;206.02978947499682
479.26;116.6;301.2254372987747;206.02978947499682
520.22;116.6571;301.2254372987747;206.02978947499682
609.82;116.1714;301.2254372987747;206.02978947499682
609.82;116.5143;301.2254372987747;206.02978947499682
494.62;116.5429;301.2254372987747;206.02978947499682
604.71;115.2286;301.2254372987747;206.02978947499682
61.99;115.0571;301.2254372987747;206.02978947499682
28.71;115.1714;301.2254372987747;206.02978947499682
141.35;114.3429;301.2254372987747;206.02978947499682
120.87;113.8;301.2254372987747;206.02978947499682
90.15;113.4857;301.2254372987747;206.02978947499682
125.99;112.5714;301.2254372987747;206.02978947499682
105.51;113.6;301.2254372987747;206.02978947499682
26.14;112.3143;301.2254372987747;206.02978947499682
581.66;112.2571;301.2254372987747;206.02978947499682
463.9;112.0571;301.2254372987747;206.02978947499682
428.06;110.7714;301.2254372987747;206.02978947499682
346.14;111.3714;301.2254372987747;206.02978947499682
46.61;109.6857;301.2254372987747;206.02978947499682
463.89;109.7143;301.2254372987747;206.02978947499682
287.25;109.1429;301.2254372987747;206.02978947499682
422.93;108.9429;301.2254372987747;206.02978947499682
430.61;105.8286;301.2254372987747;206.02978947499682
394.77;108.8571;301.2254372987747;206.02978947499682
82.45;106.9143;301.2254372987747;206.02978947499682
33.8;104.1143;301.2254372987747;206.02978947499682
540.68;104.6571;301.2254372987747;206.02978947499682
266.76;106.4;301.2254372987747;206.02978947499682
341.0;105.7429;301.2254372987747;206.02978947499682
131.07;105.8286;301.2254372987747;206.02978947499682
530.43;103.2286;301.2254372987747;206.02978947499682
218.1;104.0857;301.2254372987747;206.02978947499682
627.7;103.8857;301.2254372987747;206.02978947499682
474.1;104.1143;301.2254372987747;206.02978947499682
602.11;104.2;301.2254372987747;206.02978947499682
77.31;105.4286;301.2254372987747;206.02978947499682
46.58;102.9143;301.2254372987747;206.02978947499682
489.46;102.6;301.2254372987747;206.02978947499682
356.34;103.0286;301.2254372987747;206.02978947499682
420.34;100.6571;301.2254372987747;206.02978947499682
279.54;101.4286;301.2254372987747;206.02978947499682
56.81;100.0;301.2254372987747;206.02978947499682
522.73;102.6286;301.2254372987747;206.02978947499682
253.92;98.8857;301.2254372987747;206.02978947499682
620.0;102.0286;301.2254372987747;206.02978947499682
425.44;102.9429;301.2254372987747;206.02978947499682
451.04;101.9714;301.2254372987747;206.02978947499682
484.33;101.7143;301.2254372987747;206.02978947499682
8.17;102.6286;301.2254372987747;206.02978947499682
169.45;100.7714;301.2254372987747;206.02978947499682
97.77;100.7143;301.2254372987747;206.02978947499682
113.12;98.9714;301.2254372987747;206.02978947499682
571.36;99.2857;301.2254372987747;206.02978947499682
340.96;98.6;301.2254372987747;206.02978947499682
264.16;97.8857;301.2254372987747;206.02978947499682
120.79;96.9143;301.2254372987747;206.02978947499682
596.95;96.4;301.2254372987747;206.02978947499682
527.83;98.2;301.2254372987747;206.02978947499682
328.15;95.8;301.2254372987747;206.02978947499682
305.11;97.0286;301.2254372987747;206.02978947499682
348.63;95.8857;301.2254372987747;206.02978947499682
305.11;93.8286;301.2254372987747;206.02978947499682
264.15;94.7714;301.2254372987747;206.02978947499682
215.51;96.0857;301.2254372987747;206.02978947499682
125.91;94.8286;301.2254372987747;206.02978947499682
18.38;96.9714;301.2254372987747;206.02978947499682
538.06;95.6;301.2254372987747;206.02978947499682
366.54;95.1143;301.2254372987747;206.02978947499682
182.22;96.4286;301.2254372987747;206.02978947499682
179.65;93.6571;301.2254372987747;206.02978947499682
609.73;93.5714;301.2254372987747;206.02978947499682
369.09;94.1143;301.2254372987747;206.02978947499682
374.21;94.2;301.2254372987747;206.02978947499682
376.77;92.2857;301.2254372987747;206.02978947499682
340.93;93.4;301.2254372987747;206.02978947499682
215.49;92.5429;301.2254372987747;206.02978947499682
148.93;89.7143;301.2254372987747;206.02978947499682
184.77;92.5714;301.2254372987747;206.02978947499682
64.44;90.9143;301.2254372987747;206.02978947499682
602.04;91.7143;301.2254372987747;206.02978947499682
484.28;93.1714;301.2254372987747;206.02978947499682
422.84;92.3143;301.2254372987747;206.02978947499682
379.32;91.6571;301.2254372987747;206.02978947499682
422.84;89.2;301.2254372987747;206.02978947499682
399.8;89.2571;301.2254372987747;206.02978947499682
299.96;89.4286;301.2254372987747;206.02978947499682
346.04;90.9714;301.2254372987747;206.02978947499682
159.15;88.7429;301.2254372987747;206.02978947499682
573.87;87.0;301.2254372987747;206.02978947499682
435.63;89.8;301.2254372987747;206.02978947499682
351.15;88.4857;301.2254372987747;206.02978947499682
138.66;89.7143;301.2254372987747;206.02978947499682
532.9;89.0;301.2254372987747;206.02978947499682
292.26;86.5143;301.2254372987747;206.02978947499682
481.7;87.3143;301.2254372987747;206.02978947499682
189.85;86.6286;301.2254372987747;206.02978947499682
602.02;86.6286;301.2254372987747;206.02978947499682
31.14;87.2286;301.2254372987747;206.02978947499682
146.33;86.1714;301.2254372987747;206.02978947499682
612.25;88.5143;301.2254372987747;206.02978947499682
514.97;87.9429;301.2254372987747;206.02978947499682
305.05;87.9143;301.2254372987747;206.02978947499682
363.93;88.1714;301.2254372987747;206.02978947499682
317.85;87.4;301.2254372987747;206.02978947499682
164.25;85.4857;301.2254372987747;206.02978947499682
43.93;85.5429;301.2254372987747;206.02978947499682
15.76;86.2286;301.2254372987747;206.02978947499682
635.28;84.7429;301.2254372987747;206.02978947499682
555.92;85.3143;301.2254372987747;206.02978947499682
438.16;85.2;301.2254372987747;206.02978947499682
235.92;82.6286;301.2254372987747;206.02978947499682
54.16;82.8;301.2254372987747;206.02978947499682
56.72;82.5143;301.2254372987747;206.02978947499682
171.92;82.6286;301.2254372987747;206.02978947499682
256.4;83.2857;301.2254372987747;206.02978947499682
320.4;82.1714;301.2254372987747;206.02978947499682
374.16;84.8571;301.2254372987747;206.02978947499682
248.72;83.0286;301.2254372987747;206.02978947499682
166.8;83.4286;301.2254372987747;206.02978947499682
128.39;83.4571;301.2254372987747;206.02978947499682
601.99;82.5143;301.2254372987747;206.02978947499682
438.15;81.6;301.2254372987747;206.02978947499682
192.38;82.2;301.2254372987747;206.02978947499682
648.06;81.5714;301.2254372987747;206.02978947499682
466.3;81.7714;301.2254372987747;206.02978947499682
412.54;80.1143;301.2254372987747;206.02978947499682
310.14;80.2571;301.2254372987747;206.02978947499682
136.06;79.4857;301.2254372987747;206.02978947499682
235.9;79.7714;301.2254372987747;206.02978947499682
128.38;80.3143;301.2254372987747;206.02978947499682
54.13;79.8571;301.2254372987747;206.02978947499682
471.41;80.8571;301.2254372987747;206.02978947499682
302.45;81.5429;301.2254372987747;206.02978947499682
246.13;81.2571;301.2254372987747;206.02978947499682
397.17;79.6571;301.2254372987747;206.02978947499682
576.37;79.0;301.2254372987747;206.02978947499682
581.49;77.8571;301.2254372987747;206.02978947499682
427.89;78.6;301.2254372987747;206.02978947499682
384.37;78.4571;301.2254372987747;206.02978947499682
358.77;78.1143;301.2254372987747;206.02978947499682
302.45;76.9429;301.2254372987747;206.02978947499682
92.53;78.2286;301.2254372987747;206.02978947499682
187.25;77.0857;301.2254372987747;206.02978947499682
136.04;78.0857;301.2254372987747;206.02978947499682
504.68;78.2571;301.2254372987747;206.02978947499682
420.2;78.1429;301.2254372987747;206.02978947499682
320.36;78.1429;301.2254372987747;206.02978947499682
335.72;76.7714;301.2254372987747;206.02978947499682
276.84;75.3714;301.2254372987747;206.02978947499682
351.08;76.6571;301.2254372987747;206.02978947499682
491.88;76.6;301.2254372987747;206.02978947499682
476.52;74.3143;301.2254372987747;206.02978947499682
573.8;76.1429;301.2254372987747;206.02978947499682
215.39;75.4286;301.2254372987747;206.02978947499682
502.11;75.9714;301.2254372987747;206.02978947499682
330.59;76.0286;301.2254372987747;206.02978947499682
389.47;74.3143;301.2254372987747;206.02978947499682
530.27;75.5143;301.2254372987747;206.02978947499682
394.59;75.5143;301.2254372987747;206.02978947499682
386.91;75.3714;301.2254372987747;206.02978947499682
235.87;75.6857;301.2254372987747;206.02978947499682
151.39;74.8571;301.2254372987747;206.02978947499682
228.19;73.6;301.2254372987747;206.02978947499682
36.18;73.2571;301.2254372987747;206.02978947499682
619.86;74.0286;301.2254372987747;206.02978947499682
491.86;74.8857;301.2254372987747;206.02978947499682
363.86;74.9143;301.2254372987747;206.02978947499682
315.22;74.8571;301.2254372987747;206.02978947499682
317.78;73.8571;301.2254372987747;206.02978947499682
328.02;74.9143;301.2254372987747;206.02978947499682
532.82;75.3143;301.2254372987747;206.02978947499682
489.3;74.6286;301.2254372987747;206.02978947499682
304.98;73.1143;301.2254372987747;206.02978947499682
202.58;71.8571;301.2254372987747;206.02978947499682
153.93;72.2286;301.2254372987747;206.02978947499682
571.21;72.1429;301.2254372987747;206.02978947499682
596.82;72.5429;301.2254372987747;206.02978947499682
15.69;71.6857;301.2254372987747;206.02978947499682
504.65;70.7143;301.2254372987747;206.02978947499682
412.49;71.2;301.2254372987747;206.02978947499682
389.45;70.5714;301.2254372987747;206.02978947499682
182.09;69.3429;301.2254372987747;206.02978947499682
105.29;70.6857;301.2254372987747;206.02978947499682
56.64;69.6286;301.2254372987747;206.02978947499682
635.2;70.8;301.2254372987747;206.02978947499682
481.6;70.6;301.2254372987747;206.02978947499682
358.72;70.4286;301.2254372987747;206.02978947499682
315.2;69.2571;301.2254372987747;206.02978947499682
481.6;69.7714;301.2254372987747;206.02978947499682
514.88;69.5714;301.2254372987747;206.02978947499682
527.68;69.8571;301.2254372987747;206.02978947499682
443.2;69.4;301.2254372987747;206.02978947499682
328.0;69.6857;301.2254372987747;206.02978947499682
284.48;69.8286;301.2254372987747;206.02978947499682
353.6;68.0571;301.2254372987747;206.02978947499682
174.4;69.0571;301.2254372987747;206.02978947499682
10.55;69.1714;301.2254372987747;206.02978947499682
502.08;68.2;301.2254372987747;206.02978947499682
54.08;69.0571;301.2254372987747;206.02978947499682
166.72;68.2;301.2254372987747;206.02978947499682
112.96;66.6857;301.2254372987747;206.02978947499682
200.0;67.1429;301.2254372987747;206.02978947499682
248.64;67.3714;301.2254372987747;206.02978947499682
135.99;66.2857;301.2254372987747;206.02978947499682
591.67;66.9714;301.2254372987747;206.02978947499682
476.47;66.9714;301.2254372987747;206.02978947499682
233.27;67.8;301.2254372987747;206.02978947499682
184.63;66.8571;301.2254372987747;206.02978947499682
15.67;65.5714;301.2254372987747;206.02978947499682
194.87;67.1714;301.2254372987747;206.02978947499682
66.86;67.3143;301.2254372987747;206.02978947499682
619.82;67.1143;301.2254372987747;206.02978947499682
601.9;66.5429;301.2254372987747;206.02978947499682
463.67;65.8571;301.2254372987747;206.02978947499682
0.3;64.2857;301.2254372987747;206.02978947499682
645.43;65.0857;301.2254372987747;206.02978947499682
7.99;64.5429;301.2254372987747;206.02978947499682
64.3;65.8;301.2254372987747;206.02978947499682
586.54;65.9714;301.2254372987747;206.02978947499682
530.22;66.1714;301.2254372987747;206.02978947499682
560.94;65.4571;301.2254372987747;206.02978947499682
251.18;65.0857;301.2254372987747;206.02978947499682
23.34;64.3429;301.2254372987747;206.02978947499682
15.66;63.2;301.2254372987747;206.02978947499682
36.14;63.7714;301.2254372987747;206.02978947499682
74.54;64.0286;301.2254372987747;206.02978947499682
23.34;63.6286;301.2254372987747;206.02978947499682
15.66;63.8;301.2254372987747;206.02978947499682
5.41;63.0286;301.2254372987747;206.02978947499682
527.65;62.6857;301.2254372987747;206.02978947499682
558.37;62.4571;301.2254372987747;206.02978947499682
417.57;63.2;301.2254372987747;206.02978947499682
322.85;62.8286;301.2254372987747;206.02978947499682
171.81;63.0857;301.2254372987747;206.02978947499682
112.93;62.7143;301.2254372987747;206.02978947499682
312.61;62.5143;301.2254372987747;206.02978947499682
361.25;62.1429;301.2254372987747;206.02978947499682
317.73;61.9143;301.2254372987747;206.02978947499682
251.17;60.7714;301.2254372987747;206.02978947499682
240.93;61.0571;301.2254372987747;206.02978947499682
266.53;59.6286;301.2254372987747;206.02978947499682
269.09;59.5429;301.2254372987747;206.02978947499682
107.8;60.0857;301.2254372987747;206.02978947499682
560.92;60.8286;301.2254372987747;206.02978947499682
617.24;60.9143;301.2254372987747;206.02978947499682
543.0;60.5429;301.2254372987747;206.02978947499682
494.36;60.1429;301.2254372987747;206.02978947499682
402.2;60.0571;301.2254372987747;206.02978947499682
310.04;59.5143;301.2254372987747;206.02978947499682
125.72;60.2286;301.2254372987747;206.02978947499682
143.64;59.5429;301.2254372987747;206.02978947499682
33.55;59.4;301.2254372987747;206.02978947499682
624.91;59.3714;301.2254372987747;206.02978947499682
599.31;59.8857;301.2254372987747;206.02978947499682
537.87;59.3429;301.2254372987747;206.02978947499682
591.63;58.8857;301.2254372987747;206.02978947499682
548.11;58.7143;301.2254372987747;206.02978947499682
486.67;58.6;301.2254372987747;206.02978947499682
432.91;58.3143;301.2254372987747;206.02978947499682
471.31;58.5714;301.2254372987747;206.02978947499682
458.51;58.1714;301.2254372987747;206.02978947499682
340.75;57.7143;301.2254372987747;206.02978947499682
310.03;56.3714;301.2254372987747;206.02978947499682
327.95;57.5143;301.2254372987747;206.02978947499682
274.19;57.7429;301.2254372987747;206.02978947499682
207.63;57.8286;301.2254372987747;206.02978947499682
220.43;57.5429;301.2254372987747;206.02978947499682
54.03;56.8;301.2254372987747;206.02978947499682
59.15;55.8286;301.2254372987747;206.02978947499682
79.62;56.7429;301.2254372987747;206.02978947499682
599.3;55.8;301.2254372987747;206.02978947499682
512.26;55.0286;301.2254372987747;206.02978947499682
489.22;55.7143;301.2254372987747;206.02978947499682
407.3;55.6286;301.2254372987747;206.02978947499682
307.46;55.9143;301.2254372987747;206.02978947499682
438.02;54.7714;301.2254372987747;206.02978947499682
512.26;55.3714;301.2254372987747;206.02978947499682
519.94;54.4571;301.2254372987747;206.02978947499682
340.74;54.8286;301.2254372987747;206.02978947499682
322.82;54.5714;301.2254372987747;206.02978947499682
366.34;54.4857;301.2254372987747;206.02978947499682
412.42;55.6;301.2254372987747;206.02978947499682
391.94;54.8286;301.2254372987747;206.02978947499682
322.82;54.7429;301.2254372987747;206.02978947499682
148.73;53.7714;301.2254372987747;206.02978947499682
647.93;54.0;301.2254372987747;206.02978947499682
609.54;54.2857;301.2254372987747;206.02978947499682
25.86;54.3143;301.2254372987747;206.02978947499682
112.9;53.3429;301.2254372987747;206.02978947499682
102.66;53.4286;301.2254372987747;206.02978947499682
125.7;53.7714;301.2254372987747;206.02978947499682
36.09;53.4;301.2254372987747;206.02978947499682
622.33;53.6286;301.2254372987747;206.02978947499682
486.65;52.9429;301.2254372987747;206.02978947499682
455.93;53.3429;301.2254372987747;206.02978947499682
455.93;53.2857;301.2254372987747;206.02978947499682
450.81;53.2857;301.2254372987747;206.02978947499682
435.45;53.4286;301.2254372987747;206.02978947499682
327.93;53.2571;301.2254372987747;206.02978947499682
251.13;52.8571;301.2254372987747;206.02978947499682
169.21;52.6;301.2254372987747;206.02978947499682
118.01;51.7429;301.2254372987747;206.02978947499682
156.41;51.5143;301.2254372987747;206.02978947499682
184.57;50.8571;301.2254372987747;206.02978947499682
164.09;51.1429;301.2254372987747;206.02978947499682
54.0;50.8286;301.2254372987747;206.02978947499682
583.92;50.8857;301.2254372987747;206.02978947499682
542.96;50.5714;301.2254372987747;206.02978947499682
463.6;49.8857;301.2254372987747;206.02978947499682
333.04;50.8857;301.2254372987747;206.02978947499682
256.24;50.3714;301.2254372987747;206.02978947499682
151.28;50.0571;301.2254372987747;206.02978947499682
102.64;50.8857;301.2254372987747;206.02978947499682
187.12;50.7143;301.2254372987747;206.02978947499682
310.0;51.0;301.2254372987747;206.02978947499682
248.56;50.5714;301.2254372987747;206.02978947499682
197.36;50.0286;301.2254372987747;206.02978947499682
102.63;50.2857;301.2254372987747;206.02978947499682
637.67;49.4286;301.2254372987747;206.02978947499682
647.91;50.4286;301.2254372987747;206.02978947499682
629.99;49.6;301.2254372987747;206.02978947499682
537.83;49.9429;301.2254372987747;206.02978947499682
591.59;49.5714;301.2254372987747;206.02978947499682
622.32;49.7714;301.2254372987747;206.02978947499682
5.35;48.8286;301.2254372987747;206.02978947499682
583.91;49.1429;301.2254372987747;206.02978947499682
463.59;48.8571;301.2254372987747;206.02978947499682
466.15;48.3429;301.2254372987747;206.02978947499682
363.75;49.2571;301.2254372987747;206.02978947499682
281.83;49.1429;301.2254372987747;206.02978947499682
279.27;49.6286;301.2254372987747;206.02978947499682
240.87;49.5143;301.2254372987747;206.02978947499682
138.47;48.8571;301.2254372987747;206.02978947499682
107.75;48.9143;301.2254372987747;206.02978947499682
146.15;49.1429;301.2254372987747;206.02978947499682
217.83;48.9429;301.2254372987747;206.02978947499682
235.75;48.4;301.2254372987747;206.02978947499682
169.19;48.3143;301.2254372987747;206.02978947499682
10.46;48.3429;301.2254372987747;206.02978947499682
540.38;48.4857;301.2254372987747;206.02978947499682
563.42;48.4571;301.2254372987747;206.02978947499682
453.34;48.1714;301.2254372987747;206.02978947499682
327.9;48.0286;301.2254372987747;206.02978947499682
376.54;47.5714;301.2254372987747;206.02978947499682
407.26;47.2286;301.2254372987747;206.02978947499682
330.46;46.3714;301.2254372987747;206.02978947499682
225.5;46.6571;301.2254372987747;206.02978947499682
212.7;47.0571;301.2254372987747;206.02978947499682
71.9;46.9143;301.2254372987747;206.02978947499682
107.74;46.9714;301.2254372987747;206.02978947499682
71.9;46.5143;301.2254372987747;206.02978947499682
61.66;45.9143;301.2254372987747;206.02978947499682
169.18;46.4571;301.2254372987747;206.02978947499682
153.82;46.2286;301.2254372987747;206.02978947499682
36.05;46.2857;301.2254372987747;206.02978947499682
589.01;46.2857;301.2254372987747;206.02978947499682
525.01;46.1143;301.2254372987747;206.02978947499682
606.93;45.4286;301.2254372987747;206.02978947499682
507.09;45.3429;301.2254372987747;206.02978947499682
394.45;45.2857;301.2254372987747;206.02978947499682
417.49;45.7714;301.2254372987747;206.02978947499682
481.49;45.7429;301.2254372987747;206.02978947499682
473.81;45.8571;301.2254372987747;206.02978947499682
440.53;45.8;301.2254372987747;206.02978947499682
330.45;45.6;301.2254372987747;206.02978947499682
350.93;45.4;301.2254372987747;206.02978947499682
304.85;45.2;301.2254372987747;206.02978947499682
253.65;44.8571;301.2254372987747;206.02978947499682
302.29;44.0571;301.2254372987747;206.02978947499682
348.37;44.5143;301.2254372987747;206.02978947499682
266.45;44.1714;301.2254372987747;206.02978947499682
169.17;43.9714;301.2254372987747;206.02978947499682
56.52;43.6857;301.2254372987747;206.02978947499682
553.16;43.4571;301.2254372987747;206.02978947499682
478.92;43.7714;301.2254372987747;206.02978947499682
420.04;43.8571;301.2254372987747;206.02978947499682
363.72;43.9714;301.2254372987747;206.02978947499682
373.96;43.7714;301.2254372987747;206.02978947499682
274.12;43.3429;301.2254372987747;206.02978947499682
233.16;42.9143;301.2254372987747;206.02978947499682
315.08;43.1714;301.2254372987747;206.02978947499682
207.56;42.6286;301.2254372987747;206.02978947499682
240.84;42.5143;301.2254372987747;206.02978947499682
356.04;42.6;301.2254372987747;206.02978947499682
435.4;42.6857;301.2254372987747;206.02978947499682
394.44;42.7429;301.2254372987747;206.02978947499682
335.56;42.6;301.2254372987747;206.02978947499682
230.6;42.4571;301.2254372987747;206.02978947499682
112.84;41.9429;301.2254372987747;206.02978947499682
53.96;41.8286;301.2254372987747;206.02978947499682
100.04;41.9143;301.2254372987747;206.02978947499682
46.28;41.1714;301.2254372987747;206.02978947499682
46.28;41.4;301.2254372987747;206.02978947499682
12.99;41.8857;301.2254372987747;206.02978947499682
622.27;42.0857;301.2254372987747;206.02978947499682
571.07;42.3429;301.2254372987747;206.02978947499682
604.35;42.1143;301.2254372987747;206.02978947499682
524.99;42.0571;301.2254372987747;206.02978947499682
440.51;41.6857;301.2254372987747;206.02978947499682
532.67;41.6;301.2254372987747;206.02978947499682
583.87;41.6571;301.2254372987747;206.02978947499682
604.35;41.5143;301.2254372987747;206.02978947499682
542.91;41.1143;301.2254372987747;206.02978947499682
473.79;40.7143;301.2254372987747;206.02978947499682
450.75;40.4857;301.2254372987747;206.02978947499682
478.91;40.4286;301.2254372987747;206.02978947499682
455.87;40.0857;301.2254372987747;206.02978947499682
353.47;39.2286;301.2254372987747;206.02978947499682
361.15;39.7714;301.2254372987747;206.02978947499682
345.79;39.8571;301.2254372987747;206.02978947499682
330.43;39.9143;301.2254372987747;206.02978947499682
322.75;39.8286;301.2254372987747;206.02978947499682
271.55;40.0286;301.2254372987747;206.02978947499682
179.39;40.0;301.2254372987747;206.02978947499682
94.9;39.9143;301.2254372987747;206.02978947499682
645.3;39.6857;301.2254372987747;206.02978947499682
519.86;39.3143;301.2254372987747;206.02978947499682
522.42;39.1429;301.2254372987747;206.02978947499682
550.58;39.1714;301.2254372987747;206.02978947499682
578.74;39.1143;301.2254372987747;206.02978947499682
563.38;39.0857;301.2254372987747;206.02978947499682
455.86;39.0857;301.2254372987747;206.02978947499682
379.06;38.4571;301.2254372987747;206.02978947499682
396.98;38.0571;301.2254372987747;206.02978947499682
363.7;37.7143;301.2254372987747;206.02978947499682
353.46;37.9429;301.2254372987747;206.02978947499682
373.94;37.4286;301.2254372987747;206.02978947499682
46.88;37.4286;301.2254372987747;206.02978947499682
46.57;37.7429;301.2254372987747;206.02978947499682
46.62;37.9143;301.2254372987747;206.02978947499682
47.14;37.7429;301.2254372987747;206.02978947499682
47.47;37.7714;301.2254372987747;206.02978947499682
47.4;37.6286;301.2254372987747;206.02978947499682
47.3;37.2;301.2254372987747;206.02978947499682
47.27;36.8857;301.2254372987747;206.02978947499682
47.1;36.3714;301.2254372987747;206.02978947499682
46.87;36.7143;301.2254372987747;206.02978947499682
46.18;36.6571;301.2254372987747;206.02978947499682
45.77;36.4571;301.2254372987747;206.02978947499682
45.69;36.1429;301.2254372987747;206.02978947499682
45.48;36.4857;301.2254372987747;206.02978947499682
45.33;36.2857;301.2254372987747;206.02978947499682
45.18;36.0857;301.2254372987747;206.02978947499682
44.93;35.9429;301.2254372987747;206.02978947499682
44.89;36.0;301.2254372987747;206.02978947499682
44.79;35.8571;301.2254372987747;206.02978947499682
44.89;35.8571;301.2254372987747;206.02978947499682
44.71;35.5143;301.2254372987747;206.02978947499682
44.2;35.5714;301.2254372987747;206.02978947499682
43.96;35.6;301.2254372987747;206.02978947499682
44.11;35.4;301.2254372987747;206.02978947499682
43.92;35.1714;301.2254372987747;206.02978947499682
43.49;35.0571;301.2254372987747;206.02978947499682
43.51;35.1143;301.2254372987747;206.02978947499682
43.58;34.9143;301.2254372987747;206.02978947499682
43.56;34.6571;301.2254372987747;206.02978947499682
43.54;34.7429;301.2254372987747;206.02978947499682
43.34;34.5714;301.2254372987747;206.02978947499682
43.14;34.0286;301.2254372987747;206.02978947499682
43.23;34.0857;301.2254372987747;206.02978947499682
43.0;34.0571;301.2254372987747;206.02978947499682
42.71;33.7429;301.2254372987747;206.02978947499682
42.84;33.6571;301.2254372987747;206.02978947499682
43.12;33.4286;301.2254372987747;206.02978947499682
43.21;33.8857;301.2254372987747;206.02978947499682
43.3;33.4286;301.2254372987747;206.02978947499682
43.28;33.5143;301.2254372987747;206.02978947499682
43.35;33.8857;301.2254372987747;206.02978947499682
43.0;33.8286;301.2254372987747;206.02978947499682
42.95;33.6571;301.2254372987747;206.02978947499682
42.88;33.2571;301.2254372987747;206.02978947499682
42.67;32.7714;301.2254372987747;206.02978947499682
42.24;32.8857;301.2254372987747;206.02978947499682
41.85;32.8571;301.2254372987747;206.02978947499682
41.74;32.9429;301.2254372987747;206.02978947499682
41.5;32.8;301.2254372987747;206.02978947499682
41.08;32.4571;301.2254372987747;206.02978947499682
40.55;32.6571;301.2254372987747;206.02978947499682
40.79;32.8571;301.2254372987747;206.02978947499682
40.81;33.1143;301.2254372987747;206.02978947499682
40.94;33.0571;301.2254372987747;206.02978947499682
40.85;32.6286;301.2254372987747;206.02978947499682
41.2;32.2286;301.2254372987747;206.02978947499682
41.24;32.2;301.2254372987747;206.02978947499682
41.16;32.1143;301.2254372987747;206.02978947499682
40.91;32.0;301.2254372987747;206.02978947499682
40.62;31.6571;301.2254372987747;206.02978947499682
40.58;31.6;301.2254372987747;206.02978947499682
40.35;31.7143;301.2254372987747;206.02978947499682
39.85;31.5429;301.2254372987747;206.02978947499682
39.82;31.3143;301.2254372987747;206.02978947499682
39.73;31.0286;301.2254372987747;206.02978947499682
39.36;30.9429;301.2254372987747;206.02978947499682
39.27;30.8857;301.2254372987747;206.02978947499682
39.48;30.8571;301.2254372987747;206.02978947499682
39.36;30.9714;301.2254372987747;206.02978947499682
38.61;30.6857;301.2254372987747;206.02978947499682
38.85;30.8857;301.2254372987747;206.02978947499682
38.92;30.6286;301.2254372987747;206.02978947499682
38.78;30.4;301.2254372987747;206.02978947499682
38.75;30.5714;301.2254372987747;206.02978947499682
38.86;30.3714;301.2254372987747;206.02978947499682
38.67;30.3143;301.2254372987747;206.02978947499682
38.46;30.2857;301.2254372987747;206.02978947499682
38.18;30.1714;301.2254372987747;206.02978947499682
37.83;30.2;301.2254372987747;206.02978947499682
37.98;30.3429;301.2254372987747;206.02978947499682
37.57;30.4;301.2254372987747;206.02978947499682
37.26;30.3714;301.2254372987747;206.02978947499682
37.42;30.2286;301.2254372987747;206.02978947499682
37.76;30.0;301.2254372987747;206.02978947499682
37.48;29.8286;301.2254372987747;206.02978947499682
37.12;29.5143;301.2254372987747;206.02978947499682
37.2;29.3429;301.2254372987747;206.02978947499682
37.24;29.3429;301.2254372987747;206.02978947499682
37.02;29.2571;301.2254372987747;206.02978947499682
36.81;29.1714;301.2254372987747;206.02978947499682
36.71;29.0857;301.2254372987747;206.02978947499682
36.67;28.8571;301.2254372987747;206.02978947499682
36.81;28.8571;301.2254372987747;206.02978947499682
36.81;29.0;301.2254372987747;206.02978947499682
36.61;29.0571;301.2254372987747;206.02978947499682
36.15;29.0;301.2254372987747;206.02978947499682
36.18;28.7429;301.2254372987747;206.02978947499682
36.28;28.4;301.2254372987747;206.02978947499682
36.21;28.2;301.2254372987747;206.02978947499682
35.77;28.4;301.2254372987747;206.02978947499682
35.3;28.5143;301.2254372987747;206.02978947499682
35.3;28.2;301.2254372987747;206.02978947499682
35.55;27.6571;301.2254372987747;206.02978947499682
35.58;27.8286;301.2254372987747;206.02978947499682
35.33;27.6857;301.2254372987747;206.02978947499682
34.93;27.4857;301.2254372987747;206.02978947499682
34.95;27.4286;301.2254372987747;206.02978947499682
35.09;27.3143;301.2254372987747;206.02978947499682
35.09;27.1714;301.2254372987747;206.02978947499682
34.94;27.0571;301.2254372987747;206.02978947499682
35.23;27.0;301.2254372987747;206.02978947499682
35.22;26.7714;301.2254372987747;206.02978947499682
35.07;27.0286;301.2254372987747;206.02978947499682
34.77;26.8571;301.2254372987747;206.02978947499682
34.16;26.7714;301.2254372987747;206.02978947499682
34.05;26.8571;301.2254372987747;206.02978947499682
34.14;26.9143;301.2254372987747;206.02978947499682
34.29;26.8571;301.2254372987747;206.02978947499682
34.26;26.5714;301.2254372987747;206.02978947499682
34.12;26.4;301.2254372987747;206.02978947499682
34.13;26.3143;301.2254372987747;206.02978947499682
34.31;26.3143;301.2254372987747;206.02978947499682
34.33;26.2571;301.2254372987747;206.02978947499682
34.24;26.2571;301.2254372987747;206.02978947499682
33.97;26.2857;301.2254372987747;206.02978947499682
33.63;26.1714;301.2254372987747;206.02978947499682
33.54;25.9714;301.2254372987747;206.02978947499682
33.43;25.8;301.2254372987747;206.02978947499682
33.33;25.6;301.2254372987747;206.02978947499682
33.16;25.5429;301.2254372987747;206.02978947499682
33.17;25.6857;301.2254372987747;206.02978947499682
33.2;25.6857;301.2254372987747;206.02978947499682
33.09;25.6286;301.2254372987747;206.02978947499682
32.96;25.5143;301.2254372987747;206.02978947499682
32.72;25.3714;301.2254372987747;206.02978947499682
32.55;25.2571;301.2254372987747;206.02978947499682
32.59;25.2;301.2254372987747;206.02978947499682
32.5;25.0286;301.2254372987747;206.02978947499682
32.45;24.9714;301.2254372987747;206.02978947499682
32.28;24.9714;301.2254372987747;206.02978947499682
32.17;24.8857;301.2254372987747;206.02978947499682
32.07;24.6286;301.2254372987747;206.02978947499682
31.98;24.6;301.2254372987747;206.02978947499682
31.99;24.5143;301.2254372987747;206.02978947499682
31.94;24.1714;301.2254372987747;206.02978947499682
31.86;24.3143;301.2254372987747;206.02978947499682
31.76;24.2;301.2254372987747;206.02978947499682
31.55;24.0571;301.2254372987747;206.02978947499682
31.61;23.9429;301.2254372987747;206.02978947499682
31.74;23.9143;301.2254372987747;206.02978947499682
31.8;23.7714;301.2254372987747;206.02978947499682
31.81;23.7143;301.2254372987747;206.02978947499682
31.72;23.6286;301.2254372987747;206.02978947499682
31.62;23.5714;301.2254372987747;206.02978947499682
31.41;23.7429;301.2254372987747;206.02978947499682
31.26;23.7714;301.2254372987747;206.02978947499682
31.14;23.5143;301.2254372987747;206.02978947499682
30.94;23.4857;301.2254372987747;206.02978947499682
30.66;23.4857;301.2254372987747;206.02978947499682
30.75;23.3429;301.2254372987747;206.02978947499682
30.6;23.2571;301.2254372987747;206.02978947499682
30.41;23.4;301.2254372987747;206.02978947499682
30.4;23.4286;301.2254372987747;206.02978947499682
30.44;23.3143;301.2254372987747;206.02978947499682
30.42;23.2;301.2254372987747;206.02978947499682
30.4;23.1429;301.2254372987747;206.02978947499682
30.27;23.0286;301.2254372987747;206.02978947499682
30.03;23.0286;301.2254372987747;206.02978947499682
29.88;22.8857;301.2254372987747;206.02978947499682
29.86;22.9143;301.2254372987747;206.02978947499682
29.81;22.5714;301.2254372987747;206.02978947499682
29.66;22.4571;301.2254372987747;206.02978947499682
29.45;22.4;301.2254372987747;206.02978947499682
29.35;22.2;301.2254372987747;206.02978947499682
29.2;22.2571;301.2254372987747;206.02978947499682
29.05;22.2571;301.2254372987747;206.02978947499682
28.98;22.1714;301.2254372987747;206.02978947499682
28.88;21.9143;301.2254372987747;206.02978947499682
28.81;21.8286;301.2254372987747;206.02978947499682
28.64;21.8;301.2254372987747;206.02978947499682
28.45;21.6286;301.2254372987747;206.02978947499682
28.42;21.6857;301.2254372987747;206.02978947499682
28.41;21.7714;301.2254372987747;206.02978947499682
28.4;21.8857;301.2254372987747;206.02978947499682
28.34;21.7429;301.2254372987747;206.02978947499682
28.37;21.6571;301.2254372987747;206.02978947499682
28.31;21.4857;301.2254372987747;206.02978947499682
28.31;21.3714;301.2254372987747;206.02978947499682
28.11;21.4857;301.2254372987747;206.02978947499682
27.96;21.3429;301.2254372987747;206.02978947499682
27.86;21.2571;301.2254372987747;206.02978947499682
27.91;21.0571;301.2254372987747;206.02978947499682
27.84;20.9429;301.2254372987747;206.02978947499682
27.82;20.9429;301.2254372987747;206.02978947499682
27.79;20.7714;301.2254372987747;206.02978947499682
27.64;20.8;301.2254372987747;206.02978947499682
27.37;20.6;301.2254372987747;206.02978947499682
27.29;20.6286;301.2254372987747;206.02978947499682
27.05;20.5429;301.2254372987747;206.02978947499682
27.06;20.5143;301.2254372987747;206.02978947499682
27.0;20.4857;301.2254372987747;206.02978947499682
27.02;20.2286;301.2254372987747;206.02978947499682
26.99;20.2286;301.2254372987747;206.02978947499682
26.95;20.1143;301.2254372987747;206.02978947499682
26.81;20.1714;301.2254372987747;206.02978947499682
26.81;19.9714;301.2254372987747;206.02978947499682
26.67;19.9429;301.2254372987747;206.02978947499682
26.59;19.8;301.2254372987747;206.02978947499682
26.43;19.8;301.2254372987747;206.02978947499682
26.38;19.7714;301.2254372987747;206.02978947499682
26.25;19.5429;301.2254372987747;206.02978947499682
26.19;19.6;301.2254372987747;206.02978947499682
26.1;19.6571;301.2254372987747;206.02978947499682
25.94;19.5143;301.2254372987747;206.02978947499682
25.88;19.4571;301.2254372987747;206.02978947499682
25.71;19.2286;301.2254372987747;206.02978947499682
25.65;19.2857;301.2254372987747;206.02978947499682
25.48;19.2571;301.2254372987747;206.02978947499682
25.49;19.1714;301.2254372987747;206.02978947499682
25.37;19.2571;301.2254372987747;206.02978947499682
25.25;19.2286;301.2254372987747;206.02978947499682
25.16;19.1143;301.2254372987747;206.02978947499682
25.08;19.1143;301.2254372987747;206.02978947499682
25.05;19.0571;301.2254372987747;206.02978947499682
25.05;18.9429;301.2254372987747;206.02978947499682
25.08;18.8857;301.2254372987747;206.02978947499682
25.01;18.6571;301.2254372987747;206.02978947499682
24.9;18.4857;301.2254372987747;206.02978947499682
24.82;18.5143;301.2254372987747;206.02978947499682
24.77;18.5429;301.2254372987747;206.02978947499682
24.66;18.4;301.2254372987747;206.02978947499682
24.7;18.3143;301.2254372987747;206.02978947499682
24.73;18.3143;301.2254372987747;206.02978947499682
24.73;18.1143;301.2254372987747;206.02978947499682
24.6;17.8571;301.2254372987747;206.02978947499682
24.54;17.9714;301.2254372987747;206.02978947499682
24.52;17.9429;301.2254372987747;206.02978947499682
24.45;17.9429;301.2254372987747;206.02978947499682
24.3;17.7143;301.2254372987747;206.02978947499682
24.24;17.7714;301.2254372987747;206.02978947499682
23.97;17.6857;301.2254372987747;206.02978947499682
23.78;17.6857;301.2254372987747;206.02978947499682
23.63;17.5714;301.2254372987747;206.02978947499682
23.51;17.4571;301.2254372987747;206.02978947499682
23.52;17.2571;301.2254372987747;206.02978947499682
23.47;17.1143;301.2254372987747;206.02978947499682
23.37;17.0286;301.2254372987747;206.02978947499682
23.23;17.1714;301.2254372987747;206.02978947499682
23.12;17.0286;301.2254372987747;206.02978947499682
23.06;17.0286;301.2254372987747;206.02978947499682
22.96;16.9143;301.2254372987747;206.02978947499682
22.96;16.8286;301.2254372987747;206.02978947499682
22.96;16.8286;301.2254372987747;206.02978947499682
23.01;16.6571;301.2254372987747;206.02978947499682
22.92;16.6571;301.2254372987747;206.02978947499682
22.87;16.6571;301.2254372987747;206.02978947499682
22.8;16.5429;301.2254372987747;206.02978947499682
22.71;16.5143;301.2254372987747;206.02978947499682
22.75;16.4;301.2254372987747;206.02978947499682
22.64;16.2286;301.2254372987747;206.02978947499682
22.6;16.0571;301.2254372987747;206.02978947499682
22.41;16.1429;301.2254372987747;206.02978947499682
22.22;15.9714;301.2254372987747;206.02978947499682
22.24;16.0;301.2254372987747;206.02978947499682
22.18;15.9714;301.2254372987747;206.02978947499682
22.15;15.9143;301.2254372987747;206.02978947499682
22.04;15.8571;301.2254372987747;206.02978947499682
21.97;15.9143;301.2254372987747;206.02978947499682
21.88;15.8;301.2254372987747;206.02978947499682
21.84;15.8857;301.2254372987747;206.02978947499682
21.74;15.7429;301.2254372987747;206.02978947499682
21.63;15.6286;301.2254372987747;206.02978947499682
21.52;15.5429;301.2254372987747;206.02978947499682
21.47;15.3429;301.2254372987747;206.02978947499682
21.44;15.2571;301.2254372987747;206.02978947499682
21.31;15.2571;301.2254372987747;206.02978947499682
21.17;15.2857;301.2254372987747;206.02978947499682
21.16;15.1714;301.2254372987747;206.02978947499682
21.09;15.0286;301.2254372987747;206.02978947499682
21.02;14.9714;301.2254372987747;206.02978947499682
20.91;15.0;301.2254372987747;206.02978947499682
20.88;14.8286;301.2254372987747;206.02978947499682
20.89;14.9714;301.2254372987747;206.02978947499682
20.88;14.8571;301.2254372987747;206.02978947499682
20.75;14.8286;301.2254372987747;206.02978947499682
20.7;14.7143;301.2254372987747;206.02978947499682
20.59;14.6571;301.2254372987747;206.02978947499682
20.62;14.6286;301.2254372987747;206.02978947499682
20.6;14.5714;301.2254372987747;206.02978947499682
20.58;14.4286;301.2254372987747;206.02978947499682
20.54;14.4;301.2254372987747;206.02978947499682
20.51;14.3429;301.2254372987747;206.02978947499682
20.46;14.2857;301.2254372987747;206.02978947499682
20.48;14.2286;301.2254372987747;206.02978947499682
20.42;14.2;301.2254372987747;206.02978947499682
20.3;14.1429;301.2254372987747;206.02978947499682
20.12;14.0286;301.2254372987747;206.02978947499682
19.99;13.9429;301.2254372987747;206.02978947499682
19.96;13.8857;301.2254372987747;206.02978947499682
19.93;13.8571;301.2254372987747;206.02978947499682
19.84;13.9143;301.2254372987747;206.02978947499682
19.76;13.8286;301.2254372987747;206.02978947499682
19.69;13.8857;301.2254372987747;206.02978947499682
19.53;13.8286;301.2254372987747;206.02978947499682
19.43;13.6286;301.2254372987747;206.02978947499682
19.42;13.6;301.2254372987747;206.02978947499682
19.37;13.5429;301.2254372987747;206.02978947499682
19.31;13.6286;301.2254372987747;206.02978947499682
19.23;13.5714;301.2254372987747;206.02978947499682
19.19;13.4286;301.2254372987747;206.02978947499682
19.18;13.3429;301.2254372987747;206.02978947499682
19.11;13.3143;301.2254372987747;206.02978947499682
18.97;13.2571;301.2254372987747;206.02978947499682
18.87;13.1714;301.2254372987747;206.02978947499682
18.77;13.1429;301.2254372987747;206.02978947499682
18.63;13.0;301.2254372987747;206.02978947499682
18.6;12.9429;301.2254372987747;206.02978947499682
18.59;12.8857;301.2254372987747;206.02978947499682
18.51;12.8857;301.2254372987747;206.02978947499682
18.42;12.8571;301.2254372987747;206.02978947499682
18.4;12.7143;301.2254372987747;206.02978947499682
18.25;12.6571;301.2254372987747;206.02978947499682
18.23;12.6286;301.2254372987747;206.02978947499682
18.18;12.6571;301.2254372987747;206.02978947499682
18.05;12.5714;301.2254372987747;206.02978947499682
18.03;12.4571;301.2254372987747;206.02978947499682
17.99;12.3714;301.2254372987747;206.02978947499682
17.93;12.3143;301.2254372987747;206.02978947499682
17.86;12.2286;301.2254372987747;206.02978947499682
17.71;12.1714;301.2254372987747;206.02978947499682
17.62;12.0286;301.2254372987747;206.02978947499682
17.49;12.0857;301.2254372987747;206.02978947499682
17.49;11.9143;301.2254372987747;206.02978947499682
17.43;11.9143;301.2254372987747;206.02978947499682
17.38;11.8286;301.2254372987747;206.02978947499682
17.36;11.7429;301.2254372987747;206.02978947499682
17.28;11.7429;301.2254372987747;206.02978947499682
17.29;11.6857;301.2254372987747;206.02978947499682
17.3;11.6;301.2254372987747;206.02978947499682
17.25;11.6;301.2254372987747;206.02978947499682
17.25;11.5143;301.2254372987747;206.02978947499682
17.07;11.4286;301.2254372987747;206.02978947499682
16.97;11.3714;301.2254372987747;206.02978947499682
16.81;11.3429;301.2254372987747;206.02978947499682
16.77;11.2857;301.2254372987747;206.02978947499682
16.71;11.2286;301.2254372987747;206.02978947499682
16.66;11.1429;301.2254372987747;206.02978947499682
16.59;11.0286;301.2254372987747;206.02978947499682
16.53;11.0571;301.2254372987747;206.02978947499682
16.4;10.9429;301.2254372987747;206.02978947499682
16.4;10.9429;301.2254372987747;206.02978947499682
16.29;10.9143;301.2254372987747;206.02978947499682
16.33;10.8286;301.2254372987747;206.02978947499682
16.26;10.7429;301.2254372987747;206.02978947499682
16.25;10.6857;301.2254372987747;206.02978947499682
16.16;10.6286;301.2254372987747;206.02978947499682
16.07;10.5143;301.2254372987747;206.02978947499682
16.06;10.5143;301.2254372987747;206.02978947499682
15.93;10.4571;301.2254372987747;206.02978947499682
15.9;10.4286;301.2254372987747;206.02978947499682
15.77;10.4286;301.2254372987747;206.02978947499682
15.71;10.4;301.2254372987747;206.02978947499682
15.71;10.3143;301.2254372987747;206.02978947499682
15.59;10.2286;301.2254372987747;206.02978947499682
15.59;10.1429;301.2254372987747;206.02978947499682
15.54;10.1143;301.2254372987747;206.02978947499682
15.42;10.1429;301.2254372987747;206.02978947499682
15.35;10.0857;301.2254372987747;206.02978947499682
15.31;10.0571;301.2254372987747;206.02978947499682
15.23;9.9143;301.2254372987747;206.02978947499682
15.25;9.8857;301.2254372987747;206.02978947499682
15.24;9.8857;301.2254372987747;206.02978947499682
15.25;9.7714;301.2254372987747;206.02978947499682
15.15;9.7714;301.2254372987747;206.02978947499682
15.03;9.7143;301.2254372987747;206.02978947499682
14.96;9.6571;301.2254372987747;206.02978947499682
14.95;9.6;301.2254372987747;206.02978947499682
14.99;9.5429;301.2254372987747;206.02978947499682
14.93;9.4286;301.2254372987747;206.02978947499682
14.8;9.4286;301.2254372987747;206.02978947499682
14.72;9.3143;301.2254372987747;206.02978947499682
14.68;9.2286;301.2254372987747;206.02978947499682
14.64;9.3143;301.2254372987747;206.02978947499682
14.6;9.2286;301.2254372987747;206.02978947499682
14.46;9.1429;301.2254372987747;206.02978947499682
14.37;9.1714;301.2254372987747;206.02978947499682
14.27;9.0571;301.2254372987747;206.02978947499682
14.2;9.0;301.2254372987747;206.02978947499682
14.17;8.8571;301.2254372987747;206.02978947499682
14.15;8.8857;301.2254372987747;206.02978947499682
14.05;8.9429;301.2254372987747;206.02978947499682
13.99;8.9143;301.2254372987747;206.02978947499682
13.95;8.8571;301.2254372987747;206.02978947499682
13.92;8.7429;301.2254372987747;206.02978947499682
13.87;8.6857;301.2254372987747;206.02978947499682
13.78;8.6286;301.2254372987747;206.02978947499682
13.74;8.6286;301.2254372987747;206.02978947499682
13.66;8.4857;301.2254372987747;206.02978947499682
13.58;8.4571;301.2254372987747;206.02978947499682
13.48;8.5143;301.2254372987747;206.02978947499682
13.4;8.4571;301.2254372987747;206.02978947499682
13.35;8.4;301.2254372987747;206.02978947499682
13.26;8.3429;301.2254372987747;206.02978947499682
13.19;8.3143;301.2254372987747;206.02978947499682
13.12;8.2571;301.2254372987747;206.02978947499682
13.08;8.2571;301.2254372987747;206.02978947499682
13.07;8.2;301.2254372987747;206.02978947499682
13.04;8.1429;301.2254372987747;206.02978947499682
12.96;8.0571;301.2254372987747;206.02978947499682
12.86;7.9714;301.2254372987747;206.02978947499682
12.79;7.9143;301.2254372987747;206.02978947499682
12.75;7.9143;301.2254372987747;206.02978947499682
12.63;7.8571;301.2254372987747;206.02978947499682
12.64;7.8571;301.2254372987747;206.02978947499682
12.58;7.7429;301.2254372987747;206.02978947499682
12.48;7.7429;301.2254372987747;206.02978947499682
12.39;7.6857;301.2254372987747;206.02978947499682
12.35;7.6;301.2254372987747;206.02978947499682
12.28;7.5429;301.2254372987747;206.02978947499682
12.19;7.4571;301.2254372987747;206.02978947499682
12.15;7.4571;301.2254372987747;206.02978947499682
12.1;7.4286;301.2254372987747;206.02978947499682
12.04;7.4;301.2254372987747;206.02978947499682
12.0;7.2857;301.2254372987747;206.02978947499682
11.91;7.2857;301.2254372987747;206.02978947499682
11.82;7.2571;301.2254372987747;206.02978947499682
11.8;7.1714;301.2254372987747;206.02978947499682
11.76;7.2;301.2254372987747;206.02978947499682
11.66;7.0857;301.2254372987747;206.02978947499682
11.63;7.0857;301.2254372987747;206.02978947499682
11.59;7.0571;301.2254372987747;206.02978947499682
11.59;6.9714;301.2254372987747;206.02978947499682
11.52;6.9429;301.2254372987747;206.02978947499682
11.44;6.8857;301.2254372987747;206.02978947499682
11.39;6.8286;301.2254372987747;206.02978947499682
11.32;6.7714;301.2254372987747;206.02978947499682
11.31;6.7143;301.2254372987747;206.02978947499682
11.25;6.6571;301.2254372987747;206.02978947499682
11.23;6.6286;301.2254372987747;206.02978947499682
11.13;6.6571;301.2254372987747;206.02978947499682
11.1;6.5143;301.2254372987747;206.02978947499682
11.0;6.5143;301.2254372987747;206.02978947499682
10.97;6.5143;301.2254372987747;206.02978947499682
10.9;6.4;301.2254372987747;206.02978947499682
10.86;6.4;301.2254372987747;206.02978947499682
10.79;6.4286;301.2254372987747;206.02978947499682
10.74;6.2857;301.2254372987747;206.02978947499682
10.68;6.2286;301.2254372987747;206.02978947499682
10.61;6.2;301.2254372987747;206.02978947499682
10.54;6.2;301.2254372987747;206.02978947499682
10.45;6.1143;301.2254372987747;206.02978947499682
10.41;6.0857;301.2254372987747;206.02978947499682
10.36;6.0571;301.2254372987747;206.02978947499682
10.32;6.0;301.2254372987747;206.02978947499682
10.25;5.9714;301.2254372987747;206.02978947499682
10.2;5.8857;301.2254372987747;206.02978947499682
10.22;5.8571;301.2254372987747;206.02978947499682
10.09;5.8571;301.2254372987747;206.02978947499682
10.08;5.8;301.2254372987747;206.02978947499682
9.98;5.7429;301.2254372987747;206.02978947499682
9.95;5.7429;301.2254372987747;206.02978947499682
9.96;5.7429;301.2254372987747;206.02978947499682
9.9;5.7143;301.2254372987747;206.02978947499682
9.85;5.6;301.2254372987747;206.02978947499682
9.78;5.5143;301.2254372987747;206.02978947499682
9.73;5.5429;301.2254372987747;206.02978947499682
9.69;5.4857;301.2254372987747;206.02978947499682
9.64;5.4;301.2254372987747;206.02978947499682
9.57;5.3714;301.2254372987747;206.02978947499682
9.54;5.3143;301.2254372987747;206.02978947499682
9.51;5.3429;301.2254372987747;206.02978947499682
9.48;5.2571;301.2254372987747;206.02978947499682
9.41;5.2857;301.2254372987747;206.02978947499682
9.35;5.2571;301.2254372987747;206.02978947499682
9.31;5.2;301.2254372987747;206.02978947499682
9.25;5.1143;301.2254372987747;206.02978947499682
9.19;5.0571;301.2254372987747;206.02978947499682
9.14;5.0571;301.2254372987747;206.02978947499682
9.08;5.0;301.2254372987747;206.02978947499682
8.98;4.9714;301.2254372987747;206.02978947499682
8.95;4.9429;301.2254372987747;206.02978947499682
8.89;4.8857;301.2254372987747;206.02978947499682
8.84;4.8857;301.2254372987747;206.02978947499682
8.76;4.8286;301.2254372987747;206.02978947499682
8.71;4.7714;301.2254372987747;206.02978947499682
8.67;4.7429;301.2254372987747;206.02978947499682
8.61;4.6857;301.2254372987747;206.02978947499682
8.57;4.6286;301.2254372987747;206.02978947499682
8.5;4.5714;301.2254372987747;206.02978947499682
8.42;4.5714;301.2254372987747;206.02978947499682
8.38;4.5143;301.2254372987747;206.02978947499682
8.36;4.5143;301.2254372987747;206.02978947499682
8.3;4.4286;301.2254372987747;206.02978947499682
8.25;4.4286;301.2254372987747;206.02978947499682
8.21;4.3714;301.2254372987747;206.02978947499682
8.17;4.3143;301.2254372987747;206.02978947499682
8.09;4.2857;301.2254372987747;206.02978947499682
8.09;4.2286;301.2254372987747;206.02978947499682
8.02;4.1714;301.2254372987747;206.02978947499682
7.71;4.2;301.2254372987747;206.02978947499682
61.47;4.2;301.2254372987747;206.02978947499682
51.23;4.0857;301.2254372987747;206.02978947499682
38.43;4.0571;301.2254372987747;206.02978947499682
28.19;4.0286;301.2254372987747;206.02978947499682
17.94;4.0;301.2254372987747;206.02978947499682
652.82;3.9429;301.2254372987747;206.02978947499682
640.02;3.8857;301.2254372987747;206.02978947499682
622.1;3.8571;301.2254372987747;206.02978947499682
622.1;3.8286;301.2254372987747;206.02978947499682
609.3;3.8;301.2254372987747;206.02978947499682
596.5;3.8;301.2254372987747;206.02978947499682
583.7;3.7429;301.2254372987747;206.02978947499682
576.02;3.6857;301.2254372987747;206.02978947499682
558.1;3.6286;301.2254372987747;206.02978947499682
552.98;3.6571;301.2254372987747;206.02978947499682
542.74;3.5714;301.2254372987747;206.02978947499682
527.38;3.5429;301.2254372987747;206.02978947499682
514.58;3.5143;301.2254372987747;206.02978947499682
506.9;3.4286;301.2254372987747;206.02978947499682
488.98;3.4;301.2254372987747;206.02978947499682
478.74;3.4571;301.2254372987747;206.02978947499682
468.5;3.4286;301.2254372987747;206.02978947499682
455.7;3.4;301.2254372987747;206.02978947499682
445.46;3.3714;301.2254372987747;206.02978947499682
432.66;3.2571;301.2254372987747;206.02978947499682
417.3;3.1429;301.2254372987747;206.02978947499682
404.5;3.1714;301.2254372987747;206.02978947499682
396.82;3.0571;301.2254372987747;206.02978947499682
384.02;3.0857;301.2254372987747;206.02978947499682
376.34;3.1143;301.2254372987747;206.02978947499682
363.54;3.1143;301.2254372987747;206.02978947499682
355.86;3.0571;301.2254372987747;206.02978947499682
348.18;3.0286;301.2254372987747;206.02978947499682
337.94;2.9429;301.2254372987747;206.02978947499682
322.58;2.9143;301.2254372987747;206.02978947499682
312.34;2.8857;301.2254372987747;206.02978947499682
299.54;2.8286;301.2254372987747;206.02978947499682
286.74;2.7714;301.2254372987747;206.02978947499682
268.82;2.7143;301.2254372987747;206.02978947499682
266.26;2.7143;301.2254372987747;206.02978947499682
258.58;2.7714;301.2254372987747;206.02978947499682
248.34;2.7143;301.2254372987747;206.02978947499682
240.66;2.7429;301.2254372987747;206.02978947499682
230.42;2.6857;301.2254372987747;206.02978947499682
222.74;2.6;301.2254372987747;206.02978947499682
209.94;2.5429;301.2254372987747;206.02978947499682
197.14;2.5429;301.2254372987747;206.02978947499682
181.78;2.4;301.2254372987747;206.02978947499682
171.54;2.4857;301.2254372987747;206.02978947499682
158.74;2.4286;301.2254372987747;206.02978947499682
151.06;2.4571;301.2254372987747;206.02978947499682
135.7;2.4286;301.2254372987747;206.02978947499682
125.46;2.3429;301.2254372987747;206.02978947499682
117.78;2.3714;301.2254372987747;206.02978947499682
110.1;2.3429;301.2254372987747;206.02978947499682
94.74;2.3143;301.2254372987747;206.02978947499682
84.5;2.2286;301.2254372987747;206.02978947499682
69.14;2.2;301.2254372987747;206.02978947499682
58.9;2.1429;301.2254372987747;206.02978947499682
48.66;2.1429;301.2254372987747;206.02978947499682
35.86;2.1143;301.2254372987747;206.02978947499682
25.62;2.1429;301.2254372987747;206.02978947499682
12.81;2.1429;301.2254372987747;206.02978947499682
652.81;2.0857;301.2254372987747;206.02978947499682
645.13;2.0571;301.2254372987747;206.02978947499682
637.45;1.9429;301.2254372987747;206.02978947499682
624.65;1.8571;301.2254372987747;206.02978947499682
614.41;1.7429;301.2254372987747;206.02978947499682
601.61;1.8;301.2254372987747;206.02978947499682
593.93;1.7714;301.2254372987747;206.02978947499682
586.25;1.8;301.2254372987747;206.02978947499682
578.57;1.8286;301.2254372987747;206.02978947499682
568.33;1.7714;301.2254372987747;206.02978947499682
555.53;1.6857;301.2254372987747;206.02978947499682
545.29;1.6286;301.2254372987747;206.02978947499682
529.93;1.6;301.2254372987747;206.02978947499682
522.25;1.6286;301.2254372987747;206.02978947499682
506.89;1.6;301.2254372987747;206.02978947499682
499.21;1.5429;301.2254372987747;206.02978947499682
488.97;1.4857;301.2254372987747;206.02978947499682
481.29;1.5429;301.2254372987747;206.02978947499682
468.49;1.5143;301.2254372987747;206.02978947499682
460.81;1.3714;301.2254372987747;206.02978947499682
450.57;1.3714;301.2254372987747;206.02978947499682
440.33;1.3714;301.2254372987747;206.02978947499682
424.97;1.3143;301.2254372987747;206.02978947499682
417.29;1.3143;301.2254372987747;206.02978947499682
407.05;1.3429;301.2254372987747;206.02978947499682
394.25;1.3714;301.2254372987747;206.02978947499682
386.57;1.2571;301.2254372987747;206.02978947499682
376.33;1.2571;301.2254372987747;206.02978947499682
371.21;1.2857;301.2254372987747;206.02978947499682
360.97;1.2857;301.2254372987747;206.02978947499682
353.29;1.1143;301.2254372987747;206.02978947499682
337.93;1.1429;301.2254372987747;206.02978947499682
322.57;1.1429;301.2254372987747;206.02978947499682
317.45;1.0571;301.2254372987747;206.02978947499682
304.65;1.0857;301.2254372987747;206.02978947499682
294.41;1.0286;301.2254372987747;206.02978947499682
286.73;1.0571;301.2254372987747;206.02978947499682
273.93;1.0;301.2254372987747;206.02978947499682
271.37;0.9714;301.2254372987747;206.02978947499682
258.57;0.8571;301.2254372987747;206.02978947499682
253.45;0.9143;301.2254372987747;206.02978947499682
238.09;0.8857;301.2254372987747;206.02978947499682
232.97;0.8857;301.2254372987747;206.02978947499682
212.49;0.9143;301.2254372987747;206.02978947499682
207.37;0.9143;301.2254372987747;206.02978947499682
192.01;0.8571;301.2254372987747;206.02978947499682
181.77;0.8286;301.2254372987747;206.02978947499682
179.21;0.7429;301.2254372987747;206.02978947499682
174.09;0.8;301.2254372987747;206.02978947499682
163.85;0.8571;301.2254372987747;206.02978947499682
156.17;0.7429;301.2254372987747;206.02978947499682
143.37;0.7143;301.2254372987747;206.02978947499682
135.69;0.6857;301.2254372987747;206.02978947499682
122.89;0.6571;301.2254372987747;206.02978947499682
117.77;0.6571;301.2254372987747;206.02978947499682
110.09;0.6;301.2254372987747;206.02978947499682
99.85;0.5429;301.2254372987747;206.02978947499682
92.17;0.5429;301.2254372987747;206.02978947499682
84.49;0.5714;301.2254372987747;206.02978947499682
76.81;0.5714;301.2254372987747;206.02978947499682
71.69;0.6;301.2254372987747;206.02978947499682
61.45;0.4857;301.2254372987747;206.02978947499682
56.33;0.4571;301.2254372987747;206.02978947499682
43.53;0.5143;301.2254372987747;206.02978947499682
30.73;0.4857;301.2254372987747;206.02978947499682
23.05;0.5429;301.2254372987747;206.02978947499682
17.93;0.3714;301.2254372987747;206.02978947499682
12.81;0.3714;301.2254372987747;206.02978947499682
7.69;0.4286;301.2254372987747;206.02978947499682
2.56;0.3714;301.2254372987747;206.02978947499682
652.8;0.4571;301.2254372987747;206.02978947499682
640.0;0.3429;301.2254372987747;206.02978947499682
629.76;0.3429;301.2254372987747;206.02978947499682
616.96;0.3714;301.2254372987747;206.02978947499682
601.6;0.3143;301.2254372987747;206.02978947499682
593.92;0.3429;301.2254372987747;206.02978947499682
581.12;0.2571;301.2254372987747;206.02978947499682
576.0;0.2857;301.2254372987747;206.02978947499682
573.44;0.2286;301.2254372987747;206.02978947499682
565.76;0.2857;301.2254372987747;206.02978947499682
555.52;0.3143;301.2254372987747;206.02978947499682
545.28;0.2;301.2254372987747;206.02978947499682
535.04;0.2;301.2254372987747;206.02978947499682
529.92;0.1429;301.2254372987747;206.02978947499682
522.24;0.1429;301.2254372987747;206.02978947499682
512.0;0.1714;301.2254372987747;206.02978947499682
506.88;0.1714;301.2254372987747;206.02978947499682
499.2;0.2286;301.2254372987747;206.02978947499682
491.52;0.2;301.2254372987747;206.02978947499682
481.28;0.2286;301.2254372987747;206.02978947499682
473.6;0.1714;301.2254372987747;206.02978947499682
465.92;0.2571;301.2254372987747;206.02978947499682
458.24;0.0571;301.2254372987747;206.02978947499682
450.56;0.1429;301.2254372987747;206.02978947499682
442.88;0.2;301.2254372987747;206.02978947499682
437.76;0.2;301.2254372987747;206.02978947499682
427.52;0.2286;301.2254372987747;206.02978947499682
422.4;0.2;301.2254372987747;206.02978947499682
419.84;0.1714;301.2254372987747;206.02978947499682
417.28;0.1714;301.2254372987747;206.02978947499682
407.04;0.2;301.2254372987747;206.02978947499682
399.36;0.1429;301.2254372987747;206.02978947499682
391.68;0.2;301.2254372987747;206.02978947499682
381.44;0.2;301.2254372987747;206.02978947499682
373.76;0.2571;301.2254372987747;206.02978947499682
366.08;0.2;301.2254372987747;206.02978947499682
360.96;0.1143;301.2254372987747;206.02978947499682
353.28;0.2;301.2254372987747;206.02978947499682
345.6;0.1429;301.2254372987747;206.02978947499682
332.8;0.1143;301.2254372987747;206.02978947499682
325.12;0.1714;301.2254372987747;206.02978947499682
320.0;0.2;301.2254372987747;206.02978947499682
314.88;0.1714;301.2254372987747;206.02978947499682
309.76;0.0857;301.2254372987747;206.02978947499682
307.2;0.0571;301.2254372987747;206.02978947499682
299.52;0.1429;301.2254372987747;206.02978947499682
291.84;0.1429;301.2254372987747;206.02978947499682
286.72;0.1714;301.2254372987747;206.02978947499682
279.04;0.0857;301.2254372987747;206.02978947499682
276.48;0.0857;301.2254372987747;206.02978947499682
271.36;0.1714;301.2254372987747;206.02978947499682
266.24;0.1429;301.2254372987747;206.02978947499682
261.12;0.1143;301.2254372987747;206.02978947499682
253.44;0.0286;301.2254372987747;206.02978947499682
248.32;0.0857;301.2254372987747;206.02978947499682
240.64;0.1143;301.2254372987747;206.02978947499682
232.96;0.0286;301.2254372987747;206.02978947499682
230.4;0.0571;301.2254372987747;206.02978947499682
222.72;0.0286;301.2254372987747;206.02978947499682
217.6;0.0571;301.2254372987747;206.02978947499682
212.48;0.1429;301.2254372987747;206.02978947499682
204.8;0.1429;301.2254372987747;206.02978947499682
197.12;0.0286;301.2254372987747;206.02978947499682
192.0;0.0857;301.2254372987747;206.02978947499682
186.88;0.0571;301.2254372987747;206.02978947499682
184.32;0.1143;301.2254372987747;206.02978947499682
179.2;0.1429;301.2254372987747;206.02978947499682
174.08;0.0286;301.2254372987747;206.02978947499682
166.4;0.0857;301.2254372987747;206.02978947499682
161.28;0.1429;301.2254372987747;206.02978947499682
156.16;0.0571;301.2254372987747;206.02978947499682
151.04;0.1714;301.2254372987747;206.02978947499682
148.48;0.0857;301.2254372987747;206.02978947499682
145.92;0.2;301.2254372987747;206.02978947499682
140.8;-0.0286;301.2254372987747;206.02978947499682
138.24;0.0286;301.2254372987747;206.02978947499682
133.12;0.0571;301.2254372987747;206.02978947499682
128.0;0.1429;301.2254372987747;206.02978947499682
125.44;0.1429;301.2254372987747;206.02978947499682
122.88;0.0286;301.2254372987747;206.02978947499682
120.32;0.1429;301.2254372987747;206.02978947499682
115.2;0.0;301.2254372987747;206.02978947499682
110.08;0.0857;301.2254372987747;206.02978947499682
104.96;0.0286;301.2254372987747;206.02978947499682
102.4;0.0571;301.2254372987747;206.02978947499682
94.72;0.0286;301.2254372987747;206.02978947499682
92.16;0.0286;301.2254372987747;206.02978947499682
87.04;0.0857;301.2254372987747;206.02978947499682
87.04;0.0571;301.2254372987747;206.02978947499682
84.48;0.1429;301.2254372987747;206.02978947499682
81.92;0.0571;301.2254372987747;206.02978947499682
81.92;0.0571;301.2254372987747;206.02978947499682
76.8;0.1429;301.2254372987747;206.02978947499682
76.8;0.1429;301.2254372987747;206.02978947499682
74.24;0.1429;301.2254372987747;206.02978947499682
74.24;0.1143;301.2254372987747;206.02978947499682
74.24;0.0;301.2254372987747;206.02978947499682
71.68;0.0571;301.2254372987747;206.02978947499682
71.68;0.0571;301.2254372987747;206.02978947499682
71.68;0.0571;301.2254372987747;206.02978947499682
66.56;0.1143;301.2254372987747;206.02978947499682
69.12;0.0857;301.2254372987747;206.02978947499682
69.12;0.1143;301.2254372987747;206.02978947499682
66.56;0.1143;301.2254372987747;206.02978947499682
69.12;0.0286;301.2254372987747;206.02978947499682
64.0;0.1429;301.2254372987747;206.02978947499682
64.0;0.0286;301.2254372987747;206.02978947499682
61.44;0.0;301.2254372987747;206.02978947499682
58.88;0.1143;301.2254372987747;206.02978947499682
58.88;0.0571;301.2254372987747;206.02978947499682
58.88;0.0;301.2254372987747;206.02978947499682
58.88;0.0;301.2254372987747;206.02978947499682
56.32;0.0571;301.2254372987747;206.02978947499682
56.32;0.0857;301.2254372987747;206.02978947499682
56.32;0.1143;301.2254372987747;206.02978947499682
53.76;0.1143;301.2254372987747;206.02978947499682
