SF-A-022;Sensirion;RMSE;MAE
7.05;-6.7143;107.8066467064075;72.11919319850874
7.02;-6.6857;107.8066467064075;72.11919319850874
6.98;-6.6857;107.8066467064075;72.11919319850874
6.93;-6.6;107.8066467064075;72.11919319850874
6.86;-6.5429;107.8066467064075;72.11919319850874
6.83;-6.4571;107.8066467064075;72.11919319850874
6.79;-6.4286;107.8066467064075;72.11919319850874
6.75;-6.4286;107.8066467064075;72.11919319850874
6.74;-6.4;107.8066467064075;72.11919319850874
6.7;-6.3714;107.8066467064075;72.11919319850874
6.66;-6.3714;107.8066467064075;72.11919319850874
6.64;-6.3143;107.8066467064075;72.11919319850874
6.62;-6.2857;107.8066467064075;72.11919319850874
6.57;-6.2286;107.8066467064075;72.11919319850874
6.53;-6.2286;107.8066467064075;72.11919319850874
6.49;-6.1143;107.8066467064075;72.11919319850874
6.46;-6.1429;107.8066467064075;72.11919319850874
6.44;-6.1429;107.8066467064075;72.11919319850874
6.4;-6.1143;107.8066467064075;72.11919319850874
6.38;-6.0571;107.8066467064075;72.11919319850874
6.38;-6.0857;107.8066467064075;72.11919319850874
6.39;-6.1143;107.8066467064075;72.11919319850874
6.41;-6.1143;107.8066467064075;72.11919319850874
6.45;-6.1714;107.8066467064075;72.11919319850874
6.48;-6.2571;107.8066467064075;72.11919319850874
6.54;-6.2571;107.8066467064075;72.11919319850874
6.61;-6.3714;107.8066467064075;72.11919319850874
6.69;-6.4857;107.8066467064075;72.11919319850874
6.8;-6.5714;107.8066467064075;72.11919319850874
6.92;-6.6857;107.8066467064075;72.11919319850874
7.06;-6.8857;107.8066467064075;72.11919319850874
7.23;-7.0286;107.8066467064075;72.11919319850874
7.39;-7.1714;107.8066467064075;72.11919319850874
7.59;-7.3714;107.8066467064075;72.11919319850874
7.8;-7.6;107.8066467064075;72.11919319850874
8.04;-7.8571;107.8066467064075;72.11919319850874
8.3;-8.1714;107.8066467064075;72.11919319850874
8.59;-8.4;107.8066467064075;72.11919319850874
8.89;-8.7429;107.8066467064075;72.11919319850874
9.22;-9.0571;107.8066467064075;72.11919319850874
9.57;-9.3714;107.8066467064075;72.11919319850874
9.95;-9.7714;107.8066467064075;72.11919319850874
10.36;-10.1143;107.8066467064075;72.11919319850874
10.77;-10.5714;107.8066467064075;72.11919319850874
11.2;-11.0286;107.8066467064075;72.11919319850874
11.61;-11.4571;107.8066467064075;72.11919319850874
12.12;-11.8857;107.8066467064075;72.11919319850874
12.62;-12.3429;107.8066467064075;72.11919319850874
13.15;-12.8571;107.8066467064075;72.11919319850874
13.66;-13.3429;107.8066467064075;72.11919319850874
15.91;-13.9429;107.8066467064075;72.11919319850874
16.55;-14.4571;107.8066467064075;72.11919319850874
17.07;-15.0286;107.8066467064075;72.11919319850874
17.77;-15.6286;107.8066467064075;72.11919319850874
18.46;-16.1714;107.8066467064075;72.11919319850874
19.15;-16.7714;107.8066467064075;72.11919319850874
19.87;-17.4286;107.8066467064075;72.11919319850874
20.67;-17.9714;107.8066467064075;72.11919319850874
21.43;-18.8;107.8066467064075;72.11919319850874
22.21;-19.4286;107.8066467064075;72.11919319850874
23.05;-20.1429;107.8066467064075;72.11919319850874
23.88;-20.8286;107.8066467064075;72.11919319850874
24.61;-21.6286;107.8066467064075;72.11919319850874
25.46;-22.2857;107.8066467064075;72.11919319850874
26.23;-23.0857;107.8066467064075;72.11919319850874
26.94;-23.7429;107.8066467064075;72.11919319850874
27.78;-24.5429;107.8066467064075;72.11919319850874
28.55;-25.2857;107.8066467064075;72.11919319850874
29.26;-25.8571;107.8066467064075;72.11919319850874
29.89;-26.5714;107.8066467064075;72.11919319850874
30.56;-27.3143;107.8066467064075;72.11919319850874
31.14;-28.0286;107.8066467064075;72.11919319850874
32.02;-28.6857;107.8066467064075;72.11919319850874
32.88;-29.3429;107.8066467064075;72.11919319850874
33.54;-30.0857;107.8066467064075;72.11919319850874
34.21;-30.7143;107.8066467064075;72.11919319850874
35.09;-31.4;107.8066467064075;72.11919319850874
35.86;-32.3143;107.8066467064075;72.11919319850874
36.69;-33.0857;107.8066467064075;72.11919319850874
37.35;-33.7429;107.8066467064075;72.11919319850874
38.15;-34.4571;107.8066467064075;72.11919319850874
38.84;-35.2857;107.8066467064075;72.11919319850874
39.72;-35.9429;107.8066467064075;72.11919319850874
40.37;-36.6857;107.8066467064075;72.11919319850874
41.1;-37.4286;107.8066467064075;72.11919319850874
41.77;-38.0857;107.8066467064075;72.11919319850874
42.44;-38.9429;107.8066467064075;72.11919319850874
43.24;-39.5429;107.8066467064075;72.11919319850874
44.08;-40.4571;107.8066467064075;72.11919319850874
44.86;-41.0;107.8066467064075;72.11919319850874
45.52;-41.6571;107.8066467064075;72.11919319850874
46.42;-42.2286;107.8066467064075;72.11919319850874
47.05;-43.2286;107.8066467064075;72.11919319850874
47.77;-44.0857;107.8066467064075;72.11919319850874
48.44;-44.8286;107.8066467064075;72.11919319850874
49.2;-45.6286;107.8066467064075;72.11919319850874
50.02;-46.3143;107.8066467064075;72.11919319850874
50.57;-47.0571;107.8066467064075;72.11919319850874
51.33;-47.6571;107.8066467064075;72.11919319850874
51.99;-48.4286;107.8066467064075;72.11919319850874
54.34;-49.2;107.8066467064075;72.11919319850874
54.9;-49.6286;107.8066467064075;72.11919319850874
55.48;-50.4286;107.8066467064075;72.11919319850874
56.31;-50.9714;107.8066467064075;72.11919319850874
56.78;-51.9714;107.8066467064075;72.11919319850874
57.35;-52.4286;107.8066467064075;72.11919319850874
57.83;-53.3143;107.8066467064075;72.11919319850874
58.59;-53.7429;107.8066467064075;72.11919319850874
59.2;-54.3714;107.8066467064075;72.11919319850874
59.96;-55.2286;107.8066467064075;72.11919319850874
60.64;-55.4286;107.8066467064075;72.11919319850874
61.27;-56.2571;107.8066467064075;72.11919319850874
61.7;-56.3714;107.8066467064075;72.11919319850874
62.26;-57.2571;107.8066467064075;72.11919319850874
62.98;-57.8;107.8066467064075;72.11919319850874
63.72;-58.5429;107.8066467064075;72.11919319850874
64.26;-59.4;107.8066467064075;72.11919319850874
64.73;-60.0286;107.8066467064075;72.11919319850874
65.45;-60.1143;107.8066467064075;72.11919319850874
66.24;-60.6571;107.8066467064075;72.11919319850874
66.71;-61.0;107.8066467064075;72.11919319850874
67.26;-61.8286;107.8066467064075;72.11919319850874
67.6;-62.6571;107.8066467064075;72.11919319850874
68.13;-62.7714;107.8066467064075;72.11919319850874
68.78;-63.8286;107.8066467064075;72.11919319850874
69.67;-64.3143;107.8066467064075;72.11919319850874
70.36;-64.6857;107.8066467064075;72.11919319850874
70.84;-65.8857;107.8066467064075;72.11919319850874
71.59;-66.1143;107.8066467064075;72.11919319850874
72.07;-66.0857;107.8066467064075;72.11919319850874
72.69;-66.9429;107.8066467064075;72.11919319850874
73.2;-67.9714;107.8066467064075;72.11919319850874
73.78;-67.9429;107.8066467064075;72.11919319850874
73.97;-68.8;107.8066467064075;72.11919319850874
74.52;-69.7143;107.8066467064075;72.11919319850874
75.34;-70.1714;107.8066467064075;72.11919319850874
75.94;-70.4;107.8066467064075;72.11919319850874
76.49;-71.1429;107.8066467064075;72.11919319850874
77.22;-71.9429;107.8066467064075;72.11919319850874
77.62;-72.0571;107.8066467064075;72.11919319850874
78.45;-72.1714;107.8066467064075;72.11919319850874
78.62;-73.2571;107.8066467064075;72.11919319850874
79.02;-73.6857;107.8066467064075;72.11919319850874
79.79;-73.9429;107.8066467064075;72.11919319850874
80.34;-74.4857;107.8066467064075;72.11919319850874
81.0;-75.7143;107.8066467064075;72.11919319850874
81.47;-76.0286;107.8066467064075;72.11919319850874
82.04;-75.8;107.8066467064075;72.11919319850874
82.71;-77.0286;107.8066467064075;72.11919319850874
83.14;-77.7714;107.8066467064075;72.11919319850874
84.4;-78.2286;107.8066467064075;72.11919319850874
84.89;-78.8;107.8066467064075;72.11919319850874
85.07;-79.2;107.8066467064075;72.11919319850874
85.78;-80.0571;107.8066467064075;72.11919319850874
86.27;-80.2286;107.8066467064075;72.11919319850874
87.23;-80.0;107.8066467064075;72.11919319850874
87.69;-80.8857;107.8066467064075;72.11919319850874
88.45;-81.4857;107.8066467064075;72.11919319850874
89.07;-82.2857;107.8066467064075;72.11919319850874
89.38;-81.8571;107.8066467064075;72.11919319850874
89.53;-82.2857;107.8066467064075;72.11919319850874
89.59;-83.0286;107.8066467064075;72.11919319850874
89.98;-83.9714;107.8066467064075;72.11919319850874
90.68;-85.4;107.8066467064075;72.11919319850874
91.48;-85.8571;107.8066467064075;72.11919319850874
91.85;-85.6286;107.8066467064075;72.11919319850874
92.32;-86.3429;107.8066467064075;72.11919319850874
92.54;-86.5143;107.8066467064075;72.11919319850874
92.65;-86.7143;107.8066467064075;72.11919319850874
93.19;-87.1429;107.8066467064075;72.11919319850874
93.95;-87.2571;107.8066467064075;72.11919319850874
94.5;-87.9429;107.8066467064075;72.11919319850874
94.93;-89.0;107.8066467064075;72.11919319850874
95.35;-88.6857;107.8066467064075;72.11919319850874
95.9;-88.5714;107.8066467064075;72.11919319850874
96.62;-89.0857;107.8066467064075;72.11919319850874
96.68;-89.4571;107.8066467064075;72.11919319850874
96.76;-90.0571;107.8066467064075;72.11919319850874
97.14;-91.1714;107.8066467064075;72.11919319850874
97.63;-91.6571;107.8066467064075;72.11919319850874
98.3;-91.6857;107.8066467064075;72.11919319850874
98.96;-91.5714;107.8066467064075;72.11919319850874
98.99;-91.9429;107.8066467064075;72.11919319850874
99.43;-93.2571;107.8066467064075;72.11919319850874
100.28;-93.7143;107.8066467064075;72.11919319850874
100.44;-94.1714;107.8066467064075;72.11919319850874
100.08;-94.0857;107.8066467064075;72.11919319850874
100.85;-94.5714;107.8066467064075;72.11919319850874
101.78;-94.3143;107.8066467064075;72.11919319850874
101.78;-93.9714;107.8066467064075;72.11919319850874
102.8;-94.5714;107.8066467064075;72.11919319850874
103.08;-94.6286;107.8066467064075;72.11919319850874
103.29;-95.3429;107.8066467064075;72.11919319850874
103.69;-95.6571;107.8066467064075;72.11919319850874
103.6;-96.0;107.8066467064075;72.11919319850874
104.34;-96.6;107.8066467064075;72.11919319850874
104.47;-96.9429;107.8066467064075;72.11919319850874
104.76;-96.0857;107.8066467064075;72.11919319850874
105.92;-97.9429;107.8066467064075;72.11919319850874
105.77;-98.6571;107.8066467064075;72.11919319850874
107.37;-99.0571;107.8066467064075;72.11919319850874
107.68;-99.4571;107.8066467064075;72.11919319850874
107.91;-98.9429;107.8066467064075;72.11919319850874
108.01;-99.4571;107.8066467064075;72.11919319850874
108.93;-99.9143;107.8066467064075;72.11919319850874
109.09;-100.6571;107.8066467064075;72.11919319850874
109.82;-100.7714;107.8066467064075;72.11919319850874
110.38;-101.2857;107.8066467064075;72.11919319850874
110.23;-102.7143;107.8066467064075;72.11919319850874
110.44;-102.0857;107.8066467064075;72.11919319850874
110.85;-102.2857;107.8066467064075;72.11919319850874
111.66;-103.0286;107.8066467064075;72.11919319850874
111.94;-103.6286;107.8066467064075;72.11919319850874
111.94;-103.7714;107.8066467064075;72.11919319850874
111.97;-104.0571;107.8066467064075;72.11919319850874
112.37;-103.9714;107.8066467064075;72.11919319850874
113.07;-104.4;107.8066467064075;72.11919319850874
113.96;-104.6857;107.8066467064075;72.11919319850874
114.04;-106.1143;107.8066467064075;72.11919319850874
114.52;-105.7143;107.8066467064075;72.11919319850874
114.55;-107.5714;107.8066467064075;72.11919319850874
114.92;-106.3143;107.8066467064075;72.11919319850874
115.53;-106.0857;107.8066467064075;72.11919319850874
115.49;-106.4;107.8066467064075;72.11919319850874
116.09;-106.7429;107.8066467064075;72.11919319850874
116.82;-107.8571;107.8066467064075;72.11919319850874
116.88;-108.3143;107.8066467064075;72.11919319850874
117.21;-109.3429;107.8066467064075;72.11919319850874
117.61;-109.6286;107.8066467064075;72.11919319850874
117.68;-109.7429;107.8066467064075;72.11919319850874
117.45;-110.2;107.8066467064075;72.11919319850874
118.19;-110.2;107.8066467064075;72.11919319850874
119.0;-109.9143;107.8066467064075;72.11919319850874
119.69;-110.3429;107.8066467064075;72.11919319850874
119.82;-111.3714;107.8066467064075;72.11919319850874
119.87;-111.4286;107.8066467064075;72.11919319850874
119.42;-111.4571;107.8066467064075;72.11919319850874
119.5;-111.9714;107.8066467064075;72.11919319850874
119.58;-112.3429;107.8066467064075;72.11919319850874
120.41;-112.8857;107.8066467064075;72.11919319850874
120.91;-113.1429;107.8066467064075;72.11919319850874
122.08;-115.1429;107.8066467064075;72.11919319850874
122.07;-114.1143;107.8066467064075;72.11919319850874
122.22;-113.8571;107.8066467064075;72.11919319850874
122.48;-113.8286;107.8066467064075;72.11919319850874
122.69;-115.2;107.8066467064075;72.11919319850874
122.64;-114.0;107.8066467064075;72.11919319850874
122.66;-115.0857;107.8066467064075;72.11919319850874
123.03;-115.3714;107.8066467064075;72.11919319850874
123.03;-115.4857;107.8066467064075;72.11919319850874
123.99;-116.0286;107.8066467064075;72.11919319850874
123.9;-116.6571;107.8066467064075;72.11919319850874
124.17;-117.0;107.8066467064075;72.11919319850874
124.97;-116.5714;107.8066467064075;72.11919319850874
124.98;-116.6286;107.8066467064075;72.11919319850874
125.64;-117.6857;107.8066467064075;72.11919319850874
126.09;-117.1714;107.8066467064075;72.11919319850874
126.41;-117.4286;107.8066467064075;72.11919319850874
126.44;-117.5714;107.8066467064075;72.11919319850874
126.68;-117.0571;107.8066467064075;72.11919319850874
126.73;-117.5429;107.8066467064075;72.11919319850874
127.4;-117.8857;107.8066467064075;72.11919319850874
127.33;-118.8;107.8066467064075;72.11919319850874
127.66;-119.4;107.8066467064075;72.11919319850874
127.91;-119.7143;107.8066467064075;72.11919319850874
128.01;-120.2857;107.8066467064075;72.11919319850874
127.86;-119.2857;107.8066467064075;72.11919319850874
128.43;-119.1143;107.8066467064075;72.11919319850874
129.22;-120.2;107.8066467064075;72.11919319850874
129.47;-120.2571;107.8066467064075;72.11919319850874
129.41;-120.1714;107.8066467064075;72.11919319850874
129.44;-121.1714;107.8066467064075;72.11919319850874
129.96;-121.0857;107.8066467064075;72.11919319850874
129.74;-122.0571;107.8066467064075;72.11919319850874
129.93;-122.1143;107.8066467064075;72.11919319850874
129.97;-122.0286;107.8066467064075;72.11919319850874
130.24;-123.2;107.8066467064075;72.11919319850874
130.77;-122.6571;107.8066467064075;72.11919319850874
130.71;-120.8;107.8066467064075;72.11919319850874
131.21;-122.8857;107.8066467064075;72.11919319850874
131.04;-123.7143;107.8066467064075;72.11919319850874
131.35;-123.6857;107.8066467064075;72.11919319850874
131.78;-123.4;107.8066467064075;72.11919319850874
132.02;-124.2286;107.8066467064075;72.11919319850874
131.72;-124.9143;107.8066467064075;72.11919319850874
132.12;-124.4571;107.8066467064075;72.11919319850874
132.09;-124.6286;107.8066467064075;72.11919319850874
132.69;-125.0286;107.8066467064075;72.11919319850874
132.85;-125.4571;107.8066467064075;72.11919319850874
133.86;-124.9714;107.8066467064075;72.11919319850874
133.89;-124.4571;107.8066467064075;72.11919319850874
133.75;-123.9429;107.8066467064075;72.11919319850874
134.08;-125.4;107.8066467064075;72.11919319850874
134.65;-125.5714;107.8066467064075;72.11919319850874
134.41;-126.0286;107.8066467064075;72.11919319850874
134.26;-125.8;107.8066467064075;72.11919319850874
134.51;-126.0286;107.8066467064075;72.11919319850874
134.94;-126.7143;107.8066467064075;72.11919319850874
135.42;-126.1429;107.8066467064075;72.11919319850874
135.34;-126.9714;107.8066467064075;72.11919319850874
136.04;-126.7429;107.8066467064075;72.11919319850874
136.27;-127.4;107.8066467064075;72.11919319850874
136.01;-128.2857;107.8066467064075;72.11919319850874
135.71;-127.8286;107.8066467064075;72.11919319850874
136.13;-128.0857;107.8066467064075;72.11919319850874
136.56;-129.3143;107.8066467064075;72.11919319850874
136.57;-128.1429;107.8066467064075;72.11919319850874
136.85;-128.1143;107.8066467064075;72.11919319850874
136.96;-128.6857;107.8066467064075;72.11919319850874
136.93;-128.7429;107.8066467064075;72.11919319850874
137.45;-129.1429;107.8066467064075;72.11919319850874
137.87;-130.4;107.8066467064075;72.11919319850874
137.26;-129.7714;107.8066467064075;72.11919319850874
137.34;-129.6857;107.8066467064075;72.11919319850874
137.61;-129.5143;107.8066467064075;72.11919319850874
137.74;-129.2286;107.8066467064075;72.11919319850874
137.83;-129.6286;107.8066467064075;72.11919319850874
138.42;-128.6571;107.8066467064075;72.11919319850874
138.78;-129.6;107.8066467064075;72.11919319850874
139.1;-129.8571;107.8066467064075;72.11919319850874
139.91;-130.6;107.8066467064075;72.11919319850874
139.93;-130.2286;107.8066467064075;72.11919319850874
139.87;-131.2286;107.8066467064075;72.11919319850874
140.02;-131.0571;107.8066467064075;72.11919319850874
140.17;-132.1714;107.8066467064075;72.11919319850874
140.7;-131.6571;107.8066467064075;72.11919319850874
140.6;-131.2857;107.8066467064075;72.11919319850874
140.28;-131.4;107.8066467064075;72.11919319850874
140.24;-131.6571;107.8066467064075;72.11919319850874
140.79;-132.0571;107.8066467064075;72.11919319850874
140.98;-131.7714;107.8066467064075;72.11919319850874
141.11;-131.6;107.8066467064075;72.11919319850874
141.86;-132.6286;107.8066467064075;72.11919319850874
141.75;-132.6286;107.8066467064075;72.11919319850874
142.6;-133.8286;107.8066467064075;72.11919319850874
142.83;-134.2857;107.8066467064075;72.11919319850874
142.89;-134.8286;107.8066467064075;72.11919319850874
143.08;-134.9143;107.8066467064075;72.11919319850874
142.56;-133.6;107.8066467064075;72.11919319850874
141.98;-133.7714;107.8066467064075;72.11919319850874
142.55;-133.8286;107.8066467064075;72.11919319850874
142.7;-133.8857;107.8066467064075;72.11919319850874
142.71;-133.9429;107.8066467064075;72.11919319850874
143.33;-135.2;107.8066467064075;72.11919319850874
143.05;-135.2857;107.8066467064075;72.11919319850874
143.29;-133.7429;107.8066467064075;72.11919319850874
143.82;-135.1714;107.8066467064075;72.11919319850874
144.55;-135.2286;107.8066467064075;72.11919319850874
144.43;-137.1143;107.8066467064075;72.11919319850874
144.05;-135.8857;107.8066467064075;72.11919319850874
145.06;-136.4;107.8066467064075;72.11919319850874
145.53;-136.9429;107.8066467064075;72.11919319850874
145.63;-136.2;107.8066467064075;72.11919319850874
145.95;-135.3714;107.8066467064075;72.11919319850874
145.69;-136.3714;107.8066467064075;72.11919319850874
145.71;-135.5429;107.8066467064075;72.11919319850874
146.42;-136.6857;107.8066467064075;72.11919319850874
146.46;-136.1143;107.8066467064075;72.11919319850874
146.76;-136.3143;107.8066467064075;72.11919319850874
146.72;-136.8286;107.8066467064075;72.11919319850874
147.31;-136.6857;107.8066467064075;72.11919319850874
147.28;-139.0857;107.8066467064075;72.11919319850874
146.71;-138.6857;107.8066467064075;72.11919319850874
147.05;-138.6286;107.8066467064075;72.11919319850874
146.36;-137.9714;107.8066467064075;72.11919319850874
146.43;-138.9143;107.8066467064075;72.11919319850874
146.42;-138.8;107.8066467064075;72.11919319850874
147.08;-139.7143;107.8066467064075;72.11919319850874
147.96;-138.6286;107.8066467064075;72.11919319850874
148.2;-139.1714;107.8066467064075;72.11919319850874
149.11;-138.4286;107.8066467064075;72.11919319850874
149.77;-138.5429;107.8066467064075;72.11919319850874
149.25;-140.3429;107.8066467064075;72.11919319850874
149.48;-139.9143;107.8066467064075;72.11919319850874
149.56;-138.9429;107.8066467064075;72.11919319850874
149.41;-139.2;107.8066467064075;72.11919319850874
148.44;-139.6286;107.8066467064075;72.11919319850874
148.1;-140.1429;107.8066467064075;72.11919319850874
148.05;-139.4286;107.8066467064075;72.11919319850874
147.95;-139.1429;107.8066467064075;72.11919319850874
148.64;-138.8857;107.8066467064075;72.11919319850874
148.09;-139.3143;107.8066467064075;72.11919319850874
149.14;-140.2286;107.8066467064075;72.11919319850874
148.45;-140.9143;107.8066467064075;72.11919319850874
148.02;-141.5714;107.8066467064075;72.11919319850874
148.34;-141.9714;107.8066467064075;72.11919319850874
147.22;-142.4286;107.8066467064075;72.11919319850874
146.88;-143.2857;107.8066467064075;72.11919319850874
146.36;-141.9429;107.8066467064075;72.11919319850874
146.2;-142.4286;107.8066467064075;72.11919319850874
145.75;-143.1429;107.8066467064075;72.11919319850874
145.39;-142.6286;107.8066467064075;72.11919319850874
144.98;-141.6571;107.8066467064075;72.11919319850874
144.77;-141.1143;107.8066467064075;72.11919319850874
144.96;-140.6857;107.8066467064075;72.11919319850874
144.0;-141.6857;107.8066467064075;72.11919319850874
144.03;-141.9143;107.8066467064075;72.11919319850874
143.88;-140.2571;107.8066467064075;72.11919319850874
143.32;-142.7714;107.8066467064075;72.11919319850874
142.35;-141.5714;107.8066467064075;72.11919319850874
141.85;-141.4;107.8066467064075;72.11919319850874
141.95;-141.0857;107.8066467064075;72.11919319850874
141.31;-140.8;107.8066467064075;72.11919319850874
141.37;-141.4857;107.8066467064075;72.11919319850874
140.94;-141.3143;107.8066467064075;72.11919319850874
140.76;-140.1429;107.8066467064075;72.11919319850874
140.59;-138.8571;107.8066467064075;72.11919319850874
140.34;-137.4857;107.8066467064075;72.11919319850874
140.41;-139.7429;107.8066467064075;72.11919319850874
139.22;-138.4571;107.8066467064075;72.11919319850874
139.23;-139.1714;107.8066467064075;72.11919319850874
138.69;-137.8571;107.8066467064075;72.11919319850874
137.92;-136.6857;107.8066467064075;72.11919319850874
137.86;-138.4571;107.8066467064075;72.11919319850874
137.67;-137.2571;107.8066467064075;72.11919319850874
137.12;-136.4;107.8066467064075;72.11919319850874
136.36;-136.2;107.8066467064075;72.11919319850874
136.35;-135.4;107.8066467064075;72.11919319850874
136.87;-135.6571;107.8066467064075;72.11919319850874
136.19;-134.8;107.8066467064075;72.11919319850874
135.66;-133.9143;107.8066467064075;72.11919319850874
135.71;-133.7143;107.8066467064075;72.11919319850874
135.27;-135.0286;107.8066467064075;72.11919319850874
134.78;-134.5714;107.8066467064075;72.11919319850874
134.84;-135.1714;107.8066467064075;72.11919319850874
134.55;-134.4571;107.8066467064075;72.11919319850874
133.28;-134.7714;107.8066467064075;72.11919319850874
132.73;-134.6286;107.8066467064075;72.11919319850874
132.34;-133.2286;107.8066467064075;72.11919319850874
132.29;-131.4571;107.8066467064075;72.11919319850874
132.97;-130.8286;107.8066467064075;72.11919319850874
132.05;-131.9143;107.8066467064075;72.11919319850874
132.15;-131.2857;107.8066467064075;72.11919319850874
132.49;-132.2;107.8066467064075;72.11919319850874
132.44;-132.2;107.8066467064075;72.11919319850874
131.72;-132.1714;107.8066467064075;72.11919319850874
131.29;-131.9143;107.8066467064075;72.11919319850874
130.31;-130.4286;107.8066467064075;72.11919319850874
130.18;-130.1714;107.8066467064075;72.11919319850874
130.05;-130.1714;107.8066467064075;72.11919319850874
129.57;-129.4857;107.8066467064075;72.11919319850874
128.67;-128.4;107.8066467064075;72.11919319850874
129.04;-128.0286;107.8066467064075;72.11919319850874
129.04;-128.2571;107.8066467064075;72.11919319850874
128.58;-128.0286;107.8066467064075;72.11919319850874
128.01;-126.4;107.8066467064075;72.11919319850874
128.06;-125.6;107.8066467064075;72.11919319850874
127.52;-127.0571;107.8066467064075;72.11919319850874
126.75;-127.3714;107.8066467064075;72.11919319850874
126.84;-125.7714;107.8066467064075;72.11919319850874
126.39;-126.7714;107.8066467064075;72.11919319850874
126.01;-126.3429;107.8066467064075;72.11919319850874
125.95;-126.6;107.8066467064075;72.11919319850874
125.84;-126.0571;107.8066467064075;72.11919319850874
125.48;-124.3714;107.8066467064075;72.11919319850874
125.75;-124.2571;107.8066467064075;72.11919319850874
124.98;-123.8571;107.8066467064075;72.11919319850874
124.75;-124.0;107.8066467064075;72.11919319850874
124.78;-122.4;107.8066467064075;72.11919319850874
123.83;-122.2857;107.8066467064075;72.11919319850874
123.34;-121.9143;107.8066467064075;72.11919319850874
123.36;-122.1429;107.8066467064075;72.11919319850874
122.92;-122.9143;107.8066467064075;72.11919319850874
122.92;-121.9714;107.8066467064075;72.11919319850874
122.76;-121.2571;107.8066467064075;72.11919319850874
122.44;-121.8;107.8066467064075;72.11919319850874
122.43;-121.2;107.8066467064075;72.11919319850874
121.73;-121.1429;107.8066467064075;72.11919319850874
121.47;-121.6;107.8066467064075;72.11919319850874
121.24;-121.6571;107.8066467064075;72.11919319850874
121.13;-120.0857;107.8066467064075;72.11919319850874
120.93;-120.3143;107.8066467064075;72.11919319850874
120.64;-119.6857;107.8066467064075;72.11919319850874
120.66;-120.3429;107.8066467064075;72.11919319850874
120.22;-119.3143;107.8066467064075;72.11919319850874
119.69;-119.8857;107.8066467064075;72.11919319850874
119.87;-119.6857;107.8066467064075;72.11919319850874
119.79;-119.4;107.8066467064075;72.11919319850874
119.28;-119.3143;107.8066467064075;72.11919319850874
118.57;-118.6571;107.8066467064075;72.11919319850874
118.24;-118.5143;107.8066467064075;72.11919319850874
118.45;-118.7714;107.8066467064075;72.11919319850874
118.24;-117.1143;107.8066467064075;72.11919319850874
117.61;-117.6857;107.8066467064075;72.11919319850874
116.96;-117.3714;107.8066467064075;72.11919319850874
116.65;-117.0857;107.8066467064075;72.11919319850874
116.84;-116.8286;107.8066467064075;72.11919319850874
116.85;-115.8571;107.8066467064075;72.11919319850874
116.81;-115.0571;107.8066467064075;72.11919319850874
116.79;-115.3143;107.8066467064075;72.11919319850874
116.25;-115.0571;107.8066467064075;72.11919319850874
115.22;-116.2857;107.8066467064075;72.11919319850874
114.84;-113.8857;107.8066467064075;72.11919319850874
114.35;-115.4286;107.8066467064075;72.11919319850874
114.25;-114.1714;107.8066467064075;72.11919319850874
114.07;-113.7714;107.8066467064075;72.11919319850874
114.43;-114.3714;107.8066467064075;72.11919319850874
113.94;-114.6857;107.8066467064075;72.11919319850874
113.67;-112.8286;107.8066467064075;72.11919319850874
113.71;-112.0857;107.8066467064075;72.11919319850874
113.37;-111.2571;107.8066467064075;72.11919319850874
112.8;-112.5429;107.8066467064075;72.11919319850874
112.31;-112.2286;107.8066467064075;72.11919319850874
112.14;-110.8571;107.8066467064075;72.11919319850874
112.02;-110.5714;107.8066467064075;72.11919319850874
111.76;-112.1429;107.8066467064075;72.11919319850874
112.04;-111.4571;107.8066467064075;72.11919319850874
111.6;-111.1143;107.8066467064075;72.11919319850874
111.23;-110.4571;107.8066467064075;72.11919319850874
110.77;-110.8571;107.8066467064075;72.11919319850874
110.45;-109.5143;107.8066467064075;72.11919319850874
110.17;-108.8;107.8066467064075;72.11919319850874
110.02;-109.9714;107.8066467064075;72.11919319850874
110.04;-109.2;107.8066467064075;72.11919319850874
109.56;-108.9429;107.8066467064075;72.11919319850874
109.73;-109.1429;107.8066467064075;72.11919319850874
109.86;-109.4286;107.8066467064075;72.11919319850874
109.56;-108.0286;107.8066467064075;72.11919319850874
109.2;-108.2;107.8066467064075;72.11919319850874
108.86;-108.9714;107.8066467064075;72.11919319850874
108.46;-108.5429;107.8066467064075;72.11919319850874
108.28;-107.7143;107.8066467064075;72.11919319850874
107.9;-107.5143;107.8066467064075;72.11919319850874
107.52;-106.6;107.8066467064075;72.11919319850874
107.52;-106.3429;107.8066467064075;72.11919319850874
107.17;-106.4571;107.8066467064075;72.11919319850874
107.3;-106.4571;107.8066467064075;72.11919319850874
107.19;-106.6286;107.8066467064075;72.11919319850874
106.8;-106.7429;107.8066467064075;72.11919319850874
106.92;-105.7143;107.8066467064075;72.11919319850874
106.14;-106.4857;107.8066467064075;72.11919319850874
105.51;-106.3714;107.8066467064075;72.11919319850874
105.35;-105.4286;107.8066467064075;72.11919319850874
105.12;-105.6857;107.8066467064075;72.11919319850874
105.05;-104.4;107.8066467064075;72.11919319850874
104.88;-104.4;107.8066467064075;72.11919319850874
104.44;-104.6571;107.8066467064075;72.11919319850874
104.24;-103.8;107.8066467064075;72.11919319850874
104.18;-104.5429;107.8066467064075;72.11919319850874
103.39;-104.3143;107.8066467064075;72.11919319850874
103.36;-104.7429;107.8066467064075;72.11919319850874
103.73;-103.5429;107.8066467064075;72.11919319850874
103.71;-102.6571;107.8066467064075;72.11919319850874
103.61;-102.8;107.8066467064075;72.11919319850874
103.24;-102.9429;107.8066467064075;72.11919319850874
102.72;-103.3429;107.8066467064075;72.11919319850874
102.59;-102.7714;107.8066467064075;72.11919319850874
102.02;-102.6857;107.8066467064075;72.11919319850874
101.86;-101.8;107.8066467064075;72.11919319850874
101.88;-101.2286;107.8066467064075;72.11919319850874
100.98;-101.4571;107.8066467064075;72.11919319850874
100.8;-102.2286;107.8066467064075;72.11919319850874
100.75;-101.0571;107.8066467064075;72.11919319850874
100.75;-101.0571;107.8066467064075;72.11919319850874
100.64;-100.8857;107.8066467064075;72.11919319850874
100.02;-100.1143;107.8066467064075;72.11919319850874
100.11;-99.7143;107.8066467064075;72.11919319850874
99.71;-99.5714;107.8066467064075;72.11919319850874
99.67;-99.4;107.8066467064075;72.11919319850874
99.07;-99.5143;107.8066467064075;72.11919319850874
98.94;-99.3429;107.8066467064075;72.11919319850874
99.11;-98.6286;107.8066467064075;72.11919319850874
99.09;-98.1143;107.8066467064075;72.11919319850874
98.59;-98.3143;107.8066467064075;72.11919319850874
98.52;-98.4857;107.8066467064075;72.11919319850874
98.64;-99.0857;107.8066467064075;72.11919319850874
98.25;-99.5429;107.8066467064075;72.11919319850874
97.85;-98.1143;107.8066467064075;72.11919319850874
97.78;-97.9143;107.8066467064075;72.11919319850874
97.45;-97.5429;107.8066467064075;72.11919319850874
97.54;-96.8857;107.8066467064075;72.11919319850874
97.01;-97.0286;107.8066467064075;72.11919319850874
96.07;-96.6;107.8066467064075;72.11919319850874
96.12;-96.7429;107.8066467064075;72.11919319850874
96.6;-96.7714;107.8066467064075;72.11919319850874
96.12;-96.1714;107.8066467064075;72.11919319850874
95.96;-97.0;107.8066467064075;72.11919319850874
95.31;-96.0857;107.8066467064075;72.11919319850874
94.94;-95.0571;107.8066467064075;72.11919319850874
94.96;-95.3714;107.8066467064075;72.11919319850874
94.58;-94.4;107.8066467064075;72.11919319850874
94.88;-94.9429;107.8066467064075;72.11919319850874
94.84;-95.2;107.8066467064075;72.11919319850874
94.31;-93.9714;107.8066467064075;72.11919319850874
93.99;-94.2571;107.8066467064075;72.11919319850874
93.64;-94.0;107.8066467064075;72.11919319850874
93.75;-94.2857;107.8066467064075;72.11919319850874
93.41;-94.8857;107.8066467064075;72.11919319850874
93.58;-94.9429;107.8066467064075;72.11919319850874
93.41;-94.6;107.8066467064075;72.11919319850874
93.56;-93.3429;107.8066467064075;72.11919319850874
93.47;-93.2;107.8066467064075;72.11919319850874
93.29;-92.9429;107.8066467064075;72.11919319850874
93.35;-93.0857;107.8066467064075;72.11919319850874
92.61;-92.6857;107.8066467064075;72.11919319850874
92.21;-92.2;107.8066467064075;72.11919319850874
92.22;-92.4857;107.8066467064075;72.11919319850874
92.16;-92.9429;107.8066467064075;72.11919319850874
92.13;-92.4571;107.8066467064075;72.11919319850874
91.69;-91.9143;107.8066467064075;72.11919319850874
90.64;-91.2;107.8066467064075;72.11919319850874
91.04;-91.5143;107.8066467064075;72.11919319850874
90.82;-91.2857;107.8066467064075;72.11919319850874
90.83;-91.0;107.8066467064075;72.11919319850874
90.34;-90.7429;107.8066467064075;72.11919319850874
90.21;-90.6857;107.8066467064075;72.11919319850874
90.19;-90.8857;107.8066467064075;72.11919319850874
90.1;-90.0571;107.8066467064075;72.11919319850874
89.71;-89.4857;107.8066467064075;72.11919319850874
89.49;-88.6857;107.8066467064075;72.11919319850874
89.4;-89.8286;107.8066467064075;72.11919319850874
89.59;-88.7714;107.8066467064075;72.11919319850874
89.33;-89.3429;107.8066467064075;72.11919319850874
88.87;-89.0857;107.8066467064075;72.11919319850874
89.09;-89.5429;107.8066467064075;72.11919319850874
88.73;-89.1429;107.8066467064075;72.11919319850874
88.59;-89.5429;107.8066467064075;72.11919319850874
88.13;-89.8286;107.8066467064075;72.11919319850874
87.95;-89.4286;107.8066467064075;72.11919319850874
87.58;-89.3429;107.8066467064075;72.11919319850874
87.26;-88.6857;107.8066467064075;72.11919319850874
87.18;-87.5143;107.8066467064075;72.11919319850874
87.08;-87.8;107.8066467064075;72.11919319850874
86.91;-87.5143;107.8066467064075;72.11919319850874
86.85;-87.1143;107.8066467064075;72.11919319850874
86.76;-86.0857;107.8066467064075;72.11919319850874
86.66;-87.3143;107.8066467064075;72.11919319850874
86.63;-87.8857;107.8066467064075;72.11919319850874
86.3;-87.5429;107.8066467064075;72.11919319850874
86.06;-87.0;107.8066467064075;72.11919319850874
85.78;-86.3143;107.8066467064075;72.11919319850874
85.69;-86.4857;107.8066467064075;72.11919319850874
85.5;-86.7143;107.8066467064075;72.11919319850874
85.46;-87.3714;107.8066467064075;72.11919319850874
85.19;-86.7143;107.8066467064075;72.11919319850874
85.02;-87.0286;107.8066467064075;72.11919319850874
84.89;-86.1429;107.8066467064075;72.11919319850874
84.57;-85.7429;107.8066467064075;72.11919319850874
84.79;-85.2571;107.8066467064075;72.11919319850874
84.46;-85.2;107.8066467064075;72.11919319850874
84.4;-85.2;107.8066467064075;72.11919319850874
84.18;-85.4;107.8066467064075;72.11919319850874
83.72;-85.5143;107.8066467064075;72.11919319850874
83.74;-85.2857;107.8066467064075;72.11919319850874
83.8;-84.6;107.8066467064075;72.11919319850874
83.59;-83.8286;107.8066467064075;72.11919319850874
83.71;-84.1143;107.8066467064075;72.11919319850874
83.44;-83.9143;107.8066467064075;72.11919319850874
83.08;-83.6857;107.8066467064075;72.11919319850874
82.88;-83.6286;107.8066467064075;72.11919319850874
82.73;-83.4857;107.8066467064075;72.11919319850874
82.68;-83.4286;107.8066467064075;72.11919319850874
82.31;-83.0286;107.8066467064075;72.11919319850874
81.82;-83.1714;107.8066467064075;72.11919319850874
81.47;-82.4;107.8066467064075;72.11919319850874
81.54;-82.8286;107.8066467064075;72.11919319850874
81.36;-82.7714;107.8066467064075;72.11919319850874
81.17;-82.6571;107.8066467064075;72.11919319850874
81.2;-82.5143;107.8066467064075;72.11919319850874
80.89;-82.4286;107.8066467064075;72.11919319850874
80.93;-82.0571;107.8066467064075;72.11919319850874
80.7;-81.8286;107.8066467064075;72.11919319850874
80.47;-81.9714;107.8066467064075;72.11919319850874
80.09;-81.0;107.8066467064075;72.11919319850874
79.76;-80.8;107.8066467064075;72.11919319850874
79.85;-80.6;107.8066467064075;72.11919319850874
79.71;-81.0857;107.8066467064075;72.11919319850874
79.52;-80.3143;107.8066467064075;72.11919319850874
79.37;-80.4857;107.8066467064075;72.11919319850874
79.39;-80.4;107.8066467064075;72.11919319850874
79.13;-80.4;107.8066467064075;72.11919319850874
78.72;-80.7714;107.8066467064075;72.11919319850874
78.53;-80.6857;107.8066467064075;72.11919319850874
78.78;-80.1429;107.8066467064075;72.11919319850874
78.72;-79.5143;107.8066467064075;72.11919319850874
78.5;-79.0286;107.8066467064075;72.11919319850874
78.31;-79.4571;107.8066467064075;72.11919319850874
78.23;-79.0571;107.8066467064075;72.11919319850874
78.16;-79.4571;107.8066467064075;72.11919319850874
77.73;-79.6571;107.8066467064075;72.11919319850874
77.74;-79.3143;107.8066467064075;72.11919319850874
77.6;-78.5143;107.8066467064075;72.11919319850874
77.57;-77.7714;107.8066467064075;72.11919319850874
77.42;-78.3714;107.8066467064075;72.11919319850874
77.2;-78.1143;107.8066467064075;72.11919319850874
77.12;-78.2857;107.8066467064075;72.11919319850874
76.94;-78.8571;107.8066467064075;72.11919319850874
76.78;-78.6286;107.8066467064075;72.11919319850874
76.48;-78.4571;107.8066467064075;72.11919319850874
76.2;-77.6;107.8066467064075;72.11919319850874
76.13;-77.8286;107.8066467064075;72.11919319850874
76.22;-77.6286;107.8066467064075;72.11919319850874
76.15;-76.8857;107.8066467064075;72.11919319850874
75.81;-76.6286;107.8066467064075;72.11919319850874
75.59;-76.3143;107.8066467064075;72.11919319850874
75.43;-76.4286;107.8066467064075;72.11919319850874
75.38;-76.1429;107.8066467064075;72.11919319850874
75.22;-76.5714;107.8066467064075;72.11919319850874
75.46;-76.2;107.8066467064075;72.11919319850874
75.64;-75.5714;107.8066467064075;72.11919319850874
74.98;-76.2571;107.8066467064075;72.11919319850874
74.78;-76.0286;107.8066467064075;72.11919319850874
74.41;-75.7714;107.8066467064075;72.11919319850874
74.13;-75.7143;107.8066467064075;72.11919319850874
74.11;-75.0571;107.8066467064075;72.11919319850874
73.96;-75.3143;107.8066467064075;72.11919319850874
73.6;-75.4286;107.8066467064075;72.11919319850874
73.71;-74.3714;107.8066467064075;72.11919319850874
73.6;-74.2857;107.8066467064075;72.11919319850874
73.53;-74.4;107.8066467064075;72.11919319850874
73.43;-74.6857;107.8066467064075;72.11919319850874
72.89;-74.3429;107.8066467064075;72.11919319850874
72.89;-73.9143;107.8066467064075;72.11919319850874
72.72;-73.6;107.8066467064075;72.11919319850874
72.63;-73.6;107.8066467064075;72.11919319850874
72.66;-73.8;107.8066467064075;72.11919319850874
72.37;-73.0571;107.8066467064075;72.11919319850874
72.47;-72.8286;107.8066467064075;72.11919319850874
72.08;-73.0571;107.8066467064075;72.11919319850874
71.96;-73.0857;107.8066467064075;72.11919319850874
71.89;-73.2;107.8066467064075;72.11919319850874
71.71;-72.3429;107.8066467064075;72.11919319850874
71.56;-72.5714;107.8066467064075;72.11919319850874
71.25;-73.1714;107.8066467064075;72.11919319850874
71.06;-72.7429;107.8066467064075;72.11919319850874
70.95;-72.2857;107.8066467064075;72.11919319850874
70.89;-72.3143;107.8066467064075;72.11919319850874
70.8;-72.7429;107.8066467064075;72.11919319850874
70.74;-72.1429;107.8066467064075;72.11919319850874
70.66;-71.4571;107.8066467064075;72.11919319850874
70.29;-71.9143;107.8066467064075;72.11919319850874
70.18;-71.3714;107.8066467064075;72.11919319850874
70.26;-70.6857;107.8066467064075;72.11919319850874
70.0;-70.6;107.8066467064075;72.11919319850874
69.81;-71.2;107.8066467064075;72.11919319850874
69.73;-70.5714;107.8066467064075;72.11919319850874
69.71;-70.5143;107.8066467064075;72.11919319850874
69.5;-71.2;107.8066467064075;72.11919319850874
69.12;-71.1714;107.8066467064075;72.11919319850874
69.26;-70.8857;107.8066467064075;72.11919319850874
69.26;-70.3143;107.8066467064075;72.11919319850874
69.02;-69.7429;107.8066467064075;72.11919319850874
68.76;-70.1143;107.8066467064075;72.11919319850874
68.56;-69.8571;107.8066467064075;72.11919319850874
68.2;-69.9143;107.8066467064075;72.11919319850874
68.13;-69.8;107.8066467064075;72.11919319850874
68.04;-69.4;107.8066467064075;72.11919319850874
67.86;-69.1714;107.8066467064075;72.11919319850874
67.73;-69.1143;107.8066467064075;72.11919319850874
67.88;-69.4;107.8066467064075;72.11919319850874
67.72;-68.8286;107.8066467064075;72.11919319850874
67.53;-68.6;107.8066467064075;72.11919319850874
67.57;-68.6571;107.8066467064075;72.11919319850874
67.48;-68.7143;107.8066467064075;72.11919319850874
67.02;-68.1143;107.8066467064075;72.11919319850874
66.77;-68.5143;107.8066467064075;72.11919319850874
66.53;-68.3714;107.8066467064075;72.11919319850874
66.25;-68.3714;107.8066467064075;72.11919319850874
66.28;-68.5429;107.8066467064075;72.11919319850874
66.28;-68.4286;107.8066467064075;72.11919319850874
66.28;-67.6857;107.8066467064075;72.11919319850874
65.97;-67.6857;107.8066467064075;72.11919319850874
65.77;-68.0;107.8066467064075;72.11919319850874
66.24;-67.1714;107.8066467064075;72.11919319850874
65.97;-66.9714;107.8066467064075;72.11919319850874
65.66;-67.1714;107.8066467064075;72.11919319850874
65.25;-67.1714;107.8066467064075;72.11919319850874
65.18;-66.6286;107.8066467064075;72.11919319850874
65.09;-66.3429;107.8066467064075;72.11919319850874
65.18;-66.2;107.8066467064075;72.11919319850874
64.88;-65.8286;107.8066467064075;72.11919319850874
64.67;-66.0571;107.8066467064075;72.11919319850874
64.7;-66.3143;107.8066467064075;72.11919319850874
64.6;-65.7429;107.8066467064075;72.11919319850874
64.6;-66.0571;107.8066467064075;72.11919319850874
64.44;-66.3714;107.8066467064075;72.11919319850874
64.39;-65.5143;107.8066467064075;72.11919319850874
64.29;-65.2571;107.8066467064075;72.11919319850874
64.2;-65.6857;107.8066467064075;72.11919319850874
64.05;-65.2286;107.8066467064075;72.11919319850874
63.87;-64.7143;107.8066467064075;72.11919319850874
63.92;-65.5429;107.8066467064075;72.11919319850874
63.76;-65.6571;107.8066467064075;72.11919319850874
63.58;-64.4286;107.8066467064075;72.11919319850874
63.49;-65.3714;107.8066467064075;72.11919319850874
63.45;-64.8286;107.8066467064075;72.11919319850874
63.44;-64.0286;107.8066467064075;72.11919319850874
63.34;-64.1429;107.8066467064075;72.11919319850874
63.04;-64.3429;107.8066467064075;72.11919319850874
63.06;-63.5714;107.8066467064075;72.11919319850874
62.93;-63.7429;107.8066467064075;72.11919319850874
62.62;-63.9714;107.8066467064075;72.11919319850874
62.43;-63.8;107.8066467064075;72.11919319850874
62.33;-63.4286;107.8066467064075;72.11919319850874
62.4;-63.5714;107.8066467064075;72.11919319850874
62.4;-63.4571;107.8066467064075;72.11919319850874
62.29;-63.9429;107.8066467064075;72.11919319850874
62.25;-63.1714;107.8066467064075;72.11919319850874
62.2;-62.8;107.8066467064075;72.11919319850874
61.81;-62.8286;107.8066467064075;72.11919319850874
61.49;-62.8286;107.8066467064075;72.11919319850874
61.42;-62.5429;107.8066467064075;72.11919319850874
61.17;-62.4;107.8066467064075;72.11919319850874
61.09;-62.1429;107.8066467064075;72.11919319850874
61.05;-62.3714;107.8066467064075;72.11919319850874
60.91;-62.6857;107.8066467064075;72.11919319850874
60.99;-62.3714;107.8066467064075;72.11919319850874
60.83;-62.7429;107.8066467064075;72.11919319850874
60.63;-62.1714;107.8066467064075;72.11919319850874
60.4;-62.0857;107.8066467064075;72.11919319850874
60.19;-61.9429;107.8066467064075;72.11919319850874
60.08;-62.0286;107.8066467064075;72.11919319850874
60.07;-61.8286;107.8066467064075;72.11919319850874
59.99;-61.9714;107.8066467064075;72.11919319850874
60.04;-61.7143;107.8066467064075;72.11919319850874
59.93;-61.3429;107.8066467064075;72.11919319850874
59.8;-61.7143;107.8066467064075;72.11919319850874
59.65;-61.2;107.8066467064075;72.11919319850874
59.59;-60.8857;107.8066467064075;72.11919319850874
59.41;-61.2286;107.8066467064075;72.11919319850874
59.17;-60.8571;107.8066467064075;72.11919319850874
59.02;-60.4286;107.8066467064075;72.11919319850874
58.94;-61.0286;107.8066467064075;72.11919319850874
59.0;-60.4286;107.8066467064075;72.11919319850874
59.05;-60.4857;107.8066467064075;72.11919319850874
58.77;-60.3143;107.8066467064075;72.11919319850874
58.74;-60.0857;107.8066467064075;72.11919319850874
58.79;-59.8857;107.8066467064075;72.11919319850874
58.46;-59.4;107.8066467064075;72.11919319850874
58.18;-59.4286;107.8066467064075;72.11919319850874
58.05;-59.4571;107.8066467064075;72.11919319850874
58.08;-59.0857;107.8066467064075;72.11919319850874
57.98;-59.2;107.8066467064075;72.11919319850874
58.01;-59.0571;107.8066467064075;72.11919319850874
57.73;-59.0857;107.8066467064075;72.11919319850874
57.49;-59.4857;107.8066467064075;72.11919319850874
57.66;-58.7143;107.8066467064075;72.11919319850874
57.31;-58.9143;107.8066467064075;72.11919319850874
57.19;-58.9429;107.8066467064075;72.11919319850874
57.02;-58.4286;107.8066467064075;72.11919319850874
56.97;-58.8571;107.8066467064075;72.11919319850874
56.86;-58.6286;107.8066467064075;72.11919319850874
56.62;-58.2857;107.8066467064075;72.11919319850874
56.45;-58.0571;107.8066467064075;72.11919319850874
56.42;-57.8286;107.8066467064075;72.11919319850874
56.51;-57.9714;107.8066467064075;72.11919319850874
56.45;-57.8571;107.8066467064075;72.11919319850874
56.41;-57.7143;107.8066467064075;72.11919319850874
56.23;-57.8;107.8066467064075;72.11919319850874
55.96;-57.6;107.8066467064075;72.11919319850874
55.79;-57.5429;107.8066467064075;72.11919319850874
55.51;-57.4;107.8066467064075;72.11919319850874
55.33;-57.0;107.8066467064075;72.11919319850874
55.25;-57.3714;107.8066467064075;72.11919319850874
55.27;-56.8857;107.8066467064075;72.11919319850874
55.08;-57.2;107.8066467064075;72.11919319850874
54.98;-57.0;107.8066467064075;72.11919319850874
55.02;-56.8;107.8066467064075;72.11919319850874
54.92;-57.0;107.8066467064075;72.11919319850874
54.87;-56.5143;107.8066467064075;72.11919319850874
54.69;-56.6571;107.8066467064075;72.11919319850874
54.65;-56.9429;107.8066467064075;72.11919319850874
54.52;-56.3429;107.8066467064075;72.11919319850874
54.44;-56.2286;107.8066467064075;72.11919319850874
54.33;-56.0286;107.8066467064075;72.11919319850874
54.2;-56.2286;107.8066467064075;72.11919319850874
53.97;-56.1714;107.8066467064075;72.11919319850874
53.8;-55.9714;107.8066467064075;72.11919319850874
53.78;-55.7714;107.8066467064075;72.11919319850874
53.48;-55.3714;107.8066467064075;72.11919319850874
53.4;-55.6857;107.8066467064075;72.11919319850874
53.46;-55.0286;107.8066467064075;72.11919319850874
53.41;-55.3143;107.8066467064075;72.11919319850874
53.17;-54.9714;107.8066467064075;72.11919319850874
53.09;-55.1143;107.8066467064075;72.11919319850874
53.02;-55.0286;107.8066467064075;72.11919319850874
52.77;-54.6571;107.8066467064075;72.11919319850874
52.75;-54.6857;107.8066467064075;72.11919319850874
52.74;-54.6;107.8066467064075;72.11919319850874
52.8;-54.6857;107.8066467064075;72.11919319850874
52.6;-54.6571;107.8066467064075;72.11919319850874
52.64;-54.4;107.8066467064075;72.11919319850874
52.63;-54.3714;107.8066467064075;72.11919319850874
52.43;-54.0;107.8066467064075;72.11919319850874
52.28;-54.0286;107.8066467064075;72.11919319850874
52.2;-53.7714;107.8066467064075;72.11919319850874
52.13;-54.0857;107.8066467064075;72.11919319850874
51.95;-53.7429;107.8066467064075;72.11919319850874
51.8;-53.3429;107.8066467064075;72.11919319850874
51.56;-53.4;107.8066467064075;72.11919319850874
51.61;-53.3143;107.8066467064075;72.11919319850874
51.52;-53.2857;107.8066467064075;72.11919319850874
51.4;-53.1714;107.8066467064075;72.11919319850874
51.29;-53.0571;107.8066467064075;72.11919319850874
51.11;-52.8;107.8066467064075;72.11919319850874
51.06;-52.7714;107.8066467064075;72.11919319850874
51.08;-52.6857;107.8066467064075;72.11919319850874
51.07;-52.8;107.8066467064075;72.11919319850874
50.93;-52.8286;107.8066467064075;72.11919319850874
50.92;-52.4286;107.8066467064075;72.11919319850874
50.46;-52.7429;107.8066467064075;72.11919319850874
50.27;-52.2;107.8066467064075;72.11919319850874
50.32;-52.2857;107.8066467064075;72.11919319850874
50.25;-52.0286;107.8066467064075;72.11919319850874
50.1;-52.0286;107.8066467064075;72.11919319850874
49.95;-51.8571;107.8066467064075;72.11919319850874
49.81;-51.5714;107.8066467064075;72.11919319850874
49.57;-51.7429;107.8066467064075;72.11919319850874
49.55;-51.4286;107.8066467064075;72.11919319850874
49.42;-51.4;107.8066467064075;72.11919319850874
49.43;-51.0857;107.8066467064075;72.11919319850874
49.12;-51.3429;107.8066467064075;72.11919319850874
49.12;-50.8857;107.8066467064075;72.11919319850874
49.04;-51.2;107.8066467064075;72.11919319850874
48.94;-50.8286;107.8066467064075;72.11919319850874
48.86;-51.0;107.8066467064075;72.11919319850874
48.8;-50.9143;107.8066467064075;72.11919319850874
48.74;-51.0;107.8066467064075;72.11919319850874
48.76;-50.7429;107.8066467064075;72.11919319850874
48.57;-50.4571;107.8066467064075;72.11919319850874
48.43;-50.2286;107.8066467064075;72.11919319850874
48.43;-50.2;107.8066467064075;72.11919319850874
48.45;-50.3429;107.8066467064075;72.11919319850874
48.36;-49.9714;107.8066467064075;72.11919319850874
48.07;-50.0;107.8066467064075;72.11919319850874
47.92;-49.7714;107.8066467064075;72.11919319850874
47.86;-50.0571;107.8066467064075;72.11919319850874
47.92;-49.9143;107.8066467064075;72.11919319850874
47.9;-49.9714;107.8066467064075;72.11919319850874
47.71;-49.6571;107.8066467064075;72.11919319850874
47.56;-49.6286;107.8066467064075;72.11919319850874
47.41;-49.4857;107.8066467064075;72.11919319850874
47.26;-49.3143;107.8066467064075;72.11919319850874
47.22;-49.4286;107.8066467064075;72.11919319850874
47.13;-49.5429;107.8066467064075;72.11919319850874
47.03;-49.3143;107.8066467064075;72.11919319850874
46.99;-49.0;107.8066467064075;72.11919319850874
46.84;-48.9143;107.8066467064075;72.11919319850874
46.66;-48.7143;107.8066467064075;72.11919319850874
46.56;-48.6571;107.8066467064075;72.11919319850874
46.65;-48.4571;107.8066467064075;72.11919319850874
46.53;-48.4286;107.8066467064075;72.11919319850874
46.45;-48.2286;107.8066467064075;72.11919319850874
46.44;-48.3714;107.8066467064075;72.11919319850874
46.39;-48.2286;107.8066467064075;72.11919319850874
46.24;-48.4857;107.8066467064075;72.11919319850874
46.16;-48.2571;107.8066467064075;72.11919319850874
46.12;-48.2286;107.8066467064075;72.11919319850874
46.02;-47.9429;107.8066467064075;72.11919319850874
45.92;-47.8286;107.8066467064075;72.11919319850874
45.57;-47.5429;107.8066467064075;72.11919319850874
45.53;-47.7429;107.8066467064075;72.11919319850874
45.43;-47.4571;107.8066467064075;72.11919319850874
45.22;-47.5714;107.8066467064075;72.11919319850874
45.14;-47.0286;107.8066467064075;72.11919319850874
45.13;-47.2286;107.8066467064075;72.11919319850874
45.06;-46.9429;107.8066467064075;72.11919319850874
44.96;-46.9714;107.8066467064075;72.11919319850874
44.89;-46.7429;107.8066467064075;72.11919319850874
44.79;-46.9714;107.8066467064075;72.11919319850874
44.58;-46.8286;107.8066467064075;72.11919319850874
44.52;-46.9429;107.8066467064075;72.11919319850874
44.54;-46.6286;107.8066467064075;72.11919319850874
44.65;-46.6286;107.8066467064075;72.11919319850874
44.5;-46.4571;107.8066467064075;72.11919319850874
44.33;-46.5429;107.8066467064075;72.11919319850874
44.28;-46.5143;107.8066467064075;72.11919319850874
44.02;-46.4;107.8066467064075;72.11919319850874
43.86;-46.0;107.8066467064075;72.11919319850874
43.74;-46.0286;107.8066467064075;72.11919319850874
43.63;-45.8857;107.8066467064075;72.11919319850874
43.53;-45.9429;107.8066467064075;72.11919319850874
43.45;-45.8;107.8066467064075;72.11919319850874
43.4;-45.8571;107.8066467064075;72.11919319850874
43.3;-45.6571;107.8066467064075;72.11919319850874
43.21;-45.4857;107.8066467064075;72.11919319850874
43.2;-45.2286;107.8066467064075;72.11919319850874
43.11;-45.2;107.8066467064075;72.11919319850874
43.03;-45.1429;107.8066467064075;72.11919319850874
42.87;-45.0286;107.8066467064075;72.11919319850874
42.75;-44.9429;107.8066467064075;72.11919319850874
42.72;-45.1143;107.8066467064075;72.11919319850874
42.74;-45.0;107.8066467064075;72.11919319850874
42.71;-44.7143;107.8066467064075;72.11919319850874
42.64;-44.8857;107.8066467064075;72.11919319850874
42.57;-44.5429;107.8066467064075;72.11919319850874
42.49;-44.6571;107.8066467064075;72.11919319850874
42.4;-44.2857;107.8066467064075;72.11919319850874
42.39;-44.1143;107.8066467064075;72.11919319850874
42.2;-44.0286;107.8066467064075;72.11919319850874
42.37;-44.3429;107.8066467064075;72.11919319850874
42.09;-44.0857;107.8066467064075;72.11919319850874
41.92;-44.2;107.8066467064075;72.11919319850874
41.8;-44.1714;107.8066467064075;72.11919319850874
41.81;-44.0571;107.8066467064075;72.11919319850874
41.61;-43.6857;107.8066467064075;72.11919319850874
41.5;-43.7714;107.8066467064075;72.11919319850874
41.43;-43.6286;107.8066467064075;72.11919319850874
41.27;-43.6571;107.8066467064075;72.11919319850874
41.35;-43.4286;107.8066467064075;72.11919319850874
41.0;-43.2571;107.8066467064075;72.11919319850874
40.91;-43.3714;107.8066467064075;72.11919319850874
40.9;-43.2571;107.8066467064075;72.11919319850874
40.79;-43.3143;107.8066467064075;72.11919319850874
40.71;-42.8571;107.8066467064075;72.11919319850874
40.65;-42.9143;107.8066467064075;72.11919319850874
40.51;-42.8;107.8066467064075;72.11919319850874
40.39;-42.7429;107.8066467064075;72.11919319850874
40.31;-42.6571;107.8066467064075;72.11919319850874
40.21;-42.5714;107.8066467064075;72.11919319850874
40.23;-42.2571;107.8066467064075;72.11919319850874
40.22;-42.1429;107.8066467064075;72.11919319850874
40.15;-42.3143;107.8066467064075;72.11919319850874
40.04;-42.0286;107.8066467064075;72.11919319850874
39.86;-42.2857;107.8066467064075;72.11919319850874
39.8;-41.9714;107.8066467064075;72.11919319850874
39.73;-42.0571;107.8066467064075;72.11919319850874
39.65;-41.7714;107.8066467064075;72.11919319850874
39.66;-41.7429;107.8066467064075;72.11919319850874
39.43;-41.5714;107.8066467064075;72.11919319850874
39.4;-41.4857;107.8066467064075;72.11919319850874
39.22;-41.4286;107.8066467064075;72.11919319850874
39.13;-41.3143;107.8066467064075;72.11919319850874
39.02;-41.2857;107.8066467064075;72.11919319850874
38.94;-41.1429;107.8066467064075;72.11919319850874
38.83;-41.0857;107.8066467064075;72.11919319850874
38.74;-41.1714;107.8066467064075;72.11919319850874
38.89;-40.8286;107.8066467064075;72.11919319850874
38.85;-40.8571;107.8066467064075;72.11919319850874
38.87;-40.8;107.8066467064075;72.11919319850874
38.8;-40.7714;107.8066467064075;72.11919319850874
38.61;-40.7714;107.8066467064075;72.11919319850874
38.5;-40.6857;107.8066467064075;72.11919319850874
38.53;-40.4857;107.8066467064075;72.11919319850874
38.36;-40.5429;107.8066467064075;72.11919319850874
38.16;-40.1714;107.8066467064075;72.11919319850874
38.04;-40.0857;107.8066467064075;72.11919319850874
37.93;-40.0;107.8066467064075;72.11919319850874
37.91;-40.0;107.8066467064075;72.11919319850874
37.83;-40.1429;107.8066467064075;72.11919319850874
37.69;-40.1714;107.8066467064075;72.11919319850874
37.59;-40.1429;107.8066467064075;72.11919319850874
37.51;-39.7429;107.8066467064075;72.11919319850874
37.46;-39.9429;107.8066467064075;72.11919319850874
37.54;-39.9143;107.8066467064075;72.11919319850874
37.42;-39.6857;107.8066467064075;72.11919319850874
37.28;-39.6571;107.8066467064075;72.11919319850874
37.17;-39.2857;107.8066467064075;72.11919319850874
37.08;-39.2571;107.8066467064075;72.11919319850874
36.98;-39.0571;107.8066467064075;72.11919319850874
36.97;-39.1143;107.8066467064075;72.11919319850874
36.9;-39.0286;107.8066467064075;72.11919319850874
36.7;-39.1143;107.8066467064075;72.11919319850874
36.64;-39.2286;107.8066467064075;72.11919319850874
36.56;-39.0;107.8066467064075;72.11919319850874
36.51;-38.9714;107.8066467064075;72.11919319850874
36.38;-38.7714;107.8066467064075;72.11919319850874
36.29;-38.6286;107.8066467064075;72.11919319850874
36.23;-38.6;107.8066467064075;72.11919319850874
36.13;-38.4857;107.8066467064075;72.11919319850874
35.99;-38.3714;107.8066467064075;72.11919319850874
35.86;-38.1429;107.8066467064075;72.11919319850874
35.83;-38.1714;107.8066467064075;72.11919319850874
35.81;-38.0857;107.8066467064075;72.11919319850874
35.78;-38.1143;107.8066467064075;72.11919319850874
35.67;-37.8857;107.8066467064075;72.11919319850874
35.56;-37.8;107.8066467064075;72.11919319850874
35.53;-37.7143;107.8066467064075;72.11919319850874
35.24;-37.6571;107.8066467064075;72.11919319850874
35.32;-37.7143;107.8066467064075;72.11919319850874
35.29;-37.6857;107.8066467064075;72.11919319850874
35.18;-37.7143;107.8066467064075;72.11919319850874
35.06;-37.5714;107.8066467064075;72.11919319850874
34.98;-37.2286;107.8066467064075;72.11919319850874
34.91;-37.3429;107.8066467064075;72.11919319850874
34.94;-37.2286;107.8066467064075;72.11919319850874
34.85;-37.0286;107.8066467064075;72.11919319850874
34.7;-36.9714;107.8066467064075;72.11919319850874
34.47;-36.8857;107.8066467064075;72.11919319850874
34.3;-36.9429;107.8066467064075;72.11919319850874
34.25;-36.6571;107.8066467064075;72.11919319850874
34.17;-36.7143;107.8066467064075;72.11919319850874
34.03;-36.8;107.8066467064075;72.11919319850874
33.99;-36.3714;107.8066467064075;72.11919319850874
33.84;-36.3429;107.8066467064075;72.11919319850874
33.9;-36.5143;107.8066467064075;72.11919319850874
33.93;-36.3714;107.8066467064075;72.11919319850874
33.81;-36.3714;107.8066467064075;72.11919319850874
33.73;-36.0571;107.8066467064075;72.11919319850874
33.82;-36.1714;107.8066467064075;72.11919319850874
33.76;-35.8857;107.8066467064075;72.11919319850874
33.8;-35.7714;107.8066467064075;72.11919319850874
33.69;-35.8571;107.8066467064075;72.11919319850874
33.58;-35.8;107.8066467064075;72.11919319850874
33.58;-35.7429;107.8066467064075;72.11919319850874
33.38;-35.6286;107.8066467064075;72.11919319850874
33.24;-35.6;107.8066467064075;72.11919319850874
33.22;-35.4571;107.8066467064075;72.11919319850874
33.31;-35.3429;107.8066467064075;72.11919319850874
33.22;-35.3143;107.8066467064075;72.11919319850874
32.84;-35.1714;107.8066467064075;72.11919319850874
32.67;-35.1429;107.8066467064075;72.11919319850874
32.56;-35.2;107.8066467064075;72.11919319850874
32.65;-35.1714;107.8066467064075;72.11919319850874
32.45;-34.9143;107.8066467064075;72.11919319850874
32.42;-34.7143;107.8066467064075;72.11919319850874
32.33;-34.6857;107.8066467064075;72.11919319850874
32.31;-34.7429;107.8066467064075;72.11919319850874
32.31;-34.7714;107.8066467064075;72.11919319850874
32.26;-34.5143;107.8066467064075;72.11919319850874
32.12;-34.5429;107.8066467064075;72.11919319850874
32.04;-34.5429;107.8066467064075;72.11919319850874
31.93;-34.2571;107.8066467064075;72.11919319850874
31.92;-34.2857;107.8066467064075;72.11919319850874
31.91;-34.0571;107.8066467064075;72.11919319850874
31.78;-34.1714;107.8066467064075;72.11919319850874
31.69;-34.0286;107.8066467064075;72.11919319850874
31.61;-33.8857;107.8066467064075;72.11919319850874
31.71;-33.8286;107.8066467064075;72.11919319850874
31.48;-33.8571;107.8066467064075;72.11919319850874
31.32;-33.7143;107.8066467064075;72.11919319850874
31.33;-33.5714;107.8066467064075;72.11919319850874
31.26;-33.4857;107.8066467064075;72.11919319850874
31.1;-33.2857;107.8066467064075;72.11919319850874
31.03;-33.2857;107.8066467064075;72.11919319850874
30.98;-33.0571;107.8066467064075;72.11919319850874
31.06;-33.1429;107.8066467064075;72.11919319850874
30.93;-32.9429;107.8066467064075;72.11919319850874
30.78;-32.9714;107.8066467064075;72.11919319850874
30.83;-32.9429;107.8066467064075;72.11919319850874
30.55;-32.6857;107.8066467064075;72.11919319850874
30.53;-32.6571;107.8066467064075;72.11919319850874
30.51;-32.5714;107.8066467064075;72.11919319850874
30.41;-32.6857;107.8066467064075;72.11919319850874
30.17;-32.7429;107.8066467064075;72.11919319850874
30.17;-32.6286;107.8066467064075;72.11919319850874
30.06;-32.5714;107.8066467064075;72.11919319850874
29.97;-32.4571;107.8066467064075;72.11919319850874
29.98;-32.3714;107.8066467064075;72.11919319850874
30.01;-32.3429;107.8066467064075;72.11919319850874
30.04;-32.3429;107.8066467064075;72.11919319850874
30.08;-32.2286;107.8066467064075;72.11919319850874
29.94;-32.1714;107.8066467064075;72.11919319850874
29.76;-32.1429;107.8066467064075;72.11919319850874
29.86;-31.8857;107.8066467064075;72.11919319850874
29.87;-31.8571;107.8066467064075;72.11919319850874
29.64;-31.7714;107.8066467064075;72.11919319850874
29.63;-31.8;107.8066467064075;72.11919319850874
29.59;-31.7429;107.8066467064075;72.11919319850874
29.55;-31.6286;107.8066467064075;72.11919319850874
29.25;-31.5714;107.8066467064075;72.11919319850874
29.09;-31.4857;107.8066467064075;72.11919319850874
28.96;-31.4286;107.8066467064075;72.11919319850874
29.05;-31.3714;107.8066467064075;72.11919319850874
28.91;-31.2571;107.8066467064075;72.11919319850874
28.83;-31.0571;107.8066467064075;72.11919319850874
28.78;-31.0857;107.8066467064075;72.11919319850874
28.62;-30.9714;107.8066467064075;72.11919319850874
28.6;-30.9714;107.8066467064075;72.11919319850874
28.49;-30.9429;107.8066467064075;72.11919319850874
28.42;-30.7714;107.8066467064075;72.11919319850874
28.38;-30.7143;107.8066467064075;72.11919319850874
28.25;-30.7429;107.8066467064075;72.11919319850874
28.13;-30.6;107.8066467064075;72.11919319850874
28.11;-30.5143;107.8066467064075;72.11919319850874
28.04;-30.4286;107.8066467064075;72.11919319850874
28.07;-30.4;107.8066467064075;72.11919319850874
27.94;-30.3143;107.8066467064075;72.11919319850874
27.9;-30.1429;107.8066467064075;72.11919319850874
27.89;-30.1429;107.8066467064075;72.11919319850874
27.87;-30.0857;107.8066467064075;72.11919319850874
27.81;-30.0857;107.8066467064075;72.11919319850874
27.68;-30.0857;107.8066467064075;72.11919319850874
27.63;-30.0;107.8066467064075;72.11919319850874
27.61;-29.9429;107.8066467064075;72.11919319850874
27.56;-29.8286;107.8066467064075;72.11919319850874
27.42;-29.7429;107.8066467064075;72.11919319850874
27.36;-29.6571;107.8066467064075;72.11919319850874
27.33;-29.4571;107.8066467064075;72.11919319850874
27.22;-29.2;107.8066467064075;72.11919319850874
27.14;-29.3143;107.8066467064075;72.11919319850874
27.05;-29.1429;107.8066467064075;72.11919319850874
27.05;-29.0571;107.8066467064075;72.11919319850874
26.95;-29.0857;107.8066467064075;72.11919319850874
27.03;-29.0571;107.8066467064075;72.11919319850874
26.79;-28.9143;107.8066467064075;72.11919319850874
26.8;-28.9429;107.8066467064075;72.11919319850874
26.72;-28.8;107.8066467064075;72.11919319850874
26.54;-28.7429;107.8066467064075;72.11919319850874
26.46;-28.7429;107.8066467064075;72.11919319850874
26.45;-28.7143;107.8066467064075;72.11919319850874
26.34;-28.5714;107.8066467064075;72.11919319850874
26.29;-28.5429;107.8066467064075;72.11919319850874
26.24;-28.4286;107.8066467064075;72.11919319850874
26.22;-28.2571;107.8066467064075;72.11919319850874
26.25;-28.2;107.8066467064075;72.11919319850874
26.23;-28.2;107.8066467064075;72.11919319850874
26.22;-28.0286;107.8066467064075;72.11919319850874
26.1;-28.0571;107.8066467064075;72.11919319850874
25.98;-28.0;107.8066467064075;72.11919319850874
25.68;-28.0;107.8066467064075;72.11919319850874
25.61;-27.9143;107.8066467064075;72.11919319850874
25.54;-27.8571;107.8066467064075;72.11919319850874
25.38;-27.7714;107.8066467064075;72.11919319850874
25.3;-27.7143;107.8066467064075;72.11919319850874
25.37;-27.6286;107.8066467064075;72.11919319850874
25.38;-27.4857;107.8066467064075;72.11919319850874
25.29;-27.3143;107.8066467064075;72.11919319850874
25.14;-27.2;107.8066467064075;72.11919319850874
25.05;-27.2571;107.8066467064075;72.11919319850874
25.04;-27.1143;107.8066467064075;72.11919319850874
24.91;-27.0857;107.8066467064075;72.11919319850874
24.92;-27.1143;107.8066467064075;72.11919319850874
24.89;-26.9714;107.8066467064075;72.11919319850874
24.66;-26.9429;107.8066467064075;72.11919319850874
24.64;-26.9143;107.8066467064075;72.11919319850874
24.63;-26.6857;107.8066467064075;72.11919319850874
24.52;-26.7429;107.8066467064075;72.11919319850874
24.51;-26.7429;107.8066467064075;72.11919319850874
24.37;-26.7714;107.8066467064075;72.11919319850874
24.4;-26.5429;107.8066467064075;72.11919319850874
24.33;-26.5143;107.8066467064075;72.11919319850874
24.27;-26.4;107.8066467064075;72.11919319850874
24.24;-26.3714;107.8066467064075;72.11919319850874
24.18;-26.2286;107.8066467064075;72.11919319850874
24.03;-26.2571;107.8066467064075;72.11919319850874
23.95;-26.2857;107.8066467064075;72.11919319850874
23.95;-26.2;107.8066467064075;72.11919319850874
23.82;-26.1429;107.8066467064075;72.11919319850874
23.76;-26.0286;107.8066467064075;72.11919319850874
23.66;-26.0;107.8066467064075;72.11919319850874
23.66;-25.8857;107.8066467064075;72.11919319850874
23.58;-25.8286;107.8066467064075;72.11919319850874
23.52;-25.7143;107.8066467064075;72.11919319850874
23.52;-25.6857;107.8066467064075;72.11919319850874
23.42;-25.6;107.8066467064075;72.11919319850874
23.3;-25.4857;107.8066467064075;72.11919319850874
23.24;-25.4286;107.8066467064075;72.11919319850874
23.19;-25.3429;107.8066467064075;72.11919319850874
23.1;-25.2857;107.8066467064075;72.11919319850874
23.07;-25.2571;107.8066467064075;72.11919319850874
22.98;-25.3143;107.8066467064075;72.11919319850874
22.94;-25.2571;107.8066467064075;72.11919319850874
22.88;-25.2286;107.8066467064075;72.11919319850874
22.77;-25.2286;107.8066467064075;72.11919319850874
22.73;-25.0571;107.8066467064075;72.11919319850874
22.72;-24.9429;107.8066467064075;72.11919319850874
22.68;-24.8;107.8066467064075;72.11919319850874
22.53;-24.8;107.8066467064075;72.11919319850874
22.52;-24.8286;107.8066467064075;72.11919319850874
22.22;-24.6571;107.8066467064075;72.11919319850874
22.21;-24.6286;107.8066467064075;72.11919319850874
22.23;-24.4857;107.8066467064075;72.11919319850874
22.13;-24.3714;107.8066467064075;72.11919319850874
22.0;-24.4571;107.8066467064075;72.11919319850874
21.97;-24.4571;107.8066467064075;72.11919319850874
21.94;-24.3429;107.8066467064075;72.11919319850874
21.85;-24.2286;107.8066467064075;72.11919319850874
21.81;-24.1429;107.8066467064075;72.11919319850874
21.73;-24.1429;107.8066467064075;72.11919319850874
21.66;-24.0286;107.8066467064075;72.11919319850874
21.61;-23.9143;107.8066467064075;72.11919319850874
21.55;-23.9143;107.8066467064075;72.11919319850874
21.5;-23.7429;107.8066467064075;72.11919319850874
21.39;-23.7429;107.8066467064075;72.11919319850874
21.35;-23.6857;107.8066467064075;72.11919319850874
21.29;-23.6571;107.8066467064075;72.11919319850874
21.23;-23.6;107.8066467064075;72.11919319850874
21.18;-23.5429;107.8066467064075;72.11919319850874
21.12;-23.4857;107.8066467064075;72.11919319850874
21.04;-23.4286;107.8066467064075;72.11919319850874
20.94;-23.2857;107.8066467064075;72.11919319850874
20.85;-23.2571;107.8066467064075;72.11919319850874
20.75;-23.2286;107.8066467064075;72.11919319850874
20.69;-23.0571;107.8066467064075;72.11919319850874
20.65;-23.0286;107.8066467064075;72.11919319850874
20.52;-22.8571;107.8066467064075;72.11919319850874
20.51;-22.8857;107.8066467064075;72.11919319850874
20.47;-22.7429;107.8066467064075;72.11919319850874
20.41;-22.8;107.8066467064075;72.11919319850874
20.29;-22.7429;107.8066467064075;72.11919319850874
20.19;-22.6;107.8066467064075;72.11919319850874
20.1;-22.5143;107.8066467064075;72.11919319850874
20.07;-22.4571;107.8066467064075;72.11919319850874
20.04;-22.4;107.8066467064075;72.11919319850874
19.96;-22.4286;107.8066467064075;72.11919319850874
19.87;-22.3143;107.8066467064075;72.11919319850874
19.81;-22.2857;107.8066467064075;72.11919319850874
19.84;-22.2;107.8066467064075;72.11919319850874
19.84;-22.0857;107.8066467064075;72.11919319850874
19.74;-21.9714;107.8066467064075;72.11919319850874
19.7;-22.0;107.8066467064075;72.11919319850874
19.65;-21.9714;107.8066467064075;72.11919319850874
19.67;-21.8571;107.8066467064075;72.11919319850874
19.63;-21.7429;107.8066467064075;72.11919319850874
19.55;-21.7429;107.8066467064075;72.11919319850874
19.52;-21.6857;107.8066467064075;72.11919319850874
19.51;-21.6286;107.8066467064075;72.11919319850874
19.38;-21.6;107.8066467064075;72.11919319850874
19.3;-21.5714;107.8066467064075;72.11919319850874
19.07;-21.4857;107.8066467064075;72.11919319850874
19.05;-21.4;107.8066467064075;72.11919319850874
18.97;-21.4571;107.8066467064075;72.11919319850874
18.9;-21.3429;107.8066467064075;72.11919319850874
18.87;-21.2857;107.8066467064075;72.11919319850874
18.8;-21.2;107.8066467064075;72.11919319850874
18.74;-21.1429;107.8066467064075;72.11919319850874
18.66;-21.1714;107.8066467064075;72.11919319850874
18.59;-21.0;107.8066467064075;72.11919319850874
18.53;-20.9714;107.8066467064075;72.11919319850874
18.51;-20.8857;107.8066467064075;72.11919319850874
18.46;-20.8286;107.8066467064075;72.11919319850874
18.4;-20.8286;107.8066467064075;72.11919319850874
18.35;-20.7714;107.8066467064075;72.11919319850874
18.3;-20.6857;107.8066467064075;72.11919319850874
18.21;-20.6;107.8066467064075;72.11919319850874
18.15;-20.5143;107.8066467064075;72.11919319850874
18.11;-20.4571;107.8066467064075;72.11919319850874
18.04;-20.4286;107.8066467064075;72.11919319850874
18.01;-20.4286;107.8066467064075;72.11919319850874
17.92;-20.3429;107.8066467064075;72.11919319850874
17.83;-20.2857;107.8066467064075;72.11919319850874
17.75;-20.1714;107.8066467064075;72.11919319850874
17.75;-20.0857;107.8066467064075;72.11919319850874
17.72;-20.0286;107.8066467064075;72.11919319850874
17.59;-19.8857;107.8066467064075;72.11919319850874
17.56;-19.8857;107.8066467064075;72.11919319850874
17.55;-19.8;107.8066467064075;72.11919319850874
17.51;-19.8;107.8066467064075;72.11919319850874
17.43;-19.6;107.8066467064075;72.11919319850874
17.35;-19.6;107.8066467064075;72.11919319850874
17.29;-19.5429;107.8066467064075;72.11919319850874
17.26;-19.5143;107.8066467064075;72.11919319850874
17.16;-19.4286;107.8066467064075;72.11919319850874
17.12;-19.3429;107.8066467064075;72.11919319850874
17.02;-19.2571;107.8066467064075;72.11919319850874
17.03;-19.2286;107.8066467064075;72.11919319850874
17.0;-19.1714;107.8066467064075;72.11919319850874
16.88;-19.0857;107.8066467064075;72.11919319850874
16.84;-19.1143;107.8066467064075;72.11919319850874
16.8;-19.1714;107.8066467064075;72.11919319850874
16.75;-19.0857;107.8066467064075;72.11919319850874
16.65;-19.0;107.8066467064075;72.11919319850874
16.61;-18.9143;107.8066467064075;72.11919319850874
16.54;-18.8571;107.8066467064075;72.11919319850874
16.48;-18.8286;107.8066467064075;72.11919319850874
16.52;-18.8;107.8066467064075;72.11919319850874
16.42;-18.7714;107.8066467064075;72.11919319850874
16.42;-18.7143;107.8066467064075;72.11919319850874
16.3;-18.7429;107.8066467064075;72.11919319850874
16.12;-18.5714;107.8066467064075;72.11919319850874
16.03;-18.4857;107.8066467064075;72.11919319850874
15.91;-18.4286;107.8066467064075;72.11919319850874
15.87;-18.3714;107.8066467064075;72.11919319850874
15.76;-18.2571;107.8066467064075;72.11919319850874
15.79;-18.2286;107.8066467064075;72.11919319850874
15.68;-18.1429;107.8066467064075;72.11919319850874
15.64;-18.1143;107.8066467064075;72.11919319850874
15.64;-18.0571;107.8066467064075;72.11919319850874
15.54;-18.0;107.8066467064075;72.11919319850874
15.51;-17.9429;107.8066467064075;72.11919319850874
15.44;-17.8571;107.8066467064075;72.11919319850874
15.31;-17.8286;107.8066467064075;72.11919319850874
15.24;-17.8;107.8066467064075;72.11919319850874
15.24;-17.7714;107.8066467064075;72.11919319850874
15.11;-17.6857;107.8066467064075;72.11919319850874
15.11;-17.6286;107.8066467064075;72.11919319850874
14.99;-17.5714;107.8066467064075;72.11919319850874
14.89;-17.5143;107.8066467064075;72.11919319850874
14.85;-17.4571;107.8066467064075;72.11919319850874
14.84;-17.5143;107.8066467064075;72.11919319850874
14.75;-17.4;107.8066467064075;72.11919319850874
14.74;-17.2571;107.8066467064075;72.11919319850874
14.7;-17.2;107.8066467064075;72.11919319850874
14.59;-17.0857;107.8066467064075;72.11919319850874
14.53;-17.0857;107.8066467064075;72.11919319850874
14.49;-17.0286;107.8066467064075;72.11919319850874
14.48;-16.9714;107.8066467064075;72.11919319850874
14.39;-16.9143;107.8066467064075;72.11919319850874
14.29;-16.8857;107.8066467064075;72.11919319850874
14.25;-16.9143;107.8066467064075;72.11919319850874
14.22;-16.8;107.8066467064075;72.11919319850874
14.17;-16.6857;107.8066467064075;72.11919319850874
14.09;-16.6;107.8066467064075;72.11919319850874
14.01;-16.6286;107.8066467064075;72.11919319850874
14.04;-16.5143;107.8066467064075;72.11919319850874
14.0;-16.5429;107.8066467064075;72.11919319850874
13.96;-16.4571;107.8066467064075;72.11919319850874
13.95;-16.4;107.8066467064075;72.11919319850874
13.91;-16.3429;107.8066467064075;72.11919319850874
13.82;-16.3429;107.8066467064075;72.11919319850874
13.72;-16.3143;107.8066467064075;72.11919319850874
13.62;-16.1714;107.8066467064075;72.11919319850874
13.59;-16.1143;107.8066467064075;72.11919319850874
13.59;-16.0857;107.8066467064075;72.11919319850874
13.52;-15.9714;107.8066467064075;72.11919319850874
13.48;-15.8857;107.8066467064075;72.11919319850874
13.4;-15.8571;107.8066467064075;72.11919319850874
13.33;-15.8;107.8066467064075;72.11919319850874
13.26;-15.7714;107.8066467064075;72.11919319850874
13.07;-15.7429;107.8066467064075;72.11919319850874
13.02;-15.6571;107.8066467064075;72.11919319850874
13.01;-15.6857;107.8066467064075;72.11919319850874
12.98;-15.6;107.8066467064075;72.11919319850874
12.91;-15.5714;107.8066467064075;72.11919319850874
12.83;-15.4857;107.8066467064075;72.11919319850874
12.78;-15.4286;107.8066467064075;72.11919319850874
12.76;-15.3714;107.8066467064075;72.11919319850874
12.76;-15.2857;107.8066467064075;72.11919319850874
12.72;-15.1714;107.8066467064075;72.11919319850874
12.66;-15.1143;107.8066467064075;72.11919319850874
12.57;-15.0857;107.8066467064075;72.11919319850874
12.52;-14.9429;107.8066467064075;72.11919319850874
12.5;-14.8857;107.8066467064075;72.11919319850874
12.48;-14.9143;107.8066467064075;72.11919319850874
12.43;-14.8286;107.8066467064075;72.11919319850874
12.4;-14.7429;107.8066467064075;72.11919319850874
12.36;-14.6857;107.8066467064075;72.11919319850874
12.31;-14.6286;107.8066467064075;72.11919319850874
12.24;-14.6;107.8066467064075;72.11919319850874
12.21;-14.5143;107.8066467064075;72.11919319850874
12.13;-14.5143;107.8066467064075;72.11919319850874
12.13;-14.4;107.8066467064075;72.11919319850874
12.02;-14.2857;107.8066467064075;72.11919319850874
11.93;-14.2286;107.8066467064075;72.11919319850874
11.91;-14.1714;107.8066467064075;72.11919319850874
11.9;-14.1714;107.8066467064075;72.11919319850874
11.88;-14.0286;107.8066467064075;72.11919319850874
11.82;-14.0286;107.8066467064075;72.11919319850874
11.77;-13.9429;107.8066467064075;72.11919319850874
11.72;-13.9429;107.8066467064075;72.11919319850874
11.64;-13.7714;107.8066467064075;72.11919319850874
11.59;-13.8;107.8066467064075;72.11919319850874
11.56;-13.6857;107.8066467064075;72.11919319850874
11.52;-13.6286;107.8066467064075;72.11919319850874
11.5;-13.6;107.8066467064075;72.11919319850874
11.44;-13.6;107.8066467064075;72.11919319850874
11.36;-13.5429;107.8066467064075;72.11919319850874
11.33;-13.4286;107.8066467064075;72.11919319850874
11.25;-13.4571;107.8066467064075;72.11919319850874
11.16;-13.4286;107.8066467064075;72.11919319850874
11.14;-13.4;107.8066467064075;72.11919319850874
11.06;-13.3714;107.8066467064075;72.11919319850874
11.05;-13.3429;107.8066467064075;72.11919319850874
10.97;-13.2286;107.8066467064075;72.11919319850874
10.91;-13.1714;107.8066467064075;72.11919319850874
10.9;-13.1143;107.8066467064075;72.11919319850874
10.85;-13.0857;107.8066467064075;72.11919319850874
10.84;-13.0;107.8066467064075;72.11919319850874
10.77;-12.9714;107.8066467064075;72.11919319850874
10.59;-12.9143;107.8066467064075;72.11919319850874
10.54;-12.8857;107.8066467064075;72.11919319850874
10.49;-12.8;107.8066467064075;72.11919319850874
10.48;-12.7429;107.8066467064075;72.11919319850874
10.42;-12.6857;107.8066467064075;72.11919319850874
10.39;-12.5714;107.8066467064075;72.11919319850874
10.32;-12.4857;107.8066467064075;72.11919319850874
10.34;-12.4286;107.8066467064075;72.11919319850874
10.28;-12.4;107.8066467064075;72.11919319850874
10.23;-12.3429;107.8066467064075;72.11919319850874
10.18;-12.4286;107.8066467064075;72.11919319850874
10.12;-12.3429;107.8066467064075;72.11919319850874
10.06;-12.2;107.8066467064075;72.11919319850874
10.0;-12.1714;107.8066467064075;72.11919319850874
9.99;-12.1429;107.8066467064075;72.11919319850874
9.92;-12.1429;107.8066467064075;72.11919319850874
9.87;-12.1429;107.8066467064075;72.11919319850874
9.8;-12.1143;107.8066467064075;72.11919319850874
9.75;-12.0;107.8066467064075;72.11919319850874
9.69;-11.9714;107.8066467064075;72.11919319850874
9.63;-11.9143;107.8066467064075;72.11919319850874
9.6;-11.9143;107.8066467064075;72.11919319850874
9.54;-11.8857;107.8066467064075;72.11919319850874
9.49;-11.8857;107.8066467064075;72.11919319850874
9.46;-11.7714;107.8066467064075;72.11919319850874
9.45;-11.6571;107.8066467064075;72.11919319850874
9.37;-11.6857;107.8066467064075;72.11919319850874
9.36;-11.6571;107.8066467064075;72.11919319850874
9.31;-11.6;107.8066467064075;72.11919319850874
9.25;-11.5429;107.8066467064075;72.11919319850874
9.2;-11.5143;107.8066467064075;72.11919319850874
9.14;-11.4286;107.8066467064075;72.11919319850874
9.11;-11.4;107.8066467064075;72.11919319850874
9.06;-11.2857;107.8066467064075;72.11919319850874
8.98;-11.3143;107.8066467064075;72.11919319850874
8.99;-11.2571;107.8066467064075;72.11919319850874
8.95;-11.1429;107.8066467064075;72.11919319850874
8.9;-11.1143;107.8066467064075;72.11919319850874
8.83;-11.0571;107.8066467064075;72.11919319850874
8.79;-11.0;107.8066467064075;72.11919319850874
8.74;-11.0286;107.8066467064075;72.11919319850874
8.69;-11.0286;107.8066467064075;72.11919319850874
8.64;-10.9429;107.8066467064075;72.11919319850874
8.61;-10.8571;107.8066467064075;72.11919319850874
8.56;-10.8;107.8066467064075;72.11919319850874
8.53;-10.8;107.8066467064075;72.11919319850874
8.53;-10.6857;107.8066467064075;72.11919319850874
8.45;-10.6571;107.8066467064075;72.11919319850874
8.42;-10.5714;107.8066467064075;72.11919319850874
8.37;-10.5714;107.8066467064075;72.11919319850874
8.08;-10.4857;107.8066467064075;72.11919319850874
8.01;-10.4571;107.8066467064075;72.11919319850874
7.98;-10.4286;107.8066467064075;72.11919319850874
7.94;-10.3714;107.8066467064075;72.11919319850874
7.92;-10.3143;107.8066467064075;72.11919319850874
7.85;-10.3429;107.8066467064075;72.11919319850874
7.84;-10.3143;107.8066467064075;72.11919319850874
7.81;-10.2;107.8066467064075;72.11919319850874
7.76;-10.2;107.8066467064075;72.11919319850874
7.7;-10.0857;107.8066467064075;72.11919319850874
7.63;-10.0857;107.8066467064075;72.11919319850874
7.59;-10.0286;107.8066467064075;72.11919319850874
7.54;-10.0571;107.8066467064075;72.11919319850874
7.51;-9.9143;107.8066467064075;72.11919319850874
7.45;-9.8857;107.8066467064075;72.11919319850874
7.43;-9.8857;107.8066467064075;72.11919319850874
7.38;-9.8571;107.8066467064075;72.11919319850874
7.35;-9.8286;107.8066467064075;72.11919319850874
7.32;-9.8286;107.8066467064075;72.11919319850874
7.29;-9.7143;107.8066467064075;72.11919319850874
7.25;-9.6857;107.8066467064075;72.11919319850874
7.2;-9.6;107.8066467064075;72.11919319850874
7.13;-9.6;107.8066467064075;72.11919319850874
7.11;-9.5429;107.8066467064075;72.11919319850874
7.07;-9.4571;107.8066467064075;72.11919319850874
7.02;-9.4286;107.8066467064075;72.11919319850874
6.97;-9.3714;107.8066467064075;72.11919319850874
6.94;-9.2857;107.8066467064075;72.11919319850874
6.92;-9.2571;107.8066467064075;72.11919319850874
6.87;-9.2286;107.8066467064075;72.11919319850874
6.84;-9.2;107.8066467064075;72.11919319850874
6.79;-9.1143;107.8066467064075;72.11919319850874
6.73;-9.0571;107.8066467064075;72.11919319850874
6.69;-9.0571;107.8066467064075;72.11919319850874
6.66;-9.0286;107.8066467064075;72.11919319850874
6.62;-8.9714;107.8066467064075;72.11919319850874
6.58;-8.9714;107.8066467064075;72.11919319850874
6.56;-8.8857;107.8066467064075;72.11919319850874
6.53;-8.8286;107.8066467064075;72.11919319850874
6.47;-8.8;107.8066467064075;72.11919319850874
6.43;-8.7714;107.8066467064075;72.11919319850874
6.39;-8.6857;107.8066467064075;72.11919319850874
6.35;-8.6286;107.8066467064075;72.11919319850874
6.32;-8.6571;107.8066467064075;72.11919319850874
6.29;-8.5714;107.8066467064075;72.11919319850874
6.24;-8.5714;107.8066467064075;72.11919319850874
6.22;-8.5429;107.8066467064075;72.11919319850874
6.18;-8.4286;107.8066467064075;72.11919319850874
6.14;-8.4;107.8066467064075;72.11919319850874
6.09;-8.3429;107.8066467064075;72.11919319850874
5.94;-8.3143;107.8066467064075;72.11919319850874
5.91;-8.3143;107.8066467064075;72.11919319850874
5.85;-8.2286;107.8066467064075;72.11919319850874
5.84;-8.1429;107.8066467064075;72.11919319850874
5.8;-8.1429;107.8066467064075;72.11919319850874
5.72;-8.1429;107.8066467064075;72.11919319850874
5.71;-8.0571;107.8066467064075;72.11919319850874
5.68;-8.0571;107.8066467064075;72.11919319850874
5.65;-8.0286;107.8066467064075;72.11919319850874
5.6;-7.9714;107.8066467064075;72.11919319850874
5.56;-7.9429;107.8066467064075;72.11919319850874
5.53;-7.8857;107.8066467064075;72.11919319850874
5.5;-7.7714;107.8066467064075;72.11919319850874
5.44;-7.8;107.8066467064075;72.11919319850874
5.44;-7.7143;107.8066467064075;72.11919319850874
5.4;-7.6857;107.8066467064075;72.11919319850874
5.35;-7.6286;107.8066467064075;72.11919319850874
5.31;-7.6;107.8066467064075;72.11919319850874
5.27;-7.5429;107.8066467064075;72.11919319850874
5.24;-7.4857;107.8066467064075;72.11919319850874
5.22;-7.4571;107.8066467064075;72.11919319850874
5.2;-7.4571;107.8066467064075;72.11919319850874
5.15;-7.5143;107.8066467064075;72.11919319850874
5.11;-7.3429;107.8066467064075;72.11919319850874
5.05;-7.2857;107.8066467064075;72.11919319850874
5.01;-7.2286;107.8066467064075;72.11919319850874
4.95;-7.2;107.8066467064075;72.11919319850874
4.89;-7.1429;107.8066467064075;72.11919319850874
4.82;-7.1143;107.8066467064075;72.11919319850874
4.75;-7.0286;107.8066467064075;72.11919319850874
4.65;-7.0286;107.8066467064075;72.11919319850874
4.61;-7.0;107.8066467064075;72.11919319850874
4.52;-7.0286;107.8066467064075;72.11919319850874
4.39;-6.9143;107.8066467064075;72.11919319850874
4.31;-6.8571;107.8066467064075;72.11919319850874
4.18;-6.8286;107.8066467064075;72.11919319850874
4.06;-6.8;107.8066467064075;72.11919319850874
3.9;-6.8;107.8066467064075;72.11919319850874
3.73;-6.7714;107.8066467064075;72.11919319850874
3.55;-6.6857;107.8066467064075;72.11919319850874
3.33;-6.6571;107.8066467064075;72.11919319850874
3.08;-6.6286;107.8066467064075;72.11919319850874
2.82;-6.5143;107.8066467064075;72.11919319850874
2.51;-6.6;107.8066467064075;72.11919319850874
2.17;-6.4857;107.8066467064075;72.11919319850874
1.79;-6.4571;107.8066467064075;72.11919319850874
1.37;-6.4;107.8066467064075;72.11919319850874
0.95;-6.3714;107.8066467064075;72.11919319850874
0.59;-6.3143;107.8066467064075;72.11919319850874
0.4;-6.3143;107.8066467064075;72.11919319850874
4.71;-6.2286;107.8066467064075;72.11919319850874
5.52;-6.2571;107.8066467064075;72.11919319850874
6.39;-6.1714;107.8066467064075;72.11919319850874
7.18;-6.1714;107.8066467064075;72.11919319850874
7.97;-6.1143;107.8066467064075;72.11919319850874
8.81;-6.0857;107.8066467064075;72.11919319850874
9.66;-6.0286;107.8066467064075;72.11919319850874
10.44;-6.0;107.8066467064075;72.11919319850874
11.29;-5.9143;107.8066467064075;72.11919319850874
12.14;-5.9143;107.8066467064075;72.11919319850874
13.05;-5.9143;107.8066467064075;72.11919319850874
13.99;-5.9143;107.8066467064075;72.11919319850874
15.05;-5.8286;107.8066467064075;72.11919319850874
15.95;-5.7714;107.8066467064075;72.11919319850874
16.91;-5.7143;107.8066467064075;72.11919319850874
17.88;-5.7143;107.8066467064075;72.11919319850874
18.81;-5.7143;107.8066467064075;72.11919319850874
19.76;-5.6286;107.8066467064075;72.11919319850874
20.66;-5.6286;107.8066467064075;72.11919319850874
21.6;-5.5429;107.8066467064075;72.11919319850874
22.75;-5.5143;107.8066467064075;72.11919319850874
23.66;-5.4857;107.8066467064075;72.11919319850874
24.55;-5.4286;107.8066467064075;72.11919319850874
25.53;-5.4571;107.8066467064075;72.11919319850874
26.37;-5.4;107.8066467064075;72.11919319850874
27.44;-5.3714;107.8066467064075;72.11919319850874
28.37;-5.2857;107.8066467064075;72.11919319850874
29.19;-5.2857;107.8066467064075;72.11919319850874
30.02;-5.2;107.8066467064075;72.11919319850874
30.87;-5.2;107.8066467064075;72.11919319850874
31.72;-5.2;107.8066467064075;72.11919319850874
32.63;-5.1429;107.8066467064075;72.11919319850874
33.6;-5.0857;107.8066467064075;72.11919319850874
34.46;-5.1429;107.8066467064075;72.11919319850874
35.28;-5.0571;107.8066467064075;72.11919319850874
35.98;-4.9429;107.8066467064075;72.11919319850874
36.68;-4.9714;107.8066467064075;72.11919319850874
37.53;-4.9429;107.8066467064075;72.11919319850874
38.19;-4.9143;107.8066467064075;72.11919319850874
38.96;-4.8571;107.8066467064075;72.11919319850874
39.75;-4.8286;107.8066467064075;72.11919319850874
40.48;-4.7429;107.8066467064075;72.11919319850874
41.18;-4.7429;107.8066467064075;72.11919319850874
41.79;-4.6;107.8066467064075;72.11919319850874
42.47;-4.6286;107.8066467064075;72.11919319850874
43.35;-4.5714;107.8066467064075;72.11919319850874
44.52;-4.4857;107.8066467064075;72.11919319850874
45.1;-4.3714;107.8066467064075;72.11919319850874
45.61;-4.3143;107.8066467064075;72.11919319850874
46.06;-4.3143;107.8066467064075;72.11919319850874
51.57;-4.2286;107.8066467064075;72.11919319850874
52.39;-4.0571;107.8066467064075;72.11919319850874
52.81;-3.8857;107.8066467064075;72.11919319850874
53.44;-3.7429;107.8066467064075;72.11919319850874
54.05;-3.6286;107.8066467064075;72.11919319850874
54.58;-3.4571;107.8066467064075;72.11919319850874
55.08;-3.2857;107.8066467064075;72.11919319850874
55.61;-3.0571;107.8066467064075;72.11919319850874
56.3;-2.7714;107.8066467064075;72.11919319850874
56.9;-2.4286;107.8066467064075;72.11919319850874
57.6;-2.1429;107.8066467064075;72.11919319850874
58.28;-1.7143;107.8066467064075;72.11919319850874
58.85;-1.0857;107.8066467064075;72.11919319850874
59.3;-0.5143;107.8066467064075;72.11919319850874
59.8;0.3143;107.8066467064075;72.11919319850874
60.41;1.1143;107.8066467064075;72.11919319850874
60.84;1.6857;107.8066467064075;72.11919319850874
61.62;2.1429;107.8066467064075;72.11919319850874
62.2;2.6571;107.8066467064075;72.11919319850874
62.9;3.0857;107.8066467064075;72.11919319850874
63.42;3.6;107.8066467064075;72.11919319850874
63.93;4.0286;107.8066467064075;72.11919319850874
64.39;4.4857;107.8066467064075;72.11919319850874
64.89;5.0857;107.8066467064075;72.11919319850874
65.65;5.6571;107.8066467064075;72.11919319850874
66.35;6.2857;107.8066467064075;72.11919319850874
66.97;6.9429;107.8066467064075;72.11919319850874
67.17;7.6286;107.8066467064075;72.11919319850874
67.25;8.4286;107.8066467064075;72.11919319850874
67.79;9.1429;107.8066467064075;72.11919319850874
68.02;9.9429;107.8066467064075;72.11919319850874
68.56;10.7429;107.8066467064075;72.11919319850874
69.44;11.5143;107.8066467064075;72.11919319850874
70.11;12.4286;107.8066467064075;72.11919319850874
70.91;13.3143;107.8066467064075;72.11919319850874
71.4;14.2286;107.8066467064075;72.11919319850874
71.71;15.0286;107.8066467064075;72.11919319850874
72.26;16.0;107.8066467064075;72.11919319850874
72.94;16.9143;107.8066467064075;72.11919319850874
73.5;17.7143;107.8066467064075;72.11919319850874
74.03;18.6857;107.8066467064075;72.11919319850874
74.55;19.5429;107.8066467064075;72.11919319850874
74.86;20.4286;107.8066467064075;72.11919319850874
75.13;21.3143;107.8066467064075;72.11919319850874
76.32;22.1429;107.8066467064075;72.11919319850874
77.21;23.0;107.8066467064075;72.11919319850874
77.42;23.8286;107.8066467064075;72.11919319850874
77.9;24.8286;107.8066467064075;72.11919319850874
78.32;25.5429;107.8066467064075;72.11919319850874
78.98;26.4;107.8066467064075;72.11919319850874
83.2;27.2857;107.8066467064075;72.11919319850874
83.32;27.9143;107.8066467064075;72.11919319850874
83.68;28.8571;107.8066467064075;72.11919319850874
84.17;29.7714;107.8066467064075;72.11919319850874
84.63;30.5143;107.8066467064075;72.11919319850874
85.07;31.3143;107.8066467064075;72.11919319850874
85.41;32.0857;107.8066467064075;72.11919319850874
85.46;32.8857;107.8066467064075;72.11919319850874
85.66;33.9143;107.8066467064075;72.11919319850874
85.88;34.5429;107.8066467064075;72.11919319850874
86.13;35.1714;107.8066467064075;72.11919319850874
86.88;35.8;107.8066467064075;72.11919319850874
87.53;36.6286;107.8066467064075;72.11919319850874
88.56;37.5143;107.8066467064075;72.11919319850874
89.27;38.1714;107.8066467064075;72.11919319850874
89.37;38.8857;107.8066467064075;72.11919319850874
89.42;39.5429;107.8066467064075;72.11919319850874
89.0;40.3714;107.8066467064075;72.11919319850874
89.63;41.1714;107.8066467064075;72.11919319850874
90.14;41.5714;107.8066467064075;72.11919319850874
90.04;42.3143;107.8066467064075;72.11919319850874
90.11;43.2857;107.8066467064075;72.11919319850874
90.8;44.1143;107.8066467064075;72.11919319850874
92.15;44.6571;107.8066467064075;72.11919319850874
93.05;45.6857;107.8066467064075;72.11919319850874
94.13;46.1714;107.8066467064075;72.11919319850874
94.12;46.7714;107.8066467064075;72.11919319850874
93.88;47.4;107.8066467064075;72.11919319850874
93.94;48.2571;107.8066467064075;72.11919319850874
94.01;49.2571;107.8066467064075;72.11919319850874
94.2;49.7143;107.8066467064075;72.11919319850874
94.91;50.5143;107.8066467064075;72.11919319850874
95.53;50.9714;107.8066467064075;72.11919319850874
95.44;51.7429;107.8066467064075;72.11919319850874
96.08;51.9143;107.8066467064075;72.11919319850874
95.89;53.1714;107.8066467064075;72.11919319850874
97.25;53.0571;107.8066467064075;72.11919319850874
97.99;53.8286;107.8066467064075;72.11919319850874
98.21;54.7714;107.8066467064075;72.11919319850874
98.62;55.0286;107.8066467064075;72.11919319850874
98.21;55.4286;107.8066467064075;72.11919319850874
99.01;56.0571;107.8066467064075;72.11919319850874
99.91;56.9714;107.8066467064075;72.11919319850874
99.91;57.3714;107.8066467064075;72.11919319850874
98.95;57.4571;107.8066467064075;72.11919319850874
99.53;58.9714;107.8066467064075;72.11919319850874
100.26;59.1714;107.8066467064075;72.11919319850874
101.02;59.4;107.8066467064075;72.11919319850874
101.07;59.7714;107.8066467064075;72.11919319850874
101.62;60.0571;107.8066467064075;72.11919319850874
103.47;61.1714;107.8066467064075;72.11919319850874
104.64;61.8;107.8066467064075;72.11919319850874
105.75;63.0;107.8066467064075;72.11919319850874
106.7;63.4;107.8066467064075;72.11919319850874
107.02;63.6571;107.8066467064075;72.11919319850874
107.27;64.4286;107.8066467064075;72.11919319850874
107.28;65.3143;107.8066467064075;72.11919319850874
107.89;66.0286;107.8066467064075;72.11919319850874
108.44;65.8857;107.8066467064075;72.11919319850874
108.08;66.8857;107.8066467064075;72.11919319850874
107.74;67.4571;107.8066467064075;72.11919319850874
108.38;67.5714;107.8066467064075;72.11919319850874
109.81;67.9429;107.8066467064075;72.11919319850874
110.28;69.8286;107.8066467064075;72.11919319850874
109.58;70.1143;107.8066467064075;72.11919319850874
108.98;70.7714;107.8066467064075;72.11919319850874
109.34;71.2571;107.8066467064075;72.11919319850874
109.27;71.3143;107.8066467064075;72.11919319850874
109.7;72.5143;107.8066467064075;72.11919319850874
110.42;73.0;107.8066467064075;72.11919319850874
111.36;73.2571;107.8066467064075;72.11919319850874
112.44;73.5143;107.8066467064075;72.11919319850874
112.74;73.5429;107.8066467064075;72.11919319850874
112.55;74.1714;107.8066467064075;72.11919319850874
111.83;74.9714;107.8066467064075;72.11919319850874
112.84;75.8571;107.8066467064075;72.11919319850874
114.18;76.8571;107.8066467064075;72.11919319850874
114.51;76.5143;107.8066467064075;72.11919319850874
114.92;78.2857;107.8066467064075;72.11919319850874
113.64;78.6286;107.8066467064075;72.11919319850874
112.69;78.5714;107.8066467064075;72.11919319850874
112.13;78.4857;107.8066467064075;72.11919319850874
112.04;78.6286;107.8066467064075;72.11919319850874
112.61;79.3429;107.8066467064075;72.11919319850874
112.18;80.5143;107.8066467064075;72.11919319850874
113.58;80.6;107.8066467064075;72.11919319850874
114.92;81.2286;107.8066467064075;72.11919319850874
115.86;82.3429;107.8066467064075;72.11919319850874
117.12;81.0857;107.8066467064075;72.11919319850874
117.43;82.3429;107.8066467064075;72.11919319850874
117.82;82.8;107.8066467064075;72.11919319850874
118.43;83.3143;107.8066467064075;72.11919319850874
118.26;84.0571;107.8066467064075;72.11919319850874
118.36;84.1429;107.8066467064075;72.11919319850874
118.69;82.8;107.8066467064075;72.11919319850874
119.54;83.4571;107.8066467064075;72.11919319850874
120.48;83.7714;107.8066467064075;72.11919319850874
120.46;84.1143;107.8066467064075;72.11919319850874
120.19;86.2857;107.8066467064075;72.11919319850874
120.03;87.8571;107.8066467064075;72.11919319850874
121.57;87.7714;107.8066467064075;72.11919319850874
121.65;88.0;107.8066467064075;72.11919319850874
121.97;87.9714;107.8066467064075;72.11919319850874
122.13;86.9714;107.8066467064075;72.11919319850874
122.33;87.5143;107.8066467064075;72.11919319850874
122.36;89.5714;107.8066467064075;72.11919319850874
122.83;89.7714;107.8066467064075;72.11919319850874
123.49;89.0;107.8066467064075;72.11919319850874
123.27;87.8;107.8066467064075;72.11919319850874
123.6;91.8571;107.8066467064075;72.11919319850874
123.58;91.3429;107.8066467064075;72.11919319850874
123.75;93.2;107.8066467064075;72.11919319850874
123.89;92.9429;107.8066467064075;72.11919319850874
123.45;92.8857;107.8066467064075;72.11919319850874
123.74;92.5429;107.8066467064075;72.11919319850874
123.99;92.3429;107.8066467064075;72.11919319850874
124.68;91.8286;107.8066467064075;72.11919319850874
125.24;92.0286;107.8066467064075;72.11919319850874
125.31;94.2857;107.8066467064075;72.11919319850874
124.84;92.8571;107.8066467064075;72.11919319850874
124.95;95.4;107.8066467064075;72.11919319850874
125.82;95.2;107.8066467064075;72.11919319850874
126.2;96.8857;107.8066467064075;72.11919319850874
126.14;96.5429;107.8066467064075;72.11919319850874
125.88;97.5429;107.8066467064075;72.11919319850874
126.32;98.1714;107.8066467064075;72.11919319850874
126.84;97.9143;107.8066467064075;72.11919319850874
126.97;97.4571;107.8066467064075;72.11919319850874
127.81;98.8857;107.8066467064075;72.11919319850874
128.08;99.2571;107.8066467064075;72.11919319850874
127.69;98.8286;107.8066467064075;72.11919319850874
127.36;97.6286;107.8066467064075;72.11919319850874
127.4;99.8286;107.8066467064075;72.11919319850874
127.47;99.8857;107.8066467064075;72.11919319850874
127.92;99.8;107.8066467064075;72.11919319850874
128.05;100.3714;107.8066467064075;72.11919319850874
128.48;100.7429;107.8066467064075;72.11919319850874
129.03;101.4571;107.8066467064075;72.11919319850874
129.16;101.2286;107.8066467064075;72.11919319850874
129.17;102.6571;107.8066467064075;72.11919319850874
128.87;101.7143;107.8066467064075;72.11919319850874
128.95;101.9143;107.8066467064075;72.11919319850874
128.94;101.8857;107.8066467064075;72.11919319850874
129.53;105.5714;107.8066467064075;72.11919319850874
129.71;103.2571;107.8066467064075;72.11919319850874
129.93;107.3143;107.8066467064075;72.11919319850874
129.52;105.4286;107.8066467064075;72.11919319850874
129.69;107.2571;107.8066467064075;72.11919319850874
130.03;106.6571;107.8066467064075;72.11919319850874
129.6;106.5429;107.8066467064075;72.11919319850874
131.86;108.5429;107.8066467064075;72.11919319850874
132.76;107.6286;107.8066467064075;72.11919319850874
133.4;107.0857;107.8066467064075;72.11919319850874
133.2;106.7429;107.8066467064075;72.11919319850874
133.52;107.9429;107.8066467064075;72.11919319850874
133.39;109.3714;107.8066467064075;72.11919319850874
133.3;108.0571;107.8066467064075;72.11919319850874
133.07;108.3429;107.8066467064075;72.11919319850874
133.42;108.8286;107.8066467064075;72.11919319850874
133.44;109.1429;107.8066467064075;72.11919319850874
133.52;107.9429;107.8066467064075;72.11919319850874
133.95;110.5143;107.8066467064075;72.11919319850874
134.14;110.2857;107.8066467064075;72.11919319850874
134.07;111.2286;107.8066467064075;72.11919319850874
134.38;113.2;107.8066467064075;72.11919319850874
134.01;111.9143;107.8066467064075;72.11919319850874
134.19;111.4286;107.8066467064075;72.11919319850874
134.51;110.8286;107.8066467064075;72.11919319850874
134.58;114.6857;107.8066467064075;72.11919319850874
134.76;113.5143;107.8066467064075;72.11919319850874
134.86;112.9714;107.8066467064075;72.11919319850874
135.0;113.6857;107.8066467064075;72.11919319850874
135.67;113.0857;107.8066467064075;72.11919319850874
136.08;112.3143;107.8066467064075;72.11919319850874
137.02;113.2;107.8066467064075;72.11919319850874
137.13;112.7429;107.8066467064075;72.11919319850874
136.59;113.7429;107.8066467064075;72.11919319850874
136.17;114.5714;107.8066467064075;72.11919319850874
136.79;116.2571;107.8066467064075;72.11919319850874
136.42;116.6286;107.8066467064075;72.11919319850874
136.36;117.5143;107.8066467064075;72.11919319850874
136.73;118.3143;107.8066467064075;72.11919319850874
136.88;118.4;107.8066467064075;72.11919319850874
137.42;118.3143;107.8066467064075;72.11919319850874
137.08;117.4571;107.8066467064075;72.11919319850874
137.03;117.9143;107.8066467064075;72.11919319850874
137.69;117.9429;107.8066467064075;72.11919319850874
138.55;119.0;107.8066467064075;72.11919319850874
139.12;118.9429;107.8066467064075;72.11919319850874
138.5;120.1714;107.8066467064075;72.11919319850874
138.57;120.0571;107.8066467064075;72.11919319850874
139.25;119.8286;107.8066467064075;72.11919319850874
139.39;120.0;107.8066467064075;72.11919319850874
140.56;120.4857;107.8066467064075;72.11919319850874
140.5;120.8286;107.8066467064075;72.11919319850874
140.68;120.8;107.8066467064075;72.11919319850874
140.52;121.2571;107.8066467064075;72.11919319850874
139.97;121.4857;107.8066467064075;72.11919319850874
140.5;121.1429;107.8066467064075;72.11919319850874
140.48;121.0;107.8066467064075;72.11919319850874
140.98;121.3143;107.8066467064075;72.11919319850874
141.09;122.2;107.8066467064075;72.11919319850874
141.28;120.9429;107.8066467064075;72.11919319850874
141.7;123.0571;107.8066467064075;72.11919319850874
142.18;122.2857;107.8066467064075;72.11919319850874
141.65;123.0;107.8066467064075;72.11919319850874
141.44;122.7714;107.8066467064075;72.11919319850874
141.6;124.0571;107.8066467064075;72.11919319850874
141.94;123.6857;107.8066467064075;72.11919319850874
141.94;124.4571;107.8066467064075;72.11919319850874
142.37;123.2286;107.8066467064075;72.11919319850874
142.41;123.1714;107.8066467064075;72.11919319850874
142.28;123.4571;107.8066467064075;72.11919319850874
141.21;123.4571;107.8066467064075;72.11919319850874
140.81;124.2;107.8066467064075;72.11919319850874
140.92;124.3714;107.8066467064075;72.11919319850874
140.28;124.6286;107.8066467064075;72.11919319850874
138.85;124.8571;107.8066467064075;72.11919319850874
138.6;124.2;107.8066467064075;72.11919319850874
139.0;125.0;107.8066467064075;72.11919319850874
136.74;125.1143;107.8066467064075;72.11919319850874
135.62;125.8286;107.8066467064075;72.11919319850874
134.82;125.2;107.8066467064075;72.11919319850874
134.95;124.4571;107.8066467064075;72.11919319850874
135.08;127.0;107.8066467064075;72.11919319850874
135.03;126.8571;107.8066467064075;72.11919319850874
135.57;126.7429;107.8066467064075;72.11919319850874
135.13;127.0286;107.8066467064075;72.11919319850874
133.98;128.8857;107.8066467064075;72.11919319850874
134.31;127.6;107.8066467064075;72.11919319850874
134.07;127.9143;107.8066467064075;72.11919319850874
134.36;127.7143;107.8066467064075;72.11919319850874
134.15;128.0286;107.8066467064075;72.11919319850874
133.65;127.8286;107.8066467064075;72.11919319850874
132.54;127.6286;107.8066467064075;72.11919319850874
131.81;127.5143;107.8066467064075;72.11919319850874
132.32;128.1714;107.8066467064075;72.11919319850874
132.47;128.0;107.8066467064075;72.11919319850874
131.65;128.6857;107.8066467064075;72.11919319850874
131.06;128.3143;107.8066467064075;72.11919319850874
130.2;129.3714;107.8066467064075;72.11919319850874
130.4;129.6286;107.8066467064075;72.11919319850874
129.33;130.2571;107.8066467064075;72.11919319850874
128.83;129.6857;107.8066467064075;72.11919319850874
128.81;129.7143;107.8066467064075;72.11919319850874
128.17;129.8857;107.8066467064075;72.11919319850874
128.23;129.2857;107.8066467064075;72.11919319850874
127.8;130.5429;107.8066467064075;72.11919319850874
127.08;129.4571;107.8066467064075;72.11919319850874
126.19;130.1143;107.8066467064075;72.11919319850874
123.68;130.7429;107.8066467064075;72.11919319850874
124.15;131.1429;107.8066467064075;72.11919319850874
123.82;129.6;107.8066467064075;72.11919319850874
123.29;129.2286;107.8066467064075;72.11919319850874
122.16;130.0286;107.8066467064075;72.11919319850874
121.03;131.3429;107.8066467064075;72.11919319850874
120.69;132.3429;107.8066467064075;72.11919319850874
121.01;132.1143;107.8066467064075;72.11919319850874
120.97;131.4857;107.8066467064075;72.11919319850874
120.6;131.7714;107.8066467064075;72.11919319850874
119.93;132.2571;107.8066467064075;72.11919319850874
118.62;130.9714;107.8066467064075;72.11919319850874
118.53;132.9143;107.8066467064075;72.11919319850874
118.66;132.8571;107.8066467064075;72.11919319850874
118.34;133.0286;107.8066467064075;72.11919319850874
118.11;133.4286;107.8066467064075;72.11919319850874
118.38;133.9429;107.8066467064075;72.11919319850874
118.65;133.7143;107.8066467064075;72.11919319850874
118.21;133.2286;107.8066467064075;72.11919319850874
117.59;133.3143;107.8066467064075;72.11919319850874
117.01;133.2571;107.8066467064075;72.11919319850874
116.96;134.0286;107.8066467064075;72.11919319850874
116.07;133.2;107.8066467064075;72.11919319850874
115.37;134.3143;107.8066467064075;72.11919319850874
114.87;133.8857;107.8066467064075;72.11919319850874
114.78;135.6571;107.8066467064075;72.11919319850874
114.5;134.2286;107.8066467064075;72.11919319850874
114.2;134.3429;107.8066467064075;72.11919319850874
113.8;135.0571;107.8066467064075;72.11919319850874
113.47;135.4286;107.8066467064075;72.11919319850874
113.17;136.5429;107.8066467064075;72.11919319850874
113.44;136.5429;107.8066467064075;72.11919319850874
113.15;136.4286;107.8066467064075;72.11919319850874
113.3;136.8571;107.8066467064075;72.11919319850874
112.46;136.8;107.8066467064075;72.11919319850874
112.24;135.6286;107.8066467064075;72.11919319850874
111.41;136.6286;107.8066467064075;72.11919319850874
111.27;136.5714;107.8066467064075;72.11919319850874
111.08;137.4571;107.8066467064075;72.11919319850874
110.52;136.7143;107.8066467064075;72.11919319850874
109.99;137.4571;107.8066467064075;72.11919319850874
109.33;137.6286;107.8066467064075;72.11919319850874
109.6;137.4286;107.8066467064075;72.11919319850874
109.23;137.9714;107.8066467064075;72.11919319850874
108.61;137.4286;107.8066467064075;72.11919319850874
108.04;137.4857;107.8066467064075;72.11919319850874
106.68;137.7143;107.8066467064075;72.11919319850874
106.9;138.2857;107.8066467064075;72.11919319850874
106.57;138.3143;107.8066467064075;72.11919319850874
106.26;136.6;107.8066467064075;72.11919319850874
104.66;137.8;107.8066467064075;72.11919319850874
103.96;138.0857;107.8066467064075;72.11919319850874
103.88;138.2857;107.8066467064075;72.11919319850874
103.1;138.5143;107.8066467064075;72.11919319850874
102.37;138.8286;107.8066467064075;72.11919319850874
102.39;138.7429;107.8066467064075;72.11919319850874
102.42;139.5143;107.8066467064075;72.11919319850874
102.33;138.2857;107.8066467064075;72.11919319850874
101.59;139.4286;107.8066467064075;72.11919319850874
101.7;139.5429;107.8066467064075;72.11919319850874
100.64;138.9143;107.8066467064075;72.11919319850874
100.25;138.4;107.8066467064075;72.11919319850874
100.64;141.1714;107.8066467064075;72.11919319850874
100.42;140.2;107.8066467064075;72.11919319850874
99.49;141.1429;107.8066467064075;72.11919319850874
98.77;140.2571;107.8066467064075;72.11919319850874
98.81;139.8571;107.8066467064075;72.11919319850874
98.25;139.5714;107.8066467064075;72.11919319850874
99.24;140.6571;107.8066467064075;72.11919319850874
99.62;142.5429;107.8066467064075;72.11919319850874
99.35;140.0857;107.8066467064075;72.11919319850874
98.45;141.4;107.8066467064075;72.11919319850874
98.81;140.9429;107.8066467064075;72.11919319850874
98.49;140.4857;107.8066467064075;72.11919319850874
97.63;140.5714;107.8066467064075;72.11919319850874
96.65;141.0286;107.8066467064075;72.11919319850874
96.99;139.8;107.8066467064075;72.11919319850874
96.71;140.1429;107.8066467064075;72.11919319850874
96.34;138.6286;107.8066467064075;72.11919319850874
95.97;138.6286;107.8066467064075;72.11919319850874
95.35;138.6;107.8066467064075;72.11919319850874
96.01;136.6286;107.8066467064075;72.11919319850874
95.59;135.6857;107.8066467064075;72.11919319850874
94.56;135.6857;107.8066467064075;72.11919319850874
94.27;135.2286;107.8066467064075;72.11919319850874
93.61;136.2286;107.8066467064075;72.11919319850874
94.65;133.1714;107.8066467064075;72.11919319850874
94.93;135.1429;107.8066467064075;72.11919319850874
94.37;134.5714;107.8066467064075;72.11919319850874
93.94;133.7143;107.8066467064075;72.11919319850874
93.82;134.0286;107.8066467064075;72.11919319850874
92.43;133.1429;107.8066467064075;72.11919319850874
92.96;133.6857;107.8066467064075;72.11919319850874
93.03;132.3714;107.8066467064075;72.11919319850874
92.82;131.7714;107.8066467064075;72.11919319850874
93.06;130.3429;107.8066467064075;72.11919319850874
93.05;130.5714;107.8066467064075;72.11919319850874
92.54;129.3714;107.8066467064075;72.11919319850874
91.22;130.3429;107.8066467064075;72.11919319850874
90.39;129.2;107.8066467064075;72.11919319850874
89.67;129.4857;107.8066467064075;72.11919319850874
88.93;129.3714;107.8066467064075;72.11919319850874
88.84;128.9429;107.8066467064075;72.11919319850874
88.26;129.1714;107.8066467064075;72.11919319850874
87.88;127.7714;107.8066467064075;72.11919319850874
88.58;128.1143;107.8066467064075;72.11919319850874
88.58;126.9429;107.8066467064075;72.11919319850874
88.59;126.8571;107.8066467064075;72.11919319850874
88.28;126.1714;107.8066467064075;72.11919319850874
88.23;125.2571;107.8066467064075;72.11919319850874
87.7;126.1714;107.8066467064075;72.11919319850874
86.9;125.2571;107.8066467064075;72.11919319850874
87.14;125.2571;107.8066467064075;72.11919319850874
86.95;125.6286;107.8066467064075;72.11919319850874
86.31;123.6857;107.8066467064075;72.11919319850874
85.77;123.9714;107.8066467064075;72.11919319850874
85.27;123.0571;107.8066467064075;72.11919319850874
84.56;123.4;107.8066467064075;72.11919319850874
84.54;122.1714;107.8066467064075;72.11919319850874
84.94;122.2286;107.8066467064075;72.11919319850874
84.35;122.7714;107.8066467064075;72.11919319850874
84.32;121.6857;107.8066467064075;72.11919319850874
84.96;120.1714;107.8066467064075;72.11919319850874
84.98;120.5714;107.8066467064075;72.11919319850874
85.0;120.3714;107.8066467064075;72.11919319850874
83.89;119.2857;107.8066467064075;72.11919319850874
83.51;119.4857;107.8066467064075;72.11919319850874
84.06;118.9429;107.8066467064075;72.11919319850874
84.2;118.2857;107.8066467064075;72.11919319850874
83.81;119.2857;107.8066467064075;72.11919319850874
83.31;118.0857;107.8066467064075;72.11919319850874
83.06;117.1429;107.8066467064075;72.11919319850874
82.6;116.7429;107.8066467064075;72.11919319850874
83.06;116.9143;107.8066467064075;72.11919319850874
82.68;116.8571;107.8066467064075;72.11919319850874
81.97;117.0286;107.8066467064075;72.11919319850874
81.19;115.5714;107.8066467064075;72.11919319850874
80.91;116.0571;107.8066467064075;72.11919319850874
81.2;115.8571;107.8066467064075;72.11919319850874
80.94;115.6857;107.8066467064075;72.11919319850874
80.87;114.4286;107.8066467064075;72.11919319850874
80.98;114.6286;107.8066467064075;72.11919319850874
80.4;113.5143;107.8066467064075;72.11919319850874
80.53;113.8;107.8066467064075;72.11919319850874
80.54;113.5143;107.8066467064075;72.11919319850874
80.49;114.4286;107.8066467064075;72.11919319850874
80.09;112.4286;107.8066467064075;72.11919319850874
79.4;112.7143;107.8066467064075;72.11919319850874
79.24;111.5143;107.8066467064075;72.11919319850874
79.16;111.8286;107.8066467064075;72.11919319850874
77.37;111.0;107.8066467064075;72.11919319850874
76.92;110.1143;107.8066467064075;72.11919319850874
76.65;110.5429;107.8066467064075;72.11919319850874
76.53;110.2571;107.8066467064075;72.11919319850874
77.02;108.9429;107.8066467064075;72.11919319850874
76.88;108.9143;107.8066467064075;72.11919319850874
76.82;108.4571;107.8066467064075;72.11919319850874
76.66;107.5714;107.8066467064075;72.11919319850874
76.51;109.0286;107.8066467064075;72.11919319850874
76.19;107.8286;107.8066467064075;72.11919319850874
76.1;108.6;107.8066467064075;72.11919319850874
76.27;106.1714;107.8066467064075;72.11919319850874
76.47;105.5429;107.8066467064075;72.11919319850874
76.02;105.5143;107.8066467064075;72.11919319850874
75.51;106.2857;107.8066467064075;72.11919319850874
75.5;103.7714;107.8066467064075;72.11919319850874
75.45;105.9714;107.8066467064075;72.11919319850874
75.42;104.4;107.8066467064075;72.11919319850874
75.05;102.4286;107.8066467064075;72.11919319850874
74.62;102.0;107.8066467064075;72.11919319850874
73.76;103.6571;107.8066467064075;72.11919319850874
72.8;102.0;107.8066467064075;72.11919319850874
72.44;104.1143;107.8066467064075;72.11919319850874
73.19;102.5714;107.8066467064075;72.11919319850874
72.92;102.6571;107.8066467064075;72.11919319850874
73.1;101.6;107.8066467064075;72.11919319850874
72.63;101.3429;107.8066467064075;72.11919319850874
72.62;99.4571;107.8066467064075;72.11919319850874
72.33;100.7429;107.8066467064075;72.11919319850874
72.05;100.3714;107.8066467064075;72.11919319850874
71.92;99.4286;107.8066467064075;72.11919319850874
72.01;100.4286;107.8066467064075;72.11919319850874
72.07;98.4286;107.8066467064075;72.11919319850874
71.72;101.0571;107.8066467064075;72.11919319850874
71.33;98.9714;107.8066467064075;72.11919319850874
70.92;100.0286;107.8066467064075;72.11919319850874
70.58;95.8571;107.8066467064075;72.11919319850874
70.42;96.1143;107.8066467064075;72.11919319850874
70.39;97.5429;107.8066467064075;72.11919319850874
70.24;97.0857;107.8066467064075;72.11919319850874
70.16;96.7714;107.8066467064075;72.11919319850874
70.17;97.0571;107.8066467064075;72.11919319850874
70.53;97.4;107.8066467064075;72.11919319850874
70.5;95.7714;107.8066467064075;72.11919319850874
69.94;96.6571;107.8066467064075;72.11919319850874
69.25;97.2;107.8066467064075;72.11919319850874
69.61;95.4286;107.8066467064075;72.11919319850874
69.96;95.9143;107.8066467064075;72.11919319850874
69.8;94.5143;107.8066467064075;72.11919319850874
69.37;95.8;107.8066467064075;72.11919319850874
67.91;95.2;107.8066467064075;72.11919319850874
68.04;95.2;107.8066467064075;72.11919319850874
67.9;93.6286;107.8066467064075;72.11919319850874
67.65;94.0;107.8066467064075;72.11919319850874
67.34;94.5143;107.8066467064075;72.11919319850874
66.96;94.1714;107.8066467064075;72.11919319850874
67.14;91.2857;107.8066467064075;72.11919319850874
66.96;90.3714;107.8066467064075;72.11919319850874
66.79;92.0;107.8066467064075;72.11919319850874
66.89;92.0857;107.8066467064075;72.11919319850874
66.94;93.8286;107.8066467064075;72.11919319850874
66.39;91.6857;107.8066467064075;72.11919319850874
66.22;92.7429;107.8066467064075;72.11919319850874
66.07;91.5143;107.8066467064075;72.11919319850874
65.93;88.9429;107.8066467064075;72.11919319850874
65.74;93.1714;107.8066467064075;72.11919319850874
65.51;91.1143;107.8066467064075;72.11919319850874
65.42;91.5429;107.8066467064075;72.11919319850874
65.58;90.1429;107.8066467064075;72.11919319850874
65.06;89.7429;107.8066467064075;72.11919319850874
64.94;90.4;107.8066467064075;72.11919319850874
64.48;88.4857;107.8066467064075;72.11919319850874
64.48;87.4571;107.8066467064075;72.11919319850874
64.82;89.4286;107.8066467064075;72.11919319850874
64.56;86.4286;107.8066467064075;72.11919319850874
64.06;90.4571;107.8066467064075;72.11919319850874
63.78;89.3143;107.8066467064075;72.11919319850874
63.67;88.8571;107.8066467064075;72.11919319850874
63.91;88.5714;107.8066467064075;72.11919319850874
63.89;87.0;107.8066467064075;72.11919319850874
63.76;87.8286;107.8066467064075;72.11919319850874
63.37;86.5714;107.8066467064075;72.11919319850874
62.97;85.0571;107.8066467064075;72.11919319850874
62.64;87.6;107.8066467064075;72.11919319850874
62.59;87.8857;107.8066467064075;72.11919319850874
62.32;87.5429;107.8066467064075;72.11919319850874
62.42;86.2286;107.8066467064075;72.11919319850874
62.53;86.2286;107.8066467064075;72.11919319850874
62.29;87.3429;107.8066467064075;72.11919319850874
61.94;85.7714;107.8066467064075;72.11919319850874
61.64;85.3143;107.8066467064075;72.11919319850874
61.24;85.4571;107.8066467064075;72.11919319850874
60.98;85.7429;107.8066467064075;72.11919319850874
60.98;84.0571;107.8066467064075;72.11919319850874
60.58;83.9714;107.8066467064075;72.11919319850874
60.4;84.2286;107.8066467064075;72.11919319850874
60.54;82.5143;107.8066467064075;72.11919319850874
60.86;83.0571;107.8066467064075;72.11919319850874
60.81;82.8571;107.8066467064075;72.11919319850874
60.44;81.8286;107.8066467064075;72.11919319850874
59.54;82.2857;107.8066467064075;72.11919319850874
59.59;82.9143;107.8066467064075;72.11919319850874
59.4;84.2857;107.8066467064075;72.11919319850874
59.64;82.9429;107.8066467064075;72.11919319850874
59.85;82.5143;107.8066467064075;72.11919319850874
59.78;82.7714;107.8066467064075;72.11919319850874
59.71;82.9143;107.8066467064075;72.11919319850874
59.15;83.4571;107.8066467064075;72.11919319850874
58.93;82.0857;107.8066467064075;72.11919319850874
58.39;81.6857;107.8066467064075;72.11919319850874
58.06;81.7429;107.8066467064075;72.11919319850874
58.34;81.2;107.8066467064075;72.11919319850874
58.44;81.8;107.8066467064075;72.11919319850874
57.9;81.3429;107.8066467064075;72.11919319850874
57.19;80.0857;107.8066467064075;72.11919319850874
57.34;77.8857;107.8066467064075;72.11919319850874
57.47;79.2;107.8066467064075;72.11919319850874
57.26;78.1143;107.8066467064075;72.11919319850874
57.43;80.2571;107.8066467064075;72.11919319850874
57.64;80.2857;107.8066467064075;72.11919319850874
57.62;80.0286;107.8066467064075;72.11919319850874
56.92;78.1143;107.8066467064075;72.11919319850874
56.41;80.0286;107.8066467064075;72.11919319850874
56.34;79.0857;107.8066467064075;72.11919319850874
56.2;78.5714;107.8066467064075;72.11919319850874
55.91;77.8;107.8066467064075;72.11919319850874
55.95;78.3429;107.8066467064075;72.11919319850874
55.66;77.5714;107.8066467064075;72.11919319850874
55.19;77.3714;107.8066467064075;72.11919319850874
54.88;78.0857;107.8066467064075;72.11919319850874
54.77;76.8571;107.8066467064075;72.11919319850874
54.93;77.4857;107.8066467064075;72.11919319850874
55.36;76.8571;107.8066467064075;72.11919319850874
55.4;75.8286;107.8066467064075;72.11919319850874
54.94;75.3143;107.8066467064075;72.11919319850874
54.48;76.0;107.8066467064075;72.11919319850874
54.62;74.7714;107.8066467064075;72.11919319850874
54.65;75.3429;107.8066467064075;72.11919319850874
54.54;76.1143;107.8066467064075;72.11919319850874
54.43;76.7429;107.8066467064075;72.11919319850874
53.89;75.9714;107.8066467064075;72.11919319850874
53.54;76.1429;107.8066467064075;72.11919319850874
53.27;75.5714;107.8066467064075;72.11919319850874
52.93;75.2;107.8066467064075;72.11919319850874
52.74;75.4286;107.8066467064075;72.11919319850874
52.56;74.2;107.8066467064075;72.11919319850874
52.64;76.5714;107.8066467064075;72.11919319850874
52.95;75.9429;107.8066467064075;72.11919319850874
52.73;74.7143;107.8066467064075;72.11919319850874
52.46;75.6;107.8066467064075;72.11919319850874
51.92;74.4;107.8066467064075;72.11919319850874
51.63;75.6857;107.8066467064075;72.11919319850874
51.75;74.5429;107.8066467064075;72.11919319850874
51.53;74.2;107.8066467064075;72.11919319850874
50.86;72.4286;107.8066467064075;72.11919319850874
50.48;71.9143;107.8066467064075;72.11919319850874
50.48;70.5143;107.8066467064075;72.11919319850874
50.66;72.1714;107.8066467064075;72.11919319850874
51.08;72.1429;107.8066467064075;72.11919319850874
51.1;71.7143;107.8066467064075;72.11919319850874
51.01;72.2857;107.8066467064075;72.11919319850874
50.67;70.8;107.8066467064075;72.11919319850874
50.27;71.4;107.8066467064075;72.11919319850874
49.56;70.5714;107.8066467064075;72.11919319850874
48.87;70.3714;107.8066467064075;72.11919319850874
48.7;70.9429;107.8066467064075;72.11919319850874
48.52;71.5429;107.8066467064075;72.11919319850874
48.49;71.1714;107.8066467064075;72.11919319850874
48.63;70.3143;107.8066467064075;72.11919319850874
48.78;69.4857;107.8066467064075;72.11919319850874
48.58;69.6;107.8066467064075;72.11919319850874
48.68;69.0571;107.8066467064075;72.11919319850874
48.49;69.6571;107.8066467064075;72.11919319850874
48.09;69.6857;107.8066467064075;72.11919319850874
47.92;68.5143;107.8066467064075;72.11919319850874
48.06;70.0286;107.8066467064075;72.11919319850874
47.76;69.2286;107.8066467064075;72.11919319850874
47.85;69.8;107.8066467064075;72.11919319850874
47.92;69.2571;107.8066467064075;72.11919319850874
47.89;68.6286;107.8066467064075;72.11919319850874
47.77;67.2;107.8066467064075;72.11919319850874
47.67;69.4857;107.8066467064075;72.11919319850874
47.68;69.0857;107.8066467064075;72.11919319850874
47.37;68.1429;107.8066467064075;72.11919319850874
47.07;67.6286;107.8066467064075;72.11919319850874
46.67;67.3714;107.8066467064075;72.11919319850874
46.32;66.9429;107.8066467064075;72.11919319850874
46.25;67.8571;107.8066467064075;72.11919319850874
46.17;67.2857;107.8066467064075;72.11919319850874
45.91;66.1143;107.8066467064075;72.11919319850874
45.79;66.6286;107.8066467064075;72.11919319850874
45.98;66.2286;107.8066467064075;72.11919319850874
46.17;67.2;107.8066467064075;72.11919319850874
45.88;66.0571;107.8066467064075;72.11919319850874
45.44;66.4286;107.8066467064075;72.11919319850874
45.29;65.0286;107.8066467064075;72.11919319850874
45.22;65.9143;107.8066467064075;72.11919319850874
45.34;65.7714;107.8066467064075;72.11919319850874
45.47;64.7143;107.8066467064075;72.11919319850874
45.59;65.5714;107.8066467064075;72.11919319850874
45.18;65.2571;107.8066467064075;72.11919319850874
44.74;65.4;107.8066467064075;72.11919319850874
44.68;63.8286;107.8066467064075;72.11919319850874
44.77;65.8571;107.8066467064075;72.11919319850874
44.64;64.3429;107.8066467064075;72.11919319850874
44.69;64.2571;107.8066467064075;72.11919319850874
44.82;63.6857;107.8066467064075;72.11919319850874
44.82;63.6286;107.8066467064075;72.11919319850874
44.85;63.8857;107.8066467064075;72.11919319850874
44.71;63.4;107.8066467064075;72.11919319850874
44.32;61.9714;107.8066467064075;72.11919319850874
43.7;62.9143;107.8066467064075;72.11919319850874
43.7;61.7143;107.8066467064075;72.11919319850874
43.67;63.8571;107.8066467064075;72.11919319850874
43.71;63.4286;107.8066467064075;72.11919319850874
43.56;62.7714;107.8066467064075;72.11919319850874
43.47;61.9429;107.8066467064075;72.11919319850874
43.37;61.1429;107.8066467064075;72.11919319850874
43.5;61.8286;107.8066467064075;72.11919319850874
43.53;62.2571;107.8066467064075;72.11919319850874
43.48;61.8286;107.8066467064075;72.11919319850874
43.13;62.2286;107.8066467064075;72.11919319850874
42.83;61.0857;107.8066467064075;72.11919319850874
42.82;60.6857;107.8066467064075;72.11919319850874
42.73;59.7429;107.8066467064075;72.11919319850874
42.7;60.6;107.8066467064075;72.11919319850874
42.56;59.9714;107.8066467064075;72.11919319850874
42.12;61.1429;107.8066467064075;72.11919319850874
41.98;60.4286;107.8066467064075;72.11919319850874
41.83;60.2571;107.8066467064075;72.11919319850874
41.8;60.0571;107.8066467064075;72.11919319850874
41.63;59.4571;107.8066467064075;72.11919319850874
41.25;58.9429;107.8066467064075;72.11919319850874
41.0;58.6857;107.8066467064075;72.11919319850874
40.72;58.6857;107.8066467064075;72.11919319850874
40.64;58.7143;107.8066467064075;72.11919319850874
40.69;57.8;107.8066467064075;72.11919319850874
40.62;58.8286;107.8066467064075;72.11919319850874
40.36;58.8571;107.8066467064075;72.11919319850874
40.54;58.2571;107.8066467064075;72.11919319850874
40.57;58.2571;107.8066467064075;72.11919319850874
40.52;58.6;107.8066467064075;72.11919319850874
40.6;57.8286;107.8066467064075;72.11919319850874
40.44;58.3429;107.8066467064075;72.11919319850874
40.13;57.4857;107.8066467064075;72.11919319850874
39.87;57.0286;107.8066467064075;72.11919319850874
39.71;57.1714;107.8066467064075;72.11919319850874
39.87;57.4857;107.8066467064075;72.11919319850874
39.85;57.5143;107.8066467064075;72.11919319850874
39.46;57.0286;107.8066467064075;72.11919319850874
38.93;57.9714;107.8066467064075;72.11919319850874
38.82;57.7714;107.8066467064075;72.11919319850874
38.61;57.6;107.8066467064075;72.11919319850874
38.54;57.4571;107.8066467064075;72.11919319850874
38.66;56.4;107.8066467064075;72.11919319850874
38.46;56.6;107.8066467064075;72.11919319850874
38.02;55.6286;107.8066467064075;72.11919319850874
38.06;56.2857;107.8066467064075;72.11919319850874
37.91;56.4286;107.8066467064075;72.11919319850874
38.03;55.7429;107.8066467064075;72.11919319850874
38.07;54.8286;107.8066467064075;72.11919319850874
38.17;55.2857;107.8066467064075;72.11919319850874
38.02;55.1429;107.8066467064075;72.11919319850874
37.87;55.0571;107.8066467064075;72.11919319850874
37.45;55.2857;107.8066467064075;72.11919319850874
37.18;55.0286;107.8066467064075;72.11919319850874
37.06;55.5714;107.8066467064075;72.11919319850874
37.09;55.1714;107.8066467064075;72.11919319850874
36.97;54.0286;107.8066467064075;72.11919319850874
36.77;54.5143;107.8066467064075;72.11919319850874
36.54;54.0286;107.8066467064075;72.11919319850874
36.65;53.9143;107.8066467064075;72.11919319850874
36.93;54.1143;107.8066467064075;72.11919319850874
36.64;54.4;107.8066467064075;72.11919319850874
36.47;53.8;107.8066467064075;72.11919319850874
36.39;53.2286;107.8066467064075;72.11919319850874
36.17;53.0;107.8066467064075;72.11919319850874
35.96;53.0571;107.8066467064075;72.11919319850874
35.85;53.4857;107.8066467064075;72.11919319850874
35.74;53.6;107.8066467064075;72.11919319850874
35.68;52.9714;107.8066467064075;72.11919319850874
35.78;52.2;107.8066467064075;72.11919319850874
35.81;52.6857;107.8066467064075;72.11919319850874
35.55;52.7714;107.8066467064075;72.11919319850874
35.34;52.3714;107.8066467064075;72.11919319850874
35.33;52.5143;107.8066467064075;72.11919319850874
35.4;51.9429;107.8066467064075;72.11919319850874
34.95;51.4;107.8066467064075;72.11919319850874
34.58;51.5714;107.8066467064075;72.11919319850874
34.29;51.3429;107.8066467064075;72.11919319850874
34.47;50.6857;107.8066467064075;72.11919319850874
34.46;50.7429;107.8066467064075;72.11919319850874
34.41;50.4286;107.8066467064075;72.11919319850874
34.32;51.4857;107.8066467064075;72.11919319850874
34.17;51.2;107.8066467064075;72.11919319850874
34.04;51.1429;107.8066467064075;72.11919319850874
33.97;50.4;107.8066467064075;72.11919319850874
33.65;50.6;107.8066467064075;72.11919319850874
33.35;50.6857;107.8066467064075;72.11919319850874
33.51;50.3429;107.8066467064075;72.11919319850874
33.36;50.5143;107.8066467064075;72.11919319850874
33.13;50.2;107.8066467064075;72.11919319850874
33.13;50.2286;107.8066467064075;72.11919319850874
33.11;50.0286;107.8066467064075;72.11919319850874
32.98;49.6857;107.8066467064075;72.11919319850874
33.0;50.1143;107.8066467064075;72.11919319850874
32.88;49.6286;107.8066467064075;72.11919319850874
32.8;48.6286;107.8066467064075;72.11919319850874
32.76;49.1143;107.8066467064075;72.11919319850874
32.78;48.8286;107.8066467064075;72.11919319850874
32.69;49.7714;107.8066467064075;72.11919319850874
32.42;49.6857;107.8066467064075;72.11919319850874
32.29;50.0;107.8066467064075;72.11919319850874
32.21;49.5429;107.8066467064075;72.11919319850874
32.23;48.9714;107.8066467064075;72.11919319850874
32.15;48.7429;107.8066467064075;72.11919319850874
31.91;47.6571;107.8066467064075;72.11919319850874
31.79;47.7714;107.8066467064075;72.11919319850874
31.88;47.6286;107.8066467064075;72.11919319850874
32.0;48.2571;107.8066467064075;72.11919319850874
31.86;47.7429;107.8066467064075;72.11919319850874
31.72;48.2286;107.8066467064075;72.11919319850874
31.67;48.0857;107.8066467064075;72.11919319850874
31.66;48.0286;107.8066467064075;72.11919319850874
31.41;47.9429;107.8066467064075;72.11919319850874
31.42;47.4571;107.8066467064075;72.11919319850874
31.56;46.9714;107.8066467064075;72.11919319850874
31.66;47.2571;107.8066467064075;72.11919319850874
31.55;47.0286;107.8066467064075;72.11919319850874
31.4;46.7143;107.8066467064075;72.11919319850874
31.26;47.0571;107.8066467064075;72.11919319850874
31.23;47.0;107.8066467064075;72.11919319850874
31.18;46.6571;107.8066467064075;72.11919319850874
31.03;46.7143;107.8066467064075;72.11919319850874
30.79;46.6857;107.8066467064075;72.11919319850874
30.75;46.4571;107.8066467064075;72.11919319850874
30.77;46.3429;107.8066467064075;72.11919319850874
30.84;46.2571;107.8066467064075;72.11919319850874
30.72;46.2286;107.8066467064075;72.11919319850874
30.59;45.7143;107.8066467064075;72.11919319850874
30.45;45.8286;107.8066467064075;72.11919319850874
30.11;45.0286;107.8066467064075;72.11919319850874
29.97;44.8571;107.8066467064075;72.11919319850874
29.97;44.8;107.8066467064075;72.11919319850874
29.95;45.1429;107.8066467064075;72.11919319850874
30.0;44.7143;107.8066467064075;72.11919319850874
29.85;44.3143;107.8066467064075;72.11919319850874
29.71;44.2571;107.8066467064075;72.11919319850874
29.34;44.3429;107.8066467064075;72.11919319850874
29.04;43.8571;107.8066467064075;72.11919319850874
29.18;44.2;107.8066467064075;72.11919319850874
29.2;44.5143;107.8066467064075;72.11919319850874
29.1;44.6286;107.8066467064075;72.11919319850874
28.92;44.0857;107.8066467064075;72.11919319850874
28.64;43.6;107.8066467064075;72.11919319850874
28.52;44.2286;107.8066467064075;72.11919319850874
28.62;44.1429;107.8066467064075;72.11919319850874
28.69;44.1429;107.8066467064075;72.11919319850874
28.62;43.8286;107.8066467064075;72.11919319850874
28.43;43.5143;107.8066467064075;72.11919319850874
28.27;43.1714;107.8066467064075;72.11919319850874
28.2;43.5714;107.8066467064075;72.11919319850874
28.24;43.5429;107.8066467064075;72.11919319850874
28.12;43.4286;107.8066467064075;72.11919319850874
28.1;43.6571;107.8066467064075;72.11919319850874
27.88;43.5143;107.8066467064075;72.11919319850874
27.82;43.5714;107.8066467064075;72.11919319850874
27.7;43.5429;107.8066467064075;72.11919319850874
27.71;43.3429;107.8066467064075;72.11919319850874
27.57;42.5714;107.8066467064075;72.11919319850874
27.55;42.6;107.8066467064075;72.11919319850874
27.37;42.8857;107.8066467064075;72.11919319850874
27.37;42.8571;107.8066467064075;72.11919319850874
27.23;42.7429;107.8066467064075;72.11919319850874
27.2;42.2857;107.8066467064075;72.11919319850874
26.97;41.9143;107.8066467064075;72.11919319850874
26.97;41.4857;107.8066467064075;72.11919319850874
26.82;42.0857;107.8066467064075;72.11919319850874
26.74;41.7714;107.8066467064075;72.11919319850874
26.59;41.6857;107.8066467064075;72.11919319850874
26.47;41.3429;107.8066467064075;72.11919319850874
26.66;41.7714;107.8066467064075;72.11919319850874
26.48;41.3714;107.8066467064075;72.11919319850874
26.28;41.1143;107.8066467064075;72.11919319850874
26.13;41.3714;107.8066467064075;72.11919319850874
26.1;40.8857;107.8066467064075;72.11919319850874
26.15;40.8;107.8066467064075;72.11919319850874
26.07;40.7143;107.8066467064075;72.11919319850874
25.86;40.4571;107.8066467064075;72.11919319850874
25.88;40.3714;107.8066467064075;72.11919319850874
25.88;40.0857;107.8066467064075;72.11919319850874
25.74;39.8;107.8066467064075;72.11919319850874
25.69;39.6286;107.8066467064075;72.11919319850874
25.68;39.6857;107.8066467064075;72.11919319850874
25.62;39.2;107.8066467064075;72.11919319850874
25.53;39.4286;107.8066467064075;72.11919319850874
25.45;38.8;107.8066467064075;72.11919319850874
25.31;39.1143;107.8066467064075;72.11919319850874
25.24;39.0286;107.8066467064075;72.11919319850874
25.29;39.0857;107.8066467064075;72.11919319850874
24.94;39.0;107.8066467064075;72.11919319850874
24.96;38.8857;107.8066467064075;72.11919319850874
24.95;38.7714;107.8066467064075;72.11919319850874
24.91;38.4;107.8066467064075;72.11919319850874
24.8;38.4571;107.8066467064075;72.11919319850874
24.8;38.4286;107.8066467064075;72.11919319850874
24.63;38.5143;107.8066467064075;72.11919319850874
24.5;38.3714;107.8066467064075;72.11919319850874
24.41;38.0286;107.8066467064075;72.11919319850874
24.2;38.1714;107.8066467064075;72.11919319850874
24.21;38.1714;107.8066467064075;72.11919319850874
24.07;38.0857;107.8066467064075;72.11919319850874
24.06;37.8857;107.8066467064075;72.11919319850874
24.03;37.7714;107.8066467064075;72.11919319850874
23.94;37.5429;107.8066467064075;72.11919319850874
23.81;37.5429;107.8066467064075;72.11919319850874
23.8;37.5714;107.8066467064075;72.11919319850874
23.73;37.5429;107.8066467064075;72.11919319850874
23.71;37.4571;107.8066467064075;72.11919319850874
23.57;37.2571;107.8066467064075;72.11919319850874
23.43;36.8;107.8066467064075;72.11919319850874
23.44;36.7714;107.8066467064075;72.11919319850874
23.44;36.7429;107.8066467064075;72.11919319850874
23.38;36.7143;107.8066467064075;72.11919319850874
23.34;36.2;107.8066467064075;72.11919319850874
23.25;36.6571;107.8066467064075;72.11919319850874
23.16;36.5143;107.8066467064075;72.11919319850874
23.02;36.2857;107.8066467064075;72.11919319850874
22.95;35.9429;107.8066467064075;72.11919319850874
22.81;35.6571;107.8066467064075;72.11919319850874
22.73;35.7143;107.8066467064075;72.11919319850874
22.78;35.5143;107.8066467064075;72.11919319850874
22.77;35.6;107.8066467064075;72.11919319850874
22.71;35.1714;107.8066467064075;72.11919319850874
22.58;35.5143;107.8066467064075;72.11919319850874
22.51;35.5429;107.8066467064075;72.11919319850874
22.27;35.6;107.8066467064075;72.11919319850874
22.24;35.2;107.8066467064075;72.11919319850874
22.19;35.0286;107.8066467064075;72.11919319850874
22.17;34.7714;107.8066467064075;72.11919319850874
22.25;34.4857;107.8066467064075;72.11919319850874
22.05;34.2857;107.8066467064075;72.11919319850874
21.9;34.1429;107.8066467064075;72.11919319850874
21.8;34.0286;107.8066467064075;72.11919319850874
21.73;33.6571;107.8066467064075;72.11919319850874
21.68;34.0286;107.8066467064075;72.11919319850874
21.55;33.8857;107.8066467064075;72.11919319850874
21.44;33.8286;107.8066467064075;72.11919319850874
21.36;33.6857;107.8066467064075;72.11919319850874
21.26;33.8;107.8066467064075;72.11919319850874
21.1;34.0;107.8066467064075;72.11919319850874
21.01;33.6857;107.8066467064075;72.11919319850874
20.91;33.4571;107.8066467064075;72.11919319850874
20.99;33.0857;107.8066467064075;72.11919319850874
20.97;33.0571;107.8066467064075;72.11919319850874
20.69;33.0857;107.8066467064075;72.11919319850874
20.63;33.0;107.8066467064075;72.11919319850874
20.66;32.8;107.8066467064075;72.11919319850874
20.58;32.6571;107.8066467064075;72.11919319850874
20.47;32.6;107.8066467064075;72.11919319850874
20.38;32.3429;107.8066467064075;72.11919319850874
20.32;32.3143;107.8066467064075;72.11919319850874
20.27;32.0857;107.8066467064075;72.11919319850874
20.18;32.4;107.8066467064075;72.11919319850874
19.98;32.3429;107.8066467064075;72.11919319850874
19.97;32.4286;107.8066467064075;72.11919319850874
19.95;31.8857;107.8066467064075;72.11919319850874
19.91;31.7714;107.8066467064075;72.11919319850874
19.86;31.6286;107.8066467064075;72.11919319850874
19.76;31.7714;107.8066467064075;72.11919319850874
19.73;31.6;107.8066467064075;72.11919319850874
19.59;31.7714;107.8066467064075;72.11919319850874
19.52;31.5429;107.8066467064075;72.11919319850874
19.5;31.5429;107.8066467064075;72.11919319850874
19.4;31.5143;107.8066467064075;72.11919319850874
19.37;31.4571;107.8066467064075;72.11919319850874
19.3;31.4286;107.8066467064075;72.11919319850874
19.23;31.1714;107.8066467064075;72.11919319850874
19.14;30.7429;107.8066467064075;72.11919319850874
19.07;30.8;107.8066467064075;72.11919319850874
19.09;30.9714;107.8066467064075;72.11919319850874
19.08;30.8857;107.8066467064075;72.11919319850874
19.0;30.6571;107.8066467064075;72.11919319850874
18.92;30.6;107.8066467064075;72.11919319850874
18.87;30.5143;107.8066467064075;72.11919319850874
18.75;30.6286;107.8066467064075;72.11919319850874
18.61;30.2286;107.8066467064075;72.11919319850874
18.57;30.2;107.8066467064075;72.11919319850874
18.48;29.9429;107.8066467064075;72.11919319850874
18.39;30.2;107.8066467064075;72.11919319850874
18.33;30.0571;107.8066467064075;72.11919319850874
18.37;29.9143;107.8066467064075;72.11919319850874
18.29;30.0;107.8066467064075;72.11919319850874
18.21;30.1429;107.8066467064075;72.11919319850874
18.13;30.0;107.8066467064075;72.11919319850874
18.02;29.9143;107.8066467064075;72.11919319850874
17.96;29.4857;107.8066467064075;72.11919319850874
17.88;29.6;107.8066467064075;72.11919319850874
17.76;29.7714;107.8066467064075;72.11919319850874
17.78;29.4857;107.8066467064075;72.11919319850874
17.65;29.4;107.8066467064075;72.11919319850874
17.58;29.2571;107.8066467064075;72.11919319850874
17.5;29.4;107.8066467064075;72.11919319850874
17.33;29.1429;107.8066467064075;72.11919319850874
17.3;29.0857;107.8066467064075;72.11919319850874
17.28;28.9429;107.8066467064075;72.11919319850874
17.09;29.0286;107.8066467064075;72.11919319850874
17.05;28.6286;107.8066467064075;72.11919319850874
16.98;28.4;107.8066467064075;72.11919319850874
17.05;28.4286;107.8066467064075;72.11919319850874
16.94;28.3143;107.8066467064075;72.11919319850874
16.87;28.3714;107.8066467064075;72.11919319850874
16.76;28.3429;107.8066467064075;72.11919319850874
16.71;28.2286;107.8066467064075;72.11919319850874
16.66;28.0286;107.8066467064075;72.11919319850874
16.63;27.6;107.8066467064075;72.11919319850874
16.57;27.5714;107.8066467064075;72.11919319850874
16.42;27.6;107.8066467064075;72.11919319850874
16.28;27.8286;107.8066467064075;72.11919319850874
16.3;27.7714;107.8066467064075;72.11919319850874
16.11;27.7143;107.8066467064075;72.11919319850874
16.16;27.6;107.8066467064075;72.11919319850874
16.13;27.1143;107.8066467064075;72.11919319850874
15.98;26.9714;107.8066467064075;72.11919319850874
15.96;27.0286;107.8066467064075;72.11919319850874
15.89;27.2286;107.8066467064075;72.11919319850874
15.8;27.1429;107.8066467064075;72.11919319850874
15.73;27.0;107.8066467064075;72.11919319850874
15.73;26.8;107.8066467064075;72.11919319850874
15.72;26.7714;107.8066467064075;72.11919319850874
15.62;26.7714;107.8066467064075;72.11919319850874
15.51;26.7429;107.8066467064075;72.11919319850874
15.47;26.6571;107.8066467064075;72.11919319850874
15.4;26.4286;107.8066467064075;72.11919319850874
15.38;26.2;107.8066467064075;72.11919319850874
15.3;26.1429;107.8066467064075;72.11919319850874
15.25;26.0286;107.8066467064075;72.11919319850874
15.19;26.1143;107.8066467064075;72.11919319850874
15.11;26.1143;107.8066467064075;72.11919319850874
14.99;25.8571;107.8066467064075;72.11919319850874
14.95;25.8571;107.8066467064075;72.11919319850874
14.91;25.7714;107.8066467064075;72.11919319850874
14.82;25.7143;107.8066467064075;72.11919319850874
14.74;25.5429;107.8066467064075;72.11919319850874
14.77;25.5429;107.8066467064075;72.11919319850874
14.67;25.3714;107.8066467064075;72.11919319850874
14.61;25.1714;107.8066467064075;72.11919319850874
14.56;24.9714;107.8066467064075;72.11919319850874
14.5;25.0571;107.8066467064075;72.11919319850874
14.35;25.1429;107.8066467064075;72.11919319850874
14.32;24.9429;107.8066467064075;72.11919319850874
14.25;24.7143;107.8066467064075;72.11919319850874
14.19;24.4571;107.8066467064075;72.11919319850874
14.07;24.5143;107.8066467064075;72.11919319850874
13.99;24.5143;107.8066467064075;72.11919319850874
13.93;24.3143;107.8066467064075;72.11919319850874
13.91;24.1429;107.8066467064075;72.11919319850874
13.85;24.2286;107.8066467064075;72.11919319850874
13.79;24.1714;107.8066467064075;72.11919319850874
13.7;24.1714;107.8066467064075;72.11919319850874
13.65;23.9143;107.8066467064075;72.11919319850874
13.63;23.8571;107.8066467064075;72.11919319850874
13.53;23.8857;107.8066467064075;72.11919319850874
13.48;23.8571;107.8066467064075;72.11919319850874
13.37;23.7429;107.8066467064075;72.11919319850874
13.35;23.6;107.8066467064075;72.11919319850874
13.29;23.5429;107.8066467064075;72.11919319850874
13.28;23.5429;107.8066467064075;72.11919319850874
13.19;23.5429;107.8066467064075;72.11919319850874
13.08;23.1429;107.8066467064075;72.11919319850874
13.01;23.1143;107.8066467064075;72.11919319850874
12.94;23.2;107.8066467064075;72.11919319850874
12.9;23.2286;107.8066467064075;72.11919319850874
12.88;23.1143;107.8066467064075;72.11919319850874
12.81;23.1714;107.8066467064075;72.11919319850874
12.73;23.1143;107.8066467064075;72.11919319850874
12.67;22.8857;107.8066467064075;72.11919319850874
12.64;22.7143;107.8066467064075;72.11919319850874
12.59;22.6286;107.8066467064075;72.11919319850874
12.5;22.6286;107.8066467064075;72.11919319850874
12.46;22.3714;107.8066467064075;72.11919319850874
12.42;22.4;107.8066467064075;72.11919319850874
12.35;22.4;107.8066467064075;72.11919319850874
12.27;22.3143;107.8066467064075;72.11919319850874
12.26;22.1143;107.8066467064075;72.11919319850874
12.19;22.0857;107.8066467064075;72.11919319850874
12.15;21.8857;107.8066467064075;72.11919319850874
12.05;21.9714;107.8066467064075;72.11919319850874
12.0;21.9429;107.8066467064075;72.11919319850874
11.96;21.8286;107.8066467064075;72.11919319850874
11.89;21.5143;107.8066467064075;72.11919319850874
11.76;21.6;107.8066467064075;72.11919319850874
11.77;21.7143;107.8066467064075;72.11919319850874
11.77;21.6286;107.8066467064075;72.11919319850874
11.69;21.5429;107.8066467064075;72.11919319850874
11.68;21.4571;107.8066467064075;72.11919319850874
11.59;21.3429;107.8066467064075;72.11919319850874
11.53;21.2286;107.8066467064075;72.11919319850874
11.47;21.2857;107.8066467064075;72.11919319850874
11.41;21.0571;107.8066467064075;72.11919319850874
11.2;21.0;107.8066467064075;72.11919319850874
11.16;21.0857;107.8066467064075;72.11919319850874
11.11;21.1143;107.8066467064075;72.11919319850874
11.05;20.8571;107.8066467064075;72.11919319850874
11.0;20.9143;107.8066467064075;72.11919319850874
10.93;20.7714;107.8066467064075;72.11919319850874
10.93;20.5714;107.8066467064075;72.11919319850874
10.9;20.4857;107.8066467064075;72.11919319850874
10.86;20.4571;107.8066467064075;72.11919319850874
10.85;20.4;107.8066467064075;72.11919319850874
10.74;20.4;107.8066467064075;72.11919319850874
10.67;20.4;107.8066467064075;72.11919319850874
10.61;20.0857;107.8066467064075;72.11919319850874
10.51;20.0;107.8066467064075;72.11919319850874
10.49;20.0286;107.8066467064075;72.11919319850874
10.43;19.9143;107.8066467064075;72.11919319850874
10.4;19.9429;107.8066467064075;72.11919319850874
10.35;19.8;107.8066467064075;72.11919319850874
10.28;19.7429;107.8066467064075;72.11919319850874
10.2;19.6;107.8066467064075;72.11919319850874
10.15;19.6571;107.8066467064075;72.11919319850874
10.16;19.5714;107.8066467064075;72.11919319850874
10.12;19.5143;107.8066467064075;72.11919319850874
10.06;19.4286;107.8066467064075;72.11919319850874
9.99;19.3714;107.8066467064075;72.11919319850874
9.94;19.2857;107.8066467064075;72.11919319850874
9.89;19.3143;107.8066467064075;72.11919319850874
9.78;19.0857;107.8066467064075;72.11919319850874
9.69;18.9714;107.8066467064075;72.11919319850874
9.65;19.1429;107.8066467064075;72.11919319850874
9.6;19.0286;107.8066467064075;72.11919319850874
9.57;18.8;107.8066467064075;72.11919319850874
9.51;18.8571;107.8066467064075;72.11919319850874
9.39;18.6286;107.8066467064075;72.11919319850874
9.38;18.7143;107.8066467064075;72.11919319850874
9.34;18.6857;107.8066467064075;72.11919319850874
9.31;18.3143;107.8066467064075;72.11919319850874
9.28;18.4;107.8066467064075;72.11919319850874
9.23;18.4857;107.8066467064075;72.11919319850874
9.18;18.4286;107.8066467064075;72.11919319850874
9.12;18.3143;107.8066467064075;72.11919319850874
9.07;18.1714;107.8066467064075;72.11919319850874
9.02;18.2286;107.8066467064075;72.11919319850874
8.95;18.1143;107.8066467064075;72.11919319850874
8.92;17.9143;107.8066467064075;72.11919319850874
8.86;17.9429;107.8066467064075;72.11919319850874
8.81;17.8571;107.8066467064075;72.11919319850874
8.75;17.8857;107.8066467064075;72.11919319850874
8.7;17.7714;107.8066467064075;72.11919319850874
8.62;17.6857;107.8066467064075;72.11919319850874
8.48;17.6286;107.8066467064075;72.11919319850874
8.43;17.5714;107.8066467064075;72.11919319850874
8.37;17.5143;107.8066467064075;72.11919319850874
8.31;17.5429;107.8066467064075;72.11919319850874
8.26;17.5143;107.8066467064075;72.11919319850874
8.19;17.3714;107.8066467064075;72.11919319850874
8.14;17.2571;107.8066467064075;72.11919319850874
8.11;17.2286;107.8066467064075;72.11919319850874
8.05;17.2;107.8066467064075;72.11919319850874
8.02;16.9714;107.8066467064075;72.11919319850874
7.96;16.9429;107.8066467064075;72.11919319850874
7.89;16.9143;107.8066467064075;72.11919319850874
7.82;16.8571;107.8066467064075;72.11919319850874
7.77;16.8;107.8066467064075;72.11919319850874
7.72;16.7429;107.8066467064075;72.11919319850874
7.67;16.7143;107.8066467064075;72.11919319850874
7.61;16.6857;107.8066467064075;72.11919319850874
7.59;16.5143;107.8066467064075;72.11919319850874
7.56;16.4857;107.8066467064075;72.11919319850874
7.52;16.3143;107.8066467064075;72.11919319850874
7.49;16.2286;107.8066467064075;72.11919319850874
7.42;16.2857;107.8066467064075;72.11919319850874
7.36;16.1429;107.8066467064075;72.11919319850874
7.34;16.2286;107.8066467064075;72.11919319850874
7.27;16.2;107.8066467064075;72.11919319850874
7.23;16.0571;107.8066467064075;72.11919319850874
7.18;15.8857;107.8066467064075;72.11919319850874
7.14;15.8286;107.8066467064075;72.11919319850874
7.11;15.7714;107.8066467064075;72.11919319850874
7.07;15.7429;107.8066467064075;72.11919319850874
7.04;15.6286;107.8066467064075;72.11919319850874
7.02;15.5429;107.8066467064075;72.11919319850874
6.97;15.5143;107.8066467064075;72.11919319850874
6.93;15.5429;107.8066467064075;72.11919319850874
6.89;15.5429;107.8066467064075;72.11919319850874
6.84;15.3714;107.8066467064075;72.11919319850874
6.79;15.2857;107.8066467064075;72.11919319850874
6.73;15.2857;107.8066467064075;72.11919319850874
6.7;15.2286;107.8066467064075;72.11919319850874
6.66;15.2571;107.8066467064075;72.11919319850874
6.62;15.0571;107.8066467064075;72.11919319850874
6.58;15.0;107.8066467064075;72.11919319850874
6.54;14.8857;107.8066467064075;72.11919319850874
6.52;14.8;107.8066467064075;72.11919319850874
6.44;14.7714;107.8066467064075;72.11919319850874
6.41;14.6571;107.8066467064075;72.11919319850874
6.38;14.6571;107.8066467064075;72.11919319850874
6.33;14.5714;107.8066467064075;72.11919319850874
6.27;14.4571;107.8066467064075;72.11919319850874
6.22;14.4571;107.8066467064075;72.11919319850874
6.1;14.3143;107.8066467064075;72.11919319850874
6.06;14.4;107.8066467064075;72.11919319850874
6.0;14.3143;107.8066467064075;72.11919319850874
5.95;14.2857;107.8066467064075;72.11919319850874
5.89;14.2286;107.8066467064075;72.11919319850874
5.84;14.1429;107.8066467064075;72.11919319850874
5.8;14.0286;107.8066467064075;72.11919319850874
5.77;13.9714;107.8066467064075;72.11919319850874
5.7;13.9429;107.8066467064075;72.11919319850874
5.67;13.9429;107.8066467064075;72.11919319850874
5.63;13.8571;107.8066467064075;72.11919319850874
5.61;13.7714;107.8066467064075;72.11919319850874
5.57;13.6857;107.8066467064075;72.11919319850874
5.54;13.6286;107.8066467064075;72.11919319850874
5.51;13.5143;107.8066467064075;72.11919319850874
5.46;13.5143;107.8066467064075;72.11919319850874
5.42;13.3714;107.8066467064075;72.11919319850874
5.39;13.3714;107.8066467064075;72.11919319850874
5.31;13.2857;107.8066467064075;72.11919319850874
5.26;13.3143;107.8066467064075;72.11919319850874
5.23;13.3714;107.8066467064075;72.11919319850874
5.18;13.2857;107.8066467064075;72.11919319850874
5.14;13.1143;107.8066467064075;72.11919319850874
5.09;13.0571;107.8066467064075;72.11919319850874
5.05;13.0857;107.8066467064075;72.11919319850874
5.01;12.9429;107.8066467064075;72.11919319850874
4.98;12.9429;107.8066467064075;72.11919319850874
4.96;12.8857;107.8066467064075;72.11919319850874
4.92;12.8571;107.8066467064075;72.11919319850874
4.89;12.6857;107.8066467064075;72.11919319850874
4.85;12.6;107.8066467064075;72.11919319850874
4.81;12.6571;107.8066467064075;72.11919319850874
4.77;12.6;107.8066467064075;72.11919319850874
4.74;12.5143;107.8066467064075;72.11919319850874
4.69;12.4286;107.8066467064075;72.11919319850874
4.66;12.2857;107.8066467064075;72.11919319850874
4.61;12.3143;107.8066467064075;72.11919319850874
4.56;12.2286;107.8066467064075;72.11919319850874
4.5;12.1429;107.8066467064075;72.11919319850874
4.45;12.0857;107.8066467064075;72.11919319850874
4.43;12.0;107.8066467064075;72.11919319850874
4.41;11.9143;107.8066467064075;72.11919319850874
4.37;11.9429;107.8066467064075;72.11919319850874
4.33;11.9714;107.8066467064075;72.11919319850874
4.29;11.9143;107.8066467064075;72.11919319850874
4.26;11.8;107.8066467064075;72.11919319850874
4.2;11.7143;107.8066467064075;72.11919319850874
4.15;11.6286;107.8066467064075;72.11919319850874
4.12;11.6;107.8066467064075;72.11919319850874
4.09;11.5143;107.8066467064075;72.11919319850874
3.95;11.4857;107.8066467064075;72.11919319850874
3.9;11.4857;107.8066467064075;72.11919319850874
3.87;11.4;107.8066467064075;72.11919319850874
3.81;11.3429;107.8066467064075;72.11919319850874
3.8;11.3143;107.8066467064075;72.11919319850874
3.76;11.2286;107.8066467064075;72.11919319850874
3.74;11.1714;107.8066467064075;72.11919319850874
3.69;11.1429;107.8066467064075;72.11919319850874
3.66;11.0857;107.8066467064075;72.11919319850874
3.61;11.0286;107.8066467064075;72.11919319850874
3.58;10.9714;107.8066467064075;72.11919319850874
3.54;10.9429;107.8066467064075;72.11919319850874
3.51;10.9143;107.8066467064075;72.11919319850874
3.45;10.8286;107.8066467064075;72.11919319850874
3.43;10.7143;107.8066467064075;72.11919319850874
3.4;10.6571;107.8066467064075;72.11919319850874
3.35;10.6286;107.8066467064075;72.11919319850874
3.32;10.5429;107.8066467064075;72.11919319850874
3.27;10.6;107.8066467064075;72.11919319850874
3.23;10.5714;107.8066467064075;72.11919319850874
3.18;10.5429;107.8066467064075;72.11919319850874
3.15;10.4571;107.8066467064075;72.11919319850874
3.12;10.3714;107.8066467064075;72.11919319850874
3.11;10.3714;107.8066467064075;72.11919319850874
3.07;10.2286;107.8066467064075;72.11919319850874
3.04;10.1714;107.8066467064075;72.11919319850874
3.0;10.1143;107.8066467064075;72.11919319850874
2.97;10.0571;107.8066467064075;72.11919319850874
2.93;10.0286;107.8066467064075;72.11919319850874
2.91;9.9714;107.8066467064075;72.11919319850874
2.88;9.9143;107.8066467064075;72.11919319850874
2.84;9.8571;107.8066467064075;72.11919319850874
2.81;9.8857;107.8066467064075;72.11919319850874
2.77;9.8;107.8066467064075;72.11919319850874
2.72;9.7429;107.8066467064075;72.11919319850874
2.7;9.7714;107.8066467064075;72.11919319850874
2.65;9.6857;107.8066467064075;72.11919319850874
2.62;9.7143;107.8066467064075;72.11919319850874
2.57;9.5429;107.8066467064075;72.11919319850874
2.53;9.5143;107.8066467064075;72.11919319850874
2.5;9.4571;107.8066467064075;72.11919319850874
2.46;9.3714;107.8066467064075;72.11919319850874
2.44;9.3714;107.8066467064075;72.11919319850874
2.41;9.3143;107.8066467064075;72.11919319850874
2.39;9.3143;107.8066467064075;72.11919319850874
2.36;9.2571;107.8066467064075;72.11919319850874
2.32;9.2;107.8066467064075;72.11919319850874
2.29;9.0857;107.8066467064075;72.11919319850874
2.26;9.0571;107.8066467064075;72.11919319850874
2.23;9.0286;107.8066467064075;72.11919319850874
2.14;9.0571;107.8066467064075;72.11919319850874
2.11;8.9429;107.8066467064075;72.11919319850874
2.09;8.8857;107.8066467064075;72.11919319850874
2.04;8.8286;107.8066467064075;72.11919319850874
2.01;8.8;107.8066467064075;72.11919319850874
1.99;8.7429;107.8066467064075;72.11919319850874
1.96;8.6286;107.8066467064075;72.11919319850874
1.93;8.5714;107.8066467064075;72.11919319850874
1.89;8.5429;107.8066467064075;72.11919319850874
1.85;8.5143;107.8066467064075;72.11919319850874
1.82;8.5143;107.8066467064075;72.11919319850874
1.79;8.3714;107.8066467064075;72.11919319850874
1.76;8.2571;107.8066467064075;72.11919319850874
1.73;8.2571;107.8066467064075;72.11919319850874
1.7;8.2857;107.8066467064075;72.11919319850874
1.67;8.3143;107.8066467064075;72.11919319850874
1.64;8.2;107.8066467064075;72.11919319850874
1.62;8.1429;107.8066467064075;72.11919319850874
1.59;8.1143;107.8066467064075;72.11919319850874
1.56;8.0571;107.8066467064075;72.11919319850874
1.52;8.0;107.8066467064075;72.11919319850874
1.5;7.9429;107.8066467064075;72.11919319850874
1.47;7.9429;107.8066467064075;72.11919319850874
1.45;7.8857;107.8066467064075;72.11919319850874
1.42;7.8;107.8066467064075;72.11919319850874
1.38;7.8;107.8066467064075;72.11919319850874
1.35;7.6857;107.8066467064075;72.11919319850874
1.32;7.6857;107.8066467064075;72.11919319850874
1.3;7.6286;107.8066467064075;72.11919319850874
1.27;7.6;107.8066467064075;72.11919319850874
1.24;7.5143;107.8066467064075;72.11919319850874
1.22;7.4857;107.8066467064075;72.11919319850874
1.21;7.4286;107.8066467064075;72.11919319850874
1.19;7.3429;107.8066467064075;72.11919319850874
1.18;7.3143;107.8066467064075;72.11919319850874
1.17;7.2571;107.8066467064075;72.11919319850874
1.14;7.2286;107.8066467064075;72.11919319850874
1.09;7.2;107.8066467064075;72.11919319850874
1.06;7.1429;107.8066467064075;72.11919319850874
1.05;7.0571;107.8066467064075;72.11919319850874
1.02;7.0286;107.8066467064075;72.11919319850874
1.0;6.9429;107.8066467064075;72.11919319850874
0.97;6.9143;107.8066467064075;72.11919319850874
0.94;6.8571;107.8066467064075;72.11919319850874
0.93;6.7714;107.8066467064075;72.11919319850874
0.91;6.7429;107.8066467064075;72.11919319850874
0.89;6.7429;107.8066467064075;72.11919319850874
0.86;6.6857;107.8066467064075;72.11919319850874
0.84;6.6857;107.8066467064075;72.11919319850874
0.82;6.5714;107.8066467064075;72.11919319850874
0.76;6.6;107.8066467064075;72.11919319850874
0.73;6.5429;107.8066467064075;72.11919319850874
0.71;6.4571;107.8066467064075;72.11919319850874
0.69;6.4286;107.8066467064075;72.11919319850874
0.68;6.4286;107.8066467064075;72.11919319850874
0.66;6.2857;107.8066467064075;72.11919319850874
0.63;6.2571;107.8066467064075;72.11919319850874
0.61;6.2857;107.8066467064075;72.11919319850874
0.59;6.2571;107.8066467064075;72.11919319850874
0.58;6.2571;107.8066467064075;72.11919319850874
0.57;6.1429;107.8066467064075;72.11919319850874
0.56;6.1714;107.8066467064075;72.11919319850874
0.54;6.1143;107.8066467064075;72.11919319850874
0.52;6.0571;107.8066467064075;72.11919319850874
0.5;6.0;107.8066467064075;72.11919319850874
0.49;5.9714;107.8066467064075;72.11919319850874
0.47;5.9143;107.8066467064075;72.11919319850874
0.47;5.8857;107.8066467064075;72.11919319850874
0.43;5.9143;107.8066467064075;72.11919319850874
0.41;5.8;107.8066467064075;72.11919319850874
0.4;5.7143;107.8066467064075;72.11919319850874
0.38;5.7714;107.8066467064075;72.11919319850874
0.36;5.6857;107.8066467064075;72.11919319850874
0.34;5.6571;107.8066467064075;72.11919319850874
0.34;5.6571;107.8066467064075;72.11919319850874
0.33;5.5429;107.8066467064075;72.11919319850874
0.33;5.5429;107.8066467064075;72.11919319850874
0.32;5.5429;107.8066467064075;72.11919319850874
0.3;5.4571;107.8066467064075;72.11919319850874
0.3;5.4286;107.8066467064075;72.11919319850874
0.29;5.3429;107.8066467064075;72.11919319850874
0.3;5.3143;107.8066467064075;72.11919319850874
0.29;5.2571;107.8066467064075;72.11919319850874
0.28;5.2;107.8066467064075;72.11919319850874
0.28;5.2;107.8066467064075;72.11919319850874
0.27;5.1714;107.8066467064075;72.11919319850874
0.26;5.0857;107.8066467064075;72.11919319850874
0.27;5.0857;107.8066467064075;72.11919319850874
0.25;5.0286;107.8066467064075;72.11919319850874
0.24;4.9429;107.8066467064075;72.11919319850874
0.24;4.9143;107.8066467064075;72.11919319850874
0.23;4.8857;107.8066467064075;72.11919319850874
0.22;4.9143;107.8066467064075;72.11919319850874
0.22;4.8571;107.8066467064075;72.11919319850874
0.21;4.8571;107.8066467064075;72.11919319850874
0.21;4.7429;107.8066467064075;72.11919319850874
0.21;4.7714;107.8066467064075;72.11919319850874
0.21;4.7429;107.8066467064075;72.11919319850874
0.21;4.6857;107.8066467064075;72.11919319850874
0.21;4.6;107.8066467064075;72.11919319850874
0.2;4.5429;107.8066467064075;72.11919319850874
0.19;4.5143;107.8066467064075;72.11919319850874
0.19;4.5143;107.8066467064075;72.11919319850874
0.18;4.4571;107.8066467064075;72.11919319850874
0.18;4.4286;107.8066467064075;72.11919319850874
0.18;4.4;107.8066467064075;72.11919319850874
0.17;4.3143;107.8066467064075;72.11919319850874
0.17;4.2571;107.8066467064075;72.11919319850874
0.18;4.2;107.8066467064075;72.11919319850874
0.18;4.2571;107.8066467064075;72.11919319850874
0.18;4.2571;107.8066467064075;72.11919319850874
0.17;4.2286;107.8066467064075;72.11919319850874
0.18;4.1143;107.8066467064075;72.11919319850874
0.18;4.0857;107.8066467064075;72.11919319850874
0.18;4.0286;107.8066467064075;72.11919319850874
0.17;4.0286;107.8066467064075;72.11919319850874
0.17;4.0571;107.8066467064075;72.11919319850874
0.17;3.9714;107.8066467064075;72.11919319850874
0.17;3.9143;107.8066467064075;72.11919319850874
0.16;3.8857;107.8066467064075;72.11919319850874
0.16;3.7714;107.8066467064075;72.11919319850874
0.16;3.7714;107.8066467064075;72.11919319850874
0.15;3.7429;107.8066467064075;72.11919319850874
0.15;3.8;107.8066467064075;72.11919319850874
0.15;3.7429;107.8066467064075;72.11919319850874
0.15;3.7143;107.8066467064075;72.11919319850874
0.15;3.6286;107.8066467064075;72.11919319850874
0.15;3.6;107.8066467064075;72.11919319850874
0.16;3.5429;107.8066467064075;72.11919319850874
0.15;3.5143;107.8066467064075;72.11919319850874
0.14;3.4857;107.8066467064075;72.11919319850874
0.14;3.4571;107.8066467064075;72.11919319850874
0.13;3.3714;107.8066467064075;72.11919319850874
0.13;3.4;107.8066467064075;72.11919319850874
0.14;3.3714;107.8066467064075;72.11919319850874
0.14;3.3143;107.8066467064075;72.11919319850874
0.14;3.2286;107.8066467064075;72.11919319850874
0.14;3.2286;107.8066467064075;72.11919319850874
0.13;3.2286;107.8066467064075;72.11919319850874
0.13;3.1714;107.8066467064075;72.11919319850874
0.13;3.1429;107.8066467064075;72.11919319850874
0.13;3.1429;107.8066467064075;72.11919319850874
0.13;3.0571;107.8066467064075;72.11919319850874
0.12;3.0286;107.8066467064075;72.11919319850874
0.13;3.0286;107.8066467064075;72.11919319850874
0.12;2.9714;107.8066467064075;72.11919319850874
0.13;2.8857;107.8066467064075;72.11919319850874
0.12;2.8286;107.8066467064075;72.11919319850874
0.12;2.8571;107.8066467064075;72.11919319850874
0.12;2.8857;107.8066467064075;72.11919319850874
0.11;2.7714;107.8066467064075;72.11919319850874
0.11;2.7714;107.8066467064075;72.11919319850874
0.11;2.6571;107.8066467064075;72.11919319850874
0.11;2.6571;107.8066467064075;72.11919319850874
0.11;2.6857;107.8066467064075;72.11919319850874
0.11;2.6286;107.8066467064075;72.11919319850874
0.11;2.5714;107.8066467064075;72.11919319850874
0.11;2.6286;107.8066467064075;72.11919319850874
0.11;2.5714;107.8066467064075;72.11919319850874
0.11;2.5714;107.8066467064075;72.11919319850874
0.11;2.4857;107.8066467064075;72.11919319850874
0.11;2.4286;107.8066467064075;72.11919319850874
0.11;2.4286;107.8066467064075;72.11919319850874
0.11;2.4;107.8066467064075;72.11919319850874
0.11;2.3714;107.8066467064075;72.11919319850874
0.11;2.3429;107.8066467064075;72.11919319850874
0.11;2.3143;107.8066467064075;72.11919319850874
0.11;2.1714;107.8066467064075;72.11919319850874
0.11;2.2286;107.8066467064075;72.11919319850874
0.11;2.1714;107.8066467064075;72.11919319850874
0.11;2.1429;107.8066467064075;72.11919319850874
0.11;2.1143;107.8066467064075;72.11919319850874
0.1;2.0571;107.8066467064075;72.11919319850874
0.1;2.0857;107.8066467064075;72.11919319850874
0.11;1.9714;107.8066467064075;72.11919319850874
0.1;2.0;107.8066467064075;72.11919319850874
0.11;2.0;107.8066467064075;72.11919319850874
0.11;1.9714;107.8066467064075;72.11919319850874
0.11;2.0;107.8066467064075;72.11919319850874
0.1;1.8857;107.8066467064075;72.11919319850874
0.1;1.8571;107.8066467064075;72.11919319850874
0.11;1.8;107.8066467064075;72.11919319850874
0.1;1.8;107.8066467064075;72.11919319850874
0.1;1.7714;107.8066467064075;72.11919319850874
0.1;1.7714;107.8066467064075;72.11919319850874
0.1;1.7714;107.8066467064075;72.11919319850874
0.1;1.8;107.8066467064075;72.11919319850874
0.1;1.6571;107.8066467064075;72.11919319850874
0.11;1.6286;107.8066467064075;72.11919319850874
0.1;1.6286;107.8066467064075;72.11919319850874
0.1;1.5714;107.8066467064075;72.11919319850874
0.1;1.6286;107.8066467064075;72.11919319850874
0.1;1.5714;107.8066467064075;72.11919319850874
0.1;1.4857;107.8066467064075;72.11919319850874
0.1;1.4857;107.8066467064075;72.11919319850874
0.1;1.4286;107.8066467064075;72.11919319850874
0.09;1.3429;107.8066467064075;72.11919319850874
0.09;1.4;107.8066467064075;72.11919319850874
0.09;1.3429;107.8066467064075;72.11919319850874
0.09;1.2857;107.8066467064075;72.11919319850874
