SF-A-022;Sensirion;RMSE;MAE
-8.25;-8.7429;5.034361174932304;3.2720114724480576
-8.3125;-8.6571;5.034361174932304;3.2720114724480576
-8.4375;-8.6;5.034361174932304;3.2720114724480576
-8.5625;-8.6;5.034361174932304;3.2720114724480576
-8.5625;-8.5429;5.034361174932304;3.2720114724480576
-8.375;-8.4571;5.034361174932304;3.2720114724480576
-7.9375;-8.4571;5.034361174932304;3.2720114724480576
-7.6875;-8.3714;5.034361174932304;3.2720114724480576
-7.875;-8.3429;5.034361174932304;3.2720114724480576
-8.1875;-8.3143;5.034361174932304;3.2720114724480576
-8.375;-8.3143;5.034361174932304;3.2720114724480576
-8.375;-8.2571;5.034361174932304;3.2720114724480576
-8.3125;-8.2571;5.034361174932304;3.2720114724480576
-8.125;-8.2286;5.034361174932304;3.2720114724480576
-8.0;-8.2;5.034361174932304;3.2720114724480576
-7.75;-8.1714;5.034361174932304;3.2720114724480576
-7.5;-8.0571;5.034361174932304;3.2720114724480576
-7.375;-8.0857;5.034361174932304;3.2720114724480576
-7.3125;-8.0286;5.034361174932304;3.2720114724480576
-7.3125;-8.0286;5.034361174932304;3.2720114724480576
-7.3125;-8.0286;5.034361174932304;3.2720114724480576
-7.3125;-8.0;5.034361174932304;3.2720114724480576
-7.3125;-7.9714;5.034361174932304;3.2720114724480576
-7.3125;-7.9714;5.034361174932304;3.2720114724480576
-7.5625;-7.9714;5.034361174932304;3.2720114724480576
-7.8125;-8.0;5.034361174932304;3.2720114724480576
-7.9375;-7.9429;5.034361174932304;3.2720114724480576
-7.9375;-8.0;5.034361174932304;3.2720114724480576
-7.8125;-8.0286;5.034361174932304;3.2720114724480576
-7.5;-8.1143;5.034361174932304;3.2720114724480576
-7.0625;-8.2;5.034361174932304;3.2720114724480576
-6.875;-8.3143;5.034361174932304;3.2720114724480576
-7.125;-8.4;5.034361174932304;3.2720114724480576
-7.625;-8.5429;5.034361174932304;3.2720114724480576
-8.1875;-8.6571;5.034361174932304;3.2720114724480576
-8.625;-8.8857;5.034361174932304;3.2720114724480576
-8.8125;-9.0857;5.034361174932304;3.2720114724480576
-8.8125;-9.2857;5.034361174932304;3.2720114724480576
-8.875;-9.4857;5.034361174932304;3.2720114724480576
-8.8125;-9.7429;5.034361174932304;3.2720114724480576
-8.9375;-10.0286;5.034361174932304;3.2720114724480576
-9.0625;-10.2857;5.034361174932304;3.2720114724480576
-9.4375;-10.6571;5.034361174932304;3.2720114724480576
-10.0625;-11.0;5.034361174932304;3.2720114724480576
-10.5;-11.3143;5.034361174932304;3.2720114724480576
-10.8125;-11.7429;5.034361174932304;3.2720114724480576
-11.25;-12.0571;5.034361174932304;3.2720114724480576
-11.5625;-12.4857;5.034361174932304;3.2720114724480576
-11.6875;-12.9429;5.034361174932304;3.2720114724480576
-11.6875;-13.4571;5.034361174932304;3.2720114724480576
-11.625;-13.8857;5.034361174932304;3.2720114724480576
-11.625;-14.3714;5.034361174932304;3.2720114724480576
-11.625;-14.8571;5.034361174932304;3.2720114724480576
-11.5625;-15.4286;5.034361174932304;3.2720114724480576
-11.6875;-15.9714;5.034361174932304;3.2720114724480576
-12.25;-16.5143;5.034361174932304;3.2720114724480576
-13.4375;-17.1429;5.034361174932304;3.2720114724480576
-14.8125;-17.7143;5.034361174932304;3.2720114724480576
-15.875;-18.3143;5.034361174932304;3.2720114724480576
-16.375;-18.9714;5.034361174932304;3.2720114724480576
-16.875;-19.5143;5.034361174932304;3.2720114724480576
-17.8125;-20.2857;5.034361174932304;3.2720114724480576
-18.9375;-20.9429;5.034361174932304;3.2720114724480576
-20.0625;-21.5714;5.034361174932304;3.2720114724480576
-21.0625;-22.3429;5.034361174932304;3.2720114724480576
-21.875;-22.9429;5.034361174932304;3.2720114724480576
-22.625;-23.5429;5.034361174932304;3.2720114724480576
-23.1875;-24.1429;5.034361174932304;3.2720114724480576
-23.5;-24.8571;5.034361174932304;3.2720114724480576
-24.1875;-25.4571;5.034361174932304;3.2720114724480576
-25.125;-26.0286;5.034361174932304;3.2720114724480576
-26.0625;-26.7714;5.034361174932304;3.2720114724480576
-26.875;-27.5714;5.034361174932304;3.2720114724480576
-27.4375;-28.0286;5.034361174932304;3.2720114724480576
-27.9375;-28.8286;5.034361174932304;3.2720114724480576
-28.5;-29.4571;5.034361174932304;3.2720114724480576
-29.1875;-30.2857;5.034361174932304;3.2720114724480576
-30.375;-30.8286;5.034361174932304;3.2720114724480576
-31.4375;-31.5714;5.034361174932304;3.2720114724480576
-32.1875;-32.1714;5.034361174932304;3.2720114724480576
-33.1875;-33.0286;5.034361174932304;3.2720114724480576
-34.25;-33.7143;5.034361174932304;3.2720114724480576
-34.875;-34.4;5.034361174932304;3.2720114724480576
-35.1875;-35.0571;5.034361174932304;3.2720114724480576
-35.1875;-35.5714;5.034361174932304;3.2720114724480576
-35.125;-36.4;5.034361174932304;3.2720114724480576
-34.75;-36.9143;5.034361174932304;3.2720114724480576
-34.75;-37.6857;5.034361174932304;3.2720114724480576
-36.25;-38.3143;5.034361174932304;3.2720114724480576
-38.0625;-38.9429;5.034361174932304;3.2720114724480576
-39.5625;-39.6857;5.034361174932304;3.2720114724480576
-40.75;-40.2857;5.034361174932304;3.2720114724480576
-41.4375;-40.9143;5.034361174932304;3.2720114724480576
-42.125;-41.7143;5.034361174932304;3.2720114724480576
-43.0;-42.5143;5.034361174932304;3.2720114724480576
-43.6875;-43.0286;5.034361174932304;3.2720114724480576
-44.0;-43.7714;5.034361174932304;3.2720114724480576
-44.625;-44.2571;5.034361174932304;3.2720114724480576
-45.625;-45.2;5.034361174932304;3.2720114724480576
-46.5;-45.6857;5.034361174932304;3.2720114724480576
-47.5625;-46.4;5.034361174932304;3.2720114724480576
-48.25;-46.9143;5.034361174932304;3.2720114724480576
-48.3125;-47.6857;5.034361174932304;3.2720114724480576
-48.5;-48.2571;5.034361174932304;3.2720114724480576
-49.0625;-48.8571;5.034361174932304;3.2720114724480576
-49.6875;-49.5714;5.034361174932304;3.2720114724480576
-50.25;-50.1143;5.034361174932304;3.2720114724480576
-50.875;-50.7143;5.034361174932304;3.2720114724480576
-51.5;-51.5714;5.034361174932304;3.2720114724480576
-52.5625;-52.1429;5.034361174932304;3.2720114724480576
-54.125;-52.6857;5.034361174932304;3.2720114724480576
-55.625;-53.5429;5.034361174932304;3.2720114724480576
-56.0625;-53.4;5.034361174932304;3.2720114724480576
-55.6875;-54.4286;5.034361174932304;3.2720114724480576
-55.1875;-54.8;5.034361174932304;3.2720114724480576
-54.8125;-55.5429;5.034361174932304;3.2720114724480576
-54.6875;-56.0286;5.034361174932304;3.2720114724480576
-54.625;-56.6857;5.034361174932304;3.2720114724480576
-54.75;-57.3714;5.034361174932304;3.2720114724480576
-55.625;-57.3429;5.034361174932304;3.2720114724480576
-57.3125;-58.1429;5.034361174932304;3.2720114724480576
-58.625;-58.6286;5.034361174932304;3.2720114724480576
-59.875;-59.1143;5.034361174932304;3.2720114724480576
-60.5625;-60.0;5.034361174932304;3.2720114724480576
-60.0625;-60.3429;5.034361174932304;3.2720114724480576
-60.5;-61.2857;5.034361174932304;3.2720114724480576
-61.6875;-61.7714;5.034361174932304;3.2720114724480576
-62.1875;-61.6;5.034361174932304;3.2720114724480576
-62.5625;-62.9714;5.034361174932304;3.2720114724480576
-63.25;-63.3429;5.034361174932304;3.2720114724480576
-63.6875;-63.2857;5.034361174932304;3.2720114724480576
-64.25;-64.0857;5.034361174932304;3.2720114724480576
-65.0;-64.8286;5.034361174932304;3.2720114724480576
-65.875;-65.0857;5.034361174932304;3.2720114724480576
-66.875;-65.6857;5.034361174932304;3.2720114724480576
-67.3125;-66.3714;5.034361174932304;3.2720114724480576
-66.625;-66.6;5.034361174932304;3.2720114724480576
-66.4375;-67.4;5.034361174932304;3.2720114724480576
-67.25;-68.2;5.034361174932304;3.2720114724480576
-68.1875;-67.8286;5.034361174932304;3.2720114724480576
-69.0625;-67.8857;5.034361174932304;3.2720114724480576
-69.875;-69.3714;5.034361174932304;3.2720114724480576
-70.8125;-69.7429;5.034361174932304;3.2720114724480576
-71.375;-69.8286;5.034361174932304;3.2720114724480576
-70.875;-70.6857;5.034361174932304;3.2720114724480576
-69.9375;-71.4;5.034361174932304;3.2720114724480576
-69.1875;-72.0857;5.034361174932304;3.2720114724480576
-68.8125;-71.6;5.034361174932304;3.2720114724480576
-68.6875;-71.9429;5.034361174932304;3.2720114724480576
-68.6875;-73.6857;5.034361174932304;3.2720114724480576
-68.875;-73.5429;5.034361174932304;3.2720114724480576
-70.0;-74.3714;5.034361174932304;3.2720114724480576
-72.125;-75.1429;5.034361174932304;3.2720114724480576
-74.5625;-75.4857;5.034361174932304;3.2720114724480576
-77.5;-75.2857;5.034361174932304;3.2720114724480576
-79.6875;-76.0;5.034361174932304;3.2720114724480576
-80.6875;-77.2286;5.034361174932304;3.2720114724480576
-80.8125;-77.8571;5.034361174932304;3.2720114724480576
-80.375;-79.0286;5.034361174932304;3.2720114724480576
-79.9375;-78.6571;5.034361174932304;3.2720114724480576
-79.6875;-78.2857;5.034361174932304;3.2720114724480576
-80.4375;-78.8286;5.034361174932304;3.2720114724480576
-81.75;-79.9143;5.034361174932304;3.2720114724480576
-82.3125;-80.5714;5.034361174932304;3.2720114724480576
-82.0;-80.4857;5.034361174932304;3.2720114724480576
-82.1875;-80.3143;5.034361174932304;3.2720114724480576
-82.875;-81.6;5.034361174932304;3.2720114724480576
-83.5625;-82.5714;5.034361174932304;3.2720114724480576
-84.0;-82.9429;5.034361174932304;3.2720114724480576
-84.125;-82.8286;5.034361174932304;3.2720114724480576
-84.375;-83.6571;5.034361174932304;3.2720114724480576
-84.25;-84.3143;5.034361174932304;3.2720114724480576
-84.1875;-83.8;5.034361174932304;3.2720114724480576
-84.6875;-84.4;5.034361174932304;3.2720114724480576
-84.6875;-84.9429;5.034361174932304;3.2720114724480576
-85.0625;-86.2;5.034361174932304;3.2720114724480576
-86.25;-86.0286;5.034361174932304;3.2720114724480576
-87.0;-85.9429;5.034361174932304;3.2720114724480576
-87.375;-86.4857;5.034361174932304;3.2720114724480576
-87.4375;-87.1143;5.034361174932304;3.2720114724480576
-87.4375;-87.8286;5.034361174932304;3.2720114724480576
-87.375;-87.4;5.034361174932304;3.2720114724480576
-87.625;-87.1429;5.034361174932304;3.2720114724480576
-88.25;-88.3143;5.034361174932304;3.2720114724480576
-88.75;-89.5143;5.034361174932304;3.2720114724480576
-89.875;-89.8286;5.034361174932304;3.2720114724480576
-91.625;-89.6286;5.034361174932304;3.2720114724480576
-92.375;-90.0;5.034361174932304;3.2720114724480576
-92.3125;-90.2286;5.034361174932304;3.2720114724480576
-92.6875;-89.6857;5.034361174932304;3.2720114724480576
-93.375;-90.0571;5.034361174932304;3.2720114724480576
-94.0;-90.5429;5.034361174932304;3.2720114724480576
-94.3125;-90.6571;5.034361174932304;3.2720114724480576
-94.1875;-91.2571;5.034361174932304;3.2720114724480576
-93.875;-91.3429;5.034361174932304;3.2720114724480576
-93.6875;-93.1429;5.034361174932304;3.2720114724480576
-93.1875;-93.0857;5.034361174932304;3.2720114724480576
-92.875;-93.0857;5.034361174932304;3.2720114724480576
-93.9375;-93.8857;5.034361174932304;3.2720114724480576
-96.0625;-94.3714;5.034361174932304;3.2720114724480576
-98.375;-94.6;5.034361174932304;3.2720114724480576
-99.6875;-94.8;5.034361174932304;3.2720114724480576
-100.0625;-95.0571;5.034361174932304;3.2720114724480576
-99.875;-95.7143;5.034361174932304;3.2720114724480576
-98.1875;-95.9429;5.034361174932304;3.2720114724480576
-95.5;-96.3429;5.034361174932304;3.2720114724480576
-94.6875;-96.6571;5.034361174932304;3.2720114724480576
-96.625;-96.2;5.034361174932304;3.2720114724480576
-100.75;-96.8857;5.034361174932304;3.2720114724480576
-105.125;-97.4286;5.034361174932304;3.2720114724480576
-107.875;-97.5429;5.034361174932304;3.2720114724480576
-109.0;-98.2571;5.034361174932304;3.2720114724480576
-109.125;-98.0857;5.034361174932304;3.2720114724480576
-108.875;-98.8857;5.034361174932304;3.2720114724480576
-108.375;-98.7714;5.034361174932304;3.2720114724480576
-107.0625;-99.6857;5.034361174932304;3.2720114724480576
-104.6875;-99.7143;5.034361174932304;3.2720114724480576
-102.9375;-100.7429;5.034361174932304;3.2720114724480576
-102.875;-100.7714;5.034361174932304;3.2720114724480576
-103.4375;-101.0571;5.034361174932304;3.2720114724480576
-103.8125;-101.0571;5.034361174932304;3.2720114724480576
-103.3125;-100.9714;5.034361174932304;3.2720114724480576
-103.125;-102.3429;5.034361174932304;3.2720114724480576
-103.75;-102.7143;5.034361174932304;3.2720114724480576
-103.9375;-102.9429;5.034361174932304;3.2720114724480576
-104.5625;-103.8;5.034361174932304;3.2720114724480576
-104.875;-103.8571;5.034361174932304;3.2720114724480576
-103.9375;-102.2857;5.034361174932304;3.2720114724480576
-104.5625;-102.6;5.034361174932304;3.2720114724480576
-106.1875;-103.4857;5.034361174932304;3.2720114724480576
-106.375;-103.0857;5.034361174932304;3.2720114724480576
-105.375;-103.6;5.034361174932304;3.2720114724480576
-104.6875;-104.1429;5.034361174932304;3.2720114724480576
-105.0;-104.9429;5.034361174932304;3.2720114724480576
-106.0;-106.6286;5.034361174932304;3.2720114724480576
-107.375;-106.6571;5.034361174932304;3.2720114724480576
-109.125;-107.6857;5.034361174932304;3.2720114724480576
-110.25;-107.3714;5.034361174932304;3.2720114724480576
-110.0;-107.3143;5.034361174932304;3.2720114724480576
-109.375;-106.5429;5.034361174932304;3.2720114724480576
-109.25;-106.8;5.034361174932304;3.2720114724480576
-109.5625;-107.8286;5.034361174932304;3.2720114724480576
-109.8125;-109.0;5.034361174932304;3.2720114724480576
-110.0;-108.6;5.034361174932304;3.2720114724480576
-110.0625;-109.2857;5.034361174932304;3.2720114724480576
-110.0625;-109.0286;5.034361174932304;3.2720114724480576
-110.5;-109.6571;5.034361174932304;3.2720114724480576
-111.75;-109.4286;5.034361174932304;3.2720114724480576
-113.3125;-109.2286;5.034361174932304;3.2720114724480576
-114.875;-110.0;5.034361174932304;3.2720114724480576
-116.1875;-110.8571;5.034361174932304;3.2720114724480576
-117.3125;-111.5143;5.034361174932304;3.2720114724480576
-117.6875;-111.6857;5.034361174932304;3.2720114724480576
-117.125;-111.7714;5.034361174932304;3.2720114724480576
-116.75;-112.0857;5.034361174932304;3.2720114724480576
-116.375;-110.8;5.034361174932304;3.2720114724480576
-114.6875;-110.5714;5.034361174932304;3.2720114724480576
-113.125;-113.4571;5.034361174932304;3.2720114724480576
-113.8125;-113.0571;5.034361174932304;3.2720114724480576
-115.75;-112.6571;5.034361174932304;3.2720114724480576
-115.9375;-111.9429;5.034361174932304;3.2720114724480576
-114.6875;-113.0;5.034361174932304;3.2720114724480576
-114.125;-113.8;5.034361174932304;3.2720114724480576
-114.25;-113.4;5.034361174932304;3.2720114724480576
-114.25;-113.4857;5.034361174932304;3.2720114724480576
-114.875;-114.5429;5.034361174932304;3.2720114724480576
-116.5625;-113.9143;5.034361174932304;3.2720114724480576
-117.625;-115.3714;5.034361174932304;3.2720114724480576
-117.5;-114.5143;5.034361174932304;3.2720114724480576
-117.625;-115.7429;5.034361174932304;3.2720114724480576
-118.3125;-114.8857;5.034361174932304;3.2720114724480576
-117.6875;-115.3429;5.034361174932304;3.2720114724480576
-115.75;-115.1714;5.034361174932304;3.2720114724480576
-113.9375;-114.7143;5.034361174932304;3.2720114724480576
-112.875;-117.0571;5.034361174932304;3.2720114724480576
-112.5;-115.8857;5.034361174932304;3.2720114724480576
-112.5;-116.6;5.034361174932304;3.2720114724480576
-112.5625;-117.3143;5.034361174932304;3.2720114724480576
-113.25;-117.2286;5.034361174932304;3.2720114724480576
-115.375;-117.3143;5.034361174932304;3.2720114724480576
-118.625;-117.8286;5.034361174932304;3.2720114724480576
-121.25;-117.2857;5.034361174932304;3.2720114724480576
-121.625;-118.8286;5.034361174932304;3.2720114724480576
-120.5;-119.0857;5.034361174932304;3.2720114724480576
-120.3125;-118.6571;5.034361174932304;3.2720114724480576
-121.25;-119.1429;5.034361174932304;3.2720114724480576
-121.5;-119.5714;5.034361174932304;3.2720114724480576
-121.25;-120.0;5.034361174932304;3.2720114724480576
-120.5625;-120.3429;5.034361174932304;3.2720114724480576
-119.0;-119.7143;5.034361174932304;3.2720114724480576
-118.5;-119.5714;5.034361174932304;3.2720114724480576
-120.0;-119.4857;5.034361174932304;3.2720114724480576
-121.625;-119.4571;5.034361174932304;3.2720114724480576
-122.625;-119.6857;5.034361174932304;3.2720114724480576
-123.1875;-119.3143;5.034361174932304;3.2720114724480576
-123.0625;-119.6;5.034361174932304;3.2720114724480576
-122.875;-119.8286;5.034361174932304;3.2720114724480576
-122.6875;-119.7429;5.034361174932304;3.2720114724480576
-122.9375;-121.3429;5.034361174932304;3.2720114724480576
-124.25;-122.1429;5.034361174932304;3.2720114724480576
-124.8125;-121.7429;5.034361174932304;3.2720114724480576
-123.3125;-121.4286;5.034361174932304;3.2720114724480576
-121.9375;-122.7429;5.034361174932304;3.2720114724480576
-121.875;-122.9714;5.034361174932304;3.2720114724480576
-121.4375;-123.4;5.034361174932304;3.2720114724480576
-120.125;-121.8857;5.034361174932304;3.2720114724480576
-119.0625;-123.5143;5.034361174932304;3.2720114724480576
-118.4375;-123.7714;5.034361174932304;3.2720114724480576
-118.25;-124.3714;5.034361174932304;3.2720114724480576
-118.3125;-124.4857;5.034361174932304;3.2720114724480576
-119.125;-123.4286;5.034361174932304;3.2720114724480576
-121.3125;-122.3714;5.034361174932304;3.2720114724480576
-123.3125;-122.6;5.034361174932304;3.2720114724480576
-124.75;-123.8286;5.034361174932304;3.2720114724480576
-126.0;-124.9143;5.034361174932304;3.2720114724480576
-125.9375;-123.6286;5.034361174932304;3.2720114724480576
-125.625;-124.2;5.034361174932304;3.2720114724480576
-126.0;-124.7429;5.034361174932304;3.2720114724480576
-125.5625;-125.2;5.034361174932304;3.2720114724480576
-124.375;-125.4286;5.034361174932304;3.2720114724480576
-124.0;-125.7143;5.034361174932304;3.2720114724480576
-124.625;-125.0571;5.034361174932304;3.2720114724480576
-125.125;-123.2571;5.034361174932304;3.2720114724480576
-125.75;-124.9143;5.034361174932304;3.2720114724480576
-126.875;-126.5429;5.034361174932304;3.2720114724480576
-127.5;-125.4;5.034361174932304;3.2720114724480576
-127.0625;-125.5429;5.034361174932304;3.2720114724480576
-126.3125;-125.4857;5.034361174932304;3.2720114724480576
-125.875;-126.6571;5.034361174932304;3.2720114724480576
-125.5625;-127.5143;5.034361174932304;3.2720114724480576
-125.25;-127.1429;5.034361174932304;3.2720114724480576
-125.3125;-124.8571;5.034361174932304;3.2720114724480576
-125.75;-125.2;5.034361174932304;3.2720114724480576
-126.3125;-126.7143;5.034361174932304;3.2720114724480576
-127.6875;-126.1429;5.034361174932304;3.2720114724480576
-129.0;-126.7714;5.034361174932304;3.2720114724480576
-128.625;-127.8;5.034361174932304;3.2720114724480576
-127.3125;-128.0571;5.034361174932304;3.2720114724480576
-126.1875;-128.6571;5.034361174932304;3.2720114724480576
-125.5625;-129.0857;5.034361174932304;3.2720114724480576
-125.375;-130.7143;5.034361174932304;3.2720114724480576
-125.375;-128.9143;5.034361174932304;3.2720114724480576
-125.5;-127.5429;5.034361174932304;3.2720114724480576
-126.0625;-129.0286;5.034361174932304;3.2720114724480576
-127.25;-128.6571;5.034361174932304;3.2720114724480576
-128.3125;-128.3429;5.034361174932304;3.2720114724480576
-129.5;-127.8571;5.034361174932304;3.2720114724480576
-130.5625;-129.2857;5.034361174932304;3.2720114724480576
-129.625;-130.4857;5.034361174932304;3.2720114724480576
-128.0;-129.8857;5.034361174932304;3.2720114724480576
-128.375;-131.4571;5.034361174932304;3.2720114724480576
-130.0;-129.9429;5.034361174932304;3.2720114724480576
-131.1875;-129.4857;5.034361174932304;3.2720114724480576
-131.4375;-129.8857;5.034361174932304;3.2720114724480576
-131.1875;-131.4;5.034361174932304;3.2720114724480576
-131.3125;-130.6286;5.034361174932304;3.2720114724480576
-131.625;-131.3429;5.034361174932304;3.2720114724480576
-130.625;-130.9143;5.034361174932304;3.2720114724480576
-129.3125;-130.3143;5.034361174932304;3.2720114724480576
-129.0;-131.8857;5.034361174932304;3.2720114724480576
-129.5625;-131.7429;5.034361174932304;3.2720114724480576
-131.125;-131.0571;5.034361174932304;3.2720114724480576
-132.0625;-130.8571;5.034361174932304;3.2720114724480576
-130.0;-130.9143;5.034361174932304;3.2720114724480576
-128.0625;-132.1714;5.034361174932304;3.2720114724480576
-129.5625;-132.4857;5.034361174932304;3.2720114724480576
-132.25;-131.8857;5.034361174932304;3.2720114724480576
-134.25;-133.9714;5.034361174932304;3.2720114724480576
-135.8125;-133.1143;5.034361174932304;3.2720114724480576
-136.9375;-134.1143;5.034361174932304;3.2720114724480576
-137.5;-133.9143;5.034361174932304;3.2720114724480576
-137.6875;-134.9714;5.034361174932304;3.2720114724480576
-137.625;-133.6286;5.034361174932304;3.2720114724480576
-137.5;-135.3714;5.034361174932304;3.2720114724480576
-137.1875;-135.8857;5.034361174932304;3.2720114724480576
-136.0625;-135.0571;5.034361174932304;3.2720114724480576
-134.5;-136.0;5.034361174932304;3.2720114724480576
-133.375;-134.8571;5.034361174932304;3.2720114724480576
-132.8125;-134.8;5.034361174932304;3.2720114724480576
-133.6875;-135.4;5.034361174932304;3.2720114724480576
-135.5625;-135.0;5.034361174932304;3.2720114724480576
-136.5;-134.6286;5.034361174932304;3.2720114724480576
-135.5625;-135.1429;5.034361174932304;3.2720114724480576
-133.625;-135.1143;5.034361174932304;3.2720114724480576
-132.5625;-136.6571;5.034361174932304;3.2720114724480576
-132.5625;-137.0;5.034361174932304;3.2720114724480576
-133.0;-136.8286;5.034361174932304;3.2720114724480576
-134.25;-135.9429;5.034361174932304;3.2720114724480576
-136.5625;-136.1429;5.034361174932304;3.2720114724480576
-137.5625;-135.6571;5.034361174932304;3.2720114724480576
-135.6875;-136.4571;5.034361174932304;3.2720114724480576
-133.8125;-138.5714;5.034361174932304;3.2720114724480576
-134.875;-136.6286;5.034361174932304;3.2720114724480576
-136.9375;-138.1143;5.034361174932304;3.2720114724480576
-137.875;-137.2857;5.034361174932304;3.2720114724480576
-138.875;-136.9429;5.034361174932304;3.2720114724480576
-139.6875;-137.7143;5.034361174932304;3.2720114724480576
-139.25;-136.9143;5.034361174932304;3.2720114724480576
-138.625;-137.8857;5.034361174932304;3.2720114724480576
-138.25;-138.2571;5.034361174932304;3.2720114724480576
-138.25;-137.5143;5.034361174932304;3.2720114724480576
-138.8125;-137.5714;5.034361174932304;3.2720114724480576
-139.25;-139.0571;5.034361174932304;3.2720114724480576
-139.5625;-139.5429;5.034361174932304;3.2720114724480576
-139.6875;-139.4286;5.034361174932304;3.2720114724480576
-139.6875;-137.4286;5.034361174932304;3.2720114724480576
-139.75;-136.4286;5.034361174932304;3.2720114724480576
-139.4375;-138.6;5.034361174932304;3.2720114724480576
-138.5625;-137.3143;5.034361174932304;3.2720114724480576
-137.5625;-136.0286;5.034361174932304;3.2720114724480576
-136.5;-137.3714;5.034361174932304;3.2720114724480576
-136.5625;-138.4286;5.034361174932304;3.2720114724480576
-137.0;-136.7429;5.034361174932304;3.2720114724480576
-135.25;-136.4;5.034361174932304;3.2720114724480576
-134.125;-135.7714;5.034361174932304;3.2720114724480576
-135.0;-134.2;5.034361174932304;3.2720114724480576
-134.375;-133.0286;5.034361174932304;3.2720114724480576
-132.9375;-134.6286;5.034361174932304;3.2720114724480576
-133.375;-134.1143;5.034361174932304;3.2720114724480576
-134.3125;-133.4286;5.034361174932304;3.2720114724480576
-134.5;-133.2571;5.034361174932304;3.2720114724480576
-134.0625;-133.2;5.034361174932304;3.2720114724480576
-133.0;-132.4571;5.034361174932304;3.2720114724480576
-131.375;-133.2286;5.034361174932304;3.2720114724480576
-129.8125;-132.1143;5.034361174932304;3.2720114724480576
-129.875;-132.6286;5.034361174932304;3.2720114724480576
-131.25;-131.2;5.034361174932304;3.2720114724480576
-131.1875;-130.7714;5.034361174932304;3.2720114724480576
-130.1875;-129.5429;5.034361174932304;3.2720114724480576
-129.625;-130.6571;5.034361174932304;3.2720114724480576
-128.9375;-130.5429;5.034361174932304;3.2720114724480576
-128.5625;-130.9429;5.034361174932304;3.2720114724480576
-129.375;-128.2571;5.034361174932304;3.2720114724480576
-130.875;-128.8286;5.034361174932304;3.2720114724480576
-132.0;-129.1714;5.034361174932304;3.2720114724480576
-132.5625;-127.8571;5.034361174932304;3.2720114724480576
-132.6875;-126.4286;5.034361174932304;3.2720114724480576
-132.6875;-128.4;5.034361174932304;3.2720114724480576
-132.0;-127.5714;5.034361174932304;3.2720114724480576
-131.4375;-128.9143;5.034361174932304;3.2720114724480576
-132.3125;-128.3143;5.034361174932304;3.2720114724480576
-132.75;-128.1429;5.034361174932304;3.2720114724480576
-131.6875;-126.4;5.034361174932304;3.2720114724480576
-130.5;-126.9429;5.034361174932304;3.2720114724480576
-130.75;-125.4;5.034361174932304;3.2720114724480576
-131.25;-123.8857;5.034361174932304;3.2720114724480576
-129.375;-124.4571;5.034361174932304;3.2720114724480576
-126.25;-124.7429;5.034361174932304;3.2720114724480576
-124.8125;-125.0857;5.034361174932304;3.2720114724480576
-124.625;-125.4;5.034361174932304;3.2720114724480576
-124.125;-125.2;5.034361174932304;3.2720114724480576
-123.25;-123.7429;5.034361174932304;3.2720114724480576
-123.0;-124.3143;5.034361174932304;3.2720114724480576
-123.375;-123.1714;5.034361174932304;3.2720114724480576
-124.125;-122.2857;5.034361174932304;3.2720114724480576
-125.0;-121.8857;5.034361174932304;3.2720114724480576
-123.4375;-123.4286;5.034361174932304;3.2720114724480576
-121.375;-123.4;5.034361174932304;3.2720114724480576
-122.1875;-121.7714;5.034361174932304;3.2720114724480576
-124.5;-123.1714;5.034361174932304;3.2720114724480576
-126.0;-122.6571;5.034361174932304;3.2720114724480576
-125.5625;-122.4;5.034361174932304;3.2720114724480576
-124.0;-121.7429;5.034361174932304;3.2720114724480576
-122.75;-121.4857;5.034361174932304;3.2720114724480576
-121.8125;-121.6286;5.034361174932304;3.2720114724480576
-121.1875;-120.9714;5.034361174932304;3.2720114724480576
-120.875;-120.3143;5.034361174932304;3.2720114724480576
-120.8125;-120.0857;5.034361174932304;3.2720114724480576
-120.875;-119.1429;5.034361174932304;3.2720114724480576
-120.9375;-118.4286;5.034361174932304;3.2720114724480576
-121.0;-118.5429;5.034361174932304;3.2720114724480576
-120.5625;-119.4;5.034361174932304;3.2720114724480576
-119.3125;-117.4286;5.034361174932304;3.2720114724480576
-117.5;-117.8;5.034361174932304;3.2720114724480576
-116.1875;-117.3143;5.034361174932304;3.2720114724480576
-116.9375;-118.0571;5.034361174932304;3.2720114724480576
-118.5625;-118.8;5.034361174932304;3.2720114724480576
-119.375;-118.1143;5.034361174932304;3.2720114724480576
-119.875;-116.8286;5.034361174932304;3.2720114724480576
-120.4375;-117.0;5.034361174932304;3.2720114724480576
-119.5;-116.7143;5.034361174932304;3.2720114724480576
-117.0;-116.9429;5.034361174932304;3.2720114724480576
-115.375;-116.6571;5.034361174932304;3.2720114724480576
-115.25;-116.9714;5.034361174932304;3.2720114724480576
-116.1875;-115.7429;5.034361174932304;3.2720114724480576
-117.0625;-115.9143;5.034361174932304;3.2720114724480576
-117.5625;-115.1714;5.034361174932304;3.2720114724480576
-118.3125;-115.1143;5.034361174932304;3.2720114724480576
-118.0625;-114.8857;5.034361174932304;3.2720114724480576
-117.0625;-114.9429;5.034361174932304;3.2720114724480576
-116.8125;-114.3714;5.034361174932304;3.2720114724480576
-117.0625;-114.2571;5.034361174932304;3.2720114724480576
-117.0625;-112.8571;5.034361174932304;3.2720114724480576
-117.125;-111.9714;5.034361174932304;3.2720114724480576
-117.5625;-111.6571;5.034361174932304;3.2720114724480576
-118.0;-112.1143;5.034361174932304;3.2720114724480576
-117.6875;-112.2286;5.034361174932304;3.2720114724480576
-116.75;-112.4286;5.034361174932304;3.2720114724480576
-115.9375;-111.8571;5.034361174932304;3.2720114724480576
-115.5;-110.5143;5.034361174932304;3.2720114724480576
-115.375;-111.2286;5.034361174932304;3.2720114724480576
-115.375;-111.1714;5.034361174932304;3.2720114724480576
-115.8125;-110.1143;5.034361174932304;3.2720114724480576
-116.4375;-110.5429;5.034361174932304;3.2720114724480576
-116.25;-110.0857;5.034361174932304;3.2720114724480576
-115.5;-111.0857;5.034361174932304;3.2720114724480576
-114.375;-109.8286;5.034361174932304;3.2720114724480576
-112.6875;-111.2286;5.034361174932304;3.2720114724480576
-111.5625;-109.3714;5.034361174932304;3.2720114724480576
-110.5;-108.4286;5.034361174932304;3.2720114724480576
-110.3125;-108.5143;5.034361174932304;3.2720114724480576
-111.5;-109.0;5.034361174932304;3.2720114724480576
-111.4375;-109.1429;5.034361174932304;3.2720114724480576
-111.0625;-108.2857;5.034361174932304;3.2720114724480576
-112.1875;-108.3714;5.034361174932304;3.2720114724480576
-111.875;-109.1429;5.034361174932304;3.2720114724480576
-110.1875;-108.0286;5.034361174932304;3.2720114724480576
-109.9375;-107.4857;5.034361174932304;3.2720114724480576
-110.4375;-107.2;5.034361174932304;3.2720114724480576
-110.375;-107.3714;5.034361174932304;3.2720114724480576
-108.5625;-106.6571;5.034361174932304;3.2720114724480576
-106.5625;-107.3714;5.034361174932304;3.2720114724480576
-106.5625;-106.9143;5.034361174932304;3.2720114724480576
-108.0;-105.0286;5.034361174932304;3.2720114724480576
-109.5625;-105.9714;5.034361174932304;3.2720114724480576
-109.6875;-106.2;5.034361174932304;3.2720114724480576
-109.3125;-105.6857;5.034361174932304;3.2720114724480576
-109.0625;-105.8857;5.034361174932304;3.2720114724480576
-108.25;-105.4857;5.034361174932304;3.2720114724480576
-107.375;-104.3714;5.034361174932304;3.2720114724480576
-106.75;-104.6571;5.034361174932304;3.2720114724480576
-106.5;-105.6571;5.034361174932304;3.2720114724480576
-106.4375;-104.0571;5.034361174932304;3.2720114724480576
-106.5;-103.2571;5.034361174932304;3.2720114724480576
-107.0625;-104.0;5.034361174932304;3.2720114724480576
-108.125;-104.2286;5.034361174932304;3.2720114724480576
-108.25;-104.0857;5.034361174932304;3.2720114724480576
-107.3125;-104.1143;5.034361174932304;3.2720114724480576
-106.3125;-103.5143;5.034361174932304;3.2720114724480576
-105.5625;-103.0571;5.034361174932304;3.2720114724480576
-105.0625;-102.4857;5.034361174932304;3.2720114724480576
-105.5;-103.2286;5.034361174932304;3.2720114724480576
-106.4375;-102.7429;5.034361174932304;3.2720114724480576
-106.875;-102.7429;5.034361174932304;3.2720114724480576
-106.75;-101.6;5.034361174932304;3.2720114724480576
-105.5;-102.0;5.034361174932304;3.2720114724480576
-104.3125;-101.6;5.034361174932304;3.2720114724480576
-104.3125;-102.1714;5.034361174932304;3.2720114724480576
-103.875;-101.3429;5.034361174932304;3.2720114724480576
-103.4375;-100.4;5.034361174932304;3.2720114724480576
-104.0;-100.8286;5.034361174932304;3.2720114724480576
-104.625;-100.6571;5.034361174932304;3.2720114724480576
-104.9375;-100.4286;5.034361174932304;3.2720114724480576
-105.0;-100.0857;5.034361174932304;3.2720114724480576
-104.875;-98.9714;5.034361174932304;3.2720114724480576
-104.9375;-100.0857;5.034361174932304;3.2720114724480576
-105.125;-100.8;5.034361174932304;3.2720114724480576
-104.4375;-100.2857;5.034361174932304;3.2720114724480576
-103.125;-99.6571;5.034361174932304;3.2720114724480576
-103.125;-98.9143;5.034361174932304;3.2720114724480576
-104.3125;-97.9429;5.034361174932304;3.2720114724480576
-105.25;-98.2;5.034361174932304;3.2720114724480576
-105.75;-98.7714;5.034361174932304;3.2720114724480576
-105.9375;-99.3429;5.034361174932304;3.2720114724480576
-105.875;-98.4;5.034361174932304;3.2720114724480576
-105.8125;-98.4571;5.034361174932304;3.2720114724480576
-105.0625;-98.2857;5.034361174932304;3.2720114724480576
-103.9375;-97.6857;5.034361174932304;3.2720114724480576
-103.9375;-97.7714;5.034361174932304;3.2720114724480576
-103.25;-97.5143;5.034361174932304;3.2720114724480576
-99.875;-97.8571;5.034361174932304;3.2720114724480576
-98.4375;-97.1429;5.034361174932304;3.2720114724480576
-99.4375;-96.1429;5.034361174932304;3.2720114724480576
-98.9375;-95.6857;5.034361174932304;3.2720114724480576
-98.8125;-95.1429;5.034361174932304;3.2720114724480576
-99.0625;-95.2571;5.034361174932304;3.2720114724480576
-98.875;-96.6286;5.034361174932304;3.2720114724480576
-99.5;-95.8857;5.034361174932304;3.2720114724480576
-99.9375;-94.8286;5.034361174932304;3.2720114724480576
-100.375;-95.7714;5.034361174932304;3.2720114724480576
-100.8125;-94.6286;5.034361174932304;3.2720114724480576
-100.4375;-94.7143;5.034361174932304;3.2720114724480576
-100.5625;-94.0;5.034361174932304;3.2720114724480576
-101.6875;-93.7714;5.034361174932304;3.2720114724480576
-102.0625;-93.9143;5.034361174932304;3.2720114724480576
-101.0;-93.8286;5.034361174932304;3.2720114724480576
-100.375;-93.5143;5.034361174932304;3.2720114724480576
-100.4375;-93.8;5.034361174932304;3.2720114724480576
-99.75;-93.4857;5.034361174932304;3.2720114724480576
-99.125;-93.7143;5.034361174932304;3.2720114724480576
-98.125;-93.1143;5.034361174932304;3.2720114724480576
-95.6875;-93.7429;5.034361174932304;3.2720114724480576
-93.875;-93.5714;5.034361174932304;3.2720114724480576
-93.8125;-93.6286;5.034361174932304;3.2720114724480576
-94.375;-93.0571;5.034361174932304;3.2720114724480576
-94.9375;-91.3714;5.034361174932304;3.2720114724480576
-95.25;-91.6571;5.034361174932304;3.2720114724480576
-95.375;-91.8286;5.034361174932304;3.2720114724480576
-96.0;-92.1714;5.034361174932304;3.2720114724480576
-97.0625;-91.9429;5.034361174932304;3.2720114724480576
-97.5625;-90.9429;5.034361174932304;3.2720114724480576
-96.6875;-91.6286;5.034361174932304;3.2720114724480576
-95.25;-91.3143;5.034361174932304;3.2720114724480576
-94.25;-89.9429;5.034361174932304;3.2720114724480576
-93.8125;-90.3429;5.034361174932304;3.2720114724480576
-94.625;-91.0857;5.034361174932304;3.2720114724480576
-95.3125;-91.0;5.034361174932304;3.2720114724480576
-94.375;-89.9143;5.034361174932304;3.2720114724480576
-93.625;-89.6;5.034361174932304;3.2720114724480576
-93.625;-90.2571;5.034361174932304;3.2720114724480576
-92.8125;-89.7143;5.034361174932304;3.2720114724480576
-91.25;-89.6857;5.034361174932304;3.2720114724480576
-90.6875;-88.5429;5.034361174932304;3.2720114724480576
-90.4375;-88.6286;5.034361174932304;3.2720114724480576
-90.1875;-88.8;5.034361174932304;3.2720114724480576
-91.0625;-89.4;5.034361174932304;3.2720114724480576
-92.0;-89.3143;5.034361174932304;3.2720114724480576
-92.125;-88.8286;5.034361174932304;3.2720114724480576
-92.1875;-88.3714;5.034361174932304;3.2720114724480576
-91.6875;-88.4;5.034361174932304;3.2720114724480576
-91.375;-87.8857;5.034361174932304;3.2720114724480576
-91.0;-87.8286;5.034361174932304;3.2720114724480576
-89.9375;-87.8286;5.034361174932304;3.2720114724480576
-88.875;-88.1143;5.034361174932304;3.2720114724480576
-87.5625;-87.2857;5.034361174932304;3.2720114724480576
-86.125;-88.2571;5.034361174932304;3.2720114724480576
-85.1875;-87.7143;5.034361174932304;3.2720114724480576
-84.8125;-86.7714;5.034361174932304;3.2720114724480576
-84.8125;-87.1429;5.034361174932304;3.2720114724480576
-84.875;-86.9429;5.034361174932304;3.2720114724480576
-85.5625;-86.1429;5.034361174932304;3.2720114724480576
-87.6875;-86.5429;5.034361174932304;3.2720114724480576
-89.9375;-86.1714;5.034361174932304;3.2720114724480576
-90.625;-85.5143;5.034361174932304;3.2720114724480576
-90.625;-85.7143;5.034361174932304;3.2720114724480576
-90.125;-86.1429;5.034361174932304;3.2720114724480576
-88.625;-86.5714;5.034361174932304;3.2720114724480576
-87.625;-86.0571;5.034361174932304;3.2720114724480576
-87.375;-85.8857;5.034361174932304;3.2720114724480576
-87.375;-85.5714;5.034361174932304;3.2720114724480576
-88.1875;-85.7714;5.034361174932304;3.2720114724480576
-88.75;-85.1429;5.034361174932304;3.2720114724480576
-88.75;-85.4286;5.034361174932304;3.2720114724480576
-88.5625;-84.3429;5.034361174932304;3.2720114724480576
-87.0625;-84.7143;5.034361174932304;3.2720114724480576
-84.8125;-84.7143;5.034361174932304;3.2720114724480576
-83.75;-84.2;5.034361174932304;3.2720114724480576
-84.5625;-83.9429;5.034361174932304;3.2720114724480576
-86.5;-84.2286;5.034361174932304;3.2720114724480576
-88.1875;-83.7143;5.034361174932304;3.2720114724480576
-88.25;-83.8;5.034361174932304;3.2720114724480576
-88.25;-83.9143;5.034361174932304;3.2720114724480576
-88.6875;-82.7714;5.034361174932304;3.2720114724480576
-88.3125;-82.5714;5.034361174932304;3.2720114724480576
-87.6875;-82.6857;5.034361174932304;3.2720114724480576
-87.25;-82.5143;5.034361174932304;3.2720114724480576
-87.4375;-83.4286;5.034361174932304;3.2720114724480576
-88.125;-83.6571;5.034361174932304;3.2720114724480576
-88.75;-82.4857;5.034361174932304;3.2720114724480576
-89.125;-82.5714;5.034361174932304;3.2720114724480576
-89.25;-81.3429;5.034361174932304;3.2720114724480576
-89.25;-82.3714;5.034361174932304;3.2720114724480576
-88.9375;-81.9429;5.034361174932304;3.2720114724480576
-88.0;-81.5714;5.034361174932304;3.2720114724480576
-86.625;-81.0286;5.034361174932304;3.2720114724480576
-85.5;-80.5429;5.034361174932304;3.2720114724480576
-83.8125;-80.1429;5.034361174932304;3.2720114724480576
-81.875;-80.2286;5.034361174932304;3.2720114724480576
-81.5625;-80.8571;5.034361174932304;3.2720114724480576
-82.0625;-81.4857;5.034361174932304;3.2720114724480576
-82.3125;-81.1429;5.034361174932304;3.2720114724480576
-82.5;-81.4571;5.034361174932304;3.2720114724480576
-82.5625;-80.5429;5.034361174932304;3.2720114724480576
-82.6875;-80.2286;5.034361174932304;3.2720114724480576
-83.0625;-80.1714;5.034361174932304;3.2720114724480576
-83.625;-80.0;5.034361174932304;3.2720114724480576
-83.75;-78.8;5.034361174932304;3.2720114724480576
-83.5625;-79.1429;5.034361174932304;3.2720114724480576
-83.125;-79.3714;5.034361174932304;3.2720114724480576
-82.75;-80.0;5.034361174932304;3.2720114724480576
-83.0625;-79.6286;5.034361174932304;3.2720114724480576
-83.0625;-78.9143;5.034361174932304;3.2720114724480576
-82.1875;-78.2286;5.034361174932304;3.2720114724480576
-81.875;-78.5143;5.034361174932304;3.2720114724480576
-82.25;-78.4571;5.034361174932304;3.2720114724480576
-82.375;-79.0571;5.034361174932304;3.2720114724480576
-82.0625;-78.8571;5.034361174932304;3.2720114724480576
-80.9375;-78.6857;5.034361174932304;3.2720114724480576
-78.6875;-77.8;5.034361174932304;3.2720114724480576
-76.375;-78.6857;5.034361174932304;3.2720114724480576
-75.0;-78.6286;5.034361174932304;3.2720114724480576
-74.4375;-78.0857;5.034361174932304;3.2720114724480576
-74.375;-77.0857;5.034361174932304;3.2720114724480576
-74.5;-76.8571;5.034361174932304;3.2720114724480576
-75.375;-77.4286;5.034361174932304;3.2720114724480576
-77.5;-77.3429;5.034361174932304;3.2720114724480576
-79.375;-75.8;5.034361174932304;3.2720114724480576
-79.5625;-76.2857;5.034361174932304;3.2720114724480576
-79.625;-76.8;5.034361174932304;3.2720114724480576
-80.5;-75.9143;5.034361174932304;3.2720114724480576
-80.5;-75.9429;5.034361174932304;3.2720114724480576
-80.125;-75.4;5.034361174932304;3.2720114724480576
-80.3125;-75.9714;5.034361174932304;3.2720114724480576
-80.5625;-76.2286;5.034361174932304;3.2720114724480576
-80.5625;-76.2286;5.034361174932304;3.2720114724480576
-80.9375;-75.0286;5.034361174932304;3.2720114724480576
-81.0;-75.0286;5.034361174932304;3.2720114724480576
-80.1875;-75.4857;5.034361174932304;3.2720114724480576
-79.8125;-75.5714;5.034361174932304;3.2720114724480576
-79.25;-75.7714;5.034361174932304;3.2720114724480576
-78.5625;-74.7429;5.034361174932304;3.2720114724480576
-78.375;-75.2857;5.034361174932304;3.2720114724480576
-77.6875;-75.6571;5.034361174932304;3.2720114724480576
-76.625;-75.2286;5.034361174932304;3.2720114724480576
-75.75;-74.2286;5.034361174932304;3.2720114724480576
-75.875;-74.2571;5.034361174932304;3.2720114724480576
-77.25;-75.2286;5.034361174932304;3.2720114724480576
-78.375;-74.6857;5.034361174932304;3.2720114724480576
-77.75;-73.6571;5.034361174932304;3.2720114724480576
-76.625;-74.0;5.034361174932304;3.2720114724480576
-78.1875;-74.1143;5.034361174932304;3.2720114724480576
-81.5625;-74.1429;5.034361174932304;3.2720114724480576
-84.3125;-73.7429;5.034361174932304;3.2720114724480576
-85.6875;-72.8571;5.034361174932304;3.2720114724480576
-86.125;-73.2;5.034361174932304;3.2720114724480576
-86.0625;-72.8;5.034361174932304;3.2720114724480576
-84.25;-72.1714;5.034361174932304;3.2720114724480576
-80.125;-72.4571;5.034361174932304;3.2720114724480576
-77.0625;-72.8;5.034361174932304;3.2720114724480576
-76.375;-72.1714;5.034361174932304;3.2720114724480576
-76.25;-71.3714;5.034361174932304;3.2720114724480576
-75.9375;-71.5714;5.034361174932304;3.2720114724480576
-75.4375;-71.8;5.034361174932304;3.2720114724480576
-75.75;-72.2;5.034361174932304;3.2720114724480576
-77.125;-71.0286;5.034361174932304;3.2720114724480576
-77.8125;-71.2571;5.034361174932304;3.2720114724480576
-77.375;-71.5143;5.034361174932304;3.2720114724480576
-76.1875;-71.0286;5.034361174932304;3.2720114724480576
-74.25;-70.8;5.034361174932304;3.2720114724480576
-73.0;-71.6286;5.034361174932304;3.2720114724480576
-73.0625;-71.5429;5.034361174932304;3.2720114724480576
-72.875;-70.7714;5.034361174932304;3.2720114724480576
-72.25;-70.4;5.034361174932304;3.2720114724480576
-71.875;-71.4;5.034361174932304;3.2720114724480576
-71.8125;-70.6;5.034361174932304;3.2720114724480576
-72.4375;-70.3429;5.034361174932304;3.2720114724480576
-73.875;-70.2571;5.034361174932304;3.2720114724480576
-74.875;-70.2286;5.034361174932304;3.2720114724480576
-74.75;-70.1714;5.034361174932304;3.2720114724480576
-74.5625;-69.6571;5.034361174932304;3.2720114724480576
-74.1875;-69.3143;5.034361174932304;3.2720114724480576
-72.875;-69.2286;5.034361174932304;3.2720114724480576
-71.625;-68.8571;5.034361174932304;3.2720114724480576
-71.125;-68.5429;5.034361174932304;3.2720114724480576
-71.0625;-69.4286;5.034361174932304;3.2720114724480576
-71.1875;-68.8857;5.034361174932304;3.2720114724480576
-71.3125;-68.7714;5.034361174932304;3.2720114724480576
-71.375;-68.6571;5.034361174932304;3.2720114724480576
-72.0;-69.0286;5.034361174932304;3.2720114724480576
-73.125;-69.0286;5.034361174932304;3.2720114724480576
-73.0;-68.8;5.034361174932304;3.2720114724480576
-71.625;-68.6;5.034361174932304;3.2720114724480576
-71.3125;-68.4286;5.034361174932304;3.2720114724480576
-72.3125;-67.4286;5.034361174932304;3.2720114724480576
-73.125;-67.6;5.034361174932304;3.2720114724480576
-73.5625;-68.1429;5.034361174932304;3.2720114724480576
-73.75;-67.3143;5.034361174932304;3.2720114724480576
-73.0;-67.5429;5.034361174932304;3.2720114724480576
-71.1875;-67.7714;5.034361174932304;3.2720114724480576
-69.6875;-67.1143;5.034361174932304;3.2720114724480576
-69.5;-66.8;5.034361174932304;3.2720114724480576
-70.625;-66.5429;5.034361174932304;3.2720114724480576
-71.0;-66.6857;5.034361174932304;3.2720114724480576
-70.25;-66.4571;5.034361174932304;3.2720114724480576
-70.0625;-66.5714;5.034361174932304;3.2720114724480576
-70.1875;-66.4;5.034361174932304;3.2720114724480576
-69.875;-65.7714;5.034361174932304;3.2720114724480576
-69.9375;-66.4857;5.034361174932304;3.2720114724480576
-70.25;-66.6571;5.034361174932304;3.2720114724480576
-69.6875;-66.1429;5.034361174932304;3.2720114724480576
-69.5625;-65.8857;5.034361174932304;3.2720114724480576
-70.625;-66.9143;5.034361174932304;3.2720114724480576
-71.25;-65.7143;5.034361174932304;3.2720114724480576
-70.9375;-66.2286;5.034361174932304;3.2720114724480576
-69.625;-65.2857;5.034361174932304;3.2720114724480576
-67.8125;-65.4286;5.034361174932304;3.2720114724480576
-66.625;-65.4;5.034361174932304;3.2720114724480576
-66.0625;-65.7714;5.034361174932304;3.2720114724480576
-65.9375;-65.0857;5.034361174932304;3.2720114724480576
-66.0;-64.7143;5.034361174932304;3.2720114724480576
-66.75;-65.0;5.034361174932304;3.2720114724480576
-68.1875;-64.2286;5.034361174932304;3.2720114724480576
-69.4375;-64.6;5.034361174932304;3.2720114724480576
-70.0;-64.7714;5.034361174932304;3.2720114724480576
-69.1875;-64.3143;5.034361174932304;3.2720114724480576
-68.1875;-64.2;5.034361174932304;3.2720114724480576
-67.75;-64.4857;5.034361174932304;3.2720114724480576
-67.0;-64.1714;5.034361174932304;3.2720114724480576
-66.125;-64.1714;5.034361174932304;3.2720114724480576
-66.0625;-64.6;5.034361174932304;3.2720114724480576
-66.4375;-63.9429;5.034361174932304;3.2720114724480576
-66.9375;-63.6;5.034361174932304;3.2720114724480576
-67.375;-64.1714;5.034361174932304;3.2720114724480576
-66.9375;-63.4286;5.034361174932304;3.2720114724480576
-66.625;-63.5714;5.034361174932304;3.2720114724480576
-67.5625;-63.6571;5.034361174932304;3.2720114724480576
-68.25;-63.3143;5.034361174932304;3.2720114724480576
-68.0625;-63.1143;5.034361174932304;3.2720114724480576
-67.875;-63.0857;5.034361174932304;3.2720114724480576
-67.875;-62.7714;5.034361174932304;3.2720114724480576
-67.375;-62.8857;5.034361174932304;3.2720114724480576
-66.375;-62.8857;5.034361174932304;3.2720114724480576
-65.875;-62.2571;5.034361174932304;3.2720114724480576
-66.25;-62.5429;5.034361174932304;3.2720114724480576
-66.5625;-62.3429;5.034361174932304;3.2720114724480576
-66.125;-62.0286;5.034361174932304;3.2720114724480576
-65.5;-62.3714;5.034361174932304;3.2720114724480576
-65.125;-62.1429;5.034361174932304;3.2720114724480576
-64.9375;-61.8286;5.034361174932304;3.2720114724480576
-64.875;-62.3714;5.034361174932304;3.2720114724480576
-64.875;-61.8857;5.034361174932304;3.2720114724480576
-64.9375;-61.3143;5.034361174932304;3.2720114724480576
-65.3125;-61.8;5.034361174932304;3.2720114724480576
-66.5;-60.9714;5.034361174932304;3.2720114724480576
-67.5625;-61.3429;5.034361174932304;3.2720114724480576
-66.4375;-61.6571;5.034361174932304;3.2720114724480576
-64.0;-60.8571;5.034361174932304;3.2720114724480576
-62.5625;-60.7429;5.034361174932304;3.2720114724480576
-62.5625;-60.8;5.034361174932304;3.2720114724480576
-63.375;-60.6571;5.034361174932304;3.2720114724480576
-64.625;-60.7143;5.034361174932304;3.2720114724480576
-65.5;-60.2857;5.034361174932304;3.2720114724480576
-65.8125;-60.7714;5.034361174932304;3.2720114724480576
-65.625;-60.7714;5.034361174932304;3.2720114724480576
-65.0;-59.8857;5.034361174932304;3.2720114724480576
-64.125;-60.2571;5.034361174932304;3.2720114724480576
-63.625;-60.2286;5.034361174932304;3.2720114724480576
-63.6875;-59.5429;5.034361174932304;3.2720114724480576
-63.1875;-59.8571;5.034361174932304;3.2720114724480576
-62.3125;-59.9143;5.034361174932304;3.2720114724480576
-61.5625;-59.7714;5.034361174932304;3.2720114724480576
-61.1875;-60.0;5.034361174932304;3.2720114724480576
-61.375;-59.1429;5.034361174932304;3.2720114724480576
-61.625;-58.8;5.034361174932304;3.2720114724480576
-62.0625;-58.6286;5.034361174932304;3.2720114724480576
-62.4375;-58.6;5.034361174932304;3.2720114724480576
-62.3125;-59.1429;5.034361174932304;3.2720114724480576
-62.0625;-58.8;5.034361174932304;3.2720114724480576
-61.9375;-59.2;5.034361174932304;3.2720114724480576
-61.6875;-59.3143;5.034361174932304;3.2720114724480576
-61.5625;-59.1714;5.034361174932304;3.2720114724480576
-61.5;-58.9429;5.034361174932304;3.2720114724480576
-61.5;-58.4857;5.034361174932304;3.2720114724480576
-61.5;-58.3143;5.034361174932304;3.2720114724480576
-61.6875;-58.2;5.034361174932304;3.2720114724480576
-61.6875;-57.5714;5.034361174932304;3.2720114724480576
-60.8125;-58.2;5.034361174932304;3.2720114724480576
-59.5625;-57.7143;5.034361174932304;3.2720114724480576
-59.375;-57.6857;5.034361174932304;3.2720114724480576
-60.1875;-58.0571;5.034361174932304;3.2720114724480576
-61.25;-57.6;5.034361174932304;3.2720114724480576
-61.5;-57.8857;5.034361174932304;3.2720114724480576
-61.0;-57.4286;5.034361174932304;3.2720114724480576
-60.75;-57.5714;5.034361174932304;3.2720114724480576
-60.75;-57.1714;5.034361174932304;3.2720114724480576
-60.9375;-56.8571;5.034361174932304;3.2720114724480576
-60.625;-57.0286;5.034361174932304;3.2720114724480576
-59.25;-57.0857;5.034361174932304;3.2720114724480576
-57.625;-57.1714;5.034361174932304;3.2720114724480576
-56.8125;-56.9429;5.034361174932304;3.2720114724480576
-56.75;-56.5714;5.034361174932304;3.2720114724480576
-57.3125;-56.6;5.034361174932304;3.2720114724480576
-58.5625;-56.2571;5.034361174932304;3.2720114724480576
-59.375;-56.5714;5.034361174932304;3.2720114724480576
-58.8125;-56.2;5.034361174932304;3.2720114724480576
-58.625;-55.8286;5.034361174932304;3.2720114724480576
-58.8125;-56.0571;5.034361174932304;3.2720114724480576
-58.125;-55.8571;5.034361174932304;3.2720114724480576
-57.0;-56.1714;5.034361174932304;3.2720114724480576
-55.9375;-55.8;5.034361174932304;3.2720114724480576
-55.625;-55.8;5.034361174932304;3.2720114724480576
-56.125;-55.6857;5.034361174932304;3.2720114724480576
-56.75;-55.7714;5.034361174932304;3.2720114724480576
-57.1875;-56.0571;5.034361174932304;3.2720114724480576
-57.375;-55.6571;5.034361174932304;3.2720114724480576
-57.375;-55.6286;5.034361174932304;3.2720114724480576
-57.3125;-55.6;5.034361174932304;3.2720114724480576
-57.5;-55.5143;5.034361174932304;3.2720114724480576
-57.6875;-55.4857;5.034361174932304;3.2720114724480576
-57.5;-55.0571;5.034361174932304;3.2720114724480576
-57.5;-54.6;5.034361174932304;3.2720114724480576
-58.0625;-54.4;5.034361174932304;3.2720114724480576
-58.9375;-54.6;5.034361174932304;3.2720114724480576
-59.25;-54.7714;5.034361174932304;3.2720114724480576
-58.5625;-54.7714;5.034361174932304;3.2720114724480576
-57.625;-54.4286;5.034361174932304;3.2720114724480576
-57.1875;-54.2286;5.034361174932304;3.2720114724480576
-56.6875;-54.6;5.034361174932304;3.2720114724480576
-56.6875;-53.7429;5.034361174932304;3.2720114724480576
-57.0625;-53.9143;5.034361174932304;3.2720114724480576
-56.625;-53.8;5.034361174932304;3.2720114724480576
-55.8125;-53.5429;5.034361174932304;3.2720114724480576
-55.0625;-53.2286;5.034361174932304;3.2720114724480576
-54.8125;-53.3429;5.034361174932304;3.2720114724480576
-55.75;-53.4857;5.034361174932304;3.2720114724480576
-56.5625;-53.5714;5.034361174932304;3.2720114724480576
-56.25;-53.4;5.034361174932304;3.2720114724480576
-56.0625;-53.0857;5.034361174932304;3.2720114724480576
-55.6875;-52.7714;5.034361174932304;3.2720114724480576
-54.6875;-52.5714;5.034361174932304;3.2720114724480576
-54.5625;-52.8571;5.034361174932304;3.2720114724480576
-55.125;-52.9143;5.034361174932304;3.2720114724480576
-54.9375;-52.7143;5.034361174932304;3.2720114724480576
-54.0;-52.6857;5.034361174932304;3.2720114724480576
-53.25;-52.4857;5.034361174932304;3.2720114724480576
-52.875;-52.7143;5.034361174932304;3.2720114724480576
-52.6875;-52.3143;5.034361174932304;3.2720114724480576
-52.6875;-52.4857;5.034361174932304;3.2720114724480576
-53.0;-52.1714;5.034361174932304;3.2720114724480576
-53.625;-52.1714;5.034361174932304;3.2720114724480576
-54.0625;-51.9429;5.034361174932304;3.2720114724480576
-53.75;-52.1143;5.034361174932304;3.2720114724480576
-53.75;-52.1143;5.034361174932304;3.2720114724480576
-54.375;-51.6286;5.034361174932304;3.2720114724480576
-54.75;-51.4857;5.034361174932304;3.2720114724480576
-55.25;-51.4571;5.034361174932304;3.2720114724480576
-55.5;-51.4571;5.034361174932304;3.2720114724480576
-55.125;-50.8571;5.034361174932304;3.2720114724480576
-54.9375;-50.9714;5.034361174932304;3.2720114724480576
-55.125;-50.6571;5.034361174932304;3.2720114724480576
-55.1875;-51.0;5.034361174932304;3.2720114724480576
-54.4375;-50.7143;5.034361174932304;3.2720114724480576
-53.5625;-50.8571;5.034361174932304;3.2720114724480576
-53.5625;-50.4286;5.034361174932304;3.2720114724480576
-53.625;-50.5429;5.034361174932304;3.2720114724480576
-53.1875;-50.5714;5.034361174932304;3.2720114724480576
-52.8125;-50.6571;5.034361174932304;3.2720114724480576
-52.375;-50.7429;5.034361174932304;3.2720114724480576
-52.25;-50.6571;5.034361174932304;3.2720114724480576
-53.0625;-50.5714;5.034361174932304;3.2720114724480576
-53.6875;-50.4857;5.034361174932304;3.2720114724480576
-53.4375;-49.9143;5.034361174932304;3.2720114724480576
-52.9375;-49.8286;5.034361174932304;3.2720114724480576
-52.375;-49.8286;5.034361174932304;3.2720114724480576
-52.125;-49.8286;5.034361174932304;3.2720114724480576
-52.125;-49.6286;5.034361174932304;3.2720114724480576
-52.25;-49.2286;5.034361174932304;3.2720114724480576
-52.375;-49.6;5.034361174932304;3.2720114724480576
-52.375;-49.4857;5.034361174932304;3.2720114724480576
-52.4375;-49.8;5.034361174932304;3.2720114724480576
-52.125;-49.2857;5.034361174932304;3.2720114724480576
-51.8125;-49.1714;5.034361174932304;3.2720114724480576
-52.0;-48.9714;5.034361174932304;3.2720114724480576
-52.1875;-49.0857;5.034361174932304;3.2720114724480576
-51.875;-48.8571;5.034361174932304;3.2720114724480576
-50.875;-48.9429;5.034361174932304;3.2720114724480576
-50.3125;-49.0857;5.034361174932304;3.2720114724480576
-51.0;-48.7143;5.034361174932304;3.2720114724480576
-51.25;-48.3714;5.034361174932304;3.2720114724480576
-51.375;-48.3429;5.034361174932304;3.2720114724480576
-52.0;-48.3143;5.034361174932304;3.2720114724480576
-51.875;-48.3143;5.034361174932304;3.2720114724480576
-51.0625;-48.1429;5.034361174932304;3.2720114724480576
-50.75;-48.1714;5.034361174932304;3.2720114724480576
-50.6875;-48.2;5.034361174932304;3.2720114724480576
-50.375;-47.9714;5.034361174932304;3.2720114724480576
-50.0625;-47.9143;5.034361174932304;3.2720114724480576
-49.6875;-47.7143;5.034361174932304;3.2720114724480576
-49.4375;-47.8571;5.034361174932304;3.2720114724480576
-49.6875;-47.8857;5.034361174932304;3.2720114724480576
-49.8125;-47.6571;5.034361174932304;3.2720114724480576
-49.625;-47.4571;5.034361174932304;3.2720114724480576
-49.0625;-47.5429;5.034361174932304;3.2720114724480576
-48.9375;-47.2571;5.034361174932304;3.2720114724480576
-49.375;-47.0857;5.034361174932304;3.2720114724480576
-50.0;-47.0857;5.034361174932304;3.2720114724480576
-50.3125;-46.9429;5.034361174932304;3.2720114724480576
-50.1875;-47.0286;5.034361174932304;3.2720114724480576
-50.0;-47.2;5.034361174932304;3.2720114724480576
-49.875;-47.2571;5.034361174932304;3.2720114724480576
-49.75;-46.9143;5.034361174932304;3.2720114724480576
-49.75;-46.6;5.034361174932304;3.2720114724480576
-49.9375;-46.4;5.034361174932304;3.2720114724480576
-50.125;-46.4857;5.034361174932304;3.2720114724480576
-49.8125;-46.3143;5.034361174932304;3.2720114724480576
-49.5625;-46.2;5.034361174932304;3.2720114724480576
-49.5625;-45.9714;5.034361174932304;3.2720114724480576
-49.0;-46.2857;5.034361174932304;3.2720114724480576
-47.75;-46.1714;5.034361174932304;3.2720114724480576
-47.0;-46.0;5.034361174932304;3.2720114724480576
-47.75;-45.9429;5.034361174932304;3.2720114724480576
-48.875;-45.5714;5.034361174932304;3.2720114724480576
-49.25;-45.4;5.034361174932304;3.2720114724480576
-49.0;-45.3429;5.034361174932304;3.2720114724480576
-48.3125;-45.2571;5.034361174932304;3.2720114724480576
-47.3125;-45.3429;5.034361174932304;3.2720114724480576
-46.5;-45.1714;5.034361174932304;3.2720114724480576
-46.8125;-45.3429;5.034361174932304;3.2720114724480576
-48.0625;-45.2857;5.034361174932304;3.2720114724480576
-48.625;-45.3429;5.034361174932304;3.2720114724480576
-47.9375;-45.0571;5.034361174932304;3.2720114724480576
-46.625;-44.9143;5.034361174932304;3.2720114724480576
-45.6875;-44.8286;5.034361174932304;3.2720114724480576
-45.9375;-44.8286;5.034361174932304;3.2720114724480576
-47.3125;-44.7714;5.034361174932304;3.2720114724480576
-48.0625;-44.5143;5.034361174932304;3.2720114724480576
-47.5625;-44.5429;5.034361174932304;3.2720114724480576
-47.0;-44.3143;5.034361174932304;3.2720114724480576
-46.8125;-44.4;5.034361174932304;3.2720114724480576
-46.75;-44.1714;5.034361174932304;3.2720114724480576
-46.75;-44.0857;5.034361174932304;3.2720114724480576
-46.75;-44.0857;5.034361174932304;3.2720114724480576
-46.75;-44.3429;5.034361174932304;3.2720114724480576
-46.75;-44.2286;5.034361174932304;3.2720114724480576
-46.5625;-44.1429;5.034361174932304;3.2720114724480576
-45.9375;-43.8571;5.034361174932304;3.2720114724480576
-45.25;-43.8571;5.034361174932304;3.2720114724480576
-44.6875;-43.8;5.034361174932304;3.2720114724480576
-44.875;-43.5714;5.034361174932304;3.2720114724480576
-45.25;-43.5714;5.034361174932304;3.2720114724480576
-45.125;-43.5429;5.034361174932304;3.2720114724480576
-44.875;-43.5714;5.034361174932304;3.2720114724480576
-45.125;-43.2;5.034361174932304;3.2720114724480576
-45.4375;-43.3714;5.034361174932304;3.2720114724480576
-45.375;-43.2;5.034361174932304;3.2720114724480576
-45.25;-43.1429;5.034361174932304;3.2720114724480576
-45.5625;-43.0571;5.034361174932304;3.2720114724480576
-45.5;-43.0857;5.034361174932304;3.2720114724480576
-44.6875;-42.8286;5.034361174932304;3.2720114724480576
-44.1875;-42.5714;5.034361174932304;3.2720114724480576
-44.4375;-42.6286;5.034361174932304;3.2720114724480576
-44.75;-42.3429;5.034361174932304;3.2720114724480576
-44.3125;-42.5143;5.034361174932304;3.2720114724480576
-43.5625;-42.4286;5.034361174932304;3.2720114724480576
-43.4375;-42.5429;5.034361174932304;3.2720114724480576
-43.9375;-42.4571;5.034361174932304;3.2720114724480576
-44.4375;-42.5429;5.034361174932304;3.2720114724480576
-44.1875;-42.1429;5.034361174932304;3.2720114724480576
-43.375;-42.1143;5.034361174932304;3.2720114724480576
-43.125;-42.1429;5.034361174932304;3.2720114724480576
-43.625;-42.2571;5.034361174932304;3.2720114724480576
-44.125;-42.3143;5.034361174932304;3.2720114724480576
-44.4375;-41.9714;5.034361174932304;3.2720114724480576
-44.5625;-41.7429;5.034361174932304;3.2720114724480576
-44.625;-41.7714;5.034361174932304;3.2720114724480576
-44.5625;-41.7714;5.034361174932304;3.2720114724480576
-44.3125;-41.6286;5.034361174932304;3.2720114724480576
-43.75;-41.3143;5.034361174932304;3.2720114724480576
-43.75;-41.4286;5.034361174932304;3.2720114724480576
-43.75;-41.4;5.034361174932304;3.2720114724480576
-43.4375;-41.1714;5.034361174932304;3.2720114724480576
-43.375;-40.8857;5.034361174932304;3.2720114724480576
-43.375;-40.8286;5.034361174932304;3.2720114724480576
-42.9375;-40.6571;5.034361174932304;3.2720114724480576
-42.625;-40.8286;5.034361174932304;3.2720114724480576
-42.0;-40.8286;5.034361174932304;3.2720114724480576
-41.4375;-40.7143;5.034361174932304;3.2720114724480576
-41.4375;-40.6857;5.034361174932304;3.2720114724480576
-41.9375;-40.6;5.034361174932304;3.2720114724480576
-42.5;-40.4286;5.034361174932304;3.2720114724480576
-42.4375;-40.4286;5.034361174932304;3.2720114724480576
-41.625;-40.4857;5.034361174932304;3.2720114724480576
-41.3125;-40.4286;5.034361174932304;3.2720114724480576
-41.75;-40.4286;5.034361174932304;3.2720114724480576
-42.1875;-40.3429;5.034361174932304;3.2720114724480576
-42.0625;-40.0857;5.034361174932304;3.2720114724480576
-41.75;-40.0;5.034361174932304;3.2720114724480576
-41.9375;-39.7429;5.034361174932304;3.2720114724480576
-41.8125;-39.7429;5.034361174932304;3.2720114724480576
-40.75;-39.7429;5.034361174932304;3.2720114724480576
-40.75;-39.6286;5.034361174932304;3.2720114724480576
-41.875;-39.6286;5.034361174932304;3.2720114724480576
-41.9375;-39.7429;5.034361174932304;3.2720114724480576
-40.9375;-39.5714;5.034361174932304;3.2720114724480576
-40.0;-39.4286;5.034361174932304;3.2720114724480576
-39.4375;-39.5143;5.034361174932304;3.2720114724480576
-39.1875;-39.4857;5.034361174932304;3.2720114724480576
-39.1875;-39.1429;5.034361174932304;3.2720114724480576
-39.375;-39.3429;5.034361174932304;3.2720114724480576
-39.5;-39.1714;5.034361174932304;3.2720114724480576
-39.5;-39.0857;5.034361174932304;3.2720114724480576
-40.125;-38.8857;5.034361174932304;3.2720114724480576
-40.6875;-38.8;5.034361174932304;3.2720114724480576
-40.5625;-38.8;5.034361174932304;3.2720114724480576
-40.625;-38.8571;5.034361174932304;3.2720114724480576
-41.375;-38.5714;5.034361174932304;3.2720114724480576
-41.875;-38.4857;5.034361174932304;3.2720114724480576
-41.3125;-38.5714;5.034361174932304;3.2720114724480576
-40.625;-38.5143;5.034361174932304;3.2720114724480576
-40.375;-38.4286;5.034361174932304;3.2720114724480576
-40.3125;-38.3429;5.034361174932304;3.2720114724480576
-40.3125;-38.0857;5.034361174932304;3.2720114724480576
-40.1875;-37.9714;5.034361174932304;3.2720114724480576
-39.5625;-37.9714;5.034361174932304;3.2720114724480576
-38.75;-37.9714;5.034361174932304;3.2720114724480576
-38.9375;-37.8571;5.034361174932304;3.2720114724480576
-40.1875;-37.7714;5.034361174932304;3.2720114724480576
-41.0;-37.8857;5.034361174932304;3.2720114724480576
-40.75;-37.8286;5.034361174932304;3.2720114724480576
-40.0625;-37.6286;5.034361174932304;3.2720114724480576
-39.75;-37.4;5.034361174932304;3.2720114724480576
-39.4375;-37.2286;5.034361174932304;3.2720114724480576
-39.0;-37.4;5.034361174932304;3.2720114724480576
-38.875;-37.3143;5.034361174932304;3.2720114724480576
-39.125;-37.0571;5.034361174932304;3.2720114724480576
-39.375;-36.8857;5.034361174932304;3.2720114724480576
-39.5625;-37.0;5.034361174932304;3.2720114724480576
-39.625;-37.0857;5.034361174932304;3.2720114724480576
-39.625;-36.8286;5.034361174932304;3.2720114724480576
-39.625;-36.7714;5.034361174932304;3.2720114724480576
-39.4375;-36.8286;5.034361174932304;3.2720114724480576
-38.8125;-36.6571;5.034361174932304;3.2720114724480576
-37.9375;-36.7143;5.034361174932304;3.2720114724480576
-37.4375;-36.6286;5.034361174932304;3.2720114724480576
-37.75;-36.4857;5.034361174932304;3.2720114724480576
-38.0625;-36.4;5.034361174932304;3.2720114724480576
-38.375;-36.3429;5.034361174932304;3.2720114724480576
-38.625;-36.3143;5.034361174932304;3.2720114724480576
-38.8125;-36.2571;5.034361174932304;3.2720114724480576
-38.75;-36.0286;5.034361174932304;3.2720114724480576
-38.125;-36.0;5.034361174932304;3.2720114724480576
-37.6875;-35.8;5.034361174932304;3.2720114724480576
-37.75;-35.7714;5.034361174932304;3.2720114724480576
-37.9375;-35.7714;5.034361174932304;3.2720114724480576
-38.0;-35.6571;5.034361174932304;3.2720114724480576
-37.875;-35.6286;5.034361174932304;3.2720114724480576
-37.8125;-35.7714;5.034361174932304;3.2720114724480576
-37.875;-35.7429;5.034361174932304;3.2720114724480576
-37.6875;-35.7143;5.034361174932304;3.2720114724480576
-37.0;-35.6571;5.034361174932304;3.2720114724480576
-36.0;-35.5429;5.034361174932304;3.2720114724480576
-35.4375;-35.5429;5.034361174932304;3.2720114724480576
-35.25;-35.3714;5.034361174932304;3.2720114724480576
-35.375;-35.2857;5.034361174932304;3.2720114724480576
-36.25;-35.2857;5.034361174932304;3.2720114724480576
-36.875;-35.2571;5.034361174932304;3.2720114724480576
-36.1875;-35.0857;5.034361174932304;3.2720114724480576
-34.8125;-35.0286;5.034361174932304;3.2720114724480576
-33.6875;-34.9714;5.034361174932304;3.2720114724480576
-33.1875;-34.7714;5.034361174932304;3.2720114724480576
-33.0;-34.6857;5.034361174932304;3.2720114724480576
-33.0625;-34.6286;5.034361174932304;3.2720114724480576
-33.6875;-34.4857;5.034361174932304;3.2720114724480576
-35.0;-34.3714;5.034361174932304;3.2720114724480576
-36.3125;-34.2286;5.034361174932304;3.2720114724480576
-36.875;-34.2;5.034361174932304;3.2720114724480576
-36.4375;-34.3429;5.034361174932304;3.2720114724480576
-36.1875;-34.3714;5.034361174932304;3.2720114724480576
-36.125;-34.2571;5.034361174932304;3.2720114724480576
-35.6875;-34.1714;5.034361174932304;3.2720114724480576
-35.625;-34.0571;5.034361174932304;3.2720114724480576
-35.6875;-34.0571;5.034361174932304;3.2720114724480576
-35.5;-33.9714;5.034361174932304;3.2720114724480576
-35.625;-33.8571;5.034361174932304;3.2720114724480576
-36.125;-33.6857;5.034361174932304;3.2720114724480576
-36.8125;-33.6286;5.034361174932304;3.2720114724480576
-36.5625;-33.5429;5.034361174932304;3.2720114724480576
-35.25;-33.2857;5.034361174932304;3.2720114724480576
-34.5625;-33.2571;5.034361174932304;3.2720114724480576
-34.375;-33.2286;5.034361174932304;3.2720114724480576
-33.625;-33.2286;5.034361174932304;3.2720114724480576
-32.875;-33.0571;5.034361174932304;3.2720114724480576
-32.875;-33.0286;5.034361174932304;3.2720114724480576
-33.4375;-33.0286;5.034361174932304;3.2720114724480576
-34.1875;-32.9714;5.034361174932304;3.2720114724480576
-34.5;-32.8571;5.034361174932304;3.2720114724480576
-34.5;-32.7429;5.034361174932304;3.2720114724480576
-34.5625;-32.6571;5.034361174932304;3.2720114724480576
-34.5625;-32.6571;5.034361174932304;3.2720114724480576
-34.5625;-32.6286;5.034361174932304;3.2720114724480576
-34.5625;-32.6571;5.034361174932304;3.2720114724480576
-34.5625;-32.6286;5.034361174932304;3.2720114724480576
-34.5625;-32.5714;5.034361174932304;3.2720114724480576
-34.5;-32.4286;5.034361174932304;3.2720114724480576
-34.1875;-32.5714;5.034361174932304;3.2720114724480576
-33.6875;-32.4286;5.034361174932304;3.2720114724480576
-33.625;-32.2857;5.034361174932304;3.2720114724480576
-33.6875;-32.2;5.034361174932304;3.2720114724480576
-33.5625;-31.9429;5.034361174932304;3.2720114724480576
-33.375;-31.9714;5.034361174932304;3.2720114724480576
-33.0;-31.9143;5.034361174932304;3.2720114724480576
-32.75;-31.7714;5.034361174932304;3.2720114724480576
-32.6875;-31.6857;5.034361174932304;3.2720114724480576
-32.75;-31.7429;5.034361174932304;3.2720114724480576
-33.125;-31.6;5.034361174932304;3.2720114724480576
-33.4375;-31.5429;5.034361174932304;3.2720114724480576
-33.25;-31.5143;5.034361174932304;3.2720114724480576
-32.9375;-31.5143;5.034361174932304;3.2720114724480576
-32.8125;-31.4571;5.034361174932304;3.2720114724480576
-32.8125;-31.2857;5.034361174932304;3.2720114724480576
-32.6875;-31.3429;5.034361174932304;3.2720114724480576
-32.625;-31.3429;5.034361174932304;3.2720114724480576
-32.5625;-31.2857;5.034361174932304;3.2720114724480576
-32.125;-31.0857;5.034361174932304;3.2720114724480576
-31.8125;-31.0857;5.034361174932304;3.2720114724480576
-31.9375;-31.1143;5.034361174932304;3.2720114724480576
-32.1875;-31.0;5.034361174932304;3.2720114724480576
-32.125;-30.9714;5.034361174932304;3.2720114724480576
-31.75;-30.9429;5.034361174932304;3.2720114724480576
-31.375;-30.7714;5.034361174932304;3.2720114724480576
-31.8125;-30.8571;5.034361174932304;3.2720114724480576
-32.6875;-30.7714;5.034361174932304;3.2720114724480576
-33.375;-30.4286;5.034361174932304;3.2720114724480576
-33.75;-30.5714;5.034361174932304;3.2720114724480576
-33.875;-30.4;5.034361174932304;3.2720114724480576
-33.8125;-30.4571;5.034361174932304;3.2720114724480576
-33.5;-30.3714;5.034361174932304;3.2720114724480576
-32.5625;-30.2571;5.034361174932304;3.2720114724480576
-31.4375;-30.2;5.034361174932304;3.2720114724480576
-30.5625;-30.0857;5.034361174932304;3.2720114724480576
-30.5;-30.0286;5.034361174932304;3.2720114724480576
-30.875;-29.8286;5.034361174932304;3.2720114724480576
-31.0625;-29.9429;5.034361174932304;3.2720114724480576
-31.0;-29.9143;5.034361174932304;3.2720114724480576
-30.5625;-29.8571;5.034361174932304;3.2720114724480576
-30.0625;-29.6286;5.034361174932304;3.2720114724480576
-30.1875;-29.6571;5.034361174932304;3.2720114724480576
-30.5625;-29.5143;5.034361174932304;3.2720114724480576
-30.8125;-29.5429;5.034361174932304;3.2720114724480576
-30.4375;-29.5143;5.034361174932304;3.2720114724480576
-30.0;-29.4286;5.034361174932304;3.2720114724480576
-30.0;-29.3714;5.034361174932304;3.2720114724480576
-29.875;-29.3429;5.034361174932304;3.2720114724480576
-29.5625;-29.2571;5.034361174932304;3.2720114724480576
-29.25;-29.1143;5.034361174932304;3.2720114724480576
-29.125;-29.0857;5.034361174932304;3.2720114724480576
-29.25;-29.0;5.034361174932304;3.2720114724480576
-29.125;-28.9429;5.034361174932304;3.2720114724480576
-28.8125;-28.9143;5.034361174932304;3.2720114724480576
-28.875;-28.8571;5.034361174932304;3.2720114724480576
-29.375;-28.5429;5.034361174932304;3.2720114724480576
-30.0;-28.5429;5.034361174932304;3.2720114724480576
-30.25;-28.6857;5.034361174932304;3.2720114724480576
-30.0625;-28.5714;5.034361174932304;3.2720114724480576
-29.8125;-28.4857;5.034361174932304;3.2720114724480576
-29.6875;-28.4857;5.034361174932304;3.2720114724480576
-29.5625;-28.4;5.034361174932304;3.2720114724480576
-29.5625;-28.2857;5.034361174932304;3.2720114724480576
-29.5625;-28.2;5.034361174932304;3.2720114724480576
-29.5;-27.9429;5.034361174932304;3.2720114724480576
-29.1875;-28.0286;5.034361174932304;3.2720114724480576
-28.375;-28.0857;5.034361174932304;3.2720114724480576
-28.0625;-27.9429;5.034361174932304;3.2720114724480576
-28.8125;-27.8;5.034361174932304;3.2720114724480576
-29.25;-27.9143;5.034361174932304;3.2720114724480576
-28.9375;-27.8286;5.034361174932304;3.2720114724480576
-28.6875;-27.8286;5.034361174932304;3.2720114724480576
-28.625;-27.6571;5.034361174932304;3.2720114724480576
-29.0;-27.5429;5.034361174932304;3.2720114724480576
-29.5;-27.5143;5.034361174932304;3.2720114724480576
-29.5;-27.5429;5.034361174932304;3.2720114724480576
-29.0625;-27.2571;5.034361174932304;3.2720114724480576
-28.375;-27.2571;5.034361174932304;3.2720114724480576
-27.9375;-27.1143;5.034361174932304;3.2720114724480576
-28.25;-27.1143;5.034361174932304;3.2720114724480576
-28.8125;-27.1429;5.034361174932304;3.2720114724480576
-28.8125;-27.1714;5.034361174932304;3.2720114724480576
-28.1875;-27.1429;5.034361174932304;3.2720114724480576
-27.625;-27.0286;5.034361174932304;3.2720114724480576
-27.8125;-27.1143;5.034361174932304;3.2720114724480576
-28.4375;-27.0;5.034361174932304;3.2720114724480576
-28.625;-26.8857;5.034361174932304;3.2720114724480576
-28.125;-26.7429;5.034361174932304;3.2720114724480576
-27.375;-26.8286;5.034361174932304;3.2720114724480576
-26.8125;-26.6286;5.034361174932304;3.2720114724480576
-26.5;-26.4;5.034361174932304;3.2720114724480576
-26.4375;-26.4;5.034361174932304;3.2720114724480576
-26.5;-26.4286;5.034361174932304;3.2720114724480576
-26.5625;-26.2571;5.034361174932304;3.2720114724480576
-26.5625;-26.2571;5.034361174932304;3.2720114724480576
-26.8125;-26.1429;5.034361174932304;3.2720114724480576
-27.25;-26.0857;5.034361174932304;3.2720114724480576
-27.625;-26.0;5.034361174932304;3.2720114724480576
-27.625;-26.0;5.034361174932304;3.2720114724480576
-27.4375;-26.0;5.034361174932304;3.2720114724480576
-27.25;-25.9714;5.034361174932304;3.2720114724480576
-27.125;-25.9429;5.034361174932304;3.2720114724480576
-26.875;-25.7143;5.034361174932304;3.2720114724480576
-26.8125;-25.7429;5.034361174932304;3.2720114724480576
-26.75;-25.7143;5.034361174932304;3.2720114724480576
-26.625;-25.6;5.034361174932304;3.2720114724480576
-26.5;-25.4857;5.034361174932304;3.2720114724480576
-26.5;-25.4857;5.034361174932304;3.2720114724480576
-26.6875;-25.3429;5.034361174932304;3.2720114724480576
-26.5;-25.3429;5.034361174932304;3.2720114724480576
-25.8125;-25.4286;5.034361174932304;3.2720114724480576
-25.5;-25.3714;5.034361174932304;3.2720114724480576
-25.8125;-25.3143;5.034361174932304;3.2720114724480576
-26.0625;-25.2571;5.034361174932304;3.2720114724480576
-26.125;-25.3143;5.034361174932304;3.2720114724480576
-26.4375;-25.2;5.034361174932304;3.2720114724480576
-26.5625;-25.0;5.034361174932304;3.2720114724480576
-26.0;-24.9714;5.034361174932304;3.2720114724480576
-25.5625;-24.9429;5.034361174932304;3.2720114724480576
-25.4375;-24.8286;5.034361174932304;3.2720114724480576
-25.0625;-24.8;5.034361174932304;3.2720114724480576
-25.25;-24.8857;5.034361174932304;3.2720114724480576
-26.0;-24.7714;5.034361174932304;3.2720114724480576
-26.6875;-24.7143;5.034361174932304;3.2720114724480576
-27.0;-24.5429;5.034361174932304;3.2720114724480576
-27.125;-24.4;5.034361174932304;3.2720114724480576
-27.125;-24.2;5.034361174932304;3.2720114724480576
-26.8125;-24.1429;5.034361174932304;3.2720114724480576
-25.9375;-24.1714;5.034361174932304;3.2720114724480576
-24.9375;-24.1429;5.034361174932304;3.2720114724480576
-24.625;-24.0857;5.034361174932304;3.2720114724480576
-24.625;-24.0286;5.034361174932304;3.2720114724480576
-24.9375;-23.8857;5.034361174932304;3.2720114724480576
-25.125;-23.6857;5.034361174932304;3.2720114724480576
-25.0;-23.7143;5.034361174932304;3.2720114724480576
-24.875;-23.7714;5.034361174932304;3.2720114724480576
-24.75;-23.6857;5.034361174932304;3.2720114724480576
-24.8125;-23.6857;5.034361174932304;3.2720114724480576
-24.6875;-23.6571;5.034361174932304;3.2720114724480576
-24.4375;-23.6571;5.034361174932304;3.2720114724480576
-24.3125;-23.5714;5.034361174932304;3.2720114724480576
-24.4375;-23.5714;5.034361174932304;3.2720114724480576
-24.6875;-23.5714;5.034361174932304;3.2720114724480576
-24.9375;-23.5429;5.034361174932304;3.2720114724480576
-24.875;-23.4;5.034361174932304;3.2720114724480576
-24.75;-23.3714;5.034361174932304;3.2720114724480576
-24.5;-23.3714;5.034361174932304;3.2720114724480576
-24.125;-23.2;5.034361174932304;3.2720114724480576
-24.0;-23.1429;5.034361174932304;3.2720114724480576
-24.0625;-23.1714;5.034361174932304;3.2720114724480576
-23.75;-23.0857;5.034361174932304;3.2720114724480576
-23.25;-23.0857;5.034361174932304;3.2720114724480576
-22.75;-23.0;5.034361174932304;3.2720114724480576
-22.6875;-22.9143;5.034361174932304;3.2720114724480576
-22.9375;-23.0;5.034361174932304;3.2720114724480576
-23.25;-22.8571;5.034361174932304;3.2720114724480576
-23.4375;-22.8;5.034361174932304;3.2720114724480576
-23.5;-22.7143;5.034361174932304;3.2720114724480576
-23.5;-22.5714;5.034361174932304;3.2720114724480576
-23.5;-22.6286;5.034361174932304;3.2720114724480576
-23.4375;-22.5143;5.034361174932304;3.2720114724480576
-23.4375;-22.4571;5.034361174932304;3.2720114724480576
-23.6875;-22.4286;5.034361174932304;3.2720114724480576
-23.75;-22.2857;5.034361174932304;3.2720114724480576
-23.0;-22.2571;5.034361174932304;3.2720114724480576
-22.375;-22.2286;5.034361174932304;3.2720114724480576
-22.25;-22.2571;5.034361174932304;3.2720114724480576
-22.3125;-22.0;5.034361174932304;3.2720114724480576
-22.5625;-21.9429;5.034361174932304;3.2720114724480576
-22.5625;-22.0286;5.034361174932304;3.2720114724480576
-22.375;-21.8857;5.034361174932304;3.2720114724480576
-22.375;-21.7429;5.034361174932304;3.2720114724480576
-22.375;-21.6857;5.034361174932304;3.2720114724480576
-22.3125;-21.6857;5.034361174932304;3.2720114724480576
-22.5625;-21.5429;5.034361174932304;3.2720114724480576
-22.8125;-21.6;5.034361174932304;3.2720114724480576
-23.0;-21.6286;5.034361174932304;3.2720114724480576
-22.875;-21.4857;5.034361174932304;3.2720114724480576
-22.3125;-21.4857;5.034361174932304;3.2720114724480576
-21.5625;-21.3714;5.034361174932304;3.2720114724480576
-21.5;-21.3143;5.034361174932304;3.2720114724480576
-21.8125;-21.3143;5.034361174932304;3.2720114724480576
-21.8125;-21.1143;5.034361174932304;3.2720114724480576
-21.5625;-21.1143;5.034361174932304;3.2720114724480576
-21.4375;-20.9714;5.034361174932304;3.2720114724480576
-21.625;-21.0286;5.034361174932304;3.2720114724480576
-22.1875;-21.0;5.034361174932304;3.2720114724480576
-22.5625;-20.9143;5.034361174932304;3.2720114724480576
-22.8125;-20.9714;5.034361174932304;3.2720114724480576
-22.875;-20.9429;5.034361174932304;3.2720114724480576
-22.875;-20.8;5.034361174932304;3.2720114724480576
-22.75;-20.6857;5.034361174932304;3.2720114724480576
-22.4375;-20.6;5.034361174932304;3.2720114724480576
-21.6875;-20.6286;5.034361174932304;3.2720114724480576
-20.875;-20.6857;5.034361174932304;3.2720114724480576
-20.4375;-20.6571;5.034361174932304;3.2720114724480576
-20.0;-20.5714;5.034361174932304;3.2720114724480576
-19.8125;-20.5143;5.034361174932304;3.2720114724480576
-20.375;-20.4571;5.034361174932304;3.2720114724480576
-20.875;-20.3714;5.034361174932304;3.2720114724480576
-21.3125;-20.3143;5.034361174932304;3.2720114724480576
-21.125;-20.3429;5.034361174932304;3.2720114724480576
-20.4375;-20.1429;5.034361174932304;3.2720114724480576
-20.375;-20.0857;5.034361174932304;3.2720114724480576
-20.5625;-20.0286;5.034361174932304;3.2720114724480576
-20.5625;-19.9429;5.034361174932304;3.2720114724480576
-20.8125;-20.0;5.034361174932304;3.2720114724480576
-21.25;-19.9429;5.034361174932304;3.2720114724480576
-21.4375;-19.7714;5.034361174932304;3.2720114724480576
-20.875;-19.8;5.034361174932304;3.2720114724480576
-20.25;-19.8286;5.034361174932304;3.2720114724480576
-20.1875;-19.8;5.034361174932304;3.2720114724480576
-20.125;-19.7714;5.034361174932304;3.2720114724480576
-19.625;-19.6857;5.034361174932304;3.2720114724480576
-19.625;-19.5714;5.034361174932304;3.2720114724480576
-20.1875;-19.5143;5.034361174932304;3.2720114724480576
-20.625;-19.4286;5.034361174932304;3.2720114724480576
-20.625;-19.3714;5.034361174932304;3.2720114724480576
-20.375;-19.2857;5.034361174932304;3.2720114724480576
-20.0625;-19.2;5.034361174932304;3.2720114724480576
-19.9375;-19.2;5.034361174932304;3.2720114724480576
-19.875;-19.2;5.034361174932304;3.2720114724480576
-19.875;-19.1143;5.034361174932304;3.2720114724480576
-19.875;-19.1429;5.034361174932304;3.2720114724480576
-19.8125;-19.0571;5.034361174932304;3.2720114724480576
-19.875;-19.0571;5.034361174932304;3.2720114724480576
-19.8125;-18.9429;5.034361174932304;3.2720114724480576
-19.5;-18.8857;5.034361174932304;3.2720114724480576
-19.1875;-18.9714;5.034361174932304;3.2720114724480576
-18.9375;-18.8286;5.034361174932304;3.2720114724480576
-18.6875;-18.8286;5.034361174932304;3.2720114724480576
-18.875;-18.7714;5.034361174932304;3.2720114724480576
-19.375;-18.6857;5.034361174932304;3.2720114724480576
-19.5;-18.6857;5.034361174932304;3.2720114724480576
-19.4375;-18.5429;5.034361174932304;3.2720114724480576
-19.0625;-18.5143;5.034361174932304;3.2720114724480576
-18.75;-18.4857;5.034361174932304;3.2720114724480576
-18.625;-18.4;5.034361174932304;3.2720114724480576
-18.5;-18.2857;5.034361174932304;3.2720114724480576
-18.5;-18.2857;5.034361174932304;3.2720114724480576
-18.5625;-18.2;5.034361174932304;3.2720114724480576
-18.5625;-18.2286;5.034361174932304;3.2720114724480576
-18.75;-18.0571;5.034361174932304;3.2720114724480576
-19.3125;-18.0857;5.034361174932304;3.2720114724480576
-19.3125;-18.0571;5.034361174932304;3.2720114724480576
-18.8125;-18.0;5.034361174932304;3.2720114724480576
-18.75;-17.9714;5.034361174932304;3.2720114724480576
-18.875;-17.8857;5.034361174932304;3.2720114724480576
-18.625;-17.7429;5.034361174932304;3.2720114724480576
-18.5;-17.7429;5.034361174932304;3.2720114724480576
-18.625;-17.7143;5.034361174932304;3.2720114724480576
-18.8125;-17.5429;5.034361174932304;3.2720114724480576
-19.0;-17.4571;5.034361174932304;3.2720114724480576
-19.0625;-17.5714;5.034361174932304;3.2720114724480576
-19.0625;-17.4857;5.034361174932304;3.2720114724480576
-18.875;-17.4571;5.034361174932304;3.2720114724480576
-18.375;-17.4571;5.034361174932304;3.2720114724480576
-18.0625;-17.3714;5.034361174932304;3.2720114724480576
-18.125;-17.3429;5.034361174932304;3.2720114724480576
-18.0625;-17.2571;5.034361174932304;3.2720114724480576
-17.75;-17.2;5.034361174932304;3.2720114724480576
-17.625;-17.1714;5.034361174932304;3.2720114724480576
-18.0;-17.1429;5.034361174932304;3.2720114724480576
-18.125;-17.0571;5.034361174932304;3.2720114724480576
-17.5625;-17.0571;5.034361174932304;3.2720114724480576
-17.4375;-16.9143;5.034361174932304;3.2720114724480576
-17.625;-17.0;5.034361174932304;3.2720114724480576
-17.5625;-16.8857;5.034361174932304;3.2720114724480576
-17.75;-16.9143;5.034361174932304;3.2720114724480576
-17.5;-16.7429;5.034361174932304;3.2720114724480576
-16.8125;-16.6857;5.034361174932304;3.2720114724480576
-16.5625;-16.5429;5.034361174932304;3.2720114724480576
-16.75;-16.5143;5.034361174932304;3.2720114724480576
-16.9375;-16.4857;5.034361174932304;3.2720114724480576
-16.875;-16.5714;5.034361174932304;3.2720114724480576
-16.8125;-16.4286;5.034361174932304;3.2720114724480576
-16.75;-16.4286;5.034361174932304;3.2720114724480576
-16.6875;-16.4;5.034361174932304;3.2720114724480576
-16.6875;-16.3714;5.034361174932304;3.2720114724480576
-16.6875;-16.2857;5.034361174932304;3.2720114724480576
-16.5625;-16.2286;5.034361174932304;3.2720114724480576
-16.875;-16.1429;5.034361174932304;3.2720114724480576
-17.5;-16.0857;5.034361174932304;3.2720114724480576
-17.9375;-16.0;5.034361174932304;3.2720114724480576
-18.1875;-16.0;5.034361174932304;3.2720114724480576
-18.25;-15.9143;5.034361174932304;3.2720114724480576
-18.25;-15.8571;5.034361174932304;3.2720114724480576
-18.0;-15.8;5.034361174932304;3.2720114724480576
-17.5;-15.7143;5.034361174932304;3.2720114724480576
-17.0625;-15.5429;5.034361174932304;3.2720114724480576
-16.625;-15.5143;5.034361174932304;3.2720114724480576
-16.1875;-15.4286;5.034361174932304;3.2720114724480576
-15.875;-15.5714;5.034361174932304;3.2720114724480576
-16.0;-15.4;5.034361174932304;3.2720114724480576
-16.1875;-15.4;5.034361174932304;3.2720114724480576
-16.25;-15.4;5.034361174932304;3.2720114724480576
-16.0625;-15.2857;5.034361174932304;3.2720114724480576
-15.875;-15.2571;5.034361174932304;3.2720114724480576
-15.6875;-15.1714;5.034361174932304;3.2720114724480576
-15.5;-15.1429;5.034361174932304;3.2720114724480576
-15.3125;-15.1429;5.034361174932304;3.2720114724480576
-15.125;-15.0857;5.034361174932304;3.2720114724480576
-15.4375;-15.0286;5.034361174932304;3.2720114724480576
-16.5;-15.0286;5.034361174932304;3.2720114724480576
-17.25;-14.9714;5.034361174932304;3.2720114724480576
-17.0625;-14.9429;5.034361174932304;3.2720114724480576
-16.3125;-14.8571;5.034361174932304;3.2720114724480576
-15.5;-14.8286;5.034361174932304;3.2720114724480576
-15.125;-14.7143;5.034361174932304;3.2720114724480576
-15.1875;-14.6286;5.034361174932304;3.2720114724480576
-15.4375;-14.5714;5.034361174932304;3.2720114724480576
-15.4375;-14.5429;5.034361174932304;3.2720114724480576
-15.25;-14.5714;5.034361174932304;3.2720114724480576
-15.4375;-14.5143;5.034361174932304;3.2720114724480576
-15.875;-14.4857;5.034361174932304;3.2720114724480576
-16.25;-14.4286;5.034361174932304;3.2720114724480576
-16.5;-14.4;5.034361174932304;3.2720114724480576
-16.5625;-14.3714;5.034361174932304;3.2720114724480576
-16.5625;-14.2857;5.034361174932304;3.2720114724480576
-16.5;-14.0857;5.034361174932304;3.2720114724480576
-16.125;-14.0857;5.034361174932304;3.2720114724480576
-15.625;-14.0286;5.034361174932304;3.2720114724480576
-15.1875;-14.0;5.034361174932304;3.2720114724480576
-14.625;-13.9714;5.034361174932304;3.2720114724480576
-13.8125;-13.9143;5.034361174932304;3.2720114724480576
-13.5;-13.8857;5.034361174932304;3.2720114724480576
-13.75;-13.8;5.034361174932304;3.2720114724480576
-13.8125;-13.6571;5.034361174932304;3.2720114724480576
-13.875;-13.5714;5.034361174932304;3.2720114724480576
-14.1875;-13.6;5.034361174932304;3.2720114724480576
-14.4375;-13.5429;5.034361174932304;3.2720114724480576
-14.5;-13.5143;5.034361174932304;3.2720114724480576
-14.3125;-13.4286;5.034361174932304;3.2720114724480576
-14.1875;-13.3429;5.034361174932304;3.2720114724480576
-14.1875;-13.3143;5.034361174932304;3.2720114724480576
-14.0;-13.3143;5.034361174932304;3.2720114724480576
-13.75;-13.2286;5.034361174932304;3.2720114724480576
-13.625;-13.2571;5.034361174932304;3.2720114724480576
-13.3125;-13.2571;5.034361174932304;3.2720114724480576
-13.25;-13.1714;5.034361174932304;3.2720114724480576
-13.375;-13.1143;5.034361174932304;3.2720114724480576
-13.5;-13.1714;5.034361174932304;3.2720114724480576
-13.375;-13.0857;5.034361174932304;3.2720114724480576
-13.0;-13.0857;5.034361174932304;3.2720114724480576
-12.9375;-13.0286;5.034361174932304;3.2720114724480576
-13.25;-13.0;5.034361174932304;3.2720114724480576
-13.625;-12.9714;5.034361174932304;3.2720114724480576
-13.8125;-12.8571;5.034361174932304;3.2720114724480576
-13.875;-12.8571;5.034361174932304;3.2720114724480576
-13.875;-12.8286;5.034361174932304;3.2720114724480576
-13.875;-12.7143;5.034361174932304;3.2720114724480576
-13.75;-12.6571;5.034361174932304;3.2720114724480576
-13.4375;-12.6;5.034361174932304;3.2720114724480576
-13.0;-12.5143;5.034361174932304;3.2720114724480576
-12.8125;-12.4857;5.034361174932304;3.2720114724480576
-12.6875;-12.4;5.034361174932304;3.2720114724480576
-12.8125;-12.3429;5.034361174932304;3.2720114724480576
-13.0625;-12.3429;5.034361174932304;3.2720114724480576
-12.9375;-12.3714;5.034361174932304;3.2720114724480576
-12.8125;-12.4;5.034361174932304;3.2720114724480576
-12.9375;-12.3143;5.034361174932304;3.2720114724480576
-13.125;-12.2857;5.034361174932304;3.2720114724480576
-13.0625;-12.2;5.034361174932304;3.2720114724480576
-12.875;-12.1143;5.034361174932304;3.2720114724480576
-12.6875;-12.1143;5.034361174932304;3.2720114724480576
-12.1875;-12.1429;5.034361174932304;3.2720114724480576
-11.75;-12.0286;5.034361174932304;3.2720114724480576
-11.875;-12.0286;5.034361174932304;3.2720114724480576
-12.3125;-11.9714;5.034361174932304;3.2720114724480576
-12.625;-11.8857;5.034361174932304;3.2720114724480576
-12.5;-11.8571;5.034361174932304;3.2720114724480576
-12.125;-11.8286;5.034361174932304;3.2720114724480576
-11.875;-11.8286;5.034361174932304;3.2720114724480576
-11.875;-11.7429;5.034361174932304;3.2720114724480576
-11.9375;-11.7143;5.034361174932304;3.2720114724480576
-11.9375;-11.6571;5.034361174932304;3.2720114724480576
-12.0;-11.5714;5.034361174932304;3.2720114724480576
-11.6875;-11.5714;5.034361174932304;3.2720114724480576
-11.0625;-11.4857;5.034361174932304;3.2720114724480576
-10.625;-11.3714;5.034361174932304;3.2720114724480576
-10.375;-11.3429;5.034361174932304;3.2720114724480576
-10.3125;-11.2571;5.034361174932304;3.2720114724480576
-10.3125;-11.2286;5.034361174932304;3.2720114724480576
-10.25;-11.2286;5.034361174932304;3.2720114724480576
-10.125;-11.1714;5.034361174932304;3.2720114724480576
-10.0;-11.1714;5.034361174932304;3.2720114724480576
-10.125;-11.1429;5.034361174932304;3.2720114724480576
-10.4375;-11.1429;5.034361174932304;3.2720114724480576
-10.6875;-11.1429;5.034361174932304;3.2720114724480576
-10.875;-11.0571;5.034361174932304;3.2720114724480576
-10.9375;-11.0;5.034361174932304;3.2720114724480576
-10.875;-11.0;5.034361174932304;3.2720114724480576
-10.875;-10.9714;5.034361174932304;3.2720114724480576
-11.0;-10.8286;5.034361174932304;3.2720114724480576
-11.4375;-10.7714;5.034361174932304;3.2720114724480576
-11.75;-10.7429;5.034361174932304;3.2720114724480576
-11.8125;-10.6857;5.034361174932304;3.2720114724480576
-11.5;-10.6286;5.034361174932304;3.2720114724480576
-11.0;-10.6;5.034361174932304;3.2720114724480576
-10.9375;-10.5143;5.034361174932304;3.2720114724480576
-11.0;-10.5143;5.034361174932304;3.2720114724480576
-10.625;-10.4857;5.034361174932304;3.2720114724480576
-10.1875;-10.4;5.034361174932304;3.2720114724480576
-10.1875;-10.4;5.034361174932304;3.2720114724480576
-10.375;-10.3429;5.034361174932304;3.2720114724480576
-10.375;-10.3143;5.034361174932304;3.2720114724480576
-10.375;-10.2286;5.034361174932304;3.2720114724480576
-10.625;-10.2571;5.034361174932304;3.2720114724480576
-10.5625;-10.2;5.034361174932304;3.2720114724480576
-9.6875;-10.1714;5.034361174932304;3.2720114724480576
-8.6875;-10.0857;5.034361174932304;3.2720114724480576
-8.0;-10.0571;5.034361174932304;3.2720114724480576
-7.75;-10.0571;5.034361174932304;3.2720114724480576
-7.6875;-10.0286;5.034361174932304;3.2720114724480576
-7.75;-9.9714;5.034361174932304;3.2720114724480576
-8.0625;-9.9714;5.034361174932304;3.2720114724480576
-8.875;-9.8857;5.034361174932304;3.2720114724480576
-9.8125;-9.8286;5.034361174932304;3.2720114724480576
-10.5;-9.8857;5.034361174932304;3.2720114724480576
-10.8125;-9.8571;5.034361174932304;3.2720114724480576
-10.625;-9.7714;5.034361174932304;3.2720114724480576
-9.8125;-9.6857;5.034361174932304;3.2720114724480576
-9.0625;-9.6571;5.034361174932304;3.2720114724480576
-8.875;-9.5714;5.034361174932304;3.2720114724480576
-8.875;-9.6;5.034361174932304;3.2720114724480576
-8.625;-9.5714;5.034361174932304;3.2720114724480576
-8.375;-9.4857;5.034361174932304;3.2720114724480576
-8.4375;-9.5143;5.034361174932304;3.2720114724480576
-8.5625;-9.4;5.034361174932304;3.2720114724480576
-8.5;-9.3714;5.034361174932304;3.2720114724480576
-8.5625;-9.2857;5.034361174932304;3.2720114724480576
-8.75;-9.2571;5.034361174932304;3.2720114724480576
-9.0625;-9.2;5.034361174932304;3.2720114724480576
-9.5;-9.1714;5.034361174932304;3.2720114724480576
-9.5;-9.1429;5.034361174932304;3.2720114724480576
-9.3125;-9.0857;5.034361174932304;3.2720114724480576
-9.3125;-9.0571;5.034361174932304;3.2720114724480576
-9.125;-9.0571;5.034361174932304;3.2720114724480576
-8.6875;-8.9429;5.034361174932304;3.2720114724480576
-8.4375;-8.8857;5.034361174932304;3.2720114724480576
-8.375;-8.8286;5.034361174932304;3.2720114724480576
-8.3125;-8.8;5.034361174932304;3.2720114724480576
-8.375;-8.7714;5.034361174932304;3.2720114724480576
-8.4375;-8.7429;5.034361174932304;3.2720114724480576
-8.4375;-8.7429;5.034361174932304;3.2720114724480576
-8.5;-8.6857;5.034361174932304;3.2720114724480576
-8.5;-8.6857;5.034361174932304;3.2720114724480576
-8.5625;-8.5714;5.034361174932304;3.2720114724480576
-8.6875;-8.6;5.034361174932304;3.2720114724480576
-8.75;-8.5429;5.034361174932304;3.2720114724480576
-8.625;-8.4571;5.034361174932304;3.2720114724480576
-8.375;-8.4286;5.034361174932304;3.2720114724480576
-8.125;-8.4;5.034361174932304;3.2720114724480576
-7.5;-8.3714;5.034361174932304;3.2720114724480576
-6.75;-8.3429;5.034361174932304;3.2720114724480576
-6.5;-8.2857;5.034361174932304;3.2720114724480576
-6.8125;-8.1714;5.034361174932304;3.2720114724480576
-7.375;-8.1714;5.034361174932304;3.2720114724480576
-7.8125;-8.1143;5.034361174932304;3.2720114724480576
-8.0;-8.1143;5.034361174932304;3.2720114724480576
-7.875;-8.0857;5.034361174932304;3.2720114724480576
-7.875;-8.0286;5.034361174932304;3.2720114724480576
-8.125;-7.9714;5.034361174932304;3.2720114724480576
-8.25;-7.9429;5.034361174932304;3.2720114724480576
-8.25;-8.0;5.034361174932304;3.2720114724480576
-8.1875;-7.9143;5.034361174932304;3.2720114724480576
-7.9375;-7.8857;5.034361174932304;3.2720114724480576
-7.5625;-7.8571;5.034361174932304;3.2720114724480576
-7.3125;-7.7714;5.034361174932304;3.2720114724480576
-7.1875;-7.8;5.034361174932304;3.2720114724480576
-7.1875;-7.6857;5.034361174932304;3.2720114724480576
-7.3125;-7.7143;5.034361174932304;3.2720114724480576
-7.3125;-7.6857;5.034361174932304;3.2720114724480576
-7.1875;-7.6;5.034361174932304;3.2720114724480576
-7.0625;-7.5714;5.034361174932304;3.2720114724480576
-7.0;-7.5429;5.034361174932304;3.2720114724480576
-6.9375;-7.4857;5.034361174932304;3.2720114724480576
-6.9375;-7.4;5.034361174932304;3.2720114724480576
-6.9375;-7.3714;5.034361174932304;3.2720114724480576
-7.0;-7.3429;5.034361174932304;3.2720114724480576
-7.0;-7.3143;5.034361174932304;3.2720114724480576
-6.875;-7.2857;5.034361174932304;3.2720114724480576
-6.75;-7.2286;5.034361174932304;3.2720114724480576
-6.5625;-7.2286;5.034361174932304;3.2720114724480576
-6.375;-7.2;5.034361174932304;3.2720114724480576
-6.25;-7.1714;5.034361174932304;3.2720114724480576
-6.1875;-7.1143;5.034361174932304;3.2720114724480576
-6.1875;-7.0286;5.034361174932304;3.2720114724480576
-6.25;-7.0;5.034361174932304;3.2720114724480576
-6.4375;-6.9429;5.034361174932304;3.2720114724480576
-6.75;-6.8857;5.034361174932304;3.2720114724480576
-6.9375;-6.8571;5.034361174932304;3.2720114724480576
-6.75;-6.8571;5.034361174932304;3.2720114724480576
-6.4375;-6.8286;5.034361174932304;3.2720114724480576
-6.0625;-6.7429;5.034361174932304;3.2720114724480576
-5.875;-6.6857;5.034361174932304;3.2720114724480576
-6.25;-6.8;5.034361174932304;3.2720114724480576
-6.75;-6.7714;5.034361174932304;3.2720114724480576
-7.125;-6.6286;5.034361174932304;3.2720114724480576
-7.1875;-6.6286;5.034361174932304;3.2720114724480576
-7.0625;-6.5714;5.034361174932304;3.2720114724480576
-6.75;-6.5143;5.034361174932304;3.2720114724480576
-6.5625;-6.4857;5.034361174932304;3.2720114724480576
-6.4375;-6.4;5.034361174932304;3.2720114724480576
-6.1875;-6.3714;5.034361174932304;3.2720114724480576
-5.75;-6.3714;5.034361174932304;3.2720114724480576
-5.25;-6.3143;5.034361174932304;3.2720114724480576
-4.9375;-6.2571;5.034361174932304;3.2720114724480576
-4.8125;-6.1714;5.034361174932304;3.2720114724480576
-4.75;-6.0857;5.034361174932304;3.2720114724480576
-4.8125;-6.0286;5.034361174932304;3.2720114724480576
-4.875;-5.9429;5.034361174932304;3.2720114724480576
-5.0625;-5.9143;5.034361174932304;3.2720114724480576
-5.375;-5.8;5.034361174932304;3.2720114724480576
-5.4375;-5.7143;5.034361174932304;3.2720114724480576
-5.3125;-5.5714;5.034361174932304;3.2720114724480576
-5.25;-5.4571;5.034361174932304;3.2720114724480576
-5.3125;-5.3429;5.034361174932304;3.2720114724480576
-5.375;-5.2286;5.034361174932304;3.2720114724480576
-5.375;-5.0857;5.034361174932304;3.2720114724480576
-5.1875;-4.9143;5.034361174932304;3.2720114724480576
-4.75;-4.6286;5.034361174932304;3.2720114724480576
-4.375;-4.4571;5.034361174932304;3.2720114724480576
-4.0625;-4.2286;5.034361174932304;3.2720114724480576
-3.5625;-4.0;5.034361174932304;3.2720114724480576
-3.375;-3.7143;5.034361174932304;3.2720114724480576
-3.125;-3.3714;5.034361174932304;3.2720114724480576
-2.125;-2.9143;5.034361174932304;3.2720114724480576
-0.8125;-2.5143;5.034361174932304;3.2720114724480576
0.3125;-2.0;5.034361174932304;3.2720114724480576
1.0625;-1.4571;5.034361174932304;3.2720114724480576
1.25;-0.7714;5.034361174932304;3.2720114724480576
1.375;0.2571;5.034361174932304;3.2720114724480576
1.8125;0.8;5.034361174932304;3.2720114724480576
2.3125;1.6;5.034361174932304;3.2720114724480576
2.4375;2.3143;5.034361174932304;3.2720114724480576
2.6875;2.9714;5.034361174932304;3.2720114724480576
3.25;3.5143;5.034361174932304;3.2720114724480576
3.75;4.1143;5.034361174932304;3.2720114724480576
4.0625;4.7714;5.034361174932304;3.2720114724480576
4.1875;5.3429;5.034361174932304;3.2720114724480576
4.1875;6.0571;5.034361174932304;3.2720114724480576
4.125;6.7143;5.034361174932304;3.2720114724480576
4.0;7.4571;5.034361174932304;3.2720114724480576
4.125;8.3143;5.034361174932304;3.2720114724480576
5.1875;9.2286;5.034361174932304;3.2720114724480576
7.0625;10.0571;5.034361174932304;3.2720114724480576
8.8125;10.8571;5.034361174932304;3.2720114724480576
10.1875;11.8571;5.034361174932304;3.2720114724480576
11.1875;12.6857;5.034361174932304;3.2720114724480576
12.0625;13.6286;5.034361174932304;3.2720114724480576
12.9375;14.3714;5.034361174932304;3.2720114724480576
13.875;15.3429;5.034361174932304;3.2720114724480576
14.8125;16.4286;5.034361174932304;3.2720114724480576
15.8125;17.0571;5.034361174932304;3.2720114724480576
16.8125;17.8571;5.034361174932304;3.2720114724480576
17.8125;18.9429;5.034361174932304;3.2720114724480576
18.6875;19.6857;5.034361174932304;3.2720114724480576
19.5625;20.4286;5.034361174932304;3.2720114724480576
20.5;21.2571;5.034361174932304;3.2720114724480576
21.3125;22.2286;5.034361174932304;3.2720114724480576
22.0625;22.9143;5.034361174932304;3.2720114724480576
22.75;23.6286;5.034361174932304;3.2720114724480576
23.4375;24.5714;5.034361174932304;3.2720114724480576
24.1875;25.3714;5.034361174932304;3.2720114724480576
25.125;26.2286;5.034361174932304;3.2720114724480576
26.0625;27.0571;5.034361174932304;3.2720114724480576
27.0625;27.8571;5.034361174932304;3.2720114724480576
28.0;28.5143;5.034361174932304;3.2720114724480576
28.75;29.2;5.034361174932304;3.2720114724480576
29.1875;29.9714;5.034361174932304;3.2720114724480576
29.3125;30.5714;5.034361174932304;3.2720114724480576
29.375;31.1429;5.034361174932304;3.2720114724480576
29.3125;32.0857;5.034361174932304;3.2720114724480576
29.25;32.7143;5.034361174932304;3.2720114724480576
29.3125;33.2571;5.034361174932304;3.2720114724480576
30.0625;33.9429;5.034361174932304;3.2720114724480576
31.9375;34.8286;5.034361174932304;3.2720114724480576
34.0625;35.6;5.034361174932304;3.2720114724480576
35.75;36.2;5.034361174932304;3.2720114724480576
36.875;36.9429;5.034361174932304;3.2720114724480576
37.625;38.0;5.034361174932304;3.2720114724480576
38.25;38.0571;5.034361174932304;3.2720114724480576
38.8125;39.0857;5.034361174932304;3.2720114724480576
39.5;39.6571;5.034361174932304;3.2720114724480576
40.125;40.5714;5.034361174932304;3.2720114724480576
40.875;41.2286;5.034361174932304;3.2720114724480576
41.6875;41.9714;5.034361174932304;3.2720114724480576
42.5625;42.6571;5.034361174932304;3.2720114724480576
43.4375;42.9714;5.034361174932304;3.2720114724480576
44.25;43.7143;5.034361174932304;3.2720114724480576
45.0;44.3429;5.034361174932304;3.2720114724480576
45.6875;44.7714;5.034361174932304;3.2720114724480576
46.3125;45.9714;5.034361174932304;3.2720114724480576
46.875;46.6;5.034361174932304;3.2720114724480576
47.4375;47.2;5.034361174932304;3.2720114724480576
48.125;47.4571;5.034361174932304;3.2720114724480576
48.9375;48.5429;5.034361174932304;3.2720114724480576
49.75;49.2;5.034361174932304;3.2720114724480576
50.375;49.7714;5.034361174932304;3.2720114724480576
51.0;50.2571;5.034361174932304;3.2720114724480576
51.5;50.7143;5.034361174932304;3.2720114724480576
51.875;51.2857;5.034361174932304;3.2720114724480576
52.0;51.7429;5.034361174932304;3.2720114724480576
52.0625;52.9143;5.034361174932304;3.2720114724480576
52.0625;52.8;5.034361174932304;3.2720114724480576
52.0625;53.5143;5.034361174932304;3.2720114724480576
52.25;54.1714;5.034361174932304;3.2720114724480576
52.875;55.1714;5.034361174932304;3.2720114724480576
54.1875;55.4286;5.034361174932304;3.2720114724480576
55.6875;55.2571;5.034361174932304;3.2720114724480576
56.875;56.4571;5.034361174932304;3.2720114724480576
57.875;56.7714;5.034361174932304;3.2720114724480576
58.75;57.4571;5.034361174932304;3.2720114724480576
59.4375;58.4571;5.034361174932304;3.2720114724480576
60.0625;58.5143;5.034361174932304;3.2720114724480576
60.75;59.2857;5.034361174932304;3.2720114724480576
61.5;59.8;5.034361174932304;3.2720114724480576
62.25;60.0;5.034361174932304;3.2720114724480576
63.0;60.9429;5.034361174932304;3.2720114724480576
63.6875;61.8;5.034361174932304;3.2720114724480576
64.125;62.9429;5.034361174932304;3.2720114724480576
64.5625;63.3714;5.034361174932304;3.2720114724480576
65.125;63.7143;5.034361174932304;3.2720114724480576
65.875;63.8571;5.034361174932304;3.2720114724480576
66.5;64.4857;5.034361174932304;3.2720114724480576
67.0625;65.2857;5.034361174932304;3.2720114724480576
67.875;65.7143;5.034361174932304;3.2720114724480576
68.8125;66.3429;5.034361174932304;3.2720114724480576
69.5625;66.3714;5.034361174932304;3.2720114724480576
70.25;67.0286;5.034361174932304;3.2720114724480576
70.9375;67.4286;5.034361174932304;3.2720114724480576
71.625;67.9143;5.034361174932304;3.2720114724480576
71.875;68.4;5.034361174932304;3.2720114724480576
71.75;69.1714;5.034361174932304;3.2720114724480576
71.5;70.2286;5.034361174932304;3.2720114724480576
71.3125;70.6857;5.034361174932304;3.2720114724480576
71.25;70.6857;5.034361174932304;3.2720114724480576
71.25;71.3714;5.034361174932304;3.2720114724480576
71.4375;72.4286;5.034361174932304;3.2720114724480576
72.25;71.9143;5.034361174932304;3.2720114724480576
73.9375;72.6571;5.034361174932304;3.2720114724480576
75.875;73.0;5.034361174932304;3.2720114724480576
77.125;73.3714;5.034361174932304;3.2720114724480576
77.875;73.4571;5.034361174932304;3.2720114724480576
78.625;74.5429;5.034361174932304;3.2720114724480576
79.25;75.4;5.034361174932304;3.2720114724480576
79.75;74.5714;5.034361174932304;3.2720114724480576
80.3125;74.7143;5.034361174932304;3.2720114724480576
80.75;76.0;5.034361174932304;3.2720114724480576
80.9375;75.0571;5.034361174932304;3.2720114724480576
80.9375;75.8857;5.034361174932304;3.2720114724480576
81.0625;75.9429;5.034361174932304;3.2720114724480576
81.375;77.0286;5.034361174932304;3.2720114724480576
82.125;77.3714;5.034361174932304;3.2720114724480576
83.375;78.2286;5.034361174932304;3.2720114724480576
85.0625;76.8857;5.034361174932304;3.2720114724480576
87.0;78.8857;5.034361174932304;3.2720114724480576
87.8125;80.9714;5.034361174932304;3.2720114724480576
87.3125;81.5714;5.034361174932304;3.2720114724480576
87.5;81.8286;5.034361174932304;3.2720114724480576
88.4375;82.7143;5.034361174932304;3.2720114724480576
89.375;81.7429;5.034361174932304;3.2720114724480576
90.0;82.7143;5.034361174932304;3.2720114724480576
90.25;83.7143;5.034361174932304;3.2720114724480576
90.875;83.8286;5.034361174932304;3.2720114724480576
91.75;84.9429;5.034361174932304;3.2720114724480576
92.4375;85.6571;5.034361174932304;3.2720114724480576
92.75;84.9429;5.034361174932304;3.2720114724480576
92.8125;84.6;5.034361174932304;3.2720114724480576
92.75;85.0286;5.034361174932304;3.2720114724480576
92.75;85.2571;5.034361174932304;3.2720114724480576
93.25;85.4571;5.034361174932304;3.2720114724480576
94.6875;85.6286;5.034361174932304;3.2720114724480576
95.875;85.5429;5.034361174932304;3.2720114724480576
96.0;85.3714;5.034361174932304;3.2720114724480576
95.8125;84.4571;5.034361174932304;3.2720114724480576
96.4375;87.0857;5.034361174932304;3.2720114724480576
97.4375;85.9714;5.034361174932304;3.2720114724480576
97.875;88.3429;5.034361174932304;3.2720114724480576
97.3125;86.2286;5.034361174932304;3.2720114724480576
96.875;87.7143;5.034361174932304;3.2720114724480576
97.8125;87.6571;5.034361174932304;3.2720114724480576
99.4375;90.7429;5.034361174932304;3.2720114724480576
100.4375;86.6;5.034361174932304;3.2720114724480576
101.0;89.0571;5.034361174932304;3.2720114724480576
101.0625;90.1429;5.034361174932304;3.2720114724480576
101.0625;92.8;5.034361174932304;3.2720114724480576
101.0625;92.3143;5.034361174932304;3.2720114724480576
100.0625;90.7429;5.034361174932304;3.2720114724480576
99.375;88.9714;5.034361174932304;3.2720114724480576
100.5625;88.8286;5.034361174932304;3.2720114724480576
102.0625;92.2;5.034361174932304;3.2720114724480576
103.0;91.4286;5.034361174932304;3.2720114724480576
103.375;91.5714;5.034361174932304;3.2720114724480576
103.8125;94.1143;5.034361174932304;3.2720114724480576
104.375;92.1429;5.034361174932304;3.2720114724480576
104.3125;94.6286;5.034361174932304;3.2720114724480576
104.0;94.3429;5.034361174932304;3.2720114724480576
103.75;94.8857;5.034361174932304;3.2720114724480576
103.5625;96.5714;5.034361174932304;3.2720114724480576
103.5;95.7429;5.034361174932304;3.2720114724480576
103.5;97.0286;5.034361174932304;3.2720114724480576
103.8125;97.7429;5.034361174932304;3.2720114724480576
104.875;97.6571;5.034361174932304;3.2720114724480576
106.75;97.2;5.034361174932304;3.2720114724480576
108.8125;96.9143;5.034361174932304;3.2720114724480576
110.0625;96.7143;5.034361174932304;3.2720114724480576
110.375;96.5429;5.034361174932304;3.2720114724480576
110.5;98.5429;5.034361174932304;3.2720114724480576
110.5625;99.9714;5.034361174932304;3.2720114724480576
110.4375;102.2;5.034361174932304;3.2720114724480576
110.9375;99.3143;5.034361174932304;3.2720114724480576
111.875;102.3143;5.034361174932304;3.2720114724480576
112.375;102.5429;5.034361174932304;3.2720114724480576
112.3125;102.4571;5.034361174932304;3.2720114724480576
112.4375;102.2571;5.034361174932304;3.2720114724480576
112.9375;102.1429;5.034361174932304;3.2720114724480576
113.125;101.0857;5.034361174932304;3.2720114724480576
113.1875;103.6286;5.034361174932304;3.2720114724480576
113.3125;104.5714;5.034361174932304;3.2720114724480576
113.3125;107.2857;5.034361174932304;3.2720114724480576
114.25;105.0;5.034361174932304;3.2720114724480576
115.9375;103.2286;5.034361174932304;3.2720114724480576
117.3125;106.4;5.034361174932304;3.2720114724480576
118.0;106.9714;5.034361174932304;3.2720114724480576
117.6875;105.8286;5.034361174932304;3.2720114724480576
117.375;108.7143;5.034361174932304;3.2720114724480576
117.3125;106.1143;5.034361174932304;3.2720114724480576
116.5625;107.6;5.034361174932304;3.2720114724480576
115.3125;107.7714;5.034361174932304;3.2720114724480576
114.4375;108.9714;5.034361174932304;3.2720114724480576
114.0;106.6571;5.034361174932304;3.2720114724480576
113.875;106.9143;5.034361174932304;3.2720114724480576
113.9375;105.8286;5.034361174932304;3.2720114724480576
114.6875;105.8;5.034361174932304;3.2720114724480576
116.0625;108.3429;5.034361174932304;3.2720114724480576
117.3125;107.2;5.034361174932304;3.2720114724480576
119.25;110.5429;5.034361174932304;3.2720114724480576
121.4375;111.4286;5.034361174932304;3.2720114724480576
122.5;111.6857;5.034361174932304;3.2720114724480576
122.875;109.9429;5.034361174932304;3.2720114724480576
122.375;110.0;5.034361174932304;3.2720114724480576
121.3125;108.9714;5.034361174932304;3.2720114724480576
121.0;109.5429;5.034361174932304;3.2720114724480576
121.3125;109.7714;5.034361174932304;3.2720114724480576
121.6875;111.4857;5.034361174932304;3.2720114724480576
121.9375;111.2286;5.034361174932304;3.2720114724480576
122.5625;112.6286;5.034361174932304;3.2720114724480576
123.4375;112.9429;5.034361174932304;3.2720114724480576
123.875;112.8857;5.034361174932304;3.2720114724480576
124.4375;113.3429;5.034361174932304;3.2720114724480576
125.0;112.5714;5.034361174932304;3.2720114724480576
124.375;112.3714;5.034361174932304;3.2720114724480576
123.0625;114.4571;5.034361174932304;3.2720114724480576
122.375;114.4571;5.034361174932304;3.2720114724480576
123.25;112.9143;5.034361174932304;3.2720114724480576
124.75;114.4857;5.034361174932304;3.2720114724480576
125.6875;113.4571;5.034361174932304;3.2720114724480576
126.3125;117.4571;5.034361174932304;3.2720114724480576
127.0625;114.7429;5.034361174932304;3.2720114724480576
126.9375;116.8286;5.034361174932304;3.2720114724480576
125.8125;117.4571;5.034361174932304;3.2720114724480576
124.8125;116.9143;5.034361174932304;3.2720114724480576
124.25;117.8;5.034361174932304;3.2720114724480576
124.0625;117.5429;5.034361174932304;3.2720114724480576
124.0625;118.0857;5.034361174932304;3.2720114724480576
124.5625;117.8;5.034361174932304;3.2720114724480576
126.125;118.0857;5.034361174932304;3.2720114724480576
128.3125;118.9143;5.034361174932304;3.2720114724480576
129.5625;118.0857;5.034361174932304;3.2720114724480576
129.75;118.3429;5.034361174932304;3.2720114724480576
129.8125;119.1714;5.034361174932304;3.2720114724480576
129.8125;118.6;5.034361174932304;3.2720114724480576
129.4375;119.0;5.034361174932304;3.2720114724480576
129.0625;118.5714;5.034361174932304;3.2720114724480576
129.1875;120.3143;5.034361174932304;3.2720114724480576
130.75;121.3714;5.034361174932304;3.2720114724480576
132.5;120.9714;5.034361174932304;3.2720114724480576
133.1875;120.4857;5.034361174932304;3.2720114724480576
133.3125;120.5714;5.034361174932304;3.2720114724480576
133.5625;120.6286;5.034361174932304;3.2720114724480576
133.4375;120.0;5.034361174932304;3.2720114724480576
132.75;121.2857;5.034361174932304;3.2720114724480576
132.5;120.6571;5.034361174932304;3.2720114724480576
133.1875;120.1429;5.034361174932304;3.2720114724480576
133.75;122.5143;5.034361174932304;3.2720114724480576
133.4375;122.1429;5.034361174932304;3.2720114724480576
132.8125;122.3143;5.034361174932304;3.2720114724480576
132.4375;121.6286;5.034361174932304;3.2720114724480576
132.4375;123.3429;5.034361174932304;3.2720114724480576
132.875;121.8571;5.034361174932304;3.2720114724480576
133.75;120.9143;5.034361174932304;3.2720114724480576
134.5625;122.5143;5.034361174932304;3.2720114724480576
135.125;123.6571;5.034361174932304;3.2720114724480576
135.3125;123.7143;5.034361174932304;3.2720114724480576
135.375;122.9429;5.034361174932304;3.2720114724480576
135.3125;123.2857;5.034361174932304;3.2720114724480576
135.25;124.0;5.034361174932304;3.2720114724480576
135.375;123.5143;5.034361174932304;3.2720114724480576
136.0;123.4;5.034361174932304;3.2720114724480576
136.75;124.9714;5.034361174932304;3.2720114724480576
137.25;124.4571;5.034361174932304;3.2720114724480576
137.8125;122.6;5.034361174932304;3.2720114724480576
138.3125;125.1429;5.034361174932304;3.2720114724480576
138.3125;125.6;5.034361174932304;3.2720114724480576
138.0;124.8857;5.034361174932304;3.2720114724480576
137.875;125.6857;5.034361174932304;3.2720114724480576
137.8125;125.2286;5.034361174932304;3.2720114724480576
138.0;125.3714;5.034361174932304;3.2720114724480576
138.625;126.0857;5.034361174932304;3.2720114724480576
138.6875;126.1143;5.034361174932304;3.2720114724480576
139.125;125.6;5.034361174932304;3.2720114724480576
140.3125;126.0;5.034361174932304;3.2720114724480576
140.6875;125.2286;5.034361174932304;3.2720114724480576
140.375;125.9429;5.034361174932304;3.2720114724480576
140.4375;126.2;5.034361174932304;3.2720114724480576
140.5;126.0571;5.034361174932304;3.2720114724480576
140.375;125.9143;5.034361174932304;3.2720114724480576
140.0;128.8571;5.034361174932304;3.2720114724480576
139.8125;127.2857;5.034361174932304;3.2720114724480576
140.0625;128.4;5.034361174932304;3.2720114724480576
140.5625;128.5429;5.034361174932304;3.2720114724480576
141.4375;126.7143;5.034361174932304;3.2720114724480576
142.4375;128.5714;5.034361174932304;3.2720114724480576
143.3125;128.3143;5.034361174932304;3.2720114724480576
143.875;127.8571;5.034361174932304;3.2720114724480576
144.1875;128.2;5.034361174932304;3.2720114724480576
144.3125;127.5429;5.034361174932304;3.2720114724480576
144.25;128.8;5.034361174932304;3.2720114724480576
144.1875;128.5714;5.034361174932304;3.2720114724480576
143.875;128.0571;5.034361174932304;3.2720114724480576
143.3125;130.3714;5.034361174932304;3.2720114724480576
143.1875;130.5714;5.034361174932304;3.2720114724480576
143.625;130.9143;5.034361174932304;3.2720114724480576
143.9375;130.8286;5.034361174932304;3.2720114724480576
144.0;128.5429;5.034361174932304;3.2720114724480576
144.3125;131.4286;5.034361174932304;3.2720114724480576
144.5625;129.8857;5.034361174932304;3.2720114724480576
144.5;129.0286;5.034361174932304;3.2720114724480576
144.125;130.8857;5.034361174932304;3.2720114724480576
143.9375;130.6286;5.034361174932304;3.2720114724480576
143.9375;130.2857;5.034361174932304;3.2720114724480576
143.75;129.9714;5.034361174932304;3.2720114724480576
144.1875;130.0;5.034361174932304;3.2720114724480576
145.0625;131.6286;5.034361174932304;3.2720114724480576
145.1875;130.5429;5.034361174932304;3.2720114724480576
145.125;130.2571;5.034361174932304;3.2720114724480576
145.25;131.0571;5.034361174932304;3.2720114724480576
145.125;130.2857;5.034361174932304;3.2720114724480576
145.0625;131.5429;5.034361174932304;3.2720114724480576
145.25;131.4286;5.034361174932304;3.2720114724480576
145.6875;131.1429;5.034361174932304;3.2720114724480576
146.5625;132.2;5.034361174932304;3.2720114724480576
147.625;131.6286;5.034361174932304;3.2720114724480576
147.875;131.2857;5.034361174932304;3.2720114724480576
147.75;132.0857;5.034361174932304;3.2720114724480576
148.25;132.3429;5.034361174932304;3.2720114724480576
149.25;133.1429;5.034361174932304;3.2720114724480576
150.0;132.9714;5.034361174932304;3.2720114724480576
150.375;132.0;5.034361174932304;3.2720114724480576
150.5;133.7714;5.034361174932304;3.2720114724480576
150.5;134.9143;5.034361174932304;3.2720114724480576
149.9375;133.8571;5.034361174932304;3.2720114724480576
148.4375;133.3429;5.034361174932304;3.2720114724480576
147.375;134.6286;5.034361174932304;3.2720114724480576
148.0;134.5143;5.034361174932304;3.2720114724480576
148.875;135.7429;5.034361174932304;3.2720114724480576
149.3125;134.2;5.034361174932304;3.2720114724480576
150.0;135.4571;5.034361174932304;3.2720114724480576
150.875;135.7429;5.034361174932304;3.2720114724480576
151.25;135.7714;5.034361174932304;3.2720114724480576
150.5625;134.4;5.034361174932304;3.2720114724480576
150.0625;136.2571;5.034361174932304;3.2720114724480576
150.625;135.8286;5.034361174932304;3.2720114724480576
150.875;134.7714;5.034361174932304;3.2720114724480576
150.5;135.9143;5.034361174932304;3.2720114724480576
150.5;133.5714;5.034361174932304;3.2720114724480576
150.75;135.2857;5.034361174932304;3.2720114724480576
151.0;134.8286;5.034361174932304;3.2720114724480576
150.75;135.7143;5.034361174932304;3.2720114724480576
149.5625;136.8857;5.034361174932304;3.2720114724480576
149.0625;137.2857;5.034361174932304;3.2720114724480576
149.9375;137.4286;5.034361174932304;3.2720114724480576
150.9375;135.2286;5.034361174932304;3.2720114724480576
151.625;136.3714;5.034361174932304;3.2720114724480576
151.75;135.5143;5.034361174932304;3.2720114724480576
151.5625;136.6;5.034361174932304;3.2720114724480576
151.4375;136.4571;5.034361174932304;3.2720114724480576
150.5;137.7143;5.034361174932304;3.2720114724480576
148.9375;137.5714;5.034361174932304;3.2720114724480576
147.75;138.0;5.034361174932304;3.2720114724480576
147.1875;136.0857;5.034361174932304;3.2720114724480576
147.0;136.2571;5.034361174932304;3.2720114724480576
147.0625;133.9143;5.034361174932304;3.2720114724480576
148.125;136.6571;5.034361174932304;3.2720114724480576
150.25;135.0857;5.034361174932304;3.2720114724480576
152.0625;135.2286;5.034361174932304;3.2720114724480576
152.9375;134.3714;5.034361174932304;3.2720114724480576
152.625;133.0286;5.034361174932304;3.2720114724480576
151.5625;135.1714;5.034361174932304;3.2720114724480576
150.5625;134.6;5.034361174932304;3.2720114724480576
149.5;134.7143;5.034361174932304;3.2720114724480576
148.1875;133.5143;5.034361174932304;3.2720114724480576
147.625;131.8286;5.034361174932304;3.2720114724480576
148.1875;131.0571;5.034361174932304;3.2720114724480576
148.375;132.4571;5.034361174932304;3.2720114724480576
147.375;131.3143;5.034361174932304;3.2720114724480576
146.5;129.0857;5.034361174932304;3.2720114724480576
146.4375;130.7714;5.034361174932304;3.2720114724480576
146.1875;128.7714;5.034361174932304;3.2720114724480576
146.125;130.5429;5.034361174932304;3.2720114724480576
145.9375;129.9429;5.034361174932304;3.2720114724480576
144.625;129.4857;5.034361174932304;3.2720114724480576
143.3125;127.3143;5.034361174932304;3.2720114724480576
142.3125;127.3143;5.034361174932304;3.2720114724480576
141.0;127.2;5.034361174932304;3.2720114724480576
140.375;127.8;5.034361174932304;3.2720114724480576
141.1875;126.6571;5.034361174932304;3.2720114724480576
141.875;128.6;5.034361174932304;3.2720114724480576
141.4375;126.3143;5.034361174932304;3.2720114724480576
140.4375;127.3714;5.034361174932304;3.2720114724480576
139.375;125.3714;5.034361174932304;3.2720114724480576
138.6875;125.9143;5.034361174932304;3.2720114724480576
138.4375;125.5429;5.034361174932304;3.2720114724480576
138.4375;125.2571;5.034361174932304;3.2720114724480576
138.5;125.4;5.034361174932304;3.2720114724480576
138.8125;124.0286;5.034361174932304;3.2720114724480576
139.0;124.5429;5.034361174932304;3.2720114724480576
138.5625;123.2286;5.034361174932304;3.2720114724480576
137.8125;122.0571;5.034361174932304;3.2720114724480576
137.375;123.1429;5.034361174932304;3.2720114724480576
137.0625;122.5714;5.034361174932304;3.2720114724480576
135.9375;122.6;5.034361174932304;3.2720114724480576
135.0625;122.4857;5.034361174932304;3.2720114724480576
135.0;120.8;5.034361174932304;3.2720114724480576
135.0;122.0857;5.034361174932304;3.2720114724480576
134.4375;120.3714;5.034361174932304;3.2720114724480576
133.25;119.9714;5.034361174932304;3.2720114724480576
132.3125;119.2;5.034361174932304;3.2720114724480576
132.25;120.5429;5.034361174932304;3.2720114724480576
132.25;120.7143;5.034361174932304;3.2720114724480576
131.875;119.5429;5.034361174932304;3.2720114724480576
131.375;118.8857;5.034361174932304;3.2720114724480576
130.9375;117.8857;5.034361174932304;3.2720114724480576
130.4375;116.4286;5.034361174932304;3.2720114724480576
129.8125;117.6286;5.034361174932304;3.2720114724480576
128.9375;116.1429;5.034361174932304;3.2720114724480576
128.0625;117.5429;5.034361174932304;3.2720114724480576
127.9375;116.4857;5.034361174932304;3.2720114724480576
128.375;116.6286;5.034361174932304;3.2720114724480576
128.625;114.2286;5.034361174932304;3.2720114724480576
128.0;114.5429;5.034361174932304;3.2720114724480576
126.625;115.0;5.034361174932304;3.2720114724480576
125.125;114.0;5.034361174932304;3.2720114724480576
124.1875;113.9714;5.034361174932304;3.2720114724480576
123.75;114.4286;5.034361174932304;3.2720114724480576
123.75;113.8286;5.034361174932304;3.2720114724480576
123.8125;112.4857;5.034361174932304;3.2720114724480576
124.375;112.8;5.034361174932304;3.2720114724480576
125.625;113.2286;5.034361174932304;3.2720114724480576
126.125;113.5714;5.034361174932304;3.2720114724480576
125.3125;113.3714;5.034361174932304;3.2720114724480576
124.125;111.1714;5.034361174932304;3.2720114724480576
123.3125;111.8571;5.034361174932304;3.2720114724480576
123.0;111.1429;5.034361174932304;3.2720114724480576
123.0625;111.0857;5.034361174932304;3.2720114724480576
123.0;111.0286;5.034361174932304;3.2720114724480576
122.5625;111.2857;5.034361174932304;3.2720114724480576
122.0625;110.1714;5.034361174932304;3.2720114724480576
121.25;107.8571;5.034361174932304;3.2720114724480576
120.9375;109.2571;5.034361174932304;3.2720114724480576
121.625;108.6571;5.034361174932304;3.2720114724480576
121.875;108.5714;5.034361174932304;3.2720114724480576
121.3125;108.0;5.034361174932304;3.2720114724480576
120.6875;107.6571;5.034361174932304;3.2720114724480576
119.9375;107.0857;5.034361174932304;3.2720114724480576
119.3125;107.1714;5.034361174932304;3.2720114724480576
119.0625;107.9429;5.034361174932304;3.2720114724480576
118.875;108.3714;5.034361174932304;3.2720114724480576
118.5625;107.6286;5.034361174932304;3.2720114724480576
118.25;105.5714;5.034361174932304;3.2720114724480576
117.9375;104.2571;5.034361174932304;3.2720114724480576
117.375;103.3143;5.034361174932304;3.2720114724480576
116.625;102.3429;5.034361174932304;3.2720114724480576
115.6875;102.9714;5.034361174932304;3.2720114724480576
114.8125;103.1429;5.034361174932304;3.2720114724480576
114.3125;104.6;5.034361174932304;3.2720114724480576
114.0625;104.9714;5.034361174932304;3.2720114724480576
114.0625;104.0857;5.034361174932304;3.2720114724480576
114.125;102.8571;5.034361174932304;3.2720114724480576
114.4375;102.6571;5.034361174932304;3.2720114724480576
115.0;102.8;5.034361174932304;3.2720114724480576
115.25;102.9429;5.034361174932304;3.2720114724480576
114.9375;102.0286;5.034361174932304;3.2720114724480576
113.9375;99.9143;5.034361174932304;3.2720114724480576
113.125;99.0857;5.034361174932304;3.2720114724480576
112.9375;99.5429;5.034361174932304;3.2720114724480576
112.9375;100.0857;5.034361174932304;3.2720114724480576
112.9375;100.3429;5.034361174932304;3.2720114724480576
113.0625;99.4286;5.034361174932304;3.2720114724480576
112.6875;100.9714;5.034361174932304;3.2720114724480576
111.9375;100.0;5.034361174932304;3.2720114724480576
111.75;98.6;5.034361174932304;3.2720114724480576
111.25;97.0;5.034361174932304;3.2720114724480576
110.25;97.3429;5.034361174932304;3.2720114724480576
110.125;97.0571;5.034361174932304;3.2720114724480576
110.5;97.2857;5.034361174932304;3.2720114724480576
110.25;96.4857;5.034361174932304;3.2720114724480576
109.1875;97.4286;5.034361174932304;3.2720114724480576
107.8125;97.2571;5.034361174932304;3.2720114724480576
107.125;97.0571;5.034361174932304;3.2720114724480576
107.25;95.6;5.034361174932304;3.2720114724480576
107.375;93.5714;5.034361174932304;3.2720114724480576
107.4375;93.0;5.034361174932304;3.2720114724480576
107.8125;93.1429;5.034361174932304;3.2720114724480576
108.0;93.1714;5.034361174932304;3.2720114724480576
107.625;95.2857;5.034361174932304;3.2720114724480576
107.1875;94.7714;5.034361174932304;3.2720114724480576
106.8125;94.4;5.034361174932304;3.2720114724480576
106.6875;94.0;5.034361174932304;3.2720114724480576
106.625;95.0857;5.034361174932304;3.2720114724480576
106.5625;95.4286;5.034361174932304;3.2720114724480576
106.1875;93.5714;5.034361174932304;3.2720114724480576
105.5625;93.0857;5.034361174932304;3.2720114724480576
104.75;93.0286;5.034361174932304;3.2720114724480576
104.25;93.6286;5.034361174932304;3.2720114724480576
103.9375;92.9143;5.034361174932304;3.2720114724480576
103.5;91.7714;5.034361174932304;3.2720114724480576
103.1875;91.3143;5.034361174932304;3.2720114724480576
103.0625;90.9714;5.034361174932304;3.2720114724480576
102.625;91.4286;5.034361174932304;3.2720114724480576
102.0625;90.8;5.034361174932304;3.2720114724480576
102.0625;91.3143;5.034361174932304;3.2720114724480576
102.125;90.9714;5.034361174932304;3.2720114724480576
101.9375;91.0857;5.034361174932304;3.2720114724480576
101.5625;89.5714;5.034361174932304;3.2720114724480576
101.0;88.7143;5.034361174932304;3.2720114724480576
100.6875;90.4286;5.034361174932304;3.2720114724480576
100.5;89.4;5.034361174932304;3.2720114724480576
100.125;87.5143;5.034361174932304;3.2720114724480576
99.8125;87.6286;5.034361174932304;3.2720114724480576
99.375;87.0857;5.034361174932304;3.2720114724480576
98.375;87.0857;5.034361174932304;3.2720114724480576
97.8125;85.1429;5.034361174932304;3.2720114724480576
97.1875;87.4286;5.034361174932304;3.2720114724480576
96.625;87.0286;5.034361174932304;3.2720114724480576
96.8125;86.3714;5.034361174932304;3.2720114724480576
96.75;86.0286;5.034361174932304;3.2720114724480576
96.25;87.2571;5.034361174932304;3.2720114724480576
95.875;84.1714;5.034361174932304;3.2720114724480576
95.6875;84.5429;5.034361174932304;3.2720114724480576
95.625;83.8857;5.034361174932304;3.2720114724480576
95.625;83.0286;5.034361174932304;3.2720114724480576
95.6875;84.1429;5.034361174932304;3.2720114724480576
95.8125;84.7429;5.034361174932304;3.2720114724480576
95.9375;83.5429;5.034361174932304;3.2720114724480576
95.6875;83.9143;5.034361174932304;3.2720114724480576
95.0625;83.3143;5.034361174932304;3.2720114724480576
94.25;82.8571;5.034361174932304;3.2720114724480576
93.4375;82.2857;5.034361174932304;3.2720114724480576
92.75;81.7714;5.034361174932304;3.2720114724480576
92.0;83.2857;5.034361174932304;3.2720114724480576
91.5;84.2;5.034361174932304;3.2720114724480576
91.5;83.2571;5.034361174932304;3.2720114724480576
92.0625;82.8857;5.034361174932304;3.2720114724480576
92.25;81.3143;5.034361174932304;3.2720114724480576
91.625;80.8;5.034361174932304;3.2720114724480576
90.75;81.7714;5.034361174932304;3.2720114724480576
89.9375;81.9429;5.034361174932304;3.2720114724480576
90.0625;82.4286;5.034361174932304;3.2720114724480576
90.9375;81.3429;5.034361174932304;3.2720114724480576
90.75;81.0857;5.034361174932304;3.2720114724480576
90.0;78.6;5.034361174932304;3.2720114724480576
89.375;80.0571;5.034361174932304;3.2720114724480576
88.3125;80.8857;5.034361174932304;3.2720114724480576
87.6875;80.1714;5.034361174932304;3.2720114724480576
87.5625;80.0857;5.034361174932304;3.2720114724480576
87.6875;80.7429;5.034361174932304;3.2720114724480576
87.4375;78.9143;5.034361174932304;3.2720114724480576
86.875;78.2;5.034361174932304;3.2720114724480576
87.3125;78.9429;5.034361174932304;3.2720114724480576
88.4375;78.1429;5.034361174932304;3.2720114724480576
89.375;77.9714;5.034361174932304;3.2720114724480576
89.875;76.3143;5.034361174932304;3.2720114724480576
90.0;76.9143;5.034361174932304;3.2720114724480576
90.0;77.6857;5.034361174932304;3.2720114724480576
89.375;78.5714;5.034361174932304;3.2720114724480576
88.0;78.4286;5.034361174932304;3.2720114724480576
86.5625;78.6857;5.034361174932304;3.2720114724480576
85.6875;77.4571;5.034361174932304;3.2720114724480576
85.375;77.7143;5.034361174932304;3.2720114724480576
85.375;77.1429;5.034361174932304;3.2720114724480576
85.375;75.8857;5.034361174932304;3.2720114724480576
85.0625;75.8286;5.034361174932304;3.2720114724480576
84.5;75.8857;5.034361174932304;3.2720114724480576
84.0;75.2571;5.034361174932304;3.2720114724480576
83.8125;75.2571;5.034361174932304;3.2720114724480576
83.6875;75.4286;5.034361174932304;3.2720114724480576
83.5625;75.8286;5.034361174932304;3.2720114724480576
83.375;75.2571;5.034361174932304;3.2720114724480576
82.6875;73.9714;5.034361174932304;3.2720114724480576
81.9375;75.3714;5.034361174932304;3.2720114724480576
81.6875;75.7429;5.034361174932304;3.2720114724480576
81.875;75.8857;5.034361174932304;3.2720114724480576
81.5625;75.3143;5.034361174932304;3.2720114724480576
80.8125;74.2857;5.034361174932304;3.2720114724480576
80.3125;73.2286;5.034361174932304;3.2720114724480576
79.9375;73.2857;5.034361174932304;3.2720114724480576
79.125;72.8571;5.034361174932304;3.2720114724480576
79.0625;72.2;5.034361174932304;3.2720114724480576
79.375;71.7714;5.034361174932304;3.2720114724480576
79.0;72.5714;5.034361174932304;3.2720114724480576
79.125;71.8286;5.034361174932304;3.2720114724480576
80.125;73.2571;5.034361174932304;3.2720114724480576
81.0;73.8571;5.034361174932304;3.2720114724480576
81.5;72.4857;5.034361174932304;3.2720114724480576
81.6875;72.9714;5.034361174932304;3.2720114724480576
81.6875;70.4286;5.034361174932304;3.2720114724480576
81.1875;71.6286;5.034361174932304;3.2720114724480576
79.9375;72.0857;5.034361174932304;3.2720114724480576
78.625;71.5429;5.034361174932304;3.2720114724480576
78.0;72.0286;5.034361174932304;3.2720114724480576
77.4375;71.7429;5.034361174932304;3.2720114724480576
76.9375;71.4857;5.034361174932304;3.2720114724480576
76.75;70.6571;5.034361174932304;3.2720114724480576
76.5625;71.0857;5.034361174932304;3.2720114724480576
76.25;70.3714;5.034361174932304;3.2720114724480576
75.9375;70.6571;5.034361174932304;3.2720114724480576
75.1875;70.2857;5.034361174932304;3.2720114724480576
74.5625;71.0286;5.034361174932304;3.2720114724480576
74.625;71.2286;5.034361174932304;3.2720114724480576
75.125;69.9143;5.034361174932304;3.2720114724480576
75.4375;69.6571;5.034361174932304;3.2720114724480576
75.4375;69.8;5.034361174932304;3.2720114724480576
75.1875;70.4286;5.034361174932304;3.2720114724480576
75.0625;70.3143;5.034361174932304;3.2720114724480576
75.25;70.2857;5.034361174932304;3.2720114724480576
75.4375;70.4286;5.034361174932304;3.2720114724480576
75.375;69.2286;5.034361174932304;3.2720114724480576
75.3125;68.5143;5.034361174932304;3.2720114724480576
74.6875;67.9429;5.034361174932304;3.2720114724480576
73.75;67.0;5.034361174932304;3.2720114724480576
73.125;68.3143;5.034361174932304;3.2720114724480576
72.875;68.4286;5.034361174932304;3.2720114724480576
72.875;67.4857;5.034361174932304;3.2720114724480576
72.9375;68.1429;5.034361174932304;3.2720114724480576
73.0625;66.6571;5.034361174932304;3.2720114724480576
73.0625;67.0857;5.034361174932304;3.2720114724480576
73.125;66.0571;5.034361174932304;3.2720114724480576
73.125;66.0857;5.034361174932304;3.2720114724480576
73.0;67.1143;5.034361174932304;3.2720114724480576
72.625;66.0;5.034361174932304;3.2720114724480576
72.125;65.1143;5.034361174932304;3.2720114724480576
72.0625;66.1143;5.034361174932304;3.2720114724480576
71.625;66.2286;5.034361174932304;3.2720114724480576
71.0;65.4;5.034361174932304;3.2720114724480576
71.0625;64.8857;5.034361174932304;3.2720114724480576
71.3125;63.9714;5.034361174932304;3.2720114724480576
70.875;65.1714;5.034361174932304;3.2720114724480576
70.0;65.4286;5.034361174932304;3.2720114724480576
69.5;65.2286;5.034361174932304;3.2720114724480576
69.6875;64.3714;5.034361174932304;3.2720114724480576
69.9375;63.3714;5.034361174932304;3.2720114724480576
69.5625;62.8286;5.034361174932304;3.2720114724480576
68.75;63.6571;5.034361174932304;3.2720114724480576
67.5;62.7714;5.034361174932304;3.2720114724480576
66.875;63.0571;5.034361174932304;3.2720114724480576
67.3125;63.0571;5.034361174932304;3.2720114724480576
67.25;62.5143;5.034361174932304;3.2720114724480576
67.0;62.6857;5.034361174932304;3.2720114724480576
67.1875;62.2857;5.034361174932304;3.2720114724480576
67.0;62.3429;5.034361174932304;3.2720114724480576
66.75;62.5714;5.034361174932304;3.2720114724480576
66.6875;61.7429;5.034361174932304;3.2720114724480576
66.75;62.6857;5.034361174932304;3.2720114724480576
66.9375;61.9429;5.034361174932304;3.2720114724480576
66.8125;62.5143;5.034361174932304;3.2720114724480576
66.4375;62.3143;5.034361174932304;3.2720114724480576
66.1875;61.6286;5.034361174932304;3.2720114724480576
66.0;61.6;5.034361174932304;3.2720114724480576
66.0;61.0286;5.034361174932304;3.2720114724480576
66.0;61.3429;5.034361174932304;3.2720114724480576
66.125;61.0571;5.034361174932304;3.2720114724480576
66.125;60.1714;5.034361174932304;3.2720114724480576
65.8125;59.9714;5.034361174932304;3.2720114724480576
65.1875;60.9714;5.034361174932304;3.2720114724480576
64.6875;60.6571;5.034361174932304;3.2720114724480576
64.75;60.3429;5.034361174932304;3.2720114724480576
64.6875;60.7429;5.034361174932304;3.2720114724480576
64.3125;60.7714;5.034361174932304;3.2720114724480576
64.25;60.8571;5.034361174932304;3.2720114724480576
64.4375;59.3429;5.034361174932304;3.2720114724480576
64.4375;59.8;5.034361174932304;3.2720114724480576
63.875;59.3429;5.034361174932304;3.2720114724480576
63.375;58.8;5.034361174932304;3.2720114724480576
63.3125;58.4857;5.034361174932304;3.2720114724480576
63.0625;58.5429;5.034361174932304;3.2720114724480576
62.5;58.6571;5.034361174932304;3.2720114724480576
62.0;58.6857;5.034361174932304;3.2720114724480576
61.6875;59.0;5.034361174932304;3.2720114724480576
61.6875;58.8;5.034361174932304;3.2720114724480576
61.625;58.6857;5.034361174932304;3.2720114724480576
61.5625;58.6571;5.034361174932304;3.2720114724480576
61.875;59.2;5.034361174932304;3.2720114724480576
62.125;58.4857;5.034361174932304;3.2720114724480576
62.1875;58.1143;5.034361174932304;3.2720114724480576
62.125;57.8286;5.034361174932304;3.2720114724480576
61.75;58.0;5.034361174932304;3.2720114724480576
61.625;57.7429;5.034361174932304;3.2720114724480576
61.6875;57.6571;5.034361174932304;3.2720114724480576
61.75;57.4;5.034361174932304;3.2720114724480576
61.875;57.2857;5.034361174932304;3.2720114724480576
61.9375;56.5143;5.034361174932304;3.2720114724480576
61.9375;57.1429;5.034361174932304;3.2720114724480576
62.1875;56.2;5.034361174932304;3.2720114724480576
62.5;56.1143;5.034361174932304;3.2720114724480576
62.0;56.4;5.034361174932304;3.2720114724480576
60.8125;55.9714;5.034361174932304;3.2720114724480576
59.9375;56.4;5.034361174932304;3.2720114724480576
59.5625;55.1714;5.034361174932304;3.2720114724480576
59.3125;55.4571;5.034361174932304;3.2720114724480576
59.3125;56.1714;5.034361174932304;3.2720114724480576
58.875;55.2857;5.034361174932304;3.2720114724480576
58.375;55.0;5.034361174932304;3.2720114724480576
58.1875;55.5714;5.034361174932304;3.2720114724480576
57.875;56.0286;5.034361174932304;3.2720114724480576
58.125;55.6;5.034361174932304;3.2720114724480576
58.6875;55.8857;5.034361174932304;3.2720114724480576
58.6875;55.3429;5.034361174932304;3.2720114724480576
58.5625;54.6286;5.034361174932304;3.2720114724480576
58.375;54.4571;5.034361174932304;3.2720114724480576
57.75;53.6286;5.034361174932304;3.2720114724480576
57.0;54.6571;5.034361174932304;3.2720114724480576
56.5625;54.0571;5.034361174932304;3.2720114724480576
56.5;54.0286;5.034361174932304;3.2720114724480576
56.5625;53.8571;5.034361174932304;3.2720114724480576
56.625;54.7143;5.034361174932304;3.2720114724480576
56.6875;54.2286;5.034361174932304;3.2720114724480576
56.8125;54.8;5.034361174932304;3.2720114724480576
56.875;54.6286;5.034361174932304;3.2720114724480576
56.75;54.5143;5.034361174932304;3.2720114724480576
56.75;54.0857;5.034361174932304;3.2720114724480576
56.75;53.4286;5.034361174932304;3.2720114724480576
56.75;53.1714;5.034361174932304;3.2720114724480576
56.75;52.3714;5.034361174932304;3.2720114724480576
56.8125;52.8;5.034361174932304;3.2720114724480576
56.9375;52.4857;5.034361174932304;3.2720114724480576
57.3125;52.4857;5.034361174932304;3.2720114724480576
57.375;52.1429;5.034361174932304;3.2720114724480576
56.625;51.4571;5.034361174932304;3.2720114724480576
55.625;51.2857;5.034361174932304;3.2720114724480576
54.9375;51.8571;5.034361174932304;3.2720114724480576
54.5;52.0286;5.034361174932304;3.2720114724480576
54.4375;52.4;5.034361174932304;3.2720114724480576
54.5625;52.2571;5.034361174932304;3.2720114724480576
54.6875;51.9429;5.034361174932304;3.2720114724480576
54.875;51.8286;5.034361174932304;3.2720114724480576
54.9375;51.3143;5.034361174932304;3.2720114724480576
54.8125;50.6571;5.034361174932304;3.2720114724480576
54.5625;50.8286;5.034361174932304;3.2720114724480576
54.125;50.8;5.034361174932304;3.2720114724480576
53.625;51.0857;5.034361174932304;3.2720114724480576
53.75;50.8857;5.034361174932304;3.2720114724480576
54.0625;50.9143;5.034361174932304;3.2720114724480576
54.0625;50.3143;5.034361174932304;3.2720114724480576
53.8125;50.6857;5.034361174932304;3.2720114724480576
53.5;50.6;5.034361174932304;3.2720114724480576
53.3125;50.5714;5.034361174932304;3.2720114724480576
53.375;50.4286;5.034361174932304;3.2720114724480576
53.5;49.9143;5.034361174932304;3.2720114724480576
53.5625;49.8286;5.034361174932304;3.2720114724480576
53.4375;48.6857;5.034361174932304;3.2720114724480576
53.0625;48.9143;5.034361174932304;3.2720114724480576
52.625;48.8571;5.034361174932304;3.2720114724480576
52.375;49.2571;5.034361174932304;3.2720114724480576
52.25;48.7429;5.034361174932304;3.2720114724480576
52.1875;48.6857;5.034361174932304;3.2720114724480576
52.25;48.6857;5.034361174932304;3.2720114724480576
52.1875;48.1714;5.034361174932304;3.2720114724480576
51.75;48.4;5.034361174932304;3.2720114724480576
51.1875;48.6857;5.034361174932304;3.2720114724480576
51.0;48.2857;5.034361174932304;3.2720114724480576
51.125;47.8571;5.034361174932304;3.2720114724480576
51.4375;47.3429;5.034361174932304;3.2720114724480576
51.5625;47.6857;5.034361174932304;3.2720114724480576
51.25;47.1143;5.034361174932304;3.2720114724480576
50.75;47.4286;5.034361174932304;3.2720114724480576
50.5625;47.3714;5.034361174932304;3.2720114724480576
50.4375;46.9714;5.034361174932304;3.2720114724480576
50.3125;47.2;5.034361174932304;3.2720114724480576
50.375;46.9429;5.034361174932304;3.2720114724480576
50.3125;46.3714;5.034361174932304;3.2720114724480576
50.375;47.2571;5.034361174932304;3.2720114724480576
50.1875;47.1143;5.034361174932304;3.2720114724480576
49.9375;46.3714;5.034361174932304;3.2720114724480576
49.9375;46.5143;5.034361174932304;3.2720114724480576
49.8125;46.6571;5.034361174932304;3.2720114724480576
49.6875;47.0286;5.034361174932304;3.2720114724480576
49.8125;47.0;5.034361174932304;3.2720114724480576
49.875;47.1143;5.034361174932304;3.2720114724480576
49.875;46.8286;5.034361174932304;3.2720114724480576
49.9375;46.4;5.034361174932304;3.2720114724480576
49.8125;46.0571;5.034361174932304;3.2720114724480576
49.4375;45.5143;5.034361174932304;3.2720114724480576
49.5;45.4286;5.034361174932304;3.2720114724480576
49.875;45.5143;5.034361174932304;3.2720114724480576
50.25;45.6;5.034361174932304;3.2720114724480576
50.4375;45.4571;5.034361174932304;3.2720114724480576
50.5;45.8857;5.034361174932304;3.2720114724480576
50.5;46.6571;5.034361174932304;3.2720114724480576
50.3125;46.1429;5.034361174932304;3.2720114724480576
49.8125;45.8857;5.034361174932304;3.2720114724480576
49.4375;45.3714;5.034361174932304;3.2720114724480576
49.125;45.1429;5.034361174932304;3.2720114724480576
48.875;44.9429;5.034361174932304;3.2720114724480576
48.5625;44.5429;5.034361174932304;3.2720114724480576
48.0625;44.2;5.034361174932304;3.2720114724480576
47.8125;44.5143;5.034361174932304;3.2720114724480576
47.6875;44.0857;5.034361174932304;3.2720114724480576
47.25;44.4;5.034361174932304;3.2720114724480576
47.0;44.0;5.034361174932304;3.2720114724480576
46.9375;43.8286;5.034361174932304;3.2720114724480576
46.875;43.6571;5.034361174932304;3.2720114724480576
46.8125;43.5429;5.034361174932304;3.2720114724480576
46.75;43.2571;5.034361174932304;3.2720114724480576
46.4375;43.1429;5.034361174932304;3.2720114724480576
45.9375;43.2571;5.034361174932304;3.2720114724480576
45.75;43.4571;5.034361174932304;3.2720114724480576
45.625;42.8286;5.034361174932304;3.2720114724480576
45.6875;42.8286;5.034361174932304;3.2720114724480576
45.875;42.5143;5.034361174932304;3.2720114724480576
45.875;42.2857;5.034361174932304;3.2720114724480576
45.5625;42.3143;5.034361174932304;3.2720114724480576
45.4375;42.0857;5.034361174932304;3.2720114724480576
45.3125;42.3714;5.034361174932304;3.2720114724480576
45.25;42.2857;5.034361174932304;3.2720114724480576
45.375;42.4857;5.034361174932304;3.2720114724480576
45.5;42.1714;5.034361174932304;3.2720114724480576
45.625;42.2;5.034361174932304;3.2720114724480576
45.6875;41.6571;5.034361174932304;3.2720114724480576
45.6875;41.8857;5.034361174932304;3.2720114724480576
45.6875;41.5429;5.034361174932304;3.2720114724480576
45.5625;41.5429;5.034361174932304;3.2720114724480576
45.1875;41.4;5.034361174932304;3.2720114724480576
44.8125;41.4;5.034361174932304;3.2720114724480576
44.5625;41.4;5.034361174932304;3.2720114724480576
44.3125;41.0;5.034361174932304;3.2720114724480576
43.9375;40.9143;5.034361174932304;3.2720114724480576
43.875;41.0286;5.034361174932304;3.2720114724480576
43.6875;41.4571;5.034361174932304;3.2720114724480576
43.5;41.0286;5.034361174932304;3.2720114724480576
43.6875;40.4;5.034361174932304;3.2720114724480576
43.625;40.6286;5.034361174932304;3.2720114724480576
43.1875;40.7143;5.034361174932304;3.2720114724480576
42.875;40.5714;5.034361174932304;3.2720114724480576
42.8125;40.7143;5.034361174932304;3.2720114724480576
42.8125;40.2;5.034361174932304;3.2720114724480576
42.75;40.5429;5.034361174932304;3.2720114724480576
42.875;40.7429;5.034361174932304;3.2720114724480576
42.9375;40.3143;5.034361174932304;3.2720114724480576
42.9375;39.9714;5.034361174932304;3.2720114724480576
42.875;39.8;5.034361174932304;3.2720114724480576
42.75;38.9143;5.034361174932304;3.2720114724480576
42.625;39.2571;5.034361174932304;3.2720114724480576
42.4375;39.6571;5.034361174932304;3.2720114724480576
42.0;39.7143;5.034361174932304;3.2720114724480576
41.625;39.6;5.034361174932304;3.2720114724480576
41.5625;39.2571;5.034361174932304;3.2720114724480576
41.375;39.1714;5.034361174932304;3.2720114724480576
40.9375;38.9429;5.034361174932304;3.2720114724480576
40.625;38.8571;5.034361174932304;3.2720114724480576
40.4375;38.5714;5.034361174932304;3.2720114724480576
40.375;38.5714;5.034361174932304;3.2720114724480576
40.4375;38.6286;5.034361174932304;3.2720114724480576
40.5;38.7143;5.034361174932304;3.2720114724480576
40.5625;38.7714;5.034361174932304;3.2720114724480576
40.5;38.6286;5.034361174932304;3.2720114724480576
40.5;37.8857;5.034361174932304;3.2720114724480576
40.375;37.8;5.034361174932304;3.2720114724480576
40.0;37.8857;5.034361174932304;3.2720114724480576
39.625;37.9714;5.034361174932304;3.2720114724480576
39.6875;38.1429;5.034361174932304;3.2720114724480576
39.875;38.1143;5.034361174932304;3.2720114724480576
39.9375;38.0857;5.034361174932304;3.2720114724480576
40.0625;38.3429;5.034361174932304;3.2720114724480576
40.0625;38.3143;5.034361174932304;3.2720114724480576
40.125;38.1714;5.034361174932304;3.2720114724480576
40.125;37.8286;5.034361174932304;3.2720114724480576
39.9375;37.2;5.034361174932304;3.2720114724480576
39.6875;36.8286;5.034361174932304;3.2720114724480576
39.3125;36.7143;5.034361174932304;3.2720114724480576
38.875;36.6571;5.034361174932304;3.2720114724480576
38.5;36.4571;5.034361174932304;3.2720114724480576
38.25;36.6286;5.034361174932304;3.2720114724480576
38.125;36.4286;5.034361174932304;3.2720114724480576
38.1875;36.6286;5.034361174932304;3.2720114724480576
38.25;36.5143;5.034361174932304;3.2720114724480576
38.1875;36.3714;5.034361174932304;3.2720114724480576
38.1875;36.1429;5.034361174932304;3.2720114724480576
38.125;36.2286;5.034361174932304;3.2720114724480576
37.9375;36.6;5.034361174932304;3.2720114724480576
37.625;36.5143;5.034361174932304;3.2720114724480576
37.4375;36.3714;5.034361174932304;3.2720114724480576
37.3125;35.9429;5.034361174932304;3.2720114724480576
37.3125;35.8;5.034361174932304;3.2720114724480576
37.3125;35.6857;5.034361174932304;3.2720114724480576
37.5;35.5143;5.034361174932304;3.2720114724480576
37.6875;35.0571;5.034361174932304;3.2720114724480576
37.5625;35.0857;5.034361174932304;3.2720114724480576
37.1875;34.9143;5.034361174932304;3.2720114724480576
36.875;35.0857;5.034361174932304;3.2720114724480576
36.8125;34.8286;5.034361174932304;3.2720114724480576
36.75;34.4571;5.034361174932304;3.2720114724480576
36.625;34.6286;5.034361174932304;3.2720114724480576
36.5;34.5714;5.034361174932304;3.2720114724480576
36.375;34.3143;5.034361174932304;3.2720114724480576
36.3125;34.1714;5.034361174932304;3.2720114724480576
36.1875;34.2;5.034361174932304;3.2720114724480576
36.0625;34.4857;5.034361174932304;3.2720114724480576
36.0;34.3143;5.034361174932304;3.2720114724480576
36.0;33.7429;5.034361174932304;3.2720114724480576
36.0;34.3143;5.034361174932304;3.2720114724480576
35.875;34.1714;5.034361174932304;3.2720114724480576
35.875;33.8571;5.034361174932304;3.2720114724480576
35.9375;33.8571;5.034361174932304;3.2720114724480576
36.0;33.8286;5.034361174932304;3.2720114724480576
35.9375;33.6857;5.034361174932304;3.2720114724480576
35.75;33.5143;5.034361174932304;3.2720114724480576
35.5625;33.2571;5.034361174932304;3.2720114724480576
35.375;33.0286;5.034361174932304;3.2720114724480576
35.3125;32.9714;5.034361174932304;3.2720114724480576
35.1875;32.8857;5.034361174932304;3.2720114724480576
35.125;32.9143;5.034361174932304;3.2720114724480576
35.0625;33.0857;5.034361174932304;3.2720114724480576
35.0;33.1429;5.034361174932304;3.2720114724480576
35.0;33.0857;5.034361174932304;3.2720114724480576
35.0;32.5714;5.034361174932304;3.2720114724480576
35.0;32.6;5.034361174932304;3.2720114724480576
35.0;32.5714;5.034361174932304;3.2720114724480576
34.875;32.5143;5.034361174932304;3.2720114724480576
34.8125;32.5714;5.034361174932304;3.2720114724480576
34.8125;32.3714;5.034361174932304;3.2720114724480576
34.75;32.4286;5.034361174932304;3.2720114724480576
34.6875;32.3714;5.034361174932304;3.2720114724480576
34.625;32.5714;5.034361174932304;3.2720114724480576
34.5;31.8857;5.034361174932304;3.2720114724480576
34.5;31.6857;5.034361174932304;3.2720114724480576
34.3125;31.9143;5.034361174932304;3.2720114724480576
33.9375;32.1143;5.034361174932304;3.2720114724480576
33.625;31.9143;5.034361174932304;3.2720114724480576
33.625;31.7714;5.034361174932304;3.2720114724480576
33.8125;31.5143;5.034361174932304;3.2720114724480576
33.8125;30.9714;5.034361174932304;3.2720114724480576
33.5625;30.8571;5.034361174932304;3.2720114724480576
33.125;31.2857;5.034361174932304;3.2720114724480576
32.75;30.8286;5.034361174932304;3.2720114724480576
32.5;30.8857;5.034361174932304;3.2720114724480576
32.375;30.9429;5.034361174932304;3.2720114724480576
32.375;31.1714;5.034361174932304;3.2720114724480576
32.3125;31.1429;5.034361174932304;3.2720114724480576
32.375;30.9714;5.034361174932304;3.2720114724480576
32.5625;31.1429;5.034361174932304;3.2720114724480576
32.5625;30.9429;5.034361174932304;3.2720114724480576
32.5625;30.7143;5.034361174932304;3.2720114724480576
32.5;30.4857;5.034361174932304;3.2720114724480576
32.4375;30.7429;5.034361174932304;3.2720114724480576
32.375;30.2857;5.034361174932304;3.2720114724480576
32.3125;30.0;5.034361174932304;3.2720114724480576
32.3125;30.0571;5.034361174932304;3.2720114724480576
32.3125;29.9143;5.034361174932304;3.2720114724480576
32.375;29.5143;5.034361174932304;3.2720114724480576
32.4375;29.5429;5.034361174932304;3.2720114724480576
32.1875;29.8;5.034361174932304;3.2720114724480576
31.6875;29.7143;5.034361174932304;3.2720114724480576
31.3125;29.5429;5.034361174932304;3.2720114724480576
31.1875;29.4;5.034361174932304;3.2720114724480576
31.1875;29.0286;5.034361174932304;3.2720114724480576
31.125;29.1143;5.034361174932304;3.2720114724480576
31.0;28.8;5.034361174932304;3.2720114724480576
30.8125;28.6286;5.034361174932304;3.2720114724480576
30.5;28.6286;5.034361174932304;3.2720114724480576
30.4375;28.5714;5.034361174932304;3.2720114724480576
30.3125;28.6857;5.034361174932304;3.2720114724480576
30.1875;28.2286;5.034361174932304;3.2720114724480576
30.125;28.4571;5.034361174932304;3.2720114724480576
30.0;28.3429;5.034361174932304;3.2720114724480576
29.8125;28.3143;5.034361174932304;3.2720114724480576
29.6875;28.2286;5.034361174932304;3.2720114724480576
29.75;28.1714;5.034361174932304;3.2720114724480576
29.875;28.2857;5.034361174932304;3.2720114724480576
29.9375;27.7714;5.034361174932304;3.2720114724480576
29.875;28.2;5.034361174932304;3.2720114724480576
29.75;28.2;5.034361174932304;3.2720114724480576
29.75;28.1143;5.034361174932304;3.2720114724480576
29.8125;28.1714;5.034361174932304;3.2720114724480576
29.8125;28.0286;5.034361174932304;3.2720114724480576
29.6875;28.0286;5.034361174932304;3.2720114724480576
29.625;27.8;5.034361174932304;3.2720114724480576
29.5625;27.7429;5.034361174932304;3.2720114724480576
29.5;27.7429;5.034361174932304;3.2720114724480576
29.5;27.6571;5.034361174932304;3.2720114724480576
29.5;27.2857;5.034361174932304;3.2720114724480576
29.5625;26.9143;5.034361174932304;3.2720114724480576
29.4375;26.6857;5.034361174932304;3.2720114724480576
29.125;26.9143;5.034361174932304;3.2720114724480576
28.75;26.7429;5.034361174932304;3.2720114724480576
28.3125;26.9714;5.034361174932304;3.2720114724480576
28.0;26.6;5.034361174932304;3.2720114724480576
28.0;26.4571;5.034361174932304;3.2720114724480576
28.1875;26.2286;5.034361174932304;3.2720114724480576
28.3125;26.4;5.034361174932304;3.2720114724480576
28.3125;26.2571;5.034361174932304;3.2720114724480576
28.0625;26.0;5.034361174932304;3.2720114724480576
27.8125;25.9429;5.034361174932304;3.2720114724480576
27.625;25.9429;5.034361174932304;3.2720114724480576
27.5;25.8;5.034361174932304;3.2720114724480576
27.375;25.8286;5.034361174932304;3.2720114724480576
27.25;25.7429;5.034361174932304;3.2720114724480576
27.1875;25.6;5.034361174932304;3.2720114724480576
27.25;25.5143;5.034361174932304;3.2720114724480576
27.3125;25.4857;5.034361174932304;3.2720114724480576
27.25;25.6286;5.034361174932304;3.2720114724480576
27.1875;25.2286;5.034361174932304;3.2720114724480576
27.0;25.3429;5.034361174932304;3.2720114724480576
26.8125;25.3429;5.034361174932304;3.2720114724480576
26.75;25.0857;5.034361174932304;3.2720114724480576
26.75;24.9429;5.034361174932304;3.2720114724480576
26.6875;24.9143;5.034361174932304;3.2720114724480576
26.625;24.9714;5.034361174932304;3.2720114724480576
26.6875;24.9429;5.034361174932304;3.2720114724480576
26.75;24.9143;5.034361174932304;3.2720114724480576
26.75;24.8571;5.034361174932304;3.2720114724480576
26.8125;25.0;5.034361174932304;3.2720114724480576
26.8125;24.9714;5.034361174932304;3.2720114724480576
26.75;24.8286;5.034361174932304;3.2720114724480576
26.625;24.6571;5.034361174932304;3.2720114724480576
26.375;24.7143;5.034361174932304;3.2720114724480576
26.1875;24.5714;5.034361174932304;3.2720114724480576
26.0625;24.4571;5.034361174932304;3.2720114724480576
25.9375;24.2286;5.034361174932304;3.2720114724480576
25.8125;24.1429;5.034361174932304;3.2720114724480576
25.625;24.3429;5.034361174932304;3.2720114724480576
25.4375;23.9714;5.034361174932304;3.2720114724480576
25.4375;23.9143;5.034361174932304;3.2720114724480576
25.4375;23.7143;5.034361174932304;3.2720114724480576
25.375;23.9429;5.034361174932304;3.2720114724480576
25.375;23.6;5.034361174932304;3.2720114724480576
25.1875;23.4;5.034361174932304;3.2720114724480576
25.0625;23.2571;5.034361174932304;3.2720114724480576
24.9375;23.4571;5.034361174932304;3.2720114724480576
24.8125;23.3143;5.034361174932304;3.2720114724480576
24.75;23.2;5.034361174932304;3.2720114724480576
24.6875;23.3429;5.034361174932304;3.2720114724480576
24.5625;23.3714;5.034361174932304;3.2720114724480576
24.5;23.1714;5.034361174932304;3.2720114724480576
24.4375;23.2857;5.034361174932304;3.2720114724480576
24.5;23.0571;5.034361174932304;3.2720114724480576
24.5;22.8857;5.034361174932304;3.2720114724480576
24.4375;22.8571;5.034361174932304;3.2720114724480576
24.3125;22.8;5.034361174932304;3.2720114724480576
24.25;22.5429;5.034361174932304;3.2720114724480576
24.1875;22.5143;5.034361174932304;3.2720114724480576
24.125;22.6;5.034361174932304;3.2720114724480576
24.125;22.5429;5.034361174932304;3.2720114724480576
24.125;22.4857;5.034361174932304;3.2720114724480576
24.125;22.4;5.034361174932304;3.2720114724480576
24.125;22.4857;5.034361174932304;3.2720114724480576
24.0625;22.4;5.034361174932304;3.2720114724480576
23.875;22.2571;5.034361174932304;3.2720114724480576
23.6875;22.2571;5.034361174932304;3.2720114724480576
23.625;22.0857;5.034361174932304;3.2720114724480576
23.5;22.2;5.034361174932304;3.2720114724480576
23.4375;22.1714;5.034361174932304;3.2720114724480576
23.375;22.1714;5.034361174932304;3.2720114724480576
23.3125;22.2286;5.034361174932304;3.2720114724480576
23.3125;22.0571;5.034361174932304;3.2720114724480576
23.3125;21.7143;5.034361174932304;3.2720114724480576
23.1875;21.6;5.034361174932304;3.2720114724480576
23.0625;21.5714;5.034361174932304;3.2720114724480576
22.9375;21.2857;5.034361174932304;3.2720114724480576
22.6875;21.3143;5.034361174932304;3.2720114724480576
22.5625;21.4571;5.034361174932304;3.2720114724480576
22.5625;21.1143;5.034361174932304;3.2720114724480576
22.5;21.0571;5.034361174932304;3.2720114724480576
22.375;21.1714;5.034361174932304;3.2720114724480576
22.3125;21.2857;5.034361174932304;3.2720114724480576
22.25;20.9714;5.034361174932304;3.2720114724480576
22.1875;21.0857;5.034361174932304;3.2720114724480576
22.25;20.9714;5.034361174932304;3.2720114724480576
22.25;20.7429;5.034361174932304;3.2720114724480576
22.1875;20.8;5.034361174932304;3.2720114724480576
22.125;20.5714;5.034361174932304;3.2720114724480576
22.0625;20.4286;5.034361174932304;3.2720114724480576
21.875;20.7429;5.034361174932304;3.2720114724480576
21.75;20.5429;5.034361174932304;3.2720114724480576
21.6875;20.5143;5.034361174932304;3.2720114724480576
21.6875;20.5429;5.034361174932304;3.2720114724480576
21.6875;20.2;5.034361174932304;3.2720114724480576
21.6875;20.1429;5.034361174932304;3.2720114724480576
21.5625;20.1429;5.034361174932304;3.2720114724480576
21.4375;19.9143;5.034361174932304;3.2720114724480576
21.375;20.0857;5.034361174932304;3.2720114724480576
21.3125;19.8286;5.034361174932304;3.2720114724480576
21.125;19.7714;5.034361174932304;3.2720114724480576
20.9375;19.8286;5.034361174932304;3.2720114724480576
20.875;19.6;5.034361174932304;3.2720114724480576
20.8125;19.7714;5.034361174932304;3.2720114724480576
20.75;19.6857;5.034361174932304;3.2720114724480576
20.8125;19.4857;5.034361174932304;3.2720114724480576
20.75;19.4286;5.034361174932304;3.2720114724480576
20.6875;19.3429;5.034361174932304;3.2720114724480576
20.625;19.2;5.034361174932304;3.2720114724480576
20.5;19.2;5.034361174932304;3.2720114724480576
20.4375;19.1429;5.034361174932304;3.2720114724480576
20.375;19.2286;5.034361174932304;3.2720114724480576
20.375;18.9714;5.034361174932304;3.2720114724480576
20.3125;19.0;5.034361174932304;3.2720114724480576
20.375;18.9429;5.034361174932304;3.2720114724480576
20.3125;18.6857;5.034361174932304;3.2720114724480576
20.1875;18.8;5.034361174932304;3.2720114724480576
20.0625;18.8286;5.034361174932304;3.2720114724480576
20.0;18.6286;5.034361174932304;3.2720114724480576
19.9375;18.6857;5.034361174932304;3.2720114724480576
19.875;18.4286;5.034361174932304;3.2720114724480576
19.875;18.3714;5.034361174932304;3.2720114724480576
19.875;18.3429;5.034361174932304;3.2720114724480576
19.8125;18.2571;5.034361174932304;3.2720114724480576
19.8125;18.3714;5.034361174932304;3.2720114724480576
19.8125;18.1143;5.034361174932304;3.2720114724480576
19.8125;18.0857;5.034361174932304;3.2720114724480576
19.8125;17.9143;5.034361174932304;3.2720114724480576
19.75;18.0286;5.034361174932304;3.2720114724480576
19.5;18.0286;5.034361174932304;3.2720114724480576
19.1875;17.9714;5.034361174932304;3.2720114724480576
19.0;17.9429;5.034361174932304;3.2720114724480576
19.0;17.6571;5.034361174932304;3.2720114724480576
18.9375;17.5429;5.034361174932304;3.2720114724480576
18.875;17.6286;5.034361174932304;3.2720114724480576
18.875;17.4571;5.034361174932304;3.2720114724480576
18.75;17.4571;5.034361174932304;3.2720114724480576
18.6875;17.3429;5.034361174932304;3.2720114724480576
18.5625;17.3714;5.034361174932304;3.2720114724480576
18.4375;17.3429;5.034361174932304;3.2720114724480576
18.3125;17.3429;5.034361174932304;3.2720114724480576
18.3125;17.1429;5.034361174932304;3.2720114724480576
18.375;17.1714;5.034361174932304;3.2720114724480576
18.375;17.0571;5.034361174932304;3.2720114724480576
18.25;17.0286;5.034361174932304;3.2720114724480576
18.0625;16.9714;5.034361174932304;3.2720114724480576
17.875;16.7429;5.034361174932304;3.2720114724480576
17.8125;16.6857;5.034361174932304;3.2720114724480576
17.75;16.6571;5.034361174932304;3.2720114724480576
17.6875;16.6857;5.034361174932304;3.2720114724480576
17.6875;16.5714;5.034361174932304;3.2720114724480576
17.625;16.5714;5.034361174932304;3.2720114724480576
17.5625;16.4286;5.034361174932304;3.2720114724480576
17.5;16.4286;5.034361174932304;3.2720114724480576
17.4375;16.3429;5.034361174932304;3.2720114724480576
17.4375;16.2286;5.034361174932304;3.2720114724480576
17.375;16.3143;5.034361174932304;3.2720114724480576
17.375;16.2286;5.034361174932304;3.2720114724480576
17.375;16.1429;5.034361174932304;3.2720114724480576
17.4375;16.0571;5.034361174932304;3.2720114724480576
17.375;15.8857;5.034361174932304;3.2720114724480576
17.25;15.8571;5.034361174932304;3.2720114724480576
17.0;15.9714;5.034361174932304;3.2720114724480576
16.8125;15.9429;5.034361174932304;3.2720114724480576
16.75;15.8857;5.034361174932304;3.2720114724480576
16.75;15.7143;5.034361174932304;3.2720114724480576
16.75;15.6857;5.034361174932304;3.2720114724480576
16.75;15.6571;5.034361174932304;3.2720114724480576
16.6875;15.7429;5.034361174932304;3.2720114724480576
16.5625;15.6286;5.034361174932304;3.2720114724480576
16.5;15.7143;5.034361174932304;3.2720114724480576
16.5625;15.4857;5.034361174932304;3.2720114724480576
16.625;15.3714;5.034361174932304;3.2720114724480576
16.5625;15.1429;5.034361174932304;3.2720114724480576
16.4375;15.0571;5.034361174932304;3.2720114724480576
16.3125;15.0571;5.034361174932304;3.2720114724480576
16.1875;14.9714;5.034361174932304;3.2720114724480576
16.1875;14.9429;5.034361174932304;3.2720114724480576
16.125;14.8857;5.034361174932304;3.2720114724480576
16.0;14.6857;5.034361174932304;3.2720114724480576
15.9375;14.6857;5.034361174932304;3.2720114724480576
15.875;14.6857;5.034361174932304;3.2720114724480576
15.75;14.6857;5.034361174932304;3.2720114724480576
15.6875;14.6;5.034361174932304;3.2720114724480576
15.6875;14.5429;5.034361174932304;3.2720114724480576
15.625;14.4571;5.034361174932304;3.2720114724480576
15.4375;14.4857;5.034361174932304;3.2720114724480576
15.3125;14.3429;5.034361174932304;3.2720114724480576
15.25;14.2857;5.034361174932304;3.2720114724480576
15.25;14.1714;5.034361174932304;3.2720114724480576
15.25;14.1143;5.034361174932304;3.2720114724480576
15.3125;14.0286;5.034361174932304;3.2720114724480576
15.375;14.0286;5.034361174932304;3.2720114724480576
15.375;14.0286;5.034361174932304;3.2720114724480576
15.25;14.0;5.034361174932304;3.2720114724480576
15.125;13.9143;5.034361174932304;3.2720114724480576
15.0625;13.8857;5.034361174932304;3.2720114724480576
15.0;13.8286;5.034361174932304;3.2720114724480576
15.0;13.6571;5.034361174932304;3.2720114724480576
14.875;13.5714;5.034361174932304;3.2720114724480576
14.8125;13.5143;5.034361174932304;3.2720114724480576
14.75;13.5143;5.034361174932304;3.2720114724480576
14.6875;13.4;5.034361174932304;3.2720114724480576
14.5;13.4857;5.034361174932304;3.2720114724480576
14.4375;13.4571;5.034361174932304;3.2720114724480576
14.4375;13.4571;5.034361174932304;3.2720114724480576
14.4375;13.3429;5.034361174932304;3.2720114724480576
14.5;13.1429;5.034361174932304;3.2720114724480576
14.4375;13.0571;5.034361174932304;3.2720114724480576
14.4375;13.0286;5.034361174932304;3.2720114724480576
14.5;13.0286;5.034361174932304;3.2720114724480576
14.375;12.9714;5.034361174932304;3.2720114724480576
14.1875;12.8286;5.034361174932304;3.2720114724480576
14.0;12.8571;5.034361174932304;3.2720114724480576
13.9375;12.8;5.034361174932304;3.2720114724480576
13.8125;12.7143;5.034361174932304;3.2720114724480576
13.6875;12.6286;5.034361174932304;3.2720114724480576
13.625;12.6857;5.034361174932304;3.2720114724480576
13.5625;12.6286;5.034361174932304;3.2720114724480576
13.5;12.5143;5.034361174932304;3.2720114724480576
13.5;12.4857;5.034361174932304;3.2720114724480576
13.5;12.4571;5.034361174932304;3.2720114724480576
13.5;12.4286;5.034361174932304;3.2720114724480576
13.5625;12.4;5.034361174932304;3.2720114724480576
13.6875;12.2571;5.034361174932304;3.2720114724480576
13.6875;12.2857;5.034361174932304;3.2720114724480576
13.5;12.2286;5.034361174932304;3.2720114724480576
13.3125;12.1143;5.034361174932304;3.2720114724480576
13.125;12.1143;5.034361174932304;3.2720114724480576
13.0625;12.1143;5.034361174932304;3.2720114724480576
13.0;12.0;5.034361174932304;3.2720114724480576
12.9375;11.9429;5.034361174932304;3.2720114724480576
12.875;11.9714;5.034361174932304;3.2720114724480576
12.8125;11.9143;5.034361174932304;3.2720114724480576
12.75;11.8286;5.034361174932304;3.2720114724480576
12.6875;11.7429;5.034361174932304;3.2720114724480576
12.6875;11.7143;5.034361174932304;3.2720114724480576
12.6875;11.6286;5.034361174932304;3.2720114724480576
12.6875;11.4571;5.034361174932304;3.2720114724480576
12.75;11.6;5.034361174932304;3.2720114724480576
12.625;11.4286;5.034361174932304;3.2720114724480576
12.4375;11.4;5.034361174932304;3.2720114724480576
12.4375;11.3714;5.034361174932304;3.2720114724480576
12.5625;11.2571;5.034361174932304;3.2720114724480576
12.5625;11.2;5.034361174932304;3.2720114724480576
12.5;11.0857;5.034361174932304;3.2720114724480576
12.375;11.1429;5.034361174932304;3.2720114724480576
12.25;11.0571;5.034361174932304;3.2720114724480576
12.0625;11.0857;5.034361174932304;3.2720114724480576
11.9375;10.9429;5.034361174932304;3.2720114724480576
11.875;10.8571;5.034361174932304;3.2720114724480576
11.8125;10.8571;5.034361174932304;3.2720114724480576
11.8125;10.7143;5.034361174932304;3.2720114724480576
11.8125;10.6857;5.034361174932304;3.2720114724480576
11.8125;10.6857;5.034361174932304;3.2720114724480576
11.875;10.6;5.034361174932304;3.2720114724480576
11.9375;10.6286;5.034361174932304;3.2720114724480576
11.8125;10.5714;5.034361174932304;3.2720114724480576
11.625;10.5429;5.034361174932304;3.2720114724480576
11.5;10.5143;5.034361174932304;3.2720114724480576
11.375;10.4286;5.034361174932304;3.2720114724480576
11.3125;10.3714;5.034361174932304;3.2720114724480576
11.25;10.3429;5.034361174932304;3.2720114724480576
11.25;10.3714;5.034361174932304;3.2720114724480576
11.25;10.2571;5.034361174932304;3.2720114724480576
11.3125;10.2286;5.034361174932304;3.2720114724480576
11.3125;10.1429;5.034361174932304;3.2720114724480576
11.3125;10.1429;5.034361174932304;3.2720114724480576
11.3125;10.0;5.034361174932304;3.2720114724480576
11.25;9.9714;5.034361174932304;3.2720114724480576
11.1875;9.9429;5.034361174932304;3.2720114724480576
11.125;9.8286;5.034361174932304;3.2720114724480576
11.0625;9.8286;5.034361174932304;3.2720114724480576
11.0625;9.7714;5.034361174932304;3.2720114724480576
11.0625;9.7429;5.034361174932304;3.2720114724480576
11.0;9.6857;5.034361174932304;3.2720114724480576
10.9375;9.7429;5.034361174932304;3.2720114724480576
10.875;9.6286;5.034361174932304;3.2720114724480576
10.8125;9.6;5.034361174932304;3.2720114724480576
10.75;9.5429;5.034361174932304;3.2720114724480576
10.6875;9.5143;5.034361174932304;3.2720114724480576
10.5;9.4;5.034361174932304;3.2720114724480576
10.3125;9.4;5.034361174932304;3.2720114724480576
10.1875;9.2857;5.034361174932304;3.2720114724480576
10.125;9.2286;5.034361174932304;3.2720114724480576
10.125;9.2286;5.034361174932304;3.2720114724480576
10.125;9.1143;5.034361174932304;3.2720114724480576
10.1875;9.1143;5.034361174932304;3.2720114724480576
10.3125;9.0571;5.034361174932304;3.2720114724480576
10.3125;8.9714;5.034361174932304;3.2720114724480576
10.375;8.9714;5.034361174932304;3.2720114724480576
10.375;9.0;5.034361174932304;3.2720114724480576
10.3125;8.9143;5.034361174932304;3.2720114724480576
10.25;8.8857;5.034361174932304;3.2720114724480576
10.25;8.8857;5.034361174932304;3.2720114724480576
10.125;8.7714;5.034361174932304;3.2720114724480576
10.0;8.7714;5.034361174932304;3.2720114724480576
9.9375;8.6857;5.034361174932304;3.2720114724480576
9.9375;8.6286;5.034361174932304;3.2720114724480576
9.9375;8.5429;5.034361174932304;3.2720114724480576
9.9375;8.4571;5.034361174932304;3.2720114724480576
9.9375;8.4857;5.034361174932304;3.2720114724480576
9.875;8.3714;5.034361174932304;3.2720114724480576
9.75;8.3714;5.034361174932304;3.2720114724480576
9.6875;8.3143;5.034361174932304;3.2720114724480576
9.6875;8.2571;5.034361174932304;3.2720114724480576
9.75;8.2571;5.034361174932304;3.2720114724480576
9.6875;8.1714;5.034361174932304;3.2720114724480576
9.625;8.1429;5.034361174932304;3.2720114724480576
9.5625;8.0571;5.034361174932304;3.2720114724480576
9.5;8.0571;5.034361174932304;3.2720114724480576
9.5;8.0;5.034361174932304;3.2720114724480576
9.4375;7.9429;5.034361174932304;3.2720114724480576
9.375;7.9143;5.034361174932304;3.2720114724480576
9.375;7.8857;5.034361174932304;3.2720114724480576
9.3125;7.8;5.034361174932304;3.2720114724480576
9.3125;7.7143;5.034361174932304;3.2720114724480576
9.3125;7.6857;5.034361174932304;3.2720114724480576
9.3125;7.6571;5.034361174932304;3.2720114724480576
9.3125;7.6286;5.034361174932304;3.2720114724480576
9.3125;7.6;5.034361174932304;3.2720114724480576
9.25;7.5143;5.034361174932304;3.2720114724480576
9.125;7.4857;5.034361174932304;3.2720114724480576
9.0;7.4286;5.034361174932304;3.2720114724480576
8.9375;7.4;5.034361174932304;3.2720114724480576
8.9375;7.3143;5.034361174932304;3.2720114724480576
9.0;7.3143;5.034361174932304;3.2720114724480576
9.0;7.2286;5.034361174932304;3.2720114724480576
8.875;7.2;5.034361174932304;3.2720114724480576
8.6875;7.2;5.034361174932304;3.2720114724480576
8.5625;7.1429;5.034361174932304;3.2720114724480576
8.5625;7.1429;5.034361174932304;3.2720114724480576
8.625;7.0857;5.034361174932304;3.2720114724480576
8.625;7.0;5.034361174932304;3.2720114724480576
8.625;6.9429;5.034361174932304;3.2720114724480576
8.5625;6.9143;5.034361174932304;3.2720114724480576
8.4375;6.8286;5.034361174932304;3.2720114724480576
8.375;6.8286;5.034361174932304;3.2720114724480576
8.25;6.7714;5.034361174932304;3.2720114724480576
8.0625;6.8;5.034361174932304;3.2720114724480576
7.8125;6.7429;5.034361174932304;3.2720114724480576
7.5625;6.6857;5.034361174932304;3.2720114724480576
7.4375;6.6571;5.034361174932304;3.2720114724480576
7.5625;6.6;5.034361174932304;3.2720114724480576
7.6875;6.5714;5.034361174932304;3.2720114724480576
7.8125;6.5143;5.034361174932304;3.2720114724480576
8.0;6.5429;5.034361174932304;3.2720114724480576
8.125;6.4571;5.034361174932304;3.2720114724480576
8.1875;6.3714;5.034361174932304;3.2720114724480576
8.1875;6.3714;5.034361174932304;3.2720114724480576
8.1875;6.3429;5.034361174932304;3.2720114724480576
8.25;6.2286;5.034361174932304;3.2720114724480576
8.125;6.2571;5.034361174932304;3.2720114724480576
7.75;6.1714;5.034361174932304;3.2720114724480576
7.3125;6.1429;5.034361174932304;3.2720114724480576
7.25;6.0857;5.034361174932304;3.2720114724480576
7.25;6.1429;5.034361174932304;3.2720114724480576
7.1875;6.0857;5.034361174932304;3.2720114724480576
7.0625;6.0286;5.034361174932304;3.2720114724480576
6.9375;5.9429;5.034361174932304;3.2720114724480576
6.8125;5.9143;5.034361174932304;3.2720114724480576
6.75;5.8857;5.034361174932304;3.2720114724480576
6.625;5.8286;5.034361174932304;3.2720114724480576
6.5625;5.8;5.034361174932304;3.2720114724480576
6.5625;5.7429;5.034361174932304;3.2720114724480576
6.5;5.7429;5.034361174932304;3.2720114724480576
6.375;5.6286;5.034361174932304;3.2720114724480576
6.25;5.6;5.034361174932304;3.2720114724480576
6.1875;5.6;5.034361174932304;3.2720114724480576
6.1875;5.5429;5.034361174932304;3.2720114724480576
6.0625;5.5143;5.034361174932304;3.2720114724480576
6.0;5.4286;5.034361174932304;3.2720114724480576
6.0;5.4;5.034361174932304;3.2720114724480576
6.0;5.3714;5.034361174932304;3.2720114724480576
6.1875;5.3714;5.034361174932304;3.2720114724480576
6.375;5.2571;5.034361174932304;3.2720114724480576
6.375;5.2571;5.034361174932304;3.2720114724480576
6.1875;5.2286;5.034361174932304;3.2720114724480576
6.0625;5.1714;5.034361174932304;3.2720114724480576
5.9375;5.1429;5.034361174932304;3.2720114724480576
5.875;5.1714;5.034361174932304;3.2720114724480576
5.875;5.0857;5.034361174932304;3.2720114724480576
5.875;5.0857;5.034361174932304;3.2720114724480576
5.875;5.0;5.034361174932304;3.2720114724480576
5.875;4.9143;5.034361174932304;3.2720114724480576
5.875;4.8571;5.034361174932304;3.2720114724480576
5.75;4.8286;5.034361174932304;3.2720114724480576
5.5625;4.8286;5.034361174932304;3.2720114724480576
5.375;4.8286;5.034361174932304;3.2720114724480576
5.3125;4.7714;5.034361174932304;3.2720114724480576
5.5;4.7714;5.034361174932304;3.2720114724480576
5.5625;4.6857;5.034361174932304;3.2720114724480576
5.375;4.6857;5.034361174932304;3.2720114724480576
5.3125;4.6571;5.034361174932304;3.2720114724480576
5.125;4.6;5.034361174932304;3.2720114724480576
5.0;4.5429;5.034361174932304;3.2720114724480576
4.9375;4.4571;5.034361174932304;3.2720114724480576
4.9375;4.4286;5.034361174932304;3.2720114724480576
4.875;4.3429;5.034361174932304;3.2720114724480576
4.9375;4.3714;5.034361174932304;3.2720114724480576
5.0;4.3714;5.034361174932304;3.2720114724480576
5.0;4.3143;5.034361174932304;3.2720114724480576
4.8125;4.2571;5.034361174932304;3.2720114724480576
4.625;4.2857;5.034361174932304;3.2720114724480576
4.5625;4.2;5.034361174932304;3.2720114724480576
4.625;4.1714;5.034361174932304;3.2720114724480576
4.625;4.1429;5.034361174932304;3.2720114724480576
4.5625;4.1143;5.034361174932304;3.2720114724480576
4.4375;4.0286;5.034361174932304;3.2720114724480576
4.3125;4.0571;5.034361174932304;3.2720114724480576
4.25;4.0;5.034361174932304;3.2720114724480576
4.25;3.9714;5.034361174932304;3.2720114724480576
4.25;3.9143;5.034361174932304;3.2720114724480576
4.25;3.9429;5.034361174932304;3.2720114724480576
4.25;3.8571;5.034361174932304;3.2720114724480576
4.3125;3.8286;5.034361174932304;3.2720114724480576
4.375;3.8;5.034361174932304;3.2720114724480576
4.5;3.7429;5.034361174932304;3.2720114724480576
4.375;3.6857;5.034361174932304;3.2720114724480576
4.1875;3.6857;5.034361174932304;3.2720114724480576
4.1875;3.6571;5.034361174932304;3.2720114724480576
4.1875;3.6;5.034361174932304;3.2720114724480576
4.125;3.6;5.034361174932304;3.2720114724480576
3.9375;3.6;5.034361174932304;3.2720114724480576
3.875;3.4857;5.034361174932304;3.2720114724480576
3.75;3.5143;5.034361174932304;3.2720114724480576
3.5;3.4857;5.034361174932304;3.2720114724480576
3.3125;3.4286;5.034361174932304;3.2720114724480576
3.375;3.4;5.034361174932304;3.2720114724480576
3.5625;3.3714;5.034361174932304;3.2720114724480576
3.8125;3.3143;5.034361174932304;3.2720114724480576
3.9375;3.3143;5.034361174932304;3.2720114724480576
4.0;3.2286;5.034361174932304;3.2720114724480576
3.9375;3.1714;5.034361174932304;3.2720114724480576
3.75;3.2286;5.034361174932304;3.2720114724480576
3.375;3.1429;5.034361174932304;3.2720114724480576
2.8125;3.0857;5.034361174932304;3.2720114724480576
2.75;3.0857;5.034361174932304;3.2720114724480576
3.125;3.0571;5.034361174932304;3.2720114724480576
3.4375;2.9714;5.034361174932304;3.2720114724480576
3.625;2.9714;5.034361174932304;3.2720114724480576
3.625;2.9714;5.034361174932304;3.2720114724480576
3.625;2.8857;5.034361174932304;3.2720114724480576
3.625;2.8857;5.034361174932304;3.2720114724480576
3.625;2.8286;5.034361174932304;3.2720114724480576
3.5625;2.8286;5.034361174932304;3.2720114724480576
3.5625;2.8;5.034361174932304;3.2720114724480576
3.5625;2.8286;5.034361174932304;3.2720114724480576
3.25;2.7714;5.034361174932304;3.2720114724480576
2.5;2.7143;5.034361174932304;3.2720114724480576
2.0625;2.7143;5.034361174932304;3.2720114724480576
1.9375;2.6;5.034361174932304;3.2720114724480576
1.4375;2.6571;5.034361174932304;3.2720114724480576
0.9375;2.5714;5.034361174932304;3.2720114724480576
1.25;2.5714;5.034361174932304;3.2720114724480576
2.0;2.5143;5.034361174932304;3.2720114724480576
2.625;2.4571;5.034361174932304;3.2720114724480576
2.875;2.3714;5.034361174932304;3.2720114724480576
2.625;2.4286;5.034361174932304;3.2720114724480576
1.9375;2.3429;5.034361174932304;3.2720114724480576
1.3125;2.3714;5.034361174932304;3.2720114724480576
1.0625;2.3429;5.034361174932304;3.2720114724480576
1.0;2.3429;5.034361174932304;3.2720114724480576
1.0625;2.3143;5.034361174932304;3.2720114724480576
1.125;2.2857;5.034361174932304;3.2720114724480576
1.0625;2.2571;5.034361174932304;3.2720114724480576
0.8125;2.2286;5.034361174932304;3.2720114724480576
0.5625;2.1429;5.034361174932304;3.2720114724480576
0.375;2.0857;5.034361174932304;3.2720114724480576
0.5625;2.1429;5.034361174932304;3.2720114724480576
1.25;2.0857;5.034361174932304;3.2720114724480576
2.1875;2.0;5.034361174932304;3.2720114724480576
2.875;2.0286;5.034361174932304;3.2720114724480576
3.0;1.9714;5.034361174932304;3.2720114724480576
2.8125;1.9429;5.034361174932304;3.2720114724480576
2.5625;1.9143;5.034361174932304;3.2720114724480576
2.375;1.9429;5.034361174932304;3.2720114724480576
2.3125;1.8571;5.034361174932304;3.2720114724480576
2.125;1.8571;5.034361174932304;3.2720114724480576
1.625;1.8286;5.034361174932304;3.2720114724480576
1.0625;1.7714;5.034361174932304;3.2720114724480576
0.8125;1.8;5.034361174932304;3.2720114724480576
0.5625;1.7143;5.034361174932304;3.2720114724480576
0.25;1.7143;5.034361174932304;3.2720114724480576
0.0;1.6857;5.034361174932304;3.2720114724480576
0.25;1.6;5.034361174932304;3.2720114724480576
0.8125;1.7143;5.034361174932304;3.2720114724480576
1.25;1.6857;5.034361174932304;3.2720114724480576
1.4375;1.6286;5.034361174932304;3.2720114724480576
1.3125;1.6;5.034361174932304;3.2720114724480576
1.1875;1.5143;5.034361174932304;3.2720114724480576
1.125;1.5714;5.034361174932304;3.2720114724480576
1.125;1.5429;5.034361174932304;3.2720114724480576
1.375;1.4571;5.034361174932304;3.2720114724480576
1.3125;1.3714;5.034361174932304;3.2720114724480576
1.25;1.4286;5.034361174932304;3.2720114724480576
1.5625;1.3714;5.034361174932304;3.2720114724480576
1.8125;1.3714;5.034361174932304;3.2720114724480576
1.4375;1.3143;5.034361174932304;3.2720114724480576
0.9375;1.3714;5.034361174932304;3.2720114724480576
0.75;1.3714;5.034361174932304;3.2720114724480576
0.9375;1.1714;5.034361174932304;3.2720114724480576
0.875;1.2;5.034361174932304;3.2720114724480576
0.4375;1.1714;5.034361174932304;3.2720114724480576
-0.25;1.1429;5.034361174932304;3.2720114724480576
-1.1875;1.1714;5.034361174932304;3.2720114724480576
-1.9375;1.1143;5.034361174932304;3.2720114724480576
-2.3125;1.0857;5.034361174932304;3.2720114724480576
-2.4375;1.1143;5.034361174932304;3.2720114724480576
-2.4375;1.1143;5.034361174932304;3.2720114724480576
-2.1875;1.0571;5.034361174932304;3.2720114724480576
-1.625;1.0857;5.034361174932304;3.2720114724480576
-0.9375;1.0;5.034361174932304;3.2720114724480576
-0.3125;0.9143;5.034361174932304;3.2720114724480576
-0.0625;1.0;5.034361174932304;3.2720114724480576
0.0;0.8857;5.034361174932304;3.2720114724480576
0.1875;0.9143;5.034361174932304;3.2720114724480576
0.3125;0.9143;5.034361174932304;3.2720114724480576
0.1875;0.8857;5.034361174932304;3.2720114724480576
0.125;0.9143;5.034361174932304;3.2720114724480576
0.4375;0.9143;5.034361174932304;3.2720114724480576
1.0;0.8857;5.034361174932304;3.2720114724480576
1.125;0.8286;5.034361174932304;3.2720114724480576
0.8125;0.7714;5.034361174932304;3.2720114724480576
0.375;0.7429;5.034361174932304;3.2720114724480576
0.125;0.6857;5.034361174932304;3.2720114724480576
0.0;0.7429;5.034361174932304;3.2720114724480576
0.125;0.7429;5.034361174932304;3.2720114724480576
0.25;0.6571;5.034361174932304;3.2720114724480576
0.25;0.6;5.034361174932304;3.2720114724480576
0.1875;0.6;5.034361174932304;3.2720114724480576
0.0625;0.6286;5.034361174932304;3.2720114724480576
0.0;0.6571;5.034361174932304;3.2720114724480576
0.0;0.5714;5.034361174932304;3.2720114724480576
0.0;0.5714;5.034361174932304;3.2720114724480576
0.125;0.5714;5.034361174932304;3.2720114724480576
0.4375;0.4857;5.034361174932304;3.2720114724480576
0.25;0.5429;5.034361174932304;3.2720114724480576
-0.25;0.6;5.034361174932304;3.2720114724480576
-0.6875;0.5429;5.034361174932304;3.2720114724480576
-1.0;0.4857;5.034361174932304;3.2720114724480576
-1.0625;0.5143;5.034361174932304;3.2720114724480576
-0.9375;0.4;5.034361174932304;3.2720114724480576
-0.625;0.5429;5.034361174932304;3.2720114724480576
-0.25;0.4;5.034361174932304;3.2720114724480576
0.0;0.3714;5.034361174932304;3.2720114724480576
0.0;0.5429;5.034361174932304;3.2720114724480576
0.0;0.3714;5.034361174932304;3.2720114724480576
0.0625;0.4286;5.034361174932304;3.2720114724480576
0.125;0.2571;5.034361174932304;3.2720114724480576
0.125;0.4857;5.034361174932304;3.2720114724480576
0.4375;0.2286;5.034361174932304;3.2720114724480576
1.0;0.2286;5.034361174932304;3.2720114724480576
1.25;0.3429;5.034361174932304;3.2720114724480576
1.375;0.3429;5.034361174932304;3.2720114724480576
1.3125;0.2286;5.034361174932304;3.2720114724480576
0.9375;0.2857;5.034361174932304;3.2720114724480576
0.5;0.3429;5.034361174932304;3.2720114724480576
0.4375;0.3143;5.034361174932304;3.2720114724480576
0.5;0.3714;5.034361174932304;3.2720114724480576
0.3125;0.2857;5.034361174932304;3.2720114724480576
0.125;0.2;5.034361174932304;3.2720114724480576
0.0;0.2857;5.034361174932304;3.2720114724480576
-0.0625;0.3143;5.034361174932304;3.2720114724480576
0.0;0.2571;5.034361174932304;3.2720114724480576
0.0625;0.2857;5.034361174932304;3.2720114724480576
0.125;0.2;5.034361174932304;3.2720114724480576
0.3125;0.2286;5.034361174932304;3.2720114724480576
0.375;0.2857;5.034361174932304;3.2720114724480576
0.0;0.2286;5.034361174932304;3.2720114724480576
-0.625;0.2857;5.034361174932304;3.2720114724480576
-1.0625;0.1429;5.034361174932304;3.2720114724480576
-1.3125;0.2;5.034361174932304;3.2720114724480576
-1.375;0.1714;5.034361174932304;3.2720114724480576
-1.1875;0.1714;5.034361174932304;3.2720114724480576
-0.6875;0.2;5.034361174932304;3.2720114724480576
-0.1875;0.0857;5.034361174932304;3.2720114724480576
0.0625;0.2286;5.034361174932304;3.2720114724480576
0.3125;0.2;5.034361174932304;3.2720114724480576
0.375;0.1714;5.034361174932304;3.2720114724480576
0.4375;0.1714;5.034361174932304;3.2720114724480576
0.6875;0.2;5.034361174932304;3.2720114724480576
1.0625;0.2;5.034361174932304;3.2720114724480576
1.0625;0.2857;5.034361174932304;3.2720114724480576
0.625;0.2;5.034361174932304;3.2720114724480576
0.25;0.1714;5.034361174932304;3.2720114724480576
0.0;0.0857;5.034361174932304;3.2720114724480576
0.0;0.1714;5.034361174932304;3.2720114724480576
0.0;0.1714;5.034361174932304;3.2720114724480576
0.0;0.1429;5.034361174932304;3.2720114724480576
0.0625;0.2;5.034361174932304;3.2720114724480576
0.0625;0.2286;5.034361174932304;3.2720114724480576
0.1875;0.1714;5.034361174932304;3.2720114724480576
0.4375;0.2;5.034361174932304;3.2720114724480576
0.5625;0.1714;5.034361174932304;3.2720114724480576
0.4375;0.1714;5.034361174932304;3.2720114724480576
0.1875;0.1714;5.034361174932304;3.2720114724480576
0.0625;0.1143;5.034361174932304;3.2720114724480576
0.0;0.2286;5.034361174932304;3.2720114724480576
0.0;0.0857;5.034361174932304;3.2720114724480576
0.0;0.1714;5.034361174932304;3.2720114724480576
0.0;0.1429;5.034361174932304;3.2720114724480576
0.125;0.1429;5.034361174932304;3.2720114724480576
0.125;0.1143;5.034361174932304;3.2720114724480576
0.1875;0.1429;5.034361174932304;3.2720114724480576
0.1875;0.1429;5.034361174932304;3.2720114724480576
0.125;0.1714;5.034361174932304;3.2720114724480576
0.0625;0.1143;5.034361174932304;3.2720114724480576
0.0;0.0571;5.034361174932304;3.2720114724480576
0.0;0.0571;5.034361174932304;3.2720114724480576
-0.1875;0.0857;5.034361174932304;3.2720114724480576
-0.625;0.0571;5.034361174932304;3.2720114724480576
-0.6875;0.1143;5.034361174932304;3.2720114724480576
-0.375;0.0857;5.034361174932304;3.2720114724480576
-0.125;0.0857;5.034361174932304;3.2720114724480576
0.0;0.1143;5.034361174932304;3.2720114724480576
0.0625;0.1143;5.034361174932304;3.2720114724480576
0.0625;0.2571;5.034361174932304;3.2720114724480576
0.0;0.1429;5.034361174932304;3.2720114724480576
0.0;0.0;5.034361174932304;3.2720114724480576
0.0;0.0571;5.034361174932304;3.2720114724480576
0.0;0.1143;5.034361174932304;3.2720114724480576
-0.25;0.0571;5.034361174932304;3.2720114724480576
-0.4375;0.0571;5.034361174932304;3.2720114724480576
-0.375;0.1143;5.034361174932304;3.2720114724480576
-0.25;0.1143;5.034361174932304;3.2720114724480576
-0.0625;0.1429;5.034361174932304;3.2720114724480576
0.0625;0.1143;5.034361174932304;3.2720114724480576
0.3125;0.0571;5.034361174932304;3.2720114724480576
0.5;0.0571;5.034361174932304;3.2720114724480576
0.6875;0.0571;5.034361174932304;3.2720114724480576
0.75;0.1143;5.034361174932304;3.2720114724480576
0.6875;0.0857;5.034361174932304;3.2720114724480576
0.6875;-0.0571;5.034361174932304;3.2720114724480576
0.75;0.0;5.034361174932304;3.2720114724480576
0.875;0.1143;5.034361174932304;3.2720114724480576
0.9375;0.1429;5.034361174932304;3.2720114724480576
1.0;0.0286;5.034361174932304;3.2720114724480576
1.0;0.1429;5.034361174932304;3.2720114724480576
0.9375;0.1429;5.034361174932304;3.2720114724480576
0.75;0.0857;5.034361174932304;3.2720114724480576
0.5;0.0571;5.034361174932304;3.2720114724480576
