SF-A-022;Sensirion;RMSE;MAE
-6.75;-7.2857;5.35193410457345;3.425192996693718
-6.5625;-7.2286;5.35193410457345;3.425192996693718
-6.3125;-7.1714;5.35193410457345;3.425192996693718
-6.3125;-7.2286;5.35193410457345;3.425192996693718
-6.6875;-7.1714;5.35193410457345;3.425192996693718
-7.0;-7.1714;5.35193410457345;3.425192996693718
-6.875;-7.0857;5.35193410457345;3.425192996693718
-6.375;-7.0571;5.35193410457345;3.425192996693718
-5.9375;-6.9429;5.35193410457345;3.425192996693718
-5.6875;-6.9429;5.35193410457345;3.425192996693718
-5.625;-6.8571;5.35193410457345;3.425192996693718
-5.625;-6.8571;5.35193410457345;3.425192996693718
-5.625;-6.7714;5.35193410457345;3.425192996693718
-5.625;-6.7429;5.35193410457345;3.425192996693718
-5.6875;-6.7429;5.35193410457345;3.425192996693718
-5.8125;-6.6857;5.35193410457345;3.425192996693718
-6.125;-6.6286;5.35193410457345;3.425192996693718
-6.3125;-6.6571;5.35193410457345;3.425192996693718
-6.3125;-6.6;5.35193410457345;3.425192996693718
-6.1875;-6.6286;5.35193410457345;3.425192996693718
-6.0625;-6.6;5.35193410457345;3.425192996693718
-5.875;-6.6;5.35193410457345;3.425192996693718
-5.6875;-6.6286;5.35193410457345;3.425192996693718
-5.75;-6.5714;5.35193410457345;3.425192996693718
-6.0625;-6.5714;5.35193410457345;3.425192996693718
-6.3125;-6.6286;5.35193410457345;3.425192996693718
-6.25;-6.6857;5.35193410457345;3.425192996693718
-6.1875;-6.7429;5.35193410457345;3.425192996693718
-6.1875;-6.8571;5.35193410457345;3.425192996693718
-6.1875;-6.8857;5.35193410457345;3.425192996693718
-6.125;-7.0286;5.35193410457345;3.425192996693718
-6.125;-7.1714;5.35193410457345;3.425192996693718
-6.25;-7.2857;5.35193410457345;3.425192996693718
-6.5;-7.4571;5.35193410457345;3.425192996693718
-6.9375;-7.6571;5.35193410457345;3.425192996693718
-7.1875;-7.8857;5.35193410457345;3.425192996693718
-7.25;-8.0857;5.35193410457345;3.425192996693718
-7.125;-8.2571;5.35193410457345;3.425192996693718
-7.25;-8.5429;5.35193410457345;3.425192996693718
-7.4375;-8.8286;5.35193410457345;3.425192996693718
-7.625;-9.1714;5.35193410457345;3.425192996693718
-7.75;-9.4857;5.35193410457345;3.425192996693718
-7.75;-9.8;5.35193410457345;3.425192996693718
-7.75;-10.1714;5.35193410457345;3.425192996693718
-7.75;-10.5429;5.35193410457345;3.425192996693718
-7.9375;-10.9429;5.35193410457345;3.425192996693718
-8.5625;-11.3429;5.35193410457345;3.425192996693718
-9.25;-11.7714;5.35193410457345;3.425192996693718
-9.875;-12.2286;5.35193410457345;3.425192996693718
-10.5;-12.7429;5.35193410457345;3.425192996693718
-11.25;-13.3143;5.35193410457345;3.425192996693718
-12.0;-13.7143;5.35193410457345;3.425192996693718
-12.75;-14.3429;5.35193410457345;3.425192996693718
-13.25;-14.9429;5.35193410457345;3.425192996693718
-13.375;-15.5143;5.35193410457345;3.425192996693718
-13.75;-16.1429;5.35193410457345;3.425192996693718
-14.4375;-16.7714;5.35193410457345;3.425192996693718
-15.125;-17.3714;5.35193410457345;3.425192996693718
-15.6875;-18.0286;5.35193410457345;3.425192996693718
-16.375;-18.6857;5.35193410457345;3.425192996693718
-17.25;-19.3429;5.35193410457345;3.425192996693718
-18.3125;-20.0;5.35193410457345;3.425192996693718
-19.4375;-20.6571;5.35193410457345;3.425192996693718
-20.375;-21.3429;5.35193410457345;3.425192996693718
-20.6875;-21.9429;5.35193410457345;3.425192996693718
-20.6875;-22.5714;5.35193410457345;3.425192996693718
-20.6875;-23.3714;5.35193410457345;3.425192996693718
-20.8125;-24.1429;5.35193410457345;3.425192996693718
-21.5;-24.8286;5.35193410457345;3.425192996693718
-22.5625;-25.5143;5.35193410457345;3.425192996693718
-23.25;-26.0;5.35193410457345;3.425192996693718
-23.4375;-26.8286;5.35193410457345;3.425192996693718
-23.375;-27.3714;5.35193410457345;3.425192996693718
-23.3125;-27.9429;5.35193410457345;3.425192996693718
-23.1875;-28.6;5.35193410457345;3.425192996693718
-23.125;-29.2857;5.35193410457345;3.425192996693718
-23.6875;-29.9714;5.35193410457345;3.425192996693718
-25.6875;-30.5429;5.35193410457345;3.425192996693718
-28.6875;-31.2571;5.35193410457345;3.425192996693718
-31.25;-32.0571;5.35193410457345;3.425192996693718
-32.8125;-32.9429;5.35193410457345;3.425192996693718
-34.0;-33.4571;5.35193410457345;3.425192996693718
-34.875;-34.3143;5.35193410457345;3.425192996693718
-35.25;-35.1429;5.35193410457345;3.425192996693718
-35.4375;-35.7143;5.35193410457345;3.425192996693718
-35.75;-36.4;5.35193410457345;3.425192996693718
-36.5625;-37.0;5.35193410457345;3.425192996693718
-37.125;-37.7143;5.35193410457345;3.425192996693718
-37.5;-38.1429;5.35193410457345;3.425192996693718
-38.25;-38.9143;5.35193410457345;3.425192996693718
-39.125;-39.8286;5.35193410457345;3.425192996693718
-39.4375;-40.2286;5.35193410457345;3.425192996693718
-39.75;-41.0857;5.35193410457345;3.425192996693718
-40.875;-41.5429;5.35193410457345;3.425192996693718
-42.25;-42.4;5.35193410457345;3.425192996693718
-43.4375;-42.9714;5.35193410457345;3.425192996693718
-44.125;-43.8857;5.35193410457345;3.425192996693718
-44.0;-44.4286;5.35193410457345;3.425192996693718
-44.0;-45.3429;5.35193410457345;3.425192996693718
-44.625;-45.8571;5.35193410457345;3.425192996693718
-45.6875;-46.7143;5.35193410457345;3.425192996693718
-46.5;-47.0;5.35193410457345;3.425192996693718
-46.5625;-47.8857;5.35193410457345;3.425192996693718
-46.25;-48.2857;5.35193410457345;3.425192996693718
-45.9375;-49.2;5.35193410457345;3.425192996693718
-45.75;-49.6857;5.35193410457345;3.425192996693718
-45.6875;-50.2571;5.35193410457345;3.425192996693718
-45.6875;-50.7143;5.35193410457345;3.425192996693718
-46.125;-51.4286;5.35193410457345;3.425192996693718
-47.8125;-52.2571;5.35193410457345;3.425192996693718
-50.1875;-53.0286;5.35193410457345;3.425192996693718
-51.8125;-53.5429;5.35193410457345;3.425192996693718
-52.6875;-53.6;5.35193410457345;3.425192996693718
-53.875;-54.4857;5.35193410457345;3.425192996693718
-55.4375;-54.8857;5.35193410457345;3.425192996693718
-56.9375;-55.7429;5.35193410457345;3.425192996693718
-58.0625;-56.0;5.35193410457345;3.425192996693718
-58.75;-56.8;5.35193410457345;3.425192996693718
-58.5625;-57.5143;5.35193410457345;3.425192996693718
-57.875;-57.5714;5.35193410457345;3.425192996693718
-58.3125;-58.6286;5.35193410457345;3.425192996693718
-59.4375;-58.6857;5.35193410457345;3.425192996693718
-60.4375;-59.2;5.35193410457345;3.425192996693718
-61.4375;-59.7143;5.35193410457345;3.425192996693718
-62.3125;-60.0857;5.35193410457345;3.425192996693718
-62.875;-60.7429;5.35193410457345;3.425192996693718
-63.0625;-61.0286;5.35193410457345;3.425192996693718
-63.1875;-61.6286;5.35193410457345;3.425192996693718
-63.6875;-62.5143;5.35193410457345;3.425192996693718
-64.6875;-62.5143;5.35193410457345;3.425192996693718
-65.1875;-63.4286;5.35193410457345;3.425192996693718
-65.1875;-64.4;5.35193410457345;3.425192996693718
-66.0;-64.3143;5.35193410457345;3.425192996693718
-66.1875;-64.5714;5.35193410457345;3.425192996693718
-64.5;-65.7429;5.35193410457345;3.425192996693718
-62.4375;-65.9714;5.35193410457345;3.425192996693718
-61.0;-65.9143;5.35193410457345;3.425192996693718
-60.3125;-67.0;5.35193410457345;3.425192996693718
-60.1875;-67.8286;5.35193410457345;3.425192996693718
-60.25;-68.1143;5.35193410457345;3.425192996693718
-61.5;-68.9714;5.35193410457345;3.425192996693718
-64.8125;-69.4571;5.35193410457345;3.425192996693718
-68.75;-69.5143;5.35193410457345;3.425192996693718
-71.5625;-70.2286;5.35193410457345;3.425192996693718
-73.25;-71.4;5.35193410457345;3.425192996693718
-74.1875;-72.4;5.35193410457345;3.425192996693718
-74.375;-72.2571;5.35193410457345;3.425192996693718
-74.0;-72.2;5.35193410457345;3.425192996693718
-73.5;-73.0;5.35193410457345;3.425192996693718
-73.875;-73.2286;5.35193410457345;3.425192996693718
-75.0625;-73.6;5.35193410457345;3.425192996693718
-76.0625;-74.4571;5.35193410457345;3.425192996693718
-76.3125;-75.4286;5.35193410457345;3.425192996693718
-76.75;-76.1143;5.35193410457345;3.425192996693718
-77.375;-75.9143;5.35193410457345;3.425192996693718
-77.0625;-75.8571;5.35193410457345;3.425192996693718
-76.6875;-76.2571;5.35193410457345;3.425192996693718
-77.5;-77.1143;5.35193410457345;3.425192996693718
-79.375;-77.4286;5.35193410457345;3.425192996693718
-80.9375;-78.1714;5.35193410457345;3.425192996693718
-81.6875;-78.5143;5.35193410457345;3.425192996693718
-81.9375;-79.2;5.35193410457345;3.425192996693718
-82.25;-79.9143;5.35193410457345;3.425192996693718
-82.1875;-80.6;5.35193410457345;3.425192996693718
-82.5625;-81.1714;5.35193410457345;3.425192996693718
-83.4375;-81.4857;5.35193410457345;3.425192996693718
-82.9375;-81.4571;5.35193410457345;3.425192996693718
-81.25;-81.5714;5.35193410457345;3.425192996693718
-79.75;-83.1143;5.35193410457345;3.425192996693718
-79.0;-83.3714;5.35193410457345;3.425192996693718
-78.6875;-83.2857;5.35193410457345;3.425192996693718
-78.75;-83.7714;5.35193410457345;3.425192996693718
-79.6875;-83.9429;5.35193410457345;3.425192996693718
-82.1875;-84.1714;5.35193410457345;3.425192996693718
-84.6875;-85.6;5.35193410457345;3.425192996693718
-86.0;-85.5143;5.35193410457345;3.425192996693718
-86.6875;-86.0286;5.35193410457345;3.425192996693718
-88.125;-85.4;5.35193410457345;3.425192996693718
-88.6875;-86.0857;5.35193410457345;3.425192996693718
-87.3125;-86.0571;5.35193410457345;3.425192996693718
-86.625;-87.1429;5.35193410457345;3.425192996693718
-86.75;-87.4571;5.35193410457345;3.425192996693718
-87.5;-88.2857;5.35193410457345;3.425192996693718
-89.5;-89.3143;5.35193410457345;3.425192996693718
-91.25;-89.7143;5.35193410457345;3.425192996693718
-91.6875;-89.9714;5.35193410457345;3.425192996693718
-91.5;-90.0857;5.35193410457345;3.425192996693718
-91.3125;-90.0571;5.35193410457345;3.425192996693718
-91.0625;-89.5429;5.35193410457345;3.425192996693718
-91.1875;-89.8286;5.35193410457345;3.425192996693718
-92.0;-90.8571;5.35193410457345;3.425192996693718
-92.6875;-91.4571;5.35193410457345;3.425192996693718
-92.625;-91.2;5.35193410457345;3.425192996693718
-92.9375;-91.1714;5.35193410457345;3.425192996693718
-94.1875;-91.5714;5.35193410457345;3.425192996693718
-94.25;-92.6571;5.35193410457345;3.425192996693718
-94.0625;-93.2857;5.35193410457345;3.425192996693718
-95.0625;-94.1143;5.35193410457345;3.425192996693718
-94.3125;-93.2857;5.35193410457345;3.425192996693718
-91.8125;-94.1714;5.35193410457345;3.425192996693718
-89.6875;-94.2857;5.35193410457345;3.425192996693718
-88.5625;-94.5143;5.35193410457345;3.425192996693718
-88.125;-95.3714;5.35193410457345;3.425192996693718
-88.1875;-95.8857;5.35193410457345;3.425192996693718
-89.4375;-96.0286;5.35193410457345;3.425192996693718
-92.5625;-96.1143;5.35193410457345;3.425192996693718
-95.5625;-96.1143;5.35193410457345;3.425192996693718
-96.3125;-95.6;5.35193410457345;3.425192996693718
-96.4375;-97.1143;5.35193410457345;3.425192996693718
-98.0625;-96.8571;5.35193410457345;3.425192996693718
-99.3125;-97.2571;5.35193410457345;3.425192996693718
-99.75;-97.2571;5.35193410457345;3.425192996693718
-100.6875;-98.8286;5.35193410457345;3.425192996693718
-101.1875;-98.0857;5.35193410457345;3.425192996693718
-101.125;-97.9429;5.35193410457345;3.425192996693718
-100.9375;-99.5143;5.35193410457345;3.425192996693718
-101.25;-99.9429;5.35193410457345;3.425192996693718
-103.125;-100.1714;5.35193410457345;3.425192996693718
-105.3125;-100.5143;5.35193410457345;3.425192996693718
-106.25;-101.8;5.35193410457345;3.425192996693718
-106.1875;-101.6;5.35193410457345;3.425192996693718
-105.3125;-101.3714;5.35193410457345;3.425192996693718
-104.0;-103.2;5.35193410457345;3.425192996693718
-103.4375;-102.4857;5.35193410457345;3.425192996693718
-104.3125;-103.1714;5.35193410457345;3.425192996693718
-104.6875;-103.1429;5.35193410457345;3.425192996693718
-104.0;-103.5143;5.35193410457345;3.425192996693718
-103.9375;-103.0857;5.35193410457345;3.425192996693718
-104.8125;-104.7143;5.35193410457345;3.425192996693718
-106.0;-105.0;5.35193410457345;3.425192996693718
-107.125;-104.1143;5.35193410457345;3.425192996693718
-107.9375;-103.8286;5.35193410457345;3.425192996693718
-108.25;-104.4;5.35193410457345;3.425192996693718
-108.3125;-103.7714;5.35193410457345;3.425192996693718
-108.3125;-104.2571;5.35193410457345;3.425192996693718
-108.25;-105.8;5.35193410457345;3.425192996693718
-107.75;-106.4286;5.35193410457345;3.425192996693718
-106.75;-105.7143;5.35193410457345;3.425192996693718
-105.875;-106.6857;5.35193410457345;3.425192996693718
-105.6875;-107.7429;5.35193410457345;3.425192996693718
-106.3125;-108.8571;5.35193410457345;3.425192996693718
-107.375;-109.0286;5.35193410457345;3.425192996693718
-108.1875;-108.6857;5.35193410457345;3.425192996693718
-109.0;-110.2;5.35193410457345;3.425192996693718
-109.4375;-110.8;5.35193410457345;3.425192996693718
-109.375;-110.3143;5.35193410457345;3.425192996693718
-109.375;-109.9429;5.35193410457345;3.425192996693718
-108.75;-109.9714;5.35193410457345;3.425192996693718
-108.4375;-110.6857;5.35193410457345;3.425192996693718
-109.6875;-109.6857;5.35193410457345;3.425192996693718
-110.6875;-110.0286;5.35193410457345;3.425192996693718
-111.0;-110.7143;5.35193410457345;3.425192996693718
-111.875;-111.2;5.35193410457345;3.425192996693718
-112.4375;-110.8857;5.35193410457345;3.425192996693718
-112.4375;-111.4571;5.35193410457345;3.425192996693718
-113.1875;-112.1143;5.35193410457345;3.425192996693718
-114.125;-112.2857;5.35193410457345;3.425192996693718
-115.0;-113.1143;5.35193410457345;3.425192996693718
-115.875;-112.7429;5.35193410457345;3.425192996693718
-115.125;-114.1429;5.35193410457345;3.425192996693718
-113.25;-114.2;5.35193410457345;3.425192996693718
-112.5625;-113.5714;5.35193410457345;3.425192996693718
-113.0625;-112.9714;5.35193410457345;3.425192996693718
-113.625;-113.1429;5.35193410457345;3.425192996693718
-114.0625;-112.0;5.35193410457345;3.425192996693718
-114.1875;-114.2;5.35193410457345;3.425192996693718
-114.25;-113.6857;5.35193410457345;3.425192996693718
-114.25;-113.8571;5.35193410457345;3.425192996693718
-114.5;-114.7143;5.35193410457345;3.425192996693718
-115.3125;-115.0;5.35193410457345;3.425192996693718
-115.875;-114.6857;5.35193410457345;3.425192996693718
-115.125;-115.7143;5.35193410457345;3.425192996693718
-114.625;-116.9429;5.35193410457345;3.425192996693718
-116.25;-116.0857;5.35193410457345;3.425192996693718
-117.5625;-115.6;5.35193410457345;3.425192996693718
-117.4375;-116.0571;5.35193410457345;3.425192996693718
-117.0625;-115.2286;5.35193410457345;3.425192996693718
-117.5;-115.5429;5.35193410457345;3.425192996693718
-118.375;-117.2;5.35193410457345;3.425192996693718
-119.1875;-117.3714;5.35193410457345;3.425192996693718
-119.4375;-116.2;5.35193410457345;3.425192996693718
-118.5;-116.3714;5.35193410457345;3.425192996693718
-118.3125;-117.0286;5.35193410457345;3.425192996693718
-118.875;-116.8286;5.35193410457345;3.425192996693718
-118.3125;-117.2857;5.35193410457345;3.425192996693718
-117.875;-118.3429;5.35193410457345;3.425192996693718
-118.75;-119.0286;5.35193410457345;3.425192996693718
-119.8125;-118.9714;5.35193410457345;3.425192996693718
-120.25;-118.3714;5.35193410457345;3.425192996693718
-121.4375;-119.6;5.35193410457345;3.425192996693718
-122.9375;-119.5714;5.35193410457345;3.425192996693718
-123.4375;-120.5429;5.35193410457345;3.425192996693718
-123.25;-118.8571;5.35193410457345;3.425192996693718
-123.25;-120.0286;5.35193410457345;3.425192996693718
-124.3125;-120.6571;5.35193410457345;3.425192996693718
-125.9375;-120.9429;5.35193410457345;3.425192996693718
-127.125;-120.5714;5.35193410457345;3.425192996693718
-127.6875;-122.3143;5.35193410457345;3.425192996693718
-127.875;-121.8571;5.35193410457345;3.425192996693718
-127.8125;-120.8286;5.35193410457345;3.425192996693718
-126.8125;-122.2286;5.35193410457345;3.425192996693718
-124.3125;-121.6286;5.35193410457345;3.425192996693718
-122.0625;-121.2571;5.35193410457345;3.425192996693718
-121.4375;-120.9714;5.35193410457345;3.425192996693718
-122.125;-121.7429;5.35193410457345;3.425192996693718
-123.0;-121.8286;5.35193410457345;3.425192996693718
-122.875;-122.1429;5.35193410457345;3.425192996693718
-122.5625;-124.1143;5.35193410457345;3.425192996693718
-122.9375;-124.9714;5.35193410457345;3.425192996693718
-123.3125;-123.8286;5.35193410457345;3.425192996693718
-124.125;-123.7143;5.35193410457345;3.425192996693718
-125.6875;-124.0;5.35193410457345;3.425192996693718
-125.3125;-124.8286;5.35193410457345;3.425192996693718
-122.625;-125.0857;5.35193410457345;3.425192996693718
-121.9375;-124.3143;5.35193410457345;3.425192996693718
-123.4375;-123.9429;5.35193410457345;3.425192996693718
-123.75;-122.3714;5.35193410457345;3.425192996693718
-123.0;-123.3429;5.35193410457345;3.425192996693718
-122.8125;-124.3714;5.35193410457345;3.425192996693718
-123.5625;-124.6;5.35193410457345;3.425192996693718
-124.0;-125.2857;5.35193410457345;3.425192996693718
-124.0625;-125.5429;5.35193410457345;3.425192996693718
-124.4375;-126.6571;5.35193410457345;3.425192996693718
-124.8125;-126.0571;5.35193410457345;3.425192996693718
-125.3125;-127.3143;5.35193410457345;3.425192996693718
-125.6875;-127.4571;5.35193410457345;3.425192996693718
-125.1875;-127.2;5.35193410457345;3.425192996693718
-124.0625;-126.5429;5.35193410457345;3.425192996693718
-123.1875;-126.3714;5.35193410457345;3.425192996693718
-122.75;-125.5429;5.35193410457345;3.425192996693718
-122.625;-128.1143;5.35193410457345;3.425192996693718
-122.625;-127.2571;5.35193410457345;3.425192996693718
-122.9375;-127.5429;5.35193410457345;3.425192996693718
-123.875;-127.6857;5.35193410457345;3.425192996693718
-126.4375;-126.7429;5.35193410457345;3.425192996693718
-129.6875;-125.2857;5.35193410457345;3.425192996693718
-130.875;-126.7714;5.35193410457345;3.425192996693718
-128.8125;-128.6;5.35193410457345;3.425192996693718
-125.9375;-127.3143;5.35193410457345;3.425192996693718
-125.125;-128.4286;5.35193410457345;3.425192996693718
-126.3125;-127.6286;5.35193410457345;3.425192996693718
-127.0;-128.2857;5.35193410457345;3.425192996693718
-126.1875;-128.6571;5.35193410457345;3.425192996693718
-125.25;-128.5714;5.35193410457345;3.425192996693718
-124.75;-129.3714;5.35193410457345;3.425192996693718
-125.875;-129.4286;5.35193410457345;3.425192996693718
-128.875;-128.7714;5.35193410457345;3.425192996693718
-130.3125;-131.0857;5.35193410457345;3.425192996693718
-129.875;-130.5714;5.35193410457345;3.425192996693718
-129.8125;-129.2;5.35193410457345;3.425192996693718
-130.1875;-128.9714;5.35193410457345;3.425192996693718
-129.6875;-129.5714;5.35193410457345;3.425192996693718
-129.125;-131.0286;5.35193410457345;3.425192996693718
-129.5625;-131.1429;5.35193410457345;3.425192996693718
-129.625;-131.8857;5.35193410457345;3.425192996693718
-129.1875;-131.0857;5.35193410457345;3.425192996693718
-128.1875;-132.1143;5.35193410457345;3.425192996693718
-127.0625;-131.7429;5.35193410457345;3.425192996693718
-128.25;-133.3143;5.35193410457345;3.425192996693718
-131.1875;-132.2;5.35193410457345;3.425192996693718
-133.5625;-131.2857;5.35193410457345;3.425192996693718
-134.75;-131.4286;5.35193410457345;3.425192996693718
-135.1875;-131.6286;5.35193410457345;3.425192996693718
-135.125;-131.6571;5.35193410457345;3.425192996693718
-134.75;-132.5429;5.35193410457345;3.425192996693718
-133.5;-130.6857;5.35193410457345;3.425192996693718
-131.75;-130.8857;5.35193410457345;3.425192996693718
-130.9375;-131.9714;5.35193410457345;3.425192996693718
-131.375;-133.2;5.35193410457345;3.425192996693718
-132.125;-133.1143;5.35193410457345;3.425192996693718
-133.0;-132.6286;5.35193410457345;3.425192996693718
-134.0;-134.3143;5.35193410457345;3.425192996693718
-133.4375;-133.9714;5.35193410457345;3.425192996693718
-131.875;-134.7429;5.35193410457345;3.425192996693718
-131.625;-134.7143;5.35193410457345;3.425192996693718
-132.5625;-134.5714;5.35193410457345;3.425192996693718
-133.5625;-134.9143;5.35193410457345;3.425192996693718
-133.5;-133.8571;5.35193410457345;3.425192996693718
-132.6875;-132.9143;5.35193410457345;3.425192996693718
-133.25;-133.4571;5.35193410457345;3.425192996693718
-134.5625;-134.6857;5.35193410457345;3.425192996693718
-134.125;-134.7429;5.35193410457345;3.425192996693718
-132.875;-135.4857;5.35193410457345;3.425192996693718
-132.6875;-135.5143;5.35193410457345;3.425192996693718
-133.5625;-135.2286;5.35193410457345;3.425192996693718
-134.125;-135.7714;5.35193410457345;3.425192996693718
-132.6875;-136.4286;5.35193410457345;3.425192996693718
-131.5;-136.4571;5.35193410457345;3.425192996693718
-131.5625;-136.0;5.35193410457345;3.425192996693718
-130.75;-137.5143;5.35193410457345;3.425192996693718
-130.375;-135.3714;5.35193410457345;3.425192996693718
-131.375;-135.4286;5.35193410457345;3.425192996693718
-132.4375;-136.0;5.35193410457345;3.425192996693718
-133.0625;-136.8286;5.35193410457345;3.425192996693718
-133.375;-136.4857;5.35193410457345;3.425192996693718
-133.375;-137.4857;5.35193410457345;3.425192996693718
-133.0625;-136.9429;5.35193410457345;3.425192996693718
-132.375;-136.2857;5.35193410457345;3.425192996693718
-132.4375;-136.8571;5.35193410457345;3.425192996693718
-133.6875;-137.8286;5.35193410457345;3.425192996693718
-135.6875;-138.6;5.35193410457345;3.425192996693718
-137.5625;-138.4857;5.35193410457345;3.425192996693718
-137.75;-137.8286;5.35193410457345;3.425192996693718
-136.5625;-137.0857;5.35193410457345;3.425192996693718
-135.9375;-138.3714;5.35193410457345;3.425192996693718
-136.25;-137.3714;5.35193410457345;3.425192996693718
-137.0625;-137.5714;5.35193410457345;3.425192996693718
-137.75;-136.3143;5.35193410457345;3.425192996693718
-138.6875;-137.1429;5.35193410457345;3.425192996693718
-140.125;-135.7143;5.35193410457345;3.425192996693718
-140.4375;-136.6571;5.35193410457345;3.425192996693718
-139.3125;-137.0571;5.35193410457345;3.425192996693718
-137.6875;-137.0286;5.35193410457345;3.425192996693718
-134.9375;-135.3143;5.35193410457345;3.425192996693718
-132.75;-135.7714;5.35193410457345;3.425192996693718
-133.5;-134.7714;5.35193410457345;3.425192996693718
-136.1875;-134.9714;5.35193410457345;3.425192996693718
-137.9375;-133.7714;5.35193410457345;3.425192996693718
-136.8125;-133.8571;5.35193410457345;3.425192996693718
-135.1875;-133.5143;5.35193410457345;3.425192996693718
-134.8125;-133.4857;5.35193410457345;3.425192996693718
-134.625;-133.6;5.35193410457345;3.425192996693718
-133.6875;-133.6;5.35193410457345;3.425192996693718
-132.5;-132.8;5.35193410457345;3.425192996693718
-131.625;-133.0857;5.35193410457345;3.425192996693718
-131.25;-130.6;5.35193410457345;3.425192996693718
-131.125;-131.0;5.35193410457345;3.425192996693718
-131.1875;-130.6286;5.35193410457345;3.425192996693718
-132.0;-130.3143;5.35193410457345;3.425192996693718
-133.0625;-130.4857;5.35193410457345;3.425192996693718
-132.875;-130.9429;5.35193410457345;3.425192996693718
-132.0625;-129.6857;5.35193410457345;3.425192996693718
-131.4375;-126.4286;5.35193410457345;3.425192996693718
-130.8125;-127.8857;5.35193410457345;3.425192996693718
-130.3125;-128.3714;5.35193410457345;3.425192996693718
-129.6875;-128.0857;5.35193410457345;3.425192996693718
-129.0;-126.3429;5.35193410457345;3.425192996693718
-128.25;-127.0;5.35193410457345;3.425192996693718
-127.25;-128.6857;5.35193410457345;3.425192996693718
-126.4375;-128.5143;5.35193410457345;3.425192996693718
-125.9375;-127.8857;5.35193410457345;3.425192996693718
-126.0;-128.0;5.35193410457345;3.425192996693718
-126.875;-127.2;5.35193410457345;3.425192996693718
-128.0625;-126.4;5.35193410457345;3.425192996693718
-128.1875;-126.5714;5.35193410457345;3.425192996693718
-126.4375;-125.0;5.35193410457345;3.425192996693718
-124.75;-124.9143;5.35193410457345;3.425192996693718
-124.9375;-124.6;5.35193410457345;3.425192996693718
-125.1875;-123.7429;5.35193410457345;3.425192996693718
-125.0625;-123.5143;5.35193410457345;3.425192996693718
-124.6875;-124.5143;5.35193410457345;3.425192996693718
-123.875;-123.7429;5.35193410457345;3.425192996693718
-124.0625;-123.0857;5.35193410457345;3.425192996693718
-124.4375;-123.0;5.35193410457345;3.425192996693718
-124.1875;-124.0857;5.35193410457345;3.425192996693718
-123.9375;-122.1429;5.35193410457345;3.425192996693718
-123.75;-121.9143;5.35193410457345;3.425192996693718
-123.6875;-122.6;5.35193410457345;3.425192996693718
-123.6875;-122.7714;5.35193410457345;3.425192996693718
-123.6875;-122.3714;5.35193410457345;3.425192996693718
-123.8125;-121.2857;5.35193410457345;3.425192996693718
-124.0;-121.0;5.35193410457345;3.425192996693718
-124.0625;-120.1143;5.35193410457345;3.425192996693718
-123.4375;-119.7714;5.35193410457345;3.425192996693718
-122.4375;-121.2;5.35193410457345;3.425192996693718
-122.0625;-119.3429;5.35193410457345;3.425192996693718
-121.5;-118.6857;5.35193410457345;3.425192996693718
-120.1875;-120.2;5.35193410457345;3.425192996693718
-119.875;-119.9714;5.35193410457345;3.425192996693718
-120.625;-119.9143;5.35193410457345;3.425192996693718
-121.5625;-119.5429;5.35193410457345;3.425192996693718
-122.375;-118.2857;5.35193410457345;3.425192996693718
-122.375;-118.7714;5.35193410457345;3.425192996693718
-121.9375;-118.2;5.35193410457345;3.425192996693718
-121.75;-116.8571;5.35193410457345;3.425192996693718
-121.375;-117.4286;5.35193410457345;3.425192996693718
-121.0;-116.2857;5.35193410457345;3.425192996693718
-121.9375;-116.9714;5.35193410457345;3.425192996693718
-122.875;-117.3429;5.35193410457345;3.425192996693718
-121.875;-118.1714;5.35193410457345;3.425192996693718
-120.4375;-117.1714;5.35193410457345;3.425192996693718
-119.875;-115.9143;5.35193410457345;3.425192996693718
-119.125;-115.7143;5.35193410457345;3.425192996693718
-117.6875;-116.2;5.35193410457345;3.425192996693718
-116.5;-115.5143;5.35193410457345;3.425192996693718
-116.125;-114.3143;5.35193410457345;3.425192996693718
-117.25;-114.6571;5.35193410457345;3.425192996693718
-119.3125;-112.6857;5.35193410457345;3.425192996693718
-120.875;-113.5143;5.35193410457345;3.425192996693718
-121.6875;-113.7429;5.35193410457345;3.425192996693718
-121.9375;-113.0857;5.35193410457345;3.425192996693718
-121.875;-113.1714;5.35193410457345;3.425192996693718
-120.625;-113.6286;5.35193410457345;3.425192996693718
-118.25;-112.8286;5.35193410457345;3.425192996693718
-116.8125;-112.2857;5.35193410457345;3.425192996693718
-115.75;-112.2857;5.35193410457345;3.425192996693718
-115.25;-112.0857;5.35193410457345;3.425192996693718
-116.0625;-111.8;5.35193410457345;3.425192996693718
-116.6875;-112.3429;5.35193410457345;3.425192996693718
-116.75;-111.3714;5.35193410457345;3.425192996693718
-115.625;-110.5714;5.35193410457345;3.425192996693718
-114.4375;-111.1714;5.35193410457345;3.425192996693718
-113.8125;-110.4857;5.35193410457345;3.425192996693718
-112.875;-108.3143;5.35193410457345;3.425192996693718
-112.25;-108.6857;5.35193410457345;3.425192996693718
-112.0625;-110.0286;5.35193410457345;3.425192996693718
-112.5;-110.1143;5.35193410457345;3.425192996693718
-112.8125;-110.6857;5.35193410457345;3.425192996693718
-112.5625;-110.4;5.35193410457345;3.425192996693718
-112.75;-110.3714;5.35193410457345;3.425192996693718
-113.375;-110.5429;5.35193410457345;3.425192996693718
-113.625;-109.3143;5.35193410457345;3.425192996693718
-113.1875;-107.8571;5.35193410457345;3.425192996693718
-112.9375;-107.0;5.35193410457345;3.425192996693718
-112.875;-107.9429;5.35193410457345;3.425192996693718
-112.25;-107.3429;5.35193410457345;3.425192996693718
-112.1875;-106.8;5.35193410457345;3.425192996693718
-111.6875;-107.0286;5.35193410457345;3.425192996693718
-109.5625;-106.4;5.35193410457345;3.425192996693718
-107.0625;-106.9429;5.35193410457345;3.425192996693718
-105.375;-106.7429;5.35193410457345;3.425192996693718
-104.6875;-106.4857;5.35193410457345;3.425192996693718
-104.5625;-106.8286;5.35193410457345;3.425192996693718
-104.6875;-105.2286;5.35193410457345;3.425192996693718
-106.1875;-105.0857;5.35193410457345;3.425192996693718
-109.625;-105.0;5.35193410457345;3.425192996693718
-111.5625;-105.1714;5.35193410457345;3.425192996693718
-110.0625;-104.1429;5.35193410457345;3.425192996693718
-107.1875;-103.7143;5.35193410457345;3.425192996693718
-105.5625;-105.7143;5.35193410457345;3.425192996693718
-105.5;-105.1429;5.35193410457345;3.425192996693718
-106.4375;-104.0571;5.35193410457345;3.425192996693718
-107.8125;-102.9429;5.35193410457345;3.425192996693718
-107.75;-102.9714;5.35193410457345;3.425192996693718
-106.1875;-102.9429;5.35193410457345;3.425192996693718
-104.8125;-102.3143;5.35193410457345;3.425192996693718
-104.25;-104.2;5.35193410457345;3.425192996693718
-104.4375;-102.8571;5.35193410457345;3.425192996693718
-105.25;-102.8286;5.35193410457345;3.425192996693718
-105.8125;-102.6571;5.35193410457345;3.425192996693718
-106.3125;-102.7429;5.35193410457345;3.425192996693718
-106.4375;-102.0571;5.35193410457345;3.425192996693718
-105.6875;-101.9429;5.35193410457345;3.425192996693718
-105.0625;-102.2;5.35193410457345;3.425192996693718
-104.875;-101.6571;5.35193410457345;3.425192996693718
-104.875;-100.9429;5.35193410457345;3.425192996693718
-104.75;-101.2857;5.35193410457345;3.425192996693718
-104.8125;-100.4;5.35193410457345;3.425192996693718
-105.75;-99.6857;5.35193410457345;3.425192996693718
-107.5625;-100.6286;5.35193410457345;3.425192996693718
-108.3125;-99.3429;5.35193410457345;3.425192996693718
-107.5625;-100.4;5.35193410457345;3.425192996693718
-106.5625;-100.5429;5.35193410457345;3.425192996693718
-105.9375;-100.1429;5.35193410457345;3.425192996693718
-105.625;-98.4857;5.35193410457345;3.425192996693718
-105.5625;-98.6571;5.35193410457345;3.425192996693718
-105.125;-97.8857;5.35193410457345;3.425192996693718
-104.6875;-97.9143;5.35193410457345;3.425192996693718
-104.5625;-98.2286;5.35193410457345;3.425192996693718
-102.875;-98.7429;5.35193410457345;3.425192996693718
-100.9375;-98.1714;5.35193410457345;3.425192996693718
-100.6875;-97.6;5.35193410457345;3.425192996693718
-100.375;-97.9714;5.35193410457345;3.425192996693718
-99.9375;-97.0286;5.35193410457345;3.425192996693718
-100.25;-97.0;5.35193410457345;3.425192996693718
-101.1875;-96.1143;5.35193410457345;3.425192996693718
-101.25;-96.6;5.35193410457345;3.425192996693718
-100.0625;-96.4;5.35193410457345;3.425192996693718
-99.9375;-96.7429;5.35193410457345;3.425192996693718
-100.875;-96.7714;5.35193410457345;3.425192996693718
-100.9375;-96.1429;5.35193410457345;3.425192996693718
-100.125;-96.6286;5.35193410457345;3.425192996693718
-99.375;-96.1429;5.35193410457345;3.425192996693718
-98.875;-95.9429;5.35193410457345;3.425192996693718
-98.9375;-95.6286;5.35193410457345;3.425192996693718
-99.625;-95.5429;5.35193410457345;3.425192996693718
-100.375;-95.4;5.35193410457345;3.425192996693718
-100.6875;-94.9429;5.35193410457345;3.425192996693718
-100.5;-94.4857;5.35193410457345;3.425192996693718
-100.3125;-93.0857;5.35193410457345;3.425192996693718
-100.5;-94.1429;5.35193410457345;3.425192996693718
-100.1875;-94.7143;5.35193410457345;3.425192996693718
-97.5625;-94.2857;5.35193410457345;3.425192996693718
-93.75;-93.0571;5.35193410457345;3.425192996693718
-91.0;-92.8571;5.35193410457345;3.425192996693718
-89.75;-93.2571;5.35193410457345;3.425192996693718
-89.4375;-92.9143;5.35193410457345;3.425192996693718
-89.5625;-92.8;5.35193410457345;3.425192996693718
-90.75;-91.8857;5.35193410457345;3.425192996693718
-93.375;-92.3714;5.35193410457345;3.425192996693718
-95.6875;-91.5143;5.35193410457345;3.425192996693718
-97.4375;-91.2571;5.35193410457345;3.425192996693718
-98.375;-91.5429;5.35193410457345;3.425192996693718
-97.8125;-91.0857;5.35193410457345;3.425192996693718
-96.4375;-91.1143;5.35193410457345;3.425192996693718
-95.125;-91.2857;5.35193410457345;3.425192996693718
-94.375;-90.8;5.35193410457345;3.425192996693718
-93.375;-92.2571;5.35193410457345;3.425192996693718
-92.8125;-91.7429;5.35193410457345;3.425192996693718
-93.8125;-91.0571;5.35193410457345;3.425192996693718
-94.6875;-90.0857;5.35193410457345;3.425192996693718
-94.375;-90.4;5.35193410457345;3.425192996693718
-93.75;-89.8;5.35193410457345;3.425192996693718
-93.3125;-89.8571;5.35193410457345;3.425192996693718
-92.9375;-89.5429;5.35193410457345;3.425192996693718
-93.6875;-89.0857;5.35193410457345;3.425192996693718
-95.9375;-88.7429;5.35193410457345;3.425192996693718
-97.0;-89.6857;5.35193410457345;3.425192996693718
-96.375;-90.1143;5.35193410457345;3.425192996693718
-95.25;-89.3429;5.35193410457345;3.425192996693718
-92.875;-88.6;5.35193410457345;3.425192996693718
-90.875;-88.3429;5.35193410457345;3.425192996693718
-90.6875;-88.2857;5.35193410457345;3.425192996693718
-90.1875;-87.8286;5.35193410457345;3.425192996693718
-90.25;-88.2857;5.35193410457345;3.425192996693718
-91.4375;-88.4286;5.35193410457345;3.425192996693718
-92.5625;-88.0857;5.35193410457345;3.425192996693718
-93.1875;-87.1714;5.35193410457345;3.425192996693718
-93.4375;-86.5714;5.35193410457345;3.425192996693718
-93.5;-87.4;5.35193410457345;3.425192996693718
-93.5625;-88.5429;5.35193410457345;3.425192996693718
-93.8125;-88.2857;5.35193410457345;3.425192996693718
-93.1875;-87.4857;5.35193410457345;3.425192996693718
-91.375;-87.0857;5.35193410457345;3.425192996693718
-90.0;-86.4;5.35193410457345;3.425192996693718
-89.3125;-86.6571;5.35193410457345;3.425192996693718
-88.6875;-86.7714;5.35193410457345;3.425192996693718
-89.5;-86.9143;5.35193410457345;3.425192996693718
-91.375;-86.9143;5.35193410457345;3.425192996693718
-92.3125;-86.1714;5.35193410457345;3.425192996693718
-92.1875;-85.8;5.35193410457345;3.425192996693718
-91.125;-84.9714;5.35193410457345;3.425192996693718
-89.3125;-84.5429;5.35193410457345;3.425192996693718
-88.3125;-85.4;5.35193410457345;3.425192996693718
-88.25;-84.9143;5.35193410457345;3.425192996693718
-88.4375;-84.2;5.35193410457345;3.425192996693718
-89.0;-84.2571;5.35193410457345;3.425192996693718
-89.375;-83.9714;5.35193410457345;3.425192996693718
-88.6875;-83.1714;5.35193410457345;3.425192996693718
-87.875;-83.4286;5.35193410457345;3.425192996693718
-87.5;-83.3714;5.35193410457345;3.425192996693718
-86.875;-83.6571;5.35193410457345;3.425192996693718
-86.5625;-83.5143;5.35193410457345;3.425192996693718
-86.625;-84.4;5.35193410457345;3.425192996693718
-86.125;-83.2857;5.35193410457345;3.425192996693718
-85.3125;-83.3714;5.35193410457345;3.425192996693718
-83.625;-82.9429;5.35193410457345;3.425192996693718
-81.4375;-82.3714;5.35193410457345;3.425192996693718
-79.9375;-82.6857;5.35193410457345;3.425192996693718
-79.25;-82.4;5.35193410457345;3.425192996693718
-79.125;-83.4571;5.35193410457345;3.425192996693718
-79.1875;-83.1429;5.35193410457345;3.425192996693718
-80.375;-82.8857;5.35193410457345;3.425192996693718
-82.75;-81.4857;5.35193410457345;3.425192996693718
-84.0;-81.5429;5.35193410457345;3.425192996693718
-83.9375;-81.5143;5.35193410457345;3.425192996693718
-83.1875;-81.3429;5.35193410457345;3.425192996693718
-82.25;-81.6;5.35193410457345;3.425192996693718
-83.125;-81.2571;5.35193410457345;3.425192996693718
-84.3125;-80.1143;5.35193410457345;3.425192996693718
-83.875;-80.3143;5.35193410457345;3.425192996693718
-83.5625;-81.5143;5.35193410457345;3.425192996693718
-84.1875;-80.2;5.35193410457345;3.425192996693718
-84.25;-79.8286;5.35193410457345;3.425192996693718
-84.1875;-80.1429;5.35193410457345;3.425192996693718
-84.375;-79.3143;5.35193410457345;3.425192996693718
-84.3125;-79.5714;5.35193410457345;3.425192996693718
-84.4375;-79.3143;5.35193410457345;3.425192996693718
-84.0;-79.4857;5.35193410457345;3.425192996693718
-82.9375;-79.0286;5.35193410457345;3.425192996693718
-83.625;-78.8;5.35193410457345;3.425192996693718
-84.4375;-79.1429;5.35193410457345;3.425192996693718
-83.9375;-79.2;5.35193410457345;3.425192996693718
-83.3125;-79.2;5.35193410457345;3.425192996693718
-82.5625;-78.6571;5.35193410457345;3.425192996693718
-81.625;-79.1143;5.35193410457345;3.425192996693718
-80.875;-78.4;5.35193410457345;3.425192996693718
-81.0625;-79.3429;5.35193410457345;3.425192996693718
-82.0625;-78.7714;5.35193410457345;3.425192996693718
-83.0;-77.4286;5.35193410457345;3.425192996693718
-83.5;-76.8857;5.35193410457345;3.425192996693718
-83.6875;-76.9143;5.35193410457345;3.425192996693718
-83.6875;-77.4857;5.35193410457345;3.425192996693718
-83.625;-77.3714;5.35193410457345;3.425192996693718
-82.9375;-77.4;5.35193410457345;3.425192996693718
-81.5;-76.8857;5.35193410457345;3.425192996693718
-80.1875;-76.5714;5.35193410457345;3.425192996693718
-79.3125;-76.4857;5.35193410457345;3.425192996693718
-79.6875;-76.0857;5.35193410457345;3.425192996693718
-80.375;-75.4857;5.35193410457345;3.425192996693718
-79.6875;-75.2571;5.35193410457345;3.425192996693718
-79.0625;-76.0;5.35193410457345;3.425192996693718
-79.0625;-75.7143;5.35193410457345;3.425192996693718
-78.625;-75.8286;5.35193410457345;3.425192996693718
-77.625;-75.4571;5.35193410457345;3.425192996693718
-76.875;-74.7143;5.35193410457345;3.425192996693718
-77.3125;-75.0;5.35193410457345;3.425192996693718
-78.75;-75.4571;5.35193410457345;3.425192996693718
-80.125;-75.4286;5.35193410457345;3.425192996693718
-80.5625;-74.6857;5.35193410457345;3.425192996693718
-79.875;-75.2;5.35193410457345;3.425192996693718
-78.4375;-76.0;5.35193410457345;3.425192996693718
-76.6875;-75.4857;5.35193410457345;3.425192996693718
-75.125;-74.6571;5.35193410457345;3.425192996693718
-74.5625;-74.0286;5.35193410457345;3.425192996693718
-75.375;-74.3714;5.35193410457345;3.425192996693718
-76.0625;-74.0;5.35193410457345;3.425192996693718
-76.1875;-73.8571;5.35193410457345;3.425192996693718
-76.5625;-74.0;5.35193410457345;3.425192996693718
-76.5625;-74.1714;5.35193410457345;3.425192996693718
-75.625;-73.6857;5.35193410457345;3.425192996693718
-74.5;-73.2;5.35193410457345;3.425192996693718
-73.8125;-72.9143;5.35193410457345;3.425192996693718
-73.5;-72.9143;5.35193410457345;3.425192996693718
-73.4375;-72.9143;5.35193410457345;3.425192996693718
-73.4375;-72.6571;5.35193410457345;3.425192996693718
-74.1875;-72.0571;5.35193410457345;3.425192996693718
-75.8125;-72.3714;5.35193410457345;3.425192996693718
-76.8125;-72.1143;5.35193410457345;3.425192996693718
-76.5625;-71.7143;5.35193410457345;3.425192996693718
-76.25;-71.4857;5.35193410457345;3.425192996693718
-75.75;-72.0571;5.35193410457345;3.425192996693718
-75.0625;-71.6857;5.35193410457345;3.425192996693718
-74.9375;-70.9143;5.35193410457345;3.425192996693718
-74.75;-70.9714;5.35193410457345;3.425192996693718
-74.125;-71.5714;5.35193410457345;3.425192996693718
-73.8125;-71.4857;5.35193410457345;3.425192996693718
-74.375;-70.7429;5.35193410457345;3.425192996693718
-74.9375;-71.8857;5.35193410457345;3.425192996693718
-74.5625;-70.6857;5.35193410457345;3.425192996693718
-73.625;-70.4;5.35193410457345;3.425192996693718
-73.6875;-70.2286;5.35193410457345;3.425192996693718
-75.0625;-70.3429;5.35193410457345;3.425192996693718
-75.6875;-70.3429;5.35193410457345;3.425192996693718
-73.9375;-68.9143;5.35193410457345;3.425192996693718
-72.0;-68.9714;5.35193410457345;3.425192996693718
-72.0;-69.6;5.35193410457345;3.425192996693718
-72.3125;-69.3714;5.35193410457345;3.425192996693718
-72.625;-69.1714;5.35193410457345;3.425192996693718
-73.25;-70.2571;5.35193410457345;3.425192996693718
-73.5;-69.8857;5.35193410457345;3.425192996693718
-73.0;-69.2857;5.35193410457345;3.425192996693718
-72.125;-68.7143;5.35193410457345;3.425192996693718
-71.25;-69.1143;5.35193410457345;3.425192996693718
-70.75;-69.1429;5.35193410457345;3.425192996693718
-70.5625;-68.4571;5.35193410457345;3.425192996693718
-70.5625;-68.4;5.35193410457345;3.425192996693718
-70.625;-69.0;5.35193410457345;3.425192996693718
-70.5;-68.2571;5.35193410457345;3.425192996693718
-70.1875;-67.8286;5.35193410457345;3.425192996693718
-70.25;-68.4857;5.35193410457345;3.425192996693718
-70.375;-68.4286;5.35193410457345;3.425192996693718
-69.875;-67.6286;5.35193410457345;3.425192996693718
-68.8125;-68.3714;5.35193410457345;3.425192996693718
-68.6875;-67.7714;5.35193410457345;3.425192996693718
-69.5625;-67.2286;5.35193410457345;3.425192996693718
-69.8125;-67.2;5.35193410457345;3.425192996693718
-69.5;-67.4571;5.35193410457345;3.425192996693718
-69.6875;-66.7714;5.35193410457345;3.425192996693718
-69.9375;-66.8571;5.35193410457345;3.425192996693718
-69.25;-67.2857;5.35193410457345;3.425192996693718
-68.875;-66.7714;5.35193410457345;3.425192996693718
-68.4375;-66.5143;5.35193410457345;3.425192996693718
-67.875;-66.2;5.35193410457345;3.425192996693718
-68.5625;-66.1143;5.35193410457345;3.425192996693718
-69.5;-65.7714;5.35193410457345;3.425192996693718
-70.3125;-66.2;5.35193410457345;3.425192996693718
-70.75;-66.2;5.35193410457345;3.425192996693718
-70.0;-65.9714;5.35193410457345;3.425192996693718
-69.4375;-66.0;5.35193410457345;3.425192996693718
-70.0625;-65.4857;5.35193410457345;3.425192996693718
-70.625;-64.9429;5.35193410457345;3.425192996693718
-70.5625;-64.6;5.35193410457345;3.425192996693718
-69.8125;-64.8286;5.35193410457345;3.425192996693718
-68.5;-64.8;5.35193410457345;3.425192996693718
-67.125;-64.1429;5.35193410457345;3.425192996693718
-66.3125;-64.0857;5.35193410457345;3.425192996693718
-66.0;-63.4571;5.35193410457345;3.425192996693718
-65.9375;-63.6;5.35193410457345;3.425192996693718
-66.0;-63.2857;5.35193410457345;3.425192996693718
-66.0;-63.4;5.35193410457345;3.425192996693718
-66.0625;-64.0;5.35193410457345;3.425192996693718
-66.375;-63.7143;5.35193410457345;3.425192996693718
-66.6875;-63.2571;5.35193410457345;3.425192996693718
-66.1875;-63.6;5.35193410457345;3.425192996693718
-64.625;-63.8;5.35193410457345;3.425192996693718
-63.4375;-63.2857;5.35193410457345;3.425192996693718
-64.0;-63.3143;5.35193410457345;3.425192996693718
-65.0625;-63.5143;5.35193410457345;3.425192996693718
-66.0;-63.0286;5.35193410457345;3.425192996693718
-67.25;-63.4286;5.35193410457345;3.425192996693718
-67.3125;-63.1143;5.35193410457345;3.425192996693718
-66.0;-62.6286;5.35193410457345;3.425192996693718
-65.4375;-63.4857;5.35193410457345;3.425192996693718
-65.5;-62.5143;5.35193410457345;3.425192996693718
-65.0625;-62.2;5.35193410457345;3.425192996693718
-64.625;-62.5429;5.35193410457345;3.425192996693718
-64.375;-62.5143;5.35193410457345;3.425192996693718
-64.125;-62.0571;5.35193410457345;3.425192996693718
-64.0;-62.3143;5.35193410457345;3.425192996693718
-64.5625;-61.7143;5.35193410457345;3.425192996693718
-65.3125;-61.6;5.35193410457345;3.425192996693718
-65.0;-61.8857;5.35193410457345;3.425192996693718
-64.5;-61.3143;5.35193410457345;3.425192996693718
-64.625;-61.2857;5.35193410457345;3.425192996693718
-64.75;-61.2857;5.35193410457345;3.425192996693718
-64.75;-61.2;5.35193410457345;3.425192996693718
-64.625;-61.2286;5.35193410457345;3.425192996693718
-64.5625;-61.0857;5.35193410457345;3.425192996693718
-64.5;-60.9143;5.35193410457345;3.425192996693718
-64.5;-61.2;5.35193410457345;3.425192996693718
-64.5;-60.5714;5.35193410457345;3.425192996693718
-64.3125;-60.5143;5.35193410457345;3.425192996693718
-63.6875;-60.7429;5.35193410457345;3.425192996693718
-63.0625;-60.4286;5.35193410457345;3.425192996693718
-63.375;-60.2857;5.35193410457345;3.425192996693718
-63.875;-59.8571;5.35193410457345;3.425192996693718
-63.0;-59.3429;5.35193410457345;3.425192996693718
-61.25;-59.5429;5.35193410457345;3.425192996693718
-60.5625;-59.3429;5.35193410457345;3.425192996693718
-61.5;-59.8571;5.35193410457345;3.425192996693718
-62.4375;-59.6286;5.35193410457345;3.425192996693718
-61.9375;-59.0857;5.35193410457345;3.425192996693718
-61.25;-59.8857;5.35193410457345;3.425192996693718
-61.3125;-59.2571;5.35193410457345;3.425192996693718
-61.4375;-59.1143;5.35193410457345;3.425192996693718
-61.1875;-59.6571;5.35193410457345;3.425192996693718
-61.0;-59.0286;5.35193410457345;3.425192996693718
-61.125;-58.8571;5.35193410457345;3.425192996693718
-62.125;-58.4;5.35193410457345;3.425192996693718
-63.4375;-58.4857;5.35193410457345;3.425192996693718
-64.0;-58.9143;5.35193410457345;3.425192996693718
-63.5;-58.3714;5.35193410457345;3.425192996693718
-62.375;-58.4857;5.35193410457345;3.425192996693718
-61.4375;-58.6571;5.35193410457345;3.425192996693718
-61.3125;-58.0;5.35193410457345;3.425192996693718
-61.125;-58.3429;5.35193410457345;3.425192996693718
-60.6875;-57.7714;5.35193410457345;3.425192996693718
-60.125;-57.6857;5.35193410457345;3.425192996693718
-59.5;-57.2286;5.35193410457345;3.425192996693718
-59.125;-57.6571;5.35193410457345;3.425192996693718
-58.9375;-57.5143;5.35193410457345;3.425192996693718
-58.9375;-57.1429;5.35193410457345;3.425192996693718
-58.9375;-57.2571;5.35193410457345;3.425192996693718
-59.0625;-56.9714;5.35193410457345;3.425192996693718
-59.4375;-56.6857;5.35193410457345;3.425192996693718
-60.0625;-56.9429;5.35193410457345;3.425192996693718
-60.25;-56.4;5.35193410457345;3.425192996693718
-60.375;-56.6857;5.35193410457345;3.425192996693718
-60.25;-56.6857;5.35193410457345;3.425192996693718
-60.125;-56.4286;5.35193410457345;3.425192996693718
-60.625;-56.2571;5.35193410457345;3.425192996693718
-60.8125;-55.6857;5.35193410457345;3.425192996693718
-60.3125;-56.0571;5.35193410457345;3.425192996693718
-59.3125;-55.8571;5.35193410457345;3.425192996693718
-58.3125;-56.0857;5.35193410457345;3.425192996693718
-58.3125;-56.0571;5.35193410457345;3.425192996693718
-58.625;-55.6;5.35193410457345;3.425192996693718
-58.6875;-55.9429;5.35193410457345;3.425192996693718
-58.75;-55.4286;5.35193410457345;3.425192996693718
-58.1875;-55.4;5.35193410457345;3.425192996693718
-57.125;-55.1714;5.35193410457345;3.425192996693718
-57.0;-55.0286;5.35193410457345;3.425192996693718
-58.0;-55.4571;5.35193410457345;3.425192996693718
-58.625;-55.2;5.35193410457345;3.425192996693718
-58.5;-55.2857;5.35193410457345;3.425192996693718
-58.125;-55.0;5.35193410457345;3.425192996693718
-57.6875;-55.0286;5.35193410457345;3.425192996693718
-57.4375;-54.7143;5.35193410457345;3.425192996693718
-57.5;-54.4857;5.35193410457345;3.425192996693718
-57.625;-54.2571;5.35193410457345;3.425192996693718
-57.75;-53.8857;5.35193410457345;3.425192996693718
-57.8125;-54.3429;5.35193410457345;3.425192996693718
-57.875;-53.9714;5.35193410457345;3.425192996693718
-57.875;-53.9429;5.35193410457345;3.425192996693718
-57.875;-53.7429;5.35193410457345;3.425192996693718
-57.3125;-54.0857;5.35193410457345;3.425192996693718
-56.0;-53.8;5.35193410457345;3.425192996693718
-54.875;-53.2;5.35193410457345;3.425192996693718
-54.8125;-53.4571;5.35193410457345;3.425192996693718
-55.1875;-53.0286;5.35193410457345;3.425192996693718
-55.4375;-53.1714;5.35193410457345;3.425192996693718
-55.4375;-52.9429;5.35193410457345;3.425192996693718
-55.1875;-53.0;5.35193410457345;3.425192996693718
-55.3125;-52.7714;5.35193410457345;3.425192996693718
-55.4375;-53.0857;5.35193410457345;3.425192996693718
-55.375;-53.2;5.35193410457345;3.425192996693718
-55.8125;-52.7429;5.35193410457345;3.425192996693718
-56.0625;-52.8;5.35193410457345;3.425192996693718
-56.0;-52.2;5.35193410457345;3.425192996693718
-56.0;-52.5143;5.35193410457345;3.425192996693718
-55.3125;-52.5714;5.35193410457345;3.425192996693718
-54.5;-52.8;5.35193410457345;3.425192996693718
-54.625;-52.1429;5.35193410457345;3.425192996693718
-54.9375;-52.0286;5.35193410457345;3.425192996693718
-54.875;-52.1429;5.35193410457345;3.425192996693718
-54.25;-52.3429;5.35193410457345;3.425192996693718
-53.3125;-52.2571;5.35193410457345;3.425192996693718
-52.8125;-51.5143;5.35193410457345;3.425192996693718
-52.8125;-51.3714;5.35193410457345;3.425192996693718
-53.0;-51.3143;5.35193410457345;3.425192996693718
-53.4375;-51.3714;5.35193410457345;3.425192996693718
-53.625;-51.2;5.35193410457345;3.425192996693718
-53.375;-51.4;5.35193410457345;3.425192996693718
-53.0;-50.8;5.35193410457345;3.425192996693718
-52.75;-50.8571;5.35193410457345;3.425192996693718
-52.6875;-50.8;5.35193410457345;3.425192996693718
-52.6875;-50.7714;5.35193410457345;3.425192996693718
-52.8125;-50.8857;5.35193410457345;3.425192996693718
-53.125;-50.6571;5.35193410457345;3.425192996693718
-53.375;-50.6571;5.35193410457345;3.425192996693718
-53.625;-50.6286;5.35193410457345;3.425192996693718
-53.6875;-50.4857;5.35193410457345;3.425192996693718
-53.5625;-50.3429;5.35193410457345;3.425192996693718
-53.0625;-50.5714;5.35193410457345;3.425192996693718
-52.6875;-50.2286;5.35193410457345;3.425192996693718
-52.5;-50.1143;5.35193410457345;3.425192996693718
-52.1875;-50.1429;5.35193410457345;3.425192996693718
-52.0;-50.0571;5.35193410457345;3.425192996693718
-52.0;-49.5714;5.35193410457345;3.425192996693718
-52.3125;-49.5714;5.35193410457345;3.425192996693718
-52.5625;-49.3429;5.35193410457345;3.425192996693718
-52.8125;-49.6286;5.35193410457345;3.425192996693718
-52.625;-49.3143;5.35193410457345;3.425192996693718
-51.4375;-49.2;5.35193410457345;3.425192996693718
-51.0625;-49.0857;5.35193410457345;3.425192996693718
-51.9375;-49.0857;5.35193410457345;3.425192996693718
-53.0;-49.0286;5.35193410457345;3.425192996693718
-53.3125;-48.8857;5.35193410457345;3.425192996693718
-53.1875;-48.7429;5.35193410457345;3.425192996693718
-53.125;-48.6286;5.35193410457345;3.425192996693718
-52.625;-48.5143;5.35193410457345;3.425192996693718
-51.5;-48.5714;5.35193410457345;3.425192996693718
-50.4375;-48.4;5.35193410457345;3.425192996693718
-49.6875;-48.6286;5.35193410457345;3.425192996693718
-49.3125;-48.3714;5.35193410457345;3.425192996693718
-49.1875;-48.3143;5.35193410457345;3.425192996693718
-49.1875;-48.0;5.35193410457345;3.425192996693718
-49.25;-47.8571;5.35193410457345;3.425192996693718
-49.3125;-47.8286;5.35193410457345;3.425192996693718
-49.6875;-47.8;5.35193410457345;3.425192996693718
-50.75;-47.6;5.35193410457345;3.425192996693718
-51.375;-47.4286;5.35193410457345;3.425192996693718
-50.875;-47.5714;5.35193410457345;3.425192996693718
-50.4375;-47.3429;5.35193410457345;3.425192996693718
-50.125;-47.3143;5.35193410457345;3.425192996693718
-49.3125;-47.1714;5.35193410457345;3.425192996693718
-48.375;-47.0286;5.35193410457345;3.425192996693718
-48.125;-46.8286;5.35193410457345;3.425192996693718
-48.5625;-46.7714;5.35193410457345;3.425192996693718
-48.5625;-46.8571;5.35193410457345;3.425192996693718
-47.875;-46.7714;5.35193410457345;3.425192996693718
-47.625;-47.0571;5.35193410457345;3.425192996693718
-48.3125;-46.8857;5.35193410457345;3.425192996693718
-49.0625;-46.5429;5.35193410457345;3.425192996693718
-48.6875;-46.6857;5.35193410457345;3.425192996693718
-47.9375;-46.5143;5.35193410457345;3.425192996693718
-47.8125;-46.3714;5.35193410457345;3.425192996693718
-47.625;-46.4286;5.35193410457345;3.425192996693718
-47.0625;-46.4857;5.35193410457345;3.425192996693718
-46.6875;-46.0857;5.35193410457345;3.425192996693718
-46.9375;-45.7143;5.35193410457345;3.425192996693718
-47.125;-45.7143;5.35193410457345;3.425192996693718
-47.25;-45.3714;5.35193410457345;3.425192996693718
-47.5625;-45.5143;5.35193410457345;3.425192996693718
-47.6875;-45.3429;5.35193410457345;3.425192996693718
-47.5;-45.3714;5.35193410457345;3.425192996693718
-47.5;-45.4286;5.35193410457345;3.425192996693718
-47.5625;-45.4286;5.35193410457345;3.425192996693718
-47.625;-45.2857;5.35193410457345;3.425192996693718
-47.625;-45.1714;5.35193410457345;3.425192996693718
-47.6875;-45.0286;5.35193410457345;3.425192996693718
-47.4375;-44.9143;5.35193410457345;3.425192996693718
-46.625;-44.6857;5.35193410457345;3.425192996693718
-46.0;-44.6286;5.35193410457345;3.425192996693718
-46.0;-44.4286;5.35193410457345;3.425192996693718
-46.1875;-44.3143;5.35193410457345;3.425192996693718
-46.5625;-44.4286;5.35193410457345;3.425192996693718
-46.5;-44.5143;5.35193410457345;3.425192996693718
-46.1875;-44.3429;5.35193410457345;3.425192996693718
-46.25;-44.2857;5.35193410457345;3.425192996693718
-46.3125;-44.2571;5.35193410457345;3.425192996693718
-46.375;-43.8857;5.35193410457345;3.425192996693718
-46.3125;-43.8;5.35193410457345;3.425192996693718
-45.8125;-43.6857;5.35193410457345;3.425192996693718
-45.125;-43.4;5.35193410457345;3.425192996693718
-45.0625;-43.4857;5.35193410457345;3.425192996693718
-45.125;-43.6;5.35193410457345;3.425192996693718
-45.125;-43.3143;5.35193410457345;3.425192996693718
-45.75;-43.3714;5.35193410457345;3.425192996693718
-46.6875;-43.2286;5.35193410457345;3.425192996693718
-46.875;-43.1714;5.35193410457345;3.425192996693718
-46.3125;-43.0571;5.35193410457345;3.425192996693718
-45.125;-42.9143;5.35193410457345;3.425192996693718
-44.0;-42.9429;5.35193410457345;3.425192996693718
-43.6875;-42.7714;5.35193410457345;3.425192996693718
-43.6875;-42.9714;5.35193410457345;3.425192996693718
-43.625;-43.0;5.35193410457345;3.425192996693718
-44.5625;-43.0286;5.35193410457345;3.425192996693718
-46.125;-42.7143;5.35193410457345;3.425192996693718
-47.3125;-42.5429;5.35193410457345;3.425192996693718
-47.875;-42.4286;5.35193410457345;3.425192996693718
-48.0;-42.5714;5.35193410457345;3.425192996693718
-48.0;-42.5714;5.35193410457345;3.425192996693718
-47.625;-42.1714;5.35193410457345;3.425192996693718
-46.6875;-42.2286;5.35193410457345;3.425192996693718
-45.375;-42.0857;5.35193410457345;3.425192996693718
-44.125;-41.9429;5.35193410457345;3.425192996693718
-43.625;-41.8286;5.35193410457345;3.425192996693718
-43.5;-41.8571;5.35193410457345;3.425192996693718
-43.0625;-41.6857;5.35193410457345;3.425192996693718
-42.8125;-41.7429;5.35193410457345;3.425192996693718
-42.9375;-41.6286;5.35193410457345;3.425192996693718
-43.125;-41.4571;5.35193410457345;3.425192996693718
-43.6875;-41.2286;5.35193410457345;3.425192996693718
-44.4375;-41.1714;5.35193410457345;3.425192996693718
-44.25;-41.2857;5.35193410457345;3.425192996693718
-43.625;-41.3143;5.35193410457345;3.425192996693718
-43.375;-41.0286;5.35193410457345;3.425192996693718
-43.3125;-40.9714;5.35193410457345;3.425192996693718
-43.1875;-40.8;5.35193410457345;3.425192996693718
-43.0;-40.7429;5.35193410457345;3.425192996693718
-43.375;-40.6286;5.35193410457345;3.425192996693718
-43.5625;-40.6286;5.35193410457345;3.425192996693718
-43.0;-40.4571;5.35193410457345;3.425192996693718
-42.6875;-40.4286;5.35193410457345;3.425192996693718
-42.4375;-40.4286;5.35193410457345;3.425192996693718
-42.125;-40.3714;5.35193410457345;3.425192996693718
-41.875;-40.2;5.35193410457345;3.425192996693718
-41.9375;-40.2286;5.35193410457345;3.425192996693718
-42.5;-40.2;5.35193410457345;3.425192996693718
-43.1875;-40.1143;5.35193410457345;3.425192996693718
-43.75;-40.0;5.35193410457345;3.425192996693718
-44.0;-39.7429;5.35193410457345;3.425192996693718
-44.0;-39.6;5.35193410457345;3.425192996693718
-44.0;-39.7143;5.35193410457345;3.425192996693718
-43.75;-39.4571;5.35193410457345;3.425192996693718
-43.0;-39.6286;5.35193410457345;3.425192996693718
-42.3125;-39.4286;5.35193410457345;3.425192996693718
-41.5;-39.4;5.35193410457345;3.425192996693718
-40.6875;-39.4857;5.35193410457345;3.425192996693718
-40.6875;-39.2;5.35193410457345;3.425192996693718
-40.4375;-39.2571;5.35193410457345;3.425192996693718
-39.875;-39.0;5.35193410457345;3.425192996693718
-40.0;-38.9429;5.35193410457345;3.425192996693718
-40.375;-38.7714;5.35193410457345;3.425192996693718
-40.8125;-38.6286;5.35193410457345;3.425192996693718
-41.3125;-38.7429;5.35193410457345;3.425192996693718
-41.25;-38.6857;5.35193410457345;3.425192996693718
-40.9375;-38.8;5.35193410457345;3.425192996693718
-40.9375;-38.7429;5.35193410457345;3.425192996693718
-40.625;-38.4571;5.35193410457345;3.425192996693718
-40.125;-38.2857;5.35193410457345;3.425192996693718
-40.0625;-37.9714;5.35193410457345;3.425192996693718
-40.3125;-38.1429;5.35193410457345;3.425192996693718
-40.375;-38.0286;5.35193410457345;3.425192996693718
-40.375;-37.9429;5.35193410457345;3.425192996693718
-40.125;-37.7714;5.35193410457345;3.425192996693718
-40.125;-37.6857;5.35193410457345;3.425192996693718
-40.25;-37.7143;5.35193410457345;3.425192996693718
-39.6875;-37.8;5.35193410457345;3.425192996693718
-39.0625;-37.5714;5.35193410457345;3.425192996693718
-39.625;-37.4571;5.35193410457345;3.425192996693718
-40.9375;-37.5714;5.35193410457345;3.425192996693718
-42.0;-37.5429;5.35193410457345;3.425192996693718
-42.5625;-37.5429;5.35193410457345;3.425192996693718
-42.75;-37.5429;5.35193410457345;3.425192996693718
-42.6875;-37.2571;5.35193410457345;3.425192996693718
-42.1875;-37.1714;5.35193410457345;3.425192996693718
-41.125;-37.2;5.35193410457345;3.425192996693718
-40.125;-36.9714;5.35193410457345;3.425192996693718
-39.125;-36.8857;5.35193410457345;3.425192996693718
-38.875;-36.7429;5.35193410457345;3.425192996693718
-39.1875;-36.7143;5.35193410457345;3.425192996693718
-38.75;-36.4857;5.35193410457345;3.425192996693718
-38.25;-36.3714;5.35193410457345;3.425192996693718
-38.4375;-36.5714;5.35193410457345;3.425192996693718
-38.875;-36.5143;5.35193410457345;3.425192996693718
-39.25;-36.5143;5.35193410457345;3.425192996693718
-39.0625;-36.5143;5.35193410457345;3.425192996693718
-38.1875;-36.3714;5.35193410457345;3.425192996693718
-37.375;-36.3714;5.35193410457345;3.425192996693718
-37.0;-36.4571;5.35193410457345;3.425192996693718
-36.75;-36.3714;5.35193410457345;3.425192996693718
-36.6875;-36.0;5.35193410457345;3.425192996693718
-37.25;-35.9429;5.35193410457345;3.425192996693718
-37.9375;-35.6571;5.35193410457345;3.425192996693718
-38.125;-35.6286;5.35193410457345;3.425192996693718
-38.125;-35.6571;5.35193410457345;3.425192996693718
-37.9375;-35.5714;5.35193410457345;3.425192996693718
-37.3125;-35.2857;5.35193410457345;3.425192996693718
-36.5625;-35.2286;5.35193410457345;3.425192996693718
-36.375;-35.2857;5.35193410457345;3.425192996693718
-36.8125;-35.3143;5.35193410457345;3.425192996693718
-37.375;-35.1714;5.35193410457345;3.425192996693718
-37.625;-35.2;5.35193410457345;3.425192996693718
-37.75;-35.1143;5.35193410457345;3.425192996693718
-37.75;-35.0286;5.35193410457345;3.425192996693718
-37.6875;-34.9143;5.35193410457345;3.425192996693718
-37.6875;-34.8;5.35193410457345;3.425192996693718
-37.4375;-34.6571;5.35193410457345;3.425192996693718
-36.875;-34.4571;5.35193410457345;3.425192996693718
-36.1875;-34.4857;5.35193410457345;3.425192996693718
-35.75;-34.4571;5.35193410457345;3.425192996693718
-35.875;-34.3714;5.35193410457345;3.425192996693718
-35.9375;-34.1429;5.35193410457345;3.425192996693718
-35.4375;-34.2;5.35193410457345;3.425192996693718
-34.5625;-34.0571;5.35193410457345;3.425192996693718
-34.0625;-33.9714;5.35193410457345;3.425192996693718
-34.375;-33.9429;5.35193410457345;3.425192996693718
-35.1875;-33.9714;5.35193410457345;3.425192996693718
-35.5625;-33.6286;5.35193410457345;3.425192996693718
-35.4375;-33.7143;5.35193410457345;3.425192996693718
-35.5;-33.5429;5.35193410457345;3.425192996693718
-35.5;-33.6;5.35193410457345;3.425192996693718
-35.125;-33.5143;5.35193410457345;3.425192996693718
-34.875;-33.5143;5.35193410457345;3.425192996693718
-34.75;-33.5429;5.35193410457345;3.425192996693718
-34.375;-33.3714;5.35193410457345;3.425192996693718
-34.125;-33.2;5.35193410457345;3.425192996693718
-34.0625;-33.2571;5.35193410457345;3.425192996693718
-34.4375;-33.3143;5.35193410457345;3.425192996693718
-34.5625;-33.1143;5.35193410457345;3.425192996693718
-33.9375;-33.1143;5.35193410457345;3.425192996693718
-32.9375;-32.9714;5.35193410457345;3.425192996693718
-32.25;-32.8857;5.35193410457345;3.425192996693718
-32.375;-32.7429;5.35193410457345;3.425192996693718
-33.25;-32.7714;5.35193410457345;3.425192996693718
-34.0625;-32.6857;5.35193410457345;3.425192996693718
-34.5;-32.5429;5.35193410457345;3.425192996693718
-34.6875;-32.6;5.35193410457345;3.425192996693718
-34.6875;-32.5143;5.35193410457345;3.425192996693718
-34.3125;-32.3143;5.35193410457345;3.425192996693718
-33.8125;-32.4;5.35193410457345;3.425192996693718
-33.625;-32.1714;5.35193410457345;3.425192996693718
-33.4375;-32.0857;5.35193410457345;3.425192996693718
-33.1875;-32.0;5.35193410457345;3.425192996693718
-32.9375;-31.8857;5.35193410457345;3.425192996693718
-32.625;-31.7714;5.35193410457345;3.425192996693718
-32.625;-31.8;5.35193410457345;3.425192996693718
-33.1875;-31.7143;5.35193410457345;3.425192996693718
-33.625;-31.6286;5.35193410457345;3.425192996693718
-33.4375;-31.4857;5.35193410457345;3.425192996693718
-33.1875;-31.5429;5.35193410457345;3.425192996693718
-33.1875;-31.4571;5.35193410457345;3.425192996693718
-33.125;-31.3429;5.35193410457345;3.425192996693718
-33.0;-31.2571;5.35193410457345;3.425192996693718
-32.5;-31.3143;5.35193410457345;3.425192996693718
-31.875;-31.3429;5.35193410457345;3.425192996693718
-31.3125;-31.3714;5.35193410457345;3.425192996693718
-31.1875;-31.1143;5.35193410457345;3.425192996693718
-31.5625;-31.1143;5.35193410457345;3.425192996693718
-31.9375;-31.0571;5.35193410457345;3.425192996693718
-32.25;-31.0286;5.35193410457345;3.425192996693718
-32.375;-30.8;5.35193410457345;3.425192996693718
-32.1875;-30.5429;5.35193410457345;3.425192996693718
-31.8125;-30.5714;5.35193410457345;3.425192996693718
-31.125;-30.6571;5.35193410457345;3.425192996693718
-30.3125;-30.4571;5.35193410457345;3.425192996693718
-29.6875;-30.3714;5.35193410457345;3.425192996693718
-29.375;-30.2571;5.35193410457345;3.425192996693718
-29.3125;-30.4;5.35193410457345;3.425192996693718
-29.375;-30.2571;5.35193410457345;3.425192996693718
-29.4375;-30.2286;5.35193410457345;3.425192996693718
-29.8125;-30.0857;5.35193410457345;3.425192996693718
-30.625;-30.0;5.35193410457345;3.425192996693718
-31.1875;-29.8571;5.35193410457345;3.425192996693718
-31.0;-29.7714;5.35193410457345;3.425192996693718
-30.5625;-29.7714;5.35193410457345;3.425192996693718
-30.4375;-29.6286;5.35193410457345;3.425192996693718
-30.375;-29.4571;5.35193410457345;3.425192996693718
-30.4375;-29.3714;5.35193410457345;3.425192996693718
-30.75;-29.2571;5.35193410457345;3.425192996693718
-30.875;-29.2857;5.35193410457345;3.425192996693718
-30.875;-29.2286;5.35193410457345;3.425192996693718
-30.8125;-29.1714;5.35193410457345;3.425192996693718
-30.375;-29.0286;5.35193410457345;3.425192996693718
-30.0;-29.0857;5.35193410457345;3.425192996693718
-30.25;-29.0286;5.35193410457345;3.425192996693718
-30.625;-28.9714;5.35193410457345;3.425192996693718
-30.625;-28.8;5.35193410457345;3.425192996693718
-30.0;-28.8286;5.35193410457345;3.425192996693718
-29.1875;-28.7143;5.35193410457345;3.425192996693718
-28.3125;-28.6857;5.35193410457345;3.425192996693718
-27.6875;-28.5429;5.35193410457345;3.425192996693718
-28.125;-28.4286;5.35193410457345;3.425192996693718
-28.9375;-28.3429;5.35193410457345;3.425192996693718
-29.5625;-28.2286;5.35193410457345;3.425192996693718
-29.9375;-28.2286;5.35193410457345;3.425192996693718
-29.75;-28.1429;5.35193410457345;3.425192996693718
-28.9375;-28.1714;5.35193410457345;3.425192996693718
-28.125;-28.0286;5.35193410457345;3.425192996693718
-27.5625;-28.0;5.35193410457345;3.425192996693718
-27.375;-28.0286;5.35193410457345;3.425192996693718
-27.3125;-27.8857;5.35193410457345;3.425192996693718
-27.375;-27.8;5.35193410457345;3.425192996693718
-27.875;-27.8286;5.35193410457345;3.425192996693718
-28.875;-27.7143;5.35193410457345;3.425192996693718
-29.1875;-27.8286;5.35193410457345;3.425192996693718
-29.0;-27.7143;5.35193410457345;3.425192996693718
-29.0;-27.5714;5.35193410457345;3.425192996693718
-29.0;-27.4857;5.35193410457345;3.425192996693718
-28.625;-27.3143;5.35193410457345;3.425192996693718
-28.125;-27.2857;5.35193410457345;3.425192996693718
-27.9375;-27.1714;5.35193410457345;3.425192996693718
-28.3125;-26.9714;5.35193410457345;3.425192996693718
-28.875;-26.9714;5.35193410457345;3.425192996693718
-29.1875;-27.0286;5.35193410457345;3.425192996693718
-29.0625;-26.9429;5.35193410457345;3.425192996693718
-28.75;-27.0286;5.35193410457345;3.425192996693718
-28.25;-26.8857;5.35193410457345;3.425192996693718
-28.0;-26.8857;5.35193410457345;3.425192996693718
-27.75;-26.9429;5.35193410457345;3.425192996693718
-26.9375;-26.7429;5.35193410457345;3.425192996693718
-26.375;-26.7429;5.35193410457345;3.425192996693718
-26.6875;-26.6857;5.35193410457345;3.425192996693718
-26.875;-26.6;5.35193410457345;3.425192996693718
-27.0625;-26.4;5.35193410457345;3.425192996693718
-27.4375;-26.3143;5.35193410457345;3.425192996693718
-27.375;-26.3143;5.35193410457345;3.425192996693718
-26.9375;-26.1714;5.35193410457345;3.425192996693718
-26.625;-26.1143;5.35193410457345;3.425192996693718
-26.25;-26.0;5.35193410457345;3.425192996693718
-25.625;-25.9714;5.35193410457345;3.425192996693718
-25.1875;-26.0286;5.35193410457345;3.425192996693718
-25.0;-25.8286;5.35193410457345;3.425192996693718
-24.9375;-25.7143;5.35193410457345;3.425192996693718
-24.9375;-25.8286;5.35193410457345;3.425192996693718
-25.5625;-25.7714;5.35193410457345;3.425192996693718
-26.6875;-25.7143;5.35193410457345;3.425192996693718
-27.1875;-25.6571;5.35193410457345;3.425192996693718
-27.0625;-25.5429;5.35193410457345;3.425192996693718
-27.0;-25.2286;5.35193410457345;3.425192996693718
-26.8125;-25.2286;5.35193410457345;3.425192996693718
-26.75;-25.2;5.35193410457345;3.425192996693718
-26.75;-25.1143;5.35193410457345;3.425192996693718
-26.625;-25.1714;5.35193410457345;3.425192996693718
-26.125;-25.2571;5.35193410457345;3.425192996693718
-25.375;-25.0857;5.35193410457345;3.425192996693718
-25.125;-25.0;5.35193410457345;3.425192996693718
-25.5;-24.8286;5.35193410457345;3.425192996693718
-26.1875;-24.6857;5.35193410457345;3.425192996693718
-26.3125;-24.5714;5.35193410457345;3.425192996693718
-25.8125;-24.5143;5.35193410457345;3.425192996693718
-25.5625;-24.5714;5.35193410457345;3.425192996693718
-25.0625;-24.4857;5.35193410457345;3.425192996693718
-24.625;-24.6;5.35193410457345;3.425192996693718
-24.875;-24.6;5.35193410457345;3.425192996693718
-25.375;-24.5429;5.35193410457345;3.425192996693718
-25.75;-24.4857;5.35193410457345;3.425192996693718
-25.625;-24.2571;5.35193410457345;3.425192996693718
-25.1875;-24.1143;5.35193410457345;3.425192996693718
-25.0;-24.1143;5.35193410457345;3.425192996693718
-25.25;-24.0571;5.35193410457345;3.425192996693718
-25.375;-24.0;5.35193410457345;3.425192996693718
-25.25;-23.9143;5.35193410457345;3.425192996693718
-25.0625;-23.8286;5.35193410457345;3.425192996693718
-24.9375;-23.8857;5.35193410457345;3.425192996693718
-24.875;-23.9143;5.35193410457345;3.425192996693718
-24.875;-23.7714;5.35193410457345;3.425192996693718
-24.8125;-23.7429;5.35193410457345;3.425192996693718
-24.5625;-23.6286;5.35193410457345;3.425192996693718
-24.0;-23.5429;5.35193410457345;3.425192996693718
-23.5;-23.5714;5.35193410457345;3.425192996693718
-23.625;-23.5429;5.35193410457345;3.425192996693718
-23.8125;-23.5714;5.35193410457345;3.425192996693718
-24.0;-23.4857;5.35193410457345;3.425192996693718
-24.1875;-23.4;5.35193410457345;3.425192996693718
-24.0625;-23.3143;5.35193410457345;3.425192996693718
-23.5625;-23.3143;5.35193410457345;3.425192996693718
-23.3125;-23.2571;5.35193410457345;3.425192996693718
-23.5625;-23.1714;5.35193410457345;3.425192996693718
-23.875;-22.9714;5.35193410457345;3.425192996693718
-24.125;-22.8857;5.35193410457345;3.425192996693718
-24.0625;-22.8857;5.35193410457345;3.425192996693718
-23.5625;-22.8286;5.35193410457345;3.425192996693718
-23.0;-22.7429;5.35193410457345;3.425192996693718
-22.8125;-22.6;5.35193410457345;3.425192996693718
-22.8125;-22.6571;5.35193410457345;3.425192996693718
-22.9375;-22.6;5.35193410457345;3.425192996693718
-23.0;-22.5429;5.35193410457345;3.425192996693718
-23.125;-22.4857;5.35193410457345;3.425192996693718
-23.0625;-22.4286;5.35193410457345;3.425192996693718
-22.75;-22.1714;5.35193410457345;3.425192996693718
-22.5;-22.1143;5.35193410457345;3.425192996693718
-22.1875;-22.0286;5.35193410457345;3.425192996693718
-22.125;-22.0;5.35193410457345;3.425192996693718
-22.375;-22.0571;5.35193410457345;3.425192996693718
-22.625;-22.0;5.35193410457345;3.425192996693718
-22.75;-21.9714;5.35193410457345;3.425192996693718
-22.8125;-21.8;5.35193410457345;3.425192996693718
-22.8125;-21.7714;5.35193410457345;3.425192996693718
-22.8125;-21.7714;5.35193410457345;3.425192996693718
-22.5;-21.6;5.35193410457345;3.425192996693718
-22.0;-21.6;5.35193410457345;3.425192996693718
-21.75;-21.6286;5.35193410457345;3.425192996693718
-21.6875;-21.4571;5.35193410457345;3.425192996693718
-21.6875;-21.4571;5.35193410457345;3.425192996693718
-21.875;-21.5143;5.35193410457345;3.425192996693718
-21.6875;-21.3714;5.35193410457345;3.425192996693718
-21.3125;-21.2;5.35193410457345;3.425192996693718
-21.375;-21.3143;5.35193410457345;3.425192996693718
-21.375;-21.2286;5.35193410457345;3.425192996693718
-21.4375;-21.1143;5.35193410457345;3.425192996693718
-21.8125;-21.1143;5.35193410457345;3.425192996693718
-22.0;-21.0;5.35193410457345;3.425192996693718
-22.0;-21.0;5.35193410457345;3.425192996693718
-21.875;-21.0571;5.35193410457345;3.425192996693718
-21.875;-20.9429;5.35193410457345;3.425192996693718
-22.25;-20.8571;5.35193410457345;3.425192996693718
-22.625;-20.7714;5.35193410457345;3.425192996693718
-22.4375;-20.6857;5.35193410457345;3.425192996693718
-21.625;-20.5143;5.35193410457345;3.425192996693718
-20.875;-20.5143;5.35193410457345;3.425192996693718
-20.5625;-20.6286;5.35193410457345;3.425192996693718
-20.5;-20.5429;5.35193410457345;3.425192996693718
-20.5625;-20.4857;5.35193410457345;3.425192996693718
-20.8125;-20.4286;5.35193410457345;3.425192996693718
-21.125;-20.3429;5.35193410457345;3.425192996693718
-21.25;-20.2286;5.35193410457345;3.425192996693718
-21.3125;-20.0571;5.35193410457345;3.425192996693718
-21.3125;-19.9429;5.35193410457345;3.425192996693718
-21.3125;-19.9143;5.35193410457345;3.425192996693718
-21.3125;-19.8571;5.35193410457345;3.425192996693718
-21.1875;-19.8;5.35193410457345;3.425192996693718
-21.0;-19.7143;5.35193410457345;3.425192996693718
-20.6875;-19.8;5.35193410457345;3.425192996693718
-20.5;-19.7143;5.35193410457345;3.425192996693718
-20.4375;-19.8;5.35193410457345;3.425192996693718
-20.1875;-19.8;5.35193410457345;3.425192996693718
-20.25;-19.6286;5.35193410457345;3.425192996693718
-20.5;-19.5429;5.35193410457345;3.425192996693718
-20.625;-19.5714;5.35193410457345;3.425192996693718
-20.5625;-19.4571;5.35193410457345;3.425192996693718
-20.1875;-19.3714;5.35193410457345;3.425192996693718
-19.625;-19.3714;5.35193410457345;3.425192996693718
-19.3125;-19.3714;5.35193410457345;3.425192996693718
-19.375;-19.2857;5.35193410457345;3.425192996693718
-19.4375;-19.2;5.35193410457345;3.425192996693718
-19.4375;-19.1143;5.35193410457345;3.425192996693718
-19.6875;-19.1143;5.35193410457345;3.425192996693718
-19.8125;-19.0571;5.35193410457345;3.425192996693718
-19.625;-19.0571;5.35193410457345;3.425192996693718
-19.5625;-19.0571;5.35193410457345;3.425192996693718
-19.5625;-19.0;5.35193410457345;3.425192996693718
-19.3125;-18.9429;5.35193410457345;3.425192996693718
-19.0625;-18.7429;5.35193410457345;3.425192996693718
-19.0625;-18.7429;5.35193410457345;3.425192996693718
-19.0;-18.5714;5.35193410457345;3.425192996693718
-18.875;-18.5143;5.35193410457345;3.425192996693718
-18.75;-18.4857;5.35193410457345;3.425192996693718
-18.6875;-18.3714;5.35193410457345;3.425192996693718
-18.6875;-18.3714;5.35193410457345;3.425192996693718
-18.6875;-18.3429;5.35193410457345;3.425192996693718
-18.6875;-18.2571;5.35193410457345;3.425192996693718
-18.6875;-18.1714;5.35193410457345;3.425192996693718
-18.75;-18.1714;5.35193410457345;3.425192996693718
-18.625;-18.0857;5.35193410457345;3.425192996693718
-18.25;-18.0;5.35193410457345;3.425192996693718
-18.0625;-17.9143;5.35193410457345;3.425192996693718
-18.0;-17.8;5.35193410457345;3.425192996693718
-17.6875;-17.8;5.35193410457345;3.425192996693718
-17.4375;-17.7143;5.35193410457345;3.425192996693718
-17.4375;-17.6;5.35193410457345;3.425192996693718
-17.4375;-17.5143;5.35193410457345;3.425192996693718
-17.5625;-17.4;5.35193410457345;3.425192996693718
-18.0625;-17.3714;5.35193410457345;3.425192996693718
-18.3125;-17.3143;5.35193410457345;3.425192996693718
-18.125;-17.1714;5.35193410457345;3.425192996693718
-17.875;-17.1714;5.35193410457345;3.425192996693718
-17.6875;-17.1429;5.35193410457345;3.425192996693718
-17.8125;-17.0286;5.35193410457345;3.425192996693718
-18.0625;-16.9143;5.35193410457345;3.425192996693718
-17.8125;-16.9429;5.35193410457345;3.425192996693718
-17.3125;-16.9429;5.35193410457345;3.425192996693718
-16.9375;-16.8857;5.35193410457345;3.425192996693718
-17.1875;-16.8286;5.35193410457345;3.425192996693718
-17.375;-16.7429;5.35193410457345;3.425192996693718
-17.0625;-16.7143;5.35193410457345;3.425192996693718
-16.75;-16.6857;5.35193410457345;3.425192996693718
-16.9375;-16.5714;5.35193410457345;3.425192996693718
-17.125;-16.5429;5.35193410457345;3.425192996693718
-17.0;-16.5714;5.35193410457345;3.425192996693718
-16.8125;-16.4286;5.35193410457345;3.425192996693718
-16.6875;-16.4;5.35193410457345;3.425192996693718
-16.5625;-16.3143;5.35193410457345;3.425192996693718
-16.5625;-16.1429;5.35193410457345;3.425192996693718
-16.5625;-16.1143;5.35193410457345;3.425192996693718
-16.75;-16.1143;5.35193410457345;3.425192996693718
-16.9375;-15.9714;5.35193410457345;3.425192996693718
-16.9375;-16.0571;5.35193410457345;3.425192996693718
-17.125;-15.9429;5.35193410457345;3.425192996693718
-17.25;-15.9429;5.35193410457345;3.425192996693718
-16.875;-15.9429;5.35193410457345;3.425192996693718
-16.375;-15.9429;5.35193410457345;3.425192996693718
-16.0625;-15.7714;5.35193410457345;3.425192996693718
-15.8125;-15.7714;5.35193410457345;3.425192996693718
-15.625;-15.6571;5.35193410457345;3.425192996693718
-15.8125;-15.6857;5.35193410457345;3.425192996693718
-16.3125;-15.6571;5.35193410457345;3.425192996693718
-16.25;-15.6;5.35193410457345;3.425192996693718
-15.875;-15.5143;5.35193410457345;3.425192996693718
-15.75;-15.5714;5.35193410457345;3.425192996693718
-15.8125;-15.4571;5.35193410457345;3.425192996693718
-15.9375;-15.4571;5.35193410457345;3.425192996693718
-15.8125;-15.4;5.35193410457345;3.425192996693718
-15.375;-15.2857;5.35193410457345;3.425192996693718
-15.0625;-15.2857;5.35193410457345;3.425192996693718
-15.0;-15.4286;5.35193410457345;3.425192996693718
-15.25;-15.2571;5.35193410457345;3.425192996693718
-15.4375;-15.2286;5.35193410457345;3.425192996693718
-15.25;-15.1143;5.35193410457345;3.425192996693718
-14.9375;-15.0571;5.35193410457345;3.425192996693718
-14.8125;-14.9714;5.35193410457345;3.425192996693718
-14.375;-14.8857;5.35193410457345;3.425192996693718
-13.75;-14.8;5.35193410457345;3.425192996693718
-13.25;-14.7429;5.35193410457345;3.425192996693718
-13.0;-14.7714;5.35193410457345;3.425192996693718
-12.9375;-14.6286;5.35193410457345;3.425192996693718
-12.9375;-14.5714;5.35193410457345;3.425192996693718
-13.1875;-14.5143;5.35193410457345;3.425192996693718
-13.8125;-14.3714;5.35193410457345;3.425192996693718
-14.4375;-14.3714;5.35193410457345;3.425192996693718
-14.8125;-14.4571;5.35193410457345;3.425192996693718
-15.0;-14.4;5.35193410457345;3.425192996693718
-14.875;-14.3429;5.35193410457345;3.425192996693718
-14.5625;-14.2857;5.35193410457345;3.425192996693718
-14.0;-14.2571;5.35193410457345;3.425192996693718
-13.6875;-14.1714;5.35193410457345;3.425192996693718
-13.9375;-14.1714;5.35193410457345;3.425192996693718
-14.25;-14.1429;5.35193410457345;3.425192996693718
-14.3125;-14.1429;5.35193410457345;3.425192996693718
-14.5625;-14.0286;5.35193410457345;3.425192996693718
-14.75;-14.0;5.35193410457345;3.425192996693718
-14.625;-13.8857;5.35193410457345;3.425192996693718
-14.4375;-13.8286;5.35193410457345;3.425192996693718
-14.0;-13.7714;5.35193410457345;3.425192996693718
-13.6875;-13.8;5.35193410457345;3.425192996693718
-14.1875;-13.8;5.35193410457345;3.425192996693718
-14.6875;-13.6857;5.35193410457345;3.425192996693718
-14.625;-13.7429;5.35193410457345;3.425192996693718
-14.1875;-13.6857;5.35193410457345;3.425192996693718
-13.9375;-13.6286;5.35193410457345;3.425192996693718
-14.1875;-13.4857;5.35193410457345;3.425192996693718
-14.3125;-13.4857;5.35193410457345;3.425192996693718
-14.0625;-13.4571;5.35193410457345;3.425192996693718
-14.3125;-13.3429;5.35193410457345;3.425192996693718
-15.0;-13.3429;5.35193410457345;3.425192996693718
-15.5625;-13.2286;5.35193410457345;3.425192996693718
-15.875;-13.1429;5.35193410457345;3.425192996693718
-15.9375;-13.1714;5.35193410457345;3.425192996693718
-15.9375;-13.0286;5.35193410457345;3.425192996693718
-15.5;-13.0857;5.35193410457345;3.425192996693718
-14.4375;-13.0286;5.35193410457345;3.425192996693718
-13.4375;-12.9714;5.35193410457345;3.425192996693718
-12.8125;-12.9143;5.35193410457345;3.425192996693718
-12.625;-12.8857;5.35193410457345;3.425192996693718
-12.75;-12.7714;5.35193410457345;3.425192996693718
-13.0;-12.7429;5.35193410457345;3.425192996693718
-13.125;-12.7429;5.35193410457345;3.425192996693718
-13.0625;-12.6857;5.35193410457345;3.425192996693718
-12.9375;-12.6286;5.35193410457345;3.425192996693718
-12.9375;-12.5714;5.35193410457345;3.425192996693718
-12.875;-12.5714;5.35193410457345;3.425192996693718
-12.75;-12.5143;5.35193410457345;3.425192996693718
-12.5625;-12.4;5.35193410457345;3.425192996693718
-12.5625;-12.4286;5.35193410457345;3.425192996693718
-12.6875;-12.3143;5.35193410457345;3.425192996693718
-12.625;-12.3429;5.35193410457345;3.425192996693718
-12.8125;-12.3143;5.35193410457345;3.425192996693718
-12.9375;-12.3429;5.35193410457345;3.425192996693718
-12.75;-12.2857;5.35193410457345;3.425192996693718
-12.375;-12.0857;5.35193410457345;3.425192996693718
-12.125;-12.0857;5.35193410457345;3.425192996693718
-12.4375;-12.0571;5.35193410457345;3.425192996693718
-12.8125;-11.9429;5.35193410457345;3.425192996693718
-12.75;-11.9429;5.35193410457345;3.425192996693718
-12.625;-11.8571;5.35193410457345;3.425192996693718
-12.5625;-11.8857;5.35193410457345;3.425192996693718
-12.4375;-11.8286;5.35193410457345;3.425192996693718
-12.3125;-11.7429;5.35193410457345;3.425192996693718
-12.25;-11.6857;5.35193410457345;3.425192996693718
-12.25;-11.6571;5.35193410457345;3.425192996693718
-12.25;-11.5714;5.35193410457345;3.425192996693718
-12.1875;-11.5429;5.35193410457345;3.425192996693718
-12.0625;-11.4857;5.35193410457345;3.425192996693718
-12.125;-11.4571;5.35193410457345;3.425192996693718
-12.0625;-11.4571;5.35193410457345;3.425192996693718
-11.625;-11.3714;5.35193410457345;3.425192996693718
-11.375;-11.3143;5.35193410457345;3.425192996693718
-11.3125;-11.2571;5.35193410457345;3.425192996693718
-11.1875;-11.2;5.35193410457345;3.425192996693718
-11.1875;-11.1714;5.35193410457345;3.425192996693718
-11.25;-11.1429;5.35193410457345;3.425192996693718
-11.375;-11.0571;5.35193410457345;3.425192996693718
-11.3125;-11.0571;5.35193410457345;3.425192996693718
-11.0;-11.0;5.35193410457345;3.425192996693718
-11.0625;-10.9429;5.35193410457345;3.425192996693718
-11.5625;-10.9143;5.35193410457345;3.425192996693718
-11.6875;-10.9143;5.35193410457345;3.425192996693718
-11.375;-10.8857;5.35193410457345;3.425192996693718
-11.0;-10.8;5.35193410457345;3.425192996693718
-10.125;-10.8;5.35193410457345;3.425192996693718
-9.4375;-10.7143;5.35193410457345;3.425192996693718
-9.75;-10.6857;5.35193410457345;3.425192996693718
-10.6875;-10.5714;5.35193410457345;3.425192996693718
-11.0625;-10.5429;5.35193410457345;3.425192996693718
-10.5625;-10.5429;5.35193410457345;3.425192996693718
-10.1875;-10.4571;5.35193410457345;3.425192996693718
-10.25;-10.4571;5.35193410457345;3.425192996693718
-9.8125;-10.4;5.35193410457345;3.425192996693718
-9.0625;-10.3714;5.35193410457345;3.425192996693718
-8.5;-10.3429;5.35193410457345;3.425192996693718
-8.1875;-10.2286;5.35193410457345;3.425192996693718
-8.125;-10.2286;5.35193410457345;3.425192996693718
-8.125;-10.1714;5.35193410457345;3.425192996693718
-8.375;-10.1429;5.35193410457345;3.425192996693718
-9.125;-10.0571;5.35193410457345;3.425192996693718
-10.0;-9.9714;5.35193410457345;3.425192996693718
-10.3125;-9.9714;5.35193410457345;3.425192996693718
-10.125;-9.9714;5.35193410457345;3.425192996693718
-9.8125;-9.9143;5.35193410457345;3.425192996693718
-9.625;-9.9143;5.35193410457345;3.425192996693718
-9.625;-9.9143;5.35193410457345;3.425192996693718
-9.6875;-9.9143;5.35193410457345;3.425192996693718
-9.8125;-9.8;5.35193410457345;3.425192996693718
-9.6875;-9.7429;5.35193410457345;3.425192996693718
-9.375;-9.7429;5.35193410457345;3.425192996693718
-9.0;-9.6571;5.35193410457345;3.425192996693718
-8.6875;-9.6286;5.35193410457345;3.425192996693718
-8.6875;-9.6;5.35193410457345;3.425192996693718
-8.9375;-9.5429;5.35193410457345;3.425192996693718
-8.9375;-9.4286;5.35193410457345;3.425192996693718
-8.8125;-9.4571;5.35193410457345;3.425192996693718
-8.9375;-9.3714;5.35193410457345;3.425192996693718
-9.1875;-9.3714;5.35193410457345;3.425192996693718
-9.125;-9.3714;5.35193410457345;3.425192996693718
-8.875;-9.2857;5.35193410457345;3.425192996693718
-8.6875;-9.2857;5.35193410457345;3.425192996693718
-8.5;-9.2286;5.35193410457345;3.425192996693718
-8.5;-9.1143;5.35193410457345;3.425192996693718
-8.75;-9.1143;5.35193410457345;3.425192996693718
-9.1875;-9.0;5.35193410457345;3.425192996693718
-9.5;-9.0571;5.35193410457345;3.425192996693718
-9.6875;-9.0;5.35193410457345;3.425192996693718
-9.75;-8.9714;5.35193410457345;3.425192996693718
-9.6875;-8.9143;5.35193410457345;3.425192996693718
-9.6875;-8.8286;5.35193410457345;3.425192996693718
-9.6875;-8.8571;5.35193410457345;3.425192996693718
-9.75;-8.7714;5.35193410457345;3.425192996693718
-9.75;-8.7143;5.35193410457345;3.425192996693718
-9.375;-8.7143;5.35193410457345;3.425192996693718
-8.6875;-8.7143;5.35193410457345;3.425192996693718
-8.125;-8.6;5.35193410457345;3.425192996693718
-8.0;-8.5714;5.35193410457345;3.425192996693718
-7.9375;-8.5714;5.35193410457345;3.425192996693718
-8.0;-8.5143;5.35193410457345;3.425192996693718
-8.0625;-8.5429;5.35193410457345;3.425192996693718
-8.0;-8.4857;5.35193410457345;3.425192996693718
-8.125;-8.4;5.35193410457345;3.425192996693718
-8.3125;-8.3714;5.35193410457345;3.425192996693718
-8.3125;-8.3143;5.35193410457345;3.425192996693718
-8.125;-8.2857;5.35193410457345;3.425192996693718
-8.0625;-8.2;5.35193410457345;3.425192996693718
-8.125;-8.1714;5.35193410457345;3.425192996693718
-8.1875;-8.1143;5.35193410457345;3.425192996693718
-8.0;-8.0857;5.35193410457345;3.425192996693718
-7.9375;-8.0;5.35193410457345;3.425192996693718
-8.0625;-8.0571;5.35193410457345;3.425192996693718
-8.0;-8.0;5.35193410457345;3.425192996693718
-7.5625;-8.0286;5.35193410457345;3.425192996693718
-7.3125;-7.9429;5.35193410457345;3.425192996693718
-7.375;-7.8571;5.35193410457345;3.425192996693718
-7.25;-7.9143;5.35193410457345;3.425192996693718
-7.0;-7.8571;5.35193410457345;3.425192996693718
-6.8125;-7.7429;5.35193410457345;3.425192996693718
-6.75;-7.7143;5.35193410457345;3.425192996693718
-6.75;-7.7143;5.35193410457345;3.425192996693718
-6.75;-7.6857;5.35193410457345;3.425192996693718
-6.75;-7.6286;5.35193410457345;3.425192996693718
-6.8125;-7.5714;5.35193410457345;3.425192996693718
-6.875;-7.6;5.35193410457345;3.425192996693718
-6.9375;-7.5429;5.35193410457345;3.425192996693718
-6.9375;-7.4857;5.35193410457345;3.425192996693718
-6.875;-7.4571;5.35193410457345;3.425192996693718
-6.75;-7.4286;5.35193410457345;3.425192996693718
-6.9375;-7.3429;5.35193410457345;3.425192996693718
-7.0625;-7.3143;5.35193410457345;3.425192996693718
-7.0625;-7.2857;5.35193410457345;3.425192996693718
-7.0625;-7.2;5.35193410457345;3.425192996693718
-6.8125;-7.2286;5.35193410457345;3.425192996693718
-6.4375;-7.1714;5.35193410457345;3.425192996693718
-6.3125;-7.1714;5.35193410457345;3.425192996693718
-6.5625;-7.0;5.35193410457345;3.425192996693718
-6.6875;-7.0571;5.35193410457345;3.425192996693718
-6.6875;-6.9429;5.35193410457345;3.425192996693718
-6.5;-6.9143;5.35193410457345;3.425192996693718
-6.375;-6.9143;5.35193410457345;3.425192996693718
-6.3125;-6.8;5.35193410457345;3.425192996693718
-6.375;-6.8286;5.35193410457345;3.425192996693718
-6.375;-6.8;5.35193410457345;3.425192996693718
-6.3125;-6.7429;5.35193410457345;3.425192996693718
-6.25;-6.7143;5.35193410457345;3.425192996693718
-6.0;-6.6571;5.35193410457345;3.425192996693718
-6.0;-6.6571;5.35193410457345;3.425192996693718
-6.1875;-6.6571;5.35193410457345;3.425192996693718
-6.3125;-6.5714;5.35193410457345;3.425192996693718
-6.3125;-6.5143;5.35193410457345;3.425192996693718
-6.25;-6.4571;5.35193410457345;3.425192996693718
-6.1875;-6.4;5.35193410457345;3.425192996693718
-6.125;-6.3714;5.35193410457345;3.425192996693718
-6.125;-6.3429;5.35193410457345;3.425192996693718
-6.125;-6.2571;5.35193410457345;3.425192996693718
-6.1875;-6.2571;5.35193410457345;3.425192996693718
-6.25;-6.2857;5.35193410457345;3.425192996693718
-6.3125;-6.2;5.35193410457345;3.425192996693718
-6.125;-6.1714;5.35193410457345;3.425192996693718
-5.8125;-6.1143;5.35193410457345;3.425192996693718
-5.6875;-6.1143;5.35193410457345;3.425192996693718
-5.9375;-6.0;5.35193410457345;3.425192996693718
-5.9375;-5.9714;5.35193410457345;3.425192996693718
-5.75;-5.9429;5.35193410457345;3.425192996693718
-5.625;-5.9143;5.35193410457345;3.425192996693718
-5.6875;-5.8857;5.35193410457345;3.425192996693718
-5.8125;-5.9143;5.35193410457345;3.425192996693718
-5.5625;-5.8;5.35193410457345;3.425192996693718
-5.1875;-5.7429;5.35193410457345;3.425192996693718
-4.9375;-5.7143;5.35193410457345;3.425192996693718
-4.75;-5.6571;5.35193410457345;3.425192996693718
-4.6875;-5.6286;5.35193410457345;3.425192996693718
-4.875;-5.6571;5.35193410457345;3.425192996693718
-5.125;-5.5429;5.35193410457345;3.425192996693718
-5.125;-5.5429;5.35193410457345;3.425192996693718
-4.875;-5.5143;5.35193410457345;3.425192996693718
-4.8125;-5.4857;5.35193410457345;3.425192996693718
-4.875;-5.4571;5.35193410457345;3.425192996693718
-4.9375;-5.4286;5.35193410457345;3.425192996693718
-4.75;-5.3429;5.35193410457345;3.425192996693718
-4.375;-5.3429;5.35193410457345;3.425192996693718
-4.125;-5.2571;5.35193410457345;3.425192996693718
-3.9375;-5.2571;5.35193410457345;3.425192996693718
-3.9375;-5.2286;5.35193410457345;3.425192996693718
-3.9375;-5.1714;5.35193410457345;3.425192996693718
-3.9375;-5.1714;5.35193410457345;3.425192996693718
-3.875;-5.0571;5.35193410457345;3.425192996693718
-3.75;-5.1429;5.35193410457345;3.425192996693718
-3.875;-5.0571;5.35193410457345;3.425192996693718
-4.25;-5.0857;5.35193410457345;3.425192996693718
-4.625;-4.9714;5.35193410457345;3.425192996693718
-4.625;-4.9714;5.35193410457345;3.425192996693718
-4.4375;-4.9143;5.35193410457345;3.425192996693718
-4.125;-4.8857;5.35193410457345;3.425192996693718
-3.9375;-4.8571;5.35193410457345;3.425192996693718
-3.9375;-4.8571;5.35193410457345;3.425192996693718
-4.0;-4.7714;5.35193410457345;3.425192996693718
-3.9375;-4.7429;5.35193410457345;3.425192996693718
-3.8125;-4.7429;5.35193410457345;3.425192996693718
-3.6875;-4.7714;5.35193410457345;3.425192996693718
-3.625;-4.7143;5.35193410457345;3.425192996693718
-3.75;-4.6857;5.35193410457345;3.425192996693718
-4.0;-4.6571;5.35193410457345;3.425192996693718
-3.9375;-4.5714;5.35193410457345;3.425192996693718
-3.6875;-4.5429;5.35193410457345;3.425192996693718
-3.25;-4.4571;5.35193410457345;3.425192996693718
-2.625;-4.4571;5.35193410457345;3.425192996693718
-2.5;-4.4;5.35193410457345;3.425192996693718
-3.0;-4.3714;5.35193410457345;3.425192996693718
-3.4375;-4.3714;5.35193410457345;3.425192996693718
-3.5;-4.3429;5.35193410457345;3.425192996693718
-3.25;-4.2857;5.35193410457345;3.425192996693718
-3.125;-4.2857;5.35193410457345;3.425192996693718
-3.125;-4.2286;5.35193410457345;3.425192996693718
-3.25;-4.2571;5.35193410457345;3.425192996693718
-3.3125;-4.1429;5.35193410457345;3.425192996693718
-3.375;-4.0857;5.35193410457345;3.425192996693718
-3.375;-4.0857;5.35193410457345;3.425192996693718
-3.4375;-4.0571;5.35193410457345;3.425192996693718
-3.75;-4.0286;5.35193410457345;3.425192996693718
-3.5625;-3.9714;5.35193410457345;3.425192996693718
-2.625;-3.9714;5.35193410457345;3.425192996693718
-1.75;-3.9714;5.35193410457345;3.425192996693718
-1.75;-3.8286;5.35193410457345;3.425192996693718
-2.3125;-3.8286;5.35193410457345;3.425192996693718
-3.0;-3.7429;5.35193410457345;3.425192996693718
-3.0625;-3.6571;5.35193410457345;3.425192996693718
-2.5;-3.6286;5.35193410457345;3.425192996693718
-2.25;-3.5429;5.35193410457345;3.425192996693718
-2.1875;-3.4286;5.35193410457345;3.425192996693718
-1.875;-3.3714;5.35193410457345;3.425192996693718
-1.3125;-3.2857;5.35193410457345;3.425192996693718
-0.9375;-3.1714;5.35193410457345;3.425192996693718
-1.1875;-3.0286;5.35193410457345;3.425192996693718
-1.375;-2.9429;5.35193410457345;3.425192996693718
-1.1875;-2.8286;5.35193410457345;3.425192996693718
-0.9375;-2.6286;5.35193410457345;3.425192996693718
-1.0625;-2.5143;5.35193410457345;3.425192996693718
-1.5625;-2.2286;5.35193410457345;3.425192996693718
-1.5;-1.9714;5.35193410457345;3.425192996693718
-0.75;-1.7429;5.35193410457345;3.425192996693718
0.0625;-1.4286;5.35193410457345;3.425192996693718
0.75;-1.1143;5.35193410457345;3.425192996693718
1.25;-0.8286;5.35193410457345;3.425192996693718
1.0625;-0.2857;5.35193410457345;3.425192996693718
0.625;0.2;5.35193410457345;3.425192996693718
0.1875;0.8286;5.35193410457345;3.425192996693718
0.0;1.2857;5.35193410457345;3.425192996693718
-0.0625;1.8571;5.35193410457345;3.425192996693718
0.1875;2.4571;5.35193410457345;3.425192996693718
1.0625;2.9143;5.35193410457345;3.425192996693718
1.75;3.4286;5.35193410457345;3.425192996693718
2.0625;3.8857;5.35193410457345;3.425192996693718
2.4375;4.4;5.35193410457345;3.425192996693718
2.6875;5.0286;5.35193410457345;3.425192996693718
2.8125;5.6286;5.35193410457345;3.425192996693718
3.1875;6.2286;5.35193410457345;3.425192996693718
4.0;6.8571;5.35193410457345;3.425192996693718
4.9375;7.5143;5.35193410457345;3.425192996693718
5.8125;8.2286;5.35193410457345;3.425192996693718
6.875;9.0571;5.35193410457345;3.425192996693718
8.0;9.6571;5.35193410457345;3.425192996693718
9.0;10.4857;5.35193410457345;3.425192996693718
9.8125;11.3714;5.35193410457345;3.425192996693718
10.5;12.2;5.35193410457345;3.425192996693718
11.1875;12.9429;5.35193410457345;3.425192996693718
11.9375;13.6857;5.35193410457345;3.425192996693718
12.75;14.4286;5.35193410457345;3.425192996693718
13.6875;15.3143;5.35193410457345;3.425192996693718
14.5625;16.1429;5.35193410457345;3.425192996693718
15.4375;16.9714;5.35193410457345;3.425192996693718
16.1875;17.7429;5.35193410457345;3.425192996693718
16.9375;18.5429;5.35193410457345;3.425192996693718
17.5625;19.3429;5.35193410457345;3.425192996693718
18.1875;20.1429;5.35193410457345;3.425192996693718
18.9375;21.0;5.35193410457345;3.425192996693718
19.6875;21.8;5.35193410457345;3.425192996693718
20.3125;22.6;5.35193410457345;3.425192996693718
20.5625;23.3714;5.35193410457345;3.425192996693718
20.6875;24.2;5.35193410457345;3.425192996693718
20.625;24.8286;5.35193410457345;3.425192996693718
20.5625;25.6857;5.35193410457345;3.425192996693718
20.6875;26.4857;5.35193410457345;3.425192996693718
21.5625;27.3429;5.35193410457345;3.425192996693718
23.625;28.0286;5.35193410457345;3.425192996693718
26.0625;28.8;5.35193410457345;3.425192996693718
28.0625;29.3714;5.35193410457345;3.425192996693718
29.4375;30.1429;5.35193410457345;3.425192996693718
30.375;30.8857;5.35193410457345;3.425192996693718
31.0625;31.5714;5.35193410457345;3.425192996693718
31.75;32.0571;5.35193410457345;3.425192996693718
32.375;32.8;5.35193410457345;3.425192996693718
33.0625;33.4;5.35193410457345;3.425192996693718
33.75;34.2;5.35193410457345;3.425192996693718
34.4375;34.9143;5.35193410457345;3.425192996693718
35.125;35.5143;5.35193410457345;3.425192996693718
35.875;36.0286;5.35193410457345;3.425192996693718
36.5;36.7714;5.35193410457345;3.425192996693718
37.1875;37.6571;5.35193410457345;3.425192996693718
37.875;37.7714;5.35193410457345;3.425192996693718
38.625;38.8571;5.35193410457345;3.425192996693718
39.125;39.6571;5.35193410457345;3.425192996693718
39.625;40.4571;5.35193410457345;3.425192996693718
40.125;40.8286;5.35193410457345;3.425192996693718
40.75;41.4857;5.35193410457345;3.425192996693718
41.625;42.4857;5.35193410457345;3.425192996693718
42.625;43.0857;5.35193410457345;3.425192996693718
43.5625;43.5429;5.35193410457345;3.425192996693718
44.1875;44.2286;5.35193410457345;3.425192996693718
44.3125;44.9714;5.35193410457345;3.425192996693718
44.3125;45.6857;5.35193410457345;3.425192996693718
44.1875;46.2571;5.35193410457345;3.425192996693718
44.125;47.1143;5.35193410457345;3.425192996693718
44.1875;47.6571;5.35193410457345;3.425192996693718
44.9375;48.3143;5.35193410457345;3.425192996693718
46.75;49.0571;5.35193410457345;3.425192996693718
48.75;49.4571;5.35193410457345;3.425192996693718
50.3125;50.2857;5.35193410457345;3.425192996693718
51.4375;50.6286;5.35193410457345;3.425192996693718
52.0625;51.2571;5.35193410457345;3.425192996693718
52.4375;51.9714;5.35193410457345;3.425192996693718
52.8125;52.5429;5.35193410457345;3.425192996693718
53.3125;53.1143;5.35193410457345;3.425192996693718
53.9375;53.3714;5.35193410457345;3.425192996693718
54.625;53.4286;5.35193410457345;3.425192996693718
55.3125;54.2571;5.35193410457345;3.425192996693718
55.9375;54.7429;5.35193410457345;3.425192996693718
56.6875;55.6286;5.35193410457345;3.425192996693718
57.4375;55.7714;5.35193410457345;3.425192996693718
58.0625;56.9714;5.35193410457345;3.425192996693718
58.5;57.6286;5.35193410457345;3.425192996693718
58.9375;58.0571;5.35193410457345;3.425192996693718
59.4375;59.2;5.35193410457345;3.425192996693718
60.0;59.0286;5.35193410457345;3.425192996693718
60.5625;59.8;5.35193410457345;3.425192996693718
61.1875;60.2286;5.35193410457345;3.425192996693718
61.875;60.2;5.35193410457345;3.425192996693718
62.5;60.2857;5.35193410457345;3.425192996693718
62.9375;60.4857;5.35193410457345;3.425192996693718
63.3125;61.1429;5.35193410457345;3.425192996693718
63.6875;61.9143;5.35193410457345;3.425192996693718
64.0625;63.3429;5.35193410457345;3.425192996693718
64.25;64.0286;5.35193410457345;3.425192996693718
64.3125;63.8857;5.35193410457345;3.425192996693718
64.3125;64.9143;5.35193410457345;3.425192996693718
64.4375;65.3143;5.35193410457345;3.425192996693718
65.125;65.0286;5.35193410457345;3.425192996693718
66.8125;66.7714;5.35193410457345;3.425192996693718
68.8125;67.6571;5.35193410457345;3.425192996693718
70.25;67.7429;5.35193410457345;3.425192996693718
71.25;68.6857;5.35193410457345;3.425192996693718
72.25;68.8;5.35193410457345;3.425192996693718
73.0625;69.2286;5.35193410457345;3.425192996693718
73.375;69.2;5.35193410457345;3.425192996693718
73.5625;68.9429;5.35193410457345;3.425192996693718
74.0;68.2286;5.35193410457345;3.425192996693718
74.4375;69.5714;5.35193410457345;3.425192996693718
74.8125;69.6857;5.35193410457345;3.425192996693718
74.9375;71.0286;5.35193410457345;3.425192996693718
75.125;71.3429;5.35193410457345;3.425192996693718
75.75;71.1429;5.35193410457345;3.425192996693718
76.25;71.6571;5.35193410457345;3.425192996693718
76.625;73.7714;5.35193410457345;3.425192996693718
77.4375;74.0857;5.35193410457345;3.425192996693718
78.4375;73.9429;5.35193410457345;3.425192996693718
79.25;73.7429;5.35193410457345;3.425192996693718
79.625;73.6;5.35193410457345;3.425192996693718
80.0625;75.0571;5.35193410457345;3.425192996693718
80.75;74.8571;5.35193410457345;3.425192996693718
81.1875;74.5429;5.35193410457345;3.425192996693718
81.5;75.5143;5.35193410457345;3.425192996693718
82.0625;75.7429;5.35193410457345;3.425192996693718
82.25;76.1143;5.35193410457345;3.425192996693718
81.875;77.8571;5.35193410457345;3.425192996693718
81.5;78.5714;5.35193410457345;3.425192996693718
81.25;79.6286;5.35193410457345;3.425192996693718
81.1875;80.8286;5.35193410457345;3.425192996693718
81.1875;80.6857;5.35193410457345;3.425192996693718
82.25;80.2571;5.35193410457345;3.425192996693718
84.9375;79.9714;5.35193410457345;3.425192996693718
88.0;80.4571;5.35193410457345;3.425192996693718
90.3125;81.3143;5.35193410457345;3.425192996693718
91.4375;81.6857;5.35193410457345;3.425192996693718
91.6875;83.0857;5.35193410457345;3.425192996693718
91.5;82.8286;5.35193410457345;3.425192996693718
91.375;83.2286;5.35193410457345;3.425192996693718
91.75;84.9429;5.35193410457345;3.425192996693718
92.625;83.2286;5.35193410457345;3.425192996693718
93.4375;83.8857;5.35193410457345;3.425192996693718
94.0;83.4286;5.35193410457345;3.425192996693718
94.125;84.2857;5.35193410457345;3.425192996693718
94.125;85.3714;5.35193410457345;3.425192996693718
94.75;86.2;5.35193410457345;3.425192996693718
95.4375;85.5143;5.35193410457345;3.425192996693718
96.0;86.7714;5.35193410457345;3.425192996693718
96.625;86.0571;5.35193410457345;3.425192996693718
97.1875;84.8;5.35193410457345;3.425192996693718
97.9375;85.0286;5.35193410457345;3.425192996693718
97.875;86.2857;5.35193410457345;3.425192996693718
97.0;88.1143;5.35193410457345;3.425192996693718
97.4375;86.8286;5.35193410457345;3.425192996693718
99.0;89.0;5.35193410457345;3.425192996693718
100.375;89.0857;5.35193410457345;3.425192996693718
101.25;88.7143;5.35193410457345;3.425192996693718
101.25;92.3429;5.35193410457345;3.425192996693718
100.6875;91.2286;5.35193410457345;3.425192996693718
100.125;88.8;5.35193410457345;3.425192996693718
99.8125;91.6571;5.35193410457345;3.425192996693718
99.6875;92.2286;5.35193410457345;3.425192996693718
99.8125;93.0571;5.35193410457345;3.425192996693718
100.9375;92.4;5.35193410457345;3.425192996693718
102.6875;91.5429;5.35193410457345;3.425192996693718
103.9375;91.6571;5.35193410457345;3.425192996693718
105.125;92.2286;5.35193410457345;3.425192996693718
106.125;94.2571;5.35193410457345;3.425192996693718
105.6875;95.2;5.35193410457345;3.425192996693718
104.6875;94.6286;5.35193410457345;3.425192996693718
104.6875;95.3429;5.35193410457345;3.425192996693718
105.875;96.6857;5.35193410457345;3.425192996693718
107.25;97.3429;5.35193410457345;3.425192996693718
108.1875;99.2;5.35193410457345;3.425192996693718
108.8125;98.1143;5.35193410457345;3.425192996693718
109.8125;97.0571;5.35193410457345;3.425192996693718
110.6875;96.2286;5.35193410457345;3.425192996693718
110.75;96.4286;5.35193410457345;3.425192996693718
111.125;98.7143;5.35193410457345;3.425192996693718
112.25;100.7143;5.35193410457345;3.425192996693718
112.25;100.3429;5.35193410457345;3.425192996693718
111.8125;99.9143;5.35193410457345;3.425192996693718
112.0625;99.4;5.35193410457345;3.425192996693718
112.75;99.5143;5.35193410457345;3.425192996693718
113.5;100.0571;5.35193410457345;3.425192996693718
113.875;98.1714;5.35193410457345;3.425192996693718
114.0;101.8571;5.35193410457345;3.425192996693718
114.1875;103.6857;5.35193410457345;3.425192996693718
114.3125;103.0571;5.35193410457345;3.425192996693718
113.875;102.8571;5.35193410457345;3.425192996693718
113.125;103.8571;5.35193410457345;3.425192996693718
112.5625;103.3714;5.35193410457345;3.425192996693718
112.3125;101.0286;5.35193410457345;3.425192996693718
112.25;103.0;5.35193410457345;3.425192996693718
112.5;100.8857;5.35193410457345;3.425192996693718
112.9375;103.4571;5.35193410457345;3.425192996693718
113.6875;103.0286;5.35193410457345;3.425192996693718
114.375;105.7143;5.35193410457345;3.425192996693718
114.9375;105.8857;5.35193410457345;3.425192996693718
116.1875;104.6571;5.35193410457345;3.425192996693718
118.0625;105.7714;5.35193410457345;3.425192996693718
119.1875;104.4286;5.35193410457345;3.425192996693718
119.625;103.8857;5.35193410457345;3.425192996693718
119.75;104.9143;5.35193410457345;3.425192996693718
119.1875;104.2;5.35193410457345;3.425192996693718
118.125;108.2571;5.35193410457345;3.425192996693718
117.4375;111.1429;5.35193410457345;3.425192996693718
117.875;110.0;5.35193410457345;3.425192996693718
119.375;109.3143;5.35193410457345;3.425192996693718
120.875;110.4286;5.35193410457345;3.425192996693718
122.25;110.5143;5.35193410457345;3.425192996693718
123.1875;108.6;5.35193410457345;3.425192996693718
123.3125;111.3714;5.35193410457345;3.425192996693718
122.9375;111.5429;5.35193410457345;3.425192996693718
122.4375;111.4;5.35193410457345;3.425192996693718
122.8125;111.7143;5.35193410457345;3.425192996693718
123.625;112.0571;5.35193410457345;3.425192996693718
124.125;112.6571;5.35193410457345;3.425192996693718
124.875;112.5143;5.35193410457345;3.425192996693718
125.75;113.1714;5.35193410457345;3.425192996693718
126.4375;114.6571;5.35193410457345;3.425192996693718
126.8125;114.8;5.35193410457345;3.425192996693718
126.9375;114.4571;5.35193410457345;3.425192996693718
126.9375;113.4286;5.35193410457345;3.425192996693718
126.875;114.9429;5.35193410457345;3.425192996693718
126.8125;114.1714;5.35193410457345;3.425192996693718
126.75;116.0286;5.35193410457345;3.425192996693718
126.6875;115.0;5.35193410457345;3.425192996693718
126.625;115.7429;5.35193410457345;3.425192996693718
126.3125;115.4571;5.35193410457345;3.425192996693718
125.9375;115.4571;5.35193410457345;3.425192996693718
125.8125;113.8857;5.35193410457345;3.425192996693718
125.875;115.1143;5.35193410457345;3.425192996693718
126.375;114.8286;5.35193410457345;3.425192996693718
127.5;114.1714;5.35193410457345;3.425192996693718
127.75;114.5714;5.35193410457345;3.425192996693718
128.1875;117.1429;5.35193410457345;3.425192996693718
129.875;117.5429;5.35193410457345;3.425192996693718
130.25;117.4;5.35193410457345;3.425192996693718
129.5625;117.4857;5.35193410457345;3.425192996693718
129.875;117.9143;5.35193410457345;3.425192996693718
130.1875;116.7714;5.35193410457345;3.425192996693718
129.9375;117.0286;5.35193410457345;3.425192996693718
129.875;118.3429;5.35193410457345;3.425192996693718
130.1875;117.7143;5.35193410457345;3.425192996693718
130.0;119.7429;5.35193410457345;3.425192996693718
129.8125;119.0571;5.35193410457345;3.425192996693718
130.25;119.3429;5.35193410457345;3.425192996693718
131.0625;119.4;5.35193410457345;3.425192996693718
131.8125;120.2;5.35193410457345;3.425192996693718
132.375;120.4286;5.35193410457345;3.425192996693718
132.5625;118.9429;5.35193410457345;3.425192996693718
132.4375;120.3429;5.35193410457345;3.425192996693718
131.6875;120.1429;5.35193410457345;3.425192996693718
130.625;121.1429;5.35193410457345;3.425192996693718
129.9375;119.8857;5.35193410457345;3.425192996693718
129.5625;120.1429;5.35193410457345;3.425192996693718
129.5;120.6571;5.35193410457345;3.425192996693718
130.3125;119.3429;5.35193410457345;3.425192996693718
132.1875;122.0571;5.35193410457345;3.425192996693718
133.5625;122.3429;5.35193410457345;3.425192996693718
133.875;121.6;5.35193410457345;3.425192996693718
133.75;120.9143;5.35193410457345;3.425192996693718
133.8125;123.3714;5.35193410457345;3.425192996693718
134.3125;121.9429;5.35193410457345;3.425192996693718
134.6875;122.3143;5.35193410457345;3.425192996693718
134.5625;123.4857;5.35193410457345;3.425192996693718
134.5625;122.3143;5.35193410457345;3.425192996693718
135.0;122.2;5.35193410457345;3.425192996693718
135.1875;124.2;5.35193410457345;3.425192996693718
134.9375;123.5714;5.35193410457345;3.425192996693718
135.0;123.4571;5.35193410457345;3.425192996693718
135.5;124.2571;5.35193410457345;3.425192996693718
136.0;122.9714;5.35193410457345;3.425192996693718
136.5625;124.2571;5.35193410457345;3.425192996693718
137.5625;124.1143;5.35193410457345;3.425192996693718
138.625;124.0571;5.35193410457345;3.425192996693718
139.1875;123.5143;5.35193410457345;3.425192996693718
139.5625;124.9143;5.35193410457345;3.425192996693718
139.75;124.4;5.35193410457345;3.425192996693718
139.9375;126.7143;5.35193410457345;3.425192996693718
140.0;125.7714;5.35193410457345;3.425192996693718
139.9375;125.7429;5.35193410457345;3.425192996693718
139.9375;125.9143;5.35193410457345;3.425192996693718
139.625;126.2;5.35193410457345;3.425192996693718
139.3125;126.0286;5.35193410457345;3.425192996693718
139.3125;127.0571;5.35193410457345;3.425192996693718
139.4375;125.7429;5.35193410457345;3.425192996693718
139.5;125.9429;5.35193410457345;3.425192996693718
139.5625;126.6857;5.35193410457345;3.425192996693718
139.5625;127.3143;5.35193410457345;3.425192996693718
139.4375;126.6857;5.35193410457345;3.425192996693718
139.75;127.7714;5.35193410457345;3.425192996693718
140.5625;127.2286;5.35193410457345;3.425192996693718
141.1875;127.4857;5.35193410457345;3.425192996693718
141.5625;127.6;5.35193410457345;3.425192996693718
141.5625;126.3143;5.35193410457345;3.425192996693718
141.25;128.5143;5.35193410457345;3.425192996693718
141.5625;129.3143;5.35193410457345;3.425192996693718
141.6875;128.2286;5.35193410457345;3.425192996693718
141.75;128.0;5.35193410457345;3.425192996693718
142.375;127.2571;5.35193410457345;3.425192996693718
143.0;128.0286;5.35193410457345;3.425192996693718
143.3125;130.1429;5.35193410457345;3.425192996693718
143.25;128.4857;5.35193410457345;3.425192996693718
143.0;128.7429;5.35193410457345;3.425192996693718
143.125;129.3429;5.35193410457345;3.425192996693718
143.6875;129.5714;5.35193410457345;3.425192996693718
143.8125;127.8571;5.35193410457345;3.425192996693718
143.6875;129.9143;5.35193410457345;3.425192996693718
143.875;130.5429;5.35193410457345;3.425192996693718
144.0;129.4;5.35193410457345;3.425192996693718
143.6875;128.8857;5.35193410457345;3.425192996693718
143.4375;129.8286;5.35193410457345;3.425192996693718
143.9375;130.0857;5.35193410457345;3.425192996693718
144.6875;129.3143;5.35193410457345;3.425192996693718
145.1875;130.4;5.35193410457345;3.425192996693718
145.5625;130.6571;5.35193410457345;3.425192996693718
146.0625;130.8;5.35193410457345;3.425192996693718
146.375;131.5714;5.35193410457345;3.425192996693718
146.5;130.4286;5.35193410457345;3.425192996693718
146.5625;130.9143;5.35193410457345;3.425192996693718
146.3125;128.6286;5.35193410457345;3.425192996693718
146.125;131.8;5.35193410457345;3.425192996693718
146.25;130.3429;5.35193410457345;3.425192996693718
146.25;131.7714;5.35193410457345;3.425192996693718
146.4375;130.1429;5.35193410457345;3.425192996693718
146.875;131.4857;5.35193410457345;3.425192996693718
147.25;130.9714;5.35193410457345;3.425192996693718
147.5;131.7714;5.35193410457345;3.425192996693718
147.9375;132.3143;5.35193410457345;3.425192996693718
148.5625;133.8;5.35193410457345;3.425192996693718
148.6875;132.7714;5.35193410457345;3.425192996693718
148.5;132.8286;5.35193410457345;3.425192996693718
148.6875;132.7714;5.35193410457345;3.425192996693718
148.9375;134.8857;5.35193410457345;3.425192996693718
148.6875;133.7429;5.35193410457345;3.425192996693718
148.375;132.8571;5.35193410457345;3.425192996693718
148.5625;134.2571;5.35193410457345;3.425192996693718
148.4375;133.3429;5.35193410457345;3.425192996693718
148.5;134.0;5.35193410457345;3.425192996693718
149.25;134.4571;5.35193410457345;3.425192996693718
149.75;135.2286;5.35193410457345;3.425192996693718
149.625;135.1143;5.35193410457345;3.425192996693718
149.375;134.8571;5.35193410457345;3.425192996693718
149.5625;134.9143;5.35193410457345;3.425192996693718
149.75;134.0857;5.35193410457345;3.425192996693718
149.6875;134.6571;5.35193410457345;3.425192996693718
149.6875;134.2;5.35193410457345;3.425192996693718
150.25;136.0286;5.35193410457345;3.425192996693718
151.0625;136.4571;5.35193410457345;3.425192996693718
151.6875;136.1714;5.35193410457345;3.425192996693718
152.0;136.6286;5.35193410457345;3.425192996693718
152.0625;136.2571;5.35193410457345;3.425192996693718
151.875;136.1143;5.35193410457345;3.425192996693718
152.0625;136.6;5.35193410457345;3.425192996693718
152.75;136.9143;5.35193410457345;3.425192996693718
153.125;136.4;5.35193410457345;3.425192996693718
153.1875;136.0857;5.35193410457345;3.425192996693718
153.625;136.9143;5.35193410457345;3.425192996693718
153.8125;136.7143;5.35193410457345;3.425192996693718
153.6875;135.6;5.35193410457345;3.425192996693718
153.5625;138.1429;5.35193410457345;3.425192996693718
152.9375;136.9429;5.35193410457345;3.425192996693718
152.9375;135.9429;5.35193410457345;3.425192996693718
153.4375;136.3143;5.35193410457345;3.425192996693718
153.3125;135.1429;5.35193410457345;3.425192996693718
153.125;135.0286;5.35193410457345;3.425192996693718
152.9375;134.7429;5.35193410457345;3.425192996693718
152.25;134.5714;5.35193410457345;3.425192996693718
151.125;134.1429;5.35193410457345;3.425192996693718
150.5;133.3143;5.35193410457345;3.425192996693718
150.625;133.2;5.35193410457345;3.425192996693718
150.375;133.1714;5.35193410457345;3.425192996693718
149.8125;132.6571;5.35193410457345;3.425192996693718
149.125;131.5714;5.35193410457345;3.425192996693718
147.875;131.3429;5.35193410457345;3.425192996693718
147.25;131.7714;5.35193410457345;3.425192996693718
148.125;130.5429;5.35193410457345;3.425192996693718
149.1875;130.4;5.35193410457345;3.425192996693718
148.75;131.1714;5.35193410457345;3.425192996693718
147.1875;131.6857;5.35193410457345;3.425192996693718
145.875;129.1429;5.35193410457345;3.425192996693718
145.125;130.2;5.35193410457345;3.425192996693718
144.9375;128.2286;5.35193410457345;3.425192996693718
144.9375;129.5143;5.35193410457345;3.425192996693718
145.1875;128.5143;5.35193410457345;3.425192996693718
145.3125;129.0;5.35193410457345;3.425192996693718
144.6875;127.8571;5.35193410457345;3.425192996693718
143.3125;127.7429;5.35193410457345;3.425192996693718
141.9375;127.2857;5.35193410457345;3.425192996693718
140.75;127.0;5.35193410457345;3.425192996693718
140.1875;125.1714;5.35193410457345;3.425192996693718
140.0;125.7143;5.35193410457345;3.425192996693718
139.0;126.8571;5.35193410457345;3.425192996693718
138.6875;122.4857;5.35193410457345;3.425192996693718
140.25;122.2857;5.35193410457345;3.425192996693718
141.125;121.6286;5.35193410457345;3.425192996693718
140.0;123.2857;5.35193410457345;3.425192996693718
138.8125;123.3429;5.35193410457345;3.425192996693718
138.6875;123.6286;5.35193410457345;3.425192996693718
138.3125;123.4;5.35193410457345;3.425192996693718
137.3125;121.8286;5.35193410457345;3.425192996693718
136.0625;122.4571;5.35193410457345;3.425192996693718
135.25;122.3143;5.35193410457345;3.425192996693718
135.0625;122.5143;5.35193410457345;3.425192996693718
134.9375;120.9429;5.35193410457345;3.425192996693718
135.0;122.0286;5.35193410457345;3.425192996693718
134.875;121.4286;5.35193410457345;3.425192996693718
133.8125;119.5714;5.35193410457345;3.425192996693718
132.625;119.4857;5.35193410457345;3.425192996693718
132.0;119.5143;5.35193410457345;3.425192996693718
131.75;118.8857;5.35193410457345;3.425192996693718
131.125;118.5714;5.35193410457345;3.425192996693718
130.3125;117.4857;5.35193410457345;3.425192996693718
129.75;117.8286;5.35193410457345;3.425192996693718
129.5;117.7143;5.35193410457345;3.425192996693718
129.4375;117.9714;5.35193410457345;3.425192996693718
129.5625;116.7143;5.35193410457345;3.425192996693718
129.6875;115.9714;5.35193410457345;3.425192996693718
129.5;117.2286;5.35193410457345;3.425192996693718
129.125;115.4;5.35193410457345;3.425192996693718
128.5625;114.4571;5.35193410457345;3.425192996693718
128.0;115.3714;5.35193410457345;3.425192996693718
127.9375;115.0;5.35193410457345;3.425192996693718
128.125;113.9429;5.35193410457345;3.425192996693718
127.75;114.7143;5.35193410457345;3.425192996693718
127.1875;113.4857;5.35193410457345;3.425192996693718
126.8125;112.5143;5.35193410457345;3.425192996693718
126.25;113.6857;5.35193410457345;3.425192996693718
125.625;113.5714;5.35193410457345;3.425192996693718
125.0;112.1714;5.35193410457345;3.425192996693718
124.3125;111.7429;5.35193410457345;3.425192996693718
123.875;111.0571;5.35193410457345;3.425192996693718
123.625;112.1714;5.35193410457345;3.425192996693718
123.5;111.6;5.35193410457345;3.425192996693718
123.5625;111.0286;5.35193410457345;3.425192996693718
123.8125;109.8857;5.35193410457345;3.425192996693718
123.5625;110.5429;5.35193410457345;3.425192996693718
123.1875;110.6571;5.35193410457345;3.425192996693718
123.25;108.7429;5.35193410457345;3.425192996693718
123.3125;109.3714;5.35193410457345;3.425192996693718
123.25;108.3143;5.35193410457345;3.425192996693718
122.9375;110.2857;5.35193410457345;3.425192996693718
121.9375;109.2857;5.35193410457345;3.425192996693718
121.125;106.6571;5.35193410457345;3.425192996693718
120.9375;107.8571;5.35193410457345;3.425192996693718
121.0625;106.3429;5.35193410457345;3.425192996693718
121.1875;107.1143;5.35193410457345;3.425192996693718
121.3125;106.4286;5.35193410457345;3.425192996693718
121.3125;104.3429;5.35193410457345;3.425192996693718
121.25;104.2571;5.35193410457345;3.425192996693718
120.875;106.2857;5.35193410457345;3.425192996693718
120.5625;106.8286;5.35193410457345;3.425192996693718
120.25;104.6571;5.35193410457345;3.425192996693718
119.5625;103.8857;5.35193410457345;3.425192996693718
118.4375;104.2857;5.35193410457345;3.425192996693718
117.1875;106.0571;5.35193410457345;3.425192996693718
116.5;103.0571;5.35193410457345;3.425192996693718
116.625;102.7143;5.35193410457345;3.425192996693718
116.625;102.4857;5.35193410457345;3.425192996693718
115.875;101.2286;5.35193410457345;3.425192996693718
115.1875;100.8286;5.35193410457345;3.425192996693718
115.0;101.5714;5.35193410457345;3.425192996693718
114.6875;100.7429;5.35193410457345;3.425192996693718
114.3125;102.1714;5.35193410457345;3.425192996693718
114.5;100.8286;5.35193410457345;3.425192996693718
114.875;98.6571;5.35193410457345;3.425192996693718
114.875;99.8286;5.35193410457345;3.425192996693718
114.75;100.3714;5.35193410457345;3.425192996693718
114.4375;98.8857;5.35193410457345;3.425192996693718
113.625;97.9143;5.35193410457345;3.425192996693718
112.5625;97.2;5.35193410457345;3.425192996693718
112.375;99.2857;5.35193410457345;3.425192996693718
113.75;98.3429;5.35193410457345;3.425192996693718
114.8125;98.2286;5.35193410457345;3.425192996693718
113.875;98.6857;5.35193410457345;3.425192996693718
112.5;98.5714;5.35193410457345;3.425192996693718
112.0;98.4;5.35193410457345;3.425192996693718
112.0;97.4857;5.35193410457345;3.425192996693718
112.125;96.6;5.35193410457345;3.425192996693718
112.25;96.0;5.35193410457345;3.425192996693718
112.125;95.8286;5.35193410457345;3.425192996693718
111.375;94.4857;5.35193410457345;3.425192996693718
110.4375;91.8571;5.35193410457345;3.425192996693718
109.625;89.3143;5.35193410457345;3.425192996693718
108.4375;88.5143;5.35193410457345;3.425192996693718
107.3125;91.2286;5.35193410457345;3.425192996693718
106.6875;92.5143;5.35193410457345;3.425192996693718
105.4375;91.7143;5.35193410457345;3.425192996693718
103.875;91.0286;5.35193410457345;3.425192996693718
102.8125;92.8;5.35193410457345;3.425192996693718
102.625;92.1429;5.35193410457345;3.425192996693718
102.6875;91.6;5.35193410457345;3.425192996693718
102.5625;89.2571;5.35193410457345;3.425192996693718
102.875;88.0286;5.35193410457345;3.425192996693718
103.5625;89.9143;5.35193410457345;3.425192996693718
103.1875;88.6857;5.35193410457345;3.425192996693718
101.9375;89.5143;5.35193410457345;3.425192996693718
101.1875;86.5714;5.35193410457345;3.425192996693718
101.5625;88.1714;5.35193410457345;3.425192996693718
101.9375;89.0286;5.35193410457345;3.425192996693718
101.625;87.3714;5.35193410457345;3.425192996693718
100.9375;89.4857;5.35193410457345;3.425192996693718
99.75;89.7143;5.35193410457345;3.425192996693718
99.0;90.1143;5.35193410457345;3.425192996693718
99.875;88.8571;5.35193410457345;3.425192996693718
101.1875;87.8286;5.35193410457345;3.425192996693718
101.75;86.8;5.35193410457345;3.425192996693718
101.9375;86.5429;5.35193410457345;3.425192996693718
102.1875;87.1429;5.35193410457345;3.425192996693718
102.25;86.9714;5.35193410457345;3.425192996693718
102.3125;87.8;5.35193410457345;3.425192996693718
102.3125;87.3429;5.35193410457345;3.425192996693718
101.6875;85.7429;5.35193410457345;3.425192996693718
99.75;85.6571;5.35193410457345;3.425192996693718
97.75;87.8571;5.35193410457345;3.425192996693718
96.75;86.9143;5.35193410457345;3.425192996693718
96.125;85.8286;5.35193410457345;3.425192996693718
96.0625;83.7143;5.35193410457345;3.425192996693718
97.25;83.9143;5.35193410457345;3.425192996693718
98.4375;84.6857;5.35193410457345;3.425192996693718
98.3125;86.8857;5.35193410457345;3.425192996693718
97.0;86.2286;5.35193410457345;3.425192996693718
95.4375;84.4857;5.35193410457345;3.425192996693718
94.6875;82.6286;5.35193410457345;3.425192996693718
95.0;84.4571;5.35193410457345;3.425192996693718
95.5625;84.0;5.35193410457345;3.425192996693718
96.0;83.9714;5.35193410457345;3.425192996693718
95.75;81.6857;5.35193410457345;3.425192996693718
95.25;82.3429;5.35193410457345;3.425192996693718
95.0;80.7143;5.35193410457345;3.425192996693718
94.25;82.0286;5.35193410457345;3.425192996693718
92.875;82.5714;5.35193410457345;3.425192996693718
91.375;81.5714;5.35193410457345;3.425192996693718
91.0;78.7143;5.35193410457345;3.425192996693718
91.3125;80.3714;5.35193410457345;3.425192996693718
91.75;80.3429;5.35193410457345;3.425192996693718
92.625;81.8286;5.35193410457345;3.425192996693718
92.9375;83.2857;5.35193410457345;3.425192996693718
91.6875;81.2857;5.35193410457345;3.425192996693718
90.125;81.3714;5.35193410457345;3.425192996693718
89.125;79.7143;5.35193410457345;3.425192996693718
88.8125;79.8286;5.35193410457345;3.425192996693718
88.75;79.2571;5.35193410457345;3.425192996693718
88.875;77.9429;5.35193410457345;3.425192996693718
89.1875;78.0286;5.35193410457345;3.425192996693718
89.4375;75.8286;5.35193410457345;3.425192996693718
88.9375;78.8;5.35193410457345;3.425192996693718
87.625;77.9714;5.35193410457345;3.425192996693718
86.4375;77.8286;5.35193410457345;3.425192996693718
85.8125;78.0857;5.35193410457345;3.425192996693718
84.6875;77.8286;5.35193410457345;3.425192996693718
84.375;77.2;5.35193410457345;3.425192996693718
85.625;78.8;5.35193410457345;3.425192996693718
86.1875;78.3429;5.35193410457345;3.425192996693718
85.6875;78.1143;5.35193410457345;3.425192996693718
85.0;76.4286;5.35193410457345;3.425192996693718
85.0625;77.1714;5.35193410457345;3.425192996693718
86.0625;77.0286;5.35193410457345;3.425192996693718
86.75;76.5714;5.35193410457345;3.425192996693718
86.375;77.6571;5.35193410457345;3.425192996693718
85.5;77.8286;5.35193410457345;3.425192996693718
84.875;77.1143;5.35193410457345;3.425192996693718
83.875;77.5143;5.35193410457345;3.425192996693718
83.1875;77.0;5.35193410457345;3.425192996693718
84.0625;77.3143;5.35193410457345;3.425192996693718
84.4375;76.0;5.35193410457345;3.425192996693718
83.875;75.0286;5.35193410457345;3.425192996693718
83.875;74.3429;5.35193410457345;3.425192996693718
84.375;76.2;5.35193410457345;3.425192996693718
84.6875;75.8571;5.35193410457345;3.425192996693718
84.0;76.1143;5.35193410457345;3.425192996693718
82.375;76.2571;5.35193410457345;3.425192996693718
80.75;75.4571;5.35193410457345;3.425192996693718
79.8125;75.6;5.35193410457345;3.425192996693718
79.4375;74.7429;5.35193410457345;3.425192996693718
79.375;73.9714;5.35193410457345;3.425192996693718
80.3125;74.1714;5.35193410457345;3.425192996693718
82.0625;73.2;5.35193410457345;3.425192996693718
82.6875;73.4571;5.35193410457345;3.425192996693718
81.9375;73.0571;5.35193410457345;3.425192996693718
81.125;72.9714;5.35193410457345;3.425192996693718
79.9375;73.8286;5.35193410457345;3.425192996693718
78.4375;73.7429;5.35193410457345;3.425192996693718
77.625;72.7714;5.35193410457345;3.425192996693718
77.625;71.3429;5.35193410457345;3.425192996693718
77.75;72.0286;5.35193410457345;3.425192996693718
78.375;72.6857;5.35193410457345;3.425192996693718
79.375;71.6571;5.35193410457345;3.425192996693718
78.9375;72.3143;5.35193410457345;3.425192996693718
77.9375;71.6286;5.35193410457345;3.425192996693718
77.8125;69.6286;5.35193410457345;3.425192996693718
78.1875;70.7429;5.35193410457345;3.425192996693718
78.375;71.8857;5.35193410457345;3.425192996693718
78.375;71.0571;5.35193410457345;3.425192996693718
77.5625;71.8571;5.35193410457345;3.425192996693718
76.6875;72.0571;5.35193410457345;3.425192996693718
76.875;71.7429;5.35193410457345;3.425192996693718
76.9375;70.3143;5.35193410457345;3.425192996693718
76.8125;69.0857;5.35193410457345;3.425192996693718
76.9375;68.0857;5.35193410457345;3.425192996693718
76.5625;68.6;5.35193410457345;3.425192996693718
75.9375;69.7143;5.35193410457345;3.425192996693718
75.6875;70.0571;5.35193410457345;3.425192996693718
75.625;68.9429;5.35193410457345;3.425192996693718
75.5625;69.5429;5.35193410457345;3.425192996693718
75.5;68.6571;5.35193410457345;3.425192996693718
75.5;69.1143;5.35193410457345;3.425192996693718
75.5;67.4;5.35193410457345;3.425192996693718
75.5625;68.9429;5.35193410457345;3.425192996693718
74.9375;68.4857;5.35193410457345;3.425192996693718
73.6875;67.8;5.35193410457345;3.425192996693718
73.25;67.4857;5.35193410457345;3.425192996693718
73.625;66.7143;5.35193410457345;3.425192996693718
73.625;67.4286;5.35193410457345;3.425192996693718
73.75;65.8857;5.35193410457345;3.425192996693718
73.875;66.8286;5.35193410457345;3.425192996693718
73.5625;65.9429;5.35193410457345;3.425192996693718
72.875;66.0857;5.35193410457345;3.425192996693718
72.3125;66.6;5.35193410457345;3.425192996693718
71.8125;66.6857;5.35193410457345;3.425192996693718
71.375;67.0;5.35193410457345;3.425192996693718
71.125;65.7143;5.35193410457345;3.425192996693718
70.75;66.5429;5.35193410457345;3.425192996693718
70.9375;65.8571;5.35193410457345;3.425192996693718
71.6875;65.6857;5.35193410457345;3.425192996693718
71.625;64.4571;5.35193410457345;3.425192996693718
71.25;64.8571;5.35193410457345;3.425192996693718
71.375;66.1429;5.35193410457345;3.425192996693718
71.375;65.2286;5.35193410457345;3.425192996693718
70.625;65.3143;5.35193410457345;3.425192996693718
70.0;65.3143;5.35193410457345;3.425192996693718
70.125;65.1143;5.35193410457345;3.425192996693718
69.75;64.5714;5.35193410457345;3.425192996693718
69.125;64.4571;5.35193410457345;3.425192996693718
69.3125;63.2;5.35193410457345;3.425192996693718
69.625;64.0571;5.35193410457345;3.425192996693718
69.625;63.2857;5.35193410457345;3.425192996693718
69.4375;62.1143;5.35193410457345;3.425192996693718
69.375;62.4286;5.35193410457345;3.425192996693718
69.3125;61.9143;5.35193410457345;3.425192996693718
69.3125;62.6286;5.35193410457345;3.425192996693718
69.25;63.0;5.35193410457345;3.425192996693718
68.8125;63.6;5.35193410457345;3.425192996693718
67.8125;63.2;5.35193410457345;3.425192996693718
66.8125;63.0571;5.35193410457345;3.425192996693718
66.5625;63.0286;5.35193410457345;3.425192996693718
66.3125;62.7714;5.35193410457345;3.425192996693718
66.1875;61.8857;5.35193410457345;3.425192996693718
66.5625;61.9143;5.35193410457345;3.425192996693718
67.0;61.1429;5.35193410457345;3.425192996693718
67.0;61.2571;5.35193410457345;3.425192996693718
66.3125;60.8571;5.35193410457345;3.425192996693718
65.875;59.8;5.35193410457345;3.425192996693718
66.1875;59.4857;5.35193410457345;3.425192996693718
66.25;60.5143;5.35193410457345;3.425192996693718
65.5625;60.8;5.35193410457345;3.425192996693718
64.6875;60.4571;5.35193410457345;3.425192996693718
63.8125;60.5714;5.35193410457345;3.425192996693718
63.5625;60.2857;5.35193410457345;3.425192996693718
64.1875;59.2857;5.35193410457345;3.425192996693718
64.625;58.3429;5.35193410457345;3.425192996693718
64.5;59.2571;5.35193410457345;3.425192996693718
64.25;59.7714;5.35193410457345;3.425192996693718
63.625;59.8286;5.35193410457345;3.425192996693718
62.75;60.2;5.35193410457345;3.425192996693718
62.1875;59.3429;5.35193410457345;3.425192996693718
62.0625;58.7714;5.35193410457345;3.425192996693718
62.0625;58.2857;5.35193410457345;3.425192996693718
62.125;58.7429;5.35193410457345;3.425192996693718
62.125;58.4571;5.35193410457345;3.425192996693718
62.1875;59.2571;5.35193410457345;3.425192996693718
62.1875;58.6;5.35193410457345;3.425192996693718
62.375;59.0857;5.35193410457345;3.425192996693718
62.9375;58.6286;5.35193410457345;3.425192996693718
63.4375;57.7714;5.35193410457345;3.425192996693718
63.25;57.1143;5.35193410457345;3.425192996693718
62.8125;56.7429;5.35193410457345;3.425192996693718
62.3125;57.7429;5.35193410457345;3.425192996693718
61.8125;57.1714;5.35193410457345;3.425192996693718
61.375;57.6286;5.35193410457345;3.425192996693718
61.1875;57.0;5.35193410457345;3.425192996693718
60.875;56.5429;5.35193410457345;3.425192996693718
60.5;55.8857;5.35193410457345;3.425192996693718
60.1875;56.1429;5.35193410457345;3.425192996693718
59.9375;56.3714;5.35193410457345;3.425192996693718
59.6875;55.3429;5.35193410457345;3.425192996693718
59.6875;56.0571;5.35193410457345;3.425192996693718
59.625;55.0857;5.35193410457345;3.425192996693718
59.4375;55.7429;5.35193410457345;3.425192996693718
58.9375;55.2857;5.35193410457345;3.425192996693718
58.3125;55.4286;5.35193410457345;3.425192996693718
58.0625;55.1143;5.35193410457345;3.425192996693718
58.125;55.0;5.35193410457345;3.425192996693718
58.375;55.6571;5.35193410457345;3.425192996693718
58.4375;54.4571;5.35193410457345;3.425192996693718
58.3125;53.9714;5.35193410457345;3.425192996693718
58.5625;54.2857;5.35193410457345;3.425192996693718
58.8125;55.0571;5.35193410457345;3.425192996693718
58.625;55.1714;5.35193410457345;3.425192996693718
58.3125;54.6;5.35193410457345;3.425192996693718
58.125;54.4286;5.35193410457345;3.425192996693718
58.0;54.4857;5.35193410457345;3.425192996693718
58.0;54.2;5.35193410457345;3.425192996693718
58.0;54.5143;5.35193410457345;3.425192996693718
57.75;53.6857;5.35193410457345;3.425192996693718
57.0625;52.8;5.35193410457345;3.425192996693718
56.4375;53.4;5.35193410457345;3.425192996693718
56.3125;53.2571;5.35193410457345;3.425192996693718
56.1875;53.5429;5.35193410457345;3.425192996693718
56.0625;52.9714;5.35193410457345;3.425192996693718
56.0;52.5714;5.35193410457345;3.425192996693718
55.875;52.6286;5.35193410457345;3.425192996693718
55.9375;52.8857;5.35193410457345;3.425192996693718
56.0625;52.6;5.35193410457345;3.425192996693718
55.75;52.7143;5.35193410457345;3.425192996693718
55.375;53.1429;5.35193410457345;3.425192996693718
55.375;52.9714;5.35193410457345;3.425192996693718
55.3125;52.4571;5.35193410457345;3.425192996693718
55.375;52.1714;5.35193410457345;3.425192996693718
55.625;51.8286;5.35193410457345;3.425192996693718
55.625;51.6857;5.35193410457345;3.425192996693718
55.4375;51.3143;5.35193410457345;3.425192996693718
55.1875;51.9143;5.35193410457345;3.425192996693718
54.9375;51.4;5.35193410457345;3.425192996693718
54.6875;51.2571;5.35193410457345;3.425192996693718
54.625;50.6571;5.35193410457345;3.425192996693718
54.625;51.0857;5.35193410457345;3.425192996693718
54.5625;50.5714;5.35193410457345;3.425192996693718
54.6875;50.6571;5.35193410457345;3.425192996693718
54.5625;50.7714;5.35193410457345;3.425192996693718
54.1875;50.8571;5.35193410457345;3.425192996693718
54.0625;50.1143;5.35193410457345;3.425192996693718
54.375;49.1429;5.35193410457345;3.425192996693718
54.625;49.4286;5.35193410457345;3.425192996693718
54.8125;49.9143;5.35193410457345;3.425192996693718
54.875;49.8286;5.35193410457345;3.425192996693718
54.625;49.7429;5.35193410457345;3.425192996693718
54.125;49.7429;5.35193410457345;3.425192996693718
53.625;49.6;5.35193410457345;3.425192996693718
53.1875;49.2286;5.35193410457345;3.425192996693718
52.8125;49.3714;5.35193410457345;3.425192996693718
52.5625;49.6286;5.35193410457345;3.425192996693718
52.25;48.8;5.35193410457345;3.425192996693718
52.0625;48.2286;5.35193410457345;3.425192996693718
52.1875;48.6571;5.35193410457345;3.425192996693718
52.25;48.4571;5.35193410457345;3.425192996693718
52.1875;49.0857;5.35193410457345;3.425192996693718
51.875;48.4286;5.35193410457345;3.425192996693718
51.4375;48.3714;5.35193410457345;3.425192996693718
51.25;48.2571;5.35193410457345;3.425192996693718
51.3125;48.4857;5.35193410457345;3.425192996693718
51.5;48.3714;5.35193410457345;3.425192996693718
51.4375;48.3714;5.35193410457345;3.425192996693718
51.1875;48.3429;5.35193410457345;3.425192996693718
51.125;48.0;5.35193410457345;3.425192996693718
51.25;47.4571;5.35193410457345;3.425192996693718
51.3125;47.3143;5.35193410457345;3.425192996693718
51.3125;47.0857;5.35193410457345;3.425192996693718
51.1875;46.8857;5.35193410457345;3.425192996693718
50.8125;47.0286;5.35193410457345;3.425192996693718
50.375;47.1714;5.35193410457345;3.425192996693718
50.1875;47.1714;5.35193410457345;3.425192996693718
50.0;46.7143;5.35193410457345;3.425192996693718
49.625;46.2;5.35193410457345;3.425192996693718
49.125;46.3429;5.35193410457345;3.425192996693718
48.8125;46.6;5.35193410457345;3.425192996693718
48.6875;46.2286;5.35193410457345;3.425192996693718
48.625;46.4286;5.35193410457345;3.425192996693718
48.9375;46.2857;5.35193410457345;3.425192996693718
49.625;46.9714;5.35193410457345;3.425192996693718
49.9375;46.9429;5.35193410457345;3.425192996693718
49.5625;46.4857;5.35193410457345;3.425192996693718
49.3125;46.2;5.35193410457345;3.425192996693718
49.5625;45.8571;5.35193410457345;3.425192996693718
49.8125;45.6;5.35193410457345;3.425192996693718
49.9375;44.8857;5.35193410457345;3.425192996693718
49.6875;44.7143;5.35193410457345;3.425192996693718
49.0625;44.4857;5.35193410457345;3.425192996693718
48.4375;44.6;5.35193410457345;3.425192996693718
48.0625;44.9143;5.35193410457345;3.425192996693718
47.8125;45.3429;5.35193410457345;3.425192996693718
47.5625;44.9714;5.35193410457345;3.425192996693718
47.4375;44.9143;5.35193410457345;3.425192996693718
47.75;44.8286;5.35193410457345;3.425192996693718
48.125;44.3429;5.35193410457345;3.425192996693718
48.0625;44.1714;5.35193410457345;3.425192996693718
47.9375;44.4;5.35193410457345;3.425192996693718
47.625;44.0571;5.35193410457345;3.425192996693718
47.25;43.7429;5.35193410457345;3.425192996693718
47.1875;43.7714;5.35193410457345;3.425192996693718
47.1875;43.9714;5.35193410457345;3.425192996693718
46.9375;43.5429;5.35193410457345;3.425192996693718
46.5625;43.2286;5.35193410457345;3.425192996693718
46.3125;43.1429;5.35193410457345;3.425192996693718
46.3125;43.2;5.35193410457345;3.425192996693718
46.125;43.2571;5.35193410457345;3.425192996693718
45.75;43.3429;5.35193410457345;3.425192996693718
45.5;43.1429;5.35193410457345;3.425192996693718
45.3125;42.8286;5.35193410457345;3.425192996693718
45.3125;42.8571;5.35193410457345;3.425192996693718
45.3125;42.0571;5.35193410457345;3.425192996693718
45.375;41.9143;5.35193410457345;3.425192996693718
45.3125;41.5143;5.35193410457345;3.425192996693718
45.1875;42.0286;5.35193410457345;3.425192996693718
45.0625;42.2571;5.35193410457345;3.425192996693718
44.9375;41.3429;5.35193410457345;3.425192996693718
44.8125;41.7143;5.35193410457345;3.425192996693718
44.75;41.6571;5.35193410457345;3.425192996693718
44.5625;41.7143;5.35193410457345;3.425192996693718
44.3125;41.6571;5.35193410457345;3.425192996693718
44.125;41.3714;5.35193410457345;3.425192996693718
44.0625;41.8;5.35193410457345;3.425192996693718
44.0;41.3714;5.35193410457345;3.425192996693718
43.8125;42.0857;5.35193410457345;3.425192996693718
43.5625;41.8857;5.35193410457345;3.425192996693718
43.5;41.2;5.35193410457345;3.425192996693718
43.625;40.9714;5.35193410457345;3.425192996693718
43.8125;40.8571;5.35193410457345;3.425192996693718
43.9375;41.2286;5.35193410457345;3.425192996693718
43.75;41.0571;5.35193410457345;3.425192996693718
43.5;40.4286;5.35193410457345;3.425192996693718
43.4375;40.8857;5.35193410457345;3.425192996693718
43.3125;40.4857;5.35193410457345;3.425192996693718
43.0625;40.5429;5.35193410457345;3.425192996693718
43.25;40.1714;5.35193410457345;3.425192996693718
43.5625;40.3714;5.35193410457345;3.425192996693718
43.375;40.0857;5.35193410457345;3.425192996693718
43.1875;39.5714;5.35193410457345;3.425192996693718
43.3125;39.6286;5.35193410457345;3.425192996693718
43.4375;39.9143;5.35193410457345;3.425192996693718
43.5625;39.6571;5.35193410457345;3.425192996693718
43.625;39.3714;5.35193410457345;3.425192996693718
43.5625;39.2857;5.35193410457345;3.425192996693718
43.3125;38.4;5.35193410457345;3.425192996693718
42.8125;38.8286;5.35193410457345;3.425192996693718
41.9375;39.2;5.35193410457345;3.425192996693718
41.125;39.0;5.35193410457345;3.425192996693718
40.625;39.1143;5.35193410457345;3.425192996693718
40.5;38.7714;5.35193410457345;3.425192996693718
40.5625;38.3429;5.35193410457345;3.425192996693718
40.6875;38.6;5.35193410457345;3.425192996693718
40.8125;38.1714;5.35193410457345;3.425192996693718
40.625;38.2857;5.35193410457345;3.425192996693718
40.5;38.3143;5.35193410457345;3.425192996693718
40.5625;38.2857;5.35193410457345;3.425192996693718
40.375;38.3714;5.35193410457345;3.425192996693718
40.0625;38.1143;5.35193410457345;3.425192996693718
39.9375;38.0857;5.35193410457345;3.425192996693718
39.75;37.7429;5.35193410457345;3.425192996693718
39.625;37.7143;5.35193410457345;3.425192996693718
39.6875;37.7143;5.35193410457345;3.425192996693718
39.8125;37.5714;5.35193410457345;3.425192996693718
39.875;37.5714;5.35193410457345;3.425192996693718
39.875;37.1429;5.35193410457345;3.425192996693718
39.75;37.1429;5.35193410457345;3.425192996693718
39.6875;37.2571;5.35193410457345;3.425192996693718
39.875;37.0286;5.35193410457345;3.425192996693718
39.875;36.4286;5.35193410457345;3.425192996693718
39.6875;36.6;5.35193410457345;3.425192996693718
39.4375;36.6;5.35193410457345;3.425192996693718
39.25;36.7714;5.35193410457345;3.425192996693718
39.1875;37.2571;5.35193410457345;3.425192996693718
39.1875;36.9429;5.35193410457345;3.425192996693718
39.1875;36.9143;5.35193410457345;3.425192996693718
39.125;36.5714;5.35193410457345;3.425192996693718
38.8125;36.4;5.35193410457345;3.425192996693718
38.375;36.1714;5.35193410457345;3.425192996693718
38.3125;35.9429;5.35193410457345;3.425192996693718
38.3125;35.9143;5.35193410457345;3.425192996693718
38.0625;35.5714;5.35193410457345;3.425192996693718
37.75;35.2;5.35193410457345;3.425192996693718
37.6875;34.9143;5.35193410457345;3.425192996693718
37.5625;35.0286;5.35193410457345;3.425192996693718
37.5;35.0571;5.35193410457345;3.425192996693718
37.5;35.5714;5.35193410457345;3.425192996693718
37.375;35.7429;5.35193410457345;3.425192996693718
37.0;35.2857;5.35193410457345;3.425192996693718
36.9375;35.1714;5.35193410457345;3.425192996693718
37.1875;34.9714;5.35193410457345;3.425192996693718
37.375;35.0;5.35193410457345;3.425192996693718
37.4375;35.0571;5.35193410457345;3.425192996693718
37.3125;34.7143;5.35193410457345;3.425192996693718
37.0625;34.6857;5.35193410457345;3.425192996693718
37.0;34.8;5.35193410457345;3.425192996693718
37.0;34.4;5.35193410457345;3.425192996693718
36.875;34.3143;5.35193410457345;3.425192996693718
36.6875;34.0286;5.35193410457345;3.425192996693718
36.5625;34.2286;5.35193410457345;3.425192996693718
36.5;34.2571;5.35193410457345;3.425192996693718
36.3125;34.2571;5.35193410457345;3.425192996693718
36.1875;34.0286;5.35193410457345;3.425192996693718
36.3125;33.9714;5.35193410457345;3.425192996693718
36.6875;33.6571;5.35193410457345;3.425192996693718
37.0;33.4286;5.35193410457345;3.425192996693718
37.1875;33.6571;5.35193410457345;3.425192996693718
37.1875;33.6857;5.35193410457345;3.425192996693718
37.125;33.1429;5.35193410457345;3.425192996693718
36.875;33.1714;5.35193410457345;3.425192996693718
36.4375;33.2857;5.35193410457345;3.425192996693718
35.875;32.8571;5.35193410457345;3.425192996693718
35.375;32.9429;5.35193410457345;3.425192996693718
35.125;32.7143;5.35193410457345;3.425192996693718
35.125;32.6857;5.35193410457345;3.425192996693718
35.125;32.8286;5.35193410457345;3.425192996693718
35.125;32.2;5.35193410457345;3.425192996693718
34.8125;32.1714;5.35193410457345;3.425192996693718
34.625;32.2857;5.35193410457345;3.425192996693718
34.6875;31.8857;5.35193410457345;3.425192996693718
34.5;32.0286;5.35193410457345;3.425192996693718
34.25;32.0857;5.35193410457345;3.425192996693718
34.0;31.7714;5.35193410457345;3.425192996693718
33.8125;31.8571;5.35193410457345;3.425192996693718
33.625;31.9429;5.35193410457345;3.425192996693718
33.75;32.1143;5.35193410457345;3.425192996693718
33.8125;31.7714;5.35193410457345;3.425192996693718
33.625;31.6286;5.35193410457345;3.425192996693718
33.625;31.5143;5.35193410457345;3.425192996693718
33.75;31.5714;5.35193410457345;3.425192996693718
33.75;31.2571;5.35193410457345;3.425192996693718
33.5;31.2571;5.35193410457345;3.425192996693718
33.375;31.2286;5.35193410457345;3.425192996693718
33.25;30.9429;5.35193410457345;3.425192996693718
33.1875;31.0;5.35193410457345;3.425192996693718
33.3125;31.2;5.35193410457345;3.425192996693718
33.375;31.0286;5.35193410457345;3.425192996693718
33.4375;30.7714;5.35193410457345;3.425192996693718
33.5;30.7143;5.35193410457345;3.425192996693718
33.5;30.6571;5.35193410457345;3.425192996693718
33.4375;30.7429;5.35193410457345;3.425192996693718
33.1875;30.6;5.35193410457345;3.425192996693718
32.75;30.6857;5.35193410457345;3.425192996693718
32.375;30.5429;5.35193410457345;3.425192996693718
32.3125;30.4857;5.35193410457345;3.425192996693718
32.375;30.4571;5.35193410457345;3.425192996693718
32.375;30.3429;5.35193410457345;3.425192996693718
32.375;30.2857;5.35193410457345;3.425192996693718
32.1875;30.3429;5.35193410457345;3.425192996693718
32.0;30.6;5.35193410457345;3.425192996693718
31.9375;30.3714;5.35193410457345;3.425192996693718
31.875;30.2;5.35193410457345;3.425192996693718
31.875;30.0;5.35193410457345;3.425192996693718
32.0;29.6571;5.35193410457345;3.425192996693718
32.125;29.7714;5.35193410457345;3.425192996693718
32.0625;29.2857;5.35193410457345;3.425192996693718
31.875;29.0571;5.35193410457345;3.425192996693718
31.625;28.9714;5.35193410457345;3.425192996693718
31.4375;28.7714;5.35193410457345;3.425192996693718
31.25;28.4286;5.35193410457345;3.425192996693718
30.9375;28.6;5.35193410457345;3.425192996693718
30.6875;28.6571;5.35193410457345;3.425192996693718
30.5625;28.6286;5.35193410457345;3.425192996693718
30.3125;28.3714;5.35193410457345;3.425192996693718
29.75;28.1714;5.35193410457345;3.425192996693718
29.4375;28.1143;5.35193410457345;3.425192996693718
29.5625;27.9429;5.35193410457345;3.425192996693718
29.625;28.3143;5.35193410457345;3.425192996693718
29.4375;28.1714;5.35193410457345;3.425192996693718
29.3125;28.2571;5.35193410457345;3.425192996693718
29.1875;27.8857;5.35193410457345;3.425192996693718
29.125;27.9429;5.35193410457345;3.425192996693718
29.1875;27.7714;5.35193410457345;3.425192996693718
29.375;27.7714;5.35193410457345;3.425192996693718
29.4375;27.9714;5.35193410457345;3.425192996693718
29.5;27.8286;5.35193410457345;3.425192996693718
29.5625;27.6;5.35193410457345;3.425192996693718
29.3125;27.5429;5.35193410457345;3.425192996693718
28.875;27.2;5.35193410457345;3.425192996693718
28.8125;27.2;5.35193410457345;3.425192996693718
28.9375;27.2571;5.35193410457345;3.425192996693718
29.0;27.0571;5.35193410457345;3.425192996693718
29.0;27.1714;5.35193410457345;3.425192996693718
28.9375;26.9429;5.35193410457345;3.425192996693718
28.8125;26.8571;5.35193410457345;3.425192996693718
28.6875;27.0857;5.35193410457345;3.425192996693718
28.6875;26.7429;5.35193410457345;3.425192996693718
28.625;26.3143;5.35193410457345;3.425192996693718
28.5625;26.3714;5.35193410457345;3.425192996693718
28.4375;26.3143;5.35193410457345;3.425192996693718
28.375;26.2857;5.35193410457345;3.425192996693718
28.1875;26.2571;5.35193410457345;3.425192996693718
27.9375;25.9714;5.35193410457345;3.425192996693718
27.875;26.0;5.35193410457345;3.425192996693718
27.75;26.0286;5.35193410457345;3.425192996693718
27.6875;25.9714;5.35193410457345;3.425192996693718
27.75;25.9143;5.35193410457345;3.425192996693718
27.875;25.4857;5.35193410457345;3.425192996693718
27.75;25.5429;5.35193410457345;3.425192996693718
27.6875;25.4286;5.35193410457345;3.425192996693718
27.75;25.4286;5.35193410457345;3.425192996693718
27.875;25.1143;5.35193410457345;3.425192996693718
27.9375;25.2286;5.35193410457345;3.425192996693718
28.0;25.2;5.35193410457345;3.425192996693718
27.875;25.0571;5.35193410457345;3.425192996693718
27.5625;24.8;5.35193410457345;3.425192996693718
27.1875;24.8857;5.35193410457345;3.425192996693718
26.8125;24.8571;5.35193410457345;3.425192996693718
26.5;24.8286;5.35193410457345;3.425192996693718
26.3125;24.8571;5.35193410457345;3.425192996693718
26.1875;24.8286;5.35193410457345;3.425192996693718
26.125;24.9429;5.35193410457345;3.425192996693718
26.0625;24.8286;5.35193410457345;3.425192996693718
26.125;24.4571;5.35193410457345;3.425192996693718
26.1875;24.4571;5.35193410457345;3.425192996693718
26.25;24.2571;5.35193410457345;3.425192996693718
26.1875;24.2;5.35193410457345;3.425192996693718
26.0625;24.3143;5.35193410457345;3.425192996693718
25.875;24.3429;5.35193410457345;3.425192996693718
25.6875;24.4857;5.35193410457345;3.425192996693718
25.5625;24.3714;5.35193410457345;3.425192996693718
25.5;24.3429;5.35193410457345;3.425192996693718
25.5;24.3429;5.35193410457345;3.425192996693718
25.625;24.2857;5.35193410457345;3.425192996693718
25.75;24.2571;5.35193410457345;3.425192996693718
25.6875;24.1143;5.35193410457345;3.425192996693718
25.625;24.0;5.35193410457345;3.425192996693718
25.625;24.0286;5.35193410457345;3.425192996693718
25.6875;24.0857;5.35193410457345;3.425192996693718
25.75;23.8857;5.35193410457345;3.425192996693718
25.6875;24.0571;5.35193410457345;3.425192996693718
25.625;24.0857;5.35193410457345;3.425192996693718
25.6875;24.0857;5.35193410457345;3.425192996693718
25.75;23.6571;5.35193410457345;3.425192996693718
25.75;23.5714;5.35193410457345;3.425192996693718
25.8125;23.6286;5.35193410457345;3.425192996693718
25.6875;23.4286;5.35193410457345;3.425192996693718
25.4375;23.2857;5.35193410457345;3.425192996693718
25.125;23.2857;5.35193410457345;3.425192996693718
24.9375;23.1429;5.35193410457345;3.425192996693718
24.875;22.9714;5.35193410457345;3.425192996693718
24.8125;22.9714;5.35193410457345;3.425192996693718
24.75;23.0571;5.35193410457345;3.425192996693718
24.5;22.7714;5.35193410457345;3.425192996693718
24.1875;22.6286;5.35193410457345;3.425192996693718
24.0625;22.6571;5.35193410457345;3.425192996693718
24.0;22.5429;5.35193410457345;3.425192996693718
23.875;22.5714;5.35193410457345;3.425192996693718
23.75;22.5143;5.35193410457345;3.425192996693718
23.75;22.3714;5.35193410457345;3.425192996693718
23.6875;22.2;5.35193410457345;3.425192996693718
23.625;22.2571;5.35193410457345;3.425192996693718
23.5625;22.1429;5.35193410457345;3.425192996693718
23.5;21.8857;5.35193410457345;3.425192996693718
23.4375;21.9143;5.35193410457345;3.425192996693718
23.3125;21.5714;5.35193410457345;3.425192996693718
23.3125;21.4;5.35193410457345;3.425192996693718
23.1875;21.4;5.35193410457345;3.425192996693718
23.0625;21.3714;5.35193410457345;3.425192996693718
22.9375;21.4286;5.35193410457345;3.425192996693718
22.8125;21.4;5.35193410457345;3.425192996693718
22.625;21.2;5.35193410457345;3.425192996693718
22.5625;21.1143;5.35193410457345;3.425192996693718
22.625;21.1143;5.35193410457345;3.425192996693718
22.6875;21.1714;5.35193410457345;3.425192996693718
22.8125;21.0857;5.35193410457345;3.425192996693718
22.875;21.0;5.35193410457345;3.425192996693718
22.875;20.9143;5.35193410457345;3.425192996693718
22.8125;20.8857;5.35193410457345;3.425192996693718
22.625;20.7429;5.35193410457345;3.425192996693718
22.375;20.7429;5.35193410457345;3.425192996693718
22.125;20.6571;5.35193410457345;3.425192996693718
21.9375;20.4857;5.35193410457345;3.425192996693718
21.8125;20.5143;5.35193410457345;3.425192996693718
21.6875;20.4;5.35193410457345;3.425192996693718
21.5625;20.4;5.35193410457345;3.425192996693718
21.5625;20.4286;5.35193410457345;3.425192996693718
21.5625;20.2571;5.35193410457345;3.425192996693718
21.5;20.3143;5.35193410457345;3.425192996693718
21.5625;20.4;5.35193410457345;3.425192996693718
21.625;20.0286;5.35193410457345;3.425192996693718
21.5625;20.2;5.35193410457345;3.425192996693718
21.4375;20.1714;5.35193410457345;3.425192996693718
21.375;19.9429;5.35193410457345;3.425192996693718
21.25;20.0571;5.35193410457345;3.425192996693718
21.25;19.8857;5.35193410457345;3.425192996693718
21.1875;19.8;5.35193410457345;3.425192996693718
21.125;19.8571;5.35193410457345;3.425192996693718
21.125;19.7143;5.35193410457345;3.425192996693718
21.125;19.6857;5.35193410457345;3.425192996693718
21.0625;19.6857;5.35193410457345;3.425192996693718
21.0;19.4857;5.35193410457345;3.425192996693718
20.875;19.6571;5.35193410457345;3.425192996693718
20.875;19.4;5.35193410457345;3.425192996693718
20.75;19.2857;5.35193410457345;3.425192996693718
20.6875;19.2571;5.35193410457345;3.425192996693718
20.6875;18.9714;5.35193410457345;3.425192996693718
20.6875;19.0;5.35193410457345;3.425192996693718
20.6875;18.9429;5.35193410457345;3.425192996693718
20.6875;18.9143;5.35193410457345;3.425192996693718
20.75;18.8571;5.35193410457345;3.425192996693718
20.6875;18.8;5.35193410457345;3.425192996693718
20.375;18.6857;5.35193410457345;3.425192996693718
20.125;18.7143;5.35193410457345;3.425192996693718
19.9375;18.6;5.35193410457345;3.425192996693718
19.875;18.6;5.35193410457345;3.425192996693718
19.875;18.3714;5.35193410457345;3.425192996693718
19.75;18.4286;5.35193410457345;3.425192996693718
19.75;18.1143;5.35193410457345;3.425192996693718
19.75;18.0;5.35193410457345;3.425192996693718
19.6875;18.1143;5.35193410457345;3.425192996693718
19.625;18.0571;5.35193410457345;3.425192996693718
19.5;18.0571;5.35193410457345;3.425192996693718
19.25;17.8857;5.35193410457345;3.425192996693718
19.1875;17.8857;5.35193410457345;3.425192996693718
19.1875;17.8286;5.35193410457345;3.425192996693718
19.1875;17.7429;5.35193410457345;3.425192996693718
19.0625;17.6857;5.35193410457345;3.425192996693718
19.0;17.6;5.35193410457345;3.425192996693718
18.9375;17.6857;5.35193410457345;3.425192996693718
18.8125;17.5143;5.35193410457345;3.425192996693718
18.75;17.3429;5.35193410457345;3.425192996693718
18.625;17.3143;5.35193410457345;3.425192996693718
18.5;17.3143;5.35193410457345;3.425192996693718
18.625;17.3714;5.35193410457345;3.425192996693718
18.6875;17.4;5.35193410457345;3.425192996693718
18.5625;17.3143;5.35193410457345;3.425192996693718
18.3125;17.2286;5.35193410457345;3.425192996693718
18.1875;17.2;5.35193410457345;3.425192996693718
18.125;17.1143;5.35193410457345;3.425192996693718
18.125;17.0;5.35193410457345;3.425192996693718
18.125;17.0286;5.35193410457345;3.425192996693718
18.1875;16.8857;5.35193410457345;3.425192996693718
18.25;16.7714;5.35193410457345;3.425192996693718
18.1875;16.7714;5.35193410457345;3.425192996693718
18.0;16.7714;5.35193410457345;3.425192996693718
18.0;16.6857;5.35193410457345;3.425192996693718
18.0;16.6571;5.35193410457345;3.425192996693718
17.875;16.7143;5.35193410457345;3.425192996693718
17.75;16.5429;5.35193410457345;3.425192996693718
17.75;16.6286;5.35193410457345;3.425192996693718
17.6875;16.3429;5.35193410457345;3.425192996693718
17.5625;16.2286;5.35193410457345;3.425192996693718
17.5625;16.0;5.35193410457345;3.425192996693718
17.5;15.9429;5.35193410457345;3.425192996693718
17.375;15.9429;5.35193410457345;3.425192996693718
17.1875;15.8571;5.35193410457345;3.425192996693718
17.0625;15.8286;5.35193410457345;3.425192996693718
16.9375;15.8857;5.35193410457345;3.425192996693718
16.8125;15.7429;5.35193410457345;3.425192996693718
16.75;15.8;5.35193410457345;3.425192996693718
16.75;15.7143;5.35193410457345;3.425192996693718
16.75;15.5429;5.35193410457345;3.425192996693718
16.8125;15.5143;5.35193410457345;3.425192996693718
16.8125;15.4571;5.35193410457345;3.425192996693718
16.75;15.4571;5.35193410457345;3.425192996693718
16.625;15.3143;5.35193410457345;3.425192996693718
16.4375;15.3714;5.35193410457345;3.425192996693718
16.375;15.3143;5.35193410457345;3.425192996693718
16.375;15.2571;5.35193410457345;3.425192996693718
16.4375;15.2;5.35193410457345;3.425192996693718
16.5625;15.2286;5.35193410457345;3.425192996693718
16.5625;15.2;5.35193410457345;3.425192996693718
16.625;15.0571;5.35193410457345;3.425192996693718
16.5;14.9429;5.35193410457345;3.425192996693718
16.3125;14.8286;5.35193410457345;3.425192996693718
16.1875;14.8;5.35193410457345;3.425192996693718
16.125;14.7143;5.35193410457345;3.425192996693718
16.0;14.6286;5.35193410457345;3.425192996693718
15.875;14.5429;5.35193410457345;3.425192996693718
15.75;14.4571;5.35193410457345;3.425192996693718
15.6875;14.3714;5.35193410457345;3.425192996693718
15.5625;14.3143;5.35193410457345;3.425192996693718
15.5;14.3714;5.35193410457345;3.425192996693718
15.4375;14.1714;5.35193410457345;3.425192996693718
15.375;14.2857;5.35193410457345;3.425192996693718
15.3125;14.2286;5.35193410457345;3.425192996693718
15.3125;14.1143;5.35193410457345;3.425192996693718
15.3125;13.9714;5.35193410457345;3.425192996693718
15.375;13.9429;5.35193410457345;3.425192996693718
15.3125;13.8;5.35193410457345;3.425192996693718
15.1875;13.7714;5.35193410457345;3.425192996693718
15.125;13.8;5.35193410457345;3.425192996693718
15.0625;13.7429;5.35193410457345;3.425192996693718
15.0;13.7143;5.35193410457345;3.425192996693718
14.9375;13.6571;5.35193410457345;3.425192996693718
14.875;13.6571;5.35193410457345;3.425192996693718
14.8125;13.5429;5.35193410457345;3.425192996693718
14.8125;13.4857;5.35193410457345;3.425192996693718
14.6875;13.3429;5.35193410457345;3.425192996693718
14.6875;13.2857;5.35193410457345;3.425192996693718
14.6875;13.3429;5.35193410457345;3.425192996693718
14.6875;13.2857;5.35193410457345;3.425192996693718
14.6875;13.1714;5.35193410457345;3.425192996693718
14.75;13.1429;5.35193410457345;3.425192996693718
14.75;13.1143;5.35193410457345;3.425192996693718
14.6875;13.0;5.35193410457345;3.425192996693718
14.6875;13.0;5.35193410457345;3.425192996693718
14.5625;12.9143;5.35193410457345;3.425192996693718
14.375;12.7714;5.35193410457345;3.425192996693718
14.125;12.8;5.35193410457345;3.425192996693718
13.9375;12.7714;5.35193410457345;3.425192996693718
13.8125;12.6857;5.35193410457345;3.425192996693718
13.75;12.6286;5.35193410457345;3.425192996693718
13.75;12.6286;5.35193410457345;3.425192996693718
13.75;12.5714;5.35193410457345;3.425192996693718
13.75;12.5143;5.35193410457345;3.425192996693718
13.75;12.5429;5.35193410457345;3.425192996693718
13.6875;12.4286;5.35193410457345;3.425192996693718
13.625;12.4;5.35193410457345;3.425192996693718
13.5625;12.3143;5.35193410457345;3.425192996693718
13.5;12.2286;5.35193410457345;3.425192996693718
13.4375;12.2286;5.35193410457345;3.425192996693718
13.4375;12.0857;5.35193410457345;3.425192996693718
13.4375;12.1143;5.35193410457345;3.425192996693718
13.375;12.1143;5.35193410457345;3.425192996693718
13.1875;12.0286;5.35193410457345;3.425192996693718
13.125;11.9714;5.35193410457345;3.425192996693718
13.0;11.9714;5.35193410457345;3.425192996693718
13.0;11.8857;5.35193410457345;3.425192996693718
13.0;11.8286;5.35193410457345;3.425192996693718
13.0;11.8;5.35193410457345;3.425192996693718
12.9375;11.6857;5.35193410457345;3.425192996693718
12.875;11.6;5.35193410457345;3.425192996693718
12.8125;11.5714;5.35193410457345;3.425192996693718
12.8125;11.5714;5.35193410457345;3.425192996693718
12.75;11.4571;5.35193410457345;3.425192996693718
12.75;11.4;5.35193410457345;3.425192996693718
12.75;11.3429;5.35193410457345;3.425192996693718
12.75;11.3143;5.35193410457345;3.425192996693718
12.625;11.2286;5.35193410457345;3.425192996693718
12.5;11.1429;5.35193410457345;3.425192996693718
12.375;11.1714;5.35193410457345;3.425192996693718
12.25;11.1143;5.35193410457345;3.425192996693718
12.1875;11.0;5.35193410457345;3.425192996693718
12.1875;11.0286;5.35193410457345;3.425192996693718
12.25;10.8857;5.35193410457345;3.425192996693718
12.25;10.9143;5.35193410457345;3.425192996693718
12.0625;10.8571;5.35193410457345;3.425192996693718
11.9375;10.8286;5.35193410457345;3.425192996693718
11.8125;10.7429;5.35193410457345;3.425192996693718
11.8125;10.6857;5.35193410457345;3.425192996693718
11.8125;10.7143;5.35193410457345;3.425192996693718
11.8125;10.6286;5.35193410457345;3.425192996693718
11.8125;10.5429;5.35193410457345;3.425192996693718
11.8125;10.5143;5.35193410457345;3.425192996693718
11.6875;10.4857;5.35193410457345;3.425192996693718
11.625;10.4286;5.35193410457345;3.425192996693718
11.5;10.4;5.35193410457345;3.425192996693718
11.4375;10.3143;5.35193410457345;3.425192996693718
11.4375;10.2857;5.35193410457345;3.425192996693718
11.4375;10.2;5.35193410457345;3.425192996693718
11.375;10.1429;5.35193410457345;3.425192996693718
11.3125;10.0571;5.35193410457345;3.425192996693718
11.1875;9.9714;5.35193410457345;3.425192996693718
11.125;9.9429;5.35193410457345;3.425192996693718
11.125;9.9143;5.35193410457345;3.425192996693718
11.125;9.8286;5.35193410457345;3.425192996693718
11.125;9.8286;5.35193410457345;3.425192996693718
11.125;9.7714;5.35193410457345;3.425192996693718
11.1875;9.6857;5.35193410457345;3.425192996693718
11.25;9.6286;5.35193410457345;3.425192996693718
11.1875;9.6286;5.35193410457345;3.425192996693718
11.0625;9.6286;5.35193410457345;3.425192996693718
10.9375;9.5429;5.35193410457345;3.425192996693718
10.8125;9.6286;5.35193410457345;3.425192996693718
10.8125;9.5429;5.35193410457345;3.425192996693718
10.6875;9.4857;5.35193410457345;3.425192996693718
10.625;9.4286;5.35193410457345;3.425192996693718
10.625;9.3714;5.35193410457345;3.425192996693718
10.6875;9.3429;5.35193410457345;3.425192996693718
10.6875;9.2857;5.35193410457345;3.425192996693718
10.625;9.2;5.35193410457345;3.425192996693718
10.5625;9.1714;5.35193410457345;3.425192996693718
10.5625;9.1429;5.35193410457345;3.425192996693718
10.5625;9.0571;5.35193410457345;3.425192996693718
10.5625;9.0286;5.35193410457345;3.425192996693718
10.5625;9.0571;5.35193410457345;3.425192996693718
10.5;8.9714;5.35193410457345;3.425192996693718
10.4375;8.9143;5.35193410457345;3.425192996693718
10.3125;8.8857;5.35193410457345;3.425192996693718
10.25;8.8;5.35193410457345;3.425192996693718
10.1875;8.6857;5.35193410457345;3.425192996693718
10.1875;8.6286;5.35193410457345;3.425192996693718
10.1875;8.6286;5.35193410457345;3.425192996693718
10.1875;8.6;5.35193410457345;3.425192996693718
10.0625;8.5429;5.35193410457345;3.425192996693718
9.8125;8.5429;5.35193410457345;3.425192996693718
9.6875;8.4286;5.35193410457345;3.425192996693718
9.5625;8.4571;5.35193410457345;3.425192996693718
9.5625;8.3429;5.35193410457345;3.425192996693718
9.5625;8.3143;5.35193410457345;3.425192996693718
9.625;8.2571;5.35193410457345;3.425192996693718
9.625;8.2286;5.35193410457345;3.425192996693718
9.5625;8.2286;5.35193410457345;3.425192996693718
9.5;8.2571;5.35193410457345;3.425192996693718
9.4375;8.1714;5.35193410457345;3.425192996693718
9.4375;8.2;5.35193410457345;3.425192996693718
9.5;8.0857;5.35193410457345;3.425192996693718
9.625;8.0286;5.35193410457345;3.425192996693718
9.6875;8.0;5.35193410457345;3.425192996693718
9.625;7.9429;5.35193410457345;3.425192996693718
9.5;7.9143;5.35193410457345;3.425192996693718
9.375;7.8;5.35193410457345;3.425192996693718
9.375;7.7429;5.35193410457345;3.425192996693718
9.3125;7.7143;5.35193410457345;3.425192996693718
9.25;7.7143;5.35193410457345;3.425192996693718
9.125;7.6;5.35193410457345;3.425192996693718
8.9375;7.6286;5.35193410457345;3.425192996693718
8.75;7.5429;5.35193410457345;3.425192996693718
8.75;7.4571;5.35193410457345;3.425192996693718
8.8125;7.5143;5.35193410457345;3.425192996693718
8.875;7.4;5.35193410457345;3.425192996693718
8.875;7.3714;5.35193410457345;3.425192996693718
8.8125;7.3429;5.35193410457345;3.425192996693718
8.6875;7.2857;5.35193410457345;3.425192996693718
8.625;7.2286;5.35193410457345;3.425192996693718
8.625;7.2;5.35193410457345;3.425192996693718
8.625;7.1714;5.35193410457345;3.425192996693718
8.375;7.1714;5.35193410457345;3.425192996693718
8.0625;7.0857;5.35193410457345;3.425192996693718
7.875;7.0571;5.35193410457345;3.425192996693718
7.75;6.9714;5.35193410457345;3.425192996693718
7.75;6.9429;5.35193410457345;3.425192996693718
7.625;6.8857;5.35193410457345;3.425192996693718
7.5;6.8857;5.35193410457345;3.425192996693718
7.5625;6.8571;5.35193410457345;3.425192996693718
7.75;6.8;5.35193410457345;3.425192996693718
7.875;6.6857;5.35193410457345;3.425192996693718
7.8125;6.6;5.35193410457345;3.425192996693718
7.8125;6.6286;5.35193410457345;3.425192996693718
8.0;6.5714;5.35193410457345;3.425192996693718
8.125;6.5714;5.35193410457345;3.425192996693718
8.0625;6.5714;5.35193410457345;3.425192996693718
7.9375;6.4571;5.35193410457345;3.425192996693718
7.75;6.4286;5.35193410457345;3.425192996693718
7.5;6.4286;5.35193410457345;3.425192996693718
7.3125;6.4;5.35193410457345;3.425192996693718
7.1875;6.2857;5.35193410457345;3.425192996693718
7.25;6.3143;5.35193410457345;3.425192996693718
7.375;6.2;5.35193410457345;3.425192996693718
7.3125;6.2;5.35193410457345;3.425192996693718
7.0;6.2;5.35193410457345;3.425192996693718
6.6875;6.1714;5.35193410457345;3.425192996693718
6.5625;6.0571;5.35193410457345;3.425192996693718
6.5625;6.1429;5.35193410457345;3.425192996693718
6.625;6.0286;5.35193410457345;3.425192996693718
6.8125;5.9714;5.35193410457345;3.425192996693718
7.0;5.8857;5.35193410457345;3.425192996693718
7.0625;5.8857;5.35193410457345;3.425192996693718
7.0;5.8;5.35193410457345;3.425192996693718
7.0;5.7429;5.35193410457345;3.425192996693718
7.125;5.7143;5.35193410457345;3.425192996693718
7.1875;5.7429;5.35193410457345;3.425192996693718
7.1875;5.6857;5.35193410457345;3.425192996693718
7.25;5.6571;5.35193410457345;3.425192996693718
7.125;5.5429;5.35193410457345;3.425192996693718
6.8125;5.5429;5.35193410457345;3.425192996693718
6.4375;5.4571;5.35193410457345;3.425192996693718
6.25;5.4286;5.35193410457345;3.425192996693718
6.3125;5.3714;5.35193410457345;3.425192996693718
6.1875;5.3429;5.35193410457345;3.425192996693718
6.0;5.3143;5.35193410457345;3.425192996693718
5.875;5.2857;5.35193410457345;3.425192996693718
5.6875;5.2571;5.35193410457345;3.425192996693718
5.625;5.2286;5.35193410457345;3.425192996693718
5.6875;5.1429;5.35193410457345;3.425192996693718
5.8125;5.1429;5.35193410457345;3.425192996693718
5.875;5.0286;5.35193410457345;3.425192996693718
5.875;5.0857;5.35193410457345;3.425192996693718
5.75;5.0571;5.35193410457345;3.425192996693718
5.8125;5.0;5.35193410457345;3.425192996693718
5.8125;4.9714;5.35193410457345;3.425192996693718
5.875;4.9143;5.35193410457345;3.425192996693718
5.875;4.8286;5.35193410457345;3.425192996693718
5.75;4.8571;5.35193410457345;3.425192996693718
5.5;4.8;5.35193410457345;3.425192996693718
5.4375;4.8;5.35193410457345;3.425192996693718
5.375;4.6857;5.35193410457345;3.425192996693718
5.25;4.6857;5.35193410457345;3.425192996693718
5.1875;4.6857;5.35193410457345;3.425192996693718
5.125;4.6;5.35193410457345;3.425192996693718
5.0625;4.5429;5.35193410457345;3.425192996693718
5.1875;4.5143;5.35193410457345;3.425192996693718
5.4375;4.4857;5.35193410457345;3.425192996693718
5.5625;4.4857;5.35193410457345;3.425192996693718
5.6875;4.4571;5.35193410457345;3.425192996693718
5.6875;4.3714;5.35193410457345;3.425192996693718
5.5;4.4;5.35193410457345;3.425192996693718
5.0625;4.3429;5.35193410457345;3.425192996693718
4.625;4.3143;5.35193410457345;3.425192996693718
4.4375;4.2286;5.35193410457345;3.425192996693718
4.375;4.2;5.35193410457345;3.425192996693718
4.25;4.2;5.35193410457345;3.425192996693718
4.125;4.1714;5.35193410457345;3.425192996693718
4.125;4.1143;5.35193410457345;3.425192996693718
4.25;4.1143;5.35193410457345;3.425192996693718
4.4375;4.0571;5.35193410457345;3.425192996693718
4.375;4.0571;5.35193410457345;3.425192996693718
4.375;4.0571;5.35193410457345;3.425192996693718
4.5625;3.9714;5.35193410457345;3.425192996693718
4.625;3.9143;5.35193410457345;3.425192996693718
4.5;3.9143;5.35193410457345;3.425192996693718
4.3125;3.8571;5.35193410457345;3.425192996693718
4.125;3.8571;5.35193410457345;3.425192996693718
3.875;3.8;5.35193410457345;3.425192996693718
3.8125;3.7429;5.35193410457345;3.425192996693718
3.75;3.8;5.35193410457345;3.425192996693718
3.8125;3.8;5.35193410457345;3.425192996693718
3.875;3.6857;5.35193410457345;3.425192996693718
3.9375;3.6571;5.35193410457345;3.425192996693718
3.9375;3.5714;5.35193410457345;3.425192996693718
3.875;3.5143;5.35193410457345;3.425192996693718
3.875;3.5429;5.35193410457345;3.425192996693718
4.0;3.4857;5.35193410457345;3.425192996693718
4.0;3.4286;5.35193410457345;3.425192996693718
3.9375;3.4857;5.35193410457345;3.425192996693718
3.875;3.3429;5.35193410457345;3.425192996693718
3.875;3.3429;5.35193410457345;3.425192996693718
3.8125;3.3714;5.35193410457345;3.425192996693718
3.8125;3.3143;5.35193410457345;3.425192996693718
3.8125;3.2857;5.35193410457345;3.425192996693718
3.6875;3.1429;5.35193410457345;3.425192996693718
3.5;3.2;5.35193410457345;3.425192996693718
3.625;3.1714;5.35193410457345;3.425192996693718
3.8125;3.1429;5.35193410457345;3.425192996693718
3.8125;3.1429;5.35193410457345;3.425192996693718
3.5625;3.0286;5.35193410457345;3.425192996693718
3.25;3.0286;5.35193410457345;3.425192996693718
3.0;2.9429;5.35193410457345;3.425192996693718
3.0;2.9714;5.35193410457345;3.425192996693718
3.1875;2.8571;5.35193410457345;3.425192996693718
3.375;2.8857;5.35193410457345;3.425192996693718
3.4375;2.8857;5.35193410457345;3.425192996693718
3.4375;2.8571;5.35193410457345;3.425192996693718
3.625;2.8;5.35193410457345;3.425192996693718
3.875;2.7714;5.35193410457345;3.425192996693718
4.0;2.7429;5.35193410457345;3.425192996693718
3.8125;2.7143;5.35193410457345;3.425192996693718
3.6875;2.6571;5.35193410457345;3.425192996693718
3.6875;2.6;5.35193410457345;3.425192996693718
3.5625;2.5714;5.35193410457345;3.425192996693718
3.25;2.6571;5.35193410457345;3.425192996693718
2.8125;2.6286;5.35193410457345;3.425192996693718
2.75;2.5429;5.35193410457345;3.425192996693718
3.0;2.6;5.35193410457345;3.425192996693718
3.125;2.4571;5.35193410457345;3.425192996693718
3.125;2.4286;5.35193410457345;3.425192996693718
3.0625;2.4571;5.35193410457345;3.425192996693718
3.0;2.4286;5.35193410457345;3.425192996693718
3.0;2.4286;5.35193410457345;3.425192996693718
2.9375;2.3714;5.35193410457345;3.425192996693718
3.0;2.3143;5.35193410457345;3.425192996693718
2.9375;2.2571;5.35193410457345;3.425192996693718
2.6875;2.3143;5.35193410457345;3.425192996693718
2.625;2.2286;5.35193410457345;3.425192996693718
2.6875;2.1429;5.35193410457345;3.425192996693718
2.5;2.1429;5.35193410457345;3.425192996693718
2.5625;2.1714;5.35193410457345;3.425192996693718
2.6875;2.0;5.35193410457345;3.425192996693718
2.5;2.0857;5.35193410457345;3.425192996693718
2.0625;2.0571;5.35193410457345;3.425192996693718
1.625;2.0571;5.35193410457345;3.425192996693718
1.5625;2.0571;5.35193410457345;3.425192996693718
2.0;2.0571;5.35193410457345;3.425192996693718
2.375;1.8857;5.35193410457345;3.425192996693718
2.1875;1.9143;5.35193410457345;3.425192996693718
2.0;1.9429;5.35193410457345;3.425192996693718
2.125;1.8571;5.35193410457345;3.425192996693718
2.3125;1.8286;5.35193410457345;3.425192996693718
2.5625;1.8571;5.35193410457345;3.425192996693718
2.875;1.7429;5.35193410457345;3.425192996693718
2.875;1.6857;5.35193410457345;3.425192996693718
2.3125;1.7143;5.35193410457345;3.425192996693718
1.9375;1.6571;5.35193410457345;3.425192996693718
1.8125;1.6571;5.35193410457345;3.425192996693718
1.5;1.5714;5.35193410457345;3.425192996693718
1.3125;1.5714;5.35193410457345;3.425192996693718
1.25;1.5714;5.35193410457345;3.425192996693718
1.0;1.5429;5.35193410457345;3.425192996693718
0.5625;1.5714;5.35193410457345;3.425192996693718
0.125;1.5429;5.35193410457345;3.425192996693718
0.0;1.4571;5.35193410457345;3.425192996693718
-0.0625;1.4857;5.35193410457345;3.425192996693718
0.25;1.4571;5.35193410457345;3.425192996693718
1.1875;1.4;5.35193410457345;3.425192996693718
1.875;1.3714;5.35193410457345;3.425192996693718
1.625;1.2857;5.35193410457345;3.425192996693718
1.0;1.3714;5.35193410457345;3.425192996693718
1.0;1.3429;5.35193410457345;3.425192996693718
1.4375;1.2;5.35193410457345;3.425192996693718
1.75;1.2571;5.35193410457345;3.425192996693718
1.625;1.2857;5.35193410457345;3.425192996693718
1.125;1.2571;5.35193410457345;3.425192996693718
0.5;1.2571;5.35193410457345;3.425192996693718
0.1875;1.2286;5.35193410457345;3.425192996693718
0.3125;1.1429;5.35193410457345;3.425192996693718
1.0;1.1714;5.35193410457345;3.425192996693718
1.5625;1.1429;5.35193410457345;3.425192996693718
1.5;1.0571;5.35193410457345;3.425192996693718
1.1875;1.0571;5.35193410457345;3.425192996693718
0.9375;1.0;5.35193410457345;3.425192996693718
0.625;1.0571;5.35193410457345;3.425192996693718
0.375;1.0;5.35193410457345;3.425192996693718
0.25;0.9714;5.35193410457345;3.425192996693718
0.375;0.9429;5.35193410457345;3.425192996693718
0.6875;0.9714;5.35193410457345;3.425192996693718
0.8125;0.8571;5.35193410457345;3.425192996693718
0.8125;0.9143;5.35193410457345;3.425192996693718
0.75;0.8857;5.35193410457345;3.425192996693718
0.6875;0.9714;5.35193410457345;3.425192996693718
1.0;0.8286;5.35193410457345;3.425192996693718
1.375;0.9143;5.35193410457345;3.425192996693718
1.625;0.8;5.35193410457345;3.425192996693718
1.75;0.8;5.35193410457345;3.425192996693718
1.75;0.8;5.35193410457345;3.425192996693718
1.5625;0.7714;5.35193410457345;3.425192996693718
1.0625;0.7143;5.35193410457345;3.425192996693718
0.5;0.7714;5.35193410457345;3.425192996693718
0.4375;0.7429;5.35193410457345;3.425192996693718
1.0625;0.7143;5.35193410457345;3.425192996693718
1.5625;0.6286;5.35193410457345;3.425192996693718
1.375;0.6286;5.35193410457345;3.425192996693718
0.75;0.5714;5.35193410457345;3.425192996693718
0.5;0.6571;5.35193410457345;3.425192996693718
1.125;0.6;5.35193410457345;3.425192996693718
2.0;0.5714;5.35193410457345;3.425192996693718
2.375;0.6;5.35193410457345;3.425192996693718
2.3125;0.5714;5.35193410457345;3.425192996693718
2.0;0.4857;5.35193410457345;3.425192996693718
1.375;0.5429;5.35193410457345;3.425192996693718
0.875;0.4857;5.35193410457345;3.425192996693718
0.75;0.5429;5.35193410457345;3.425192996693718
0.5625;0.5143;5.35193410457345;3.425192996693718
0.375;0.4571;5.35193410457345;3.425192996693718
0.3125;0.5429;5.35193410457345;3.425192996693718
0.25;0.4286;5.35193410457345;3.425192996693718
0.3125;0.4286;5.35193410457345;3.425192996693718
0.6875;0.4571;5.35193410457345;3.425192996693718
0.6875;0.4286;5.35193410457345;3.425192996693718
0.5;0.4;5.35193410457345;3.425192996693718
0.4375;0.3429;5.35193410457345;3.425192996693718
0.4375;0.3429;5.35193410457345;3.425192996693718
0.375;0.4;5.35193410457345;3.425192996693718
0.1875;0.2857;5.35193410457345;3.425192996693718
0.0;0.3714;5.35193410457345;3.425192996693718
0.0;0.3143;5.35193410457345;3.425192996693718
0.0;0.2857;5.35193410457345;3.425192996693718
0.0;0.3429;5.35193410457345;3.425192996693718
0.0;0.2571;5.35193410457345;3.425192996693718
0.0;0.2857;5.35193410457345;3.425192996693718
0.1875;0.2857;5.35193410457345;3.425192996693718
0.625;0.2;5.35193410457345;3.425192996693718
0.75;0.2571;5.35193410457345;3.425192996693718
0.5;0.2857;5.35193410457345;3.425192996693718
0.1875;0.2286;5.35193410457345;3.425192996693718
0.0;0.2857;5.35193410457345;3.425192996693718
0.0;0.2286;5.35193410457345;3.425192996693718
0.4375;0.2;5.35193410457345;3.425192996693718
0.8125;0.2571;5.35193410457345;3.425192996693718
0.9375;0.2286;5.35193410457345;3.425192996693718
0.75;0.2286;5.35193410457345;3.425192996693718
0.5625;0.2286;5.35193410457345;3.425192996693718
0.4375;0.3143;5.35193410457345;3.425192996693718
0.4375;0.2;5.35193410457345;3.425192996693718
0.5;0.1714;5.35193410457345;3.425192996693718
0.5625;0.2571;5.35193410457345;3.425192996693718
0.4375;0.2;5.35193410457345;3.425192996693718
0.1875;0.2286;5.35193410457345;3.425192996693718
0.0625;0.2;5.35193410457345;3.425192996693718
0.0625;0.1714;5.35193410457345;3.425192996693718
0.25;0.1429;5.35193410457345;3.425192996693718
0.25;0.1714;5.35193410457345;3.425192996693718
0.375;0.0857;5.35193410457345;3.425192996693718
0.5625;0.1714;5.35193410457345;3.425192996693718
0.5625;0.2;5.35193410457345;3.425192996693718
0.3125;0.2286;5.35193410457345;3.425192996693718
0.125;0.2;5.35193410457345;3.425192996693718
0.0;0.1429;5.35193410457345;3.425192996693718
0.0;0.1714;5.35193410457345;3.425192996693718
0.125;0.2286;5.35193410457345;3.425192996693718
0.4375;0.2;5.35193410457345;3.425192996693718
0.3125;0.1714;5.35193410457345;3.425192996693718
0.125;0.2;5.35193410457345;3.425192996693718
0.1875;0.1714;5.35193410457345;3.425192996693718
0.4375;0.1429;5.35193410457345;3.425192996693718
0.75;0.1143;5.35193410457345;3.425192996693718
0.9375;0.1143;5.35193410457345;3.425192996693718
0.8125;0.1429;5.35193410457345;3.425192996693718
0.5625;0.1143;5.35193410457345;3.425192996693718
0.3125;0.1714;5.35193410457345;3.425192996693718
0.0625;0.2;5.35193410457345;3.425192996693718
0.0;0.1429;5.35193410457345;3.425192996693718
0.0;0.0857;5.35193410457345;3.425192996693718
0.0;0.1143;5.35193410457345;3.425192996693718
0.125;0.2;5.35193410457345;3.425192996693718
0.5;0.0857;5.35193410457345;3.425192996693718
0.9375;0.1429;5.35193410457345;3.425192996693718
1.1875;0.0286;5.35193410457345;3.425192996693718
1.125;0.1143;5.35193410457345;3.425192996693718
0.875;0.0571;5.35193410457345;3.425192996693718
0.9375;0.1429;5.35193410457345;3.425192996693718
1.4375;0.1143;5.35193410457345;3.425192996693718
2.0;0.1714;5.35193410457345;3.425192996693718
2.5;0.0857;5.35193410457345;3.425192996693718
2.5;0.1429;5.35193410457345;3.425192996693718
1.75;0.0286;5.35193410457345;3.425192996693718
0.8125;0.1429;5.35193410457345;3.425192996693718
0.1875;0.0857;5.35193410457345;3.425192996693718
-0.0625;0.0857;5.35193410457345;3.425192996693718
-0.125;0.2;5.35193410457345;3.425192996693718
-0.0625;0.0857;5.35193410457345;3.425192996693718
0.0;0.0286;5.35193410457345;3.425192996693718
0.0;0.1143;5.35193410457345;3.425192996693718
0.1875;0.0571;5.35193410457345;3.425192996693718
0.5625;0.0857;5.35193410457345;3.425192996693718
0.625;0.1143;5.35193410457345;3.425192996693718
0.5625;0.1143;5.35193410457345;3.425192996693718
0.6875;0.1429;5.35193410457345;3.425192996693718
0.9375;0.0857;5.35193410457345;3.425192996693718
1.0625;0.1143;5.35193410457345;3.425192996693718
0.875;0.1143;5.35193410457345;3.425192996693718
0.625;0.0857;5.35193410457345;3.425192996693718
0.375;0.0571;5.35193410457345;3.425192996693718
0.125;0.0857;5.35193410457345;3.425192996693718
0.0;0.0571;5.35193410457345;3.425192996693718
0.125;0.0571;5.35193410457345;3.425192996693718
0.6875;0.0857;5.35193410457345;3.425192996693718
1.1875;0.1143;5.35193410457345;3.425192996693718
1.3125;0.0286;5.35193410457345;3.425192996693718
1.625;0.0286;5.35193410457345;3.425192996693718
2.1875;0.1143;5.35193410457345;3.425192996693718
