SF-A-022;Sensirion;RMSE;MAE
-7.8125;-7.0857;5.053096870427194;3.2765199638663054
-7.8125;-7.0571;5.053096870427194;3.2765199638663054
-7.5;-7.0;5.053096870427194;3.2765199638663054
-6.8125;-7.0286;5.053096870427194;3.2765199638663054
-6.5;-6.9429;5.053096870427194;3.2765199638663054
-6.875;-6.9429;5.053096870427194;3.2765199638663054
-7.375;-6.8857;5.053096870427194;3.2765199638663054
-7.8125;-6.8857;5.053096870427194;3.2765199638663054
-8.0;-6.8286;5.053096870427194;3.2765199638663054
-8.0625;-6.8;5.053096870427194;3.2765199638663054
-8.0625;-6.7714;5.053096870427194;3.2765199638663054
-7.75;-6.7714;5.053096870427194;3.2765199638663054
-7.1875;-6.6857;5.053096870427194;3.2765199638663054
-6.6875;-6.6857;5.053096870427194;3.2765199638663054
-6.4375;-6.6857;5.053096870427194;3.2765199638663054
-6.25;-6.6;5.053096870427194;3.2765199638663054
-6.25;-6.6;5.053096870427194;3.2765199638663054
-6.125;-6.5429;5.053096870427194;3.2765199638663054
-5.75;-6.5429;5.053096870427194;3.2765199638663054
-5.625;-6.5143;5.053096870427194;3.2765199638663054
-5.9375;-6.5143;5.053096870427194;3.2765199638663054
-5.9375;-6.4857;5.053096870427194;3.2765199638663054
-5.75;-6.4571;5.053096870427194;3.2765199638663054
-5.8125;-6.5143;5.053096870427194;3.2765199638663054
-6.0;-6.4857;5.053096870427194;3.2765199638663054
-6.125;-6.4857;5.053096870427194;3.2765199638663054
-6.1875;-6.4857;5.053096870427194;3.2765199638663054
-6.25;-6.5143;5.053096870427194;3.2765199638663054
-6.25;-6.6;5.053096870427194;3.2765199638663054
-6.25;-6.6571;5.053096870427194;3.2765199638663054
-6.25;-6.7143;5.053096870427194;3.2765199638663054
-6.25;-6.8;5.053096870427194;3.2765199638663054
-6.1875;-6.9143;5.053096870427194;3.2765199638663054
-6.1875;-7.0286;5.053096870427194;3.2765199638663054
-6.25;-7.1714;5.053096870427194;3.2765199638663054
-6.3125;-7.3429;5.053096870427194;3.2765199638663054
-6.5;-7.6;5.053096870427194;3.2765199638663054
-6.8125;-7.8;5.053096870427194;3.2765199638663054
-7.0;-8.0;5.053096870427194;3.2765199638663054
-7.125;-8.2286;5.053096870427194;3.2765199638663054
-7.1875;-8.5143;5.053096870427194;3.2765199638663054
-7.1875;-8.8;5.053096870427194;3.2765199638663054
-7.1875;-9.0857;5.053096870427194;3.2765199638663054
-7.1875;-9.3714;5.053096870427194;3.2765199638663054
-7.3125;-9.7714;5.053096870427194;3.2765199638663054
-7.6875;-10.1429;5.053096870427194;3.2765199638663054
-8.3125;-10.5429;5.053096870427194;3.2765199638663054
-9.25;-10.9714;5.053096870427194;3.2765199638663054
-10.3125;-11.4;5.053096870427194;3.2765199638663054
-11.125;-11.9143;5.053096870427194;3.2765199638663054
-11.625;-12.4;5.053096870427194;3.2765199638663054
-12.0;-12.8571;5.053096870427194;3.2765199638663054
-12.3125;-13.4;5.053096870427194;3.2765199638663054
-12.6875;-13.9143;5.053096870427194;3.2765199638663054
-13.0625;-14.4857;5.053096870427194;3.2765199638663054
-13.25;-15.1429;5.053096870427194;3.2765199638663054
-13.625;-15.6286;5.053096870427194;3.2765199638663054
-14.125;-16.2571;5.053096870427194;3.2765199638663054
-14.6875;-16.9714;5.053096870427194;3.2765199638663054
-15.0625;-17.5429;5.053096870427194;3.2765199638663054
-15.5;-18.2571;5.053096870427194;3.2765199638663054
-16.0625;-18.7714;5.053096870427194;3.2765199638663054
-16.8125;-19.4857;5.053096870427194;3.2765199638663054
-17.5625;-20.2286;5.053096870427194;3.2765199638663054
-18.3125;-20.8571;5.053096870427194;3.2765199638663054
-19.125;-21.6286;5.053096870427194;3.2765199638663054
-19.75;-22.1429;5.053096870427194;3.2765199638663054
-20.25;-22.8857;5.053096870427194;3.2765199638663054
-20.8125;-23.6571;5.053096870427194;3.2765199638663054
-21.1875;-24.3429;5.053096870427194;3.2765199638663054
-21.1875;-25.0571;5.053096870427194;3.2765199638663054
-21.0625;-25.6;5.053096870427194;3.2765199638663054
-20.9375;-26.2857;5.053096870427194;3.2765199638663054
-20.875;-27.1429;5.053096870427194;3.2765199638663054
-20.8125;-27.7143;5.053096870427194;3.2765199638663054
-20.9375;-28.2857;5.053096870427194;3.2765199638663054
-22.0;-29.2857;5.053096870427194;3.2765199638663054
-24.5;-29.8857;5.053096870427194;3.2765199638663054
-27.4375;-30.5714;5.053096870427194;3.2765199638663054
-29.6875;-31.1714;5.053096870427194;3.2765199638663054
-30.9375;-31.9143;5.053096870427194;3.2765199638663054
-31.375;-32.4857;5.053096870427194;3.2765199638663054
-31.4375;-33.1429;5.053096870427194;3.2765199638663054
-31.6875;-33.9714;5.053096870427194;3.2765199638663054
-32.5;-34.6286;5.053096870427194;3.2765199638663054
-33.75;-35.2571;5.053096870427194;3.2765199638663054
-34.8125;-36.0;5.053096870427194;3.2765199638663054
-36.0625;-36.7714;5.053096870427194;3.2765199638663054
-37.0625;-37.6571;5.053096870427194;3.2765199638663054
-37.75;-37.9143;5.053096870427194;3.2765199638663054
-38.375;-38.7143;5.053096870427194;3.2765199638663054
-39.0;-39.4857;5.053096870427194;3.2765199638663054
-39.6875;-39.8857;5.053096870427194;3.2765199638663054
-39.8125;-40.7714;5.053096870427194;3.2765199638663054
-39.9375;-41.2;5.053096870427194;3.2765199638663054
-41.0625;-41.8857;5.053096870427194;3.2765199638663054
-42.4375;-42.6;5.053096870427194;3.2765199638663054
-43.75;-43.6571;5.053096870427194;3.2765199638663054
-44.4375;-44.2571;5.053096870427194;3.2765199638663054
-44.375;-45.0;5.053096870427194;3.2765199638663054
-44.375;-45.3143;5.053096870427194;3.2765199638663054
-45.375;-46.1714;5.053096870427194;3.2765199638663054
-47.0;-46.9429;5.053096870427194;3.2765199638663054
-48.125;-47.5143;5.053096870427194;3.2765199638663054
-48.6875;-47.7714;5.053096870427194;3.2765199638663054
-48.875;-48.5429;5.053096870427194;3.2765199638663054
-48.8125;-49.0286;5.053096870427194;3.2765199638663054
-48.4375;-50.0286;5.053096870427194;3.2765199638663054
-48.0625;-50.2;5.053096870427194;3.2765199638663054
-48.75;-51.0857;5.053096870427194;3.2765199638663054
-50.5625;-51.4286;5.053096870427194;3.2765199638663054
-52.6875;-52.0571;5.053096870427194;3.2765199638663054
-54.5625;-52.8857;5.053096870427194;3.2765199638663054
-55.625;-53.4;5.053096870427194;3.2765199638663054
-55.5625;-54.4286;5.053096870427194;3.2765199638663054
-55.375;-54.7429;5.053096870427194;3.2765199638663054
-56.0;-55.6;5.053096870427194;3.2765199638663054
-56.625;-55.8571;5.053096870427194;3.2765199638663054
-56.9375;-56.6286;5.053096870427194;3.2765199638663054
-57.625;-57.0571;5.053096870427194;3.2765199638663054
-58.375;-57.1714;5.053096870427194;3.2765199638663054
-58.625;-58.2;5.053096870427194;3.2765199638663054
-58.5625;-58.4571;5.053096870427194;3.2765199638663054
-58.9375;-58.7714;5.053096870427194;3.2765199638663054
-59.8125;-59.5714;5.053096870427194;3.2765199638663054
-60.6875;-59.9429;5.053096870427194;3.2765199638663054
-61.3125;-60.8;5.053096870427194;3.2765199638663054
-61.9375;-61.2;5.053096870427194;3.2765199638663054
-62.3125;-61.9429;5.053096870427194;3.2765199638663054
-62.5;-62.8;5.053096870427194;3.2765199638663054
-62.8125;-63.2857;5.053096870427194;3.2765199638663054
-63.125;-63.4857;5.053096870427194;3.2765199638663054
-63.4375;-64.4571;5.053096870427194;3.2765199638663054
-64.75;-64.7143;5.053096870427194;3.2765199638663054
-66.5;-64.6571;5.053096870427194;3.2765199638663054
-67.75;-65.4286;5.053096870427194;3.2765199638663054
-68.3125;-65.2571;5.053096870427194;3.2765199638663054
-68.4375;-65.9429;5.053096870427194;3.2765199638663054
-68.375;-67.6286;5.053096870427194;3.2765199638663054
-68.0;-68.1143;5.053096870427194;3.2765199638663054
-67.0;-68.0571;5.053096870427194;3.2765199638663054
-66.4375;-68.6857;5.053096870427194;3.2765199638663054
-67.6875;-69.2857;5.053096870427194;3.2765199638663054
-69.9375;-70.2;5.053096870427194;3.2765199638663054
-71.4375;-70.3143;5.053096870427194;3.2765199638663054
-72.375;-70.9143;5.053096870427194;3.2765199638663054
-73.625;-71.9714;5.053096870427194;3.2765199638663054
-74.6875;-71.8571;5.053096870427194;3.2765199638663054
-74.625;-72.6286;5.053096870427194;3.2765199638663054
-74.375;-73.3714;5.053096870427194;3.2765199638663054
-74.875;-73.9429;5.053096870427194;3.2765199638663054
-75.1875;-73.4857;5.053096870427194;3.2765199638663054
-74.5625;-74.8;5.053096870427194;3.2765199638663054
-74.25;-75.9429;5.053096870427194;3.2765199638663054
-74.0;-75.9429;5.053096870427194;3.2765199638663054
-73.5625;-75.5429;5.053096870427194;3.2765199638663054
-74.0;-75.3714;5.053096870427194;3.2765199638663054
-74.5;-76.5714;5.053096870427194;3.2765199638663054
-75.1875;-77.6857;5.053096870427194;3.2765199638663054
-76.375;-76.7714;5.053096870427194;3.2765199638663054
-77.6875;-77.0286;5.053096870427194;3.2765199638663054
-79.5625;-78.0;5.053096870427194;3.2765199638663054
-81.375;-79.2571;5.053096870427194;3.2765199638663054
-82.3125;-79.6286;5.053096870427194;3.2765199638663054
-82.5;-80.0286;5.053096870427194;3.2765199638663054
-82.0625;-79.9714;5.053096870427194;3.2765199638663054
-81.4375;-80.3714;5.053096870427194;3.2765199638663054
-81.0625;-81.2286;5.053096870427194;3.2765199638663054
-80.875;-81.6571;5.053096870427194;3.2765199638663054
-80.8125;-82.5143;5.053096870427194;3.2765199638663054
-80.8125;-83.1429;5.053096870427194;3.2765199638663054
-81.1875;-83.4857;5.053096870427194;3.2765199638663054
-82.25;-83.4857;5.053096870427194;3.2765199638663054
-83.6875;-84.4286;5.053096870427194;3.2765199638663054
-84.625;-85.4;5.053096870427194;3.2765199638663054
-85.375;-85.6;5.053096870427194;3.2765199638663054
-86.6875;-85.9429;5.053096870427194;3.2765199638663054
-87.125;-85.7429;5.053096870427194;3.2765199638663054
-87.4375;-86.7429;5.053096870427194;3.2765199638663054
-88.6875;-87.0571;5.053096870427194;3.2765199638663054
-89.25;-86.8857;5.053096870427194;3.2765199638663054
-89.625;-87.3429;5.053096870427194;3.2765199638663054
-90.625;-87.6857;5.053096870427194;3.2765199638663054
-91.375;-87.2;5.053096870427194;3.2765199638663054
-91.5;-87.8286;5.053096870427194;3.2765199638663054
-91.0625;-88.8571;5.053096870427194;3.2765199638663054
-90.4375;-89.6;5.053096870427194;3.2765199638663054
-90.5;-89.2;5.053096870427194;3.2765199638663054
-92.0625;-89.6286;5.053096870427194;3.2765199638663054
-93.75;-90.3714;5.053096870427194;3.2765199638663054
-94.125;-90.5714;5.053096870427194;3.2765199638663054
-94.4375;-90.6;5.053096870427194;3.2765199638663054
-95.0625;-90.3143;5.053096870427194;3.2765199638663054
-93.9375;-90.7429;5.053096870427194;3.2765199638663054
-92.6875;-91.8571;5.053096870427194;3.2765199638663054
-93.8125;-93.0286;5.053096870427194;3.2765199638663054
-95.0;-93.5143;5.053096870427194;3.2765199638663054
-95.0625;-93.6857;5.053096870427194;3.2765199638663054
-95.0625;-92.8571;5.053096870427194;3.2765199638663054
-95.0;-93.0571;5.053096870427194;3.2765199638663054
-95.0;-93.9143;5.053096870427194;3.2765199638663054
-95.0;-94.3714;5.053096870427194;3.2765199638663054
-94.9375;-94.9143;5.053096870427194;3.2765199638663054
-95.75;-95.0286;5.053096870427194;3.2765199638663054
-97.875;-94.8857;5.053096870427194;3.2765199638663054
-99.5;-95.5143;5.053096870427194;3.2765199638663054
-99.625;-95.3714;5.053096870427194;3.2765199638663054
-100.0;-95.6;5.053096870427194;3.2765199638663054
-101.625;-95.5429;5.053096870427194;3.2765199638663054
-102.9375;-96.4;5.053096870427194;3.2765199638663054
-102.9375;-97.4857;5.053096870427194;3.2765199638663054
-102.625;-97.5429;5.053096870427194;3.2765199638663054
-103.125;-97.6571;5.053096870427194;3.2765199638663054
-103.75;-98.5429;5.053096870427194;3.2765199638663054
-103.1875;-98.7429;5.053096870427194;3.2765199638663054
-101.75;-98.2571;5.053096870427194;3.2765199638663054
-101.25;-98.6;5.053096870427194;3.2765199638663054
-101.9375;-100.0;5.053096870427194;3.2765199638663054
-102.0625;-100.5143;5.053096870427194;3.2765199638663054
-101.1875;-99.5429;5.053096870427194;3.2765199638663054
-100.5625;-100.4571;5.053096870427194;3.2765199638663054
-100.375;-100.5714;5.053096870427194;3.2765199638663054
-100.5625;-100.7429;5.053096870427194;3.2765199638663054
-101.75;-100.6571;5.053096870427194;3.2765199638663054
-103.0625;-103.1714;5.053096870427194;3.2765199638663054
-103.8125;-102.1714;5.053096870427194;3.2765199638663054
-104.3125;-102.8571;5.053096870427194;3.2765199638663054
-105.0;-103.2857;5.053096870427194;3.2765199638663054
-105.5625;-103.5429;5.053096870427194;3.2765199638663054
-105.6875;-104.7429;5.053096870427194;3.2765199638663054
-105.3125;-105.0857;5.053096870427194;3.2765199638663054
-104.9375;-104.5714;5.053096870427194;3.2765199638663054
-104.6875;-105.2571;5.053096870427194;3.2765199638663054
-104.625;-105.5429;5.053096870427194;3.2765199638663054
-104.5625;-105.4286;5.053096870427194;3.2765199638663054
-104.625;-105.7714;5.053096870427194;3.2765199638663054
-105.6875;-106.9143;5.053096870427194;3.2765199638663054
-107.875;-106.6857;5.053096870427194;3.2765199638663054
-108.5;-106.5143;5.053096870427194;3.2765199638663054
-106.875;-107.5714;5.053096870427194;3.2765199638663054
-106.125;-107.2286;5.053096870427194;3.2765199638663054
-106.5625;-106.2857;5.053096870427194;3.2765199638663054
-106.1875;-107.8857;5.053096870427194;3.2765199638663054
-107.0;-108.8857;5.053096870427194;3.2765199638663054
-109.3125;-109.5714;5.053096870427194;3.2765199638663054
-110.375;-108.6;5.053096870427194;3.2765199638663054
-111.375;-109.2857;5.053096870427194;3.2765199638663054
-112.6875;-109.1429;5.053096870427194;3.2765199638663054
-113.125;-108.3714;5.053096870427194;3.2765199638663054
-113.25;-109.2857;5.053096870427194;3.2765199638663054
-113.375;-108.7143;5.053096870427194;3.2765199638663054
-113.8125;-109.4571;5.053096870427194;3.2765199638663054
-113.875;-110.5143;5.053096870427194;3.2765199638663054
-112.0625;-110.2571;5.053096870427194;3.2765199638663054
-110.25;-111.6286;5.053096870427194;3.2765199638663054
-110.8125;-111.6571;5.053096870427194;3.2765199638663054
-112.5;-111.5714;5.053096870427194;3.2765199638663054
-114.1875;-111.7429;5.053096870427194;3.2765199638663054
-116.0;-111.4857;5.053096870427194;3.2765199638663054
-117.1875;-111.4571;5.053096870427194;3.2765199638663054
-115.8125;-111.3429;5.053096870427194;3.2765199638663054
-111.875;-114.3143;5.053096870427194;3.2765199638663054
-107.875;-114.9714;5.053096870427194;3.2765199638663054
-105.375;-114.6;5.053096870427194;3.2765199638663054
-104.4375;-114.9429;5.053096870427194;3.2765199638663054
-104.3125;-114.7143;5.053096870427194;3.2765199638663054
-104.5;-114.1429;5.053096870427194;3.2765199638663054
-105.4375;-114.4571;5.053096870427194;3.2765199638663054
-108.0625;-114.5714;5.053096870427194;3.2765199638663054
-112.375;-114.4571;5.053096870427194;3.2765199638663054
-116.6875;-113.6286;5.053096870427194;3.2765199638663054
-118.625;-115.5143;5.053096870427194;3.2765199638663054
-117.4375;-115.4857;5.053096870427194;3.2765199638663054
-115.4375;-115.2571;5.053096870427194;3.2765199638663054
-115.1875;-116.5429;5.053096870427194;3.2765199638663054
-116.3125;-116.6857;5.053096870427194;3.2765199638663054
-117.0625;-115.1143;5.053096870427194;3.2765199638663054
-117.1875;-114.9714;5.053096870427194;3.2765199638663054
-118.5625;-115.4286;5.053096870427194;3.2765199638663054
-120.625;-116.4857;5.053096870427194;3.2765199638663054
-121.0625;-117.7429;5.053096870427194;3.2765199638663054
-120.8125;-118.0;5.053096870427194;3.2765199638663054
-120.875;-118.8857;5.053096870427194;3.2765199638663054
-121.125;-118.8857;5.053096870427194;3.2765199638663054
-121.4375;-118.5714;5.053096870427194;3.2765199638663054
-120.625;-119.0571;5.053096870427194;3.2765199638663054
-118.875;-120.4571;5.053096870427194;3.2765199638663054
-118.6875;-120.3714;5.053096870427194;3.2765199638663054
-119.4375;-119.7143;5.053096870427194;3.2765199638663054
-119.625;-120.0857;5.053096870427194;3.2765199638663054
-119.75;-120.1429;5.053096870427194;3.2765199638663054
-120.125;-119.8;5.053096870427194;3.2765199638663054
-120.5;-118.8;5.053096870427194;3.2765199638663054
-120.875;-119.1714;5.053096870427194;3.2765199638663054
-121.125;-119.9429;5.053096870427194;3.2765199638663054
-121.25;-119.7143;5.053096870427194;3.2765199638663054
-121.3125;-120.6571;5.053096870427194;3.2765199638663054
-121.25;-119.0571;5.053096870427194;3.2765199638663054
-121.25;-120.5429;5.053096870427194;3.2765199638663054
-121.4375;-121.0571;5.053096870427194;3.2765199638663054
-122.25;-122.2;5.053096870427194;3.2765199638663054
-123.0;-121.8857;5.053096870427194;3.2765199638663054
-123.0;-122.0286;5.053096870427194;3.2765199638663054
-122.5625;-120.6286;5.053096870427194;3.2765199638663054
-122.625;-120.9714;5.053096870427194;3.2765199638663054
-123.3125;-120.8;5.053096870427194;3.2765199638663054
-123.75;-121.9714;5.053096870427194;3.2765199638663054
-123.375;-123.7429;5.053096870427194;3.2765199638663054
-121.75;-123.6571;5.053096870427194;3.2765199638663054
-120.625;-122.9429;5.053096870427194;3.2765199638663054
-120.9375;-123.9143;5.053096870427194;3.2765199638663054
-122.0625;-123.9429;5.053096870427194;3.2765199638663054
-123.125;-123.0571;5.053096870427194;3.2765199638663054
-124.25;-122.9429;5.053096870427194;3.2765199638663054
-125.25;-123.2571;5.053096870427194;3.2765199638663054
-125.5;-124.1714;5.053096870427194;3.2765199638663054
-125.3125;-124.4857;5.053096870427194;3.2765199638663054
-125.4375;-125.2571;5.053096870427194;3.2765199638663054
-125.25;-125.0857;5.053096870427194;3.2765199638663054
-124.25;-126.3143;5.053096870427194;3.2765199638663054
-124.0;-125.6286;5.053096870427194;3.2765199638663054
-124.75;-125.1429;5.053096870427194;3.2765199638663054
-125.25;-124.8571;5.053096870427194;3.2765199638663054
-126.0625;-125.2857;5.053096870427194;3.2765199638663054
-126.25;-124.9143;5.053096870427194;3.2765199638663054
-123.8125;-125.4;5.053096870427194;3.2765199638663054
-120.25;-125.5714;5.053096870427194;3.2765199638663054
-117.6875;-124.8571;5.053096870427194;3.2765199638663054
-116.5;-125.9143;5.053096870427194;3.2765199638663054
-116.1875;-126.2571;5.053096870427194;3.2765199638663054
-116.3125;-127.1143;5.053096870427194;3.2765199638663054
-117.75;-127.4857;5.053096870427194;3.2765199638663054
-121.25;-127.4857;5.053096870427194;3.2765199638663054
-124.5625;-126.9429;5.053096870427194;3.2765199638663054
-125.75;-127.6857;5.053096870427194;3.2765199638663054
-125.875;-127.5429;5.053096870427194;3.2765199638663054
-126.3125;-127.5714;5.053096870427194;3.2765199638663054
-127.625;-127.0286;5.053096870427194;3.2765199638663054
-127.875;-128.0;5.053096870427194;3.2765199638663054
-127.125;-127.8286;5.053096870427194;3.2765199638663054
-128.25;-129.0857;5.053096870427194;3.2765199638663054
-129.0625;-129.4286;5.053096870427194;3.2765199638663054
-129.125;-129.2;5.053096870427194;3.2765199638663054
-130.0625;-128.8857;5.053096870427194;3.2765199638663054
-129.5;-129.6857;5.053096870427194;3.2765199638663054
-128.375;-129.0571;5.053096870427194;3.2765199638663054
-128.6875;-130.0286;5.053096870427194;3.2765199638663054
-128.375;-131.0286;5.053096870427194;3.2765199638663054
-127.6875;-129.4857;5.053096870427194;3.2765199638663054
-128.9375;-129.2571;5.053096870427194;3.2765199638663054
-130.4375;-129.8286;5.053096870427194;3.2765199638663054
-130.1875;-130.1429;5.053096870427194;3.2765199638663054
-129.625;-130.8571;5.053096870427194;3.2765199638663054
-129.3125;-131.5143;5.053096870427194;3.2765199638663054
-129.0625;-132.0286;5.053096870427194;3.2765199638663054
-128.375;-131.5429;5.053096870427194;3.2765199638663054
-127.875;-130.7143;5.053096870427194;3.2765199638663054
-129.3125;-131.3714;5.053096870427194;3.2765199638663054
-131.875;-130.7143;5.053096870427194;3.2765199638663054
-133.875;-130.5714;5.053096870427194;3.2765199638663054
-134.875;-131.8857;5.053096870427194;3.2765199638663054
-135.125;-132.4857;5.053096870427194;3.2765199638663054
-135.0625;-130.5429;5.053096870427194;3.2765199638663054
-134.0625;-131.3429;5.053096870427194;3.2765199638663054
-132.5;-132.4286;5.053096870427194;3.2765199638663054
-132.4375;-131.0286;5.053096870427194;3.2765199638663054
-133.5;-132.1714;5.053096870427194;3.2765199638663054
-134.3125;-130.4571;5.053096870427194;3.2765199638663054
-134.4375;-130.0;5.053096870427194;3.2765199638663054
-133.8125;-133.3714;5.053096870427194;3.2765199638663054
-132.625;-133.6286;5.053096870427194;3.2765199638663054
-131.5625;-133.5714;5.053096870427194;3.2765199638663054
-130.4375;-133.5429;5.053096870427194;3.2765199638663054
-129.8125;-133.1429;5.053096870427194;3.2765199638663054
-130.25;-133.8857;5.053096870427194;3.2765199638663054
-131.0625;-133.1714;5.053096870427194;3.2765199638663054
-132.4375;-134.2;5.053096870427194;3.2765199638663054
-134.0625;-134.7714;5.053096870427194;3.2765199638663054
-135.875;-133.5714;5.053096870427194;3.2765199638663054
-137.625;-135.3714;5.053096870427194;3.2765199638663054
-137.75;-135.6857;5.053096870427194;3.2765199638663054
-135.75;-135.6857;5.053096870427194;3.2765199638663054
-133.25;-135.0571;5.053096870427194;3.2765199638663054
-132.0625;-136.0;5.053096870427194;3.2765199638663054
-133.6875;-134.9714;5.053096870427194;3.2765199638663054
-135.8125;-136.1714;5.053096870427194;3.2765199638663054
-135.6875;-135.6;5.053096870427194;3.2765199638663054
-134.75;-136.0857;5.053096870427194;3.2765199638663054
-134.625;-136.5143;5.053096870427194;3.2765199638663054
-135.375;-135.8;5.053096870427194;3.2765199638663054
-136.5;-135.1429;5.053096870427194;3.2765199638663054
-137.3125;-135.7429;5.053096870427194;3.2765199638663054
-137.6875;-136.8;5.053096870427194;3.2765199638663054
-137.75;-137.8571;5.053096870427194;3.2765199638663054
-137.75;-137.3714;5.053096870427194;3.2765199638663054
-138.5;-136.2;5.053096870427194;3.2765199638663054
-140.5;-136.3429;5.053096870427194;3.2765199638663054
-141.9375;-136.5714;5.053096870427194;3.2765199638663054
-141.1875;-137.0286;5.053096870427194;3.2765199638663054
-138.5;-136.8857;5.053096870427194;3.2765199638663054
-135.75;-137.6571;5.053096870427194;3.2765199638663054
-135.3125;-136.9429;5.053096870427194;3.2765199638663054
-136.6875;-138.0286;5.053096870427194;3.2765199638663054
-137.375;-137.9429;5.053096870427194;3.2765199638663054
-137.9375;-136.1714;5.053096870427194;3.2765199638663054
-138.5;-137.8857;5.053096870427194;3.2765199638663054
-138.0625;-136.1143;5.053096870427194;3.2765199638663054
-137.0625;-136.6286;5.053096870427194;3.2765199638663054
-134.75;-137.1143;5.053096870427194;3.2765199638663054
-132.125;-135.3429;5.053096870427194;3.2765199638663054
-131.5625;-135.0571;5.053096870427194;3.2765199638663054
-132.75;-134.8857;5.053096870427194;3.2765199638663054
-134.3125;-133.2571;5.053096870427194;3.2765199638663054
-135.125;-135.0857;5.053096870427194;3.2765199638663054
-134.375;-134.2;5.053096870427194;3.2765199638663054
-133.25;-134.0;5.053096870427194;3.2765199638663054
-132.6875;-133.7143;5.053096870427194;3.2765199638663054
-132.0625;-134.7143;5.053096870427194;3.2765199638663054
-132.0;-131.6571;5.053096870427194;3.2765199638663054
-131.5625;-131.1429;5.053096870427194;3.2765199638663054
-129.75;-130.9429;5.053096870427194;3.2765199638663054
-129.0;-130.4;5.053096870427194;3.2765199638663054
-129.875;-130.8286;5.053096870427194;3.2765199638663054
-130.9375;-130.3714;5.053096870427194;3.2765199638663054
-131.6875;-129.0857;5.053096870427194;3.2765199638663054
-132.0;-130.0;5.053096870427194;3.2765199638663054
-132.0625;-129.4571;5.053096870427194;3.2765199638663054
-132.0;-130.5429;5.053096870427194;3.2765199638663054
-131.5625;-130.2286;5.053096870427194;3.2765199638663054
-130.625;-129.7143;5.053096870427194;3.2765199638663054
-129.875;-130.0286;5.053096870427194;3.2765199638663054
-130.3125;-129.2857;5.053096870427194;3.2765199638663054
-130.75;-128.2;5.053096870427194;3.2765199638663054
-130.9375;-128.7714;5.053096870427194;3.2765199638663054
-131.375;-128.7429;5.053096870427194;3.2765199638663054
-130.0625;-128.4286;5.053096870427194;3.2765199638663054
-127.25;-128.2286;5.053096870427194;3.2765199638663054
-126.1875;-127.5429;5.053096870427194;3.2765199638663054
-126.3125;-128.2286;5.053096870427194;3.2765199638663054
-127.125;-127.4286;5.053096870427194;3.2765199638663054
-129.25;-126.8571;5.053096870427194;3.2765199638663054
-130.5;-127.6286;5.053096870427194;3.2765199638663054
-130.0625;-126.6571;5.053096870427194;3.2765199638663054
-128.25;-124.1429;5.053096870427194;3.2765199638663054
-126.875;-125.2286;5.053096870427194;3.2765199638663054
-128.5;-124.1143;5.053096870427194;3.2765199638663054
-130.5;-124.1143;5.053096870427194;3.2765199638663054
-129.3125;-123.9714;5.053096870427194;3.2765199638663054
-126.9375;-123.9429;5.053096870427194;3.2765199638663054
-125.8125;-123.2286;5.053096870427194;3.2765199638663054
-124.75;-123.6857;5.053096870427194;3.2765199638663054
-123.9375;-122.2286;5.053096870427194;3.2765199638663054
-123.625;-120.3143;5.053096870427194;3.2765199638663054
-122.875;-122.3714;5.053096870427194;3.2765199638663054
-121.8125;-121.6286;5.053096870427194;3.2765199638663054
-121.125;-121.4571;5.053096870427194;3.2765199638663054
-120.8125;-120.5143;5.053096870427194;3.2765199638663054
-120.75;-119.9143;5.053096870427194;3.2765199638663054
-120.8125;-120.7143;5.053096870427194;3.2765199638663054
-120.875;-120.4286;5.053096870427194;3.2765199638663054
-121.4375;-120.9714;5.053096870427194;3.2765199638663054
-122.625;-120.4571;5.053096870427194;3.2765199638663054
-123.375;-119.6571;5.053096870427194;3.2765199638663054
-123.0625;-119.8571;5.053096870427194;3.2765199638663054
-122.5625;-120.4286;5.053096870427194;3.2765199638663054
-122.125;-120.6286;5.053096870427194;3.2765199638663054
-121.25;-119.3143;5.053096870427194;3.2765199638663054
-121.0;-118.9714;5.053096870427194;3.2765199638663054
-120.6875;-119.1429;5.053096870427194;3.2765199638663054
-119.125;-118.6286;5.053096870427194;3.2765199638663054
-118.0625;-117.0286;5.053096870427194;3.2765199638663054
-118.375;-116.1143;5.053096870427194;3.2765199638663054
-119.25;-115.3714;5.053096870427194;3.2765199638663054
-119.75;-116.2;5.053096870427194;3.2765199638663054
-119.3125;-116.7714;5.053096870427194;3.2765199638663054
-118.9375;-117.2;5.053096870427194;3.2765199638663054
-119.3125;-116.5429;5.053096870427194;3.2765199638663054
-119.1875;-115.7429;5.053096870427194;3.2765199638663054
-119.125;-115.4286;5.053096870427194;3.2765199638663054
-120.4375;-113.4;5.053096870427194;3.2765199638663054
-120.875;-113.9143;5.053096870427194;3.2765199638663054
-119.875;-115.4;5.053096870427194;3.2765199638663054
-118.6875;-114.8;5.053096870427194;3.2765199638663054
-116.9375;-114.3714;5.053096870427194;3.2765199638663054
-115.4375;-114.0286;5.053096870427194;3.2765199638663054
-115.6875;-113.9714;5.053096870427194;3.2765199638663054
-116.75;-113.7714;5.053096870427194;3.2765199638663054
-117.6875;-113.6857;5.053096870427194;3.2765199638663054
-118.1875;-113.4;5.053096870427194;3.2765199638663054
-118.375;-113.0286;5.053096870427194;3.2765199638663054
-118.375;-112.7714;5.053096870427194;3.2765199638663054
-118.4375;-113.2;5.053096870427194;3.2765199638663054
-118.0625;-113.2571;5.053096870427194;3.2765199638663054
-117.125;-111.1429;5.053096870427194;3.2765199638663054
-115.5625;-110.4;5.053096870427194;3.2765199638663054
-113.75;-112.2571;5.053096870427194;3.2765199638663054
-113.25;-111.6286;5.053096870427194;3.2765199638663054
-114.125;-111.6857;5.053096870427194;3.2765199638663054
-113.9375;-111.8857;5.053096870427194;3.2765199638663054
-112.8125;-110.7429;5.053096870427194;3.2765199638663054
-112.375;-109.8857;5.053096870427194;3.2765199638663054
-112.1875;-109.9429;5.053096870427194;3.2765199638663054
-111.0;-109.4;5.053096870427194;3.2765199638663054
-110.4375;-109.7429;5.053096870427194;3.2765199638663054
-112.5625;-109.4;5.053096870427194;3.2765199638663054
-114.125;-108.5143;5.053096870427194;3.2765199638663054
-113.3125;-109.0286;5.053096870427194;3.2765199638663054
-112.25;-108.0571;5.053096870427194;3.2765199638663054
-112.0;-109.2;5.053096870427194;3.2765199638663054
-113.1875;-108.8;5.053096870427194;3.2765199638663054
-114.5;-108.4286;5.053096870427194;3.2765199638663054
-113.5;-108.7429;5.053096870427194;3.2765199638663054
-111.5625;-108.5143;5.053096870427194;3.2765199638663054
-110.375;-107.3714;5.053096870427194;3.2765199638663054
-108.5625;-107.4571;5.053096870427194;3.2765199638663054
-107.625;-106.5429;5.053096870427194;3.2765199638663054
-109.1875;-106.3143;5.053096870427194;3.2765199638663054
-110.125;-107.4571;5.053096870427194;3.2765199638663054
-109.1875;-107.4571;5.053096870427194;3.2765199638663054
-108.0625;-105.8286;5.053096870427194;3.2765199638663054
-107.25;-105.2;5.053096870427194;3.2765199638663054
-106.9375;-105.6;5.053096870427194;3.2765199638663054
-106.875;-105.9429;5.053096870427194;3.2765199638663054
-106.4375;-105.7143;5.053096870427194;3.2765199638663054
-105.5;-105.4857;5.053096870427194;3.2765199638663054
-105.25;-104.2571;5.053096870427194;3.2765199638663054
-105.3125;-103.5429;5.053096870427194;3.2765199638663054
-105.75;-105.2857;5.053096870427194;3.2765199638663054
-107.4375;-104.7143;5.053096870427194;3.2765199638663054
-109.1875;-103.3714;5.053096870427194;3.2765199638663054
-109.0;-103.6;5.053096870427194;3.2765199638663054
-106.6875;-103.7714;5.053096870427194;3.2765199638663054
-104.8125;-103.2286;5.053096870427194;3.2765199638663054
-104.6875;-102.2;5.053096870427194;3.2765199638663054
-106.4375;-102.3714;5.053096870427194;3.2765199638663054
-109.1875;-102.3429;5.053096870427194;3.2765199638663054
-109.6875;-103.3714;5.053096870427194;3.2765199638663054
-107.6875;-103.0286;5.053096870427194;3.2765199638663054
-105.75;-101.8286;5.053096870427194;3.2765199638663054
-104.6875;-102.0571;5.053096870427194;3.2765199638663054
-103.625;-102.1714;5.053096870427194;3.2765199638663054
-102.875;-101.6286;5.053096870427194;3.2765199638663054
-103.125;-101.4571;5.053096870427194;3.2765199638663054
-103.75;-101.8286;5.053096870427194;3.2765199638663054
-103.875;-101.0857;5.053096870427194;3.2765199638663054
-103.125;-100.8857;5.053096870427194;3.2765199638663054
-102.25;-100.3143;5.053096870427194;3.2765199638663054
-103.125;-100.2;5.053096870427194;3.2765199638663054
-103.875;-99.3143;5.053096870427194;3.2765199638663054
-102.875;-100.8571;5.053096870427194;3.2765199638663054
-101.5625;-101.4286;5.053096870427194;3.2765199638663054
-100.625;-100.0571;5.053096870427194;3.2765199638663054
-100.1875;-99.5714;5.053096870427194;3.2765199638663054
-100.0625;-99.1714;5.053096870427194;3.2765199638663054
-100.125;-99.2857;5.053096870427194;3.2765199638663054
-100.75;-98.9714;5.053096870427194;3.2765199638663054
-102.75;-97.6;5.053096870427194;3.2765199638663054
-104.3125;-98.4;5.053096870427194;3.2765199638663054
-103.625;-97.6;5.053096870427194;3.2765199638663054
-102.25;-98.2857;5.053096870427194;3.2765199638663054
-100.75;-98.8;5.053096870427194;3.2765199638663054
-99.25;-98.4857;5.053096870427194;3.2765199638663054
-98.5625;-96.8;5.053096870427194;3.2765199638663054
-98.5;-96.1714;5.053096870427194;3.2765199638663054
-99.0;-97.0;5.053096870427194;3.2765199638663054
-99.375;-97.5714;5.053096870427194;3.2765199638663054
-99.25;-97.0857;5.053096870427194;3.2765199638663054
-99.9375;-97.6571;5.053096870427194;3.2765199638663054
-100.8125;-96.1429;5.053096870427194;3.2765199638663054
-100.75;-96.5143;5.053096870427194;3.2765199638663054
-100.625;-96.7143;5.053096870427194;3.2765199638663054
-100.1875;-96.2286;5.053096870427194;3.2765199638663054
-98.875;-94.1429;5.053096870427194;3.2765199638663054
-99.5;-93.6286;5.053096870427194;3.2765199638663054
-101.0;-93.7714;5.053096870427194;3.2765199638663054
-101.375;-94.3143;5.053096870427194;3.2765199638663054
-101.4375;-94.8286;5.053096870427194;3.2765199638663054
-100.3125;-94.6286;5.053096870427194;3.2765199638663054
-98.6875;-94.5143;5.053096870427194;3.2765199638663054
-98.0;-94.0;5.053096870427194;3.2765199638663054
-97.9375;-94.0857;5.053096870427194;3.2765199638663054
-99.125;-93.8;5.053096870427194;3.2765199638663054
-101.0;-93.0857;5.053096870427194;3.2765199638663054
-102.375;-93.0857;5.053096870427194;3.2765199638663054
-103.0625;-92.0286;5.053096870427194;3.2765199638663054
-103.25;-93.0571;5.053096870427194;3.2765199638663054
-103.1875;-93.6857;5.053096870427194;3.2765199638663054
-102.9375;-93.5429;5.053096870427194;3.2765199638663054
-101.375;-93.1429;5.053096870427194;3.2765199638663054
-97.5;-92.7714;5.053096870427194;3.2765199638663054
-93.875;-93.1143;5.053096870427194;3.2765199638663054
-93.6875;-93.2;5.053096870427194;3.2765199638663054
-94.625;-91.5429;5.053096870427194;3.2765199638663054
-94.375;-91.4;5.053096870427194;3.2765199638663054
-93.1875;-92.0286;5.053096870427194;3.2765199638663054
-92.625;-91.6857;5.053096870427194;3.2765199638663054
-93.9375;-91.2286;5.053096870427194;3.2765199638663054
-94.625;-90.9714;5.053096870427194;3.2765199638663054
-93.6875;-91.0571;5.053096870427194;3.2765199638663054
-93.0625;-90.4286;5.053096870427194;3.2765199638663054
-93.125;-90.9143;5.053096870427194;3.2765199638663054
-93.375;-91.1714;5.053096870427194;3.2765199638663054
-93.9375;-89.4;5.053096870427194;3.2765199638663054
-93.3125;-90.3714;5.053096870427194;3.2765199638663054
-92.375;-89.8571;5.053096870427194;3.2765199638663054
-94.0625;-89.1143;5.053096870427194;3.2765199638663054
-96.25;-89.8857;5.053096870427194;3.2765199638663054
-95.375;-89.7429;5.053096870427194;3.2765199638663054
-92.625;-90.6286;5.053096870427194;3.2765199638663054
-91.625;-89.4857;5.053096870427194;3.2765199638663054
-91.8125;-88.4571;5.053096870427194;3.2765199638663054
-91.3125;-87.8857;5.053096870427194;3.2765199638663054
-90.3125;-88.6;5.053096870427194;3.2765199638663054
-89.5625;-88.9714;5.053096870427194;3.2765199638663054
-89.25;-89.7429;5.053096870427194;3.2765199638663054
-89.1875;-88.9714;5.053096870427194;3.2765199638663054
-89.1875;-88.5714;5.053096870427194;3.2765199638663054
-89.25;-87.8571;5.053096870427194;3.2765199638663054
-89.3125;-87.5429;5.053096870427194;3.2765199638663054
-90.1875;-87.0;5.053096870427194;3.2765199638663054
-91.625;-87.7143;5.053096870427194;3.2765199638663054
-92.125;-86.5714;5.053096870427194;3.2765199638663054
-91.375;-86.8571;5.053096870427194;3.2765199638663054
-90.0625;-87.0571;5.053096870427194;3.2765199638663054
-89.8125;-86.6;5.053096870427194;3.2765199638663054
-90.4375;-87.0286;5.053096870427194;3.2765199638663054
-90.4375;-87.1714;5.053096870427194;3.2765199638663054
-90.25;-87.2857;5.053096870427194;3.2765199638663054
-90.0;-85.8857;5.053096870427194;3.2765199638663054
-89.0;-86.0571;5.053096870427194;3.2765199638663054
-88.5625;-86.2;5.053096870427194;3.2765199638663054
-89.4375;-85.9143;5.053096870427194;3.2765199638663054
-89.8125;-86.0857;5.053096870427194;3.2765199638663054
-89.1875;-85.1429;5.053096870427194;3.2765199638663054
-88.75;-85.2571;5.053096870427194;3.2765199638663054
-88.3125;-84.5714;5.053096870427194;3.2765199638663054
-87.6875;-84.6286;5.053096870427194;3.2765199638663054
-87.5;-84.0857;5.053096870427194;3.2765199638663054
-87.5625;-84.6286;5.053096870427194;3.2765199638663054
-87.125;-85.2571;5.053096870427194;3.2765199638663054
-86.375;-84.8286;5.053096870427194;3.2765199638663054
-86.8125;-84.6;5.053096870427194;3.2765199638663054
-87.75;-83.9143;5.053096870427194;3.2765199638663054
-87.25;-82.5429;5.053096870427194;3.2765199638663054
-86.3125;-83.4;5.053096870427194;3.2765199638663054
-85.75;-84.6286;5.053096870427194;3.2765199638663054
-85.0;-84.3714;5.053096870427194;3.2765199638663054
-84.5625;-83.8286;5.053096870427194;3.2765199638663054
-84.3125;-83.6857;5.053096870427194;3.2765199638663054
-84.3125;-83.0857;5.053096870427194;3.2765199638663054
-84.3125;-83.0286;5.053096870427194;3.2765199638663054
-83.6875;-82.2286;5.053096870427194;3.2765199638663054
-82.6875;-82.8286;5.053096870427194;3.2765199638663054
-82.9375;-82.4571;5.053096870427194;3.2765199638663054
-83.875;-82.7429;5.053096870427194;3.2765199638663054
-83.9375;-81.6571;5.053096870427194;3.2765199638663054
-84.0625;-82.0;5.053096870427194;3.2765199638663054
-84.6875;-82.0286;5.053096870427194;3.2765199638663054
-85.1875;-83.0857;5.053096870427194;3.2765199638663054
-85.1875;-81.6857;5.053096870427194;3.2765199638663054
-84.125;-81.0571;5.053096870427194;3.2765199638663054
-82.75;-80.8286;5.053096870427194;3.2765199638663054
-83.625;-80.4571;5.053096870427194;3.2765199638663054
-85.4375;-81.4;5.053096870427194;3.2765199638663054
-86.0;-80.6857;5.053096870427194;3.2765199638663054
-86.5;-80.5429;5.053096870427194;3.2765199638663054
-86.4375;-79.8;5.053096870427194;3.2765199638663054
-85.0625;-79.7714;5.053096870427194;3.2765199638663054
-84.375;-79.4857;5.053096870427194;3.2765199638663054
-85.0625;-79.9143;5.053096870427194;3.2765199638663054
-85.25;-80.0;5.053096870427194;3.2765199638663054
-83.75;-80.2;5.053096870427194;3.2765199638663054
-82.0625;-79.6571;5.053096870427194;3.2765199638663054
-81.625;-79.0286;5.053096870427194;3.2765199638663054
-81.125;-79.2857;5.053096870427194;3.2765199638663054
-80.75;-79.3714;5.053096870427194;3.2765199638663054
-81.3125;-78.5714;5.053096870427194;3.2765199638663054
-81.0625;-78.7143;5.053096870427194;3.2765199638663054
-79.5625;-78.3714;5.053096870427194;3.2765199638663054
-78.3125;-78.0286;5.053096870427194;3.2765199638663054
-77.5625;-78.2571;5.053096870427194;3.2765199638663054
-77.3125;-77.8;5.053096870427194;3.2765199638663054
-77.3125;-78.1714;5.053096870427194;3.2765199638663054
-78.0625;-77.4857;5.053096870427194;3.2765199638663054
-79.875;-77.7429;5.053096870427194;3.2765199638663054
-81.3125;-77.6;5.053096870427194;3.2765199638663054
-81.5;-77.4;5.053096870427194;3.2765199638663054
-81.1875;-77.0857;5.053096870427194;3.2765199638663054
-81.1875;-76.8857;5.053096870427194;3.2765199638663054
-81.5;-76.9714;5.053096870427194;3.2765199638663054
-81.875;-77.5429;5.053096870427194;3.2765199638663054
-81.9375;-77.4286;5.053096870427194;3.2765199638663054
-81.8125;-76.9429;5.053096870427194;3.2765199638663054
-81.5625;-76.1714;5.053096870427194;3.2765199638663054
-81.3125;-75.8286;5.053096870427194;3.2765199638663054
-80.9375;-76.2857;5.053096870427194;3.2765199638663054
-80.125;-75.5429;5.053096870427194;3.2765199638663054
-79.0625;-75.3714;5.053096870427194;3.2765199638663054
-78.375;-76.0;5.053096870427194;3.2765199638663054
-78.25;-75.7143;5.053096870427194;3.2765199638663054
-78.25;-75.5429;5.053096870427194;3.2765199638663054
-78.3125;-74.8286;5.053096870427194;3.2765199638663054
-78.3125;-74.4857;5.053096870427194;3.2765199638663054
-77.875;-74.9143;5.053096870427194;3.2765199638663054
-77.375;-74.6571;5.053096870427194;3.2765199638663054
-77.875;-74.8857;5.053096870427194;3.2765199638663054
-78.6875;-73.8857;5.053096870427194;3.2765199638663054
-78.5625;-74.6857;5.053096870427194;3.2765199638663054
-78.5;-74.3429;5.053096870427194;3.2765199638663054
-78.8125;-74.4286;5.053096870427194;3.2765199638663054
-78.875;-73.7429;5.053096870427194;3.2765199638663054
-78.875;-73.2286;5.053096870427194;3.2765199638663054
-78.8125;-73.5143;5.053096870427194;3.2765199638663054
-78.8125;-73.4286;5.053096870427194;3.2765199638663054
-78.75;-73.5714;5.053096870427194;3.2765199638663054
-78.625;-73.8571;5.053096870427194;3.2765199638663054
-78.75;-73.8857;5.053096870427194;3.2765199638663054
-78.8125;-73.6857;5.053096870427194;3.2765199638663054
-77.75;-73.2286;5.053096870427194;3.2765199638663054
-76.125;-72.4286;5.053096870427194;3.2765199638663054
-75.4375;-72.4571;5.053096870427194;3.2765199638663054
-75.5625;-72.5714;5.053096870427194;3.2765199638663054
-75.625;-71.4857;5.053096870427194;3.2765199638663054
-75.125;-71.8;5.053096870427194;3.2765199638663054
-74.25;-72.6;5.053096870427194;3.2765199638663054
-74.375;-72.3429;5.053096870427194;3.2765199638663054
-75.5625;-71.2571;5.053096870427194;3.2765199638663054
-76.375;-71.8857;5.053096870427194;3.2765199638663054
-76.375;-72.7143;5.053096870427194;3.2765199638663054
-76.5;-71.0571;5.053096870427194;3.2765199638663054
-76.1875;-71.1714;5.053096870427194;3.2765199638663054
-74.875;-71.4;5.053096870427194;3.2765199638663054
-73.75;-72.3143;5.053096870427194;3.2765199638663054
-73.3125;-70.8857;5.053096870427194;3.2765199638663054
-72.5625;-70.4857;5.053096870427194;3.2765199638663054
-71.9375;-70.6571;5.053096870427194;3.2765199638663054
-72.5625;-71.0286;5.053096870427194;3.2765199638663054
-73.75;-71.0;5.053096870427194;3.2765199638663054
-74.125;-70.8286;5.053096870427194;3.2765199638663054
-74.0625;-70.6;5.053096870427194;3.2765199638663054
-73.9375;-70.3143;5.053096870427194;3.2765199638663054
-73.125;-69.1429;5.053096870427194;3.2765199638663054
-71.75;-69.3429;5.053096870427194;3.2765199638663054
-70.75;-69.1143;5.053096870427194;3.2765199638663054
-70.25;-68.8286;5.053096870427194;3.2765199638663054
-70.125;-68.7429;5.053096870427194;3.2765199638663054
-70.1875;-69.4857;5.053096870427194;3.2765199638663054
-70.9375;-69.4;5.053096870427194;3.2765199638663054
-72.25;-69.3714;5.053096870427194;3.2765199638663054
-72.8125;-69.6571;5.053096870427194;3.2765199638663054
-73.125;-69.6;5.053096870427194;3.2765199638663054
-73.6875;-69.5429;5.053096870427194;3.2765199638663054
-73.8125;-68.6857;5.053096870427194;3.2765199638663054
-73.125;-69.0857;5.053096870427194;3.2765199638663054
-71.8125;-68.7714;5.053096870427194;3.2765199638663054
-71.0;-68.2857;5.053096870427194;3.2765199638663054
-71.1875;-68.3714;5.053096870427194;3.2765199638663054
-71.75;-68.3429;5.053096870427194;3.2765199638663054
-72.25;-67.5429;5.053096870427194;3.2765199638663054
-72.0;-67.5714;5.053096870427194;3.2765199638663054
-71.4375;-67.9714;5.053096870427194;3.2765199638663054
-71.625;-67.7143;5.053096870427194;3.2765199638663054
-72.5625;-67.8857;5.053096870427194;3.2765199638663054
-73.75;-67.8571;5.053096870427194;3.2765199638663054
-74.3125;-67.2571;5.053096870427194;3.2765199638663054
-73.25;-66.0857;5.053096870427194;3.2765199638663054
-72.375;-66.8571;5.053096870427194;3.2765199638663054
-72.0;-67.0;5.053096870427194;3.2765199638663054
-70.9375;-66.6857;5.053096870427194;3.2765199638663054
-70.25;-66.7143;5.053096870427194;3.2765199638663054
-69.6875;-67.4571;5.053096870427194;3.2765199638663054
-69.6875;-66.8857;5.053096870427194;3.2765199638663054
-70.125;-66.7714;5.053096870427194;3.2765199638663054
-68.9375;-67.0;5.053096870427194;3.2765199638663054
-66.5625;-66.8857;5.053096870427194;3.2765199638663054
-64.75;-66.7143;5.053096870427194;3.2765199638663054
-63.8125;-66.7429;5.053096870427194;3.2765199638663054
-63.5625;-66.2286;5.053096870427194;3.2765199638663054
-63.5625;-65.7714;5.053096870427194;3.2765199638663054
-64.1875;-66.0286;5.053096870427194;3.2765199638663054
-65.5;-65.7714;5.053096870427194;3.2765199638663054
-67.1875;-65.4857;5.053096870427194;3.2765199638663054
-68.5;-65.0286;5.053096870427194;3.2765199638663054
-68.75;-64.9714;5.053096870427194;3.2765199638663054
-68.75;-64.4571;5.053096870427194;3.2765199638663054
-69.125;-65.3143;5.053096870427194;3.2765199638663054
-68.5;-65.1429;5.053096870427194;3.2765199638663054
-67.0625;-64.6;5.053096870427194;3.2765199638663054
-66.625;-64.6857;5.053096870427194;3.2765199638663054
-67.125;-64.8;5.053096870427194;3.2765199638663054
-67.375;-64.0857;5.053096870427194;3.2765199638663054
-67.0;-64.1143;5.053096870427194;3.2765199638663054
-66.75;-64.1714;5.053096870427194;3.2765199638663054
-66.5;-63.9143;5.053096870427194;3.2765199638663054
-66.8125;-64.5143;5.053096870427194;3.2765199638663054
-67.0;-64.4571;5.053096870427194;3.2765199638663054
-66.0625;-63.6857;5.053096870427194;3.2765199638663054
-65.6875;-63.9143;5.053096870427194;3.2765199638663054
-66.375;-64.0;5.053096870427194;3.2765199638663054
-66.75;-62.9143;5.053096870427194;3.2765199638663054
-66.75;-63.5714;5.053096870427194;3.2765199638663054
-66.125;-63.3429;5.053096870427194;3.2765199638663054
-65.75;-62.6857;5.053096870427194;3.2765199638663054
-66.3125;-62.8;5.053096870427194;3.2765199638663054
-66.875;-62.7429;5.053096870427194;3.2765199638663054
-66.8125;-62.7143;5.053096870427194;3.2765199638663054
-66.5625;-62.5143;5.053096870427194;3.2765199638663054
-66.25;-62.1714;5.053096870427194;3.2765199638663054
-66.125;-62.5143;5.053096870427194;3.2765199638663054
-66.0625;-62.4286;5.053096870427194;3.2765199638663054
-66.0625;-62.5429;5.053096870427194;3.2765199638663054
-65.875;-61.6857;5.053096870427194;3.2765199638663054
-64.875;-62.2571;5.053096870427194;3.2765199638663054
-63.9375;-61.5714;5.053096870427194;3.2765199638663054
-64.5625;-61.6857;5.053096870427194;3.2765199638663054
-65.875;-61.9429;5.053096870427194;3.2765199638663054
-66.375;-61.1429;5.053096870427194;3.2765199638663054
-65.8125;-61.8;5.053096870427194;3.2765199638663054
-64.875;-61.4571;5.053096870427194;3.2765199638663054
-63.4375;-61.3143;5.053096870427194;3.2765199638663054
-62.375;-61.3429;5.053096870427194;3.2765199638663054
-63.4375;-61.2571;5.053096870427194;3.2765199638663054
-64.875;-60.8571;5.053096870427194;3.2765199638663054
-65.125;-61.4571;5.053096870427194;3.2765199638663054
-65.1875;-60.6857;5.053096870427194;3.2765199638663054
-64.75;-60.3143;5.053096870427194;3.2765199638663054
-63.875;-60.8571;5.053096870427194;3.2765199638663054
-63.9375;-60.3429;5.053096870427194;3.2765199638663054
-64.6875;-60.2286;5.053096870427194;3.2765199638663054
-64.875;-60.3143;5.053096870427194;3.2765199638663054
-63.8125;-59.7143;5.053096870427194;3.2765199638663054
-62.8125;-60.6571;5.053096870427194;3.2765199638663054
-62.875;-59.8;5.053096870427194;3.2765199638663054
-63.0625;-59.8857;5.053096870427194;3.2765199638663054
-63.4375;-59.8857;5.053096870427194;3.2765199638663054
-64.0625;-59.4857;5.053096870427194;3.2765199638663054
-63.5625;-59.9143;5.053096870427194;3.2765199638663054
-62.5625;-59.4286;5.053096870427194;3.2765199638663054
-62.125;-59.2857;5.053096870427194;3.2765199638663054
-62.0;-59.5714;5.053096870427194;3.2765199638663054
-62.0625;-59.0286;5.053096870427194;3.2765199638663054
-62.125;-59.1143;5.053096870427194;3.2765199638663054
-62.1875;-59.0571;5.053096870427194;3.2765199638663054
-62.5625;-58.6286;5.053096870427194;3.2765199638663054
-63.1875;-59.0286;5.053096870427194;3.2765199638663054
-63.0;-58.6286;5.053096870427194;3.2765199638663054
-61.8125;-58.6571;5.053096870427194;3.2765199638663054
-61.5;-58.5143;5.053096870427194;3.2765199638663054
-62.25;-58.4571;5.053096870427194;3.2765199638663054
-62.625;-58.2;5.053096870427194;3.2765199638663054
-62.875;-57.8857;5.053096870427194;3.2765199638663054
-63.125;-57.9143;5.053096870427194;3.2765199638663054
-62.6875;-58.2286;5.053096870427194;3.2765199638663054
-61.875;-57.5714;5.053096870427194;3.2765199638663054
-61.0625;-58.0286;5.053096870427194;3.2765199638663054
-60.5625;-57.8286;5.053096870427194;3.2765199638663054
-60.3125;-57.8286;5.053096870427194;3.2765199638663054
-59.5;-57.7714;5.053096870427194;3.2765199638663054
-58.8125;-57.3714;5.053096870427194;3.2765199638663054
-58.75;-57.7429;5.053096870427194;3.2765199638663054
-58.75;-57.0857;5.053096870427194;3.2765199638663054
-58.8125;-57.3429;5.053096870427194;3.2765199638663054
-59.0625;-57.0857;5.053096870427194;3.2765199638663054
-59.5;-56.7143;5.053096870427194;3.2765199638663054
-60.0;-56.9714;5.053096870427194;3.2765199638663054
-60.3125;-56.2571;5.053096870427194;3.2765199638663054
-60.125;-56.3714;5.053096870427194;3.2765199638663054
-59.5;-56.1429;5.053096870427194;3.2765199638663054
-58.9375;-55.9714;5.053096870427194;3.2765199638663054
-59.3125;-56.4857;5.053096870427194;3.2765199638663054
-60.375;-55.6286;5.053096870427194;3.2765199638663054
-61.3125;-55.7429;5.053096870427194;3.2765199638663054
-61.8125;-55.7143;5.053096870427194;3.2765199638663054
-61.9375;-56.2571;5.053096870427194;3.2765199638663054
-61.9375;-55.8857;5.053096870427194;3.2765199638663054
-61.75;-55.7429;5.053096870427194;3.2765199638663054
-61.25;-55.6857;5.053096870427194;3.2765199638663054
-60.1875;-55.3429;5.053096870427194;3.2765199638663054
-59.375;-55.6;5.053096870427194;3.2765199638663054
-59.1875;-55.2571;5.053096870427194;3.2765199638663054
-59.0625;-55.0;5.053096870427194;3.2765199638663054
-58.5625;-55.0857;5.053096870427194;3.2765199638663054
-57.625;-54.8;5.053096870427194;3.2765199638663054
-57.3125;-55.1714;5.053096870427194;3.2765199638663054
-57.125;-54.7714;5.053096870427194;3.2765199638663054
-56.75;-55.0;5.053096870427194;3.2765199638663054
-57.125;-54.4571;5.053096870427194;3.2765199638663054
-57.6875;-54.2;5.053096870427194;3.2765199638663054
-58.0625;-54.4571;5.053096870427194;3.2765199638663054
-58.6875;-54.2286;5.053096870427194;3.2765199638663054
-58.4375;-54.6571;5.053096870427194;3.2765199638663054
-57.75;-54.2571;5.053096870427194;3.2765199638663054
-58.25;-54.3143;5.053096870427194;3.2765199638663054
-58.6875;-54.0286;5.053096870427194;3.2765199638663054
-57.6875;-54.0857;5.053096870427194;3.2765199638663054
-57.25;-54.0571;5.053096870427194;3.2765199638663054
-57.5625;-53.8857;5.053096870427194;3.2765199638663054
-57.3125;-53.8;5.053096870427194;3.2765199638663054
-56.8125;-53.7429;5.053096870427194;3.2765199638663054
-55.9375;-53.8571;5.053096870427194;3.2765199638663054
-55.75;-53.5143;5.053096870427194;3.2765199638663054
-57.5;-53.4286;5.053096870427194;3.2765199638663054
-59.9375;-53.3714;5.053096870427194;3.2765199638663054
-61.6875;-53.2571;5.053096870427194;3.2765199638663054
-62.5625;-53.2857;5.053096870427194;3.2765199638663054
-62.75;-53.2571;5.053096870427194;3.2765199638663054
-62.625;-53.0857;5.053096870427194;3.2765199638663054
-61.375;-53.1143;5.053096870427194;3.2765199638663054
-58.125;-52.9714;5.053096870427194;3.2765199638663054
-54.625;-52.6;5.053096870427194;3.2765199638663054
-52.8125;-52.6857;5.053096870427194;3.2765199638663054
-52.625;-52.3429;5.053096870427194;3.2765199638663054
-53.25;-52.3143;5.053096870427194;3.2765199638663054
-54.1875;-52.4;5.053096870427194;3.2765199638663054
-54.375;-52.3714;5.053096870427194;3.2765199638663054
-53.5;-52.3429;5.053096870427194;3.2765199638663054
-52.9375;-52.0;5.053096870427194;3.2765199638663054
-53.75;-52.0286;5.053096870427194;3.2765199638663054
-54.625;-51.6286;5.053096870427194;3.2765199638663054
-54.6875;-51.9429;5.053096870427194;3.2765199638663054
-54.75;-51.8571;5.053096870427194;3.2765199638663054
-54.3125;-51.6286;5.053096870427194;3.2765199638663054
-53.6875;-51.0571;5.053096870427194;3.2765199638663054
-54.1875;-51.1143;5.053096870427194;3.2765199638663054
-54.625;-51.0;5.053096870427194;3.2765199638663054
-53.6875;-51.0286;5.053096870427194;3.2765199638663054
-52.875;-50.8857;5.053096870427194;3.2765199638663054
-53.3125;-50.9143;5.053096870427194;3.2765199638663054
-53.8125;-50.9143;5.053096870427194;3.2765199638663054
-53.4375;-50.9143;5.053096870427194;3.2765199638663054
-52.375;-50.6;5.053096870427194;3.2765199638663054
-51.8125;-50.6;5.053096870427194;3.2765199638663054
-51.9375;-50.6286;5.053096870427194;3.2765199638663054
-51.8125;-50.3143;5.053096870427194;3.2765199638663054
-51.3125;-50.4857;5.053096870427194;3.2765199638663054
-50.875;-49.9143;5.053096870427194;3.2765199638663054
-50.625;-50.2286;5.053096870427194;3.2765199638663054
-50.5;-49.9714;5.053096870427194;3.2765199638663054
-50.5;-50.0857;5.053096870427194;3.2765199638663054
-50.75;-49.8;5.053096870427194;3.2765199638663054
-51.4375;-49.8571;5.053096870427194;3.2765199638663054
-52.3125;-49.2;5.053096870427194;3.2765199638663054
-53.0;-49.2571;5.053096870427194;3.2765199638663054
-52.8125;-49.1714;5.053096870427194;3.2765199638663054
-52.25;-49.3429;5.053096870427194;3.2765199638663054
-51.875;-49.5143;5.053096870427194;3.2765199638663054
-51.5;-49.2;5.053096870427194;3.2765199638663054
-50.9375;-49.1143;5.053096870427194;3.2765199638663054
-50.25;-49.2;5.053096870427194;3.2765199638663054
-50.0625;-48.9714;5.053096870427194;3.2765199638663054
-50.75;-49.2;5.053096870427194;3.2765199638663054
-51.6875;-49.0;5.053096870427194;3.2765199638663054
-52.3125;-48.8286;5.053096870427194;3.2765199638663054
-52.5;-48.5429;5.053096870427194;3.2765199638663054
-52.1875;-48.1143;5.053096870427194;3.2765199638663054
-52.0625;-48.1714;5.053096870427194;3.2765199638663054
-52.125;-48.0;5.053096870427194;3.2765199638663054
-51.125;-47.9429;5.053096870427194;3.2765199638663054
-49.75;-47.9143;5.053096870427194;3.2765199638663054
-49.5625;-48.2857;5.053096870427194;3.2765199638663054
-50.4375;-47.8857;5.053096870427194;3.2765199638663054
-51.0625;-47.8;5.053096870427194;3.2765199638663054
-50.875;-47.6286;5.053096870427194;3.2765199638663054
-50.625;-47.6;5.053096870427194;3.2765199638663054
-50.4375;-47.5143;5.053096870427194;3.2765199638663054
-49.875;-47.5429;5.053096870427194;3.2765199638663054
-49.0625;-47.2571;5.053096870427194;3.2765199638663054
-48.5625;-47.4;5.053096870427194;3.2765199638663054
-48.3125;-47.1714;5.053096870427194;3.2765199638663054
-48.25;-47.0286;5.053096870427194;3.2765199638663054
-48.3125;-47.3714;5.053096870427194;3.2765199638663054
-49.0;-47.2286;5.053096870427194;3.2765199638663054
-50.375;-46.9714;5.053096870427194;3.2765199638663054
-50.9375;-47.2;5.053096870427194;3.2765199638663054
-50.5;-46.9429;5.053096870427194;3.2765199638663054
-49.75;-46.4857;5.053096870427194;3.2765199638663054
-48.5625;-46.6286;5.053096870427194;3.2765199638663054
-47.8125;-46.8286;5.053096870427194;3.2765199638663054
-47.9375;-46.4571;5.053096870427194;3.2765199638663054
-48.5625;-46.3429;5.053096870427194;3.2765199638663054
-48.8125;-46.6;5.053096870427194;3.2765199638663054
-48.75;-46.3714;5.053096870427194;3.2765199638663054
-48.875;-46.4857;5.053096870427194;3.2765199638663054
-48.4375;-46.1143;5.053096870427194;3.2765199638663054
-47.6875;-45.8571;5.053096870427194;3.2765199638663054
-47.5;-45.7143;5.053096870427194;3.2765199638663054
-47.8125;-45.6;5.053096870427194;3.2765199638663054
-47.5625;-45.8286;5.053096870427194;3.2765199638663054
-47.375;-45.6571;5.053096870427194;3.2765199638663054
-48.25;-45.2857;5.053096870427194;3.2765199638663054
-49.3125;-45.3429;5.053096870427194;3.2765199638663054
-49.125;-45.2857;5.053096870427194;3.2765199638663054
-48.125;-45.2;5.053096870427194;3.2765199638663054
-47.5625;-44.8286;5.053096870427194;3.2765199638663054
-47.75;-44.9714;5.053096870427194;3.2765199638663054
-47.4375;-45.2286;5.053096870427194;3.2765199638663054
-47.1875;-45.0571;5.053096870427194;3.2765199638663054
-48.1875;-44.8286;5.053096870427194;3.2765199638663054
-49.75;-45.0571;5.053096870427194;3.2765199638663054
-50.875;-44.7143;5.053096870427194;3.2765199638663054
-51.4375;-44.8857;5.053096870427194;3.2765199638663054
-51.625;-44.7429;5.053096870427194;3.2765199638663054
-51.5625;-44.4571;5.053096870427194;3.2765199638663054
-51.125;-44.3143;5.053096870427194;3.2765199638663054
-49.8125;-44.4;5.053096870427194;3.2765199638663054
-48.25;-44.2;5.053096870427194;3.2765199638663054
-47.4375;-44.0571;5.053096870427194;3.2765199638663054
-47.1875;-44.0857;5.053096870427194;3.2765199638663054
-46.6875;-44.0286;5.053096870427194;3.2765199638663054
-46.375;-44.2286;5.053096870427194;3.2765199638663054
-45.9375;-43.9429;5.053096870427194;3.2765199638663054
-44.6875;-44.0571;5.053096870427194;3.2765199638663054
-44.0;-43.7429;5.053096870427194;3.2765199638663054
-44.9375;-43.8857;5.053096870427194;3.2765199638663054
-46.125;-43.7143;5.053096870427194;3.2765199638663054
-45.8125;-43.6286;5.053096870427194;3.2765199638663054
-45.0;-43.4286;5.053096870427194;3.2765199638663054
-44.5625;-43.3143;5.053096870427194;3.2765199638663054
-44.5625;-43.4;5.053096870427194;3.2765199638663054
-44.75;-42.8857;5.053096870427194;3.2765199638663054
-44.9375;-43.2571;5.053096870427194;3.2765199638663054
-45.125;-42.8857;5.053096870427194;3.2765199638663054
-45.1875;-42.8857;5.053096870427194;3.2765199638663054
-45.375;-42.8286;5.053096870427194;3.2765199638663054
-45.9375;-42.7429;5.053096870427194;3.2765199638663054
-46.5;-42.8;5.053096870427194;3.2765199638663054
-46.5;-42.8;5.053096870427194;3.2765199638663054
-46.0;-42.5429;5.053096870427194;3.2765199638663054
-45.125;-42.3429;5.053096870427194;3.2765199638663054
-44.125;-42.2286;5.053096870427194;3.2765199638663054
-43.25;-42.1429;5.053096870427194;3.2765199638663054
-42.8125;-42.2286;5.053096870427194;3.2765199638663054
-42.625;-42.0857;5.053096870427194;3.2765199638663054
-42.625;-42.1429;5.053096870427194;3.2765199638663054
-42.6875;-42.1429;5.053096870427194;3.2765199638663054
-43.0625;-42.2;5.053096870427194;3.2765199638663054
-43.9375;-41.8571;5.053096870427194;3.2765199638663054
-44.5625;-41.8571;5.053096870427194;3.2765199638663054
-44.3125;-41.6571;5.053096870427194;3.2765199638663054
-43.8125;-41.6;5.053096870427194;3.2765199638663054
-43.6875;-41.6286;5.053096870427194;3.2765199638663054
-43.75;-41.6;5.053096870427194;3.2765199638663054
-43.8125;-41.6571;5.053096870427194;3.2765199638663054
-43.9375;-41.3429;5.053096870427194;3.2765199638663054
-43.625;-41.3714;5.053096870427194;3.2765199638663054
-43.5;-41.3429;5.053096870427194;3.2765199638663054
-44.0625;-41.1143;5.053096870427194;3.2765199638663054
-43.9375;-40.8286;5.053096870427194;3.2765199638663054
-43.1875;-40.7143;5.053096870427194;3.2765199638663054
-42.5625;-40.8857;5.053096870427194;3.2765199638663054
-42.25;-40.9714;5.053096870427194;3.2765199638663054
-42.4375;-40.6;5.053096870427194;3.2765199638663054
-42.4375;-40.3429;5.053096870427194;3.2765199638663054
-42.0625;-40.4857;5.053096870427194;3.2765199638663054
-41.6875;-40.5714;5.053096870427194;3.2765199638663054
-41.1875;-40.4857;5.053096870427194;3.2765199638663054
-40.9375;-40.5143;5.053096870427194;3.2765199638663054
-41.3125;-40.3143;5.053096870427194;3.2765199638663054
-41.9375;-40.3143;5.053096870427194;3.2765199638663054
-42.4375;-40.3714;5.053096870427194;3.2765199638663054
-42.8125;-40.3429;5.053096870427194;3.2765199638663054
-42.75;-40.1143;5.053096870427194;3.2765199638663054
-42.25;-39.9429;5.053096870427194;3.2765199638663054
-41.875;-39.9429;5.053096870427194;3.2765199638663054
-41.625;-39.4857;5.053096870427194;3.2765199638663054
-41.5;-39.6;5.053096870427194;3.2765199638663054
-41.5;-39.5143;5.053096870427194;3.2765199638663054
-41.3125;-39.3143;5.053096870427194;3.2765199638663054
-40.5625;-39.2857;5.053096870427194;3.2765199638663054
-40.25;-39.1714;5.053096870427194;3.2765199638663054
-40.75;-39.2571;5.053096870427194;3.2765199638663054
-41.0;-39.2857;5.053096870427194;3.2765199638663054
-41.0;-39.0857;5.053096870427194;3.2765199638663054
-41.1875;-38.9714;5.053096870427194;3.2765199638663054
-41.5;-38.8;5.053096870427194;3.2765199638663054
-41.125;-38.8;5.053096870427194;3.2765199638663054
-40.25;-38.8;5.053096870427194;3.2765199638663054
-39.5625;-38.8857;5.053096870427194;3.2765199638663054
-39.0625;-38.7714;5.053096870427194;3.2765199638663054
-39.5;-38.6286;5.053096870427194;3.2765199638663054
-40.0625;-38.4571;5.053096870427194;3.2765199638663054
-39.4375;-38.2286;5.053096870427194;3.2765199638663054
-38.6875;-38.1143;5.053096870427194;3.2765199638663054
-38.5625;-38.1429;5.053096870427194;3.2765199638663054
-39.125;-38.1143;5.053096870427194;3.2765199638663054
-40.1875;-38.0286;5.053096870427194;3.2765199638663054
-40.625;-37.9714;5.053096870427194;3.2765199638663054
-40.375;-37.9143;5.053096870427194;3.2765199638663054
-40.125;-37.9143;5.053096870427194;3.2765199638663054
-40.0;-37.9714;5.053096870427194;3.2765199638663054
-39.625;-37.8286;5.053096870427194;3.2765199638663054
-39.8125;-37.5143;5.053096870427194;3.2765199638663054
-40.125;-37.6;5.053096870427194;3.2765199638663054
-39.3125;-37.6571;5.053096870427194;3.2765199638663054
-37.9375;-37.6;5.053096870427194;3.2765199638663054
-36.875;-37.5429;5.053096870427194;3.2765199638663054
-36.3125;-37.3143;5.053096870427194;3.2765199638663054
-36.1875;-37.1714;5.053096870427194;3.2765199638663054
-36.25;-36.9714;5.053096870427194;3.2765199638663054
-36.875;-36.8857;5.053096870427194;3.2765199638663054
-38.5;-37.1143;5.053096870427194;3.2765199638663054
-40.0;-37.2;5.053096870427194;3.2765199638663054
-40.25;-37.0;5.053096870427194;3.2765199638663054
-39.6875;-36.9714;5.053096870427194;3.2765199638663054
-39.125;-36.9714;5.053096870427194;3.2765199638663054
-38.6875;-37.0286;5.053096870427194;3.2765199638663054
-38.1875;-36.7714;5.053096870427194;3.2765199638663054
-37.625;-36.6857;5.053096870427194;3.2765199638663054
-37.4375;-36.5714;5.053096870427194;3.2765199638663054
-37.5;-36.3714;5.053096870427194;3.2765199638663054
-37.9375;-36.3714;5.053096870427194;3.2765199638663054
-38.75;-36.2286;5.053096870427194;3.2765199638663054
-38.9375;-36.4857;5.053096870427194;3.2765199638663054
-38.1875;-36.2286;5.053096870427194;3.2765199638663054
-37.4375;-36.2857;5.053096870427194;3.2765199638663054
-37.1875;-36.2571;5.053096870427194;3.2765199638663054
-37.125;-35.9429;5.053096870427194;3.2765199638663054
-36.9375;-35.8;5.053096870427194;3.2765199638663054
-36.9375;-35.9429;5.053096870427194;3.2765199638663054
-37.3125;-35.9143;5.053096870427194;3.2765199638663054
-37.5;-35.8;5.053096870427194;3.2765199638663054
-37.5625;-35.6286;5.053096870427194;3.2765199638663054
-37.875;-35.5714;5.053096870427194;3.2765199638663054
-37.9375;-35.3429;5.053096870427194;3.2765199638663054
-37.375;-35.3143;5.053096870427194;3.2765199638663054
-36.625;-35.1714;5.053096870427194;3.2765199638663054
-36.0625;-35.3143;5.053096870427194;3.2765199638663054
-35.8125;-35.2286;5.053096870427194;3.2765199638663054
-35.75;-35.3143;5.053096870427194;3.2765199638663054
-35.75;-35.2857;5.053096870427194;3.2765199638663054
-35.8125;-35.0571;5.053096870427194;3.2765199638663054
-35.875;-34.7714;5.053096870427194;3.2765199638663054
-36.0;-34.8;5.053096870427194;3.2765199638663054
-36.125;-34.7714;5.053096870427194;3.2765199638663054
-36.25;-34.6857;5.053096870427194;3.2765199638663054
-36.5;-34.5143;5.053096870427194;3.2765199638663054
-36.3125;-34.4571;5.053096870427194;3.2765199638663054
-35.875;-34.3714;5.053096870427194;3.2765199638663054
-35.625;-34.3143;5.053096870427194;3.2765199638663054
-34.9375;-34.3714;5.053096870427194;3.2765199638663054
-35.0;-34.2286;5.053096870427194;3.2765199638663054
-35.625;-34.1143;5.053096870427194;3.2765199638663054
-35.5;-34.2857;5.053096870427194;3.2765199638663054
-35.625;-33.8857;5.053096870427194;3.2765199638663054
-36.1875;-33.9143;5.053096870427194;3.2765199638663054
-36.375;-34.0;5.053096870427194;3.2765199638663054
-35.9375;-33.7429;5.053096870427194;3.2765199638663054
-35.5625;-33.7429;5.053096870427194;3.2765199638663054
-35.1875;-33.6857;5.053096870427194;3.2765199638663054
-34.0625;-33.7143;5.053096870427194;3.2765199638663054
-33.3125;-33.5714;5.053096870427194;3.2765199638663054
-33.6875;-33.5143;5.053096870427194;3.2765199638663054
-34.125;-33.4857;5.053096870427194;3.2765199638663054
-34.5;-33.3143;5.053096870427194;3.2765199638663054
-34.9375;-33.1714;5.053096870427194;3.2765199638663054
-35.125;-33.1429;5.053096870427194;3.2765199638663054
-35.125;-32.9143;5.053096870427194;3.2765199638663054
-35.375;-32.8857;5.053096870427194;3.2765199638663054
-35.75;-32.8286;5.053096870427194;3.2765199638663054
-36.0;-32.7143;5.053096870427194;3.2765199638663054
-36.125;-32.7714;5.053096870427194;3.2765199638663054
-36.125;-32.6286;5.053096870427194;3.2765199638663054
-36.125;-32.6286;5.053096870427194;3.2765199638663054
-35.875;-32.4857;5.053096870427194;3.2765199638663054
-35.125;-32.6;5.053096870427194;3.2765199638663054
-34.375;-32.6;5.053096870427194;3.2765199638663054
-33.9375;-32.4;5.053096870427194;3.2765199638663054
-33.875;-32.3714;5.053096870427194;3.2765199638663054
-33.6875;-32.4286;5.053096870427194;3.2765199638663054
-33.25;-32.4;5.053096870427194;3.2765199638663054
-33.125;-32.1143;5.053096870427194;3.2765199638663054
-33.25;-32.0;5.053096870427194;3.2765199638663054
-33.625;-32.0286;5.053096870427194;3.2765199638663054
-33.4375;-31.8857;5.053096870427194;3.2765199638663054
-32.75;-31.9429;5.053096870427194;3.2765199638663054
-32.25;-31.9143;5.053096870427194;3.2765199638663054
-32.125;-31.8571;5.053096870427194;3.2765199638663054
-32.4375;-31.7429;5.053096870427194;3.2765199638663054
-33.125;-31.6571;5.053096870427194;3.2765199638663054
-33.5;-31.6286;5.053096870427194;3.2765199638663054
-33.625;-31.6;5.053096870427194;3.2765199638663054
-33.3125;-31.4571;5.053096870427194;3.2765199638663054
-32.6875;-31.2857;5.053096870427194;3.2765199638663054
-32.5625;-31.2286;5.053096870427194;3.2765199638663054
-33.0;-31.0571;5.053096870427194;3.2765199638663054
-33.5;-30.9429;5.053096870427194;3.2765199638663054
-33.75;-30.9429;5.053096870427194;3.2765199638663054
-33.5;-30.8857;5.053096870427194;3.2765199638663054
-33.0625;-30.7714;5.053096870427194;3.2765199638663054
-33.125;-30.7714;5.053096870427194;3.2765199638663054
-33.4375;-30.8857;5.053096870427194;3.2765199638663054
-33.75;-30.8857;5.053096870427194;3.2765199638663054
-33.9375;-30.7143;5.053096870427194;3.2765199638663054
-34.0;-30.6571;5.053096870427194;3.2765199638663054
-34.0;-30.4857;5.053096870427194;3.2765199638663054
-33.6875;-30.4857;5.053096870427194;3.2765199638663054
-32.8125;-30.3714;5.053096870427194;3.2765199638663054
-32.0;-30.3143;5.053096870427194;3.2765199638663054
-31.4375;-30.2286;5.053096870427194;3.2765199638663054
-31.1875;-30.1429;5.053096870427194;3.2765199638663054
-31.25;-30.1143;5.053096870427194;3.2765199638663054
-31.3125;-29.9143;5.053096870427194;3.2765199638663054
-31.375;-29.8;5.053096870427194;3.2765199638663054
-31.8125;-29.5714;5.053096870427194;3.2765199638663054
-32.3125;-29.6286;5.053096870427194;3.2765199638663054
-32.3125;-29.6571;5.053096870427194;3.2765199638663054
-31.8125;-29.6857;5.053096870427194;3.2765199638663054
-31.3125;-29.7143;5.053096870427194;3.2765199638663054
-31.125;-29.6571;5.053096870427194;3.2765199638663054
-31.125;-29.4571;5.053096870427194;3.2765199638663054
-31.0;-29.4857;5.053096870427194;3.2765199638663054
-30.8125;-29.3429;5.053096870427194;3.2765199638663054
-31.0625;-29.1714;5.053096870427194;3.2765199638663054
-31.1875;-29.2;5.053096870427194;3.2765199638663054
-30.8125;-29.0857;5.053096870427194;3.2765199638663054
-30.4375;-29.0571;5.053096870427194;3.2765199638663054
-30.125;-28.9429;5.053096870427194;3.2765199638663054
-29.9375;-29.0286;5.053096870427194;3.2765199638663054
-29.875;-28.9429;5.053096870427194;3.2765199638663054
-30.0;-28.9429;5.053096870427194;3.2765199638663054
-30.4375;-28.8571;5.053096870427194;3.2765199638663054
-30.875;-28.9143;5.053096870427194;3.2765199638663054
-31.0625;-28.9714;5.053096870427194;3.2765199638663054
-31.125;-28.6571;5.053096870427194;3.2765199638663054
-31.125;-28.6571;5.053096870427194;3.2765199638663054
-31.0625;-28.5429;5.053096870427194;3.2765199638663054
-31.0625;-28.4571;5.053096870427194;3.2765199638663054
-30.8125;-28.3714;5.053096870427194;3.2765199638663054
-30.375;-28.4;5.053096870427194;3.2765199638663054
-30.25;-28.1714;5.053096870427194;3.2765199638663054
-30.3125;-28.1714;5.053096870427194;3.2765199638663054
-30.0;-28.0857;5.053096870427194;3.2765199638663054
-29.75;-28.0857;5.053096870427194;3.2765199638663054
-29.9375;-27.9714;5.053096870427194;3.2765199638663054
-29.875;-28.0286;5.053096870427194;3.2765199638663054
-29.3125;-27.9429;5.053096870427194;3.2765199638663054
-28.8125;-27.7714;5.053096870427194;3.2765199638663054
-28.75;-27.7714;5.053096870427194;3.2765199638663054
-28.625;-27.6857;5.053096870427194;3.2765199638663054
-28.25;-27.5714;5.053096870427194;3.2765199638663054
-28.125;-27.7714;5.053096870427194;3.2765199638663054
-28.5;-27.6571;5.053096870427194;3.2765199638663054
-28.9375;-27.6571;5.053096870427194;3.2765199638663054
-29.0;-27.5714;5.053096870427194;3.2765199638663054
-28.4375;-27.4571;5.053096870427194;3.2765199638663054
-28.0;-27.3714;5.053096870427194;3.2765199638663054
-28.1875;-27.3714;5.053096870427194;3.2765199638663054
-28.75;-27.0857;5.053096870427194;3.2765199638663054
-29.1875;-27.2571;5.053096870427194;3.2765199638663054
-28.6875;-27.2571;5.053096870427194;3.2765199638663054
-27.9375;-26.9714;5.053096870427194;3.2765199638663054
-27.625;-26.9143;5.053096870427194;3.2765199638663054
-27.4375;-26.7714;5.053096870427194;3.2765199638663054
-27.4375;-26.7143;5.053096870427194;3.2765199638663054
-27.875;-26.6571;5.053096870427194;3.2765199638663054
-28.25;-26.7143;5.053096870427194;3.2765199638663054
-28.5;-26.6857;5.053096870427194;3.2765199638663054
-28.625;-26.5429;5.053096870427194;3.2765199638663054
-28.625;-26.5143;5.053096870427194;3.2765199638663054
-28.5625;-26.3429;5.053096870427194;3.2765199638663054
-28.4375;-26.3143;5.053096870427194;3.2765199638663054
-28.1875;-26.3429;5.053096870427194;3.2765199638663054
-27.875;-26.3143;5.053096870427194;3.2765199638663054
-27.5625;-26.3143;5.053096870427194;3.2765199638663054
-27.3125;-26.1714;5.053096870427194;3.2765199638663054
-27.5;-26.1429;5.053096870427194;3.2765199638663054
-27.6875;-26.0286;5.053096870427194;3.2765199638663054
-27.375;-25.9429;5.053096870427194;3.2765199638663054
-27.0;-25.6571;5.053096870427194;3.2765199638663054
-27.0;-25.6857;5.053096870427194;3.2765199638663054
-27.125;-25.7143;5.053096870427194;3.2765199638663054
-26.625;-25.6286;5.053096870427194;3.2765199638663054
-26.0625;-25.5714;5.053096870427194;3.2765199638663054
-26.125;-25.4571;5.053096870427194;3.2765199638663054
-26.5625;-25.3429;5.053096870427194;3.2765199638663054
-26.375;-25.2286;5.053096870427194;3.2765199638663054
-26.125;-25.1429;5.053096870427194;3.2765199638663054
-26.5;-25.3143;5.053096870427194;3.2765199638663054
-27.0625;-25.0857;5.053096870427194;3.2765199638663054
-27.5;-25.1429;5.053096870427194;3.2765199638663054
-27.4375;-25.1429;5.053096870427194;3.2765199638663054
-27.0;-25.1143;5.053096870427194;3.2765199638663054
-26.3125;-24.9714;5.053096870427194;3.2765199638663054
-25.75;-24.9143;5.053096870427194;3.2765199638663054
-25.6875;-24.8857;5.053096870427194;3.2765199638663054
-26.0;-24.9429;5.053096870427194;3.2765199638663054
-26.4375;-24.7429;5.053096870427194;3.2765199638663054
-26.75;-24.7143;5.053096870427194;3.2765199638663054
-26.875;-24.6857;5.053096870427194;3.2765199638663054
-26.9375;-24.5714;5.053096870427194;3.2765199638663054
-26.875;-24.5143;5.053096870427194;3.2765199638663054
-26.75;-24.5143;5.053096870427194;3.2765199638663054
-26.25;-24.4286;5.053096870427194;3.2765199638663054
-25.625;-24.3714;5.053096870427194;3.2765199638663054
-25.0625;-24.3714;5.053096870427194;3.2765199638663054
-24.8125;-24.3143;5.053096870427194;3.2765199638663054
-25.0;-24.1429;5.053096870427194;3.2765199638663054
-25.4375;-24.1143;5.053096870427194;3.2765199638663054
-25.875;-24.1143;5.053096870427194;3.2765199638663054
-26.1875;-23.9714;5.053096870427194;3.2765199638663054
-26.0625;-23.8857;5.053096870427194;3.2765199638663054
-25.6875;-23.8857;5.053096870427194;3.2765199638663054
-25.5;-23.7714;5.053096870427194;3.2765199638663054
-25.1875;-23.8286;5.053096870427194;3.2765199638663054
-24.8125;-23.8;5.053096870427194;3.2765199638663054
-24.8125;-23.5714;5.053096870427194;3.2765199638663054
-24.625;-23.6;5.053096870427194;3.2765199638663054
-24.0;-23.5143;5.053096870427194;3.2765199638663054
-23.5;-23.4286;5.053096870427194;3.2765199638663054
-23.625;-23.4;5.053096870427194;3.2765199638663054
-23.9375;-23.4;5.053096870427194;3.2765199638663054
-24.25;-23.3143;5.053096870427194;3.2765199638663054
-24.5;-23.1714;5.053096870427194;3.2765199638663054
-24.3125;-23.0571;5.053096870427194;3.2765199638663054
-24.125;-23.0;5.053096870427194;3.2765199638663054
-24.125;-22.9143;5.053096870427194;3.2765199638663054
-24.0;-22.9714;5.053096870427194;3.2765199638663054
-23.9375;-22.8857;5.053096870427194;3.2765199638663054
-24.0;-23.0;5.053096870427194;3.2765199638663054
-24.0625;-22.9143;5.053096870427194;3.2765199638663054
-24.125;-22.8;5.053096870427194;3.2765199638663054
-24.1875;-22.7714;5.053096870427194;3.2765199638663054
-24.1875;-22.8286;5.053096870427194;3.2765199638663054
-24.1875;-22.6857;5.053096870427194;3.2765199638663054
-24.1875;-22.5714;5.053096870427194;3.2765199638663054
-23.8125;-22.4571;5.053096870427194;3.2765199638663054
-22.9375;-22.4;5.053096870427194;3.2765199638663054
-22.6875;-22.3429;5.053096870427194;3.2765199638663054
-23.25;-22.3429;5.053096870427194;3.2765199638663054
-23.5;-22.2571;5.053096870427194;3.2765199638663054
-23.5625;-22.1429;5.053096870427194;3.2765199638663054
-23.75;-22.0857;5.053096870427194;3.2765199638663054
-23.6875;-22.0571;5.053096870427194;3.2765199638663054
-23.25;-21.9714;5.053096870427194;3.2765199638663054
-22.6875;-21.9429;5.053096870427194;3.2765199638663054
-22.375;-21.9429;5.053096870427194;3.2765199638663054
-22.1875;-21.9714;5.053096870427194;3.2765199638663054
-22.1875;-22.0;5.053096870427194;3.2765199638663054
-22.5;-21.8857;5.053096870427194;3.2765199638663054
-22.9375;-21.8857;5.053096870427194;3.2765199638663054
-23.0625;-21.7714;5.053096870427194;3.2765199638663054
-23.3125;-21.7143;5.053096870427194;3.2765199638663054
-23.625;-21.5429;5.053096870427194;3.2765199638663054
-23.3125;-21.5429;5.053096870427194;3.2765199638663054
-22.625;-21.4571;5.053096870427194;3.2765199638663054
-21.875;-21.3429;5.053096870427194;3.2765199638663054
-21.25;-21.2286;5.053096870427194;3.2765199638663054
-21.0;-21.1429;5.053096870427194;3.2765199638663054
-21.4375;-21.0857;5.053096870427194;3.2765199638663054
-22.125;-21.1429;5.053096870427194;3.2765199638663054
-22.75;-21.0286;5.053096870427194;3.2765199638663054
-23.125;-21.0286;5.053096870427194;3.2765199638663054
-23.25;-21.0571;5.053096870427194;3.2765199638663054
-23.25;-21.0286;5.053096870427194;3.2765199638663054
-23.25;-21.0;5.053096870427194;3.2765199638663054
-22.9375;-20.8857;5.053096870427194;3.2765199638663054
-22.375;-20.8857;5.053096870427194;3.2765199638663054
-21.8125;-20.8;5.053096870427194;3.2765199638663054
-21.375;-20.7429;5.053096870427194;3.2765199638663054
-21.0;-20.4857;5.053096870427194;3.2765199638663054
-21.0;-20.4571;5.053096870427194;3.2765199638663054
-21.3125;-20.4571;5.053096870427194;3.2765199638663054
-21.375;-20.3714;5.053096870427194;3.2765199638663054
-21.0;-20.2571;5.053096870427194;3.2765199638663054
-20.625;-20.2571;5.053096870427194;3.2765199638663054
-20.3125;-20.2;5.053096870427194;3.2765199638663054
-20.0625;-20.2286;5.053096870427194;3.2765199638663054
-20.1875;-20.1429;5.053096870427194;3.2765199638663054
-20.625;-20.0857;5.053096870427194;3.2765199638663054
-21.0;-20.0286;5.053096870427194;3.2765199638663054
-21.125;-19.8286;5.053096870427194;3.2765199638663054
-21.125;-19.8571;5.053096870427194;3.2765199638663054
-20.6875;-19.9143;5.053096870427194;3.2765199638663054
-19.9375;-19.7714;5.053096870427194;3.2765199638663054
-19.25;-19.7714;5.053096870427194;3.2765199638663054
-18.8125;-19.7143;5.053096870427194;3.2765199638663054
-18.75;-19.6286;5.053096870427194;3.2765199638663054
-18.875;-19.6;5.053096870427194;3.2765199638663054
-19.3125;-19.4857;5.053096870427194;3.2765199638663054
-19.75;-19.4571;5.053096870427194;3.2765199638663054
-19.9375;-19.4286;5.053096870427194;3.2765199638663054
-20.0625;-19.4;5.053096870427194;3.2765199638663054
-20.1875;-19.3714;5.053096870427194;3.2765199638663054
-20.3125;-19.4286;5.053096870427194;3.2765199638663054
-20.375;-19.4;5.053096870427194;3.2765199638663054
-20.375;-19.3143;5.053096870427194;3.2765199638663054
-20.375;-19.2;5.053096870427194;3.2765199638663054
-20.3125;-19.2286;5.053096870427194;3.2765199638663054
-20.0;-19.1143;5.053096870427194;3.2765199638663054
-19.75;-18.9429;5.053096870427194;3.2765199638663054
-19.5625;-19.0857;5.053096870427194;3.2765199638663054
-19.25;-18.9429;5.053096870427194;3.2765199638663054
-18.9375;-18.8571;5.053096870427194;3.2765199638663054
-19.125;-18.8;5.053096870427194;3.2765199638663054
-19.5;-18.8286;5.053096870427194;3.2765199638663054
-19.4375;-18.8;5.053096870427194;3.2765199638663054
-19.125;-18.7714;5.053096870427194;3.2765199638663054
-19.125;-18.6571;5.053096870427194;3.2765199638663054
-19.5;-18.5143;5.053096870427194;3.2765199638663054
-19.8125;-18.4571;5.053096870427194;3.2765199638663054
-20.125;-18.3714;5.053096870427194;3.2765199638663054
-20.0625;-18.3143;5.053096870427194;3.2765199638663054
-19.6875;-18.3429;5.053096870427194;3.2765199638663054
-19.375;-18.3143;5.053096870427194;3.2765199638663054
-19.1875;-18.1714;5.053096870427194;3.2765199638663054
-19.1875;-18.2;5.053096870427194;3.2765199638663054
-19.375;-18.0571;5.053096870427194;3.2765199638663054
-19.25;-17.9714;5.053096870427194;3.2765199638663054
-19.125;-17.9143;5.053096870427194;3.2765199638663054
-19.0;-17.8571;5.053096870427194;3.2765199638663054
-18.625;-17.8857;5.053096870427194;3.2765199638663054
-18.3125;-17.8286;5.053096870427194;3.2765199638663054
-18.1875;-17.7714;5.053096870427194;3.2765199638663054
-18.625;-17.8;5.053096870427194;3.2765199638663054
-19.5;-17.6857;5.053096870427194;3.2765199638663054
-20.1875;-17.6571;5.053096870427194;3.2765199638663054
-20.5;-17.6;5.053096870427194;3.2765199638663054
-20.625;-17.5714;5.053096870427194;3.2765199638663054
-20.5625;-17.4857;5.053096870427194;3.2765199638663054
-20.25;-17.4857;5.053096870427194;3.2765199638663054
-19.4375;-17.4286;5.053096870427194;3.2765199638663054
-18.875;-17.3429;5.053096870427194;3.2765199638663054
-18.625;-17.3714;5.053096870427194;3.2765199638663054
-18.25;-17.3429;5.053096870427194;3.2765199638663054
-18.1875;-17.3143;5.053096870427194;3.2765199638663054
-18.25;-17.2857;5.053096870427194;3.2765199638663054
-18.0;-17.2571;5.053096870427194;3.2765199638663054
-17.625;-17.2286;5.053096870427194;3.2765199638663054
-17.0625;-17.1429;5.053096870427194;3.2765199638663054
-16.8125;-17.0857;5.053096870427194;3.2765199638663054
-17.0;-16.9714;5.053096870427194;3.2765199638663054
-17.3125;-16.9143;5.053096870427194;3.2765199638663054
-17.375;-16.8;5.053096870427194;3.2765199638663054
-17.1875;-16.7143;5.053096870427194;3.2765199638663054
-16.8125;-16.7143;5.053096870427194;3.2765199638663054
-16.75;-16.5714;5.053096870427194;3.2765199638663054
-17.125;-16.6286;5.053096870427194;3.2765199638663054
-17.5;-16.5714;5.053096870427194;3.2765199638663054
-17.75;-16.4571;5.053096870427194;3.2765199638663054
-17.625;-16.3714;5.053096870427194;3.2765199638663054
-17.25;-16.4;5.053096870427194;3.2765199638663054
-16.625;-16.3143;5.053096870427194;3.2765199638663054
-16.3125;-16.3143;5.053096870427194;3.2765199638663054
-16.375;-16.1714;5.053096870427194;3.2765199638663054
-16.1875;-16.0571;5.053096870427194;3.2765199638663054
-15.8125;-16.0286;5.053096870427194;3.2765199638663054
-15.5625;-15.9429;5.053096870427194;3.2765199638663054
-15.4375;-15.9714;5.053096870427194;3.2765199638663054
-15.4375;-15.9714;5.053096870427194;3.2765199638663054
-15.4375;-15.9714;5.053096870427194;3.2765199638663054
-15.4375;-15.9429;5.053096870427194;3.2765199638663054
-15.75;-15.8571;5.053096870427194;3.2765199638663054
-16.375;-15.7429;5.053096870427194;3.2765199638663054
-16.4375;-15.6857;5.053096870427194;3.2765199638663054
-16.0625;-15.5429;5.053096870427194;3.2765199638663054
-15.8125;-15.5143;5.053096870427194;3.2765199638663054
-16.25;-15.3714;5.053096870427194;3.2765199638663054
-16.4375;-15.3714;5.053096870427194;3.2765199638663054
-15.875;-15.3429;5.053096870427194;3.2765199638663054
-15.6875;-15.2571;5.053096870427194;3.2765199638663054
-16.0;-15.2857;5.053096870427194;3.2765199638663054
-15.8125;-15.1429;5.053096870427194;3.2765199638663054
-15.8125;-15.0857;5.053096870427194;3.2765199638663054
-15.875;-15.0;5.053096870427194;3.2765199638663054
-15.9375;-15.0;5.053096870427194;3.2765199638663054
-16.125;-15.0;5.053096870427194;3.2765199638663054
-16.375;-14.9714;5.053096870427194;3.2765199638663054
-16.3125;-14.8857;5.053096870427194;3.2765199638663054
-16.0;-14.8286;5.053096870427194;3.2765199638663054
-15.875;-14.8;5.053096870427194;3.2765199638663054
-15.6875;-14.7143;5.053096870427194;3.2765199638663054
-15.0625;-14.7143;5.053096870427194;3.2765199638663054
-14.625;-14.7143;5.053096870427194;3.2765199638663054
-14.625;-14.6571;5.053096870427194;3.2765199638663054
-14.9375;-14.6286;5.053096870427194;3.2765199638663054
-15.4375;-14.6;5.053096870427194;3.2765199638663054
-15.375;-14.4857;5.053096870427194;3.2765199638663054
-14.875;-14.3714;5.053096870427194;3.2765199638663054
-14.4375;-14.3429;5.053096870427194;3.2765199638663054
-14.1875;-14.2571;5.053096870427194;3.2765199638663054
-14.0625;-14.2286;5.053096870427194;3.2765199638663054
-14.0625;-14.1429;5.053096870427194;3.2765199638663054
-14.125;-14.0;5.053096870427194;3.2765199638663054
-14.25;-13.9714;5.053096870427194;3.2765199638663054
-14.6875;-14.0;5.053096870427194;3.2765199638663054
-15.0;-13.9714;5.053096870427194;3.2765199638663054
-14.6875;-13.9143;5.053096870427194;3.2765199638663054
-14.25;-13.8;5.053096870427194;3.2765199638663054
-14.25;-13.8;5.053096870427194;3.2765199638663054
-14.25;-13.7714;5.053096870427194;3.2765199638663054
-13.9375;-13.6857;5.053096870427194;3.2765199638663054
-13.6875;-13.6571;5.053096870427194;3.2765199638663054
-13.5;-13.5714;5.053096870427194;3.2765199638663054
-13.8125;-13.6571;5.053096870427194;3.2765199638663054
-14.125;-13.5429;5.053096870427194;3.2765199638663054
-13.75;-13.4571;5.053096870427194;3.2765199638663054
-13.1875;-13.3714;5.053096870427194;3.2765199638663054
-12.9375;-13.3429;5.053096870427194;3.2765199638663054
-13.0;-13.3429;5.053096870427194;3.2765199638663054
-13.375;-13.2857;5.053096870427194;3.2765199638663054
-13.9375;-13.2;5.053096870427194;3.2765199638663054
-14.4375;-13.1714;5.053096870427194;3.2765199638663054
-14.75;-13.1429;5.053096870427194;3.2765199638663054
-14.5625;-13.0286;5.053096870427194;3.2765199638663054
-14.375;-13.0286;5.053096870427194;3.2765199638663054
-14.125;-13.0571;5.053096870427194;3.2765199638663054
-13.875;-13.0;5.053096870427194;3.2765199638663054
-13.8125;-12.9429;5.053096870427194;3.2765199638663054
-13.5625;-12.9714;5.053096870427194;3.2765199638663054
-13.0;-12.9143;5.053096870427194;3.2765199638663054
-12.375;-12.7714;5.053096870427194;3.2765199638663054
-12.0;-12.7714;5.053096870427194;3.2765199638663054
-11.8125;-12.7714;5.053096870427194;3.2765199638663054
-11.8125;-12.6571;5.053096870427194;3.2765199638663054
-11.8125;-12.5714;5.053096870427194;3.2765199638663054
-12.0625;-12.5143;5.053096870427194;3.2765199638663054
-12.6875;-12.5429;5.053096870427194;3.2765199638663054
-13.3125;-12.5429;5.053096870427194;3.2765199638663054
-13.75;-12.4286;5.053096870427194;3.2765199638663054
-13.8125;-12.4286;5.053096870427194;3.2765199638663054
-13.4375;-12.2857;5.053096870427194;3.2765199638663054
-12.9375;-12.2857;5.053096870427194;3.2765199638663054
-12.6875;-12.2286;5.053096870427194;3.2765199638663054
-12.625;-12.1714;5.053096870427194;3.2765199638663054
-12.8125;-12.1143;5.053096870427194;3.2765199638663054
-13.0625;-12.1143;5.053096870427194;3.2765199638663054
-13.1875;-12.0571;5.053096870427194;3.2765199638663054
-13.25;-12.0286;5.053096870427194;3.2765199638663054
-13.1875;-12.0571;5.053096870427194;3.2765199638663054
-12.9375;-12.0286;5.053096870427194;3.2765199638663054
-12.75;-12.0;5.053096870427194;3.2765199638663054
-12.5625;-11.9143;5.053096870427194;3.2765199638663054
-12.125;-11.8286;5.053096870427194;3.2765199638663054
-11.8125;-11.8571;5.053096870427194;3.2765199638663054
-11.8125;-11.8;5.053096870427194;3.2765199638663054
-11.875;-11.7143;5.053096870427194;3.2765199638663054
-12.0;-11.6286;5.053096870427194;3.2765199638663054
-12.125;-11.6;5.053096870427194;3.2765199638663054
-11.75;-11.5143;5.053096870427194;3.2765199638663054
-11.3125;-11.5429;5.053096870427194;3.2765199638663054
-11.25;-11.4571;5.053096870427194;3.2765199638663054
-10.9375;-11.4857;5.053096870427194;3.2765199638663054
-10.5;-11.4;5.053096870427194;3.2765199638663054
-10.125;-11.2857;5.053096870427194;3.2765199638663054
-9.9375;-11.2857;5.053096870427194;3.2765199638663054
-9.875;-11.2571;5.053096870427194;3.2765199638663054
-9.9375;-11.1714;5.053096870427194;3.2765199638663054
-10.125;-11.0857;5.053096870427194;3.2765199638663054
-10.75;-11.0;5.053096870427194;3.2765199638663054
-11.3125;-10.9714;5.053096870427194;3.2765199638663054
-11.375;-10.9143;5.053096870427194;3.2765199638663054
-11.125;-10.9143;5.053096870427194;3.2765199638663054
-11.0625;-10.8857;5.053096870427194;3.2765199638663054
-11.25;-10.8286;5.053096870427194;3.2765199638663054
-11.5;-10.7714;5.053096870427194;3.2765199638663054
-11.5;-10.7714;5.053096870427194;3.2765199638663054
-11.25;-10.7143;5.053096870427194;3.2765199638663054
-11.1875;-10.6571;5.053096870427194;3.2765199638663054
-11.3125;-10.6571;5.053096870427194;3.2765199638663054
-11.375;-10.6571;5.053096870427194;3.2765199638663054
-11.3125;-10.5714;5.053096870427194;3.2765199638663054
-11.25;-10.5714;5.053096870427194;3.2765199638663054
-11.0625;-10.5143;5.053096870427194;3.2765199638663054
-10.625;-10.4571;5.053096870427194;3.2765199638663054
-10.5;-10.4;5.053096870427194;3.2765199638663054
-10.375;-10.3143;5.053096870427194;3.2765199638663054
-10.25;-10.3143;5.053096870427194;3.2765199638663054
-10.25;-10.2571;5.053096870427194;3.2765199638663054
-10.3125;-10.2286;5.053096870427194;3.2765199638663054
-10.375;-10.2;5.053096870427194;3.2765199638663054
-10.3125;-10.2;5.053096870427194;3.2765199638663054
-9.9375;-10.0571;5.053096870427194;3.2765199638663054
-9.625;-10.0571;5.053096870427194;3.2765199638663054
-9.75;-10.0286;5.053096870427194;3.2765199638663054
-10.25;-10.0;5.053096870427194;3.2765199638663054
-10.5625;-10.0;5.053096870427194;3.2765199638663054
-10.8125;-9.9429;5.053096870427194;3.2765199638663054
-10.875;-9.9143;5.053096870427194;3.2765199638663054
-10.875;-9.8571;5.053096870427194;3.2765199638663054
-10.6875;-9.8286;5.053096870427194;3.2765199638663054
-10.1875;-9.8;5.053096870427194;3.2765199638663054
-9.6875;-9.7429;5.053096870427194;3.2765199638663054
-9.5;-9.7143;5.053096870427194;3.2765199638663054
-9.25;-9.6571;5.053096870427194;3.2765199638663054
-9.0;-9.6286;5.053096870427194;3.2765199638663054
-9.0;-9.5714;5.053096870427194;3.2765199638663054
-9.0625;-9.5143;5.053096870427194;3.2765199638663054
-9.1875;-9.4571;5.053096870427194;3.2765199638663054
-9.25;-9.4857;5.053096870427194;3.2765199638663054
-9.375;-9.4;5.053096870427194;3.2765199638663054
-9.4375;-9.3429;5.053096870427194;3.2765199638663054
-9.4375;-9.3143;5.053096870427194;3.2765199638663054
-9.3125;-9.2857;5.053096870427194;3.2765199638663054
-9.125;-9.2571;5.053096870427194;3.2765199638663054
-8.9375;-9.1714;5.053096870427194;3.2765199638663054
-8.75;-9.1143;5.053096870427194;3.2765199638663054
-8.625;-9.0857;5.053096870427194;3.2765199638663054
-8.375;-9.0571;5.053096870427194;3.2765199638663054
-8.1875;-8.9714;5.053096870427194;3.2765199638663054
-8.4375;-8.9714;5.053096870427194;3.2765199638663054
-8.875;-8.8571;5.053096870427194;3.2765199638663054
-9.1875;-8.8571;5.053096870427194;3.2765199638663054
-9.0625;-8.8857;5.053096870427194;3.2765199638663054
-8.875;-8.7429;5.053096870427194;3.2765199638663054
-8.75;-8.7429;5.053096870427194;3.2765199638663054
-8.5625;-8.7143;5.053096870427194;3.2765199638663054
-8.3125;-8.6571;5.053096870427194;3.2765199638663054
-8.125;-8.6571;5.053096870427194;3.2765199638663054
-8.0625;-8.6;5.053096870427194;3.2765199638663054
-8.0625;-8.5714;5.053096870427194;3.2765199638663054
-8.0625;-8.6;5.053096870427194;3.2765199638663054
-8.0625;-8.4571;5.053096870427194;3.2765199638663054
-8.0;-8.3714;5.053096870427194;3.2765199638663054
-8.0625;-8.4;5.053096870427194;3.2765199638663054
-8.4375;-8.3714;5.053096870427194;3.2765199638663054
-8.5;-8.3429;5.053096870427194;3.2765199638663054
-8.3125;-8.3143;5.053096870427194;3.2765199638663054
-8.1875;-8.3143;5.053096870427194;3.2765199638663054
-8.1875;-8.2;5.053096870427194;3.2765199638663054
-8.1875;-8.2;5.053096870427194;3.2765199638663054
-8.3125;-8.1429;5.053096870427194;3.2765199638663054
-8.25;-8.0571;5.053096870427194;3.2765199638663054
-8.0625;-8.0857;5.053096870427194;3.2765199638663054
-7.875;-8.0571;5.053096870427194;3.2765199638663054
-7.8125;-8.0286;5.053096870427194;3.2765199638663054
-7.8125;-7.9714;5.053096870427194;3.2765199638663054
-7.6875;-7.8857;5.053096870427194;3.2765199638663054
-7.5625;-7.8571;5.053096870427194;3.2765199638663054
-7.5625;-7.8;5.053096870427194;3.2765199638663054
-7.625;-7.8;5.053096870427194;3.2765199638663054
-7.6875;-7.7714;5.053096870427194;3.2765199638663054
-7.75;-7.6857;5.053096870427194;3.2765199638663054
-7.75;-7.6286;5.053096870427194;3.2765199638663054
-7.75;-7.6;5.053096870427194;3.2765199638663054
-7.75;-7.5143;5.053096870427194;3.2765199638663054
-7.75;-7.5143;5.053096870427194;3.2765199638663054
-7.75;-7.5143;5.053096870427194;3.2765199638663054
-7.5;-7.4286;5.053096870427194;3.2765199638663054
-7.125;-7.4;5.053096870427194;3.2765199638663054
-6.875;-7.3714;5.053096870427194;3.2765199638663054
-6.75;-7.2857;5.053096870427194;3.2765199638663054
-6.75;-7.2286;5.053096870427194;3.2765199638663054
-6.75;-7.2286;5.053096870427194;3.2765199638663054
-6.75;-7.1429;5.053096870427194;3.2765199638663054
-6.875;-7.1143;5.053096870427194;3.2765199638663054
-7.0;-7.0857;5.053096870427194;3.2765199638663054
-7.0625;-7.0286;5.053096870427194;3.2765199638663054
-7.0;-7.0286;5.053096870427194;3.2765199638663054
-6.8125;-7.0286;5.053096870427194;3.2765199638663054
-6.5625;-6.9714;5.053096870427194;3.2765199638663054
-6.4375;-6.9143;5.053096870427194;3.2765199638663054
-6.5625;-6.9143;5.053096870427194;3.2765199638663054
-6.625;-6.8571;5.053096870427194;3.2765199638663054
-6.6875;-6.8286;5.053096870427194;3.2765199638663054
-6.6875;-6.8286;5.053096870427194;3.2765199638663054
-6.5625;-6.7143;5.053096870427194;3.2765199638663054
-6.3125;-6.7429;5.053096870427194;3.2765199638663054
-6.1875;-6.6571;5.053096870427194;3.2765199638663054
-6.0;-6.6857;5.053096870427194;3.2765199638663054
-5.875;-6.6;5.053096870427194;3.2765199638663054
-5.75;-6.6286;5.053096870427194;3.2765199638663054
-5.75;-6.5429;5.053096870427194;3.2765199638663054
-5.75;-6.5429;5.053096870427194;3.2765199638663054
-5.6875;-6.5143;5.053096870427194;3.2765199638663054
-5.75;-6.4571;5.053096870427194;3.2765199638663054
-5.9375;-6.4286;5.053096870427194;3.2765199638663054
-5.9375;-6.3143;5.053096870427194;3.2765199638663054
-5.8125;-6.3143;5.053096870427194;3.2765199638663054
-5.75;-6.2286;5.053096870427194;3.2765199638663054
-5.625;-6.2286;5.053096870427194;3.2765199638663054
-5.5;-6.2;5.053096870427194;3.2765199638663054
-5.375;-6.1429;5.053096870427194;3.2765199638663054
-5.3125;-6.0857;5.053096870427194;3.2765199638663054
-5.3125;-6.1143;5.053096870427194;3.2765199638663054
-5.3125;-6.0286;5.053096870427194;3.2765199638663054
-5.375;-6.0;5.053096870427194;3.2765199638663054
-5.5625;-5.9714;5.053096870427194;3.2765199638663054
-5.75;-5.9429;5.053096870427194;3.2765199638663054
-5.75;-5.8857;5.053096870427194;3.2765199638663054
-5.75;-5.8571;5.053096870427194;3.2765199638663054
-5.875;-5.8286;5.053096870427194;3.2765199638663054
-5.875;-5.7714;5.053096870427194;3.2765199638663054
-5.6875;-5.6857;5.053096870427194;3.2765199638663054
-5.5;-5.6857;5.053096870427194;3.2765199638663054
-5.3125;-5.6857;5.053096870427194;3.2765199638663054
-5.125;-5.6286;5.053096870427194;3.2765199638663054
-5.0625;-5.5714;5.053096870427194;3.2765199638663054
-5.125;-5.4857;5.053096870427194;3.2765199638663054
-5.3125;-5.4;5.053096870427194;3.2765199638663054
-5.625;-5.3429;5.053096870427194;3.2765199638663054
-5.75;-5.2857;5.053096870427194;3.2765199638663054
-5.4375;-5.1714;5.053096870427194;3.2765199638663054
-5.0;-5.1143;5.053096870427194;3.2765199638663054
-4.875;-4.9429;5.053096870427194;3.2765199638663054
-5.0;-4.8857;5.053096870427194;3.2765199638663054
-4.8125;-4.7143;5.053096870427194;3.2765199638663054
-4.375;-4.6;5.053096870427194;3.2765199638663054
-4.0625;-4.4571;5.053096870427194;3.2765199638663054
-3.875;-4.2571;5.053096870427194;3.2765199638663054
-3.625;-4.0286;5.053096870427194;3.2765199638663054
-2.9375;-3.8857;5.053096870427194;3.2765199638663054
-2.0;-3.6286;5.053096870427194;3.2765199638663054
-1.3125;-3.2286;5.053096870427194;3.2765199638663054
-0.9375;-3.0286;5.053096870427194;3.2765199638663054
-0.8125;-2.6571;5.053096870427194;3.2765199638663054
-0.875;-2.2571;5.053096870427194;3.2765199638663054
-1.125;-1.7429;5.053096870427194;3.2765199638663054
-1.3125;-1.0571;5.053096870427194;3.2765199638663054
-0.5625;-0.4286;5.053096870427194;3.2765199638663054
0.4375;0.2571;5.053096870427194;3.2765199638663054
0.8125;1.1143;5.053096870427194;3.2765199638663054
0.9375;1.8571;5.053096870427194;3.2765199638663054
1.5625;2.4571;5.053096870427194;3.2765199638663054
2.5625;3.0286;5.053096870427194;3.2765199638663054
3.3125;3.6286;5.053096870427194;3.2765199638663054
3.6875;4.2;5.053096870427194;3.2765199638663054
3.8125;4.7714;5.053096870427194;3.2765199638663054
4.0625;5.3714;5.053096870427194;3.2765199638663054
4.125;6.0857;5.053096870427194;3.2765199638663054
4.1875;6.7429;5.053096870427194;3.2765199638663054
4.4375;7.5714;5.053096870427194;3.2765199638663054
5.0625;8.4571;5.053096870427194;3.2765199638663054
6.0625;9.3143;5.053096870427194;3.2765199638663054
7.5625;10.2;5.053096870427194;3.2765199638663054
9.0;10.9429;5.053096870427194;3.2765199638663054
10.125;11.7714;5.053096870427194;3.2765199638663054
11.0;12.6857;5.053096870427194;3.2765199638663054
11.75;13.6571;5.053096870427194;3.2765199638663054
12.5625;14.4;5.053096870427194;3.2765199638663054
13.3125;15.2;5.053096870427194;3.2765199638663054
14.0625;16.1143;5.053096870427194;3.2765199638663054
14.8125;17.0286;5.053096870427194;3.2765199638663054
15.625;17.8571;5.053096870427194;3.2765199638663054
16.5;18.6571;5.053096870427194;3.2765199638663054
17.125;19.6286;5.053096870427194;3.2765199638663054
17.4375;20.3714;5.053096870427194;3.2765199638663054
17.5625;21.2;5.053096870427194;3.2765199638663054
17.5;22.2571;5.053096870427194;3.2765199638663054
17.4375;23.0286;5.053096870427194;3.2765199638663054
17.5;23.8;5.053096870427194;3.2765199638663054
18.3125;24.5143;5.053096870427194;3.2765199638663054
20.4375;25.4;5.053096870427194;3.2765199638663054
23.0625;26.1429;5.053096870427194;3.2765199638663054
25.25;27.0286;5.053096870427194;3.2765199638663054
26.6875;27.8286;5.053096870427194;3.2765199638663054
27.6875;28.6;5.053096870427194;3.2765199638663054
28.5625;29.3143;5.053096870427194;3.2765199638663054
29.25;29.9143;5.053096870427194;3.2765199638663054
29.9375;30.6286;5.053096870427194;3.2765199638663054
30.625;31.4857;5.053096870427194;3.2765199638663054
31.3125;32.2857;5.053096870427194;3.2765199638663054
32.125;33.1143;5.053096870427194;3.2765199638663054
32.875;33.4286;5.053096870427194;3.2765199638663054
33.6875;34.1429;5.053096870427194;3.2765199638663054
34.5;34.4286;5.053096870427194;3.2765199638663054
35.25;35.4286;5.053096870427194;3.2765199638663054
35.9375;36.1714;5.053096870427194;3.2765199638663054
36.5;36.6857;5.053096870427194;3.2765199638663054
37.0;37.6857;5.053096870427194;3.2765199638663054
37.4375;38.3143;5.053096870427194;3.2765199638663054
38.0625;39.0571;5.053096870427194;3.2765199638663054
38.8125;40.0571;5.053096870427194;3.2765199638663054
39.5625;41.0857;5.053096870427194;3.2765199638663054
40.375;41.3143;5.053096870427194;3.2765199638663054
41.25;41.8857;5.053096870427194;3.2765199638663054
42.0;43.0286;5.053096870427194;3.2765199638663054
42.4375;43.7143;5.053096870427194;3.2765199638663054
42.625;44.2;5.053096870427194;3.2765199638663054
42.625;44.7143;5.053096870427194;3.2765199638663054
42.5625;45.0571;5.053096870427194;3.2765199638663054
42.5;45.7714;5.053096870427194;3.2765199638663054
42.625;46.5143;5.053096870427194;3.2765199638663054
43.4375;47.2857;5.053096870427194;3.2765199638663054
45.25;47.8;5.053096870427194;3.2765199638663054
47.3125;48.0286;5.053096870427194;3.2765199638663054
48.875;48.5714;5.053096870427194;3.2765199638663054
49.9375;49.5714;5.053096870427194;3.2765199638663054
50.75;50.0857;5.053096870427194;3.2765199638663054
51.3125;50.9429;5.053096870427194;3.2765199638663054
51.875;51.6;5.053096870427194;3.2765199638663054
52.5625;51.7143;5.053096870427194;3.2765199638663054
53.1875;52.3429;5.053096870427194;3.2765199638663054
53.8125;53.0;5.053096870427194;3.2765199638663054
54.3125;53.6571;5.053096870427194;3.2765199638663054
54.9375;54.2571;5.053096870427194;3.2765199638663054
55.5;54.9429;5.053096870427194;3.2765199638663054
56.0;55.4857;5.053096870427194;3.2765199638663054
56.5;55.8571;5.053096870427194;3.2765199638663054
57.125;56.7429;5.053096870427194;3.2765199638663054
57.875;57.2286;5.053096870427194;3.2765199638663054
58.5;57.5714;5.053096870427194;3.2765199638663054
59.0625;58.1143;5.053096870427194;3.2765199638663054
59.5625;58.2857;5.053096870427194;3.2765199638663054
60.0;59.1429;5.053096870427194;3.2765199638663054
60.625;59.6571;5.053096870427194;3.2765199638663054
61.4375;60.1714;5.053096870427194;3.2765199638663054
62.0625;61.0571;5.053096870427194;3.2765199638663054
62.75;61.0857;5.053096870427194;3.2765199638663054
63.5625;61.6857;5.053096870427194;3.2765199638663054
64.125;62.5143;5.053096870427194;3.2765199638663054
64.3125;63.0286;5.053096870427194;3.2765199638663054
64.375;64.7143;5.053096870427194;3.2765199638663054
64.3125;64.6286;5.053096870427194;3.2765199638663054
64.1875;64.9143;5.053096870427194;3.2765199638663054
64.3125;65.8571;5.053096870427194;3.2765199638663054
65.5;65.8857;5.053096870427194;3.2765199638663054
67.375;66.1714;5.053096870427194;3.2765199638663054
68.9375;67.0286;5.053096870427194;3.2765199638663054
69.875;67.4;5.053096870427194;3.2765199638663054
70.5;67.6571;5.053096870427194;3.2765199638663054
71.1875;67.9714;5.053096870427194;3.2765199638663054
72.25;69.2571;5.053096870427194;3.2765199638663054
73.5;69.6286;5.053096870427194;3.2765199638663054
74.0;70.1429;5.053096870427194;3.2765199638663054
74.0;70.1143;5.053096870427194;3.2765199638663054
74.1875;71.4571;5.053096870427194;3.2765199638663054
74.625;71.7714;5.053096870427194;3.2765199638663054
75.1875;71.2571;5.053096870427194;3.2765199638663054
75.6875;72.5429;5.053096870427194;3.2765199638663054
76.4375;73.5429;5.053096870427194;3.2765199638663054
77.1875;73.6857;5.053096870427194;3.2765199638663054
77.8125;74.4857;5.053096870427194;3.2765199638663054
78.3125;74.1143;5.053096870427194;3.2765199638663054
78.6875;74.3429;5.053096870427194;3.2765199638663054
79.25;76.1143;5.053096870427194;3.2765199638663054
79.75;76.1143;5.053096870427194;3.2765199638663054
80.0;76.0286;5.053096870427194;3.2765199638663054
80.4375;75.2857;5.053096870427194;3.2765199638663054
81.1875;76.1714;5.053096870427194;3.2765199638663054
81.3125;76.3143;5.053096870427194;3.2765199638663054
80.8125;77.0857;5.053096870427194;3.2765199638663054
80.375;78.3143;5.053096870427194;3.2765199638663054
80.0625;77.1143;5.053096870427194;3.2765199638663054
79.9375;78.0857;5.053096870427194;3.2765199638663054
79.9375;79.4286;5.053096870427194;3.2765199638663054
80.375;79.1429;5.053096870427194;3.2765199638663054
81.875;80.1429;5.053096870427194;3.2765199638663054
84.4375;80.5429;5.053096870427194;3.2765199638663054
86.8125;80.9714;5.053096870427194;3.2765199638663054
88.4375;80.3714;5.053096870427194;3.2765199638663054
89.375;80.5714;5.053096870427194;3.2765199638663054
89.8125;81.4857;5.053096870427194;3.2765199638663054
89.625;81.7714;5.053096870427194;3.2765199638663054
89.8125;82.1143;5.053096870427194;3.2765199638663054
90.9375;83.0286;5.053096870427194;3.2765199638663054
92.25;84.1429;5.053096870427194;3.2765199638663054
93.0;83.2571;5.053096870427194;3.2765199638663054
92.9375;84.8;5.053096870427194;3.2765199638663054
92.625;82.7143;5.053096870427194;3.2765199638663054
92.5625;84.1714;5.053096870427194;3.2765199638663054
92.1875;85.4857;5.053096870427194;3.2765199638663054
92.4375;83.6571;5.053096870427194;3.2765199638663054
93.625;85.5714;5.053096870427194;3.2765199638663054
94.3125;85.7429;5.053096870427194;3.2765199638663054
94.4375;88.1143;5.053096870427194;3.2765199638663054
95.25;87.7143;5.053096870427194;3.2765199638663054
96.875;87.8857;5.053096870427194;3.2765199638663054
98.0;88.2;5.053096870427194;3.2765199638663054
98.4375;89.6;5.053096870427194;3.2765199638663054
98.9375;90.6857;5.053096870427194;3.2765199638663054
99.5625;90.6286;5.053096870427194;3.2765199638663054
99.8125;91.6571;5.053096870427194;3.2765199638663054
99.8125;91.0286;5.053096870427194;3.2765199638663054
99.75;91.6;5.053096870427194;3.2765199638663054
99.625;91.2;5.053096870427194;3.2765199638663054
99.625;92.7429;5.053096870427194;3.2765199638663054
99.5625;93.0571;5.053096870427194;3.2765199638663054
99.9375;92.6;5.053096870427194;3.2765199638663054
101.0625;94.2286;5.053096870427194;3.2765199638663054
103.25;94.2857;5.053096870427194;3.2765199638663054
105.5;94.0;5.053096870427194;3.2765199638663054
106.125;93.4286;5.053096870427194;3.2765199638663054
106.1875;95.2857;5.053096870427194;3.2765199638663054
106.5;95.3143;5.053096870427194;3.2765199638663054
106.25;96.9143;5.053096870427194;3.2765199638663054
106.4375;98.0;5.053096870427194;3.2765199638663054
107.1875;97.4857;5.053096870427194;3.2765199638663054
107.8125;97.9143;5.053096870427194;3.2765199638663054
108.625;97.1429;5.053096870427194;3.2765199638663054
109.4375;97.2;5.053096870427194;3.2765199638663054
109.4375;99.2571;5.053096870427194;3.2765199638663054
109.1875;97.5429;5.053096870427194;3.2765199638663054
109.25;98.6571;5.053096870427194;3.2765199638663054
109.625;99.2;5.053096870427194;3.2765199638663054
110.0625;98.7143;5.053096870427194;3.2765199638663054
110.0625;99.7429;5.053096870427194;3.2765199638663054
110.0;101.0286;5.053096870427194;3.2765199638663054
110.3125;100.6857;5.053096870427194;3.2765199638663054
111.0;100.6857;5.053096870427194;3.2765199638663054
111.3125;102.2;5.053096870427194;3.2765199638663054
111.625;101.8571;5.053096870427194;3.2765199638663054
112.375;101.5143;5.053096870427194;3.2765199638663054
112.875;102.5714;5.053096870427194;3.2765199638663054
113.0;102.7714;5.053096870427194;3.2765199638663054
113.0;102.8286;5.053096870427194;3.2765199638663054
112.9375;103.6;5.053096870427194;3.2765199638663054
112.9375;104.2;5.053096870427194;3.2765199638663054
112.9375;104.0857;5.053096870427194;3.2765199638663054
112.875;104.4286;5.053096870427194;3.2765199638663054
113.0;104.9429;5.053096870427194;3.2765199638663054
113.8125;105.4;5.053096870427194;3.2765199638663054
115.3125;105.8286;5.053096870427194;3.2765199638663054
116.625;107.4286;5.053096870427194;3.2765199638663054
117.5;108.4;5.053096870427194;3.2765199638663054
118.5;105.9143;5.053096870427194;3.2765199638663054
119.0;105.6;5.053096870427194;3.2765199638663054
118.75;106.6857;5.053096870427194;3.2765199638663054
118.625;107.9714;5.053096870427194;3.2765199638663054
118.75;108.1714;5.053096870427194;3.2765199638663054
119.3125;109.0286;5.053096870427194;3.2765199638663054
119.8125;109.1143;5.053096870427194;3.2765199638663054
119.75;107.8;5.053096870427194;3.2765199638663054
119.8125;107.9714;5.053096870427194;3.2765199638663054
119.8125;110.2;5.053096870427194;3.2765199638663054
119.9375;110.6286;5.053096870427194;3.2765199638663054
120.4375;110.4286;5.053096870427194;3.2765199638663054
120.9375;111.0571;5.053096870427194;3.2765199638663054
121.625;111.4571;5.053096870427194;3.2765199638663054
122.25;110.3429;5.053096870427194;3.2765199638663054
122.3125;109.8857;5.053096870427194;3.2765199638663054
122.4375;111.5429;5.053096870427194;3.2765199638663054
123.0;112.6571;5.053096870427194;3.2765199638663054
123.625;113.8;5.053096870427194;3.2765199638663054
124.125;112.7143;5.053096870427194;3.2765199638663054
124.6875;112.6286;5.053096870427194;3.2765199638663054
125.0;112.8;5.053096870427194;3.2765199638663054
124.875;114.6571;5.053096870427194;3.2765199638663054
124.625;114.4571;5.053096870427194;3.2765199638663054
124.5;113.1429;5.053096870427194;3.2765199638663054
124.375;113.4286;5.053096870427194;3.2765199638663054
124.375;114.3143;5.053096870427194;3.2765199638663054
124.375;114.0857;5.053096870427194;3.2765199638663054
124.625;114.2857;5.053096870427194;3.2765199638663054
124.9375;114.7429;5.053096870427194;3.2765199638663054
125.625;115.5429;5.053096870427194;3.2765199638663054
126.9375;117.0;5.053096870427194;3.2765199638663054
127.6875;117.1143;5.053096870427194;3.2765199638663054
127.6875;115.5143;5.053096870427194;3.2765199638663054
127.75;115.3714;5.053096870427194;3.2765199638663054
127.1875;117.6857;5.053096870427194;3.2765199638663054
126.875;116.2286;5.053096870427194;3.2765199638663054
127.5;116.8286;5.053096870427194;3.2765199638663054
127.8125;116.2571;5.053096870427194;3.2765199638663054
127.6875;117.8571;5.053096870427194;3.2765199638663054
128.0;119.0286;5.053096870427194;3.2765199638663054
128.375;117.6571;5.053096870427194;3.2765199638663054
128.875;117.9714;5.053096870427194;3.2765199638663054
128.875;119.3714;5.053096870427194;3.2765199638663054
128.5625;118.0;5.053096870427194;3.2765199638663054
129.1875;120.0571;5.053096870427194;3.2765199638663054
130.0;118.6571;5.053096870427194;3.2765199638663054
129.8125;116.9143;5.053096870427194;3.2765199638663054
129.875;119.7429;5.053096870427194;3.2765199638663054
130.6875;119.9714;5.053096870427194;3.2765199638663054
131.5625;119.7429;5.053096870427194;3.2765199638663054
131.875;120.0857;5.053096870427194;3.2765199638663054
131.875;120.9714;5.053096870427194;3.2765199638663054
132.125;119.4571;5.053096870427194;3.2765199638663054
132.5;119.2857;5.053096870427194;3.2765199638663054
132.75;121.0;5.053096870427194;3.2765199638663054
132.9375;121.3714;5.053096870427194;3.2765199638663054
132.9375;121.0286;5.053096870427194;3.2765199638663054
132.9375;120.2857;5.053096870427194;3.2765199638663054
132.8125;122.7714;5.053096870427194;3.2765199638663054
132.625;121.4;5.053096870427194;3.2765199638663054
132.6875;120.4571;5.053096870427194;3.2765199638663054
133.1875;121.2571;5.053096870427194;3.2765199638663054
133.6875;123.2857;5.053096870427194;3.2765199638663054
134.0625;122.6571;5.053096870427194;3.2765199638663054
134.6875;122.7143;5.053096870427194;3.2765199638663054
134.625;121.8;5.053096870427194;3.2765199638663054
134.0;121.9143;5.053096870427194;3.2765199638663054
134.1875;122.1143;5.053096870427194;3.2765199638663054
135.25;122.1143;5.053096870427194;3.2765199638663054
136.375;122.5429;5.053096870427194;3.2765199638663054
136.75;123.3714;5.053096870427194;3.2765199638663054
137.0;124.4286;5.053096870427194;3.2765199638663054
137.4375;123.4571;5.053096870427194;3.2765199638663054
137.3125;122.4286;5.053096870427194;3.2765199638663054
136.875;122.4;5.053096870427194;3.2765199638663054
136.8125;125.2286;5.053096870427194;3.2765199638663054
137.4375;125.4857;5.053096870427194;3.2765199638663054
137.875;124.4;5.053096870427194;3.2765199638663054
137.375;125.1429;5.053096870427194;3.2765199638663054
137.125;124.1429;5.053096870427194;3.2765199638663054
137.875;124.6286;5.053096870427194;3.2765199638663054
138.875;125.4;5.053096870427194;3.2765199638663054
139.375;125.7429;5.053096870427194;3.2765199638663054
139.5625;124.3143;5.053096870427194;3.2765199638663054
139.625;126.1143;5.053096870427194;3.2765199638663054
139.6875;126.5143;5.053096870427194;3.2765199638663054
139.625;128.0571;5.053096870427194;3.2765199638663054
139.625;125.1714;5.053096870427194;3.2765199638663054
139.625;126.0286;5.053096870427194;3.2765199638663054
139.5625;127.7143;5.053096870427194;3.2765199638663054
139.75;125.4;5.053096870427194;3.2765199638663054
140.0625;127.2286;5.053096870427194;3.2765199638663054
140.375;127.0571;5.053096870427194;3.2765199638663054
140.5;128.0286;5.053096870427194;3.2765199638663054
140.375;128.4286;5.053096870427194;3.2765199638663054
140.25;127.4286;5.053096870427194;3.2765199638663054
140.3125;125.9714;5.053096870427194;3.2765199638663054
140.125;127.2571;5.053096870427194;3.2765199638663054
140.4375;128.4571;5.053096870427194;3.2765199638663054
141.1875;128.6286;5.053096870427194;3.2765199638663054
141.1875;127.6286;5.053096870427194;3.2765199638663054
141.0;128.8286;5.053096870427194;3.2765199638663054
141.625;126.3143;5.053096870427194;3.2765199638663054
142.4375;129.1714;5.053096870427194;3.2765199638663054
142.875;129.3429;5.053096870427194;3.2765199638663054
143.375;129.7714;5.053096870427194;3.2765199638663054
143.8125;130.9429;5.053096870427194;3.2765199638663054
143.6875;127.3143;5.053096870427194;3.2765199638663054
142.9375;130.0571;5.053096870427194;3.2765199638663054
142.25;130.4857;5.053096870427194;3.2765199638663054
142.3125;130.3143;5.053096870427194;3.2765199638663054
142.8125;131.1714;5.053096870427194;3.2765199638663054
143.5625;131.6;5.053096870427194;3.2765199638663054
144.3125;130.4571;5.053096870427194;3.2765199638663054
145.0;131.6286;5.053096870427194;3.2765199638663054
145.0625;130.1714;5.053096870427194;3.2765199638663054
144.375;129.5714;5.053096870427194;3.2765199638663054
143.5625;130.5714;5.053096870427194;3.2765199638663054
143.0;130.2857;5.053096870427194;3.2765199638663054
142.75;130.8571;5.053096870427194;3.2765199638663054
142.6875;132.1429;5.053096870427194;3.2765199638663054
142.75;130.6857;5.053096870427194;3.2765199638663054
143.125;131.1714;5.053096870427194;3.2765199638663054
143.875;131.8286;5.053096870427194;3.2765199638663054
144.3125;131.4286;5.053096870427194;3.2765199638663054
144.75;129.6571;5.053096870427194;3.2765199638663054
145.5625;132.2;5.053096870427194;3.2765199638663054
146.0;132.7429;5.053096870427194;3.2765199638663054
146.375;133.9429;5.053096870427194;3.2765199638663054
146.75;130.8;5.053096870427194;3.2765199638663054
147.0625;131.4286;5.053096870427194;3.2765199638663054
147.5625;132.3429;5.053096870427194;3.2765199638663054
147.4375;131.5143;5.053096870427194;3.2765199638663054
147.1875;133.6286;5.053096870427194;3.2765199638663054
147.75;132.5429;5.053096870427194;3.2765199638663054
148.3125;132.6571;5.053096870427194;3.2765199638663054
148.3125;133.5714;5.053096870427194;3.2765199638663054
148.4375;133.2286;5.053096870427194;3.2765199638663054
148.375;134.6857;5.053096870427194;3.2765199638663054
148.0;133.2;5.053096870427194;3.2765199638663054
147.75;131.5143;5.053096870427194;3.2765199638663054
148.25;132.6286;5.053096870427194;3.2765199638663054
149.1875;135.2;5.053096870427194;3.2765199638663054
149.4375;134.4286;5.053096870427194;3.2765199638663054
149.0;134.3714;5.053096870427194;3.2765199638663054
149.0625;135.6571;5.053096870427194;3.2765199638663054
149.3125;133.2571;5.053096870427194;3.2765199638663054
148.8125;135.6;5.053096870427194;3.2765199638663054
147.9375;135.5429;5.053096870427194;3.2765199638663054
147.3125;135.6286;5.053096870427194;3.2765199638663054
146.9375;136.6;5.053096870427194;3.2765199638663054
146.8125;136.2857;5.053096870427194;3.2765199638663054
146.875;135.7143;5.053096870427194;3.2765199638663054
146.875;135.3714;5.053096870427194;3.2765199638663054
147.3125;135.6286;5.053096870427194;3.2765199638663054
148.8125;137.4286;5.053096870427194;3.2765199638663054
150.9375;137.7143;5.053096870427194;3.2765199638663054
152.375;137.0857;5.053096870427194;3.2765199638663054
152.9375;135.6286;5.053096870427194;3.2765199638663054
152.625;135.3714;5.053096870427194;3.2765199638663054
151.875;135.6571;5.053096870427194;3.2765199638663054
151.375;134.6571;5.053096870427194;3.2765199638663054
151.0;135.3714;5.053096870427194;3.2765199638663054
150.1875;135.3143;5.053096870427194;3.2765199638663054
149.5625;134.1714;5.053096870427194;3.2765199638663054
149.25;132.6571;5.053096870427194;3.2765199638663054
149.1875;134.2;5.053096870427194;3.2765199638663054
149.4375;133.1143;5.053096870427194;3.2765199638663054
149.5;133.0;5.053096870427194;3.2765199638663054
148.8125;131.9714;5.053096870427194;3.2765199638663054
147.8125;132.8286;5.053096870427194;3.2765199638663054
147.375;131.3143;5.053096870427194;3.2765199638663054
147.1875;130.6571;5.053096870427194;3.2765199638663054
146.875;132.8857;5.053096870427194;3.2765199638663054
146.4375;130.2571;5.053096870427194;3.2765199638663054
146.1875;129.9143;5.053096870427194;3.2765199638663054
145.8125;127.2571;5.053096870427194;3.2765199638663054
144.75;129.2857;5.053096870427194;3.2765199638663054
143.9375;128.8857;5.053096870427194;3.2765199638663054
143.9375;129.3143;5.053096870427194;3.2765199638663054
143.8125;127.9714;5.053096870427194;3.2765199638663054
143.3125;128.8571;5.053096870427194;3.2765199638663054
142.875;127.7429;5.053096870427194;3.2765199638663054
142.6875;127.0;5.053096870427194;3.2765199638663054
142.5625;126.9714;5.053096870427194;3.2765199638663054
142.5625;125.9429;5.053096870427194;3.2765199638663054
142.625;126.9143;5.053096870427194;3.2765199638663054
142.625;125.6;5.053096870427194;3.2765199638663054
142.5;124.7714;5.053096870427194;3.2765199638663054
141.8125;124.6;5.053096870427194;3.2765199638663054
140.625;123.5143;5.053096870427194;3.2765199638663054
139.5625;125.8857;5.053096870427194;3.2765199638663054
139.125;122.4571;5.053096870427194;3.2765199638663054
138.4375;122.4;5.053096870427194;3.2765199638663054
137.5;122.3429;5.053096870427194;3.2765199638663054
136.875;124.6857;5.053096870427194;3.2765199638663054
136.1875;123.1429;5.053096870427194;3.2765199638663054
136.0;122.8286;5.053096870427194;3.2765199638663054
135.75;121.5143;5.053096870427194;3.2765199638663054
134.75;121.0;5.053096870427194;3.2765199638663054
134.3125;120.4;5.053096870427194;3.2765199638663054
134.0625;120.8;5.053096870427194;3.2765199638663054
132.875;121.1429;5.053096870427194;3.2765199638663054
131.75;118.4571;5.053096870427194;3.2765199638663054
132.4375;119.1429;5.053096870427194;3.2765199638663054
133.4375;118.3143;5.053096870427194;3.2765199638663054
133.0625;118.4857;5.053096870427194;3.2765199638663054
132.75;118.0857;5.053096870427194;3.2765199638663054
132.5;119.2857;5.053096870427194;3.2765199638663054
131.6875;117.2286;5.053096870427194;3.2765199638663054
130.875;116.2;5.053096870427194;3.2765199638663054
129.8125;116.7714;5.053096870427194;3.2765199638663054
129.0625;117.2286;5.053096870427194;3.2765199638663054
128.9375;114.9714;5.053096870427194;3.2765199638663054
129.0625;115.9714;5.053096870427194;3.2765199638663054
129.25;116.1714;5.053096870427194;3.2765199638663054
129.375;116.0;5.053096870427194;3.2765199638663054
129.4375;115.8571;5.053096870427194;3.2765199638663054
129.5625;114.1714;5.053096870427194;3.2765199638663054
129.5;115.9429;5.053096870427194;3.2765199638663054
128.8125;115.7143;5.053096870427194;3.2765199638663054
127.75;115.2571;5.053096870427194;3.2765199638663054
126.625;114.0857;5.053096870427194;3.2765199638663054
126.0;113.3714;5.053096870427194;3.2765199638663054
125.4375;112.6857;5.053096870427194;3.2765199638663054
124.75;112.4857;5.053096870427194;3.2765199638663054
124.3125;111.8571;5.053096870427194;3.2765199638663054
124.25;111.2571;5.053096870427194;3.2765199638663054
124.5;111.1143;5.053096870427194;3.2765199638663054
124.3125;110.8857;5.053096870427194;3.2765199638663054
123.625;110.0857;5.053096870427194;3.2765199638663054
123.375;110.6286;5.053096870427194;3.2765199638663054
123.5625;111.2571;5.053096870427194;3.2765199638663054
123.5625;109.2571;5.053096870427194;3.2765199638663054
123.0625;109.0857;5.053096870427194;3.2765199638663054
122.1875;108.6286;5.053096870427194;3.2765199638663054
121.1875;108.0;5.053096870427194;3.2765199638663054
120.625;107.2857;5.053096870427194;3.2765199638663054
120.75;106.6857;5.053096870427194;3.2765199638663054
120.8125;108.5143;5.053096870427194;3.2765199638663054
120.4375;109.2;5.053096870427194;3.2765199638663054
120.0;107.6;5.053096870427194;3.2765199638663054
119.5625;105.7429;5.053096870427194;3.2765199638663054
119.8125;106.5143;5.053096870427194;3.2765199638663054
120.6875;106.4857;5.053096870427194;3.2765199638663054
121.75;107.1429;5.053096870427194;3.2765199638663054
122.4375;104.8857;5.053096870427194;3.2765199638663054
122.6875;104.4;5.053096870427194;3.2765199638663054
122.75;104.7143;5.053096870427194;3.2765199638663054
122.6875;104.0571;5.053096870427194;3.2765199638663054
122.0625;104.6571;5.053096870427194;3.2765199638663054
120.3125;105.7143;5.053096870427194;3.2765199638663054
118.4375;103.9429;5.053096870427194;3.2765199638663054
117.25;104.2286;5.053096870427194;3.2765199638663054
116.3125;101.7429;5.053096870427194;3.2765199638663054
115.8125;104.7143;5.053096870427194;3.2765199638663054
116.0;100.4571;5.053096870427194;3.2765199638663054
115.9375;103.0571;5.053096870427194;3.2765199638663054
115.125;102.4;5.053096870427194;3.2765199638663054
114.9375;102.4;5.053096870427194;3.2765199638663054
115.375;101.8571;5.053096870427194;3.2765199638663054
115.1875;100.9714;5.053096870427194;3.2765199638663054
114.375;101.7143;5.053096870427194;3.2765199638663054
113.4375;100.1429;5.053096870427194;3.2765199638663054
112.5;100.8;5.053096870427194;3.2765199638663054
112.25;101.3143;5.053096870427194;3.2765199638663054
112.5;100.4857;5.053096870427194;3.2765199638663054
112.375;99.6571;5.053096870427194;3.2765199638663054
111.9375;99.9714;5.053096870427194;3.2765199638663054
111.5;99.3714;5.053096870427194;3.2765199638663054
111.0625;97.6571;5.053096870427194;3.2765199638663054
110.625;98.3714;5.053096870427194;3.2765199638663054
110.25;96.9714;5.053096870427194;3.2765199638663054
109.9375;95.7714;5.053096870427194;3.2765199638663054
109.875;96.6;5.053096870427194;3.2765199638663054
110.1875;96.4286;5.053096870427194;3.2765199638663054
110.6875;95.9143;5.053096870427194;3.2765199638663054
111.1875;95.8286;5.053096870427194;3.2765199638663054
111.5;96.2571;5.053096870427194;3.2765199638663054
111.6875;97.1143;5.053096870427194;3.2765199638663054
111.6875;96.0;5.053096870427194;3.2765199638663054
111.625;95.6857;5.053096870427194;3.2765199638663054
111.1875;95.7714;5.053096870427194;3.2765199638663054
109.75;95.9429;5.053096870427194;3.2765199638663054
108.0;95.5143;5.053096870427194;3.2765199638663054
106.9375;93.4571;5.053096870427194;3.2765199638663054
106.25;93.5714;5.053096870427194;3.2765199638663054
105.5;93.0286;5.053096870427194;3.2765199638663054
104.9375;93.1143;5.053096870427194;3.2765199638663054
104.875;93.6286;5.053096870427194;3.2765199638663054
104.75;93.3714;5.053096870427194;3.2765199638663054
104.3125;93.2857;5.053096870427194;3.2765199638663054
103.75;92.9714;5.053096870427194;3.2765199638663054
103.5625;92.0857;5.053096870427194;3.2765199638663054
103.375;91.0571;5.053096870427194;3.2765199638663054
102.6875;91.9714;5.053096870427194;3.2765199638663054
102.25;92.1429;5.053096870427194;3.2765199638663054
102.375;91.4857;5.053096870427194;3.2765199638663054
102.4375;91.3714;5.053096870427194;3.2765199638663054
101.9375;90.5429;5.053096870427194;3.2765199638663054
101.1875;90.9714;5.053096870427194;3.2765199638663054
100.6875;89.3429;5.053096870427194;3.2765199638663054
100.8125;88.6571;5.053096870427194;3.2765199638663054
100.9375;87.4571;5.053096870427194;3.2765199638663054
100.6875;86.3714;5.053096870427194;3.2765199638663054
99.625;86.9143;5.053096870427194;3.2765199638663054
98.125;85.5143;5.053096870427194;3.2765199638663054
96.875;87.4;5.053096870427194;3.2765199638663054
95.625;88.1714;5.053096870427194;3.2765199638663054
94.3125;87.5429;5.053096870427194;3.2765199638663054
93.5625;88.0857;5.053096870427194;3.2765199638663054
93.3125;87.7143;5.053096870427194;3.2765199638663054
93.25;86.8;5.053096870427194;3.2765199638663054
93.3125;86.2571;5.053096870427194;3.2765199638663054
93.6875;86.6;5.053096870427194;3.2765199638663054
94.3125;86.4286;5.053096870427194;3.2765199638663054
94.75;84.9714;5.053096870427194;3.2765199638663054
95.5625;84.2571;5.053096870427194;3.2765199638663054
96.5;83.7714;5.053096870427194;3.2765199638663054
96.0;82.9429;5.053096870427194;3.2765199638663054
94.875;81.8571;5.053096870427194;3.2765199638663054
94.125;83.9143;5.053096870427194;3.2765199638663054
93.6875;85.6;5.053096870427194;3.2765199638663054
93.5625;83.3714;5.053096870427194;3.2765199638663054
93.375;83.8;5.053096870427194;3.2765199638663054
93.0625;83.6;5.053096870427194;3.2765199638663054
92.5625;82.2286;5.053096870427194;3.2765199638663054
91.5625;83.2857;5.053096870427194;3.2765199638663054
91.1875;82.0286;5.053096870427194;3.2765199638663054
92.5625;81.4857;5.053096870427194;3.2765199638663054
93.125;82.0857;5.053096870427194;3.2765199638663054
92.25;81.3429;5.053096870427194;3.2765199638663054
91.375;82.0571;5.053096870427194;3.2765199638663054
89.8125;81.5429;5.053096870427194;3.2765199638663054
88.375;82.0;5.053096870427194;3.2765199638663054
88.625;80.5143;5.053096870427194;3.2765199638663054
89.5;82.5429;5.053096870427194;3.2765199638663054
89.6875;80.4286;5.053096870427194;3.2765199638663054
89.1875;80.1429;5.053096870427194;3.2765199638663054
88.75;78.4;5.053096870427194;3.2765199638663054
89.25;79.5429;5.053096870427194;3.2765199638663054
90.1875;78.6;5.053096870427194;3.2765199638663054
90.875;79.1429;5.053096870427194;3.2765199638663054
91.25;79.9429;5.053096870427194;3.2765199638663054
91.375;78.1714;5.053096870427194;3.2765199638663054
91.375;78.0;5.053096870427194;3.2765199638663054
90.5625;78.4857;5.053096870427194;3.2765199638663054
89.0;77.5714;5.053096870427194;3.2765199638663054
87.875;77.0;5.053096870427194;3.2765199638663054
87.125;77.1143;5.053096870427194;3.2765199638663054
86.4375;77.5714;5.053096870427194;3.2765199638663054
86.375;77.2286;5.053096870427194;3.2765199638663054
86.3125;77.1429;5.053096870427194;3.2765199638663054
85.6875;76.4571;5.053096870427194;3.2765199638663054
84.9375;77.6857;5.053096870427194;3.2765199638663054
84.5;77.9429;5.053096870427194;3.2765199638663054
84.25;77.2;5.053096870427194;3.2765199638663054
83.9375;76.2857;5.053096870427194;3.2765199638663054
84.0;75.8571;5.053096870427194;3.2765199638663054
84.0;76.7714;5.053096870427194;3.2765199638663054
83.5625;76.1429;5.053096870427194;3.2765199638663054
83.0625;77.5143;5.053096870427194;3.2765199638663054
82.8125;75.0286;5.053096870427194;3.2765199638663054
82.4375;76.0857;5.053096870427194;3.2765199638663054
81.75;75.4571;5.053096870427194;3.2765199638663054
81.125;75.6286;5.053096870427194;3.2765199638663054
81.375;75.8;5.053096870427194;3.2765199638663054
82.0;75.8;5.053096870427194;3.2765199638663054
82.75;75.0;5.053096870427194;3.2765199638663054
82.75;75.3429;5.053096870427194;3.2765199638663054
82.3125;75.1143;5.053096870427194;3.2765199638663054
82.0;75.4571;5.053096870427194;3.2765199638663054
80.5625;75.0;5.053096870427194;3.2765199638663054
78.375;75.2;5.053096870427194;3.2765199638663054
76.8125;74.6571;5.053096870427194;3.2765199638663054
76.0625;73.4286;5.053096870427194;3.2765199638663054
75.875;72.1714;5.053096870427194;3.2765199638663054
75.9375;72.8;5.053096870427194;3.2765199638663054
76.6875;73.4;5.053096870427194;3.2765199638663054
78.3125;73.5143;5.053096870427194;3.2765199638663054
79.5;72.8;5.053096870427194;3.2765199638663054
79.6875;73.4;5.053096870427194;3.2765199638663054
79.4375;72.4857;5.053096870427194;3.2765199638663054
79.0;72.8857;5.053096870427194;3.2765199638663054
78.8125;72.1143;5.053096870427194;3.2765199638663054
78.75;72.3714;5.053096870427194;3.2765199638663054
78.5625;71.4571;5.053096870427194;3.2765199638663054
78.5;71.0286;5.053096870427194;3.2765199638663054
78.125;71.0571;5.053096870427194;3.2765199638663054
77.5625;69.3714;5.053096870427194;3.2765199638663054
77.375;71.6286;5.053096870427194;3.2765199638663054
77.0;71.0286;5.053096870427194;3.2765199638663054
76.375;70.4;5.053096870427194;3.2765199638663054
76.4375;68.7429;5.053096870427194;3.2765199638663054
76.5;68.7714;5.053096870427194;3.2765199638663054
76.0625;68.2571;5.053096870427194;3.2765199638663054
75.8125;67.7143;5.053096870427194;3.2765199638663054
75.625;67.5714;5.053096870427194;3.2765199638663054
75.1875;69.0571;5.053096870427194;3.2765199638663054
74.625;69.0286;5.053096870427194;3.2765199638663054
73.5625;69.3143;5.053096870427194;3.2765199638663054
73.25;69.2571;5.053096870427194;3.2765199638663054
74.0;69.0;5.053096870427194;3.2765199638663054
74.625;69.0286;5.053096870427194;3.2765199638663054
75.0625;68.7714;5.053096870427194;3.2765199638663054
75.625;68.3429;5.053096870427194;3.2765199638663054
76.0625;68.2286;5.053096870427194;3.2765199638663054
76.1875;67.1714;5.053096870427194;3.2765199638663054
76.25;67.0857;5.053096870427194;3.2765199638663054
76.25;68.2286;5.053096870427194;3.2765199638663054
76.0625;66.9714;5.053096870427194;3.2765199638663054
75.75;67.6571;5.053096870427194;3.2765199638663054
75.375;66.6857;5.053096870427194;3.2765199638663054
74.6875;66.3714;5.053096870427194;3.2765199638663054
73.5;66.5714;5.053096870427194;3.2765199638663054
72.4375;67.3429;5.053096870427194;3.2765199638663054
71.625;67.1143;5.053096870427194;3.2765199638663054
71.25;66.6286;5.053096870427194;3.2765199638663054
71.4375;66.9143;5.053096870427194;3.2765199638663054
71.8125;65.9143;5.053096870427194;3.2765199638663054
72.0;65.8286;5.053096870427194;3.2765199638663054
71.8125;65.2857;5.053096870427194;3.2765199638663054
71.1875;65.4571;5.053096870427194;3.2765199638663054
70.625;63.9143;5.053096870427194;3.2765199638663054
70.6875;63.6857;5.053096870427194;3.2765199638663054
70.625;64.1714;5.053096870427194;3.2765199638663054
70.0625;64.9143;5.053096870427194;3.2765199638663054
69.4375;64.9714;5.053096870427194;3.2765199638663054
69.5;65.2286;5.053096870427194;3.2765199638663054
70.0;65.6;5.053096870427194;3.2765199638663054
70.1875;65.7429;5.053096870427194;3.2765199638663054
70.0625;65.3143;5.053096870427194;3.2765199638663054
69.75;64.2286;5.053096870427194;3.2765199638663054
69.5;63.9143;5.053096870427194;3.2765199638663054
69.5;63.3429;5.053096870427194;3.2765199638663054
69.1875;63.2857;5.053096870427194;3.2765199638663054
68.375;63.3429;5.053096870427194;3.2765199638663054
67.5625;63.2571;5.053096870427194;3.2765199638663054
67.0625;63.0286;5.053096870427194;3.2765199638663054
66.875;62.8571;5.053096870427194;3.2765199638663054
66.8125;62.2286;5.053096870427194;3.2765199638663054
66.875;61.2857;5.053096870427194;3.2765199638663054
67.125;62.1714;5.053096870427194;3.2765199638663054
67.625;61.3143;5.053096870427194;3.2765199638663054
67.125;61.8857;5.053096870427194;3.2765199638663054
66.0;61.0857;5.053096870427194;3.2765199638663054
65.375;60.0857;5.053096870427194;3.2765199638663054
64.875;60.2571;5.053096870427194;3.2765199638663054
64.625;61.6286;5.053096870427194;3.2765199638663054
64.625;62.6857;5.053096870427194;3.2765199638663054
64.375;62.0857;5.053096870427194;3.2765199638663054
64.8125;61.9143;5.053096870427194;3.2765199638663054
65.6875;61.4;5.053096870427194;3.2765199638663054
65.9375;60.0286;5.053096870427194;3.2765199638663054
65.8125;59.8571;5.053096870427194;3.2765199638663054
65.375;60.1714;5.053096870427194;3.2765199638663054
64.625;60.5714;5.053096870427194;3.2765199638663054
64.1875;60.8286;5.053096870427194;3.2765199638663054
63.875;59.7714;5.053096870427194;3.2765199638663054
63.6875;59.2286;5.053096870427194;3.2765199638663054
63.75;58.7143;5.053096870427194;3.2765199638663054
63.6875;59.0857;5.053096870427194;3.2765199638663054
63.25;59.0857;5.053096870427194;3.2765199638663054
62.5625;58.7714;5.053096870427194;3.2765199638663054
62.3125;59.6286;5.053096870427194;3.2765199638663054
62.875;59.2;5.053096870427194;3.2765199638663054
63.25;58.5714;5.053096870427194;3.2765199638663054
63.3125;58.6571;5.053096870427194;3.2765199638663054
63.625;57.6857;5.053096870427194;3.2765199638663054
64.0;57.6571;5.053096870427194;3.2765199638663054
64.3125;58.0857;5.053096870427194;3.2765199638663054
64.4375;57.8571;5.053096870427194;3.2765199638663054
64.5;57.1714;5.053096870427194;3.2765199638663054
64.4375;56.7143;5.053096870427194;3.2765199638663054
63.9375;55.6;5.053096870427194;3.2765199638663054
62.6875;55.6571;5.053096870427194;3.2765199638663054
61.375;56.8286;5.053096870427194;3.2765199638663054
60.3125;57.7429;5.053096870427194;3.2765199638663054
59.75;56.6857;5.053096870427194;3.2765199638663054
59.8125;56.6;5.053096870427194;3.2765199638663054
60.125;56.1714;5.053096870427194;3.2765199638663054
60.125;56.5143;5.053096870427194;3.2765199638663054
59.875;55.7143;5.053096870427194;3.2765199638663054
59.5625;56.1714;5.053096870427194;3.2765199638663054
59.375;56.3714;5.053096870427194;3.2765199638663054
59.25;56.1143;5.053096870427194;3.2765199638663054
59.125;55.4286;5.053096870427194;3.2765199638663054
59.3125;55.8286;5.053096870427194;3.2765199638663054
59.4375;55.7429;5.053096870427194;3.2765199638663054
59.25;55.3714;5.053096870427194;3.2765199638663054
58.9375;55.0286;5.053096870427194;3.2765199638663054
58.5625;55.3429;5.053096870427194;3.2765199638663054
58.1875;55.2286;5.053096870427194;3.2765199638663054
58.0625;54.8;5.053096870427194;3.2765199638663054
58.0;55.0571;5.053096870427194;3.2765199638663054
58.125;55.2571;5.053096870427194;3.2765199638663054
58.1875;55.4286;5.053096870427194;3.2765199638663054
58.0625;55.0286;5.053096870427194;3.2765199638663054
58.25;54.4857;5.053096870427194;3.2765199638663054
58.25;54.0286;5.053096870427194;3.2765199638663054
57.9375;53.9143;5.053096870427194;3.2765199638663054
57.75;53.9143;5.053096870427194;3.2765199638663054
57.75;54.0571;5.053096870427194;3.2765199638663054
57.75;53.2571;5.053096870427194;3.2765199638663054
57.75;54.0571;5.053096870427194;3.2765199638663054
57.75;53.6286;5.053096870427194;3.2765199638663054
57.8125;53.2571;5.053096870427194;3.2765199638663054
57.6875;53.6286;5.053096870427194;3.2765199638663054
57.4375;53.2571;5.053096870427194;3.2765199638663054
57.0625;52.9429;5.053096870427194;3.2765199638663054
56.6875;52.6571;5.053096870427194;3.2765199638663054
56.3125;53.2286;5.053096870427194;3.2765199638663054
55.875;53.0571;5.053096870427194;3.2765199638663054
55.5;53.1143;5.053096870427194;3.2765199638663054
55.5625;52.9143;5.053096870427194;3.2765199638663054
55.75;51.8857;5.053096870427194;3.2765199638663054
55.8125;52.2571;5.053096870427194;3.2765199638663054
55.75;51.9429;5.053096870427194;3.2765199638663054
55.5;52.0;5.053096870427194;3.2765199638663054
55.125;51.6;5.053096870427194;3.2765199638663054
54.9375;51.5429;5.053096870427194;3.2765199638663054
54.75;50.9714;5.053096870427194;3.2765199638663054
54.5;50.4571;5.053096870427194;3.2765199638663054
54.125;50.7429;5.053096870427194;3.2765199638663054
53.75;50.2;5.053096870427194;3.2765199638663054
53.375;50.0857;5.053096870427194;3.2765199638663054
53.125;49.4857;5.053096870427194;3.2765199638663054
53.1875;50.2571;5.053096870427194;3.2765199638663054
53.4375;49.6857;5.053096870427194;3.2765199638663054
53.5625;50.2571;5.053096870427194;3.2765199638663054
53.3125;50.3429;5.053096870427194;3.2765199638663054
53.1875;50.3429;5.053096870427194;3.2765199638663054
52.875;50.3714;5.053096870427194;3.2765199638663054
52.375;50.4857;5.053096870427194;3.2765199638663054
51.9375;50.5429;5.053096870427194;3.2765199638663054
51.75;50.6571;5.053096870427194;3.2765199638663054
51.6875;50.2;5.053096870427194;3.2765199638663054
51.6875;50.4;5.053096870427194;3.2765199638663054
52.0;50.1143;5.053096870427194;3.2765199638663054
52.5625;48.9714;5.053096870427194;3.2765199638663054
53.125;48.7143;5.053096870427194;3.2765199638663054
53.125;48.6571;5.053096870427194;3.2765199638663054
52.625;48.9429;5.053096870427194;3.2765199638663054
52.0;47.4857;5.053096870427194;3.2765199638663054
51.5625;48.2;5.053096870427194;3.2765199638663054
51.375;49.0286;5.053096870427194;3.2765199638663054
51.1875;48.0286;5.053096870427194;3.2765199638663054
51.3125;48.7714;5.053096870427194;3.2765199638663054
51.5625;48.6571;5.053096870427194;3.2765199638663054
51.4375;48.3143;5.053096870427194;3.2765199638663054
51.3125;48.0286;5.053096870427194;3.2765199638663054
51.5625;48.3714;5.053096870427194;3.2765199638663054
51.5;48.2571;5.053096870427194;3.2765199638663054
51.1875;47.9143;5.053096870427194;3.2765199638663054
51.0625;48.2;5.053096870427194;3.2765199638663054
51.1875;47.4286;5.053096870427194;3.2765199638663054
51.125;47.4857;5.053096870427194;3.2765199638663054
51.0;48.1143;5.053096870427194;3.2765199638663054
50.875;47.8857;5.053096870427194;3.2765199638663054
50.75;47.4286;5.053096870427194;3.2765199638663054
50.625;46.6571;5.053096870427194;3.2765199638663054
50.75;46.5714;5.053096870427194;3.2765199638663054
50.5625;45.8286;5.053096870427194;3.2765199638663054
49.75;46.3429;5.053096870427194;3.2765199638663054
48.8125;46.1143;5.053096870427194;3.2765199638663054
48.1875;45.8;5.053096870427194;3.2765199638663054
47.9375;45.5143;5.053096870427194;3.2765199638663054
47.875;45.6857;5.053096870427194;3.2765199638663054
47.9375;46.2857;5.053096870427194;3.2765199638663054
48.0;46.1143;5.053096870427194;3.2765199638663054
48.3125;45.7714;5.053096870427194;3.2765199638663054
49.0;46.0286;5.053096870427194;3.2765199638663054
49.4375;46.3429;5.053096870427194;3.2765199638663054
49.5625;45.6286;5.053096870427194;3.2765199638663054
49.4375;45.3429;5.053096870427194;3.2765199638663054
49.125;45.1429;5.053096870427194;3.2765199638663054
48.6875;45.7143;5.053096870427194;3.2765199638663054
48.25;45.4857;5.053096870427194;3.2765199638663054
48.1875;45.4857;5.053096870427194;3.2765199638663054
48.25;45.6286;5.053096870427194;3.2765199638663054
48.4375;45.0286;5.053096870427194;3.2765199638663054
48.5;44.5143;5.053096870427194;3.2765199638663054
48.3125;44.4286;5.053096870427194;3.2765199638663054
48.0;44.6857;5.053096870427194;3.2765199638663054
47.5625;44.4286;5.053096870427194;3.2765199638663054
47.25;43.9714;5.053096870427194;3.2765199638663054
47.0625;43.4857;5.053096870427194;3.2765199638663054
46.875;43.2857;5.053096870427194;3.2765199638663054
46.8125;43.4571;5.053096870427194;3.2765199638663054
46.75;44.2;5.053096870427194;3.2765199638663054
46.4375;43.7714;5.053096870427194;3.2765199638663054
46.1875;43.8286;5.053096870427194;3.2765199638663054
46.1875;43.7714;5.053096870427194;3.2765199638663054
46.4375;43.8;5.053096870427194;3.2765199638663054
46.4375;43.7143;5.053096870427194;3.2765199638663054
46.4375;43.6286;5.053096870427194;3.2765199638663054
46.6875;42.9714;5.053096870427194;3.2765199638663054
46.9375;43.0571;5.053096870427194;3.2765199638663054
47.0625;42.9143;5.053096870427194;3.2765199638663054
47.125;42.9714;5.053096870427194;3.2765199638663054
47.125;42.9714;5.053096870427194;3.2765199638663054
47.125;42.7429;5.053096870427194;3.2765199638663054
46.875;42.4571;5.053096870427194;3.2765199638663054
46.3125;42.6286;5.053096870427194;3.2765199638663054
45.875;43.0;5.053096870427194;3.2765199638663054
45.625;42.6571;5.053096870427194;3.2765199638663054
45.4375;42.1429;5.053096870427194;3.2765199638663054
45.3125;42.2286;5.053096870427194;3.2765199638663054
45.3125;42.4286;5.053096870427194;3.2765199638663054
45.3125;42.6571;5.053096870427194;3.2765199638663054
45.1875;42.3429;5.053096870427194;3.2765199638663054
45.125;41.7714;5.053096870427194;3.2765199638663054
45.125;41.6;5.053096870427194;3.2765199638663054
45.125;41.3429;5.053096870427194;3.2765199638663054
44.875;41.5714;5.053096870427194;3.2765199638663054
44.375;40.9143;5.053096870427194;3.2765199638663054
44.125;40.9714;5.053096870427194;3.2765199638663054
44.125;40.8;5.053096870427194;3.2765199638663054
44.125;40.8857;5.053096870427194;3.2765199638663054
44.0625;41.1143;5.053096870427194;3.2765199638663054
44.0;40.8571;5.053096870427194;3.2765199638663054
43.75;40.5143;5.053096870427194;3.2765199638663054
43.3125;40.3714;5.053096870427194;3.2765199638663054
42.8125;40.2;5.053096870427194;3.2765199638663054
42.4375;40.2571;5.053096870427194;3.2765199638663054
42.25;40.4857;5.053096870427194;3.2765199638663054
42.25;40.2857;5.053096870427194;3.2765199638663054
42.4375;40.4286;5.053096870427194;3.2765199638663054
42.3125;39.8286;5.053096870427194;3.2765199638663054
42.0;39.8;5.053096870427194;3.2765199638663054
41.8125;39.8;5.053096870427194;3.2765199638663054
41.625;39.7143;5.053096870427194;3.2765199638663054
41.625;39.2;5.053096870427194;3.2765199638663054
41.625;38.7429;5.053096870427194;3.2765199638663054
41.6875;38.8286;5.053096870427194;3.2765199638663054
41.6875;38.9429;5.053096870427194;3.2765199638663054
41.1875;38.8;5.053096870427194;3.2765199638663054
40.875;38.8;5.053096870427194;3.2765199638663054
41.0625;38.5429;5.053096870427194;3.2765199638663054
41.0;38.5429;5.053096870427194;3.2765199638663054
40.5625;39.0;5.053096870427194;3.2765199638663054
40.25;39.1429;5.053096870427194;3.2765199638663054
40.4375;38.9714;5.053096870427194;3.2765199638663054
40.6875;38.5429;5.053096870427194;3.2765199638663054
40.75;38.2286;5.053096870427194;3.2765199638663054
40.625;38.1429;5.053096870427194;3.2765199638663054
40.375;37.9143;5.053096870427194;3.2765199638663054
40.1875;38.1143;5.053096870427194;3.2765199638663054
40.125;37.8286;5.053096870427194;3.2765199638663054
40.0625;37.5429;5.053096870427194;3.2765199638663054
39.625;37.4286;5.053096870427194;3.2765199638663054
39.3125;37.1143;5.053096870427194;3.2765199638663054
39.1875;37.1143;5.053096870427194;3.2765199638663054
39.125;36.5714;5.053096870427194;3.2765199638663054
38.9375;36.5429;5.053096870427194;3.2765199638663054
38.8125;36.0;5.053096870427194;3.2765199638663054
38.5625;36.6286;5.053096870427194;3.2765199638663054
38.3125;36.4571;5.053096870427194;3.2765199638663054
38.125;36.8857;5.053096870427194;3.2765199638663054
38.0625;36.6286;5.053096870427194;3.2765199638663054
38.5;36.6286;5.053096870427194;3.2765199638663054
39.3125;37.1714;5.053096870427194;3.2765199638663054
39.9375;36.7429;5.053096870427194;3.2765199638663054
40.25;36.7143;5.053096870427194;3.2765199638663054
40.375;36.2857;5.053096870427194;3.2765199638663054
40.3125;36.0;5.053096870427194;3.2765199638663054
39.9375;35.9429;5.053096870427194;3.2765199638663054
39.0;35.7714;5.053096870427194;3.2765199638663054
38.1875;35.3143;5.053096870427194;3.2765199638663054
37.6875;35.3143;5.053096870427194;3.2765199638663054
37.4375;35.4286;5.053096870427194;3.2765199638663054
37.3125;35.5714;5.053096870427194;3.2765199638663054
37.0625;35.6857;5.053096870427194;3.2765199638663054
37.1875;35.5143;5.053096870427194;3.2765199638663054
37.375;35.4286;5.053096870427194;3.2765199638663054
37.4375;35.2286;5.053096870427194;3.2765199638663054
37.5625;34.9714;5.053096870427194;3.2765199638663054
37.5;34.7143;5.053096870427194;3.2765199638663054
37.25;34.4857;5.053096870427194;3.2765199638663054
36.9375;34.5429;5.053096870427194;3.2765199638663054
36.6875;34.5143;5.053096870427194;3.2765199638663054
36.625;34.1429;5.053096870427194;3.2765199638663054
36.6875;33.9429;5.053096870427194;3.2765199638663054
36.6875;34.2;5.053096870427194;3.2765199638663054
36.5625;34.2;5.053096870427194;3.2765199638663054
36.4375;34.4571;5.053096870427194;3.2765199638663054
36.25;34.3143;5.053096870427194;3.2765199638663054
36.0625;34.2571;5.053096870427194;3.2765199638663054
35.9375;33.8857;5.053096870427194;3.2765199638663054
35.9375;33.6857;5.053096870427194;3.2765199638663054
36.0;33.9714;5.053096870427194;3.2765199638663054
36.0;34.0286;5.053096870427194;3.2765199638663054
36.0;33.7714;5.053096870427194;3.2765199638663054
36.0;33.6857;5.053096870427194;3.2765199638663054
36.0;33.4286;5.053096870427194;3.2765199638663054
35.9375;33.1143;5.053096870427194;3.2765199638663054
35.9375;33.2571;5.053096870427194;3.2765199638663054
35.9375;33.1714;5.053096870427194;3.2765199638663054
35.9375;33.2286;5.053096870427194;3.2765199638663054
35.75;32.9714;5.053096870427194;3.2765199638663054
35.5625;33.2;5.053096870427194;3.2765199638663054
35.375;33.0;5.053096870427194;3.2765199638663054
35.1875;33.0;5.053096870427194;3.2765199638663054
35.1875;32.8857;5.053096870427194;3.2765199638663054
35.1875;32.8;5.053096870427194;3.2765199638663054
35.0;32.6857;5.053096870427194;3.2765199638663054
34.75;32.7714;5.053096870427194;3.2765199638663054
34.625;32.9714;5.053096870427194;3.2765199638663054
34.5;32.6286;5.053096870427194;3.2765199638663054
34.3125;32.6;5.053096870427194;3.2765199638663054
34.25;32.5429;5.053096870427194;3.2765199638663054
34.3125;32.6571;5.053096870427194;3.2765199638663054
34.4375;32.5429;5.053096870427194;3.2765199638663054
34.375;32.1429;5.053096870427194;3.2765199638663054
34.1875;31.7429;5.053096870427194;3.2765199638663054
34.0625;31.6;5.053096870427194;3.2765199638663054
34.0625;31.5714;5.053096870427194;3.2765199638663054
34.0;31.2571;5.053096870427194;3.2765199638663054
33.8125;31.1143;5.053096870427194;3.2765199638663054
33.5625;30.8571;5.053096870427194;3.2765199638663054
33.25;30.4571;5.053096870427194;3.2765199638663054
32.875;30.6857;5.053096870427194;3.2765199638663054
32.625;30.8571;5.053096870427194;3.2765199638663054
32.4375;30.8857;5.053096870427194;3.2765199638663054
32.375;31.0;5.053096870427194;3.2765199638663054
32.25;30.8857;5.053096870427194;3.2765199638663054
32.1875;30.9714;5.053096870427194;3.2765199638663054
32.1875;30.8;5.053096870427194;3.2765199638663054
32.1875;30.6286;5.053096870427194;3.2765199638663054
32.1875;30.7714;5.053096870427194;3.2765199638663054
32.25;30.5714;5.053096870427194;3.2765199638663054
32.25;30.4571;5.053096870427194;3.2765199638663054
32.25;30.2571;5.053096870427194;3.2765199638663054
32.3125;30.2286;5.053096870427194;3.2765199638663054
32.3125;30.2857;5.053096870427194;3.2765199638663054
32.0625;30.3714;5.053096870427194;3.2765199638663054
31.8125;30.2286;5.053096870427194;3.2765199638663054
31.75;29.8857;5.053096870427194;3.2765199638663054
31.75;29.5429;5.053096870427194;3.2765199638663054
31.6875;29.6286;5.053096870427194;3.2765199638663054
31.625;29.2286;5.053096870427194;3.2765199638663054
31.5;29.3143;5.053096870427194;3.2765199638663054
31.3125;29.3143;5.053096870427194;3.2765199638663054
31.0;29.1429;5.053096870427194;3.2765199638663054
30.75;28.9429;5.053096870427194;3.2765199638663054
30.6875;28.8857;5.053096870427194;3.2765199638663054
30.5625;28.7714;5.053096870427194;3.2765199638663054
30.4375;28.7714;5.053096870427194;3.2765199638663054
30.5625;28.9429;5.053096870427194;3.2765199638663054
30.75;28.9714;5.053096870427194;3.2765199638663054
30.5625;28.5429;5.053096870427194;3.2765199638663054
30.375;28.7143;5.053096870427194;3.2765199638663054
30.375;28.0286;5.053096870427194;3.2765199638663054
30.3125;28.1429;5.053096870427194;3.2765199638663054
30.125;28.2857;5.053096870427194;3.2765199638663054
29.875;28.3429;5.053096870427194;3.2765199638663054
29.4375;28.1714;5.053096870427194;3.2765199638663054
28.8125;28.2571;5.053096870427194;3.2765199638663054
28.375;27.8857;5.053096870427194;3.2765199638663054
28.25;27.5714;5.053096870427194;3.2765199638663054
28.1875;27.6286;5.053096870427194;3.2765199638663054
28.1875;27.9714;5.053096870427194;3.2765199638663054
28.5;27.8571;5.053096870427194;3.2765199638663054
29.0625;27.7429;5.053096870427194;3.2765199638663054
29.5;27.9143;5.053096870427194;3.2765199638663054
29.625;27.5143;5.053096870427194;3.2765199638663054
29.5625;27.2;5.053096870427194;3.2765199638663054
29.5;27.2286;5.053096870427194;3.2765199638663054
29.375;27.1429;5.053096870427194;3.2765199638663054
29.125;27.1143;5.053096870427194;3.2765199638663054
28.875;26.9429;5.053096870427194;3.2765199638663054
28.6875;27.0;5.053096870427194;3.2765199638663054
28.5625;26.8;5.053096870427194;3.2765199638663054
28.5;26.9143;5.053096870427194;3.2765199638663054
28.4375;26.6857;5.053096870427194;3.2765199638663054
28.375;26.7714;5.053096870427194;3.2765199638663054
28.3125;26.7429;5.053096870427194;3.2765199638663054
28.3125;26.5143;5.053096870427194;3.2765199638663054
28.125;26.4857;5.053096870427194;3.2765199638663054
28.0625;26.6571;5.053096870427194;3.2765199638663054
28.0625;26.3143;5.053096870427194;3.2765199638663054
28.125;26.3714;5.053096870427194;3.2765199638663054
28.125;26.0;5.053096870427194;3.2765199638663054
28.0625;25.9143;5.053096870427194;3.2765199638663054
27.875;25.8286;5.053096870427194;3.2765199638663054
27.625;25.7429;5.053096870427194;3.2765199638663054
27.4375;25.6286;5.053096870427194;3.2765199638663054
27.3125;25.5714;5.053096870427194;3.2765199638663054
27.25;25.4857;5.053096870427194;3.2765199638663054
27.25;25.3714;5.053096870427194;3.2765199638663054
27.25;25.4286;5.053096870427194;3.2765199638663054
27.25;25.4571;5.053096870427194;3.2765199638663054
27.25;25.2286;5.053096870427194;3.2765199638663054
27.3125;25.2;5.053096870427194;3.2765199638663054
27.25;25.0857;5.053096870427194;3.2765199638663054
27.125;25.0286;5.053096870427194;3.2765199638663054
26.875;24.9429;5.053096870427194;3.2765199638663054
26.5625;24.6;5.053096870427194;3.2765199638663054
26.25;24.5143;5.053096870427194;3.2765199638663054
26.125;24.4857;5.053096870427194;3.2765199638663054
26.125;24.3714;5.053096870427194;3.2765199638663054
25.9375;24.3429;5.053096870427194;3.2765199638663054
25.75;24.5429;5.053096870427194;3.2765199638663054
25.625;24.5714;5.053096870427194;3.2765199638663054
25.625;24.4286;5.053096870427194;3.2765199638663054
25.625;24.1714;5.053096870427194;3.2765199638663054
25.625;23.8857;5.053096870427194;3.2765199638663054
25.625;24.0857;5.053096870427194;3.2765199638663054
25.5;24.0857;5.053096870427194;3.2765199638663054
25.4375;24.0857;5.053096870427194;3.2765199638663054
25.4375;24.1429;5.053096870427194;3.2765199638663054
25.4375;24.0571;5.053096870427194;3.2765199638663054
25.3125;23.9143;5.053096870427194;3.2765199638663054
25.25;23.7429;5.053096870427194;3.2765199638663054
25.25;23.6857;5.053096870427194;3.2765199638663054
25.1875;23.4;5.053096870427194;3.2765199638663054
25.125;23.3429;5.053096870427194;3.2765199638663054
24.9375;23.4571;5.053096870427194;3.2765199638663054
24.75;23.6;5.053096870427194;3.2765199638663054
24.6875;23.6286;5.053096870427194;3.2765199638663054
24.75;23.4571;5.053096870427194;3.2765199638663054
24.9375;23.2571;5.053096870427194;3.2765199638663054
25.0;23.1714;5.053096870427194;3.2765199638663054
25.0625;23.0571;5.053096870427194;3.2765199638663054
25.0625;23.0857;5.053096870427194;3.2765199638663054
25.0625;23.2286;5.053096870427194;3.2765199638663054
25.0;23.2286;5.053096870427194;3.2765199638663054
24.875;23.0;5.053096870427194;3.2765199638663054
24.75;22.8286;5.053096870427194;3.2765199638663054
24.5625;22.8;5.053096870427194;3.2765199638663054
24.3125;22.5429;5.053096870427194;3.2765199638663054
24.0625;22.4857;5.053096870427194;3.2765199638663054
23.875;22.5429;5.053096870427194;3.2765199638663054
23.75;22.2286;5.053096870427194;3.2765199638663054
23.625;22.0857;5.053096870427194;3.2765199638663054
23.5;22.2571;5.053096870427194;3.2765199638663054
23.375;22.1429;5.053096870427194;3.2765199638663054
23.3125;22.3143;5.053096870427194;3.2765199638663054
23.3125;22.0286;5.053096870427194;3.2765199638663054
23.3125;22.0571;5.053096870427194;3.2765199638663054
23.1875;22.2286;5.053096870427194;3.2765199638663054
23.0625;22.0571;5.053096870427194;3.2765199638663054
23.0625;22.2857;5.053096870427194;3.2765199638663054
23.0625;22.3143;5.053096870427194;3.2765199638663054
23.25;22.0571;5.053096870427194;3.2765199638663054
23.375;21.8;5.053096870427194;3.2765199638663054
23.3125;21.6571;5.053096870427194;3.2765199638663054
23.1875;21.6;5.053096870427194;3.2765199638663054
22.8125;21.7143;5.053096870427194;3.2765199638663054
22.625;21.7714;5.053096870427194;3.2765199638663054
22.5625;21.5714;5.053096870427194;3.2765199638663054
22.5625;21.6;5.053096870427194;3.2765199638663054
22.625;21.4857;5.053096870427194;3.2765199638663054
22.6875;21.3714;5.053096870427194;3.2765199638663054
22.75;21.2286;5.053096870427194;3.2765199638663054
22.8125;21.2857;5.053096870427194;3.2765199638663054
22.8125;21.1143;5.053096870427194;3.2765199638663054
22.8125;20.8;5.053096870427194;3.2765199638663054
22.8125;20.7714;5.053096870427194;3.2765199638663054
22.75;20.5714;5.053096870427194;3.2765199638663054
22.5;20.5714;5.053096870427194;3.2765199638663054
22.125;20.6571;5.053096870427194;3.2765199638663054
21.8125;20.5143;5.053096870427194;3.2765199638663054
21.625;20.5429;5.053096870427194;3.2765199638663054
21.4375;20.4571;5.053096870427194;3.2765199638663054
21.4375;20.2286;5.053096870427194;3.2765199638663054
21.375;20.2286;5.053096870427194;3.2765199638663054
21.25;20.1429;5.053096870427194;3.2765199638663054
21.1875;20.1429;5.053096870427194;3.2765199638663054
21.125;20.0286;5.053096870427194;3.2765199638663054
21.0625;19.8571;5.053096870427194;3.2765199638663054
21.0;19.7143;5.053096870427194;3.2765199638663054
20.9375;19.8;5.053096870427194;3.2765199638663054
20.8125;19.6571;5.053096870427194;3.2765199638663054
20.75;19.6;5.053096870427194;3.2765199638663054
20.8125;19.4857;5.053096870427194;3.2765199638663054
20.75;19.6571;5.053096870427194;3.2765199638663054
20.75;19.8286;5.053096870427194;3.2765199638663054
20.6875;19.6857;5.053096870427194;3.2765199638663054
20.6875;19.5429;5.053096870427194;3.2765199638663054
20.75;19.5714;5.053096870427194;3.2765199638663054
20.8125;19.4;5.053096870427194;3.2765199638663054
20.75;19.1143;5.053096870427194;3.2765199638663054
20.6875;18.9714;5.053096870427194;3.2765199638663054
20.5;18.8571;5.053096870427194;3.2765199638663054
20.25;19.0857;5.053096870427194;3.2765199638663054
20.0625;18.9143;5.053096870427194;3.2765199638663054
20.0;18.9714;5.053096870427194;3.2765199638663054
20.0;18.9429;5.053096870427194;3.2765199638663054
20.0;18.8857;5.053096870427194;3.2765199638663054
20.0625;18.7714;5.053096870427194;3.2765199638663054
20.0625;18.6286;5.053096870427194;3.2765199638663054
20.0;18.8;5.053096870427194;3.2765199638663054
19.9375;18.5714;5.053096870427194;3.2765199638663054
19.8125;18.3429;5.053096870427194;3.2765199638663054
19.625;18.2286;5.053096870427194;3.2765199638663054
19.5;18.0571;5.053096870427194;3.2765199638663054
19.4375;18.2286;5.053096870427194;3.2765199638663054
19.3125;18.1714;5.053096870427194;3.2765199638663054
19.25;18.0857;5.053096870427194;3.2765199638663054
19.125;18.1143;5.053096870427194;3.2765199638663054
19.125;17.9143;5.053096870427194;3.2765199638663054
19.125;17.9714;5.053096870427194;3.2765199638663054
19.125;17.8;5.053096870427194;3.2765199638663054
19.125;17.6571;5.053096870427194;3.2765199638663054
19.0;17.8;5.053096870427194;3.2765199638663054
18.8125;17.5714;5.053096870427194;3.2765199638663054
18.6875;17.5714;5.053096870427194;3.2765199638663054
18.5;17.4571;5.053096870427194;3.2765199638663054
18.25;17.4;5.053096870427194;3.2765199638663054
18.1875;17.3429;5.053096870427194;3.2765199638663054
18.25;17.4286;5.053096870427194;3.2765199638663054
18.25;17.3714;5.053096870427194;3.2765199638663054
18.25;17.2;5.053096870427194;3.2765199638663054
18.25;17.2;5.053096870427194;3.2765199638663054
18.25;17.0286;5.053096870427194;3.2765199638663054
18.1875;16.9714;5.053096870427194;3.2765199638663054
18.125;16.8857;5.053096870427194;3.2765199638663054
18.0625;16.8286;5.053096870427194;3.2765199638663054
18.0;16.7714;5.053096870427194;3.2765199638663054
18.0;16.7714;5.053096870427194;3.2765199638663054
18.0;16.6571;5.053096870427194;3.2765199638663054
18.0;16.5714;5.053096870427194;3.2765199638663054
18.0;16.5429;5.053096870427194;3.2765199638663054
17.875;16.5429;5.053096870427194;3.2765199638663054
17.625;16.4571;5.053096870427194;3.2765199638663054
17.5;16.4;5.053096870427194;3.2765199638663054
17.375;16.2857;5.053096870427194;3.2765199638663054
17.25;16.2286;5.053096870427194;3.2765199638663054
17.1875;16.2571;5.053096870427194;3.2765199638663054
17.125;16.2286;5.053096870427194;3.2765199638663054
17.0;16.0857;5.053096870427194;3.2765199638663054
16.9375;16.0;5.053096870427194;3.2765199638663054
17.0;15.9714;5.053096870427194;3.2765199638663054
17.0;16.0857;5.053096870427194;3.2765199638663054
16.875;15.8857;5.053096870427194;3.2765199638663054
16.8125;15.8571;5.053096870427194;3.2765199638663054
16.875;15.7429;5.053096870427194;3.2765199638663054
16.875;15.6857;5.053096870427194;3.2765199638663054
16.75;15.6;5.053096870427194;3.2765199638663054
16.625;15.5714;5.053096870427194;3.2765199638663054
16.5;15.3714;5.053096870427194;3.2765199638663054
16.4375;15.3714;5.053096870427194;3.2765199638663054
16.4375;15.3143;5.053096870427194;3.2765199638663054
16.4375;15.1714;5.053096870427194;3.2765199638663054
16.375;15.1714;5.053096870427194;3.2765199638663054
16.375;15.0286;5.053096870427194;3.2765199638663054
16.25;15.0857;5.053096870427194;3.2765199638663054
16.125;14.9429;5.053096870427194;3.2765199638663054
16.0625;14.9143;5.053096870427194;3.2765199638663054
16.0625;14.8857;5.053096870427194;3.2765199638663054
16.0625;14.8;5.053096870427194;3.2765199638663054
16.0625;14.7714;5.053096870427194;3.2765199638663054
16.0625;14.8;5.053096870427194;3.2765199638663054
16.125;14.7429;5.053096870427194;3.2765199638663054
16.0625;14.6857;5.053096870427194;3.2765199638663054
15.875;14.5143;5.053096870427194;3.2765199638663054
15.75;14.4;5.053096870427194;3.2765199638663054
15.625;14.3714;5.053096870427194;3.2765199638663054
15.5625;14.2571;5.053096870427194;3.2765199638663054
15.4375;14.1714;5.053096870427194;3.2765199638663054
15.375;14.0857;5.053096870427194;3.2765199638663054
15.375;14.0571;5.053096870427194;3.2765199638663054
15.375;14.0571;5.053096870427194;3.2765199638663054
15.25;13.9429;5.053096870427194;3.2765199638663054
15.1875;13.9143;5.053096870427194;3.2765199638663054
15.125;13.8571;5.053096870427194;3.2765199638663054
15.0625;13.8857;5.053096870427194;3.2765199638663054
15.0;13.8;5.053096870427194;3.2765199638663054
14.9375;13.6571;5.053096870427194;3.2765199638663054
14.9375;13.6286;5.053096870427194;3.2765199638663054
14.875;13.5429;5.053096870427194;3.2765199638663054
14.75;13.5429;5.053096870427194;3.2765199638663054
14.625;13.6286;5.053096870427194;3.2765199638663054
14.5;13.5429;5.053096870427194;3.2765199638663054
14.4375;13.5143;5.053096870427194;3.2765199638663054
14.4375;13.4571;5.053096870427194;3.2765199638663054
14.5;13.3429;5.053096870427194;3.2765199638663054
14.4375;13.3143;5.053096870427194;3.2765199638663054
14.375;13.2286;5.053096870427194;3.2765199638663054
14.4375;13.2286;5.053096870427194;3.2765199638663054
14.5625;13.1429;5.053096870427194;3.2765199638663054
14.625;13.0;5.053096870427194;3.2765199638663054
14.6875;13.0;5.053096870427194;3.2765199638663054
14.75;12.9143;5.053096870427194;3.2765199638663054
14.75;12.8857;5.053096870427194;3.2765199638663054
14.625;12.8;5.053096870427194;3.2765199638663054
14.375;12.7714;5.053096870427194;3.2765199638663054
14.0625;12.7143;5.053096870427194;3.2765199638663054
13.8125;12.7143;5.053096870427194;3.2765199638663054
13.6875;12.5714;5.053096870427194;3.2765199638663054
13.6875;12.5429;5.053096870427194;3.2765199638663054
13.6875;12.5143;5.053096870427194;3.2765199638663054
13.5625;12.4286;5.053096870427194;3.2765199638663054
13.5625;12.3714;5.053096870427194;3.2765199638663054
13.5;12.2857;5.053096870427194;3.2765199638663054
13.4375;12.2857;5.053096870427194;3.2765199638663054
13.3125;12.1714;5.053096870427194;3.2765199638663054
13.3125;12.1429;5.053096870427194;3.2765199638663054
13.3125;12.0857;5.053096870427194;3.2765199638663054
13.25;11.9714;5.053096870427194;3.2765199638663054
13.125;12.0;5.053096870427194;3.2765199638663054
13.0;11.9714;5.053096870427194;3.2765199638663054
12.875;11.8857;5.053096870427194;3.2765199638663054
12.8125;11.9429;5.053096870427194;3.2765199638663054
12.8125;11.8571;5.053096870427194;3.2765199638663054
12.8125;11.7714;5.053096870427194;3.2765199638663054
12.875;11.7143;5.053096870427194;3.2765199638663054
12.875;11.6286;5.053096870427194;3.2765199638663054
12.75;11.6;5.053096870427194;3.2765199638663054
12.625;11.5143;5.053096870427194;3.2765199638663054
12.625;11.3714;5.053096870427194;3.2765199638663054
12.625;11.3429;5.053096870427194;3.2765199638663054
12.6875;11.2571;5.053096870427194;3.2765199638663054
12.6875;11.2286;5.053096870427194;3.2765199638663054
12.6875;11.2286;5.053096870427194;3.2765199638663054
12.6875;11.1714;5.053096870427194;3.2765199638663054
12.6875;11.1143;5.053096870427194;3.2765199638663054
12.6875;11.0857;5.053096870427194;3.2765199638663054
12.625;11.1143;5.053096870427194;3.2765199638663054
12.4375;11.0571;5.053096870427194;3.2765199638663054
12.1875;11.0;5.053096870427194;3.2765199638663054
11.9375;10.9714;5.053096870427194;3.2765199638663054
11.75;10.9143;5.053096870427194;3.2765199638663054
11.6875;10.8286;5.053096870427194;3.2765199638663054
11.6875;10.7714;5.053096870427194;3.2765199638663054
11.6875;10.6857;5.053096870427194;3.2765199638663054
11.6875;10.6;5.053096870427194;3.2765199638663054
11.75;10.5143;5.053096870427194;3.2765199638663054
11.75;10.4571;5.053096870427194;3.2765199638663054
11.625;10.4286;5.053096870427194;3.2765199638663054
11.4375;10.3429;5.053096870427194;3.2765199638663054
11.3125;10.3714;5.053096870427194;3.2765199638663054
11.25;10.3429;5.053096870427194;3.2765199638663054
11.1875;10.3143;5.053096870427194;3.2765199638663054
11.1875;10.2;5.053096870427194;3.2765199638663054
11.1875;10.1429;5.053096870427194;3.2765199638663054
11.1875;10.0857;5.053096870427194;3.2765199638663054
11.1875;10.0;5.053096870427194;3.2765199638663054
11.125;9.9429;5.053096870427194;3.2765199638663054
11.125;9.9143;5.053096870427194;3.2765199638663054
11.0625;9.8571;5.053096870427194;3.2765199638663054
11.0;9.8857;5.053096870427194;3.2765199638663054
10.9375;9.8857;5.053096870427194;3.2765199638663054
10.9375;9.7429;5.053096870427194;3.2765199638663054
11.0;9.7143;5.053096870427194;3.2765199638663054
11.0;9.6571;5.053096870427194;3.2765199638663054
11.0625;9.6571;5.053096870427194;3.2765199638663054
11.0625;9.5143;5.053096870427194;3.2765199638663054
11.0625;9.4857;5.053096870427194;3.2765199638663054
11.0;9.4571;5.053096870427194;3.2765199638663054
10.8125;9.4286;5.053096870427194;3.2765199638663054
10.625;9.4;5.053096870427194;3.2765199638663054
10.5625;9.3429;5.053096870427194;3.2765199638663054
10.5625;9.3143;5.053096870427194;3.2765199638663054
10.5;9.3143;5.053096870427194;3.2765199638663054
10.5;9.2;5.053096870427194;3.2765199638663054
10.5;9.1714;5.053096870427194;3.2765199638663054
10.4375;9.0857;5.053096870427194;3.2765199638663054
10.375;9.0571;5.053096870427194;3.2765199638663054
10.3125;9.0571;5.053096870427194;3.2765199638663054
10.3125;9.0;5.053096870427194;3.2765199638663054
10.3125;8.9714;5.053096870427194;3.2765199638663054
10.25;8.8571;5.053096870427194;3.2765199638663054
10.125;8.8286;5.053096870427194;3.2765199638663054
10.0625;8.8286;5.053096870427194;3.2765199638663054
10.0;8.7714;5.053096870427194;3.2765199638663054
9.9375;8.7143;5.053096870427194;3.2765199638663054
10.0;8.6286;5.053096870427194;3.2765199638663054
10.0;8.6286;5.053096870427194;3.2765199638663054
9.875;8.5714;5.053096870427194;3.2765199638663054
9.8125;8.4857;5.053096870427194;3.2765199638663054
9.75;8.4571;5.053096870427194;3.2765199638663054
9.6875;8.3714;5.053096870427194;3.2765199638663054
9.625;8.3714;5.053096870427194;3.2765199638663054
9.5625;8.2571;5.053096870427194;3.2765199638663054
9.6875;8.2571;5.053096870427194;3.2765199638663054
9.875;8.2571;5.053096870427194;3.2765199638663054
9.9375;8.2571;5.053096870427194;3.2765199638663054
10.0;8.1143;5.053096870427194;3.2765199638663054
10.0;8.1429;5.053096870427194;3.2765199638663054
10.0;8.0;5.053096870427194;3.2765199638663054
9.9375;7.9429;5.053096870427194;3.2765199638663054
9.875;7.8571;5.053096870427194;3.2765199638663054
9.6875;7.8286;5.053096870427194;3.2765199638663054
9.5;7.8857;5.053096870427194;3.2765199638663054
9.3125;7.8;5.053096870427194;3.2765199638663054
9.0625;7.7429;5.053096870427194;3.2765199638663054
9.0;7.7143;5.053096870427194;3.2765199638663054
9.0625;7.7143;5.053096870427194;3.2765199638663054
9.0;7.6571;5.053096870427194;3.2765199638663054
9.0;7.6;5.053096870427194;3.2765199638663054
9.0;7.5429;5.053096870427194;3.2765199638663054
8.9375;7.5429;5.053096870427194;3.2765199638663054
8.9375;7.4286;5.053096870427194;3.2765199638663054
9.0;7.4286;5.053096870427194;3.2765199638663054
8.9375;7.3429;5.053096870427194;3.2765199638663054
8.75;7.3143;5.053096870427194;3.2765199638663054
8.5625;7.3143;5.053096870427194;3.2765199638663054
8.375;7.3143;5.053096870427194;3.2765199638663054
8.3125;7.2571;5.053096870427194;3.2765199638663054
8.25;7.1429;5.053096870427194;3.2765199638663054
8.25;7.1429;5.053096870427194;3.2765199638663054
8.3125;7.0857;5.053096870427194;3.2765199638663054
8.3125;7.0;5.053096870427194;3.2765199638663054
8.375;6.9143;5.053096870427194;3.2765199638663054
8.25;6.9714;5.053096870427194;3.2765199638663054
7.9375;6.8857;5.053096870427194;3.2765199638663054
7.75;6.8286;5.053096870427194;3.2765199638663054
7.6875;6.8571;5.053096870427194;3.2765199638663054
7.6875;6.7714;5.053096870427194;3.2765199638663054
7.75;6.6857;5.053096870427194;3.2765199638663054
7.75;6.7143;5.053096870427194;3.2765199638663054
7.8125;6.6286;5.053096870427194;3.2765199638663054
7.8125;6.6;5.053096870427194;3.2765199638663054
7.6875;6.5714;5.053096870427194;3.2765199638663054
7.5;6.5429;5.053096870427194;3.2765199638663054
7.4375;6.5429;5.053096870427194;3.2765199638663054
7.3125;6.4571;5.053096870427194;3.2765199638663054
7.1875;6.4;5.053096870427194;3.2765199638663054
7.25;6.3143;5.053096870427194;3.2765199638663054
7.1875;6.2857;5.053096870427194;3.2765199638663054
7.0625;6.3143;5.053096870427194;3.2765199638663054
7.0;6.2286;5.053096870427194;3.2765199638663054
7.0;6.2286;5.053096870427194;3.2765199638663054
6.8125;6.1429;5.053096870427194;3.2765199638663054
6.6875;6.1429;5.053096870427194;3.2765199638663054
6.625;6.0286;5.053096870427194;3.2765199638663054
6.625;6.0;5.053096870427194;3.2765199638663054
6.5625;5.9714;5.053096870427194;3.2765199638663054
6.6875;5.8857;5.053096870427194;3.2765199638663054
6.8125;5.8571;5.053096870427194;3.2765199638663054
6.75;5.8571;5.053096870427194;3.2765199638663054
6.5625;5.8;5.053096870427194;3.2765199638663054
6.3125;5.7714;5.053096870427194;3.2765199638663054
6.125;5.7429;5.053096870427194;3.2765199638663054
6.0625;5.6857;5.053096870427194;3.2765199638663054
6.1875;5.7143;5.053096870427194;3.2765199638663054
6.3125;5.6286;5.053096870427194;3.2765199638663054
6.3125;5.6;5.053096870427194;3.2765199638663054
6.3125;5.5429;5.053096870427194;3.2765199638663054
6.375;5.5429;5.053096870427194;3.2765199638663054
6.4375;5.4571;5.053096870427194;3.2765199638663054
6.4375;5.4286;5.053096870427194;3.2765199638663054
6.5;5.4;5.053096870427194;3.2765199638663054
6.5;5.3714;5.053096870427194;3.2765199638663054
6.375;5.2857;5.053096870427194;3.2765199638663054
6.125;5.2571;5.053096870427194;3.2765199638663054
5.75;5.2571;5.053096870427194;3.2765199638663054
5.625;5.1429;5.053096870427194;3.2765199638663054
5.625;5.1714;5.053096870427194;3.2765199638663054
5.5625;5.1143;5.053096870427194;3.2765199638663054
5.5;5.0571;5.053096870427194;3.2765199638663054
5.3125;5.0857;5.053096870427194;3.2765199638663054
5.1875;5.0286;5.053096870427194;3.2765199638663054
5.125;5.0;5.053096870427194;3.2765199638663054
5.1875;5.0286;5.053096870427194;3.2765199638663054
5.1875;4.9143;5.053096870427194;3.2765199638663054
5.125;4.8;5.053096870427194;3.2765199638663054
5.0625;4.8857;5.053096870427194;3.2765199638663054
5.0625;4.8286;5.053096870427194;3.2765199638663054
5.0;4.7429;5.053096870427194;3.2765199638663054
4.9375;4.7429;5.053096870427194;3.2765199638663054
5.0625;4.7143;5.053096870427194;3.2765199638663054
5.1875;4.6857;5.053096870427194;3.2765199638663054
5.125;4.6571;5.053096870427194;3.2765199638663054
4.875;4.6;5.053096870427194;3.2765199638663054
4.625;4.5429;5.053096870427194;3.2765199638663054
4.4375;4.5143;5.053096870427194;3.2765199638663054
4.4375;4.5143;5.053096870427194;3.2765199638663054
4.5;4.4286;5.053096870427194;3.2765199638663054
4.5625;4.3429;5.053096870427194;3.2765199638663054
4.5;4.3429;5.053096870427194;3.2765199638663054
4.5;4.3143;5.053096870427194;3.2765199638663054
4.5;4.2857;5.053096870427194;3.2765199638663054
4.4375;4.2286;5.053096870427194;3.2765199638663054
4.4375;4.2;5.053096870427194;3.2765199638663054
4.4375;4.1714;5.053096870427194;3.2765199638663054
4.5;4.1143;5.053096870427194;3.2765199638663054
4.625;4.0571;5.053096870427194;3.2765199638663054
4.625;3.9714;5.053096870427194;3.2765199638663054
4.4375;4.0286;5.053096870427194;3.2765199638663054
4.375;3.9143;5.053096870427194;3.2765199638663054
4.4375;3.9714;5.053096870427194;3.2765199638663054
4.5;3.9143;5.053096870427194;3.2765199638663054
4.375;3.8571;5.053096870427194;3.2765199638663054
4.25;3.8;5.053096870427194;3.2765199638663054
4.0625;3.8286;5.053096870427194;3.2765199638663054
4.0;3.8286;5.053096870427194;3.2765199638663054
3.9375;3.7429;5.053096870427194;3.2765199638663054
3.9375;3.7429;5.053096870427194;3.2765199638663054
3.8125;3.6571;5.053096870427194;3.2765199638663054
3.75;3.6286;5.053096870427194;3.2765199638663054
3.6875;3.5429;5.053096870427194;3.2765199638663054
3.625;3.5429;5.053096870427194;3.2765199638663054
3.6875;3.5143;5.053096870427194;3.2765199638663054
3.75;3.4857;5.053096870427194;3.2765199638663054
3.625;3.4857;5.053096870427194;3.2765199638663054
3.3125;3.4571;5.053096870427194;3.2765199638663054
3.0625;3.4;5.053096870427194;3.2765199638663054
3.0;3.4;5.053096870427194;3.2765199638663054
3.125;3.3429;5.053096870427194;3.2765199638663054
3.4375;3.2571;5.053096870427194;3.2765199638663054
3.6875;3.2571;5.053096870427194;3.2765199638663054
3.9375;3.2;5.053096870427194;3.2765199638663054
4.0;3.2286;5.053096870427194;3.2765199638663054
4.0;3.1429;5.053096870427194;3.2765199638663054
4.0;3.2;5.053096870427194;3.2765199638663054
4.0;3.1429;5.053096870427194;3.2765199638663054
3.875;3.0571;5.053096870427194;3.2765199638663054
3.6875;3.0;5.053096870427194;3.2765199638663054
3.125;2.9714;5.053096870427194;3.2765199638663054
2.375;2.9714;5.053096870427194;3.2765199638663054
2.1875;2.9429;5.053096870427194;3.2765199638663054
2.625;2.8571;5.053096870427194;3.2765199638663054
2.9375;2.8286;5.053096870427194;3.2765199638663054
2.625;2.8571;5.053096870427194;3.2765199638663054
1.75;2.8;5.053096870427194;3.2765199638663054
1.0625;2.8;5.053096870427194;3.2765199638663054
0.9375;2.8;5.053096870427194;3.2765199638663054
1.4375;2.6857;5.053096870427194;3.2765199638663054
2.1875;2.6857;5.053096870427194;3.2765199638663054
2.375;2.6857;5.053096870427194;3.2765199638663054
2.25;2.6286;5.053096870427194;3.2765199638663054
2.375;2.6571;5.053096870427194;3.2765199638663054
2.75;2.6;5.053096870427194;3.2765199638663054
3.0625;2.5143;5.053096870427194;3.2765199638663054
3.0625;2.5143;5.053096870427194;3.2765199638663054
3.0625;2.4857;5.053096870427194;3.2765199638663054
3.0625;2.5429;5.053096870427194;3.2765199638663054
2.9375;2.4;5.053096870427194;3.2765199638663054
2.6875;2.4286;5.053096870427194;3.2765199638663054
2.5625;2.4;5.053096870427194;3.2765199638663054
2.4375;2.3143;5.053096870427194;3.2765199638663054
2.625;2.3714;5.053096870427194;3.2765199638663054
2.8125;2.3429;5.053096870427194;3.2765199638663054
2.1875;2.2857;5.053096870427194;3.2765199638663054
1.125;2.2;5.053096870427194;3.2765199638663054
0.3125;2.2857;5.053096870427194;3.2765199638663054
-0.0625;2.2;5.053096870427194;3.2765199638663054
-0.125;2.1714;5.053096870427194;3.2765199638663054
0.1875;2.1143;5.053096870427194;3.2765199638663054
0.875;2.0857;5.053096870427194;3.2765199638663054
1.3125;2.0286;5.053096870427194;3.2765199638663054
1.5625;2.0;5.053096870427194;3.2765199638663054
1.875;2.0;5.053096870427194;3.2765199638663054
1.6875;2.0286;5.053096870427194;3.2765199638663054
1.0625;2.0286;5.053096870427194;3.2765199638663054
0.5;1.9143;5.053096870427194;3.2765199638663054
0.25;1.9143;5.053096870427194;3.2765199638663054
0.125;1.8857;5.053096870427194;3.2765199638663054
0.375;1.8286;5.053096870427194;3.2765199638663054
0.9375;1.8286;5.053096870427194;3.2765199638663054
1.125;1.8;5.053096870427194;3.2765199638663054
0.6875;1.7714;5.053096870427194;3.2765199638663054
0.375;1.6857;5.053096870427194;3.2765199638663054
0.5;1.7143;5.053096870427194;3.2765199638663054
0.75;1.6286;5.053096870427194;3.2765199638663054
1.125;1.6286;5.053096870427194;3.2765199638663054
1.3125;1.5714;5.053096870427194;3.2765199638663054
1.375;1.5429;5.053096870427194;3.2765199638663054
1.25;1.5429;5.053096870427194;3.2765199638663054
1.0;1.5429;5.053096870427194;3.2765199638663054
0.5625;1.5143;5.053096870427194;3.2765199638663054
0.1875;1.4857;5.053096870427194;3.2765199638663054
0.0;1.5143;5.053096870427194;3.2765199638663054
0.125;1.4286;5.053096870427194;3.2765199638663054
0.375;1.4286;5.053096870427194;3.2765199638663054
0.3125;1.3429;5.053096870427194;3.2765199638663054
0.1875;1.4;5.053096870427194;3.2765199638663054
0.0625;1.4286;5.053096870427194;3.2765199638663054
0.0;1.3429;5.053096870427194;3.2765199638663054
0.0;1.2571;5.053096870427194;3.2765199638663054
0.0;1.2286;5.053096870427194;3.2765199638663054
0.0;1.2;5.053096870427194;3.2765199638663054
0.1875;1.2;5.053096870427194;3.2765199638663054
0.875;1.1714;5.053096870427194;3.2765199638663054
1.25;1.1429;5.053096870427194;3.2765199638663054
1.0625;1.2286;5.053096870427194;3.2765199638663054
1.25;1.0857;5.053096870427194;3.2765199638663054
1.5625;1.1714;5.053096870427194;3.2765199638663054
1.3125;1.1143;5.053096870427194;3.2765199638663054
0.75;1.0;5.053096870427194;3.2765199638663054
0.4375;1.0857;5.053096870427194;3.2765199638663054
0.1875;0.9714;5.053096870427194;3.2765199638663054
0.0625;0.9714;5.053096870427194;3.2765199638663054
0.0;0.9714;5.053096870427194;3.2765199638663054
0.0;1.0571;5.053096870427194;3.2765199638663054
-0.125;0.9714;5.053096870427194;3.2765199638663054
-0.5625;0.9429;5.053096870427194;3.2765199638663054
-0.625;0.8857;5.053096870427194;3.2765199638663054
-0.4375;0.8571;5.053096870427194;3.2765199638663054
-0.1875;0.8571;5.053096870427194;3.2765199638663054
0.125;0.8571;5.053096870427194;3.2765199638663054
0.625;0.7714;5.053096870427194;3.2765199638663054
1.125;0.8286;5.053096870427194;3.2765199638663054
1.3125;0.7429;5.053096870427194;3.2765199638663054
1.125;0.7429;5.053096870427194;3.2765199638663054
1.0625;0.7714;5.053096870427194;3.2765199638663054
1.0625;0.6571;5.053096870427194;3.2765199638663054
0.8125;0.6286;5.053096870427194;3.2765199638663054
0.375;0.7143;5.053096870427194;3.2765199638663054
0.0625;0.5714;5.053096870427194;3.2765199638663054
0.0;0.6;5.053096870427194;3.2765199638663054
-0.0625;0.5714;5.053096870427194;3.2765199638663054
0.0625;0.6286;5.053096870427194;3.2765199638663054
0.0625;0.6286;5.053096870427194;3.2765199638663054
-0.25;0.6286;5.053096870427194;3.2765199638663054
-0.5;0.6571;5.053096870427194;3.2765199638663054
-0.5625;0.5429;5.053096870427194;3.2765199638663054
-0.8125;0.5429;5.053096870427194;3.2765199638663054
-0.8125;0.5429;5.053096870427194;3.2765199638663054
-0.8125;0.5143;5.053096870427194;3.2765199638663054
-1.125;0.4857;5.053096870427194;3.2765199638663054
-1.125;0.5143;5.053096870427194;3.2765199638663054
-0.625;0.4;5.053096870427194;3.2765199638663054
-0.1875;0.4857;5.053096870427194;3.2765199638663054
0.0;0.4286;5.053096870427194;3.2765199638663054
-0.0625;0.3714;5.053096870427194;3.2765199638663054
-0.4375;0.4;5.053096870427194;3.2765199638663054
-0.5625;0.3143;5.053096870427194;3.2765199638663054
-0.1875;0.3714;5.053096870427194;3.2765199638663054
0.1875;0.3143;5.053096870427194;3.2765199638663054
0.4375;0.4;5.053096870427194;3.2765199638663054
0.5625;0.3429;5.053096870427194;3.2765199638663054
0.5625;0.3143;5.053096870427194;3.2765199638663054
0.5625;0.2286;5.053096870427194;3.2765199638663054
0.5;0.2857;5.053096870427194;3.2765199638663054
0.3125;0.4;5.053096870427194;3.2765199638663054
0.1875;0.2857;5.053096870427194;3.2765199638663054
0.375;0.3143;5.053096870427194;3.2765199638663054
0.5625;0.2571;5.053096870427194;3.2765199638663054
0.5;0.3429;5.053096870427194;3.2765199638663054
0.25;0.2571;5.053096870427194;3.2765199638663054
0.0625;0.2286;5.053096870427194;3.2765199638663054
0.0;0.2286;5.053096870427194;3.2765199638663054
0.0;0.1429;5.053096870427194;3.2765199638663054
0.0;0.3714;5.053096870427194;3.2765199638663054
0.0;0.2571;5.053096870427194;3.2765199638663054
-0.1875;0.3429;5.053096870427194;3.2765199638663054
-0.5625;0.2;5.053096870427194;3.2765199638663054
-0.625;0.2286;5.053096870427194;3.2765199638663054
-0.6875;0.2;5.053096870427194;3.2765199638663054
-1.1875;0.1429;5.053096870427194;3.2765199638663054
-1.5;0.2;5.053096870427194;3.2765199638663054
-1.3125;0.2571;5.053096870427194;3.2765199638663054
-0.9375;0.2571;5.053096870427194;3.2765199638663054
-0.1875;0.1714;5.053096870427194;3.2765199638663054
0.4375;0.2286;5.053096870427194;3.2765199638663054
0.75;0.2;5.053096870427194;3.2765199638663054
0.875;0.1143;5.053096870427194;3.2765199638663054
0.8125;0.2286;5.053096870427194;3.2765199638663054
0.4375;0.2571;5.053096870427194;3.2765199638663054
0.0625;0.2286;5.053096870427194;3.2765199638663054
-0.1875;0.2;5.053096870427194;3.2765199638663054
-0.625;0.1143;5.053096870427194;3.2765199638663054
-0.6875;0.2571;5.053096870427194;3.2765199638663054
-0.4375;0.2571;5.053096870427194;3.2765199638663054
-0.1875;0.1429;5.053096870427194;3.2765199638663054
0.0;0.1714;5.053096870427194;3.2765199638663054
0.0625;0.1429;5.053096870427194;3.2765199638663054
0.0625;0.1429;5.053096870427194;3.2765199638663054
0.0625;0.1429;5.053096870427194;3.2765199638663054
0.0;0.2286;5.053096870427194;3.2765199638663054
0.0;0.1714;5.053096870427194;3.2765199638663054
0.0;0.1429;5.053096870427194;3.2765199638663054
0.0;0.2286;5.053096870427194;3.2765199638663054
0.0;0.2286;5.053096870427194;3.2765199638663054
0.0;0.0857;5.053096870427194;3.2765199638663054
0.0;0.1143;5.053096870427194;3.2765199638663054
0.0;0.2;5.053096870427194;3.2765199638663054
0.0;0.0571;5.053096870427194;3.2765199638663054
0.125;0.1429;5.053096870427194;3.2765199638663054
0.125;0.2571;5.053096870427194;3.2765199638663054
0.125;0.1143;5.053096870427194;3.2765199638663054
0.0625;0.1429;5.053096870427194;3.2765199638663054
0.0;0.1714;5.053096870427194;3.2765199638663054
-0.125;0.1429;5.053096870427194;3.2765199638663054
-0.1875;0.1429;5.053096870427194;3.2765199638663054
-0.125;0.1143;5.053096870427194;3.2765199638663054
-0.0625;0.2;5.053096870427194;3.2765199638663054
0.0;0.0;5.053096870427194;3.2765199638663054
0.1875;0.1143;5.053096870427194;3.2765199638663054
0.25;0.2571;5.053096870427194;3.2765199638663054
0.125;0.0571;5.053096870427194;3.2765199638663054
0.0;0.1429;5.053096870427194;3.2765199638663054
0.0;0.1143;5.053096870427194;3.2765199638663054
0.0;0.0857;5.053096870427194;3.2765199638663054
0.125;0.1143;5.053096870427194;3.2765199638663054
0.375;0.1143;5.053096870427194;3.2765199638663054
0.4375;0.0571;5.053096870427194;3.2765199638663054
0.375;0.1143;5.053096870427194;3.2765199638663054
0.4375;0.0857;5.053096870427194;3.2765199638663054
0.375;0.0857;5.053096870427194;3.2765199638663054
0.1875;0.1143;5.053096870427194;3.2765199638663054
0.0625;0.0286;5.053096870427194;3.2765199638663054
0.0;0.0857;5.053096870427194;3.2765199638663054
0.0;0.2286;5.053096870427194;3.2765199638663054
0.0;0.0571;5.053096870427194;3.2765199638663054
0.0;0.1143;5.053096870427194;3.2765199638663054
0.0;0.0857;5.053096870427194;3.2765199638663054
0.0;0.1429;5.053096870427194;3.2765199638663054
0.125;0.0857;5.053096870427194;3.2765199638663054
0.1875;0.2;5.053096870427194;3.2765199638663054
0.375;0.0857;5.053096870427194;3.2765199638663054
0.5625;0.0857;5.053096870427194;3.2765199638663054
0.625;0.0286;5.053096870427194;3.2765199638663054
0.8125;0.0857;5.053096870427194;3.2765199638663054
1.0625;0.0571;5.053096870427194;3.2765199638663054
1.0625;0.0857;5.053096870427194;3.2765199638663054
0.75;0.0857;5.053096870427194;3.2765199638663054
0.375;-0.0286;5.053096870427194;3.2765199638663054
0.0625;0.0857;5.053096870427194;3.2765199638663054
0.0;0.0857;5.053096870427194;3.2765199638663054
-0.3125;0.0;5.053096870427194;3.2765199638663054
-0.875;0.1143;5.053096870427194;3.2765199638663054
