SF-A-022;Sensirion;RMSE;MAE
-7.0;-8.0;5.002952684798741;3.275080426939266
-6.875;-7.9714;5.002952684798741;3.275080426939266
-7.0625;-7.9143;5.002952684798741;3.275080426939266
-7.375;-7.9143;5.002952684798741;3.275080426939266
-7.6875;-7.9143;5.002952684798741;3.275080426939266
-7.75;-7.8286;5.002952684798741;3.275080426939266
-7.6875;-7.7714;5.002952684798741;3.275080426939266
-7.625;-7.7429;5.002952684798741;3.275080426939266
-7.6875;-7.6286;5.002952684798741;3.275080426939266
-7.75;-7.6571;5.002952684798741;3.275080426939266
-7.8125;-7.6;5.002952684798741;3.275080426939266
-7.5;-7.5714;5.002952684798741;3.275080426939266
-6.8125;-7.4857;5.002952684798741;3.275080426939266
-6.3125;-7.4857;5.002952684798741;3.275080426939266
-6.4375;-7.4571;5.002952684798741;3.275080426939266
-6.9375;-7.3714;5.002952684798741;3.275080426939266
-7.25;-7.3714;5.002952684798741;3.275080426939266
-7.375;-7.3143;5.002952684798741;3.275080426939266
-7.5;-7.2857;5.002952684798741;3.275080426939266
-7.5;-7.2571;5.002952684798741;3.275080426939266
-7.5;-7.2286;5.002952684798741;3.275080426939266
-7.5;-7.2571;5.002952684798741;3.275080426939266
-7.5;-7.1714;5.002952684798741;3.275080426939266
-7.4375;-7.2;5.002952684798741;3.275080426939266
-7.125;-7.2;5.002952684798741;3.275080426939266
-6.625;-7.2571;5.002952684798741;3.275080426939266
-6.3125;-7.2286;5.002952684798741;3.275080426939266
-6.375;-7.3429;5.002952684798741;3.275080426939266
-6.6875;-7.4;5.002952684798741;3.275080426939266
-6.9375;-7.4571;5.002952684798741;3.275080426939266
-7.0;-7.6;5.002952684798741;3.275080426939266
-6.9375;-7.6857;5.002952684798741;3.275080426939266
-6.75;-7.8286;5.002952684798741;3.275080426939266
-6.5625;-7.9429;5.002952684798741;3.275080426939266
-6.5;-8.1143;5.002952684798741;3.275080426939266
-6.8125;-8.3143;5.002952684798741;3.275080426939266
-7.25;-8.5143;5.002952684798741;3.275080426939266
-7.5625;-8.8;5.002952684798741;3.275080426939266
-7.8125;-9.0571;5.002952684798741;3.275080426939266
-8.0;-9.3429;5.002952684798741;3.275080426939266
-8.25;-9.6286;5.002952684798741;3.275080426939266
-8.6875;-9.9714;5.002952684798741;3.275080426939266
-9.0;-10.3714;5.002952684798741;3.275080426939266
-9.1875;-10.7143;5.002952684798741;3.275080426939266
-9.4375;-11.0571;5.002952684798741;3.275080426939266
-9.8125;-11.4857;5.002952684798741;3.275080426939266
-10.25;-11.9429;5.002952684798741;3.275080426939266
-10.5625;-12.3143;5.002952684798741;3.275080426939266
-10.8125;-12.7714;5.002952684798741;3.275080426939266
-11.125;-13.2571;5.002952684798741;3.275080426939266
-11.3125;-13.8286;5.002952684798741;3.275080426939266
-11.4375;-14.2857;5.002952684798741;3.275080426939266
-11.4375;-14.8286;5.002952684798741;3.275080426939266
-11.4375;-15.4286;5.002952684798741;3.275080426939266
-11.4375;-16.0571;5.002952684798741;3.275080426939266
-11.5;-16.6;5.002952684798741;3.275080426939266
-12.125;-17.1429;5.002952684798741;3.275080426939266
-13.3125;-17.7714;5.002952684798741;3.275080426939266
-14.9375;-18.4286;5.002952684798741;3.275080426939266
-16.4375;-19.0571;5.002952684798741;3.275080426939266
-17.8125;-19.7143;5.002952684798741;3.275080426939266
-18.5;-20.3429;5.002952684798741;3.275080426939266
-18.375;-20.9714;5.002952684798741;3.275080426939266
-18.5625;-21.7714;5.002952684798741;3.275080426939266
-19.6875;-22.3429;5.002952684798741;3.275080426939266
-20.9375;-23.0857;5.002952684798741;3.275080426939266
-22.0;-23.5714;5.002952684798741;3.275080426939266
-23.0625;-24.3714;5.002952684798741;3.275080426939266
-24.0625;-24.9143;5.002952684798741;3.275080426939266
-24.625;-25.5714;5.002952684798741;3.275080426939266
-25.0625;-26.4;5.002952684798741;3.275080426939266
-25.9375;-27.0286;5.002952684798741;3.275080426939266
-27.0;-27.7714;5.002952684798741;3.275080426939266
-27.6875;-28.4857;5.002952684798741;3.275080426939266
-28.0;-29.0571;5.002952684798741;3.275080426939266
-28.6875;-29.6857;5.002952684798741;3.275080426939266
-29.6875;-30.3714;5.002952684798741;3.275080426939266
-30.4375;-31.1429;5.002952684798741;3.275080426939266
-30.6875;-31.6857;5.002952684798741;3.275080426939266
-30.8125;-32.3429;5.002952684798741;3.275080426939266
-31.6875;-33.1143;5.002952684798741;3.275080426939266
-33.375;-33.7714;5.002952684798741;3.275080426939266
-34.9375;-34.4;5.002952684798741;3.275080426939266
-35.75;-35.1143;5.002952684798741;3.275080426939266
-36.125;-35.8571;5.002952684798741;3.275080426939266
-36.125;-36.6286;5.002952684798741;3.275080426939266
-36.0;-37.2;5.002952684798741;3.275080426939266
-35.4375;-37.8857;5.002952684798741;3.275080426939266
-34.625;-38.5714;5.002952684798741;3.275080426939266
-35.25;-39.1429;5.002952684798741;3.275080426939266
-37.25;-39.6286;5.002952684798741;3.275080426939266
-38.875;-40.5429;5.002952684798741;3.275080426939266
-40.0;-41.1714;5.002952684798741;3.275080426939266
-41.25;-41.7714;5.002952684798741;3.275080426939266
-42.4375;-42.5143;5.002952684798741;3.275080426939266
-43.25;-43.2;5.002952684798741;3.275080426939266
-43.875;-44.0857;5.002952684798741;3.275080426939266
-44.3125;-44.9429;5.002952684798741;3.275080426939266
-44.375;-45.4;5.002952684798741;3.275080426939266
-44.6875;-45.9429;5.002952684798741;3.275080426939266
-45.5625;-46.8;5.002952684798741;3.275080426939266
-46.625;-47.3429;5.002952684798741;3.275080426939266
-48.0625;-47.7429;5.002952684798741;3.275080426939266
-49.1875;-48.2857;5.002952684798741;3.275080426939266
-49.625;-48.7143;5.002952684798741;3.275080426939266
-49.9375;-49.5429;5.002952684798741;3.275080426939266
-50.3125;-50.2286;5.002952684798741;3.275080426939266
-50.6875;-51.0571;5.002952684798741;3.275080426939266
-51.0;-51.6;5.002952684798741;3.275080426939266
-51.5;-52.0857;5.002952684798741;3.275080426939266
-52.375;-52.4857;5.002952684798741;3.275080426939266
-53.1875;-53.4857;5.002952684798741;3.275080426939266
-53.8125;-53.5714;5.002952684798741;3.275080426939266
-54.0625;-54.5143;5.002952684798741;3.275080426939266
-53.8125;-54.6571;5.002952684798741;3.275080426939266
-53.4375;-55.3143;5.002952684798741;3.275080426939266
-53.25;-56.1143;5.002952684798741;3.275080426939266
-53.125;-56.5143;5.002952684798741;3.275080426939266
-53.125;-57.2286;5.002952684798741;3.275080426939266
-53.4375;-57.6571;5.002952684798741;3.275080426939266
-54.1875;-58.4;5.002952684798741;3.275080426939266
-55.25;-59.2286;5.002952684798741;3.275080426939266
-57.4375;-59.5143;5.002952684798741;3.275080426939266
-60.125;-59.9143;5.002952684798741;3.275080426939266
-61.8125;-60.6286;5.002952684798741;3.275080426939266
-62.875;-60.5429;5.002952684798741;3.275080426939266
-63.0625;-61.7714;5.002952684798741;3.275080426939266
-62.375;-61.8857;5.002952684798741;3.275080426939266
-62.3125;-62.4286;5.002952684798741;3.275080426939266
-62.8125;-63.4571;5.002952684798741;3.275080426939266
-63.25;-63.4571;5.002952684798741;3.275080426939266
-63.875;-64.0;5.002952684798741;3.275080426939266
-64.75;-64.6;5.002952684798741;3.275080426939266
-65.5625;-64.8857;5.002952684798741;3.275080426939266
-66.5;-65.7714;5.002952684798741;3.275080426939266
-66.9375;-66.6857;5.002952684798741;3.275080426939266
-67.375;-66.7143;5.002952684798741;3.275080426939266
-68.8125;-66.7143;5.002952684798741;3.275080426939266
-70.0;-67.9143;5.002952684798741;3.275080426939266
-70.25;-67.6857;5.002952684798741;3.275080426939266
-70.5;-68.1143;5.002952684798741;3.275080426939266
-71.0;-68.9429;5.002952684798741;3.275080426939266
-71.0625;-69.7143;5.002952684798741;3.275080426939266
-71.625;-70.0571;5.002952684798741;3.275080426939266
-72.875;-71.4571;5.002952684798741;3.275080426939266
-74.4375;-72.1714;5.002952684798741;3.275080426939266
-75.9375;-72.2857;5.002952684798741;3.275080426939266
-76.75;-72.6;5.002952684798741;3.275080426939266
-77.0625;-73.7143;5.002952684798741;3.275080426939266
-77.0625;-73.7143;5.002952684798741;3.275080426939266
-77.0;-74.6;5.002952684798741;3.275080426939266
-76.625;-74.2571;5.002952684798741;3.275080426939266
-76.25;-75.0857;5.002952684798741;3.275080426939266
-76.6875;-76.7714;5.002952684798741;3.275080426939266
-77.5;-77.3429;5.002952684798741;3.275080426939266
-77.8125;-77.4;5.002952684798741;3.275080426939266
-77.625;-76.9143;5.002952684798741;3.275080426939266
-77.25;-77.8571;5.002952684798741;3.275080426939266
-78.0;-78.4857;5.002952684798741;3.275080426939266
-79.375;-79.6571;5.002952684798741;3.275080426939266
-80.125;-79.5429;5.002952684798741;3.275080426939266
-81.1875;-79.6286;5.002952684798741;3.275080426939266
-82.125;-79.7429;5.002952684798741;3.275080426939266
-82.1875;-80.4857;5.002952684798741;3.275080426939266
-81.9375;-80.9143;5.002952684798741;3.275080426939266
-81.9375;-80.8857;5.002952684798741;3.275080426939266
-82.25;-81.5143;5.002952684798741;3.275080426939266
-83.0625;-82.1429;5.002952684798741;3.275080426939266
-84.125;-82.0571;5.002952684798741;3.275080426939266
-85.375;-82.6857;5.002952684798741;3.275080426939266
-86.0625;-83.0857;5.002952684798741;3.275080426939266
-85.625;-83.9429;5.002952684798741;3.275080426939266
-85.1875;-84.7429;5.002952684798741;3.275080426939266
-85.6875;-85.0571;5.002952684798741;3.275080426939266
-86.375;-85.6571;5.002952684798741;3.275080426939266
-87.3125;-85.7714;5.002952684798741;3.275080426939266
-89.0;-86.6;5.002952684798741;3.275080426939266
-91.3125;-86.5714;5.002952684798741;3.275080426939266
-93.25;-87.1429;5.002952684798741;3.275080426939266
-94.3125;-86.4571;5.002952684798741;3.275080426939266
-94.6875;-86.0286;5.002952684798741;3.275080426939266
-94.6875;-86.2;5.002952684798741;3.275080426939266
-94.5625;-87.9143;5.002952684798741;3.275080426939266
-93.5625;-88.7714;5.002952684798741;3.275080426939266
-91.125;-88.9714;5.002952684798741;3.275080426939266
-89.0;-90.3429;5.002952684798741;3.275080426939266
-88.75;-90.5714;5.002952684798741;3.275080426939266
-90.0625;-91.5429;5.002952684798741;3.275080426939266
-92.625;-91.0;5.002952684798741;3.275080426939266
-94.875;-91.5143;5.002952684798741;3.275080426939266
-94.625;-91.7714;5.002952684798741;3.275080426939266
-93.5;-91.3143;5.002952684798741;3.275080426939266
-94.1875;-92.0286;5.002952684798741;3.275080426939266
-94.6875;-92.3143;5.002952684798741;3.275080426939266
-94.375;-91.9714;5.002952684798741;3.275080426939266
-94.375;-92.8286;5.002952684798741;3.275080426939266
-93.5;-92.9143;5.002952684798741;3.275080426939266
-93.625;-93.4286;5.002952684798741;3.275080426939266
-95.5625;-94.3714;5.002952684798741;3.275080426939266
-96.5;-94.1714;5.002952684798741;3.275080426939266
-96.5;-95.4857;5.002952684798741;3.275080426939266
-97.875;-95.4857;5.002952684798741;3.275080426939266
-99.875;-95.2286;5.002952684798741;3.275080426939266
-100.8125;-95.6571;5.002952684798741;3.275080426939266
-100.1875;-95.5714;5.002952684798741;3.275080426939266
-99.0;-96.3143;5.002952684798741;3.275080426939266
-98.8125;-96.9143;5.002952684798741;3.275080426939266
-98.5625;-97.7429;5.002952684798741;3.275080426939266
-98.25;-97.0;5.002952684798741;3.275080426939266
-99.1875;-97.3143;5.002952684798741;3.275080426939266
-100.75;-97.9429;5.002952684798741;3.275080426939266
-101.875;-98.2857;5.002952684798741;3.275080426939266
-102.4375;-99.5429;5.002952684798741;3.275080426939266
-102.5625;-98.8;5.002952684798741;3.275080426939266
-102.5625;-100.1429;5.002952684798741;3.275080426939266
-102.3125;-100.2;5.002952684798741;3.275080426939266
-102.375;-101.6;5.002952684798741;3.275080426939266
-102.6875;-100.7714;5.002952684798741;3.275080426939266
-102.5;-101.4;5.002952684798741;3.275080426939266
-102.5625;-101.7429;5.002952684798741;3.275080426939266
-102.8125;-102.0857;5.002952684798741;3.275080426939266
-103.625;-102.5714;5.002952684798741;3.275080426939266
-104.5;-102.0571;5.002952684798741;3.275080426939266
-103.6875;-102.3429;5.002952684798741;3.275080426939266
-103.5;-102.6571;5.002952684798741;3.275080426939266
-104.625;-102.7143;5.002952684798741;3.275080426939266
-105.25;-103.2;5.002952684798741;3.275080426939266
-105.375;-103.5143;5.002952684798741;3.275080426939266
-105.125;-103.0857;5.002952684798741;3.275080426939266
-105.25;-103.8571;5.002952684798741;3.275080426939266
-106.5;-103.9429;5.002952684798741;3.275080426939266
-107.9375;-105.2286;5.002952684798741;3.275080426939266
-108.75;-105.3429;5.002952684798741;3.275080426939266
-108.625;-105.6;5.002952684798741;3.275080426939266
-107.9375;-107.1429;5.002952684798741;3.275080426939266
-107.5625;-107.9429;5.002952684798741;3.275080426939266
-107.6875;-108.1143;5.002952684798741;3.275080426939266
-108.4375;-108.2286;5.002952684798741;3.275080426939266
-109.3125;-108.2286;5.002952684798741;3.275080426939266
-110.125;-107.6571;5.002952684798741;3.275080426939266
-110.875;-108.3143;5.002952684798741;3.275080426939266
-110.9375;-109.1143;5.002952684798741;3.275080426939266
-110.375;-108.3714;5.002952684798741;3.275080426939266
-109.8125;-108.0857;5.002952684798741;3.275080426939266
-109.4375;-109.3143;5.002952684798741;3.275080426939266
-109.3125;-108.4;5.002952684798741;3.275080426939266
-109.3125;-108.9429;5.002952684798741;3.275080426939266
-108.9375;-109.9143;5.002952684798741;3.275080426939266
-108.875;-109.6857;5.002952684798741;3.275080426939266
-110.0;-111.8;5.002952684798741;3.275080426939266
-111.3125;-110.8857;5.002952684798741;3.275080426939266
-112.8125;-110.2;5.002952684798741;3.275080426939266
-114.5625;-110.8857;5.002952684798741;3.275080426939266
-115.5625;-112.5143;5.002952684798741;3.275080426939266
-115.6875;-113.2286;5.002952684798741;3.275080426939266
-115.1875;-114.2286;5.002952684798741;3.275080426939266
-114.9375;-112.8;5.002952684798741;3.275080426939266
-114.375;-112.8286;5.002952684798741;3.275080426939266
-114.0;-113.1143;5.002952684798741;3.275080426939266
-114.8125;-111.9714;5.002952684798741;3.275080426939266
-115.5;-111.6571;5.002952684798741;3.275080426939266
-116.25;-112.0286;5.002952684798741;3.275080426939266
-117.5625;-112.9143;5.002952684798741;3.275080426939266
-118.5;-114.4571;5.002952684798741;3.275080426939266
-118.5625;-114.5143;5.002952684798741;3.275080426939266
-117.8125;-113.8286;5.002952684798741;3.275080426939266
-117.125;-114.5143;5.002952684798741;3.275080426939266
-116.625;-114.8857;5.002952684798741;3.275080426939266
-116.0625;-114.5714;5.002952684798741;3.275080426939266
-116.125;-114.9429;5.002952684798741;3.275080426939266
-116.25;-114.9429;5.002952684798741;3.275080426939266
-116.375;-115.4;5.002952684798741;3.275080426939266
-117.25;-116.5714;5.002952684798741;3.275080426939266
-118.3125;-116.4571;5.002952684798741;3.275080426939266
-118.8125;-116.1429;5.002952684798741;3.275080426939266
-119.0;-116.2;5.002952684798741;3.275080426939266
-118.9375;-116.5714;5.002952684798741;3.275080426939266
-118.875;-115.5143;5.002952684798741;3.275080426939266
-118.8125;-115.8571;5.002952684798741;3.275080426939266
-119.375;-115.5429;5.002952684798741;3.275080426939266
-120.125;-116.8286;5.002952684798741;3.275080426939266
-119.75;-118.0286;5.002952684798741;3.275080426939266
-119.3125;-118.3143;5.002952684798741;3.275080426939266
-119.125;-116.5143;5.002952684798741;3.275080426939266
-118.4375;-117.6286;5.002952684798741;3.275080426939266
-119.0625;-118.7714;5.002952684798741;3.275080426939266
-121.0625;-119.9143;5.002952684798741;3.275080426939266
-121.875;-118.2286;5.002952684798741;3.275080426939266
-121.625;-119.6;5.002952684798741;3.275080426939266
-122.125;-119.9714;5.002952684798741;3.275080426939266
-121.6875;-120.2286;5.002952684798741;3.275080426939266
-119.875;-119.9143;5.002952684798741;3.275080426939266
-119.5;-121.2571;5.002952684798741;3.275080426939266
-120.4375;-121.0286;5.002952684798741;3.275080426939266
-121.0625;-121.2571;5.002952684798741;3.275080426939266
-121.625;-120.9143;5.002952684798741;3.275080426939266
-122.1875;-120.7143;5.002952684798741;3.275080426939266
-121.75;-122.2;5.002952684798741;3.275080426939266
-120.5;-122.0286;5.002952684798741;3.275080426939266
-120.5625;-122.3714;5.002952684798741;3.275080426939266
-122.0625;-122.2571;5.002952684798741;3.275080426939266
-123.125;-123.4;5.002952684798741;3.275080426939266
-123.3125;-121.9429;5.002952684798741;3.275080426939266
-123.3125;-121.0;5.002952684798741;3.275080426939266
-123.6875;-121.1143;5.002952684798741;3.275080426939266
-124.375;-121.6286;5.002952684798741;3.275080426939266
-124.875;-122.1143;5.002952684798741;3.275080426939266
-125.125;-124.0571;5.002952684798741;3.275080426939266
-125.1875;-123.0;5.002952684798741;3.275080426939266
-125.1875;-123.3714;5.002952684798741;3.275080426939266
-125.125;-123.0571;5.002952684798741;3.275080426939266
-124.9375;-122.4;5.002952684798741;3.275080426939266
-124.4375;-123.3429;5.002952684798741;3.275080426939266
-123.875;-124.2857;5.002952684798741;3.275080426939266
-123.75;-123.7429;5.002952684798741;3.275080426939266
-124.5;-125.3143;5.002952684798741;3.275080426939266
-125.625;-124.6571;5.002952684798741;3.275080426939266
-125.9375;-124.4;5.002952684798741;3.275080426939266
-125.3125;-124.1143;5.002952684798741;3.275080426939266
-124.9375;-126.2;5.002952684798741;3.275080426939266
-126.0;-125.5714;5.002952684798741;3.275080426939266
-127.3125;-124.9143;5.002952684798741;3.275080426939266
-127.4375;-126.2286;5.002952684798741;3.275080426939266
-126.625;-125.8857;5.002952684798741;3.275080426939266
-125.125;-125.3429;5.002952684798741;3.275080426939266
-124.3125;-127.3429;5.002952684798741;3.275080426939266
-125.125;-127.9429;5.002952684798741;3.275080426939266
-126.5;-128.0571;5.002952684798741;3.275080426939266
-126.75;-127.2571;5.002952684798741;3.275080426939266
-125.875;-126.2857;5.002952684798741;3.275080426939266
-125.25;-127.0857;5.002952684798741;3.275080426939266
-125.375;-127.5714;5.002952684798741;3.275080426939266
-125.8125;-128.8857;5.002952684798741;3.275080426939266
-126.5625;-127.7143;5.002952684798741;3.275080426939266
-127.125;-128.0;5.002952684798741;3.275080426939266
-127.0;-128.8571;5.002952684798741;3.275080426939266
-127.8125;-128.7714;5.002952684798741;3.275080426939266
-130.6875;-129.2857;5.002952684798741;3.275080426939266
-134.125;-129.4857;5.002952684798741;3.275080426939266
-136.4375;-129.6857;5.002952684798741;3.275080426939266
-137.5;-129.1143;5.002952684798741;3.275080426939266
-137.6875;-129.4571;5.002952684798741;3.275080426939266
-137.5;-130.2;5.002952684798741;3.275080426939266
-136.1875;-130.2286;5.002952684798741;3.275080426939266
-133.1875;-129.5714;5.002952684798741;3.275080426939266
-130.375;-128.6857;5.002952684798741;3.275080426939266
-129.3125;-129.4571;5.002952684798741;3.275080426939266
-129.5625;-130.4;5.002952684798741;3.275080426939266
-129.8125;-130.2;5.002952684798741;3.275080426939266
-130.0;-131.5429;5.002952684798741;3.275080426939266
-130.1875;-131.1143;5.002952684798741;3.275080426939266
-130.125;-130.6571;5.002952684798741;3.275080426939266
-129.75;-131.0;5.002952684798741;3.275080426939266
-130.0625;-131.6857;5.002952684798741;3.275080426939266
-131.75;-131.0857;5.002952684798741;3.275080426939266
-132.75;-131.6857;5.002952684798741;3.275080426939266
-131.875;-132.2571;5.002952684798741;3.275080426939266
-130.9375;-131.2571;5.002952684798741;3.275080426939266
-130.6875;-131.2857;5.002952684798741;3.275080426939266
-130.6875;-131.9714;5.002952684798741;3.275080426939266
-130.9375;-133.6857;5.002952684798741;3.275080426939266
-131.375;-133.1143;5.002952684798741;3.275080426939266
-131.625;-133.0571;5.002952684798741;3.275080426939266
-131.1875;-133.2286;5.002952684798741;3.275080426939266
-131.25;-130.4571;5.002952684798741;3.275080426939266
-131.25;-131.9714;5.002952684798741;3.275080426939266
-129.375;-132.7714;5.002952684798741;3.275080426939266
-128.125;-133.2;5.002952684798741;3.275080426939266
-129.4375;-132.5714;5.002952684798741;3.275080426939266
-130.875;-133.3429;5.002952684798741;3.275080426939266
-131.0;-132.0;5.002952684798741;3.275080426939266
-130.625;-132.1429;5.002952684798741;3.275080426939266
-130.25;-133.6;5.002952684798741;3.275080426939266
-130.0;-133.2857;5.002952684798741;3.275080426939266
-129.9375;-133.0857;5.002952684798741;3.275080426939266
-130.25;-134.0571;5.002952684798741;3.275080426939266
-131.5625;-133.5714;5.002952684798741;3.275080426939266
-132.6875;-134.1143;5.002952684798741;3.275080426939266
-131.75;-134.8;5.002952684798741;3.275080426939266
-131.125;-134.7714;5.002952684798741;3.275080426939266
-132.75;-136.2;5.002952684798741;3.275080426939266
-134.3125;-136.1714;5.002952684798741;3.275080426939266
-134.1875;-135.7143;5.002952684798741;3.275080426939266
-133.625;-136.8;5.002952684798741;3.275080426939266
-134.125;-136.3429;5.002952684798741;3.275080426939266
-135.9375;-136.2;5.002952684798741;3.275080426939266
-137.0625;-136.1429;5.002952684798741;3.275080426939266
-137.0625;-137.2;5.002952684798741;3.275080426939266
-137.0625;-136.6571;5.002952684798741;3.275080426939266
-136.5;-137.7429;5.002952684798741;3.275080426939266
-134.9375;-138.0286;5.002952684798741;3.275080426939266
-133.5625;-137.0286;5.002952684798741;3.275080426939266
-133.5;-137.0286;5.002952684798741;3.275080426939266
-132.9375;-136.3429;5.002952684798741;3.275080426939266
-132.625;-136.2;5.002952684798741;3.275080426939266
-134.5;-138.1714;5.002952684798741;3.275080426939266
-136.0;-137.8;5.002952684798741;3.275080426939266
-136.125;-137.2286;5.002952684798741;3.275080426939266
-136.375;-137.1143;5.002952684798741;3.275080426939266
-136.1875;-137.2286;5.002952684798741;3.275080426939266
-135.5;-136.6571;5.002952684798741;3.275080426939266
-134.3125;-136.5714;5.002952684798741;3.275080426939266
-132.875;-137.4286;5.002952684798741;3.275080426939266
-131.9375;-137.7429;5.002952684798741;3.275080426939266
-131.5625;-138.0286;5.002952684798741;3.275080426939266
-131.5;-137.5714;5.002952684798741;3.275080426939266
-131.5625;-137.1429;5.002952684798741;3.275080426939266
-132.5625;-137.2857;5.002952684798741;3.275080426939266
-136.0;-136.5429;5.002952684798741;3.275080426939266
-140.0;-137.1143;5.002952684798741;3.275080426939266
-140.9375;-136.6571;5.002952684798741;3.275080426939266
-139.6875;-136.6286;5.002952684798741;3.275080426939266
-138.5;-136.6;5.002952684798741;3.275080426939266
-137.125;-136.8286;5.002952684798741;3.275080426939266
-135.875;-136.0;5.002952684798741;3.275080426939266
-135.25;-135.8286;5.002952684798741;3.275080426939266
-135.375;-134.2;5.002952684798741;3.275080426939266
-135.875;-134.8;5.002952684798741;3.275080426939266
-136.5625;-135.2857;5.002952684798741;3.275080426939266
-137.3125;-133.8;5.002952684798741;3.275080426939266
-136.5625;-133.3714;5.002952684798741;3.275080426939266
-134.625;-132.8571;5.002952684798741;3.275080426939266
-133.5625;-133.4;5.002952684798741;3.275080426939266
-132.875;-133.8857;5.002952684798741;3.275080426939266
-131.75;-133.1143;5.002952684798741;3.275080426939266
-130.3125;-133.9143;5.002952684798741;3.275080426939266
-129.8125;-133.5714;5.002952684798741;3.275080426939266
-130.5625;-131.4;5.002952684798741;3.275080426939266
-131.375;-131.2571;5.002952684798741;3.275080426939266
-132.4375;-130.8;5.002952684798741;3.275080426939266
-133.625;-131.2286;5.002952684798741;3.275080426939266
-133.4375;-131.6571;5.002952684798741;3.275080426939266
-131.625;-130.6286;5.002952684798741;3.275080426939266
-129.1875;-130.6571;5.002952684798741;3.275080426939266
-127.3125;-130.8286;5.002952684798741;3.275080426939266
-126.25;-129.4571;5.002952684798741;3.275080426939266
-125.9375;-128.2;5.002952684798741;3.275080426939266
-126.0;-129.8;5.002952684798741;3.275080426939266
-126.125;-129.0;5.002952684798741;3.275080426939266
-126.625;-129.4571;5.002952684798741;3.275080426939266
-128.0625;-128.7143;5.002952684798741;3.275080426939266
-130.25;-128.7429;5.002952684798741;3.275080426939266
-130.6875;-128.2571;5.002952684798741;3.275080426939266
-128.9375;-128.3143;5.002952684798741;3.275080426939266
-127.8125;-128.5429;5.002952684798741;3.275080426939266
-127.5625;-127.7714;5.002952684798741;3.275080426939266
-127.1875;-128.2286;5.002952684798741;3.275080426939266
-127.125;-127.1429;5.002952684798741;3.275080426939266
-127.625;-127.1714;5.002952684798741;3.275080426939266
-127.4375;-126.2571;5.002952684798741;3.275080426939266
-126.75;-127.0857;5.002952684798741;3.275080426939266
-126.6875;-125.2;5.002952684798741;3.275080426939266
-127.4375;-125.2;5.002952684798741;3.275080426939266
-127.875;-123.6571;5.002952684798741;3.275080426939266
-126.4375;-124.8;5.002952684798741;3.275080426939266
-124.4375;-123.5143;5.002952684798741;3.275080426939266
-123.375;-123.8;5.002952684798741;3.275080426939266
-122.8125;-122.1143;5.002952684798741;3.275080426939266
-122.75;-122.9429;5.002952684798741;3.275080426939266
-123.625;-122.2571;5.002952684798741;3.275080426939266
-124.875;-120.8857;5.002952684798741;3.275080426939266
-124.625;-121.7714;5.002952684798741;3.275080426939266
-122.875;-123.0857;5.002952684798741;3.275080426939266
-121.4375;-122.4571;5.002952684798741;3.275080426939266
-121.3125;-121.2571;5.002952684798741;3.275080426939266
-121.9375;-120.5714;5.002952684798741;3.275080426939266
-122.5625;-120.5714;5.002952684798741;3.275080426939266
-122.9375;-121.0857;5.002952684798741;3.275080426939266
-123.0625;-120.6286;5.002952684798741;3.275080426939266
-123.0625;-119.9143;5.002952684798741;3.275080426939266
-123.0625;-118.2571;5.002952684798741;3.275080426939266
-123.1875;-118.4;5.002952684798741;3.275080426939266
-123.0625;-118.8571;5.002952684798741;3.275080426939266
-122.5625;-119.6286;5.002952684798741;3.275080426939266
-122.0625;-118.4;5.002952684798741;3.275080426939266
-121.0625;-117.4286;5.002952684798741;3.275080426939266
-119.625;-117.5143;5.002952684798741;3.275080426939266
-118.875;-118.4286;5.002952684798741;3.275080426939266
-120.0625;-118.4571;5.002952684798741;3.275080426939266
-122.375;-117.8857;5.002952684798741;3.275080426939266
-122.5;-115.8;5.002952684798741;3.275080426939266
-119.625;-116.2857;5.002952684798741;3.275080426939266
-116.1875;-116.5714;5.002952684798741;3.275080426939266
-113.875;-115.7714;5.002952684798741;3.275080426939266
-113.375;-115.3429;5.002952684798741;3.275080426939266
-115.375;-116.0;5.002952684798741;3.275080426939266
-118.0;-116.1429;5.002952684798741;3.275080426939266
-119.0625;-116.1429;5.002952684798741;3.275080426939266
-118.0625;-116.9143;5.002952684798741;3.275080426939266
-116.4375;-114.4857;5.002952684798741;3.275080426939266
-115.5625;-113.5714;5.002952684798741;3.275080426939266
-115.6875;-114.1429;5.002952684798741;3.275080426939266
-116.4375;-115.1429;5.002952684798741;3.275080426939266
-116.125;-113.6571;5.002952684798741;3.275080426939266
-114.75;-114.4286;5.002952684798741;3.275080426939266
-114.75;-113.2286;5.002952684798741;3.275080426939266
-116.625;-113.8857;5.002952684798741;3.275080426939266
-118.3125;-113.3143;5.002952684798741;3.275080426939266
-118.875;-111.2571;5.002952684798741;3.275080426939266
-118.875;-111.4571;5.002952684798741;3.275080426939266
-118.6875;-111.5714;5.002952684798741;3.275080426939266
-118.5;-111.4;5.002952684798741;3.275080426939266
-118.4375;-111.4286;5.002952684798741;3.275080426939266
-117.75;-111.0286;5.002952684798741;3.275080426939266
-116.6875;-110.0;5.002952684798741;3.275080426939266
-115.9375;-111.2571;5.002952684798741;3.275080426939266
-115.125;-110.7429;5.002952684798741;3.275080426939266
-114.0625;-110.0286;5.002952684798741;3.275080426939266
-113.0;-110.2286;5.002952684798741;3.275080426939266
-111.875;-110.3143;5.002952684798741;3.275080426939266
-111.3125;-108.4;5.002952684798741;3.275080426939266
-110.9375;-108.6;5.002952684798741;3.275080426939266
-111.0625;-109.2571;5.002952684798741;3.275080426939266
-112.1875;-109.4571;5.002952684798741;3.275080426939266
-113.1875;-109.4;5.002952684798741;3.275080426939266
-112.625;-109.0571;5.002952684798741;3.275080426939266
-110.5625;-108.9714;5.002952684798741;3.275080426939266
-108.6875;-107.4;5.002952684798741;3.275080426939266
-108.625;-108.4571;5.002952684798741;3.275080426939266
-110.0;-107.5714;5.002952684798741;3.275080426939266
-111.625;-107.2571;5.002952684798741;3.275080426939266
-112.875;-105.0857;5.002952684798741;3.275080426939266
-112.5;-106.5714;5.002952684798741;3.275080426939266
-111.625;-106.3714;5.002952684798741;3.275080426939266
-111.0;-106.0571;5.002952684798741;3.275080426939266
-109.875;-107.1429;5.002952684798741;3.275080426939266
-108.875;-106.4857;5.002952684798741;3.275080426939266
-108.6875;-107.5714;5.002952684798741;3.275080426939266
-108.625;-106.2571;5.002952684798741;3.275080426939266
-107.875;-105.9429;5.002952684798741;3.275080426939266
-106.75;-106.5714;5.002952684798741;3.275080426939266
-105.875;-104.8;5.002952684798741;3.275080426939266
-105.5;-104.8857;5.002952684798741;3.275080426939266
-105.4375;-103.4;5.002952684798741;3.275080426939266
-105.4375;-103.9143;5.002952684798741;3.275080426939266
-105.9375;-103.9143;5.002952684798741;3.275080426939266
-106.875;-103.2571;5.002952684798741;3.275080426939266
-107.0;-103.1143;5.002952684798741;3.275080426939266
-106.875;-103.6857;5.002952684798741;3.275080426939266
-107.4375;-102.9143;5.002952684798741;3.275080426939266
-107.5625;-102.9143;5.002952684798741;3.275080426939266
-107.1875;-104.1429;5.002952684798741;3.275080426939266
-106.625;-102.5143;5.002952684798741;3.275080426939266
-105.6875;-102.6286;5.002952684798741;3.275080426939266
-104.875;-102.0;5.002952684798741;3.275080426939266
-104.9375;-102.2857;5.002952684798741;3.275080426939266
-106.3125;-101.8;5.002952684798741;3.275080426939266
-108.0625;-101.8571;5.002952684798741;3.275080426939266
-108.9375;-102.0286;5.002952684798741;3.275080426939266
-107.9375;-101.8;5.002952684798741;3.275080426939266
-105.5625;-101.5714;5.002952684798741;3.275080426939266
-104.75;-101.0286;5.002952684798741;3.275080426939266
-106.875;-100.3714;5.002952684798741;3.275080426939266
-108.8125;-101.2571;5.002952684798741;3.275080426939266
-107.8125;-100.2857;5.002952684798741;3.275080426939266
-105.625;-99.8286;5.002952684798741;3.275080426939266
-104.0625;-99.9143;5.002952684798741;3.275080426939266
-103.0625;-99.9429;5.002952684798741;3.275080426939266
-102.5625;-99.2571;5.002952684798741;3.275080426939266
-102.5625;-98.6857;5.002952684798741;3.275080426939266
-102.5;-99.0;5.002952684798741;3.275080426939266
-101.1875;-99.2857;5.002952684798741;3.275080426939266
-99.0625;-99.3429;5.002952684798741;3.275080426939266
-97.5;-98.5429;5.002952684798741;3.275080426939266
-96.6875;-98.0286;5.002952684798741;3.275080426939266
-96.5;-98.5429;5.002952684798741;3.275080426939266
-96.5625;-98.5143;5.002952684798741;3.275080426939266
-97.375;-97.5714;5.002952684798741;3.275080426939266
-99.3125;-96.9714;5.002952684798741;3.275080426939266
-101.0625;-98.0571;5.002952684798741;3.275080426939266
-101.25;-98.4;5.002952684798741;3.275080426939266
-101.0;-97.8;5.002952684798741;3.275080426939266
-101.25;-96.5714;5.002952684798741;3.275080426939266
-99.875;-96.2857;5.002952684798741;3.275080426939266
-98.125;-97.3143;5.002952684798741;3.275080426939266
-98.375;-97.1429;5.002952684798741;3.275080426939266
-99.0625;-96.6571;5.002952684798741;3.275080426939266
-99.0625;-95.8286;5.002952684798741;3.275080426939266
-98.3125;-96.0286;5.002952684798741;3.275080426939266
-97.4375;-96.1714;5.002952684798741;3.275080426939266
-97.1875;-95.5714;5.002952684798741;3.275080426939266
-97.5;-95.2286;5.002952684798741;3.275080426939266
-97.75;-95.2;5.002952684798741;3.275080426939266
-97.25;-94.5714;5.002952684798741;3.275080426939266
-96.8125;-94.6;5.002952684798741;3.275080426939266
-96.6875;-94.3143;5.002952684798741;3.275080426939266
-96.6875;-93.9429;5.002952684798741;3.275080426939266
-96.8125;-93.8857;5.002952684798741;3.275080426939266
-96.4375;-92.7143;5.002952684798741;3.275080426939266
-96.6875;-92.2;5.002952684798741;3.275080426939266
-98.125;-91.9429;5.002952684798741;3.275080426939266
-98.875;-92.6286;5.002952684798741;3.275080426939266
-98.0625;-92.1714;5.002952684798741;3.275080426939266
-96.1875;-92.0571;5.002952684798741;3.275080426939266
-94.4375;-92.3143;5.002952684798741;3.275080426939266
-93.375;-92.7143;5.002952684798741;3.275080426939266
-92.9375;-92.0286;5.002952684798741;3.275080426939266
-92.9375;-91.3143;5.002952684798741;3.275080426939266
-93.0;-92.6;5.002952684798741;3.275080426939266
-92.6875;-92.2857;5.002952684798741;3.275080426939266
-92.5;-92.0857;5.002952684798741;3.275080426939266
-92.4375;-91.8286;5.002952684798741;3.275080426939266
-92.0;-91.8286;5.002952684798741;3.275080426939266
-92.5;-92.0286;5.002952684798741;3.275080426939266
-93.8125;-90.4;5.002952684798741;3.275080426939266
-95.875;-90.9714;5.002952684798741;3.275080426939266
-97.375;-89.9714;5.002952684798741;3.275080426939266
-96.6875;-89.5429;5.002952684798741;3.275080426939266
-95.0625;-89.7429;5.002952684798741;3.275080426939266
-94.25;-90.7429;5.002952684798741;3.275080426939266
-94.25;-90.9143;5.002952684798741;3.275080426939266
-94.5625;-90.2571;5.002952684798741;3.275080426939266
-94.875;-89.6857;5.002952684798741;3.275080426939266
-94.5625;-88.8571;5.002952684798741;3.275080426939266
-93.0625;-89.1143;5.002952684798741;3.275080426939266
-91.8125;-89.7714;5.002952684798741;3.275080426939266
-92.0;-89.4;5.002952684798741;3.275080426939266
-92.8125;-88.9714;5.002952684798741;3.275080426939266
-93.125;-88.8;5.002952684798741;3.275080426939266
-93.4375;-88.1429;5.002952684798741;3.275080426939266
-93.9375;-87.9143;5.002952684798741;3.275080426939266
-93.25;-88.2;5.002952684798741;3.275080426939266
-92.4375;-88.2571;5.002952684798741;3.275080426939266
-91.9375;-87.5714;5.002952684798741;3.275080426939266
-91.0;-89.0;5.002952684798741;3.275080426939266
-91.0;-88.0286;5.002952684798741;3.275080426939266
-92.1875;-87.8286;5.002952684798741;3.275080426939266
-93.25;-88.0857;5.002952684798741;3.275080426939266
-93.875;-87.6571;5.002952684798741;3.275080426939266
-94.125;-87.4286;5.002952684798741;3.275080426939266
-94.125;-88.1429;5.002952684798741;3.275080426939266
-93.75;-87.0857;5.002952684798741;3.275080426939266
-93.0;-86.7143;5.002952684798741;3.275080426939266
-92.0;-86.6286;5.002952684798741;3.275080426939266
-90.875;-85.6857;5.002952684798741;3.275080426939266
-90.5625;-86.2;5.002952684798741;3.275080426939266
-89.75;-86.5429;5.002952684798741;3.275080426939266
-87.8125;-86.0571;5.002952684798741;3.275080426939266
-86.4375;-86.6;5.002952684798741;3.275080426939266
-86.1875;-86.0;5.002952684798741;3.275080426939266
-87.125;-86.2857;5.002952684798741;3.275080426939266
-88.5625;-85.5714;5.002952684798741;3.275080426939266
-88.5625;-85.3143;5.002952684798741;3.275080426939266
-87.1875;-84.4857;5.002952684798741;3.275080426939266
-86.3125;-84.8286;5.002952684798741;3.275080426939266
-87.125;-85.6;5.002952684798741;3.275080426939266
-88.5625;-85.0;5.002952684798741;3.275080426939266
-88.5625;-84.6286;5.002952684798741;3.275080426939266
-88.0625;-84.9143;5.002952684798741;3.275080426939266
-89.0625;-84.5143;5.002952684798741;3.275080426939266
-89.8125;-83.9714;5.002952684798741;3.275080426939266
-89.25;-83.6571;5.002952684798741;3.275080426939266
-88.75;-84.4571;5.002952684798741;3.275080426939266
-87.625;-84.9714;5.002952684798741;3.275080426939266
-86.375;-84.4571;5.002952684798741;3.275080426939266
-86.25;-83.4286;5.002952684798741;3.275080426939266
-86.6875;-82.8286;5.002952684798741;3.275080426939266
-87.125;-82.0857;5.002952684798741;3.275080426939266
-87.5625;-82.7429;5.002952684798741;3.275080426939266
-87.75;-82.5143;5.002952684798741;3.275080426939266
-87.875;-82.7429;5.002952684798741;3.275080426939266
-87.875;-82.5714;5.002952684798741;3.275080426939266
-87.8125;-82.0571;5.002952684798741;3.275080426939266
-87.8125;-82.6857;5.002952684798741;3.275080426939266
-87.6875;-81.2;5.002952684798741;3.275080426939266
-87.4375;-81.6571;5.002952684798741;3.275080426939266
-87.125;-81.7714;5.002952684798741;3.275080426939266
-86.625;-81.5143;5.002952684798741;3.275080426939266
-86.4375;-80.9143;5.002952684798741;3.275080426939266
-86.4375;-80.3714;5.002952684798741;3.275080426939266
-85.5625;-80.2286;5.002952684798741;3.275080426939266
-84.125;-80.5429;5.002952684798741;3.275080426939266
-83.6875;-81.0857;5.002952684798741;3.275080426939266
-84.0625;-80.9143;5.002952684798741;3.275080426939266
-83.6875;-80.2571;5.002952684798741;3.275080426939266
-83.0;-79.9143;5.002952684798741;3.275080426939266
-83.25;-80.3714;5.002952684798741;3.275080426939266
-84.25;-80.7429;5.002952684798741;3.275080426939266
-85.1875;-80.6286;5.002952684798741;3.275080426939266
-84.75;-79.6286;5.002952684798741;3.275080426939266
-83.3125;-80.0;5.002952684798741;3.275080426939266
-83.375;-79.6857;5.002952684798741;3.275080426939266
-83.6875;-79.2857;5.002952684798741;3.275080426939266
-83.0625;-79.6;5.002952684798741;3.275080426939266
-82.5;-79.0857;5.002952684798741;3.275080426939266
-81.75;-78.3429;5.002952684798741;3.275080426939266
-80.8125;-78.8286;5.002952684798741;3.275080426939266
-80.75;-78.6571;5.002952684798741;3.275080426939266
-81.375;-78.1714;5.002952684798741;3.275080426939266
-80.4375;-78.6571;5.002952684798741;3.275080426939266
-78.0625;-78.4571;5.002952684798741;3.275080426939266
-76.0625;-77.4286;5.002952684798741;3.275080426939266
-75.0625;-77.8571;5.002952684798741;3.275080426939266
-74.75;-77.8;5.002952684798741;3.275080426939266
-74.75;-77.1429;5.002952684798741;3.275080426939266
-75.6875;-76.8571;5.002952684798741;3.275080426939266
-78.0625;-76.7143;5.002952684798741;3.275080426939266
-80.25;-76.7143;5.002952684798741;3.275080426939266
-81.125;-76.9143;5.002952684798741;3.275080426939266
-81.1875;-77.1429;5.002952684798741;3.275080426939266
-80.3125;-76.8571;5.002952684798741;3.275080426939266
-79.875;-76.3429;5.002952684798741;3.275080426939266
-80.9375;-76.9714;5.002952684798741;3.275080426939266
-81.875;-76.6571;5.002952684798741;3.275080426939266
-81.75;-77.1143;5.002952684798741;3.275080426939266
-81.0;-76.2286;5.002952684798741;3.275080426939266
-80.1875;-75.6857;5.002952684798741;3.275080426939266
-79.6875;-76.2571;5.002952684798741;3.275080426939266
-79.3125;-75.3429;5.002952684798741;3.275080426939266
-79.0;-74.5714;5.002952684798741;3.275080426939266
-78.75;-74.8286;5.002952684798741;3.275080426939266
-78.6875;-75.2;5.002952684798741;3.275080426939266
-78.75;-74.5429;5.002952684798741;3.275080426939266
-77.75;-74.0286;5.002952684798741;3.275080426939266
-76.625;-73.4;5.002952684798741;3.275080426939266
-77.125;-73.6571;5.002952684798741;3.275080426939266
-77.9375;-74.1143;5.002952684798741;3.275080426939266
-78.25;-73.4286;5.002952684798741;3.275080426939266
-79.25;-73.0571;5.002952684798741;3.275080426939266
-80.25;-73.2286;5.002952684798741;3.275080426939266
-80.5;-73.2857;5.002952684798741;3.275080426939266
-81.125;-73.2571;5.002952684798741;3.275080426939266
-82.25;-73.0857;5.002952684798741;3.275080426939266
-83.0625;-73.6286;5.002952684798741;3.275080426939266
-83.5;-74.1714;5.002952684798741;3.275080426939266
-83.5625;-73.4286;5.002952684798741;3.275080426939266
-83.5625;-73.1714;5.002952684798741;3.275080426939266
-82.5625;-72.2;5.002952684798741;3.275080426939266
-79.8125;-72.6571;5.002952684798741;3.275080426939266
-77.0;-72.2857;5.002952684798741;3.275080426939266
-76.0625;-72.2857;5.002952684798741;3.275080426939266
-75.75;-72.5429;5.002952684798741;3.275080426939266
-75.25;-73.4571;5.002952684798741;3.275080426939266
-75.5625;-72.6286;5.002952684798741;3.275080426939266
-75.875;-72.2857;5.002952684798741;3.275080426939266
-76.1875;-72.3429;5.002952684798741;3.275080426939266
-76.9375;-72.2286;5.002952684798741;3.275080426939266
-77.3125;-71.8;5.002952684798741;3.275080426939266
-76.875;-71.7429;5.002952684798741;3.275080426939266
-76.125;-71.1143;5.002952684798741;3.275080426939266
-75.0;-70.8;5.002952684798741;3.275080426939266
-73.625;-70.7143;5.002952684798741;3.275080426939266
-72.5625;-70.5429;5.002952684798741;3.275080426939266
-72.6875;-71.0286;5.002952684798741;3.275080426939266
-73.75;-71.2286;5.002952684798741;3.275080426939266
-74.625;-69.8;5.002952684798741;3.275080426939266
-75.0625;-70.2;5.002952684798741;3.275080426939266
-75.5625;-70.4857;5.002952684798741;3.275080426939266
-75.9375;-70.3429;5.002952684798741;3.275080426939266
-75.0625;-70.0571;5.002952684798741;3.275080426939266
-73.5;-70.4;5.002952684798741;3.275080426939266
-72.5625;-70.1429;5.002952684798741;3.275080426939266
-72.1875;-69.0571;5.002952684798741;3.275080426939266
-71.875;-68.6;5.002952684798741;3.275080426939266
-71.625;-69.3429;5.002952684798741;3.275080426939266
-71.5;-69.1714;5.002952684798741;3.275080426939266
-71.5;-68.8857;5.002952684798741;3.275080426939266
-71.5;-69.4;5.002952684798741;3.275080426939266
-71.5;-69.6;5.002952684798741;3.275080426939266
-71.75;-68.8286;5.002952684798741;3.275080426939266
-72.5;-68.9143;5.002952684798741;3.275080426939266
-72.8125;-69.0286;5.002952684798741;3.275080426939266
-72.4375;-67.4571;5.002952684798741;3.275080426939266
-72.125;-67.4857;5.002952684798741;3.275080426939266
-71.625;-68.5714;5.002952684798741;3.275080426939266
-71.125;-68.5714;5.002952684798741;3.275080426939266
-70.75;-67.6571;5.002952684798741;3.275080426939266
-70.5;-67.8;5.002952684798741;3.275080426939266
-70.3125;-67.8286;5.002952684798741;3.275080426939266
-70.4375;-67.8571;5.002952684798741;3.275080426939266
-70.375;-67.4;5.002952684798741;3.275080426939266
-69.8125;-68.0286;5.002952684798741;3.275080426939266
-70.0625;-67.2857;5.002952684798741;3.275080426939266
-70.3125;-66.8571;5.002952684798741;3.275080426939266
-69.9375;-67.0571;5.002952684798741;3.275080426939266
-69.8125;-67.1143;5.002952684798741;3.275080426939266
-69.625;-66.1429;5.002952684798741;3.275080426939266
-69.1875;-66.6571;5.002952684798741;3.275080426939266
-69.5;-66.6571;5.002952684798741;3.275080426939266
-70.75;-66.0857;5.002952684798741;3.275080426939266
-71.0;-65.5429;5.002952684798741;3.275080426939266
-69.75;-66.4286;5.002952684798741;3.275080426939266
-68.625;-66.3714;5.002952684798741;3.275080426939266
-67.8125;-66.2286;5.002952684798741;3.275080426939266
-66.625;-66.2;5.002952684798741;3.275080426939266
-66.0625;-65.8857;5.002952684798741;3.275080426939266
-66.3125;-65.3429;5.002952684798741;3.275080426939266
-66.75;-66.3429;5.002952684798741;3.275080426939266
-67.0;-64.6571;5.002952684798741;3.275080426939266
-67.1875;-64.5714;5.002952684798741;3.275080426939266
-67.25;-65.5143;5.002952684798741;3.275080426939266
-67.25;-65.1429;5.002952684798741;3.275080426939266
-67.5;-64.1714;5.002952684798741;3.275080426939266
-68.1875;-64.8;5.002952684798741;3.275080426939266
-68.75;-64.5714;5.002952684798741;3.275080426939266
-68.5625;-64.4;5.002952684798741;3.275080426939266
-67.4375;-65.0286;5.002952684798741;3.275080426939266
-66.375;-64.7429;5.002952684798741;3.275080426939266
-66.4375;-64.3714;5.002952684798741;3.275080426939266
-67.0625;-64.7714;5.002952684798741;3.275080426939266
-68.0625;-64.2571;5.002952684798741;3.275080426939266
-69.3125;-63.6286;5.002952684798741;3.275080426939266
-69.0;-63.9714;5.002952684798741;3.275080426939266
-67.3125;-63.5429;5.002952684798741;3.275080426939266
-66.1875;-63.2;5.002952684798741;3.275080426939266
-65.875;-63.4857;5.002952684798741;3.275080426939266
-66.0625;-63.4286;5.002952684798741;3.275080426939266
-66.4375;-63.4286;5.002952684798741;3.275080426939266
-67.5;-63.2857;5.002952684798741;3.275080426939266
-68.6875;-63.3429;5.002952684798741;3.275080426939266
-68.9375;-62.8857;5.002952684798741;3.275080426939266
-67.6875;-63.5429;5.002952684798741;3.275080426939266
-66.0;-63.1429;5.002952684798741;3.275080426939266
-65.6875;-62.9429;5.002952684798741;3.275080426939266
-66.25;-63.2571;5.002952684798741;3.275080426939266
-66.5;-62.5143;5.002952684798741;3.275080426939266
-66.875;-62.4571;5.002952684798741;3.275080426939266
-67.125;-63.0571;5.002952684798741;3.275080426939266
-67.0;-62.2571;5.002952684798741;3.275080426939266
-66.75;-62.1429;5.002952684798741;3.275080426939266
-66.625;-61.8857;5.002952684798741;3.275080426939266
-66.5;-61.2571;5.002952684798741;3.275080426939266
-66.5;-61.6;5.002952684798741;3.275080426939266
-66.375;-61.8286;5.002952684798741;3.275080426939266
-65.5;-61.6;5.002952684798741;3.275080426939266
-64.125;-61.7429;5.002952684798741;3.275080426939266
-63.5625;-61.0857;5.002952684798741;3.275080426939266
-63.375;-60.4286;5.002952684798741;3.275080426939266
-63.1875;-61.5429;5.002952684798741;3.275080426939266
-63.375;-61.0571;5.002952684798741;3.275080426939266
-63.8125;-61.0286;5.002952684798741;3.275080426939266
-64.375;-60.8286;5.002952684798741;3.275080426939266
-64.25;-60.0571;5.002952684798741;3.275080426939266
-63.625;-60.6;5.002952684798741;3.275080426939266
-62.9375;-60.6;5.002952684798741;3.275080426939266
-62.3125;-60.0571;5.002952684798741;3.275080426939266
-62.1875;-60.4;5.002952684798741;3.275080426939266
-62.25;-59.9714;5.002952684798741;3.275080426939266
-62.6875;-59.8571;5.002952684798741;3.275080426939266
-63.125;-60.4;5.002952684798741;3.275080426939266
-62.75;-59.6286;5.002952684798741;3.275080426939266
-62.375;-59.9143;5.002952684798741;3.275080426939266
-62.5;-59.7143;5.002952684798741;3.275080426939266
-62.625;-59.2857;5.002952684798741;3.275080426939266
-62.5;-60.0857;5.002952684798741;3.275080426939266
-61.6875;-59.6286;5.002952684798741;3.275080426939266
-60.625;-59.1143;5.002952684798741;3.275080426939266
-60.75;-59.3429;5.002952684798741;3.275080426939266
-61.6875;-59.0571;5.002952684798741;3.275080426939266
-62.1875;-59.4571;5.002952684798741;3.275080426939266
-62.0625;-58.9429;5.002952684798741;3.275080426939266
-61.8125;-58.5429;5.002952684798741;3.275080426939266
-61.5625;-59.0286;5.002952684798741;3.275080426939266
-61.4375;-58.3714;5.002952684798741;3.275080426939266
-61.4375;-58.5429;5.002952684798741;3.275080426939266
-61.375;-58.9429;5.002952684798741;3.275080426939266
-60.5;-58.1429;5.002952684798741;3.275080426939266
-59.25;-58.4857;5.002952684798741;3.275080426939266
-59.625;-57.9714;5.002952684798741;3.275080426939266
-60.5625;-57.9714;5.002952684798741;3.275080426939266
-60.625;-58.0857;5.002952684798741;3.275080426939266
-60.875;-57.6571;5.002952684798741;3.275080426939266
-60.75;-57.7714;5.002952684798741;3.275080426939266
-59.4375;-57.4571;5.002952684798741;3.275080426939266
-58.75;-57.6286;5.002952684798741;3.275080426939266
-59.4375;-57.7143;5.002952684798741;3.275080426939266
-60.4375;-56.8571;5.002952684798741;3.275080426939266
-61.3125;-57.6286;5.002952684798741;3.275080426939266
-61.75;-56.8857;5.002952684798741;3.275080426939266
-61.5;-57.1429;5.002952684798741;3.275080426939266
-60.75;-56.8;5.002952684798741;3.275080426939266
-59.8125;-57.0571;5.002952684798741;3.275080426939266
-59.875;-56.6571;5.002952684798741;3.275080426939266
-60.0;-56.5714;5.002952684798741;3.275080426939266
-58.8125;-56.5429;5.002952684798741;3.275080426939266
-57.9375;-56.0571;5.002952684798741;3.275080426939266
-57.5;-55.9714;5.002952684798741;3.275080426939266
-56.25;-56.2857;5.002952684798741;3.275080426939266
-55.5;-55.9143;5.002952684798741;3.275080426939266
-56.25;-56.1143;5.002952684798741;3.275080426939266
-57.5625;-55.5714;5.002952684798741;3.275080426939266
-58.9375;-55.6;5.002952684798741;3.275080426939266
-60.0625;-55.7714;5.002952684798741;3.275080426939266
-60.6875;-55.5714;5.002952684798741;3.275080426939266
-60.875;-55.7429;5.002952684798741;3.275080426939266
-60.875;-55.1429;5.002952684798741;3.275080426939266
-60.75;-55.0571;5.002952684798741;3.275080426939266
-60.375;-54.7714;5.002952684798741;3.275080426939266
-59.5;-54.8286;5.002952684798741;3.275080426939266
-59.0625;-55.0;5.002952684798741;3.275080426939266
-59.125;-54.5429;5.002952684798741;3.275080426939266
-58.5625;-54.8;5.002952684798741;3.275080426939266
-57.6875;-54.5429;5.002952684798741;3.275080426939266
-57.125;-54.7714;5.002952684798741;3.275080426939266
-56.875;-54.5429;5.002952684798741;3.275080426939266
-56.75;-54.6;5.002952684798741;3.275080426939266
-56.6875;-54.7429;5.002952684798741;3.275080426939266
-56.75;-54.6286;5.002952684798741;3.275080426939266
-56.3125;-54.6571;5.002952684798741;3.275080426939266
-55.5625;-54.3143;5.002952684798741;3.275080426939266
-55.1875;-54.4;5.002952684798741;3.275080426939266
-55.4375;-54.1714;5.002952684798741;3.275080426939266
-55.875;-53.8286;5.002952684798741;3.275080426939266
-56.0625;-53.4286;5.002952684798741;3.275080426939266
-56.625;-53.4571;5.002952684798741;3.275080426939266
-57.0625;-53.4857;5.002952684798741;3.275080426939266
-56.625;-53.3714;5.002952684798741;3.275080426939266
-56.0625;-53.7143;5.002952684798741;3.275080426939266
-55.8125;-53.1714;5.002952684798741;3.275080426939266
-55.5625;-53.4571;5.002952684798741;3.275080426939266
-55.0625;-53.2857;5.002952684798741;3.275080426939266
-54.5;-53.3143;5.002952684798741;3.275080426939266
-54.4375;-53.5429;5.002952684798741;3.275080426939266
-54.6875;-53.2571;5.002952684798741;3.275080426939266
-54.8125;-52.6571;5.002952684798741;3.275080426939266
-54.875;-52.6286;5.002952684798741;3.275080426939266
-54.875;-52.4857;5.002952684798741;3.275080426939266
-54.875;-52.1143;5.002952684798741;3.275080426939266
-54.875;-52.2571;5.002952684798741;3.275080426939266
-55.0;-52.2;5.002952684798741;3.275080426939266
-55.0625;-52.1714;5.002952684798741;3.275080426939266
-54.9375;-51.8571;5.002952684798741;3.275080426939266
-54.875;-52.0;5.002952684798741;3.275080426939266
-54.8125;-52.1429;5.002952684798741;3.275080426939266
-55.0625;-52.0571;5.002952684798741;3.275080426939266
-55.0625;-52.2286;5.002952684798741;3.275080426939266
-54.125;-51.8;5.002952684798741;3.275080426939266
-53.1875;-51.8286;5.002952684798741;3.275080426939266
-53.0;-51.6;5.002952684798741;3.275080426939266
-53.6875;-51.6857;5.002952684798741;3.275080426939266
-54.1875;-51.2857;5.002952684798741;3.275080426939266
-54.125;-51.3143;5.002952684798741;3.275080426939266
-53.75;-51.0286;5.002952684798741;3.275080426939266
-53.4375;-51.1714;5.002952684798741;3.275080426939266
-53.75;-51.0571;5.002952684798741;3.275080426939266
-53.9375;-50.7429;5.002952684798741;3.275080426939266
-53.375;-50.8;5.002952684798741;3.275080426939266
-53.875;-50.6286;5.002952684798741;3.275080426939266
-54.875;-50.7143;5.002952684798741;3.275080426939266
-54.4375;-50.4;5.002952684798741;3.275080426939266
-53.125;-50.4857;5.002952684798741;3.275080426939266
-52.1875;-50.0571;5.002952684798741;3.275080426939266
-52.4375;-50.2571;5.002952684798741;3.275080426939266
-53.0625;-50.0;5.002952684798741;3.275080426939266
-52.625;-50.1714;5.002952684798741;3.275080426939266
-52.5;-49.8571;5.002952684798741;3.275080426939266
-53.375;-49.6286;5.002952684798741;3.275080426939266
-54.1875;-49.5429;5.002952684798741;3.275080426939266
-54.6875;-49.7714;5.002952684798741;3.275080426939266
-54.875;-49.8571;5.002952684798741;3.275080426939266
-54.9375;-49.7143;5.002952684798741;3.275080426939266
-54.875;-49.3429;5.002952684798741;3.275080426939266
-55.0;-49.3714;5.002952684798741;3.275080426939266
-55.0;-49.4286;5.002952684798741;3.275080426939266
-54.1875;-49.2286;5.002952684798741;3.275080426939266
-52.5625;-49.2857;5.002952684798741;3.275080426939266
-51.375;-49.1429;5.002952684798741;3.275080426939266
-50.5;-48.8286;5.002952684798741;3.275080426939266
-50.25;-49.0571;5.002952684798741;3.275080426939266
-50.875;-48.7429;5.002952684798741;3.275080426939266
-51.4375;-48.6857;5.002952684798741;3.275080426939266
-51.125;-48.4857;5.002952684798741;3.275080426939266
-50.25;-48.1714;5.002952684798741;3.275080426939266
-49.875;-48.0;5.002952684798741;3.275080426939266
-50.375;-48.2;5.002952684798741;3.275080426939266
-51.0;-48.2;5.002952684798741;3.275080426939266
-51.1875;-48.2286;5.002952684798741;3.275080426939266
-50.375;-48.1143;5.002952684798741;3.275080426939266
-49.4375;-48.1429;5.002952684798741;3.275080426939266
-49.4375;-47.8571;5.002952684798741;3.275080426939266
-50.0;-47.6286;5.002952684798741;3.275080426939266
-50.5625;-47.6857;5.002952684798741;3.275080426939266
-50.75;-47.3714;5.002952684798741;3.275080426939266
-50.875;-47.3714;5.002952684798741;3.275080426939266
-50.5625;-47.4286;5.002952684798741;3.275080426939266
-49.625;-47.4286;5.002952684798741;3.275080426939266
-48.875;-47.3429;5.002952684798741;3.275080426939266
-49.0625;-47.3143;5.002952684798741;3.275080426939266
-49.625;-47.0857;5.002952684798741;3.275080426939266
-50.1875;-47.1143;5.002952684798741;3.275080426939266
-50.4375;-47.1429;5.002952684798741;3.275080426939266
-50.5625;-46.9429;5.002952684798741;3.275080426939266
-50.5625;-46.8857;5.002952684798741;3.275080426939266
-50.125;-46.7714;5.002952684798741;3.275080426939266
-49.25;-46.5429;5.002952684798741;3.275080426939266
-48.8125;-46.1429;5.002952684798741;3.275080426939266
-49.0;-46.0571;5.002952684798741;3.275080426939266
-49.3125;-46.0857;5.002952684798741;3.275080426939266
-49.125;-46.1714;5.002952684798741;3.275080426939266
-48.625;-45.8571;5.002952684798741;3.275080426939266
-48.25;-45.9429;5.002952684798741;3.275080426939266
-47.8125;-45.9714;5.002952684798741;3.275080426939266
-47.0625;-45.8571;5.002952684798741;3.275080426939266
-46.9375;-46.0;5.002952684798741;3.275080426939266
-47.375;-45.9714;5.002952684798741;3.275080426939266
-47.625;-45.6571;5.002952684798741;3.275080426939266
-48.125;-45.6;5.002952684798741;3.275080426939266
-48.4375;-45.4;5.002952684798741;3.275080426939266
-47.8125;-45.6286;5.002952684798741;3.275080426939266
-47.5625;-45.4571;5.002952684798741;3.275080426939266
-48.3125;-45.6;5.002952684798741;3.275080426939266
-48.4375;-45.3429;5.002952684798741;3.275080426939266
-47.0;-45.3429;5.002952684798741;3.275080426939266
-45.6875;-45.2857;5.002952684798741;3.275080426939266
-45.8125;-45.1714;5.002952684798741;3.275080426939266
-47.0625;-44.8857;5.002952684798741;3.275080426939266
-47.75;-44.8571;5.002952684798741;3.275080426939266
-47.1875;-44.7429;5.002952684798741;3.275080426939266
-46.6875;-44.5143;5.002952684798741;3.275080426939266
-46.9375;-44.4286;5.002952684798741;3.275080426939266
-47.5625;-44.5143;5.002952684798741;3.275080426939266
-48.0;-44.5143;5.002952684798741;3.275080426939266
-48.25;-44.6;5.002952684798741;3.275080426939266
-48.3125;-44.4286;5.002952684798741;3.275080426939266
-48.3125;-44.2571;5.002952684798741;3.275080426939266
-48.3125;-44.0286;5.002952684798741;3.275080426939266
-48.0;-44.1143;5.002952684798741;3.275080426939266
-47.25;-44.1429;5.002952684798741;3.275080426939266
-45.875;-43.9429;5.002952684798741;3.275080426939266
-44.6875;-43.8286;5.002952684798741;3.275080426939266
-45.125;-43.7143;5.002952684798741;3.275080426939266
-46.25;-43.6857;5.002952684798741;3.275080426939266
-46.1875;-43.4571;5.002952684798741;3.275080426939266
-45.5625;-43.6571;5.002952684798741;3.275080426939266
-45.25;-43.5429;5.002952684798741;3.275080426939266
-45.1875;-43.3429;5.002952684798741;3.275080426939266
-45.625;-43.2;5.002952684798741;3.275080426939266
-46.6875;-43.0286;5.002952684798741;3.275080426939266
-47.1875;-42.8571;5.002952684798741;3.275080426939266
-46.1875;-42.8286;5.002952684798741;3.275080426939266
-44.8125;-42.9143;5.002952684798741;3.275080426939266
-44.25;-42.5714;5.002952684798741;3.275080426939266
-44.875;-42.6857;5.002952684798741;3.275080426939266
-45.4375;-42.6;5.002952684798741;3.275080426939266
-45.1875;-42.6286;5.002952684798741;3.275080426939266
-45.1875;-42.4286;5.002952684798741;3.275080426939266
-45.4375;-42.2857;5.002952684798741;3.275080426939266
-45.25;-42.4;5.002952684798741;3.275080426939266
-44.75;-42.1429;5.002952684798741;3.275080426939266
-44.8125;-42.0857;5.002952684798741;3.275080426939266
-45.0625;-41.8;5.002952684798741;3.275080426939266
-44.5625;-42.0;5.002952684798741;3.275080426939266
-43.625;-42.0286;5.002952684798741;3.275080426939266
-42.8125;-41.6857;5.002952684798741;3.275080426939266
-42.4375;-41.7714;5.002952684798741;3.275080426939266
-42.3125;-41.5429;5.002952684798741;3.275080426939266
-42.3125;-41.5429;5.002952684798741;3.275080426939266
-42.4375;-41.6;5.002952684798741;3.275080426939266
-42.625;-41.3143;5.002952684798741;3.275080426939266
-42.75;-41.2571;5.002952684798741;3.275080426939266
-42.5625;-41.4571;5.002952684798741;3.275080426939266
-42.0;-41.1143;5.002952684798741;3.275080426939266
-41.9375;-41.1143;5.002952684798741;3.275080426939266
-42.625;-41.1143;5.002952684798741;3.275080426939266
-43.1875;-40.9143;5.002952684798741;3.275080426939266
-43.4375;-40.6571;5.002952684798741;3.275080426939266
-43.375;-40.7429;5.002952684798741;3.275080426939266
-43.5625;-40.8;5.002952684798741;3.275080426939266
-43.8125;-40.6571;5.002952684798741;3.275080426939266
-43.875;-40.6;5.002952684798741;3.275080426939266
-43.375;-40.4;5.002952684798741;3.275080426939266
-42.625;-40.2;5.002952684798741;3.275080426939266
-42.5625;-40.2286;5.002952684798741;3.275080426939266
-42.4375;-40.2286;5.002952684798741;3.275080426939266
-41.75;-40.4;5.002952684798741;3.275080426939266
-41.3125;-40.3429;5.002952684798741;3.275080426939266
-41.5;-40.1429;5.002952684798741;3.275080426939266
-42.0625;-39.9429;5.002952684798741;3.275080426939266
-42.625;-40.0;5.002952684798741;3.275080426939266
-42.625;-39.6857;5.002952684798741;3.275080426939266
-42.3125;-39.6286;5.002952684798741;3.275080426939266
-42.3125;-39.6286;5.002952684798741;3.275080426939266
-42.375;-39.3429;5.002952684798741;3.275080426939266
-42.125;-39.3714;5.002952684798741;3.275080426939266
-41.5625;-39.0857;5.002952684798741;3.275080426939266
-41.125;-39.2857;5.002952684798741;3.275080426939266
-40.875;-39.2286;5.002952684798741;3.275080426939266
-40.8125;-38.8;5.002952684798741;3.275080426939266
-40.8125;-39.1429;5.002952684798741;3.275080426939266
-40.75;-39.0857;5.002952684798741;3.275080426939266
-40.5;-39.1143;5.002952684798741;3.275080426939266
-40.4375;-38.9714;5.002952684798741;3.275080426939266
-40.25;-38.8857;5.002952684798741;3.275080426939266
-40.125;-38.7714;5.002952684798741;3.275080426939266
-40.4375;-38.8;5.002952684798741;3.275080426939266
-40.3125;-38.6571;5.002952684798741;3.275080426939266
-40.0625;-38.6;5.002952684798741;3.275080426939266
-40.1875;-38.4;5.002952684798741;3.275080426939266
-40.125;-38.3143;5.002952684798741;3.275080426939266
-40.0625;-38.5143;5.002952684798741;3.275080426939266
-40.25;-38.6;5.002952684798741;3.275080426939266
-40.25;-38.3429;5.002952684798741;3.275080426939266
-40.125;-38.1714;5.002952684798741;3.275080426939266
-40.5;-38.2;5.002952684798741;3.275080426939266
-40.8125;-38.0857;5.002952684798741;3.275080426939266
-40.75;-38.0857;5.002952684798741;3.275080426939266
-41.0;-37.8286;5.002952684798741;3.275080426939266
-41.4375;-37.8;5.002952684798741;3.275080426939266
-41.4375;-37.7714;5.002952684798741;3.275080426939266
-40.8125;-37.9143;5.002952684798741;3.275080426939266
-39.875;-37.8571;5.002952684798741;3.275080426939266
-39.5625;-37.6286;5.002952684798741;3.275080426939266
-39.5;-37.4286;5.002952684798741;3.275080426939266
-38.875;-37.3714;5.002952684798741;3.275080426939266
-38.5625;-37.2571;5.002952684798741;3.275080426939266
-39.125;-37.3143;5.002952684798741;3.275080426939266
-40.0625;-37.1714;5.002952684798741;3.275080426939266
-40.75;-37.3143;5.002952684798741;3.275080426939266
-41.0625;-37.3143;5.002952684798741;3.275080426939266
-41.1875;-36.8286;5.002952684798741;3.275080426939266
-41.125;-36.8857;5.002952684798741;3.275080426939266
-40.8125;-36.6857;5.002952684798741;3.275080426939266
-39.9375;-36.6286;5.002952684798741;3.275080426939266
-38.875;-36.6857;5.002952684798741;3.275080426939266
-37.875;-36.4286;5.002952684798741;3.275080426939266
-37.25;-36.5429;5.002952684798741;3.275080426939266
-37.3125;-36.5429;5.002952684798741;3.275080426939266
-38.1875;-36.2571;5.002952684798741;3.275080426939266
-38.9375;-36.1429;5.002952684798741;3.275080426939266
-38.75;-36.1429;5.002952684798741;3.275080426939266
-38.0;-36.1714;5.002952684798741;3.275080426939266
-37.0;-36.1714;5.002952684798741;3.275080426939266
-36.6875;-36.1143;5.002952684798741;3.275080426939266
-37.3125;-36.2286;5.002952684798741;3.275080426939266
-37.3125;-36.0857;5.002952684798741;3.275080426939266
-36.75;-36.0;5.002952684798741;3.275080426939266
-36.625;-35.6857;5.002952684798741;3.275080426939266
-36.5;-35.6286;5.002952684798741;3.275080426939266
-36.0;-35.6;5.002952684798741;3.275080426939266
-36.125;-35.6;5.002952684798741;3.275080426939266
-37.0625;-35.5429;5.002952684798741;3.275080426939266
-37.625;-35.6;5.002952684798741;3.275080426939266
-37.3125;-35.4571;5.002952684798741;3.275080426939266
-37.0625;-35.3143;5.002952684798741;3.275080426939266
-36.8125;-34.9429;5.002952684798741;3.275080426939266
-36.625;-34.8857;5.002952684798741;3.275080426939266
-36.4375;-35.0286;5.002952684798741;3.275080426939266
-35.3125;-34.9714;5.002952684798741;3.275080426939266
-33.5625;-34.9429;5.002952684798741;3.275080426939266
-32.25;-35.0;5.002952684798741;3.275080426939266
-31.6875;-34.8286;5.002952684798741;3.275080426939266
-31.5;-34.6857;5.002952684798741;3.275080426939266
-31.5625;-34.6;5.002952684798741;3.275080426939266
-32.3125;-34.5143;5.002952684798741;3.275080426939266
-34.4375;-34.4286;5.002952684798741;3.275080426939266
-36.875;-34.5714;5.002952684798741;3.275080426939266
-37.5;-34.3714;5.002952684798741;3.275080426939266
-36.5;-34.2571;5.002952684798741;3.275080426939266
-36.0625;-34.2571;5.002952684798741;3.275080426939266
-36.0;-34.2571;5.002952684798741;3.275080426939266
-35.375;-34.0286;5.002952684798741;3.275080426939266
-34.8125;-33.8;5.002952684798741;3.275080426939266
-34.3125;-33.6;5.002952684798741;3.275080426939266
-34.125;-33.4286;5.002952684798741;3.275080426939266
-34.375;-33.5429;5.002952684798741;3.275080426939266
-34.875;-33.5714;5.002952684798741;3.275080426939266
-35.0625;-33.4;5.002952684798741;3.275080426939266
-35.0625;-33.2;5.002952684798741;3.275080426939266
-35.3125;-33.0571;5.002952684798741;3.275080426939266
-35.3125;-33.1714;5.002952684798741;3.275080426939266
-34.125;-33.1143;5.002952684798741;3.275080426939266
-32.5625;-33.1143;5.002952684798741;3.275080426939266
-32.3125;-33.1143;5.002952684798741;3.275080426939266
-32.9375;-33.1429;5.002952684798741;3.275080426939266
-33.4375;-33.1429;5.002952684798741;3.275080426939266
-33.8125;-32.9143;5.002952684798741;3.275080426939266
-33.875;-32.9714;5.002952684798741;3.275080426939266
-34.0625;-32.8571;5.002952684798741;3.275080426939266
-34.375;-32.8;5.002952684798741;3.275080426939266
-34.0625;-32.7714;5.002952684798741;3.275080426939266
-33.25;-32.4571;5.002952684798741;3.275080426939266
-32.625;-32.4571;5.002952684798741;3.275080426939266
-32.25;-32.4571;5.002952684798741;3.275080426939266
-32.1875;-32.2857;5.002952684798741;3.275080426939266
-32.1875;-32.1143;5.002952684798741;3.275080426939266
-32.875;-32.2;5.002952684798741;3.275080426939266
-34.0625;-31.9714;5.002952684798741;3.275080426939266
-34.625;-31.9143;5.002952684798741;3.275080426939266
-34.5;-32.0571;5.002952684798741;3.275080426939266
-34.1875;-32.0571;5.002952684798741;3.275080426939266
-33.4375;-31.9714;5.002952684798741;3.275080426939266
-33.0;-32.0;5.002952684798741;3.275080426939266
-32.8125;-31.8857;5.002952684798741;3.275080426939266
-32.4375;-31.9143;5.002952684798741;3.275080426939266
-32.3125;-31.5714;5.002952684798741;3.275080426939266
-32.1875;-31.5429;5.002952684798741;3.275080426939266
-31.8125;-31.6;5.002952684798741;3.275080426939266
-31.5625;-31.6571;5.002952684798741;3.275080426939266
-31.5625;-31.5143;5.002952684798741;3.275080426939266
-31.5625;-31.5714;5.002952684798741;3.275080426939266
-31.875;-31.5143;5.002952684798741;3.275080426939266
-32.375;-31.2571;5.002952684798741;3.275080426939266
-32.6875;-31.1429;5.002952684798741;3.275080426939266
-33.1875;-31.0286;5.002952684798741;3.275080426939266
-33.625;-30.8857;5.002952684798741;3.275080426939266
-33.75;-30.8;5.002952684798741;3.275080426939266
-33.5;-30.7429;5.002952684798741;3.275080426939266
-32.6875;-30.7143;5.002952684798741;3.275080426939266
-32.1875;-30.6857;5.002952684798741;3.275080426939266
-31.9375;-30.6;5.002952684798741;3.275080426939266
-31.5;-30.4571;5.002952684798741;3.275080426939266
-32.0;-30.5429;5.002952684798741;3.275080426939266
-33.375;-30.3714;5.002952684798741;3.275080426939266
-34.5;-30.3429;5.002952684798741;3.275080426939266
-35.125;-30.3143;5.002952684798741;3.275080426939266
-35.3125;-30.2857;5.002952684798741;3.275080426939266
-35.3125;-30.3429;5.002952684798741;3.275080426939266
-35.0;-30.2;5.002952684798741;3.275080426939266
-34.0;-30.1714;5.002952684798741;3.275080426939266
-32.75;-30.0857;5.002952684798741;3.275080426939266
-32.0625;-30.0;5.002952684798741;3.275080426939266
-31.875;-29.8857;5.002952684798741;3.275080426939266
-31.8125;-29.7714;5.002952684798741;3.275080426939266
-31.75;-29.6571;5.002952684798741;3.275080426939266
-31.6875;-29.7429;5.002952684798741;3.275080426939266
-31.5625;-29.6571;5.002952684798741;3.275080426939266
-31.0;-29.5714;5.002952684798741;3.275080426939266
-30.125;-29.4571;5.002952684798741;3.275080426939266
-29.3125;-29.4857;5.002952684798741;3.275080426939266
-29.0625;-29.4;5.002952684798741;3.275080426939266
-29.625;-29.3714;5.002952684798741;3.275080426939266
-30.4375;-29.3143;5.002952684798741;3.275080426939266
-30.9375;-29.2;5.002952684798741;3.275080426939266
-31.125;-29.1429;5.002952684798741;3.275080426939266
-31.3125;-29.0286;5.002952684798741;3.275080426939266
-31.4375;-28.8571;5.002952684798741;3.275080426939266
-31.25;-28.8286;5.002952684798741;3.275080426939266
-30.5;-28.8857;5.002952684798741;3.275080426939266
-29.8125;-29.0286;5.002952684798741;3.275080426939266
-29.75;-28.9143;5.002952684798741;3.275080426939266
-30.0625;-28.7429;5.002952684798741;3.275080426939266
-30.5625;-28.5714;5.002952684798741;3.275080426939266
-30.8125;-28.6571;5.002952684798741;3.275080426939266
-30.3125;-28.4571;5.002952684798741;3.275080426939266
-29.625;-28.2857;5.002952684798741;3.275080426939266
-29.125;-28.1714;5.002952684798741;3.275080426939266
-28.875;-28.1714;5.002952684798741;3.275080426939266
-28.8125;-28.0286;5.002952684798741;3.275080426939266
-28.8125;-28.0571;5.002952684798741;3.275080426939266
-29.0;-27.8571;5.002952684798741;3.275080426939266
-29.625;-27.8857;5.002952684798741;3.275080426939266
-29.9375;-27.8571;5.002952684798741;3.275080426939266
-29.4375;-27.8857;5.002952684798741;3.275080426939266
-29.0;-27.8286;5.002952684798741;3.275080426939266
-28.75;-27.7429;5.002952684798741;3.275080426939266
-28.3125;-27.9143;5.002952684798741;3.275080426939266
-28.0;-27.7143;5.002952684798741;3.275080426939266
-28.125;-27.4857;5.002952684798741;3.275080426939266
-28.3125;-27.5714;5.002952684798741;3.275080426939266
-28.375;-27.4571;5.002952684798741;3.275080426939266
-28.5;-27.4;5.002952684798741;3.275080426939266
-28.625;-27.3143;5.002952684798741;3.275080426939266
-28.5625;-27.3429;5.002952684798741;3.275080426939266
-28.375;-27.3714;5.002952684798741;3.275080426939266
-28.125;-27.3714;5.002952684798741;3.275080426939266
-27.8125;-27.0857;5.002952684798741;3.275080426939266
-27.875;-26.9714;5.002952684798741;3.275080426939266
-28.9375;-26.9143;5.002952684798741;3.275080426939266
-29.9375;-26.8857;5.002952684798741;3.275080426939266
-29.8125;-26.8286;5.002952684798741;3.275080426939266
-28.875;-26.8286;5.002952684798741;3.275080426939266
-28.1875;-26.8286;5.002952684798741;3.275080426939266
-28.0;-26.8286;5.002952684798741;3.275080426939266
-27.75;-26.6286;5.002952684798741;3.275080426939266
-27.375;-26.3714;5.002952684798741;3.275080426939266
-27.4375;-26.5143;5.002952684798741;3.275080426939266
-27.8125;-26.5429;5.002952684798741;3.275080426939266
-28.125;-26.4;5.002952684798741;3.275080426939266
-28.3125;-26.4286;5.002952684798741;3.275080426939266
-28.375;-26.2286;5.002952684798741;3.275080426939266
-28.375;-26.0857;5.002952684798741;3.275080426939266
-28.5625;-26.0;5.002952684798741;3.275080426939266
-28.6875;-26.0286;5.002952684798741;3.275080426939266
-28.4375;-25.9429;5.002952684798741;3.275080426939266
-27.75;-25.9429;5.002952684798741;3.275080426939266
-27.3125;-25.8857;5.002952684798741;3.275080426939266
-27.4375;-25.8286;5.002952684798741;3.275080426939266
-27.3125;-25.7429;5.002952684798741;3.275080426939266
-27.0;-25.6857;5.002952684798741;3.275080426939266
-26.875;-25.6;5.002952684798741;3.275080426939266
-26.625;-25.5143;5.002952684798741;3.275080426939266
-26.5;-25.5429;5.002952684798741;3.275080426939266
-26.3125;-25.4;5.002952684798741;3.275080426939266
-26.1875;-25.3714;5.002952684798741;3.275080426939266
-26.375;-25.2286;5.002952684798741;3.275080426939266
-26.5;-25.3429;5.002952684798741;3.275080426939266
-26.4375;-25.3714;5.002952684798741;3.275080426939266
-26.4375;-25.1429;5.002952684798741;3.275080426939266
-26.75;-25.0;5.002952684798741;3.275080426939266
-26.8125;-24.9714;5.002952684798741;3.275080426939266
-26.5;-24.8571;5.002952684798741;3.275080426939266
-26.125;-24.8571;5.002952684798741;3.275080426939266
-25.8125;-24.7714;5.002952684798741;3.275080426939266
-25.625;-24.8857;5.002952684798741;3.275080426939266
-25.25;-24.7429;5.002952684798741;3.275080426939266
-25.0625;-24.5143;5.002952684798741;3.275080426939266
-25.1875;-24.5143;5.002952684798741;3.275080426939266
-25.5625;-24.4286;5.002952684798741;3.275080426939266
-25.875;-24.5143;5.002952684798741;3.275080426939266
-26.0625;-24.5143;5.002952684798741;3.275080426939266
-26.0625;-24.4571;5.002952684798741;3.275080426939266
-26.0625;-24.3143;5.002952684798741;3.275080426939266
-26.0625;-24.1429;5.002952684798741;3.275080426939266
-26.0;-24.0857;5.002952684798741;3.275080426939266
-25.8125;-24.0857;5.002952684798741;3.275080426939266
-25.3125;-24.0857;5.002952684798741;3.275080426939266
-24.625;-24.0;5.002952684798741;3.275080426939266
-24.4375;-24.0571;5.002952684798741;3.275080426939266
-24.5625;-24.0;5.002952684798741;3.275080426939266
-24.6875;-24.0;5.002952684798741;3.275080426939266
-24.875;-23.9143;5.002952684798741;3.275080426939266
-24.625;-23.6571;5.002952684798741;3.275080426939266
-24.375;-23.6571;5.002952684798741;3.275080426939266
-24.1875;-23.5143;5.002952684798741;3.275080426939266
-23.9375;-23.4;5.002952684798741;3.275080426939266
-23.8125;-23.4;5.002952684798741;3.275080426939266
-23.625;-23.3143;5.002952684798741;3.275080426939266
-23.125;-23.1429;5.002952684798741;3.275080426939266
-23.1875;-23.2;5.002952684798741;3.275080426939266
-23.6875;-23.1429;5.002952684798741;3.275080426939266
-24.0;-23.0857;5.002952684798741;3.275080426939266
-24.1875;-23.0571;5.002952684798741;3.275080426939266
-24.3125;-23.0286;5.002952684798741;3.275080426939266
-24.3125;-23.1143;5.002952684798741;3.275080426939266
-24.4375;-22.9143;5.002952684798741;3.275080426939266
-24.25;-22.6571;5.002952684798741;3.275080426939266
-23.9375;-22.7429;5.002952684798741;3.275080426939266
-23.375;-22.5714;5.002952684798741;3.275080426939266
-22.9375;-22.5429;5.002952684798741;3.275080426939266
-23.5;-22.6;5.002952684798741;3.275080426939266
-24.625;-22.4571;5.002952684798741;3.275080426939266
-25.5625;-22.4286;5.002952684798741;3.275080426939266
-26.0;-22.4571;5.002952684798741;3.275080426939266
-26.125;-22.4;5.002952684798741;3.275080426939266
-26.125;-22.3143;5.002952684798741;3.275080426939266
-25.5;-22.2286;5.002952684798741;3.275080426939266
-24.125;-22.2571;5.002952684798741;3.275080426939266
-22.875;-22.3429;5.002952684798741;3.275080426939266
-22.375;-22.2571;5.002952684798741;3.275080426939266
-22.5;-22.2286;5.002952684798741;3.275080426939266
-23.0;-22.1714;5.002952684798741;3.275080426939266
-23.125;-22.1143;5.002952684798741;3.275080426939266
-22.875;-22.0;5.002952684798741;3.275080426939266
-22.5625;-21.8286;5.002952684798741;3.275080426939266
-22.3125;-21.8;5.002952684798741;3.275080426939266
-22.125;-21.8;5.002952684798741;3.275080426939266
-21.875;-21.7143;5.002952684798741;3.275080426939266
-21.75;-21.6857;5.002952684798741;3.275080426939266
-21.8125;-21.5429;5.002952684798741;3.275080426939266
-22.0;-21.5429;5.002952684798741;3.275080426939266
-22.0625;-21.4571;5.002952684798741;3.275080426939266
-22.1875;-21.4286;5.002952684798741;3.275080426939266
-22.5;-21.5143;5.002952684798741;3.275080426939266
-22.5;-21.3714;5.002952684798741;3.275080426939266
-21.8125;-21.4;5.002952684798741;3.275080426939266
-21.0;-21.3143;5.002952684798741;3.275080426939266
-20.8125;-21.2857;5.002952684798741;3.275080426939266
-21.1875;-21.1714;5.002952684798741;3.275080426939266
-21.6875;-21.1143;5.002952684798741;3.275080426939266
-21.9375;-21.0857;5.002952684798741;3.275080426939266
-22.0625;-21.0;5.002952684798741;3.275080426939266
-21.8125;-20.9143;5.002952684798741;3.275080426939266
-21.4375;-20.8286;5.002952684798741;3.275080426939266
-21.125;-20.8857;5.002952684798741;3.275080426939266
-20.9375;-20.8;5.002952684798741;3.275080426939266
-20.875;-20.8286;5.002952684798741;3.275080426939266
-20.9375;-20.7143;5.002952684798741;3.275080426939266
-20.9375;-20.6;5.002952684798741;3.275080426939266
-21.375;-20.5429;5.002952684798741;3.275080426939266
-21.9375;-20.4286;5.002952684798741;3.275080426939266
-21.8125;-20.3429;5.002952684798741;3.275080426939266
-21.3125;-20.4571;5.002952684798741;3.275080426939266
-20.8125;-20.3143;5.002952684798741;3.275080426939266
-20.6875;-20.2571;5.002952684798741;3.275080426939266
-20.8125;-20.1714;5.002952684798741;3.275080426939266
-20.75;-20.1143;5.002952684798741;3.275080426939266
-20.3125;-20.0571;5.002952684798741;3.275080426939266
-19.875;-19.9429;5.002952684798741;3.275080426939266
-19.9375;-20.0571;5.002952684798741;3.275080426939266
-20.1875;-19.9429;5.002952684798741;3.275080426939266
-20.25;-19.8857;5.002952684798741;3.275080426939266
-20.3125;-19.7143;5.002952684798741;3.275080426939266
-20.375;-19.8571;5.002952684798741;3.275080426939266
-20.3125;-19.6857;5.002952684798741;3.275080426939266
-20.25;-19.6286;5.002952684798741;3.275080426939266
-20.25;-19.6286;5.002952684798741;3.275080426939266
-20.3125;-19.5714;5.002952684798741;3.275080426939266
-20.3125;-19.5714;5.002952684798741;3.275080426939266
-20.125;-19.5714;5.002952684798741;3.275080426939266
-20.0625;-19.4857;5.002952684798741;3.275080426939266
-20.1875;-19.4;5.002952684798741;3.275080426939266
-20.375;-19.4;5.002952684798741;3.275080426939266
-20.3125;-19.3143;5.002952684798741;3.275080426939266
-20.0;-19.2571;5.002952684798741;3.275080426939266
-19.5;-19.1429;5.002952684798741;3.275080426939266
-19.1875;-19.0571;5.002952684798741;3.275080426939266
-19.0625;-19.0857;5.002952684798741;3.275080426939266
-19.0;-19.0286;5.002952684798741;3.275080426939266
-19.0625;-19.0;5.002952684798741;3.275080426939266
-19.1875;-18.9143;5.002952684798741;3.275080426939266
-19.5625;-18.8571;5.002952684798741;3.275080426939266
-20.0;-18.7143;5.002952684798741;3.275080426939266
-19.875;-18.6571;5.002952684798741;3.275080426939266
-19.3125;-18.5714;5.002952684798741;3.275080426939266
-18.875;-18.5714;5.002952684798741;3.275080426939266
-18.875;-18.5714;5.002952684798741;3.275080426939266
-19.0625;-18.5143;5.002952684798741;3.275080426939266
-19.3125;-18.5143;5.002952684798741;3.275080426939266
-19.6875;-18.4857;5.002952684798741;3.275080426939266
-19.625;-18.4571;5.002952684798741;3.275080426939266
-19.125;-18.2571;5.002952684798741;3.275080426939266
-19.1875;-18.3143;5.002952684798741;3.275080426939266
-19.6875;-18.2857;5.002952684798741;3.275080426939266
-19.875;-18.1429;5.002952684798741;3.275080426939266
-19.75;-18.0857;5.002952684798741;3.275080426939266
-19.4375;-18.1143;5.002952684798741;3.275080426939266
-19.375;-17.8857;5.002952684798741;3.275080426939266
-19.125;-17.9143;5.002952684798741;3.275080426939266
-18.5625;-17.8857;5.002952684798741;3.275080426939266
-18.0625;-17.8571;5.002952684798741;3.275080426939266
-18.0;-17.8286;5.002952684798741;3.275080426939266
-18.1875;-17.8286;5.002952684798741;3.275080426939266
-18.25;-17.7714;5.002952684798741;3.275080426939266
-18.3125;-17.7143;5.002952684798741;3.275080426939266
-18.4375;-17.6;5.002952684798741;3.275080426939266
-18.8125;-17.6;5.002952684798741;3.275080426939266
-19.4375;-17.5143;5.002952684798741;3.275080426939266
-19.875;-17.4571;5.002952684798741;3.275080426939266
-20.0625;-17.2857;5.002952684798741;3.275080426939266
-20.125;-17.2857;5.002952684798741;3.275080426939266
-20.125;-17.2286;5.002952684798741;3.275080426939266
-19.75;-17.1429;5.002952684798741;3.275080426939266
-18.5625;-17.1714;5.002952684798741;3.275080426939266
-17.25;-17.1143;5.002952684798741;3.275080426939266
-17.0;-16.9143;5.002952684798741;3.275080426939266
-17.375;-16.8286;5.002952684798741;3.275080426939266
-17.5;-16.7143;5.002952684798741;3.275080426939266
-17.3125;-16.6571;5.002952684798741;3.275080426939266
-16.6875;-16.6286;5.002952684798741;3.275080426939266
-16.125;-16.5429;5.002952684798741;3.275080426939266
-16.3125;-16.4;5.002952684798741;3.275080426939266
-16.75;-16.4286;5.002952684798741;3.275080426939266
-16.9375;-16.3714;5.002952684798741;3.275080426939266
-17.1875;-16.2857;5.002952684798741;3.275080426939266
-17.375;-16.2;5.002952684798741;3.275080426939266
-17.125;-16.1429;5.002952684798741;3.275080426939266
-16.8125;-16.1143;5.002952684798741;3.275080426939266
-16.625;-16.0857;5.002952684798741;3.275080426939266
-16.5;-16.0857;5.002952684798741;3.275080426939266
-16.25;-16.0;5.002952684798741;3.275080426939266
-16.0625;-15.9143;5.002952684798741;3.275080426939266
-15.875;-15.8857;5.002952684798741;3.275080426939266
-15.8125;-15.8857;5.002952684798741;3.275080426939266
-16.0625;-15.8;5.002952684798741;3.275080426939266
-16.3125;-15.7714;5.002952684798741;3.275080426939266
-16.625;-15.7429;5.002952684798741;3.275080426939266
-16.8125;-15.6571;5.002952684798741;3.275080426939266
-16.4375;-15.6;5.002952684798741;3.275080426939266
-15.8125;-15.5714;5.002952684798741;3.275080426939266
-15.3125;-15.5429;5.002952684798741;3.275080426939266
-15.0625;-15.4857;5.002952684798741;3.275080426939266
-15.0;-15.4286;5.002952684798741;3.275080426939266
-15.0;-15.3429;5.002952684798741;3.275080426939266
-15.25;-15.3714;5.002952684798741;3.275080426939266
-15.8125;-15.2571;5.002952684798741;3.275080426939266
-15.6875;-15.2;5.002952684798741;3.275080426939266
-15.125;-15.2;5.002952684798741;3.275080426939266
-15.125;-15.1714;5.002952684798741;3.275080426939266
-15.5625;-15.1429;5.002952684798741;3.275080426939266
-15.875;-15.0857;5.002952684798741;3.275080426939266
-15.8125;-14.9714;5.002952684798741;3.275080426939266
-15.4375;-15.0;5.002952684798741;3.275080426939266
-15.3125;-14.9714;5.002952684798741;3.275080426939266
-15.4375;-14.9143;5.002952684798741;3.275080426939266
-15.3125;-14.9143;5.002952684798741;3.275080426939266
-15.0;-14.8857;5.002952684798741;3.275080426939266
-14.75;-14.8571;5.002952684798741;3.275080426939266
-14.875;-14.8286;5.002952684798741;3.275080426939266
-15.1875;-14.7714;5.002952684798741;3.275080426939266
-15.125;-14.7143;5.002952684798741;3.275080426939266
-15.1875;-14.5714;5.002952684798741;3.275080426939266
-15.75;-14.5143;5.002952684798741;3.275080426939266
-16.375;-14.4286;5.002952684798741;3.275080426939266
-16.4375;-14.3714;5.002952684798741;3.275080426939266
-15.875;-14.3714;5.002952684798741;3.275080426939266
-14.9375;-14.3143;5.002952684798741;3.275080426939266
-14.375;-14.2;5.002952684798741;3.275080426939266
-14.5;-14.1714;5.002952684798741;3.275080426939266
-14.8125;-14.1429;5.002952684798741;3.275080426939266
-15.0;-14.0571;5.002952684798741;3.275080426939266
-15.0;-14.1143;5.002952684798741;3.275080426939266
-15.0;-14.0857;5.002952684798741;3.275080426939266
-14.9375;-14.0286;5.002952684798741;3.275080426939266
-14.9375;-14.0;5.002952684798741;3.275080426939266
-14.875;-13.9143;5.002952684798741;3.275080426939266
-14.9375;-13.8857;5.002952684798741;3.275080426939266
-14.8125;-13.9143;5.002952684798741;3.275080426939266
-14.5;-13.7714;5.002952684798741;3.275080426939266
-14.0625;-13.8;5.002952684798741;3.275080426939266
-13.625;-13.7714;5.002952684798741;3.275080426939266
-13.1875;-13.7429;5.002952684798741;3.275080426939266
-13.125;-13.6857;5.002952684798741;3.275080426939266
-13.3125;-13.6286;5.002952684798741;3.275080426939266
-13.6875;-13.5429;5.002952684798741;3.275080426939266
-14.375;-13.5143;5.002952684798741;3.275080426939266
-14.6875;-13.4857;5.002952684798741;3.275080426939266
-14.4375;-13.4286;5.002952684798741;3.275080426939266
-14.125;-13.3143;5.002952684798741;3.275080426939266
-13.875;-13.2571;5.002952684798741;3.275080426939266
-13.8125;-13.2286;5.002952684798741;3.275080426939266
-13.6875;-13.1714;5.002952684798741;3.275080426939266
-13.5625;-13.0857;5.002952684798741;3.275080426939266
-13.375;-13.0571;5.002952684798741;3.275080426939266
-13.5;-13.0286;5.002952684798741;3.275080426939266
-13.625;-12.9714;5.002952684798741;3.275080426939266
-13.625;-12.9714;5.002952684798741;3.275080426939266
-13.625;-12.8286;5.002952684798741;3.275080426939266
-13.3125;-12.8571;5.002952684798741;3.275080426939266
-12.875;-12.8;5.002952684798741;3.275080426939266
-12.5;-12.7143;5.002952684798741;3.275080426939266
-12.3125;-12.6857;5.002952684798741;3.275080426939266
-12.5;-12.6;5.002952684798741;3.275080426939266
-12.9375;-12.5714;5.002952684798741;3.275080426939266
-13.3125;-12.5714;5.002952684798741;3.275080426939266
-13.5625;-12.4571;5.002952684798741;3.275080426939266
-13.625;-12.4857;5.002952684798741;3.275080426939266
-13.625;-12.5143;5.002952684798741;3.275080426939266
-13.5625;-12.4;5.002952684798741;3.275080426939266
-13.4375;-12.3714;5.002952684798741;3.275080426939266
-13.25;-12.3143;5.002952684798741;3.275080426939266
-12.9375;-12.3143;5.002952684798741;3.275080426939266
-12.375;-12.2571;5.002952684798741;3.275080426939266
-12.125;-12.2857;5.002952684798741;3.275080426939266
-12.25;-12.2571;5.002952684798741;3.275080426939266
-12.4375;-12.2286;5.002952684798741;3.275080426939266
-12.6875;-12.2286;5.002952684798741;3.275080426939266
-12.8125;-12.1714;5.002952684798741;3.275080426939266
-12.6875;-12.1429;5.002952684798741;3.275080426939266
-12.625;-12.0571;5.002952684798741;3.275080426939266
-12.5625;-12.0;5.002952684798741;3.275080426939266
-12.5;-11.9143;5.002952684798741;3.275080426939266
-12.4375;-11.8571;5.002952684798741;3.275080426939266
-12.0625;-11.7429;5.002952684798741;3.275080426939266
-11.8125;-11.8286;5.002952684798741;3.275080426939266
-12.0625;-11.7429;5.002952684798741;3.275080426939266
-12.4375;-11.7143;5.002952684798741;3.275080426939266
-12.4375;-11.6857;5.002952684798741;3.275080426939266
-12.4375;-11.5429;5.002952684798741;3.275080426939266
-12.5;-11.5143;5.002952684798741;3.275080426939266
-12.25;-11.4571;5.002952684798741;3.275080426939266
-12.0625;-11.4571;5.002952684798741;3.275080426939266
-12.3125;-11.4286;5.002952684798741;3.275080426939266
-12.5;-11.3429;5.002952684798741;3.275080426939266
-12.25;-11.2857;5.002952684798741;3.275080426939266
-11.8125;-11.2857;5.002952684798741;3.275080426939266
-11.4375;-11.2;5.002952684798741;3.275080426939266
-11.25;-11.1714;5.002952684798741;3.275080426939266
-11.1875;-11.1143;5.002952684798741;3.275080426939266
-11.25;-11.0571;5.002952684798741;3.275080426939266
-11.1875;-10.9714;5.002952684798741;3.275080426939266
-11.1875;-10.8571;5.002952684798741;3.275080426939266
-11.0;-10.8286;5.002952684798741;3.275080426939266
-10.5625;-10.8286;5.002952684798741;3.275080426939266
-10.25;-10.8571;5.002952684798741;3.275080426939266
-10.125;-10.8;5.002952684798741;3.275080426939266
-10.0;-10.7714;5.002952684798741;3.275080426939266
-10.1875;-10.7143;5.002952684798741;3.275080426939266
-10.75;-10.6286;5.002952684798741;3.275080426939266
-11.125;-10.6;5.002952684798741;3.275080426939266
-11.0625;-10.6286;5.002952684798741;3.275080426939266
-10.875;-10.4857;5.002952684798741;3.275080426939266
-10.6875;-10.4571;5.002952684798741;3.275080426939266
-10.4375;-10.3714;5.002952684798741;3.275080426939266
-10.25;-10.3429;5.002952684798741;3.275080426939266
-10.1875;-10.3429;5.002952684798741;3.275080426939266
-9.875;-10.4;5.002952684798741;3.275080426939266
-9.375;-10.3143;5.002952684798741;3.275080426939266
-9.1875;-10.2857;5.002952684798741;3.275080426939266
-9.5625;-10.2571;5.002952684798741;3.275080426939266
-9.875;-10.2857;5.002952684798741;3.275080426939266
-10.0625;-10.1714;5.002952684798741;3.275080426939266
-10.25;-10.1429;5.002952684798741;3.275080426939266
-10.3125;-10.0571;5.002952684798741;3.275080426939266
-10.1875;-10.0286;5.002952684798741;3.275080426939266
-10.0;-9.9714;5.002952684798741;3.275080426939266
-9.6875;-9.9143;5.002952684798741;3.275080426939266
-9.4375;-9.9143;5.002952684798741;3.275080426939266
-9.3125;-9.8571;5.002952684798741;3.275080426939266
-9.25;-9.7429;5.002952684798741;3.275080426939266
-9.25;-9.8;5.002952684798741;3.275080426939266
-9.25;-9.7429;5.002952684798741;3.275080426939266
-9.3125;-9.6571;5.002952684798741;3.275080426939266
-9.5625;-9.6286;5.002952684798741;3.275080426939266
-9.75;-9.5714;5.002952684798741;3.275080426939266
-9.9375;-9.5429;5.002952684798741;3.275080426939266
-9.9375;-9.4857;5.002952684798741;3.275080426939266
-9.8125;-9.4857;5.002952684798741;3.275080426939266
-9.75;-9.4571;5.002952684798741;3.275080426939266
-9.75;-9.3714;5.002952684798741;3.275080426939266
-9.625;-9.2857;5.002952684798741;3.275080426939266
-9.3125;-9.3143;5.002952684798741;3.275080426939266
-9.0;-9.2571;5.002952684798741;3.275080426939266
-8.8125;-9.2286;5.002952684798741;3.275080426939266
-8.75;-9.1714;5.002952684798741;3.275080426939266
-8.75;-9.1429;5.002952684798741;3.275080426939266
-8.6875;-9.0857;5.002952684798741;3.275080426939266
-8.8125;-9.0286;5.002952684798741;3.275080426939266
-9.125;-9.0571;5.002952684798741;3.275080426939266
-9.3125;-8.9714;5.002952684798741;3.275080426939266
-9.125;-9.0;5.002952684798741;3.275080426939266
-8.9375;-8.9429;5.002952684798741;3.275080426939266
-9.0;-8.8857;5.002952684798741;3.275080426939266
-8.9375;-8.8286;5.002952684798741;3.275080426939266
-8.5;-8.8286;5.002952684798741;3.275080426939266
-8.0625;-8.7714;5.002952684798741;3.275080426939266
-8.0;-8.7429;5.002952684798741;3.275080426939266
-8.0;-8.7143;5.002952684798741;3.275080426939266
-7.6875;-8.6;5.002952684798741;3.275080426939266
-7.1875;-8.6;5.002952684798741;3.275080426939266
-6.875;-8.5429;5.002952684798741;3.275080426939266
-6.75;-8.4857;5.002952684798741;3.275080426939266
-6.6875;-8.4571;5.002952684798741;3.275080426939266
-6.75;-8.4286;5.002952684798741;3.275080426939266
-7.0625;-8.4;5.002952684798741;3.275080426939266
-7.75;-8.4286;5.002952684798741;3.275080426939266
-8.375;-8.3714;5.002952684798741;3.275080426939266
-8.5;-8.3143;5.002952684798741;3.275080426939266
-8.125;-8.2857;5.002952684798741;3.275080426939266
-7.75;-8.2286;5.002952684798741;3.275080426939266
-7.6875;-8.1429;5.002952684798741;3.275080426939266
-7.6875;-8.0857;5.002952684798741;3.275080426939266
-7.75;-8.0571;5.002952684798741;3.275080426939266
-8.0625;-8.0571;5.002952684798741;3.275080426939266
-8.3125;-7.9714;5.002952684798741;3.275080426939266
-7.875;-7.9429;5.002952684798741;3.275080426939266
-7.3125;-7.8571;5.002952684798741;3.275080426939266
-7.3125;-7.8857;5.002952684798741;3.275080426939266
-7.6875;-7.8286;5.002952684798741;3.275080426939266
-7.6875;-7.8286;5.002952684798741;3.275080426939266
-7.5;-7.7429;5.002952684798741;3.275080426939266
-7.4375;-7.7429;5.002952684798741;3.275080426939266
-7.375;-7.7714;5.002952684798741;3.275080426939266
-7.3125;-7.6571;5.002952684798741;3.275080426939266
-7.4375;-7.6286;5.002952684798741;3.275080426939266
-7.5;-7.5714;5.002952684798741;3.275080426939266
-7.6875;-7.4857;5.002952684798741;3.275080426939266
-7.75;-7.5143;5.002952684798741;3.275080426939266
-7.4375;-7.4571;5.002952684798741;3.275080426939266
-7.3125;-7.4286;5.002952684798741;3.275080426939266
-7.5625;-7.3714;5.002952684798741;3.275080426939266
-7.875;-7.3143;5.002952684798741;3.275080426939266
-8.0625;-7.3143;5.002952684798741;3.275080426939266
-8.1875;-7.2857;5.002952684798741;3.275080426939266
-8.1875;-7.2286;5.002952684798741;3.275080426939266
-8.1875;-7.2286;5.002952684798741;3.275080426939266
-8.0625;-7.1429;5.002952684798741;3.275080426939266
-7.625;-7.0286;5.002952684798741;3.275080426939266
-7.125;-7.0857;5.002952684798741;3.275080426939266
-6.6875;-6.9714;5.002952684798741;3.275080426939266
-6.4375;-7.0;5.002952684798741;3.275080426939266
-6.5;-6.9429;5.002952684798741;3.275080426939266
-6.5625;-6.9143;5.002952684798741;3.275080426939266
-6.5625;-6.8857;5.002952684798741;3.275080426939266
-6.625;-6.8;5.002952684798741;3.275080426939266
-6.625;-6.7714;5.002952684798741;3.275080426939266
-6.4375;-6.7429;5.002952684798741;3.275080426939266
-6.0625;-6.7429;5.002952684798741;3.275080426939266
-5.8125;-6.7143;5.002952684798741;3.275080426939266
-5.8125;-6.6857;5.002952684798741;3.275080426939266
-5.9375;-6.6286;5.002952684798741;3.275080426939266
-5.9375;-6.6;5.002952684798741;3.275080426939266
-5.8125;-6.5714;5.002952684798741;3.275080426939266
-5.8125;-6.4857;5.002952684798741;3.275080426939266
-6.0625;-6.4571;5.002952684798741;3.275080426939266
-6.1875;-6.4286;5.002952684798741;3.275080426939266
-6.1875;-6.4;5.002952684798741;3.275080426939266
-6.25;-6.2857;5.002952684798741;3.275080426939266
-6.25;-6.2857;5.002952684798741;3.275080426939266
-6.1875;-6.2286;5.002952684798741;3.275080426939266
-6.125;-6.2;5.002952684798741;3.275080426939266
-6.25;-6.1143;5.002952684798741;3.275080426939266
-6.3125;-6.0857;5.002952684798741;3.275080426939266
-6.3125;-6.0;5.002952684798741;3.275080426939266
-6.3125;-5.9714;5.002952684798741;3.275080426939266
-6.3125;-5.9429;5.002952684798741;3.275080426939266
-6.3125;-5.9429;5.002952684798741;3.275080426939266
-6.25;-5.8286;5.002952684798741;3.275080426939266
-6.25;-5.7143;5.002952684798741;3.275080426939266
-6.125;-5.6571;5.002952684798741;3.275080426939266
-6.0625;-5.5429;5.002952684798741;3.275080426939266
-5.875;-5.4571;5.002952684798741;3.275080426939266
-5.375;-5.3714;5.002952684798741;3.275080426939266
-4.875;-5.2286;5.002952684798741;3.275080426939266
-4.5625;-5.0857;5.002952684798741;3.275080426939266
-4.25;-4.8857;5.002952684798741;3.275080426939266
-4.125;-4.8;5.002952684798741;3.275080426939266
-3.8125;-4.6;5.002952684798741;3.275080426939266
-3.4375;-4.4286;5.002952684798741;3.275080426939266
-3.25;-4.2286;5.002952684798741;3.275080426939266
-3.25;-3.9429;5.002952684798741;3.275080426939266
-3.4375;-3.6857;5.002952684798741;3.275080426939266
-3.5;-3.3143;5.002952684798741;3.275080426939266
-3.1875;-2.9714;5.002952684798741;3.275080426939266
-2.8125;-2.6571;5.002952684798741;3.275080426939266
-2.4375;-2.1714;5.002952684798741;3.275080426939266
-1.625;-1.4857;5.002952684798741;3.275080426939266
-0.5;-0.9143;5.002952684798741;3.275080426939266
0.75;-0.0857;5.002952684798741;3.275080426939266
1.75;0.4857;5.002952684798741;3.275080426939266
2.125;1.3429;5.002952684798741;3.275080426939266
2.0625;2.0571;5.002952684798741;3.275080426939266
1.875;2.6571;5.002952684798741;3.275080426939266
2.1875;3.2857;5.002952684798741;3.275080426939266
3.0625;3.8857;5.002952684798741;3.275080426939266
3.8125;4.4571;5.002952684798741;3.275080426939266
4.3125;5.0857;5.002952684798741;3.275080426939266
4.5;5.7429;5.002952684798741;3.275080426939266
4.5;6.4;5.002952684798741;3.275080426939266
4.4375;7.2;5.002952684798741;3.275080426939266
4.3125;7.9714;5.002952684798741;3.275080426939266
4.4375;8.8;5.002952684798741;3.275080426939266
5.5;9.6571;5.002952684798741;3.275080426939266
7.125;10.6;5.002952684798741;3.275080426939266
8.75;11.2286;5.002952684798741;3.275080426939266
10.0;12.2;5.002952684798741;3.275080426939266
10.9375;13.0857;5.002952684798741;3.275080426939266
11.75;13.8857;5.002952684798741;3.275080426939266
12.5625;14.7143;5.002952684798741;3.275080426939266
13.5;15.6857;5.002952684798741;3.275080426939266
14.4375;16.5714;5.002952684798741;3.275080426939266
15.3125;17.4286;5.002952684798741;3.275080426939266
16.1875;18.2286;5.002952684798741;3.275080426939266
17.0;19.1714;5.002952684798741;3.275080426939266
18.0;19.9143;5.002952684798741;3.275080426939266
19.0;20.8;5.002952684798741;3.275080426939266
19.875;21.6857;5.002952684798741;3.275080426939266
20.75;22.4286;5.002952684798741;3.275080426939266
21.625;23.4286;5.002952684798741;3.275080426939266
22.375;24.1143;5.002952684798741;3.275080426939266
23.1875;24.8571;5.002952684798741;3.275080426939266
24.0625;25.8;5.002952684798741;3.275080426939266
25.0;26.6;5.002952684798741;3.275080426939266
25.875;27.3143;5.002952684798741;3.275080426939266
26.75;27.9429;5.002952684798741;3.275080426939266
27.625;28.5714;5.002952684798741;3.275080426939266
28.4375;29.4;5.002952684798741;3.275080426939266
28.875;30.0;5.002952684798741;3.275080426939266
29.0625;30.7143;5.002952684798741;3.275080426939266
29.125;31.5143;5.002952684798741;3.275080426939266
29.0625;32.2;5.002952684798741;3.275080426939266
29.0;32.9143;5.002952684798741;3.275080426939266
29.0625;33.3429;5.002952684798741;3.275080426939266
29.75;33.9714;5.002952684798741;3.275080426939266
31.5625;35.2286;5.002952684798741;3.275080426939266
33.6875;35.7143;5.002952684798741;3.275080426939266
35.375;36.4857;5.002952684798741;3.275080426939266
36.5;37.5714;5.002952684798741;3.275080426939266
37.375;38.3429;5.002952684798741;3.275080426939266
38.0;39.0;5.002952684798741;3.275080426939266
38.5625;39.1143;5.002952684798741;3.275080426939266
39.0625;39.9429;5.002952684798741;3.275080426939266
39.625;40.8857;5.002952684798741;3.275080426939266
40.375;41.5429;5.002952684798741;3.275080426939266
41.3125;42.5143;5.002952684798741;3.275080426939266
42.1875;43.1429;5.002952684798741;3.275080426939266
43.125;43.6857;5.002952684798741;3.275080426939266
44.0625;44.4571;5.002952684798741;3.275080426939266
44.875;44.9143;5.002952684798741;3.275080426939266
45.5625;45.1714;5.002952684798741;3.275080426939266
45.9375;45.9714;5.002952684798741;3.275080426939266
46.25;46.5429;5.002952684798741;3.275080426939266
46.75;47.2;5.002952684798741;3.275080426939266
47.625;48.4286;5.002952684798741;3.275080426939266
48.625;48.8;5.002952684798741;3.275080426939266
49.5;49.4571;5.002952684798741;3.275080426939266
50.375;50.0857;5.002952684798741;3.275080426939266
51.0625;50.6571;5.002952684798741;3.275080426939266
51.4375;51.2;5.002952684798741;3.275080426939266
51.625;51.3714;5.002952684798741;3.275080426939266
51.625;52.1429;5.002952684798741;3.275080426939266
51.625;52.6857;5.002952684798741;3.275080426939266
51.5625;53.3143;5.002952684798741;3.275080426939266
51.5625;54.0857;5.002952684798741;3.275080426939266
51.625;55.0857;5.002952684798741;3.275080426939266
52.375;55.6571;5.002952684798741;3.275080426939266
54.0625;56.1429;5.002952684798741;3.275080426939266
55.75;55.9714;5.002952684798741;3.275080426939266
57.0;56.7429;5.002952684798741;3.275080426939266
57.875;57.1714;5.002952684798741;3.275080426939266
58.5;57.6857;5.002952684798741;3.275080426939266
59.125;57.7714;5.002952684798741;3.275080426939266
59.875;58.6286;5.002952684798741;3.275080426939266
60.75;59.5714;5.002952684798741;3.275080426939266
61.4375;60.3429;5.002952684798741;3.275080426939266
61.875;60.4857;5.002952684798741;3.275080426939266
62.375;60.9143;5.002952684798741;3.275080426939266
63.0;61.9143;5.002952684798741;3.275080426939266
63.5625;62.6;5.002952684798741;3.275080426939266
64.3125;63.6286;5.002952684798741;3.275080426939266
65.0625;63.9429;5.002952684798741;3.275080426939266
65.875;64.3143;5.002952684798741;3.275080426939266
67.125;65.0857;5.002952684798741;3.275080426939266
68.1875;65.4286;5.002952684798741;3.275080426939266
68.5;65.7143;5.002952684798741;3.275080426939266
68.75;64.5143;5.002952684798741;3.275080426939266
69.1875;66.1429;5.002952684798741;3.275080426939266
69.6875;66.9714;5.002952684798741;3.275080426939266
70.1875;67.0286;5.002952684798741;3.275080426939266
70.5;66.4857;5.002952684798741;3.275080426939266
71.3125;67.1429;5.002952684798741;3.275080426939266
72.5;68.6;5.002952684798741;3.275080426939266
73.375;69.5143;5.002952684798741;3.275080426939266
73.75;69.9429;5.002952684798741;3.275080426939266
73.875;71.7143;5.002952684798741;3.275080426939266
73.8125;71.3429;5.002952684798741;3.275080426939266
73.4375;71.4;5.002952684798741;3.275080426939266
73.0625;72.1714;5.002952684798741;3.275080426939266
73.6875;70.5714;5.002952684798741;3.275080426939266
74.625;72.4286;5.002952684798741;3.275080426939266
75.625;72.6286;5.002952684798741;3.275080426939266
76.5;72.9143;5.002952684798741;3.275080426939266
77.125;74.4857;5.002952684798741;3.275080426939266
78.25;74.6;5.002952684798741;3.275080426939266
78.9375;75.4;5.002952684798741;3.275080426939266
79.5;75.7714;5.002952684798741;3.275080426939266
80.5;77.1143;5.002952684798741;3.275080426939266
81.3125;77.3714;5.002952684798741;3.275080426939266
82.3125;77.1143;5.002952684798741;3.275080426939266
83.0625;77.1143;5.002952684798741;3.275080426939266
83.0625;76.4857;5.002952684798741;3.275080426939266
83.125;77.8571;5.002952684798741;3.275080426939266
83.625;77.3429;5.002952684798741;3.275080426939266
84.3125;78.3429;5.002952684798741;3.275080426939266
85.0;79.4;5.002952684798741;3.275080426939266
85.25;79.8286;5.002952684798741;3.275080426939266
85.5625;80.4857;5.002952684798741;3.275080426939266
86.875;79.7714;5.002952684798741;3.275080426939266
88.5;81.5714;5.002952684798741;3.275080426939266
89.3125;81.5429;5.002952684798741;3.275080426939266
89.6875;82.0286;5.002952684798741;3.275080426939266
89.6875;83.7143;5.002952684798741;3.275080426939266
89.3125;83.4571;5.002952684798741;3.275080426939266
88.875;84.0571;5.002952684798741;3.275080426939266
88.5625;83.0286;5.002952684798741;3.275080426939266
88.4375;84.0;5.002952684798741;3.275080426939266
88.375;84.8286;5.002952684798741;3.275080426939266
88.4375;85.8;5.002952684798741;3.275080426939266
88.4375;85.3143;5.002952684798741;3.275080426939266
88.8125;85.6857;5.002952684798741;3.275080426939266
90.375;85.3429;5.002952684798741;3.275080426939266
92.75;83.2;5.002952684798741;3.275080426939266
94.625;84.9429;5.002952684798741;3.275080426939266
95.625;87.4286;5.002952684798741;3.275080426939266
95.8125;86.7714;5.002952684798741;3.275080426939266
95.6875;86.6286;5.002952684798741;3.275080426939266
96.375;89.0571;5.002952684798741;3.275080426939266
97.625;88.0857;5.002952684798741;3.275080426939266
98.75;89.9714;5.002952684798741;3.275080426939266
99.8125;89.4857;5.002952684798741;3.275080426939266
100.4375;90.0;5.002952684798741;3.275080426939266
100.5625;91.5143;5.002952684798741;3.275080426939266
100.625;88.8571;5.002952684798741;3.275080426939266
100.75;89.4571;5.002952684798741;3.275080426939266
101.0;89.9429;5.002952684798741;3.275080426939266
100.625;91.5143;5.002952684798741;3.275080426939266
99.25;91.3429;5.002952684798741;3.275080426939266
98.25;92.6857;5.002952684798741;3.275080426939266
99.3125;94.4857;5.002952684798741;3.275080426939266
101.625;93.4857;5.002952684798741;3.275080426939266
103.5;92.7714;5.002952684798741;3.275080426939266
104.5;93.6571;5.002952684798741;3.275080426939266
105.25;94.0;5.002952684798741;3.275080426939266
105.75;94.3143;5.002952684798741;3.275080426939266
106.0;95.1143;5.002952684798741;3.275080426939266
106.1875;96.2857;5.002952684798741;3.275080426939266
106.3125;94.6857;5.002952684798741;3.275080426939266
106.3125;95.9714;5.002952684798741;3.275080426939266
106.3125;95.8286;5.002952684798741;3.275080426939266
106.3125;97.7143;5.002952684798741;3.275080426939266
106.125;97.8286;5.002952684798741;3.275080426939266
105.9375;98.0857;5.002952684798741;3.275080426939266
106.4375;99.1429;5.002952684798741;3.275080426939266
108.0;99.6;5.002952684798741;3.275080426939266
109.5;99.7429;5.002952684798741;3.275080426939266
110.4375;100.3714;5.002952684798741;3.275080426939266
111.25;101.0286;5.002952684798741;3.275080426939266
111.8125;100.3429;5.002952684798741;3.275080426939266
112.0625;100.7714;5.002952684798741;3.275080426939266
112.625;100.8857;5.002952684798741;3.275080426939266
113.375;102.2;5.002952684798741;3.275080426939266
113.875;102.4286;5.002952684798741;3.275080426939266
114.3125;102.5714;5.002952684798741;3.275080426939266
114.375;103.6857;5.002952684798741;3.275080426939266
114.375;102.4;5.002952684798741;3.275080426939266
114.4375;103.6286;5.002952684798741;3.275080426939266
115.0625;104.0857;5.002952684798741;3.275080426939266
116.25;106.4286;5.002952684798741;3.275080426939266
116.6875;106.3714;5.002952684798741;3.275080426939266
116.625;107.0571;5.002952684798741;3.275080426939266
116.625;105.7143;5.002952684798741;3.275080426939266
116.375;107.5429;5.002952684798741;3.275080426939266
116.5;107.2571;5.002952684798741;3.275080426939266
117.4375;107.3429;5.002952684798741;3.275080426939266
117.9375;107.0;5.002952684798741;3.275080426939266
117.625;108.7429;5.002952684798741;3.275080426939266
117.4375;107.8571;5.002952684798741;3.275080426939266
117.5625;109.2;5.002952684798741;3.275080426939266
117.8125;107.4286;5.002952684798741;3.275080426939266
117.9375;109.3714;5.002952684798741;3.275080426939266
118.0;110.5714;5.002952684798741;3.275080426939266
118.0;110.9714;5.002952684798741;3.275080426939266
118.4375;109.7143;5.002952684798741;3.275080426939266
119.5;109.4857;5.002952684798741;3.275080426939266
120.3125;110.5429;5.002952684798741;3.275080426939266
120.8125;111.1143;5.002952684798741;3.275080426939266
121.25;110.9714;5.002952684798741;3.275080426939266
121.875;111.8;5.002952684798741;3.275080426939266
122.3125;111.9714;5.002952684798741;3.275080426939266
122.125;111.9429;5.002952684798741;3.275080426939266
122.5;112.6571;5.002952684798741;3.275080426939266
123.6875;111.4286;5.002952684798741;3.275080426939266
124.5;113.4286;5.002952684798741;3.275080426939266
124.5625;111.9429;5.002952684798741;3.275080426939266
124.1875;111.0571;5.002952684798741;3.275080426939266
123.9375;113.9143;5.002952684798741;3.275080426939266
123.9375;114.8286;5.002952684798741;3.275080426939266
124.0;113.4286;5.002952684798741;3.275080426939266
123.9375;114.4857;5.002952684798741;3.275080426939266
124.0625;115.2;5.002952684798741;3.275080426939266
124.5;113.8857;5.002952684798741;3.275080426939266
124.875;114.7714;5.002952684798741;3.275080426939266
125.375;115.0857;5.002952684798741;3.275080426939266
126.25;113.7429;5.002952684798741;3.275080426939266
126.8125;115.4857;5.002952684798741;3.275080426939266
126.6875;115.9714;5.002952684798741;3.275080426939266
126.375;115.4;5.002952684798741;3.275080426939266
126.75;115.6286;5.002952684798741;3.275080426939266
127.6875;118.4;5.002952684798741;3.275080426939266
128.6875;115.1714;5.002952684798741;3.275080426939266
129.25;116.7143;5.002952684798741;3.275080426939266
129.5;116.0571;5.002952684798741;3.275080426939266
129.5;118.0857;5.002952684798741;3.275080426939266
129.4375;117.9143;5.002952684798741;3.275080426939266
129.1875;117.9429;5.002952684798741;3.275080426939266
128.75;116.8857;5.002952684798741;3.275080426939266
128.75;117.3143;5.002952684798741;3.275080426939266
129.125;118.4571;5.002952684798741;3.275080426939266
129.4375;118.7429;5.002952684798741;3.275080426939266
129.8125;118.4;5.002952684798741;3.275080426939266
129.9375;118.6286;5.002952684798741;3.275080426939266
130.375;119.3714;5.002952684798741;3.275080426939266
130.875;120.4857;5.002952684798741;3.275080426939266
130.9375;121.3143;5.002952684798741;3.275080426939266
131.3125;120.2;5.002952684798741;3.275080426939266
131.5;119.8857;5.002952684798741;3.275080426939266
131.25;120.7143;5.002952684798741;3.275080426939266
131.125;122.0;5.002952684798741;3.275080426939266
130.8125;121.0571;5.002952684798741;3.275080426939266
131.0625;121.6286;5.002952684798741;3.275080426939266
132.375;120.2;5.002952684798741;3.275080426939266
133.125;121.3429;5.002952684798741;3.275080426939266
132.6875;120.4286;5.002952684798741;3.275080426939266
132.0;121.0571;5.002952684798741;3.275080426939266
131.875;122.0571;5.002952684798741;3.275080426939266
132.6875;121.2857;5.002952684798741;3.275080426939266
133.6875;123.3714;5.002952684798741;3.275080426939266
133.875;121.6571;5.002952684798741;3.275080426939266
133.9375;121.1143;5.002952684798741;3.275080426939266
134.3125;122.0857;5.002952684798741;3.275080426939266
134.375;122.6286;5.002952684798741;3.275080426939266
134.125;122.3429;5.002952684798741;3.275080426939266
133.8125;122.5429;5.002952684798741;3.275080426939266
133.625;123.8;5.002952684798741;3.275080426939266
133.5625;123.5714;5.002952684798741;3.275080426939266
133.5625;124.4286;5.002952684798741;3.275080426939266
133.6875;123.4286;5.002952684798741;3.275080426939266
134.1875;123.8857;5.002952684798741;3.275080426939266
134.75;125.0;5.002952684798741;3.275080426939266
135.3125;123.0571;5.002952684798741;3.275080426939266
136.0625;124.7714;5.002952684798741;3.275080426939266
136.6875;124.9714;5.002952684798741;3.275080426939266
136.9375;125.1143;5.002952684798741;3.275080426939266
137.0;124.1429;5.002952684798741;3.275080426939266
136.625;124.5143;5.002952684798741;3.275080426939266
135.875;125.9714;5.002952684798741;3.275080426939266
135.875;125.9429;5.002952684798741;3.275080426939266
136.625;126.3143;5.002952684798741;3.275080426939266
137.0625;125.6;5.002952684798741;3.275080426939266
137.5;128.0;5.002952684798741;3.275080426939266
138.0;127.1714;5.002952684798741;3.275080426939266
138.875;126.3143;5.002952684798741;3.275080426939266
139.75;125.2;5.002952684798741;3.275080426939266
139.6875;126.2571;5.002952684798741;3.275080426939266
138.875;126.2571;5.002952684798741;3.275080426939266
138.1875;127.7714;5.002952684798741;3.275080426939266
138.3125;126.2;5.002952684798741;3.275080426939266
138.8125;126.4;5.002952684798741;3.275080426939266
139.25;126.4857;5.002952684798741;3.275080426939266
140.1875;128.0;5.002952684798741;3.275080426939266
140.8125;126.2;5.002952684798741;3.275080426939266
140.8125;127.4857;5.002952684798741;3.275080426939266
141.3125;128.3429;5.002952684798741;3.275080426939266
142.25;127.5429;5.002952684798741;3.275080426939266
143.0;126.4857;5.002952684798741;3.275080426939266
143.375;126.9143;5.002952684798741;3.275080426939266
143.5;128.6286;5.002952684798741;3.275080426939266
143.5;128.3714;5.002952684798741;3.275080426939266
143.125;128.7429;5.002952684798741;3.275080426939266
142.5;128.2286;5.002952684798741;3.275080426939266
142.125;129.0571;5.002952684798741;3.275080426939266
141.8125;129.4571;5.002952684798741;3.275080426939266
141.625;129.4;5.002952684798741;3.275080426939266
142.4375;127.7714;5.002952684798741;3.275080426939266
143.625;129.9429;5.002952684798741;3.275080426939266
143.75;129.7143;5.002952684798741;3.275080426939266
143.1875;130.4571;5.002952684798741;3.275080426939266
143.375;131.7714;5.002952684798741;3.275080426939266
144.5625;130.0;5.002952684798741;3.275080426939266
144.8125;128.0857;5.002952684798741;3.275080426939266
143.8125;129.6857;5.002952684798741;3.275080426939266
143.3125;130.8571;5.002952684798741;3.275080426939266
143.875;132.7429;5.002952684798741;3.275080426939266
145.0;132.7714;5.002952684798741;3.275080426939266
145.625;131.6857;5.002952684798741;3.275080426939266
146.1875;133.2571;5.002952684798741;3.275080426939266
147.4375;132.8;5.002952684798741;3.275080426939266
148.4375;132.1714;5.002952684798741;3.275080426939266
148.0625;131.1429;5.002952684798741;3.275080426939266
146.8125;130.9714;5.002952684798741;3.275080426939266
145.9375;132.4571;5.002952684798741;3.275080426939266
145.75;131.9429;5.002952684798741;3.275080426939266
145.6875;130.9714;5.002952684798741;3.275080426939266
145.875;132.8857;5.002952684798741;3.275080426939266
145.5;133.9714;5.002952684798741;3.275080426939266
144.4375;132.9143;5.002952684798741;3.275080426939266
143.625;133.4571;5.002952684798741;3.275080426939266
143.1875;131.6571;5.002952684798741;3.275080426939266
143.0625;132.7143;5.002952684798741;3.275080426939266
143.0625;133.5429;5.002952684798741;3.275080426939266
143.625;134.6571;5.002952684798741;3.275080426939266
145.3125;132.0286;5.002952684798741;3.275080426939266
147.25;134.4;5.002952684798741;3.275080426939266
148.25;133.8286;5.002952684798741;3.275080426939266
148.8125;134.2857;5.002952684798741;3.275080426939266
148.75;135.5429;5.002952684798741;3.275080426939266
148.75;132.6857;5.002952684798741;3.275080426939266
149.0625;136.1429;5.002952684798741;3.275080426939266
148.875;134.1143;5.002952684798741;3.275080426939266
148.9375;134.1714;5.002952684798741;3.275080426939266
149.375;134.5429;5.002952684798741;3.275080426939266
149.8125;136.2286;5.002952684798741;3.275080426939266
150.4375;135.0286;5.002952684798741;3.275080426939266
151.125;133.6;5.002952684798741;3.275080426939266
151.625;135.6857;5.002952684798741;3.275080426939266
151.1875;136.4;5.002952684798741;3.275080426939266
150.6875;135.0857;5.002952684798741;3.275080426939266
150.625;136.0;5.002952684798741;3.275080426939266
150.3125;136.9143;5.002952684798741;3.275080426939266
150.3125;136.2857;5.002952684798741;3.275080426939266
150.9375;135.8857;5.002952684798741;3.275080426939266
151.1875;138.4857;5.002952684798741;3.275080426939266
151.375;136.1429;5.002952684798741;3.275080426939266
152.0625;137.4286;5.002952684798741;3.275080426939266
152.1875;136.5714;5.002952684798741;3.275080426939266
151.625;136.0571;5.002952684798741;3.275080426939266
151.5625;138.2286;5.002952684798741;3.275080426939266
152.1875;137.0857;5.002952684798741;3.275080426939266
152.8125;136.4571;5.002952684798741;3.275080426939266
153.1875;134.3714;5.002952684798741;3.275080426939266
153.3125;135.7143;5.002952684798741;3.275080426939266
153.3125;134.8857;5.002952684798741;3.275080426939266
152.8125;134.8571;5.002952684798741;3.275080426939266
151.4375;133.5429;5.002952684798741;3.275080426939266
150.3125;132.0;5.002952684798741;3.275080426939266
150.0625;133.0857;5.002952684798741;3.275080426939266
149.125;132.1429;5.002952684798741;3.275080426939266
147.0;132.7143;5.002952684798741;3.275080426939266
146.0;131.1143;5.002952684798741;3.275080426939266
146.375;130.6571;5.002952684798741;3.275080426939266
145.6875;131.7143;5.002952684798741;3.275080426939266
144.8125;130.5714;5.002952684798741;3.275080426939266
145.0;129.5429;5.002952684798741;3.275080426939266
145.875;129.9143;5.002952684798741;3.275080426939266
146.25;129.1714;5.002952684798741;3.275080426939266
145.4375;129.7143;5.002952684798741;3.275080426939266
144.5;129.7143;5.002952684798741;3.275080426939266
143.875;127.4286;5.002952684798741;3.275080426939266
143.8125;128.9714;5.002952684798741;3.275080426939266
143.5625;127.6286;5.002952684798741;3.275080426939266
142.75;126.6857;5.002952684798741;3.275080426939266
142.25;127.8286;5.002952684798741;3.275080426939266
141.9375;128.1714;5.002952684798741;3.275080426939266
140.8125;126.8286;5.002952684798741;3.275080426939266
139.6875;125.5429;5.002952684798741;3.275080426939266
139.3125;125.7714;5.002952684798741;3.275080426939266
139.0;126.3714;5.002952684798741;3.275080426939266
138.75;124.4857;5.002952684798741;3.275080426939266
139.0;124.6286;5.002952684798741;3.275080426939266
139.3125;125.0571;5.002952684798741;3.275080426939266
139.625;124.1714;5.002952684798741;3.275080426939266
139.75;123.3429;5.002952684798741;3.275080426939266
139.75;124.0;5.002952684798741;3.275080426939266
139.75;122.5429;5.002952684798741;3.275080426939266
139.9375;123.6;5.002952684798741;3.275080426939266
140.125;122.3143;5.002952684798741;3.275080426939266
138.875;120.1714;5.002952684798741;3.275080426939266
136.5;121.0571;5.002952684798741;3.275080426939266
134.6875;119.1143;5.002952684798741;3.275080426939266
133.4375;118.1429;5.002952684798741;3.275080426939266
133.0625;119.9714;5.002952684798741;3.275080426939266
132.625;120.2857;5.002952684798741;3.275080426939266
131.75;119.1714;5.002952684798741;3.275080426939266
131.6875;119.8;5.002952684798741;3.275080426939266
131.75;119.8571;5.002952684798741;3.275080426939266
131.1875;119.2;5.002952684798741;3.275080426939266
130.6875;117.2286;5.002952684798741;3.275080426939266
130.3125;119.9429;5.002952684798741;3.275080426939266
130.0;117.2;5.002952684798741;3.275080426939266
130.1875;117.1143;5.002952684798741;3.275080426939266
130.4375;117.6286;5.002952684798741;3.275080426939266
130.125;117.6571;5.002952684798741;3.275080426939266
129.25;115.1429;5.002952684798741;3.275080426939266
128.5;115.9143;5.002952684798741;3.275080426939266
128.0;116.4571;5.002952684798741;3.275080426939266
127.4375;116.3143;5.002952684798741;3.275080426939266
127.1875;113.8;5.002952684798741;3.275080426939266
127.1875;113.7429;5.002952684798741;3.275080426939266
127.125;113.2571;5.002952684798741;3.275080426939266
126.4375;114.1143;5.002952684798741;3.275080426939266
125.375;113.8857;5.002952684798741;3.275080426939266
124.625;114.0286;5.002952684798741;3.275080426939266
124.25;112.8286;5.002952684798741;3.275080426939266
124.125;114.0;5.002952684798741;3.275080426939266
124.125;111.6571;5.002952684798741;3.275080426939266
124.1875;112.5143;5.002952684798741;3.275080426939266
124.5;111.9714;5.002952684798741;3.275080426939266
124.875;110.7714;5.002952684798741;3.275080426939266
125.125;112.5429;5.002952684798741;3.275080426939266
125.125;112.0286;5.002952684798741;3.275080426939266
124.1875;109.3143;5.002952684798741;3.275080426939266
122.9375;108.6857;5.002952684798741;3.275080426939266
122.375;106.2571;5.002952684798741;3.275080426939266
121.75;107.2286;5.002952684798741;3.275080426939266
120.8125;109.4571;5.002952684798741;3.275080426939266
120.5;110.1714;5.002952684798741;3.275080426939266
120.875;107.9714;5.002952684798741;3.275080426939266
121.0625;107.1143;5.002952684798741;3.275080426939266
120.5;107.7429;5.002952684798741;3.275080426939266
120.0;107.3714;5.002952684798741;3.275080426939266
119.9375;106.8571;5.002952684798741;3.275080426939266
119.625;106.6;5.002952684798741;3.275080426939266
119.125;106.7714;5.002952684798741;3.275080426939266
118.4375;105.0;5.002952684798741;3.275080426939266
117.75;105.0286;5.002952684798741;3.275080426939266
117.625;106.0286;5.002952684798741;3.275080426939266
117.9375;105.2857;5.002952684798741;3.275080426939266
117.625;105.1714;5.002952684798741;3.275080426939266
117.125;104.1429;5.002952684798741;3.275080426939266
116.5625;105.0857;5.002952684798741;3.275080426939266
116.0;103.6571;5.002952684798741;3.275080426939266
115.75;102.4;5.002952684798741;3.275080426939266
115.8125;104.7143;5.002952684798741;3.275080426939266
115.9375;103.6;5.002952684798741;3.275080426939266
116.0;104.5143;5.002952684798741;3.275080426939266
116.0625;101.2286;5.002952684798741;3.275080426939266
116.0625;100.8;5.002952684798741;3.275080426939266
116.0625;99.6571;5.002952684798741;3.275080426939266
116.25;102.4286;5.002952684798741;3.275080426939266
116.25;101.1714;5.002952684798741;3.275080426939266
115.5;100.3429;5.002952684798741;3.275080426939266
114.375;98.9429;5.002952684798741;3.275080426939266
113.3125;99.0571;5.002952684798741;3.275080426939266
112.25;99.5714;5.002952684798741;3.275080426939266
111.4375;99.5143;5.002952684798741;3.275080426939266
111.125;98.2571;5.002952684798741;3.275080426939266
111.0;100.0571;5.002952684798741;3.275080426939266
110.9375;99.0;5.002952684798741;3.275080426939266
110.8125;98.0857;5.002952684798741;3.275080426939266
110.75;96.8857;5.002952684798741;3.275080426939266
110.5;96.4286;5.002952684798741;3.275080426939266
110.0;96.1429;5.002952684798741;3.275080426939266
109.625;95.8286;5.002952684798741;3.275080426939266
109.5625;96.1143;5.002952684798741;3.275080426939266
109.5625;96.0857;5.002952684798741;3.275080426939266
109.9375;95.8;5.002952684798741;3.275080426939266
110.0;96.6;5.002952684798741;3.275080426939266
109.5625;95.9429;5.002952684798741;3.275080426939266
109.25;94.9429;5.002952684798741;3.275080426939266
108.6875;96.0857;5.002952684798741;3.275080426939266
108.4375;95.6857;5.002952684798741;3.275080426939266
108.4375;96.3143;5.002952684798741;3.275080426939266
107.75;94.7714;5.002952684798741;3.275080426939266
106.875;95.4;5.002952684798741;3.275080426939266
106.25;94.3714;5.002952684798741;3.275080426939266
105.8125;94.4857;5.002952684798741;3.275080426939266
105.625;93.7714;5.002952684798741;3.275080426939266
105.625;92.1714;5.002952684798741;3.275080426939266
105.625;91.5714;5.002952684798741;3.275080426939266
105.6875;92.2;5.002952684798741;3.275080426939266
105.625;91.9429;5.002952684798741;3.275080426939266
105.375;92.4;5.002952684798741;3.275080426939266
104.75;92.6;5.002952684798741;3.275080426939266
103.875;93.3714;5.002952684798741;3.275080426939266
102.9375;91.6;5.002952684798741;3.275080426939266
102.25;90.7143;5.002952684798741;3.275080426939266
102.0;91.2857;5.002952684798741;3.275080426939266
101.9375;91.2;5.002952684798741;3.275080426939266
101.75;90.1143;5.002952684798741;3.275080426939266
101.75;89.8;5.002952684798741;3.275080426939266
101.875;90.0571;5.002952684798741;3.275080426939266
101.875;90.0;5.002952684798741;3.275080426939266
101.5625;90.0571;5.002952684798741;3.275080426939266
101.0625;89.4857;5.002952684798741;3.275080426939266
100.5625;89.1429;5.002952684798741;3.275080426939266
100.25;89.2857;5.002952684798741;3.275080426939266
99.8125;88.7429;5.002952684798741;3.275080426939266
99.25;87.5714;5.002952684798741;3.275080426939266
99.0625;87.6;5.002952684798741;3.275080426939266
98.875;87.8571;5.002952684798741;3.275080426939266
98.5;87.3143;5.002952684798741;3.275080426939266
98.0625;87.4571;5.002952684798741;3.275080426939266
97.5;87.0857;5.002952684798741;3.275080426939266
96.9375;87.3714;5.002952684798741;3.275080426939266
96.6875;86.5143;5.002952684798741;3.275080426939266
96.8125;84.8;5.002952684798741;3.275080426939266
96.625;85.2286;5.002952684798741;3.275080426939266
96.125;86.6286;5.002952684798741;3.275080426939266
95.75;85.4;5.002952684798741;3.275080426939266
95.5;86.0857;5.002952684798741;3.275080426939266
95.4375;86.0571;5.002952684798741;3.275080426939266
95.4375;84.6857;5.002952684798741;3.275080426939266
96.0625;84.9429;5.002952684798741;3.275080426939266
97.1875;84.9429;5.002952684798741;3.275080426939266
97.4375;83.4571;5.002952684798741;3.275080426939266
96.5;84.5429;5.002952684798741;3.275080426939266
95.1875;83.5429;5.002952684798741;3.275080426939266
94.125;83.0857;5.002952684798741;3.275080426939266
93.625;83.6;5.002952684798741;3.275080426939266
93.3125;83.0;5.002952684798741;3.275080426939266
92.8125;82.4857;5.002952684798741;3.275080426939266
92.3125;82.6;5.002952684798741;3.275080426939266
92.125;82.9143;5.002952684798741;3.275080426939266
92.0625;82.6;5.002952684798741;3.275080426939266
92.0;82.1714;5.002952684798741;3.275080426939266
91.6875;81.0;5.002952684798741;3.275080426939266
91.125;81.0286;5.002952684798741;3.275080426939266
90.4375;79.3429;5.002952684798741;3.275080426939266
89.3125;78.0;5.002952684798741;3.275080426939266
88.125;77.8;5.002952684798741;3.275080426939266
87.6875;79.0;5.002952684798741;3.275080426939266
87.625;80.0;5.002952684798741;3.275080426939266
87.25;80.0571;5.002952684798741;3.275080426939266
87.4375;81.0286;5.002952684798741;3.275080426939266
88.125;78.9714;5.002952684798741;3.275080426939266
88.0625;77.7143;5.002952684798741;3.275080426939266
87.4375;76.9714;5.002952684798741;3.275080426939266
87.0625;78.3143;5.002952684798741;3.275080426939266
86.5625;77.2;5.002952684798741;3.275080426939266
85.875;78.2571;5.002952684798741;3.275080426939266
85.3125;76.6286;5.002952684798741;3.275080426939266
85.125;76.7714;5.002952684798741;3.275080426939266
85.0625;75.4286;5.002952684798741;3.275080426939266
85.0625;77.0571;5.002952684798741;3.275080426939266
84.875;76.3143;5.002952684798741;3.275080426939266
84.4375;76.6286;5.002952684798741;3.275080426939266
84.3125;76.8571;5.002952684798741;3.275080426939266
84.25;76.3429;5.002952684798741;3.275080426939266
84.0;75.6857;5.002952684798741;3.275080426939266
83.9375;75.6857;5.002952684798741;3.275080426939266
84.1875;76.2571;5.002952684798741;3.275080426939266
84.375;76.5143;5.002952684798741;3.275080426939266
84.0;77.2857;5.002952684798741;3.275080426939266
83.25;75.2571;5.002952684798741;3.275080426939266
82.6875;75.5714;5.002952684798741;3.275080426939266
82.4375;74.9714;5.002952684798741;3.275080426939266
82.1875;76.3143;5.002952684798741;3.275080426939266
81.8125;75.8286;5.002952684798741;3.275080426939266
81.4375;74.2571;5.002952684798741;3.275080426939266
81.1875;75.2857;5.002952684798741;3.275080426939266
81.25;74.8286;5.002952684798741;3.275080426939266
81.4375;74.0286;5.002952684798741;3.275080426939266
81.625;74.4857;5.002952684798741;3.275080426939266
81.4375;73.3429;5.002952684798741;3.275080426939266
81.0;73.4286;5.002952684798741;3.275080426939266
80.4375;72.2;5.002952684798741;3.275080426939266
79.9375;71.4;5.002952684798741;3.275080426939266
79.5625;73.8571;5.002952684798741;3.275080426939266
79.3125;74.0286;5.002952684798741;3.275080426939266
79.0625;73.1143;5.002952684798741;3.275080426939266
78.4375;73.4286;5.002952684798741;3.275080426939266
77.5;72.9143;5.002952684798741;3.275080426939266
76.875;73.0;5.002952684798741;3.275080426939266
76.5625;73.0571;5.002952684798741;3.275080426939266
76.5;71.7714;5.002952684798741;3.275080426939266
76.5625;71.2571;5.002952684798741;3.275080426939266
77.125;71.1714;5.002952684798741;3.275080426939266
78.0;72.0857;5.002952684798741;3.275080426939266
77.6875;72.0857;5.002952684798741;3.275080426939266
77.0;71.9429;5.002952684798741;3.275080426939266
76.5625;70.9429;5.002952684798741;3.275080426939266
76.3125;70.2857;5.002952684798741;3.275080426939266
76.5;70.9714;5.002952684798741;3.275080426939266
76.4375;70.4857;5.002952684798741;3.275080426939266
75.75;69.0;5.002952684798741;3.275080426939266
75.5;69.3429;5.002952684798741;3.275080426939266
75.6875;69.2857;5.002952684798741;3.275080426939266
75.0;68.9714;5.002952684798741;3.275080426939266
73.9375;69.1429;5.002952684798741;3.275080426939266
73.6875;68.8857;5.002952684798741;3.275080426939266
73.5625;69.2857;5.002952684798741;3.275080426939266
73.75;68.6571;5.002952684798741;3.275080426939266
74.5625;68.0286;5.002952684798741;3.275080426939266
75.0625;68.1429;5.002952684798741;3.275080426939266
74.75;68.2571;5.002952684798741;3.275080426939266
73.9375;68.6571;5.002952684798741;3.275080426939266
73.3125;67.5714;5.002952684798741;3.275080426939266
73.6875;66.8;5.002952684798741;3.275080426939266
74.375;65.8286;5.002952684798741;3.275080426939266
74.125;67.2571;5.002952684798741;3.275080426939266
73.25;66.9143;5.002952684798741;3.275080426939266
72.5;66.8;5.002952684798741;3.275080426939266
71.75;66.8286;5.002952684798741;3.275080426939266
71.0;66.8;5.002952684798741;3.275080426939266
70.5625;66.9429;5.002952684798741;3.275080426939266
70.375;66.2;5.002952684798741;3.275080426939266
70.3125;66.4;5.002952684798741;3.275080426939266
70.375;65.4286;5.002952684798741;3.275080426939266
70.6875;65.1429;5.002952684798741;3.275080426939266
71.3125;65.0571;5.002952684798741;3.275080426939266
71.4375;65.2857;5.002952684798741;3.275080426939266
71.0625;64.4571;5.002952684798741;3.275080426939266
70.75;65.3714;5.002952684798741;3.275080426939266
70.5625;65.3429;5.002952684798741;3.275080426939266
70.3125;65.6571;5.002952684798741;3.275080426939266
70.25;65.6857;5.002952684798741;3.275080426939266
70.1875;65.0286;5.002952684798741;3.275080426939266
70.125;64.2857;5.002952684798741;3.275080426939266
70.1875;64.0571;5.002952684798741;3.275080426939266
69.875;64.0;5.002952684798741;3.275080426939266
68.875;63.8;5.002952684798741;3.275080426939266
68.25;62.9143;5.002952684798741;3.275080426939266
68.625;63.2286;5.002952684798741;3.275080426939266
69.1875;62.6857;5.002952684798741;3.275080426939266
69.0;63.1714;5.002952684798741;3.275080426939266
68.3125;61.8571;5.002952684798741;3.275080426939266
67.8125;62.7143;5.002952684798741;3.275080426939266
67.5;62.6571;5.002952684798741;3.275080426939266
67.0;62.2571;5.002952684798741;3.275080426939266
66.5625;63.4286;5.002952684798741;3.275080426939266
66.5625;62.8;5.002952684798741;3.275080426939266
66.375;61.9143;5.002952684798741;3.275080426939266
66.0625;62.2;5.002952684798741;3.275080426939266
66.3125;62.1143;5.002952684798741;3.275080426939266
66.0;62.1143;5.002952684798741;3.275080426939266
65.0625;61.0286;5.002952684798741;3.275080426939266
64.1875;60.9714;5.002952684798741;3.275080426939266
63.75;60.2;5.002952684798741;3.275080426939266
63.5625;60.2286;5.002952684798741;3.275080426939266
63.5625;60.6;5.002952684798741;3.275080426939266
63.75;60.6;5.002952684798741;3.275080426939266
64.3125;60.8286;5.002952684798741;3.275080426939266
64.9375;60.4286;5.002952684798741;3.275080426939266
65.0;60.4286;5.002952684798741;3.275080426939266
64.6875;60.4571;5.002952684798741;3.275080426939266
64.3125;59.7429;5.002952684798741;3.275080426939266
63.8125;59.5714;5.002952684798741;3.275080426939266
63.5625;58.5714;5.002952684798741;3.275080426939266
63.375;59.4571;5.002952684798741;3.275080426939266
62.9375;58.6571;5.002952684798741;3.275080426939266
62.75;58.6857;5.002952684798741;3.275080426939266
62.6875;58.2571;5.002952684798741;3.275080426939266
62.5;58.1714;5.002952684798741;3.275080426939266
62.125;58.5429;5.002952684798741;3.275080426939266
61.9375;58.8286;5.002952684798741;3.275080426939266
61.75;59.3714;5.002952684798741;3.275080426939266
61.625;58.9143;5.002952684798741;3.275080426939266
62.0;58.0857;5.002952684798741;3.275080426939266
62.5;56.6286;5.002952684798741;3.275080426939266
62.6875;57.9429;5.002952684798741;3.275080426939266
62.125;58.0571;5.002952684798741;3.275080426939266
60.9375;58.4286;5.002952684798741;3.275080426939266
60.1875;58.0286;5.002952684798741;3.275080426939266
60.3125;58.0;5.002952684798741;3.275080426939266
60.4375;57.4286;5.002952684798741;3.275080426939266
60.625;57.6571;5.002952684798741;3.275080426939266
60.9375;57.6;5.002952684798741;3.275080426939266
60.9375;57.0571;5.002952684798741;3.275080426939266
60.875;56.7143;5.002952684798741;3.275080426939266
60.8125;57.0286;5.002952684798741;3.275080426939266
60.8125;56.4;5.002952684798741;3.275080426939266
60.75;56.5143;5.002952684798741;3.275080426939266
60.75;56.8;5.002952684798741;3.275080426939266
60.25;56.6;5.002952684798741;3.275080426939266
59.625;55.8857;5.002952684798741;3.275080426939266
59.375;55.2;5.002952684798741;3.275080426939266
59.3125;55.1429;5.002952684798741;3.275080426939266
59.25;54.9143;5.002952684798741;3.275080426939266
59.0;55.7429;5.002952684798741;3.275080426939266
58.6875;56.0;5.002952684798741;3.275080426939266
58.75;55.2857;5.002952684798741;3.275080426939266
58.6875;55.4;5.002952684798741;3.275080426939266
58.5;54.7143;5.002952684798741;3.275080426939266
58.1875;54.8286;5.002952684798741;3.275080426939266
57.75;54.5714;5.002952684798741;3.275080426939266
57.5625;54.5714;5.002952684798741;3.275080426939266
57.625;54.8857;5.002952684798741;3.275080426939266
57.5625;54.2571;5.002952684798741;3.275080426939266
57.4375;53.6571;5.002952684798741;3.275080426939266
57.4375;53.2286;5.002952684798741;3.275080426939266
57.3125;53.6286;5.002952684798741;3.275080426939266
56.9375;53.3714;5.002952684798741;3.275080426939266
56.5625;53.6571;5.002952684798741;3.275080426939266
56.375;53.6;5.002952684798741;3.275080426939266
56.375;53.9714;5.002952684798741;3.275080426939266
56.375;54.2;5.002952684798741;3.275080426939266
56.3125;53.9143;5.002952684798741;3.275080426939266
56.375;54.0857;5.002952684798741;3.275080426939266
56.6875;53.7143;5.002952684798741;3.275080426939266
57.0;53.2857;5.002952684798741;3.275080426939266
57.125;52.5714;5.002952684798741;3.275080426939266
57.1875;52.2571;5.002952684798741;3.275080426939266
57.1875;52.2286;5.002952684798741;3.275080426939266
57.1875;51.4571;5.002952684798741;3.275080426939266
57.0625;51.4;5.002952684798741;3.275080426939266
56.6875;51.7429;5.002952684798741;3.275080426939266
56.0625;51.3714;5.002952684798741;3.275080426939266
55.125;50.8857;5.002952684798741;3.275080426939266
54.5;50.6571;5.002952684798741;3.275080426939266
54.25;50.9429;5.002952684798741;3.275080426939266
54.1875;50.9143;5.002952684798741;3.275080426939266
53.9375;50.9143;5.002952684798741;3.275080426939266
53.6875;50.9143;5.002952684798741;3.275080426939266
53.6875;50.5429;5.002952684798741;3.275080426939266
53.6875;50.6286;5.002952684798741;3.275080426939266
53.5;50.5714;5.002952684798741;3.275080426939266
53.4375;50.4286;5.002952684798741;3.275080426939266
53.5625;49.7429;5.002952684798741;3.275080426939266
53.625;49.2571;5.002952684798741;3.275080426939266
53.375;49.8286;5.002952684798741;3.275080426939266
53.0;49.6571;5.002952684798741;3.275080426939266
52.6875;49.7714;5.002952684798741;3.275080426939266
52.3125;49.5429;5.002952684798741;3.275080426939266
52.0625;49.6857;5.002952684798741;3.275080426939266
52.0625;49.5429;5.002952684798741;3.275080426939266
52.25;49.3143;5.002952684798741;3.275080426939266
52.6875;49.3143;5.002952684798741;3.275080426939266
53.0;49.2286;5.002952684798741;3.275080426939266
52.8125;49.2571;5.002952684798741;3.275080426939266
52.6875;48.9143;5.002952684798741;3.275080426939266
52.625;48.9143;5.002952684798741;3.275080426939266
52.625;48.6;5.002952684798741;3.275080426939266
52.5625;48.4286;5.002952684798741;3.275080426939266
52.5;47.2286;5.002952684798741;3.275080426939266
52.5;47.9143;5.002952684798741;3.275080426939266
52.5;47.8;5.002952684798741;3.275080426939266
52.3125;48.2286;5.002952684798741;3.275080426939266
51.6875;48.4286;5.002952684798741;3.275080426939266
51.0625;48.9429;5.002952684798741;3.275080426939266
51.0625;48.6;5.002952684798741;3.275080426939266
51.4375;48.5714;5.002952684798741;3.275080426939266
51.625;47.9714;5.002952684798741;3.275080426939266
51.625;47.2286;5.002952684798741;3.275080426939266
51.5;47.0571;5.002952684798741;3.275080426939266
51.375;47.2286;5.002952684798741;3.275080426939266
51.0625;47.5429;5.002952684798741;3.275080426939266
50.625;47.3714;5.002952684798741;3.275080426939266
50.375;47.6857;5.002952684798741;3.275080426939266
50.375;47.7143;5.002952684798741;3.275080426939266
50.1875;47.5143;5.002952684798741;3.275080426939266
49.9375;47.4286;5.002952684798741;3.275080426939266
49.8125;46.9429;5.002952684798741;3.275080426939266
49.9375;46.8286;5.002952684798741;3.275080426939266
50.125;46.5714;5.002952684798741;3.275080426939266
50.25;46.2571;5.002952684798741;3.275080426939266
50.3125;45.8;5.002952684798741;3.275080426939266
50.125;46.2571;5.002952684798741;3.275080426939266
49.8125;46.0857;5.002952684798741;3.275080426939266
49.5;45.5714;5.002952684798741;3.275080426939266
49.3125;45.4857;5.002952684798741;3.275080426939266
49.0;45.0571;5.002952684798741;3.275080426939266
48.6875;44.9429;5.002952684798741;3.275080426939266
48.5625;44.6571;5.002952684798741;3.275080426939266
48.5625;44.5143;5.002952684798741;3.275080426939266
48.5625;44.2571;5.002952684798741;3.275080426939266
48.5625;44.3714;5.002952684798741;3.275080426939266
48.5625;44.8571;5.002952684798741;3.275080426939266
48.625;44.8;5.002952684798741;3.275080426939266
48.5625;44.6571;5.002952684798741;3.275080426939266
48.3125;44.6857;5.002952684798741;3.275080426939266
47.8125;44.6;5.002952684798741;3.275080426939266
47.5;44.4286;5.002952684798741;3.275080426939266
47.5625;44.2571;5.002952684798741;3.275080426939266
47.5;44.4286;5.002952684798741;3.275080426939266
47.4375;44.3143;5.002952684798741;3.275080426939266
47.4375;43.8571;5.002952684798741;3.275080426939266
47.1875;43.7143;5.002952684798741;3.275080426939266
46.75;43.5714;5.002952684798741;3.275080426939266
46.6875;43.8286;5.002952684798741;3.275080426939266
46.625;43.3143;5.002952684798741;3.275080426939266
46.0625;43.2857;5.002952684798741;3.275080426939266
45.625;43.1714;5.002952684798741;3.275080426939266
45.5;43.3429;5.002952684798741;3.275080426939266
45.375;43.0;5.002952684798741;3.275080426939266
45.4375;43.6286;5.002952684798741;3.275080426939266
45.625;43.0857;5.002952684798741;3.275080426939266
45.6875;42.8;5.002952684798741;3.275080426939266
45.6875;43.2286;5.002952684798741;3.275080426939266
45.6875;43.4571;5.002952684798741;3.275080426939266
45.5625;42.5429;5.002952684798741;3.275080426939266
45.625;42.6571;5.002952684798741;3.275080426939266
45.6875;42.2857;5.002952684798741;3.275080426939266
45.5625;42.1714;5.002952684798741;3.275080426939266
45.25;41.7714;5.002952684798741;3.275080426939266
45.1875;41.2857;5.002952684798741;3.275080426939266
45.4375;41.6286;5.002952684798741;3.275080426939266
45.625;41.8857;5.002952684798741;3.275080426939266
45.75;41.6;5.002952684798741;3.275080426939266
45.8125;41.5714;5.002952684798741;3.275080426939266
45.8125;41.3714;5.002952684798741;3.275080426939266
45.6875;41.2571;5.002952684798741;3.275080426939266
45.3125;41.4;5.002952684798741;3.275080426939266
44.9375;41.3714;5.002952684798741;3.275080426939266
44.5625;41.2571;5.002952684798741;3.275080426939266
44.0625;41.1143;5.002952684798741;3.275080426939266
43.4375;41.1143;5.002952684798741;3.275080426939266
43.125;41.0;5.002952684798741;3.275080426939266
43.25;41.3143;5.002952684798741;3.275080426939266
43.5625;41.1143;5.002952684798741;3.275080426939266
43.875;40.6571;5.002952684798741;3.275080426939266
43.9375;40.1143;5.002952684798741;3.275080426939266
43.625;39.9429;5.002952684798741;3.275080426939266
42.9375;39.9714;5.002952684798741;3.275080426939266
42.4375;39.9714;5.002952684798741;3.275080426939266
42.125;40.2;5.002952684798741;3.275080426939266
42.0625;39.8571;5.002952684798741;3.275080426939266
42.0;39.8;5.002952684798741;3.275080426939266
42.0;39.8;5.002952684798741;3.275080426939266
42.375;39.5143;5.002952684798741;3.275080426939266
42.625;39.3429;5.002952684798741;3.275080426939266
42.3125;39.4571;5.002952684798741;3.275080426939266
41.9375;39.1714;5.002952684798741;3.275080426939266
41.75;38.6;5.002952684798741;3.275080426939266
41.6875;38.9429;5.002952684798741;3.275080426939266
41.5;38.2;5.002952684798741;3.275080426939266
41.0625;38.6857;5.002952684798741;3.275080426939266
40.4375;38.9429;5.002952684798741;3.275080426939266
40.0;38.4571;5.002952684798741;3.275080426939266
39.75;38.5143;5.002952684798741;3.275080426939266
39.6875;38.3429;5.002952684798741;3.275080426939266
39.6875;38.2857;5.002952684798741;3.275080426939266
39.75;37.6286;5.002952684798741;3.275080426939266
39.9375;37.6;5.002952684798741;3.275080426939266
40.25;37.2;5.002952684798741;3.275080426939266
40.25;37.7714;5.002952684798741;3.275080426939266
39.8125;37.5143;5.002952684798741;3.275080426939266
39.4375;37.7429;5.002952684798741;3.275080426939266
39.25;37.4;5.002952684798741;3.275080426939266
39.375;37.0857;5.002952684798741;3.275080426939266
39.5;36.8571;5.002952684798741;3.275080426939266
39.1875;36.5429;5.002952684798741;3.275080426939266
38.875;36.2571;5.002952684798741;3.275080426939266
38.9375;36.5429;5.002952684798741;3.275080426939266
38.8125;36.6857;5.002952684798741;3.275080426939266
38.5;36.7143;5.002952684798741;3.275080426939266
38.4375;36.5714;5.002952684798741;3.275080426939266
38.5625;37.0;5.002952684798741;3.275080426939266
38.625;36.7143;5.002952684798741;3.275080426939266
38.5625;36.6571;5.002952684798741;3.275080426939266
38.5;36.4286;5.002952684798741;3.275080426939266
38.6875;36.1143;5.002952684798741;3.275080426939266
38.875;36.3429;5.002952684798741;3.275080426939266
38.875;36.4286;5.002952684798741;3.275080426939266
38.625;35.8857;5.002952684798741;3.275080426939266
38.375;36.1429;5.002952684798741;3.275080426939266
38.125;35.7143;5.002952684798741;3.275080426939266
37.875;35.7143;5.002952684798741;3.275080426939266
37.875;35.6857;5.002952684798741;3.275080426939266
38.0;35.1429;5.002952684798741;3.275080426939266
38.1875;34.6286;5.002952684798741;3.275080426939266
38.25;34.6286;5.002952684798741;3.275080426939266
38.3125;34.5143;5.002952684798741;3.275080426939266
38.3125;34.5143;5.002952684798741;3.275080426939266
38.3125;34.6857;5.002952684798741;3.275080426939266
38.1875;34.5714;5.002952684798741;3.275080426939266
37.875;34.8571;5.002952684798741;3.275080426939266
37.3125;34.7143;5.002952684798741;3.275080426939266
36.875;35.3143;5.002952684798741;3.275080426939266
36.625;35.2571;5.002952684798741;3.275080426939266
36.625;34.9429;5.002952684798741;3.275080426939266
36.625;34.6;5.002952684798741;3.275080426939266
36.625;34.4;5.002952684798741;3.275080426939266
36.625;34.0571;5.002952684798741;3.275080426939266
36.4375;34.0286;5.002952684798741;3.275080426939266
36.125;33.8571;5.002952684798741;3.275080426939266
35.9375;33.9429;5.002952684798741;3.275080426939266
35.75;33.9714;5.002952684798741;3.275080426939266
35.75;33.5714;5.002952684798741;3.275080426939266
35.625;33.7714;5.002952684798741;3.275080426939266
35.4375;33.8857;5.002952684798741;3.275080426939266
35.5;33.6857;5.002952684798741;3.275080426939266
35.6875;33.4286;5.002952684798741;3.275080426939266
35.8125;33.3714;5.002952684798741;3.275080426939266
35.75;32.9143;5.002952684798741;3.275080426939266
35.4375;32.7143;5.002952684798741;3.275080426939266
35.1875;32.7143;5.002952684798741;3.275080426939266
34.9375;32.5429;5.002952684798741;3.275080426939266
34.75;32.6857;5.002952684798741;3.275080426939266
34.6875;32.6286;5.002952684798741;3.275080426939266
34.625;32.4857;5.002952684798741;3.275080426939266
34.5625;32.3143;5.002952684798741;3.275080426939266
34.5;32.2571;5.002952684798741;3.275080426939266
34.5;32.0;5.002952684798741;3.275080426939266
34.5;31.8571;5.002952684798741;3.275080426939266
34.5;31.6;5.002952684798741;3.275080426939266
34.5;31.7143;5.002952684798741;3.275080426939266
34.5;32.1429;5.002952684798741;3.275080426939266
34.4375;32.0571;5.002952684798741;3.275080426939266
34.0625;32.1429;5.002952684798741;3.275080426939266
33.8125;32.0857;5.002952684798741;3.275080426939266
33.875;31.6;5.002952684798741;3.275080426939266
33.9375;31.7714;5.002952684798741;3.275080426939266
33.75;31.6571;5.002952684798741;3.275080426939266
33.4375;31.6571;5.002952684798741;3.275080426939266
33.25;31.4286;5.002952684798741;3.275080426939266
33.3125;31.4286;5.002952684798741;3.275080426939266
33.3125;31.0857;5.002952684798741;3.275080426939266
33.1875;30.8286;5.002952684798741;3.275080426939266
33.0;31.0857;5.002952684798741;3.275080426939266
32.8125;30.8571;5.002952684798741;3.275080426939266
32.625;30.8571;5.002952684798741;3.275080426939266
32.5;30.9143;5.002952684798741;3.275080426939266
32.5;30.6571;5.002952684798741;3.275080426939266
32.4375;30.4571;5.002952684798741;3.275080426939266
32.4375;30.1714;5.002952684798741;3.275080426939266
32.4375;30.0;5.002952684798741;3.275080426939266
32.3125;29.8857;5.002952684798741;3.275080426939266
32.0;29.7714;5.002952684798741;3.275080426939266
31.6875;29.5714;5.002952684798741;3.275080426939266
31.625;29.5714;5.002952684798741;3.275080426939266
31.625;29.9714;5.002952684798741;3.275080426939266
31.5625;29.8857;5.002952684798741;3.275080426939266
31.5;29.8286;5.002952684798741;3.275080426939266
31.5;29.6571;5.002952684798741;3.275080426939266
31.5;29.5143;5.002952684798741;3.275080426939266
31.4375;29.2571;5.002952684798741;3.275080426939266
31.4375;29.0571;5.002952684798741;3.275080426939266
31.4375;29.3429;5.002952684798741;3.275080426939266
31.5;29.1143;5.002952684798741;3.275080426939266
31.5;28.9714;5.002952684798741;3.275080426939266
31.375;29.0286;5.002952684798741;3.275080426939266
31.1875;28.6857;5.002952684798741;3.275080426939266
31.0;28.5143;5.002952684798741;3.275080426939266
30.875;28.4571;5.002952684798741;3.275080426939266
30.625;28.3714;5.002952684798741;3.275080426939266
30.4375;28.3429;5.002952684798741;3.275080426939266
30.3125;28.4571;5.002952684798741;3.275080426939266
30.3125;28.2571;5.002952684798741;3.275080426939266
30.3125;28.3143;5.002952684798741;3.275080426939266
30.125;28.2857;5.002952684798741;3.275080426939266
30.0;28.2857;5.002952684798741;3.275080426939266
29.9375;28.0;5.002952684798741;3.275080426939266
29.9375;27.9714;5.002952684798741;3.275080426939266
29.9375;28.1714;5.002952684798741;3.275080426939266
29.9375;28.1429;5.002952684798741;3.275080426939266
29.8125;27.8286;5.002952684798741;3.275080426939266
29.6875;27.6571;5.002952684798741;3.275080426939266
29.625;27.6;5.002952684798741;3.275080426939266
29.5625;27.8857;5.002952684798741;3.275080426939266
29.5625;27.7429;5.002952684798741;3.275080426939266
29.625;27.3714;5.002952684798741;3.275080426939266
29.6875;27.3429;5.002952684798741;3.275080426939266
29.5625;27.2571;5.002952684798741;3.275080426939266
29.3125;27.3714;5.002952684798741;3.275080426939266
29.0625;27.4857;5.002952684798741;3.275080426939266
28.9375;27.6;5.002952684798741;3.275080426939266
28.875;27.5714;5.002952684798741;3.275080426939266
28.875;27.1429;5.002952684798741;3.275080426939266
28.875;27.1429;5.002952684798741;3.275080426939266
28.875;26.9429;5.002952684798741;3.275080426939266
28.875;26.8;5.002952684798741;3.275080426939266
28.75;26.5143;5.002952684798741;3.275080426939266
28.5625;26.2571;5.002952684798741;3.275080426939266
28.3125;26.1429;5.002952684798741;3.275080426939266
28.125;26.0571;5.002952684798741;3.275080426939266
27.9375;25.8857;5.002952684798741;3.275080426939266
27.625;25.8857;5.002952684798741;3.275080426939266
27.5;25.7714;5.002952684798741;3.275080426939266
27.375;25.6286;5.002952684798741;3.275080426939266
27.25;25.8;5.002952684798741;3.275080426939266
27.1875;25.5429;5.002952684798741;3.275080426939266
27.0625;25.3143;5.002952684798741;3.275080426939266
26.9375;25.5714;5.002952684798741;3.275080426939266
26.9375;25.6286;5.002952684798741;3.275080426939266
26.9375;25.2857;5.002952684798741;3.275080426939266
26.9375;25.1714;5.002952684798741;3.275080426939266
26.8125;25.1143;5.002952684798741;3.275080426939266
26.625;25.0286;5.002952684798741;3.275080426939266
26.5;25.0571;5.002952684798741;3.275080426939266
26.5;25.0286;5.002952684798741;3.275080426939266
26.5;24.7714;5.002952684798741;3.275080426939266
26.375;24.6857;5.002952684798741;3.275080426939266
26.375;24.6571;5.002952684798741;3.275080426939266
26.3125;24.7429;5.002952684798741;3.275080426939266
26.125;24.6571;5.002952684798741;3.275080426939266
25.9375;24.5429;5.002952684798741;3.275080426939266
25.875;24.6;5.002952684798741;3.275080426939266
25.9375;24.4286;5.002952684798741;3.275080426939266
26.0;24.1429;5.002952684798741;3.275080426939266
26.0;24.2857;5.002952684798741;3.275080426939266
26.0625;24.3143;5.002952684798741;3.275080426939266
26.0625;24.3714;5.002952684798741;3.275080426939266
26.0625;24.2571;5.002952684798741;3.275080426939266
26.0;24.1429;5.002952684798741;3.275080426939266
25.8125;24.3714;5.002952684798741;3.275080426939266
25.6875;24.0857;5.002952684798741;3.275080426939266
25.625;23.9429;5.002952684798741;3.275080426939266
25.5625;23.8857;5.002952684798741;3.275080426939266
25.5625;23.9714;5.002952684798741;3.275080426939266
25.5;23.7429;5.002952684798741;3.275080426939266
25.4375;23.5714;5.002952684798741;3.275080426939266
25.3125;23.6286;5.002952684798741;3.275080426939266
25.1875;23.6286;5.002952684798741;3.275080426939266
25.0625;23.7714;5.002952684798741;3.275080426939266
24.9375;23.5143;5.002952684798741;3.275080426939266
24.8125;23.6;5.002952684798741;3.275080426939266
24.6875;23.4571;5.002952684798741;3.275080426939266
24.625;23.4;5.002952684798741;3.275080426939266
24.5625;23.1143;5.002952684798741;3.275080426939266
24.5625;23.0857;5.002952684798741;3.275080426939266
24.4375;23.2571;5.002952684798741;3.275080426939266
24.25;23.1714;5.002952684798741;3.275080426939266
24.1875;23.1143;5.002952684798741;3.275080426939266
24.25;23.0571;5.002952684798741;3.275080426939266
24.375;22.8857;5.002952684798741;3.275080426939266
24.375;22.6;5.002952684798741;3.275080426939266
24.3125;22.7143;5.002952684798741;3.275080426939266
24.25;22.2857;5.002952684798741;3.275080426939266
24.1875;22.5429;5.002952684798741;3.275080426939266
24.1875;22.5714;5.002952684798741;3.275080426939266
24.1875;22.6571;5.002952684798741;3.275080426939266
24.125;22.5714;5.002952684798741;3.275080426939266
24.125;22.5429;5.002952684798741;3.275080426939266
24.125;22.4857;5.002952684798741;3.275080426939266
24.0625;22.0857;5.002952684798741;3.275080426939266
23.8125;22.1143;5.002952684798741;3.275080426939266
23.625;21.9429;5.002952684798741;3.275080426939266
23.375;21.8857;5.002952684798741;3.275080426939266
23.125;21.8857;5.002952684798741;3.275080426939266
23.0625;21.9143;5.002952684798741;3.275080426939266
23.0625;21.6857;5.002952684798741;3.275080426939266
23.0;21.6286;5.002952684798741;3.275080426939266
22.9375;21.5714;5.002952684798741;3.275080426939266
22.875;21.6286;5.002952684798741;3.275080426939266
22.625;21.5429;5.002952684798741;3.275080426939266
22.5625;21.5429;5.002952684798741;3.275080426939266
22.5625;21.5429;5.002952684798741;3.275080426939266
22.5;21.3143;5.002952684798741;3.275080426939266
22.5;21.1429;5.002952684798741;3.275080426939266
22.4375;21.0571;5.002952684798741;3.275080426939266
22.3125;20.9143;5.002952684798741;3.275080426939266
22.4375;21.0286;5.002952684798741;3.275080426939266
22.5;21.0286;5.002952684798741;3.275080426939266
22.3125;20.6286;5.002952684798741;3.275080426939266
22.0625;20.8286;5.002952684798741;3.275080426939266
22.0;20.7143;5.002952684798741;3.275080426939266
21.875;20.5143;5.002952684798741;3.275080426939266
21.8125;20.4857;5.002952684798741;3.275080426939266
21.75;20.3714;5.002952684798741;3.275080426939266
21.6875;20.2;5.002952684798741;3.275080426939266
21.5625;20.3429;5.002952684798741;3.275080426939266
21.5;20.1714;5.002952684798741;3.275080426939266
21.4375;20.1429;5.002952684798741;3.275080426939266
21.4375;20.4;5.002952684798741;3.275080426939266
21.4375;20.0857;5.002952684798741;3.275080426939266
21.4375;20.1143;5.002952684798741;3.275080426939266
21.5;20.2857;5.002952684798741;3.275080426939266
21.4375;19.8286;5.002952684798741;3.275080426939266
21.3125;19.8286;5.002952684798741;3.275080426939266
21.1875;19.7714;5.002952684798741;3.275080426939266
21.125;19.5143;5.002952684798741;3.275080426939266
21.0;19.6;5.002952684798741;3.275080426939266
20.9375;19.5143;5.002952684798741;3.275080426939266
20.75;19.5143;5.002952684798741;3.275080426939266
20.6875;19.5143;5.002952684798741;3.275080426939266
20.75;19.3714;5.002952684798741;3.275080426939266
20.6875;19.2857;5.002952684798741;3.275080426939266
20.6875;19.1429;5.002952684798741;3.275080426939266
20.625;19.0857;5.002952684798741;3.275080426939266
20.5;19.0;5.002952684798741;3.275080426939266
20.375;18.9429;5.002952684798741;3.275080426939266
20.25;19.0;5.002952684798741;3.275080426939266
20.1875;18.9143;5.002952684798741;3.275080426939266
20.125;18.9429;5.002952684798741;3.275080426939266
20.0625;18.8286;5.002952684798741;3.275080426939266
19.9375;18.6857;5.002952684798741;3.275080426939266
19.875;18.5714;5.002952684798741;3.275080426939266
19.9375;18.4286;5.002952684798741;3.275080426939266
19.875;18.3143;5.002952684798741;3.275080426939266
19.75;18.3143;5.002952684798741;3.275080426939266
19.5625;18.1143;5.002952684798741;3.275080426939266
19.375;18.1429;5.002952684798741;3.275080426939266
19.375;18.0571;5.002952684798741;3.275080426939266
19.4375;18.0;5.002952684798741;3.275080426939266
19.5625;17.9714;5.002952684798741;3.275080426939266
19.5625;17.8571;5.002952684798741;3.275080426939266
19.625;17.7429;5.002952684798741;3.275080426939266
19.625;17.5714;5.002952684798741;3.275080426939266
19.5;17.6571;5.002952684798741;3.275080426939266
19.1875;17.4;5.002952684798741;3.275080426939266
18.8125;17.4571;5.002952684798741;3.275080426939266
18.5625;17.4286;5.002952684798741;3.275080426939266
18.5;17.3429;5.002952684798741;3.275080426939266
18.4375;17.3714;5.002952684798741;3.275080426939266
18.375;17.3143;5.002952684798741;3.275080426939266
18.375;17.2286;5.002952684798741;3.275080426939266
18.3125;17.2;5.002952684798741;3.275080426939266
18.25;17.1143;5.002952684798741;3.275080426939266
18.125;17.0571;5.002952684798741;3.275080426939266
18.0625;17.0286;5.002952684798741;3.275080426939266
18.0;16.9429;5.002952684798741;3.275080426939266
18.0;16.8571;5.002952684798741;3.275080426939266
17.875;16.8571;5.002952684798741;3.275080426939266
17.8125;16.7714;5.002952684798741;3.275080426939266
17.75;16.7714;5.002952684798741;3.275080426939266
17.75;16.6;5.002952684798741;3.275080426939266
17.75;16.6;5.002952684798741;3.275080426939266
17.6875;16.4;5.002952684798741;3.275080426939266
17.5625;16.6286;5.002952684798741;3.275080426939266
17.4375;16.4;5.002952684798741;3.275080426939266
17.4375;16.4571;5.002952684798741;3.275080426939266
17.4375;16.4571;5.002952684798741;3.275080426939266
17.375;16.3714;5.002952684798741;3.275080426939266
17.375;16.2571;5.002952684798741;3.275080426939266
17.5;16.1143;5.002952684798741;3.275080426939266
17.75;16.0286;5.002952684798741;3.275080426939266
17.875;15.9429;5.002952684798741;3.275080426939266
18.0;15.8857;5.002952684798741;3.275080426939266
18.0;15.7714;5.002952684798741;3.275080426939266
18.0;15.6571;5.002952684798741;3.275080426939266
17.875;15.6286;5.002952684798741;3.275080426939266
17.5;15.6286;5.002952684798741;3.275080426939266
17.0;15.5429;5.002952684798741;3.275080426939266
16.625;15.5429;5.002952684798741;3.275080426939266
16.5;15.4857;5.002952684798741;3.275080426939266
16.4375;15.3714;5.002952684798741;3.275080426939266
16.4375;15.2;5.002952684798741;3.275080426939266
16.375;15.2571;5.002952684798741;3.275080426939266
16.25;15.1429;5.002952684798741;3.275080426939266
16.1875;15.2;5.002952684798741;3.275080426939266
16.0625;15.0286;5.002952684798741;3.275080426939266
15.9375;15.0;5.002952684798741;3.275080426939266
15.9375;14.7429;5.002952684798741;3.275080426939266
15.9375;14.7429;5.002952684798741;3.275080426939266
15.875;14.7429;5.002952684798741;3.275080426939266
15.75;14.7143;5.002952684798741;3.275080426939266
15.6875;14.6;5.002952684798741;3.275080426939266
15.625;14.6;5.002952684798741;3.275080426939266
15.5;14.5429;5.002952684798741;3.275080426939266
15.375;14.4857;5.002952684798741;3.275080426939266
15.375;14.4;5.002952684798741;3.275080426939266
15.4375;14.4286;5.002952684798741;3.275080426939266
15.5;14.4;5.002952684798741;3.275080426939266
15.5;14.4286;5.002952684798741;3.275080426939266
15.4375;14.3143;5.002952684798741;3.275080426939266
15.4375;14.3714;5.002952684798741;3.275080426939266
15.375;14.2286;5.002952684798741;3.275080426939266
15.25;14.2286;5.002952684798741;3.275080426939266
15.1875;14.0571;5.002952684798741;3.275080426939266
15.125;14.0286;5.002952684798741;3.275080426939266
15.125;13.9429;5.002952684798741;3.275080426939266
15.125;13.8857;5.002952684798741;3.275080426939266
15.1875;13.7714;5.002952684798741;3.275080426939266
15.25;13.7429;5.002952684798741;3.275080426939266
15.125;13.6857;5.002952684798741;3.275080426939266
14.9375;13.6857;5.002952684798741;3.275080426939266
14.75;13.5143;5.002952684798741;3.275080426939266
14.625;13.4857;5.002952684798741;3.275080426939266
14.5625;13.3714;5.002952684798741;3.275080426939266
14.5;13.4;5.002952684798741;3.275080426939266
14.5;13.4;5.002952684798741;3.275080426939266
14.4375;13.3429;5.002952684798741;3.275080426939266
14.5;13.3143;5.002952684798741;3.275080426939266
14.5;13.2286;5.002952684798741;3.275080426939266
14.4375;13.1714;5.002952684798741;3.275080426939266
14.375;13.0286;5.002952684798741;3.275080426939266
14.3125;12.9714;5.002952684798741;3.275080426939266
14.25;12.9143;5.002952684798741;3.275080426939266
14.125;12.8;5.002952684798741;3.275080426939266
13.875;12.7429;5.002952684798741;3.275080426939266
13.75;12.7143;5.002952684798741;3.275080426939266
13.6875;12.7429;5.002952684798741;3.275080426939266
13.625;12.6286;5.002952684798741;3.275080426939266
13.625;12.5429;5.002952684798741;3.275080426939266
13.625;12.5429;5.002952684798741;3.275080426939266
13.6875;12.4857;5.002952684798741;3.275080426939266
13.6875;12.5143;5.002952684798741;3.275080426939266
13.625;12.3714;5.002952684798741;3.275080426939266
13.625;12.2857;5.002952684798741;3.275080426939266
13.5625;12.3429;5.002952684798741;3.275080426939266
13.5;12.2;5.002952684798741;3.275080426939266
13.4375;12.1143;5.002952684798741;3.275080426939266
13.4375;12.1714;5.002952684798741;3.275080426939266
13.4375;12.0286;5.002952684798741;3.275080426939266
13.4375;12.0;5.002952684798741;3.275080426939266
13.375;11.9714;5.002952684798741;3.275080426939266
13.25;11.9143;5.002952684798741;3.275080426939266
13.0625;11.8286;5.002952684798741;3.275080426939266
12.9375;11.8286;5.002952684798741;3.275080426939266
12.875;11.7714;5.002952684798741;3.275080426939266
12.8125;11.7714;5.002952684798741;3.275080426939266
12.8125;11.6857;5.002952684798741;3.275080426939266
12.8125;11.5429;5.002952684798741;3.275080426939266
12.75;11.4571;5.002952684798741;3.275080426939266
12.6875;11.4286;5.002952684798741;3.275080426939266
12.625;11.5143;5.002952684798741;3.275080426939266
12.5;11.4286;5.002952684798741;3.275080426939266
12.375;11.2571;5.002952684798741;3.275080426939266
12.3125;11.2857;5.002952684798741;3.275080426939266
12.25;11.2286;5.002952684798741;3.275080426939266
12.3125;11.2286;5.002952684798741;3.275080426939266
12.375;11.2571;5.002952684798741;3.275080426939266
12.25;11.1714;5.002952684798741;3.275080426939266
12.125;11.1714;5.002952684798741;3.275080426939266
12.125;11.0571;5.002952684798741;3.275080426939266
12.1875;10.9714;5.002952684798741;3.275080426939266
12.125;10.9429;5.002952684798741;3.275080426939266
12.125;10.9143;5.002952684798741;3.275080426939266
12.0625;10.8571;5.002952684798741;3.275080426939266
12.0;10.8;5.002952684798741;3.275080426939266
11.875;10.7429;5.002952684798741;3.275080426939266
11.6875;10.6857;5.002952684798741;3.275080426939266
11.625;10.6857;5.002952684798741;3.275080426939266
11.5625;10.5429;5.002952684798741;3.275080426939266
11.5625;10.5143;5.002952684798741;3.275080426939266
11.5625;10.5429;5.002952684798741;3.275080426939266
11.625;10.4286;5.002952684798741;3.275080426939266
11.625;10.3714;5.002952684798741;3.275080426939266
11.5625;10.2286;5.002952684798741;3.275080426939266
11.5;10.2;5.002952684798741;3.275080426939266
11.4375;10.1714;5.002952684798741;3.275080426939266
11.375;10.0857;5.002952684798741;3.275080426939266
11.3125;10.0857;5.002952684798741;3.275080426939266
11.25;10.0571;5.002952684798741;3.275080426939266
11.125;10.0;5.002952684798741;3.275080426939266
11.0625;9.9714;5.002952684798741;3.275080426939266
11.0625;9.8857;5.002952684798741;3.275080426939266
11.0625;9.8571;5.002952684798741;3.275080426939266
11.0625;9.7143;5.002952684798741;3.275080426939266
11.0;9.8;5.002952684798741;3.275080426939266
11.0;9.6571;5.002952684798741;3.275080426939266
10.9375;9.6571;5.002952684798741;3.275080426939266
10.9375;9.6;5.002952684798741;3.275080426939266
10.875;9.6286;5.002952684798741;3.275080426939266
10.875;9.5143;5.002952684798741;3.275080426939266
10.875;9.4571;5.002952684798741;3.275080426939266
10.8125;9.4571;5.002952684798741;3.275080426939266
10.75;9.4;5.002952684798741;3.275080426939266
10.6875;9.2857;5.002952684798741;3.275080426939266
10.625;9.2857;5.002952684798741;3.275080426939266
10.5625;9.2857;5.002952684798741;3.275080426939266
10.5625;9.1429;5.002952684798741;3.275080426939266
10.5625;9.1429;5.002952684798741;3.275080426939266
10.625;9.0857;5.002952684798741;3.275080426939266
10.6875;9.0286;5.002952684798741;3.275080426939266
10.75;8.9714;5.002952684798741;3.275080426939266
10.75;8.9429;5.002952684798741;3.275080426939266
10.6875;8.9429;5.002952684798741;3.275080426939266
10.5625;8.8857;5.002952684798741;3.275080426939266
10.375;8.8571;5.002952684798741;3.275080426939266
10.25;8.8;5.002952684798741;3.275080426939266
10.1875;8.6857;5.002952684798741;3.275080426939266
10.125;8.6571;5.002952684798741;3.275080426939266
10.0625;8.6;5.002952684798741;3.275080426939266
9.9375;8.5714;5.002952684798741;3.275080426939266
9.8125;8.5143;5.002952684798741;3.275080426939266
9.75;8.4571;5.002952684798741;3.275080426939266
9.6875;8.3714;5.002952684798741;3.275080426939266
9.625;8.4;5.002952684798741;3.275080426939266
9.5625;8.2857;5.002952684798741;3.275080426939266
9.5;8.3714;5.002952684798741;3.275080426939266
9.5625;8.2286;5.002952684798741;3.275080426939266
9.5625;8.2286;5.002952684798741;3.275080426939266
9.5625;8.1429;5.002952684798741;3.275080426939266
9.5;8.1429;5.002952684798741;3.275080426939266
9.4375;8.1143;5.002952684798741;3.275080426939266
9.375;8.0;5.002952684798741;3.275080426939266
9.3125;7.9429;5.002952684798741;3.275080426939266
9.375;7.9143;5.002952684798741;3.275080426939266
9.4375;7.9143;5.002952684798741;3.275080426939266
9.375;7.8286;5.002952684798741;3.275080426939266
9.3125;7.8;5.002952684798741;3.275080426939266
9.1875;7.7429;5.002952684798741;3.275080426939266
9.1875;7.7143;5.002952684798741;3.275080426939266
9.1875;7.6286;5.002952684798741;3.275080426939266
9.1875;7.6286;5.002952684798741;3.275080426939266
9.1875;7.6286;5.002952684798741;3.275080426939266
9.1875;7.5429;5.002952684798741;3.275080426939266
9.25;7.5143;5.002952684798741;3.275080426939266
9.1875;7.4571;5.002952684798741;3.275080426939266
9.125;7.4286;5.002952684798741;3.275080426939266
9.0625;7.3714;5.002952684798741;3.275080426939266
8.875;7.3143;5.002952684798741;3.275080426939266
8.75;7.3143;5.002952684798741;3.275080426939266
8.8125;7.2286;5.002952684798741;3.275080426939266
8.875;7.2;5.002952684798741;3.275080426939266
8.875;7.1429;5.002952684798741;3.275080426939266
8.8125;7.1143;5.002952684798741;3.275080426939266
8.6875;7.1143;5.002952684798741;3.275080426939266
8.5625;7.1143;5.002952684798741;3.275080426939266
8.5;7.0571;5.002952684798741;3.275080426939266
8.5;6.9429;5.002952684798741;3.275080426939266
8.5;6.8857;5.002952684798741;3.275080426939266
8.375;6.8571;5.002952684798741;3.275080426939266
8.4375;6.8286;5.002952684798741;3.275080426939266
8.375;6.7143;5.002952684798741;3.275080426939266
8.125;6.7143;5.002952684798741;3.275080426939266
7.875;6.6571;5.002952684798741;3.275080426939266
7.75;6.6286;5.002952684798741;3.275080426939266
7.625;6.6;5.002952684798741;3.275080426939266
7.5625;6.5714;5.002952684798741;3.275080426939266
7.4375;6.5429;5.002952684798741;3.275080426939266
7.375;6.4857;5.002952684798741;3.275080426939266
7.3125;6.4;5.002952684798741;3.275080426939266
7.125;6.4;5.002952684798741;3.275080426939266
7.0;6.3714;5.002952684798741;3.275080426939266
7.125;6.2857;5.002952684798741;3.275080426939266
7.375;6.2857;5.002952684798741;3.275080426939266
7.5;6.2571;5.002952684798741;3.275080426939266
7.625;6.1143;5.002952684798741;3.275080426939266
7.625;6.0857;5.002952684798741;3.275080426939266
7.5625;6.1143;5.002952684798741;3.275080426939266
7.25;6.0571;5.002952684798741;3.275080426939266
7.0;6.0571;5.002952684798741;3.275080426939266
6.6875;5.9714;5.002952684798741;3.275080426939266
6.4375;5.9714;5.002952684798741;3.275080426939266
6.3125;5.8857;5.002952684798741;3.275080426939266
6.375;5.8286;5.002952684798741;3.275080426939266
6.3125;5.8286;5.002952684798741;3.275080426939266
6.375;5.8;5.002952684798741;3.275080426939266
6.5625;5.7143;5.002952684798741;3.275080426939266
6.625;5.7143;5.002952684798741;3.275080426939266
6.5;5.6286;5.002952684798741;3.275080426939266
6.3125;5.6286;5.002952684798741;3.275080426939266
6.25;5.5143;5.002952684798741;3.275080426939266
6.25;5.5143;5.002952684798741;3.275080426939266
6.125;5.4571;5.002952684798741;3.275080426939266
6.0;5.3714;5.002952684798741;3.275080426939266
6.0625;5.3429;5.002952684798741;3.275080426939266
6.1875;5.3429;5.002952684798741;3.275080426939266
6.1875;5.2286;5.002952684798741;3.275080426939266
6.0;5.3143;5.002952684798741;3.275080426939266
5.6875;5.2286;5.002952684798741;3.275080426939266
5.5;5.2;5.002952684798741;3.275080426939266
5.5;5.1714;5.002952684798741;3.275080426939266
5.6875;5.1429;5.002952684798741;3.275080426939266
5.6875;5.0571;5.002952684798741;3.275080426939266
5.5;5.0;5.002952684798741;3.275080426939266
5.25;5.0;5.002952684798741;3.275080426939266
5.0625;4.9429;5.002952684798741;3.275080426939266
4.9375;4.9143;5.002952684798741;3.275080426939266
4.875;4.9143;5.002952684798741;3.275080426939266
4.875;4.8571;5.002952684798741;3.275080426939266
4.875;4.8286;5.002952684798741;3.275080426939266
5.0;4.8286;5.002952684798741;3.275080426939266
5.25;4.7429;5.002952684798741;3.275080426939266
5.375;4.7429;5.002952684798741;3.275080426939266
5.375;4.7143;5.002952684798741;3.275080426939266
5.5;4.6571;5.002952684798741;3.275080426939266
5.5;4.6286;5.002952684798741;3.275080426939266
5.25;4.5429;5.002952684798741;3.275080426939266
5.125;4.5143;5.002952684798741;3.275080426939266
5.0625;4.5143;5.002952684798741;3.275080426939266
5.0625;4.4286;5.002952684798741;3.275080426939266
4.875;4.4286;5.002952684798741;3.275080426939266
4.75;4.4286;5.002952684798741;3.275080426939266
4.75;4.3714;5.002952684798741;3.275080426939266
4.875;4.3143;5.002952684798741;3.275080426939266
4.75;4.3429;5.002952684798741;3.275080426939266
4.4375;4.2286;5.002952684798741;3.275080426939266
4.3125;4.2286;5.002952684798741;3.275080426939266
4.3125;4.1429;5.002952684798741;3.275080426939266
4.5;4.1714;5.002952684798741;3.275080426939266
4.6875;4.0857;5.002952684798741;3.275080426939266
4.8125;4.0571;5.002952684798741;3.275080426939266
4.8125;4.0571;5.002952684798741;3.275080426939266
4.6875;4.0;5.002952684798741;3.275080426939266
4.5625;3.9429;5.002952684798741;3.275080426939266
4.5;3.9429;5.002952684798741;3.275080426939266
4.4375;3.8857;5.002952684798741;3.275080426939266
4.3125;3.8571;5.002952684798741;3.275080426939266
4.125;3.8571;5.002952684798741;3.275080426939266
4.0;3.8571;5.002952684798741;3.275080426939266
3.9375;3.7714;5.002952684798741;3.275080426939266
3.9375;3.7714;5.002952684798741;3.275080426939266
3.9375;3.7714;5.002952684798741;3.275080426939266
4.0;3.6571;5.002952684798741;3.275080426939266
4.0625;3.6;5.002952684798741;3.275080426939266
4.125;3.6;5.002952684798741;3.275080426939266
3.875;3.5143;5.002952684798741;3.275080426939266
3.3125;3.5143;5.002952684798741;3.275080426939266
2.9375;3.4857;5.002952684798741;3.275080426939266
3.0;3.4286;5.002952684798741;3.275080426939266
3.25;3.4;5.002952684798741;3.275080426939266
3.3125;3.4;5.002952684798741;3.275080426939266
3.0625;3.3143;5.002952684798741;3.275080426939266
3.0625;3.3143;5.002952684798741;3.275080426939266
3.3125;3.3143;5.002952684798741;3.275080426939266
3.75;3.2286;5.002952684798741;3.275080426939266
4.0;3.2;5.002952684798741;3.275080426939266
3.875;3.1714;5.002952684798741;3.275080426939266
3.75;3.1714;5.002952684798741;3.275080426939266
3.75;3.1429;5.002952684798741;3.275080426939266
3.6875;3.0286;5.002952684798741;3.275080426939266
3.5;3.0286;5.002952684798741;3.275080426939266
3.4375;3.0571;5.002952684798741;3.275080426939266
3.375;3.0;5.002952684798741;3.275080426939266
3.25;2.9714;5.002952684798741;3.275080426939266
3.3125;2.9714;5.002952684798741;3.275080426939266
3.4375;2.9143;5.002952684798741;3.275080426939266
3.4375;2.8571;5.002952684798741;3.275080426939266
3.375;2.8857;5.002952684798741;3.275080426939266
3.3125;2.8;5.002952684798741;3.275080426939266
3.25;2.7429;5.002952684798741;3.275080426939266
3.1875;2.7429;5.002952684798741;3.275080426939266
3.1875;2.6857;5.002952684798741;3.275080426939266
3.1875;2.6286;5.002952684798741;3.275080426939266
3.1875;2.6286;5.002952684798741;3.275080426939266
3.0;2.5714;5.002952684798741;3.275080426939266
2.5;2.5714;5.002952684798741;3.275080426939266
2.25;2.5714;5.002952684798741;3.275080426939266
2.4375;2.5143;5.002952684798741;3.275080426939266
2.6875;2.5143;5.002952684798741;3.275080426939266
2.6875;2.4857;5.002952684798741;3.275080426939266
2.75;2.4;5.002952684798741;3.275080426939266
2.9375;2.4286;5.002952684798741;3.275080426939266
3.0;2.3714;5.002952684798741;3.275080426939266
3.125;2.3429;5.002952684798741;3.275080426939266
3.0;2.2571;5.002952684798741;3.275080426939266
2.4375;2.3714;5.002952684798741;3.275080426939266
2.25;2.2571;5.002952684798741;3.275080426939266
2.5625;2.2;5.002952684798741;3.275080426939266
2.8125;2.1429;5.002952684798741;3.275080426939266
2.75;2.1429;5.002952684798741;3.275080426939266
2.3125;2.2;5.002952684798741;3.275080426939266
2.1875;2.0857;5.002952684798741;3.275080426939266
2.5625;2.0571;5.002952684798741;3.275080426939266
2.6875;1.9714;5.002952684798741;3.275080426939266
2.5;2.0;5.002952684798741;3.275080426939266
2.125;2.0;5.002952684798741;3.275080426939266
1.9375;1.9143;5.002952684798741;3.275080426939266
2.25;2.0286;5.002952684798741;3.275080426939266
2.75;1.9429;5.002952684798741;3.275080426939266
3.1875;1.9143;5.002952684798741;3.275080426939266
3.375;1.8857;5.002952684798741;3.275080426939266
3.375;1.8;5.002952684798741;3.275080426939266
3.3125;1.8571;5.002952684798741;3.275080426939266
3.25;1.8286;5.002952684798741;3.275080426939266
3.25;1.8286;5.002952684798741;3.275080426939266
3.1875;1.7429;5.002952684798741;3.275080426939266
2.9375;1.7143;5.002952684798741;3.275080426939266
2.1875;1.6286;5.002952684798741;3.275080426939266
1.125;1.6286;5.002952684798741;3.275080426939266
0.5;1.6571;5.002952684798741;3.275080426939266
0.625;1.6286;5.002952684798741;3.275080426939266
1.1875;1.6286;5.002952684798741;3.275080426939266
1.3125;1.6286;5.002952684798741;3.275080426939266
1.125;1.4571;5.002952684798741;3.275080426939266
1.1875;1.5143;5.002952684798741;3.275080426939266
1.5625;1.4857;5.002952684798741;3.275080426939266
1.4375;1.4857;5.002952684798741;3.275080426939266
0.9375;1.4286;5.002952684798741;3.275080426939266
0.5;1.4286;5.002952684798741;3.275080426939266
0.5625;1.3714;5.002952684798741;3.275080426939266
1.0;1.3429;5.002952684798741;3.275080426939266
1.3125;1.3143;5.002952684798741;3.275080426939266
1.625;1.2857;5.002952684798741;3.275080426939266
2.25;1.2857;5.002952684798741;3.275080426939266
2.5;1.2571;5.002952684798741;3.275080426939266
2.125;1.2286;5.002952684798741;3.275080426939266
1.625;1.1714;5.002952684798741;3.275080426939266
1.3125;1.2;5.002952684798741;3.275080426939266
1.0;1.1143;5.002952684798741;3.275080426939266
0.6875;1.1429;5.002952684798741;3.275080426939266
0.375;1.1429;5.002952684798741;3.275080426939266
0.4375;1.0857;5.002952684798741;3.275080426939266
0.625;1.0286;5.002952684798741;3.275080426939266
0.875;1.0857;5.002952684798741;3.275080426939266
0.9375;1.0857;5.002952684798741;3.275080426939266
1.0;0.9714;5.002952684798741;3.275080426939266
1.0;0.9143;5.002952684798741;3.275080426939266
1.0;0.8571;5.002952684798741;3.275080426939266
0.875;1.0286;5.002952684798741;3.275080426939266
0.5625;0.9143;5.002952684798741;3.275080426939266
0.25;0.9429;5.002952684798741;3.275080426939266
0.0;0.8286;5.002952684798741;3.275080426939266
0.0;0.8286;5.002952684798741;3.275080426939266
0.1875;0.8571;5.002952684798741;3.275080426939266
0.9375;0.7714;5.002952684798741;3.275080426939266
1.5625;0.8;5.002952684798741;3.275080426939266
1.375;0.8;5.002952684798741;3.275080426939266
0.75;0.7143;5.002952684798741;3.275080426939266
0.25;0.8286;5.002952684798741;3.275080426939266
0.0;0.7429;5.002952684798741;3.275080426939266
0.0;0.6571;5.002952684798741;3.275080426939266
0.0625;0.7429;5.002952684798741;3.275080426939266
0.25;0.7714;5.002952684798741;3.275080426939266
0.5;0.6286;5.002952684798741;3.275080426939266
0.75;0.6286;5.002952684798741;3.275080426939266
0.8125;0.6571;5.002952684798741;3.275080426939266
0.75;0.6;5.002952684798741;3.275080426939266
0.8125;0.5714;5.002952684798741;3.275080426939266
0.8125;0.5429;5.002952684798741;3.275080426939266
0.75;0.6286;5.002952684798741;3.275080426939266
0.625;0.5429;5.002952684798741;3.275080426939266
0.4375;0.5429;5.002952684798741;3.275080426939266
0.4375;0.6;5.002952684798741;3.275080426939266
0.6875;0.4571;5.002952684798741;3.275080426939266
0.6875;0.5143;5.002952684798741;3.275080426939266
0.4375;0.4571;5.002952684798741;3.275080426939266
0.125;0.3714;5.002952684798741;3.275080426939266
0.0;0.4286;5.002952684798741;3.275080426939266
0.0;0.4571;5.002952684798741;3.275080426939266
0.0625;0.3429;5.002952684798741;3.275080426939266
0.25;0.4857;5.002952684798741;3.275080426939266
0.4375;0.3429;5.002952684798741;3.275080426939266
0.5625;0.3714;5.002952684798741;3.275080426939266
0.5;0.3714;5.002952684798741;3.275080426939266
0.3125;0.3429;5.002952684798741;3.275080426939266
0.375;0.3714;5.002952684798741;3.275080426939266
0.75;0.3429;5.002952684798741;3.275080426939266
0.8125;0.3714;5.002952684798741;3.275080426939266
0.5625;0.2857;5.002952684798741;3.275080426939266
0.25;0.2571;5.002952684798741;3.275080426939266
0.0;0.2;5.002952684798741;3.275080426939266
-0.0625;0.3714;5.002952684798741;3.275080426939266
0.0625;0.3143;5.002952684798741;3.275080426939266
0.375;0.2857;5.002952684798741;3.275080426939266
0.6875;0.2571;5.002952684798741;3.275080426939266
0.875;0.4;5.002952684798741;3.275080426939266
0.8125;0.3143;5.002952684798741;3.275080426939266
0.4375;0.2857;5.002952684798741;3.275080426939266
0.125;0.3714;5.002952684798741;3.275080426939266
0.1875;0.2571;5.002952684798741;3.275080426939266
0.5;0.2571;5.002952684798741;3.275080426939266
0.9375;0.1714;5.002952684798741;3.275080426939266
1.125;0.3143;5.002952684798741;3.275080426939266
0.9375;0.2857;5.002952684798741;3.275080426939266
0.5;0.2286;5.002952684798741;3.275080426939266
0.1875;0.2286;5.002952684798741;3.275080426939266
0.125;0.2286;5.002952684798741;3.275080426939266
0.1875;0.1714;5.002952684798741;3.275080426939266
0.25;0.2286;5.002952684798741;3.275080426939266
0.3125;0.1714;5.002952684798741;3.275080426939266
0.375;0.2;5.002952684798741;3.275080426939266
0.3125;0.2;5.002952684798741;3.275080426939266
0.3125;0.0571;5.002952684798741;3.275080426939266
0.25;0.1714;5.002952684798741;3.275080426939266
0.1875;0.2571;5.002952684798741;3.275080426939266
0.125;0.0857;5.002952684798741;3.275080426939266
0.25;0.2;5.002952684798741;3.275080426939266
0.3125;0.1429;5.002952684798741;3.275080426939266
0.1875;0.1714;5.002952684798741;3.275080426939266
0.0625;0.1714;5.002952684798741;3.275080426939266
0.0625;0.1143;5.002952684798741;3.275080426939266
0.4375;0.2;5.002952684798741;3.275080426939266
1.0;0.2286;5.002952684798741;3.275080426939266
1.0625;0.1429;5.002952684798741;3.275080426939266
0.625;0.1429;5.002952684798741;3.275080426939266
0.25;0.1429;5.002952684798741;3.275080426939266
0.3125;0.2286;5.002952684798741;3.275080426939266
1.125;0.2571;5.002952684798741;3.275080426939266
1.9375;0.1143;5.002952684798741;3.275080426939266
1.6875;0.1429;5.002952684798741;3.275080426939266
1.125;0.1714;5.002952684798741;3.275080426939266
0.75;0.1429;5.002952684798741;3.275080426939266
0.4375;0.1143;5.002952684798741;3.275080426939266
0.1875;0.1143;5.002952684798741;3.275080426939266
0.0;0.1714;5.002952684798741;3.275080426939266
0.0;0.1143;5.002952684798741;3.275080426939266
0.0;0.1714;5.002952684798741;3.275080426939266
0.25;0.1143;5.002952684798741;3.275080426939266
0.9375;0.2;5.002952684798741;3.275080426939266
1.6875;0.0857;5.002952684798741;3.275080426939266
2.1875;0.1714;5.002952684798741;3.275080426939266
2.4375;0.1429;5.002952684798741;3.275080426939266
2.5;0.0857;5.002952684798741;3.275080426939266
2.3125;0.0571;5.002952684798741;3.275080426939266
1.875;0.0571;5.002952684798741;3.275080426939266
1.125;0.0571;5.002952684798741;3.275080426939266
0.375;0.1143;5.002952684798741;3.275080426939266
0.1875;0.1429;5.002952684798741;3.275080426939266
0.8125;0.1429;5.002952684798741;3.275080426939266
1.5625;0.1714;5.002952684798741;3.275080426939266
1.875;0.0286;5.002952684798741;3.275080426939266
1.75;0.0857;5.002952684798741;3.275080426939266
1.5;0.0857;5.002952684798741;3.275080426939266
1.25;0.0857;5.002952684798741;3.275080426939266
0.625;0.1429;5.002952684798741;3.275080426939266
-0.1875;0.1143;5.002952684798741;3.275080426939266
-0.5;0.0857;5.002952684798741;3.275080426939266
-0.25;0.0286;5.002952684798741;3.275080426939266
0.0625;0.0857;5.002952684798741;3.275080426939266
0.25;0.1714;5.002952684798741;3.275080426939266
0.3125;0.0286;5.002952684798741;3.275080426939266
0.4375;0.0286;5.002952684798741;3.275080426939266
0.625;0.1429;5.002952684798741;3.275080426939266
0.8125;0.0286;5.002952684798741;3.275080426939266
0.75;0.0857;5.002952684798741;3.275080426939266
0.5;0.0857;5.002952684798741;3.275080426939266
0.375;0.0571;5.002952684798741;3.275080426939266
0.3125;0.1143;5.002952684798741;3.275080426939266
0.125;0.0286;5.002952684798741;3.275080426939266
0.0625;0.0571;5.002952684798741;3.275080426939266
0.0;0.1429;5.002952684798741;3.275080426939266
0.0;0.0857;5.002952684798741;3.275080426939266
0.0;0.1429;5.002952684798741;3.275080426939266
0.0;0.1143;5.002952684798741;3.275080426939266
0.0;0.1143;5.002952684798741;3.275080426939266
0.0;0.0286;5.002952684798741;3.275080426939266
0.125;0.0286;5.002952684798741;3.275080426939266
0.25;0.1143;5.002952684798741;3.275080426939266
0.375;0.0857;5.002952684798741;3.275080426939266
0.75;0.0286;5.002952684798741;3.275080426939266
1.0;0.0857;5.002952684798741;3.275080426939266
0.6875;0.1714;5.002952684798741;3.275080426939266
0.125;0.2;5.002952684798741;3.275080426939266
