SF-A-022;Sensirion;RMSE;MAE
-6.3125;-6.8286;3.618802522481598;2.4513708270221146
-6.375;-6.8;3.618802522481598;2.4513708270221146
-6.375;-6.7143;3.618802522481598;2.4513708270221146
-6.1875;-6.6571;3.618802522481598;2.4513708270221146
-5.9375;-6.6857;3.618802522481598;2.4513708270221146
-5.875;-6.6286;3.618802522481598;2.4513708270221146
-5.875;-6.6286;3.618802522481598;2.4513708270221146
-5.8125;-6.5429;3.618802522481598;2.4513708270221146
-5.9375;-6.5143;3.618802522481598;2.4513708270221146
-6.0625;-6.4571;3.618802522481598;2.4513708270221146
-6.1875;-6.4571;3.618802522481598;2.4513708270221146
-6.0625;-6.3714;3.618802522481598;2.4513708270221146
-5.8125;-6.3714;3.618802522481598;2.4513708270221146
-5.5;-6.3429;3.618802522481598;2.4513708270221146
-5.3125;-6.2857;3.618802522481598;2.4513708270221146
-5.5;-6.2286;3.618802522481598;2.4513708270221146
-5.8125;-6.2;3.618802522481598;2.4513708270221146
-6.0625;-6.1714;3.618802522481598;2.4513708270221146
-6.25;-6.1429;3.618802522481598;2.4513708270221146
-6.375;-6.1714;3.618802522481598;2.4513708270221146
-6.5;-6.1143;3.618802522481598;2.4513708270221146
-6.625;-6.0571;3.618802522481598;2.4513708270221146
-6.5;-6.0857;3.618802522481598;2.4513708270221146
-6.375;-6.0286;3.618802522481598;2.4513708270221146
-6.25;-6.0286;3.618802522481598;2.4513708270221146
-6.1875;-5.9714;3.618802522481598;2.4513708270221146
-6.1875;-6.0286;3.618802522481598;2.4513708270221146
-6.1875;-6.0571;3.618802522481598;2.4513708270221146
-6.1875;-6.0857;3.618802522481598;2.4513708270221146
-6.0625;-6.1714;3.618802522481598;2.4513708270221146
-6.0;-6.2571;3.618802522481598;2.4513708270221146
-6.0;-6.3143;3.618802522481598;2.4513708270221146
-5.875;-6.4286;3.618802522481598;2.4513708270221146
-5.75;-6.5429;3.618802522481598;2.4513708270221146
-5.6875;-6.6571;3.618802522481598;2.4513708270221146
-5.75;-6.8;3.618802522481598;2.4513708270221146
-5.75;-7.0;3.618802522481598;2.4513708270221146
-5.8125;-7.2;3.618802522481598;2.4513708270221146
-6.0625;-7.4286;3.618802522481598;2.4513708270221146
-6.3125;-7.6286;3.618802522481598;2.4513708270221146
-6.625;-7.9429;3.618802522481598;2.4513708270221146
-6.875;-8.1143;3.618802522481598;2.4513708270221146
-7.1875;-8.4286;3.618802522481598;2.4513708270221146
-7.375;-8.7429;3.618802522481598;2.4513708270221146
-7.5;-9.0286;3.618802522481598;2.4513708270221146
-7.75;-9.4;3.618802522481598;2.4513708270221146
-8.1875;-9.7429;3.618802522481598;2.4513708270221146
-8.6875;-10.0857;3.618802522481598;2.4513708270221146
-9.1875;-10.5143;3.618802522481598;2.4513708270221146
-9.5625;-10.9429;3.618802522481598;2.4513708270221146
-9.75;-11.3143;3.618802522481598;2.4513708270221146
-9.9375;-11.8286;3.618802522481598;2.4513708270221146
-10.25;-12.3429;3.618802522481598;2.4513708270221146
-10.8125;-12.8286;3.618802522481598;2.4513708270221146
-11.4375;-13.2857;3.618802522481598;2.4513708270221146
-11.875;-13.8571;3.618802522481598;2.4513708270221146
-12.0625;-14.4286;3.618802522481598;2.4513708270221146
-12.125;-15.0571;3.618802522481598;2.4513708270221146
-12.125;-15.6286;3.618802522481598;2.4513708270221146
-12.0625;-16.2;3.618802522481598;2.4513708270221146
-12.0625;-16.9143;3.618802522481598;2.4513708270221146
-12.5;-17.6;3.618802522481598;2.4513708270221146
-13.625;-18.2286;3.618802522481598;2.4513708270221146
-15.0625;-18.8286;3.618802522481598;2.4513708270221146
-16.1875;-19.5143;3.618802522481598;2.4513708270221146
-17.0625;-20.2286;3.618802522481598;2.4513708270221146
-18.25;-20.8571;3.618802522481598;2.4513708270221146
-19.625;-21.4571;3.618802522481598;2.4513708270221146
-20.8125;-22.1714;3.618802522481598;2.4513708270221146
-21.5;-22.8286;3.618802522481598;2.4513708270221146
-21.6875;-23.5714;3.618802522481598;2.4513708270221146
-21.9375;-24.2857;3.618802522481598;2.4513708270221146
-22.5;-24.9429;3.618802522481598;2.4513708270221146
-23.5625;-25.6;3.618802522481598;2.4513708270221146
-24.875;-26.1429;3.618802522481598;2.4513708270221146
-25.9375;-26.9714;3.618802522481598;2.4513708270221146
-26.75;-27.4571;3.618802522481598;2.4513708270221146
-27.5;-28.1429;3.618802522481598;2.4513708270221146
-28.125;-28.8286;3.618802522481598;2.4513708270221146
-28.75;-29.5429;3.618802522481598;2.4513708270221146
-29.5625;-30.2571;3.618802522481598;2.4513708270221146
-30.25;-30.9714;3.618802522481598;2.4513708270221146
-31.0;-31.7143;3.618802522481598;2.4513708270221146
-31.9375;-32.4857;3.618802522481598;2.4513708270221146
-32.875;-33.2857;3.618802522481598;2.4513708270221146
-33.5;-33.8;3.618802522481598;2.4513708270221146
-33.5625;-34.4286;3.618802522481598;2.4513708270221146
-33.375;-35.1429;3.618802522481598;2.4513708270221146
-33.1875;-36.0;3.618802522481598;2.4513708270221146
-33.0625;-36.6571;3.618802522481598;2.4513708270221146
-33.0;-37.3143;3.618802522481598;2.4513708270221146
-33.0;-37.7714;3.618802522481598;2.4513708270221146
-33.1875;-38.4286;3.618802522481598;2.4513708270221146
-34.1875;-39.2286;3.618802522481598;2.4513708270221146
-36.375;-39.8857;3.618802522481598;2.4513708270221146
-38.6875;-40.5429;3.618802522481598;2.4513708270221146
-40.625;-41.1714;3.618802522481598;2.4513708270221146
-42.0625;-41.8;3.618802522481598;2.4513708270221146
-42.875;-42.4571;3.618802522481598;2.4513708270221146
-43.125;-43.2286;3.618802522481598;2.4513708270221146
-43.1875;-44.0;3.618802522481598;2.4513708270221146
-43.375;-44.7143;3.618802522481598;2.4513708270221146
-43.75;-45.0571;3.618802522481598;2.4513708270221146
-44.6875;-45.4571;3.618802522481598;2.4513708270221146
-46.0625;-46.1714;3.618802522481598;2.4513708270221146
-47.25;-46.7429;3.618802522481598;2.4513708270221146
-47.6875;-47.2857;3.618802522481598;2.4513708270221146
-47.5625;-48.0286;3.618802522481598;2.4513708270221146
-47.0625;-48.9143;3.618802522481598;2.4513708270221146
-46.5625;-49.8;3.618802522481598;2.4513708270221146
-46.3125;-50.0857;3.618802522481598;2.4513708270221146
-46.6875;-50.8286;3.618802522481598;2.4513708270221146
-48.0;-51.0571;3.618802522481598;2.4513708270221146
-49.8125;-51.6;3.618802522481598;2.4513708270221146
-51.4375;-52.3714;3.618802522481598;2.4513708270221146
-52.4375;-53.0857;3.618802522481598;2.4513708270221146
-52.6875;-53.7714;3.618802522481598;2.4513708270221146
-52.5;-54.2286;3.618802522481598;2.4513708270221146
-52.375;-54.7429;3.618802522481598;2.4513708270221146
-52.625;-54.9429;3.618802522481598;2.4513708270221146
-52.8125;-55.6;3.618802522481598;2.4513708270221146
-52.9375;-56.1143;3.618802522481598;2.4513708270221146
-53.0;-56.7714;3.618802522481598;2.4513708270221146
-53.0;-57.4571;3.618802522481598;2.4513708270221146
-53.125;-58.0571;3.618802522481598;2.4513708270221146
-53.6875;-58.7429;3.618802522481598;2.4513708270221146
-54.875;-58.9429;3.618802522481598;2.4513708270221146
-56.5625;-59.4857;3.618802522481598;2.4513708270221146
-58.1875;-59.9143;3.618802522481598;2.4513708270221146
-59.5625;-60.2286;3.618802522481598;2.4513708270221146
-60.875;-61.2857;3.618802522481598;2.4513708270221146
-62.0;-61.8286;3.618802522481598;2.4513708270221146
-62.5;-61.9429;3.618802522481598;2.4513708270221146
-62.1875;-62.6571;3.618802522481598;2.4513708270221146
-61.75;-63.1429;3.618802522481598;2.4513708270221146
-62.0625;-63.2857;3.618802522481598;2.4513708270221146
-63.0625;-64.0571;3.618802522481598;2.4513708270221146
-64.1875;-64.8286;3.618802522481598;2.4513708270221146
-65.1875;-64.8286;3.618802522481598;2.4513708270221146
-66.0625;-65.5143;3.618802522481598;2.4513708270221146
-66.375;-66.3429;3.618802522481598;2.4513708270221146
-66.0625;-66.6571;3.618802522481598;2.4513708270221146
-65.8125;-67.0;3.618802522481598;2.4513708270221146
-66.1875;-67.8286;3.618802522481598;2.4513708270221146
-66.875;-67.8286;3.618802522481598;2.4513708270221146
-67.5625;-68.8286;3.618802522481598;2.4513708270221146
-68.0625;-69.4571;3.618802522481598;2.4513708270221146
-68.5625;-70.2857;3.618802522481598;2.4513708270221146
-69.375;-70.3143;3.618802522481598;2.4513708270221146
-70.3125;-70.8571;3.618802522481598;2.4513708270221146
-71.0;-71.0;3.618802522481598;2.4513708270221146
-71.25;-71.4857;3.618802522481598;2.4513708270221146
-71.3125;-71.8286;3.618802522481598;2.4513708270221146
-71.25;-72.9714;3.618802522481598;2.4513708270221146
-71.125;-73.8857;3.618802522481598;2.4513708270221146
-71.125;-74.3429;3.618802522481598;2.4513708270221146
-71.3125;-74.5143;3.618802522481598;2.4513708270221146
-72.375;-74.1429;3.618802522481598;2.4513708270221146
-73.875;-75.2571;3.618802522481598;2.4513708270221146
-75.1875;-75.9143;3.618802522481598;2.4513708270221146
-76.1875;-76.3429;3.618802522481598;2.4513708270221146
-76.625;-76.5429;3.618802522481598;2.4513708270221146
-76.875;-77.4;3.618802522481598;2.4513708270221146
-77.3125;-77.8286;3.618802522481598;2.4513708270221146
-77.625;-78.0857;3.618802522481598;2.4513708270221146
-78.1875;-78.0571;3.618802522481598;2.4513708270221146
-79.0625;-77.7429;3.618802522481598;2.4513708270221146
-79.5;-79.4286;3.618802522481598;2.4513708270221146
-79.375;-79.6857;3.618802522481598;2.4513708270221146
-79.1875;-81.2571;3.618802522481598;2.4513708270221146
-79.5;-82.2;3.618802522481598;2.4513708270221146
-80.3125;-81.7714;3.618802522481598;2.4513708270221146
-80.9375;-81.4571;3.618802522481598;2.4513708270221146
-81.0625;-81.6286;3.618802522481598;2.4513708270221146
-81.125;-82.3143;3.618802522481598;2.4513708270221146
-81.125;-83.0;3.618802522481598;2.4513708270221146
-80.75;-83.2286;3.618802522481598;2.4513708270221146
-80.8125;-84.0286;3.618802522481598;2.4513708270221146
-81.6875;-83.8286;3.618802522481598;2.4513708270221146
-82.5625;-84.5143;3.618802522481598;2.4513708270221146
-83.125;-85.1143;3.618802522481598;2.4513708270221146
-83.625;-85.6;3.618802522481598;2.4513708270221146
-84.125;-85.8857;3.618802522481598;2.4513708270221146
-84.4375;-86.4571;3.618802522481598;2.4513708270221146
-84.5;-86.2;3.618802522481598;2.4513708270221146
-84.5625;-86.6;3.618802522481598;2.4513708270221146
-84.5;-87.0286;3.618802522481598;2.4513708270221146
-84.5;-87.9143;3.618802522481598;2.4513708270221146
-84.75;-87.7429;3.618802522481598;2.4513708270221146
-85.5625;-88.0;3.618802522481598;2.4513708270221146
-86.625;-88.2286;3.618802522481598;2.4513708270221146
-87.25;-88.8286;3.618802522481598;2.4513708270221146
-87.4375;-88.9429;3.618802522481598;2.4513708270221146
-87.4375;-89.9714;3.618802522481598;2.4513708270221146
-87.625;-89.2857;3.618802522481598;2.4513708270221146
-88.125;-90.2;3.618802522481598;2.4513708270221146
-88.375;-89.7143;3.618802522481598;2.4513708270221146
-88.5625;-90.4286;3.618802522481598;2.4513708270221146
-89.0625;-90.7143;3.618802522481598;2.4513708270221146
-89.625;-91.3714;3.618802522481598;2.4513708270221146
-90.1875;-91.9714;3.618802522481598;2.4513708270221146
-91.0625;-92.3429;3.618802522481598;2.4513708270221146
-91.8125;-92.7143;3.618802522481598;2.4513708270221146
-92.4375;-93.2;3.618802522481598;2.4513708270221146
-92.75;-92.9143;3.618802522481598;2.4513708270221146
-92.9375;-93.4286;3.618802522481598;2.4513708270221146
-92.9375;-94.0857;3.618802522481598;2.4513708270221146
-92.75;-94.4571;3.618802522481598;2.4513708270221146
-92.625;-94.6571;3.618802522481598;2.4513708270221146
-92.9375;-94.4;3.618802522481598;2.4513708270221146
-93.625;-95.1714;3.618802522481598;2.4513708270221146
-94.3125;-95.3143;3.618802522481598;2.4513708270221146
-95.625;-96.3143;3.618802522481598;2.4513708270221146
-97.3125;-96.8286;3.618802522481598;2.4513708270221146
-98.5625;-97.0286;3.618802522481598;2.4513708270221146
-99.125;-97.5143;3.618802522481598;2.4513708270221146
-99.1875;-99.2;3.618802522481598;2.4513708270221146
-99.125;-99.2286;3.618802522481598;2.4513708270221146
-99.0;-98.8857;3.618802522481598;2.4513708270221146
-98.9375;-98.6857;3.618802522481598;2.4513708270221146
-98.5;-98.6571;3.618802522481598;2.4513708270221146
-97.75;-98.8571;3.618802522481598;2.4513708270221146
-97.8125;-99.9714;3.618802522481598;2.4513708270221146
-98.6875;-101.0571;3.618802522481598;2.4513708270221146
-99.5625;-100.9143;3.618802522481598;2.4513708270221146
-100.25;-100.6857;3.618802522481598;2.4513708270221146
-100.75;-100.6;3.618802522481598;2.4513708270221146
-100.875;-101.2286;3.618802522481598;2.4513708270221146
-100.75;-100.4286;3.618802522481598;2.4513708270221146
-100.75;-101.6286;3.618802522481598;2.4513708270221146
-101.125;-102.5714;3.618802522481598;2.4513708270221146
-101.6875;-102.5143;3.618802522481598;2.4513708270221146
-102.0;-102.8;3.618802522481598;2.4513708270221146
-102.25;-103.3429;3.618802522481598;2.4513708270221146
-102.8125;-103.9429;3.618802522481598;2.4513708270221146
-103.375;-103.1143;3.618802522481598;2.4513708270221146
-103.6875;-103.6;3.618802522481598;2.4513708270221146
-103.5;-104.6857;3.618802522481598;2.4513708270221146
-103.4375;-106.4571;3.618802522481598;2.4513708270221146
-103.9375;-105.3714;3.618802522481598;2.4513708270221146
-104.5625;-105.1714;3.618802522481598;2.4513708270221146
-105.0;-105.4857;3.618802522481598;2.4513708270221146
-105.0625;-108.0571;3.618802522481598;2.4513708270221146
-104.9375;-107.3143;3.618802522481598;2.4513708270221146
-105.125;-108.3143;3.618802522481598;2.4513708270221146
-105.0;-108.6;3.618802522481598;2.4513708270221146
-104.625;-108.2286;3.618802522481598;2.4513708270221146
-104.5625;-108.1143;3.618802522481598;2.4513708270221146
-104.625;-109.1143;3.618802522481598;2.4513708270221146
-104.6875;-107.5429;3.618802522481598;2.4513708270221146
-104.75;-109.4;3.618802522481598;2.4513708270221146
-104.8125;-110.7429;3.618802522481598;2.4513708270221146
-104.875;-111.7714;3.618802522481598;2.4513708270221146
-105.25;-111.3143;3.618802522481598;2.4513708270221146
-105.8125;-108.2571;3.618802522481598;2.4513708270221146
-106.5;-108.0;3.618802522481598;2.4513708270221146
-108.0;-108.8;3.618802522481598;2.4513708270221146
-109.6875;-109.2857;3.618802522481598;2.4513708270221146
-110.0;-108.1714;3.618802522481598;2.4513708270221146
-109.4375;-108.6286;3.618802522481598;2.4513708270221146
-109.75;-108.4857;3.618802522481598;2.4513708270221146
-110.25;-112.6857;3.618802522481598;2.4513708270221146
-109.9375;-113.6857;3.618802522481598;2.4513708270221146
-109.125;-113.3143;3.618802522481598;2.4513708270221146
-108.875;-113.0571;3.618802522481598;2.4513708270221146
-108.9375;-112.6857;3.618802522481598;2.4513708270221146
-108.9375;-113.2571;3.618802522481598;2.4513708270221146
-108.8125;-112.2571;3.618802522481598;2.4513708270221146
-109.1875;-112.5429;3.618802522481598;2.4513708270221146
-110.3125;-113.2571;3.618802522481598;2.4513708270221146
-111.5625;-115.1429;3.618802522481598;2.4513708270221146
-112.5625;-116.0571;3.618802522481598;2.4513708270221146
-113.4375;-112.8857;3.618802522481598;2.4513708270221146
-113.8125;-113.8857;3.618802522481598;2.4513708270221146
-113.1875;-115.6;3.618802522481598;2.4513708270221146
-112.125;-115.4571;3.618802522481598;2.4513708270221146
-111.4375;-115.9714;3.618802522481598;2.4513708270221146
-111.375;-114.8857;3.618802522481598;2.4513708270221146
-111.75;-115.9429;3.618802522481598;2.4513708270221146
-112.25;-115.5714;3.618802522481598;2.4513708270221146
-112.5625;-117.2;3.618802522481598;2.4513708270221146
-112.6875;-117.5429;3.618802522481598;2.4513708270221146
-112.75;-117.7143;3.618802522481598;2.4513708270221146
-112.6875;-117.7143;3.618802522481598;2.4513708270221146
-113.0625;-116.5429;3.618802522481598;2.4513708270221146
-114.0625;-115.6857;3.618802522481598;2.4513708270221146
-115.1875;-116.4571;3.618802522481598;2.4513708270221146
-115.875;-116.0;3.618802522481598;2.4513708270221146
-116.5625;-119.5143;3.618802522481598;2.4513708270221146
-117.0;-118.4857;3.618802522481598;2.4513708270221146
-116.6875;-119.1143;3.618802522481598;2.4513708270221146
-116.5;-119.4571;3.618802522481598;2.4513708270221146
-117.375;-119.0;3.618802522481598;2.4513708270221146
-118.75;-120.4857;3.618802522481598;2.4513708270221146
-119.5;-118.7714;3.618802522481598;2.4513708270221146
-119.25;-121.2571;3.618802522481598;2.4513708270221146
-117.9375;-122.6857;3.618802522481598;2.4513708270221146
-116.8125;-122.2571;3.618802522481598;2.4513708270221146
-116.5;-120.3714;3.618802522481598;2.4513708270221146
-116.25;-120.2;3.618802522481598;2.4513708270221146
-116.3125;-119.9714;3.618802522481598;2.4513708270221146
-117.125;-120.7429;3.618802522481598;2.4513708270221146
-118.0;-121.4;3.618802522481598;2.4513708270221146
-118.375;-121.5714;3.618802522481598;2.4513708270221146
-118.375;-122.2286;3.618802522481598;2.4513708270221146
-117.8125;-120.0;3.618802522481598;2.4513708270221146
-117.25;-121.3143;3.618802522481598;2.4513708270221146
-117.5;-121.2286;3.618802522481598;2.4513708270221146
-118.5;-120.9429;3.618802522481598;2.4513708270221146
-119.375;-122.4;3.618802522481598;2.4513708270221146
-119.8125;-122.5429;3.618802522481598;2.4513708270221146
-119.9375;-122.2571;3.618802522481598;2.4513708270221146
-119.9375;-123.9714;3.618802522481598;2.4513708270221146
-119.875;-123.9143;3.618802522481598;2.4513708270221146
-119.8125;-122.4571;3.618802522481598;2.4513708270221146
-119.8125;-121.5143;3.618802522481598;2.4513708270221146
-120.0625;-123.6571;3.618802522481598;2.4513708270221146
-120.875;-125.3429;3.618802522481598;2.4513708270221146
-121.6875;-125.0;3.618802522481598;2.4513708270221146
-121.625;-124.1143;3.618802522481598;2.4513708270221146
-121.1875;-123.5429;3.618802522481598;2.4513708270221146
-121.1875;-124.4;3.618802522481598;2.4513708270221146
-121.4375;-122.5714;3.618802522481598;2.4513708270221146
-121.8125;-124.3143;3.618802522481598;2.4513708270221146
-122.25;-122.9429;3.618802522481598;2.4513708270221146
-122.9375;-126.5143;3.618802522481598;2.4513708270221146
-123.625;-124.8;3.618802522481598;2.4513708270221146
-123.875;-124.6;3.618802522481598;2.4513708270221146
-123.75;-126.6571;3.618802522481598;2.4513708270221146
-123.3125;-126.0;3.618802522481598;2.4513708270221146
-122.9375;-124.7429;3.618802522481598;2.4513708270221146
-123.0625;-126.2571;3.618802522481598;2.4513708270221146
-124.0;-126.6286;3.618802522481598;2.4513708270221146
-125.5625;-126.5714;3.618802522481598;2.4513708270221146
-126.8125;-127.2857;3.618802522481598;2.4513708270221146
-127.125;-125.9714;3.618802522481598;2.4513708270221146
-126.3125;-126.0;3.618802522481598;2.4513708270221146
-124.6875;-128.1714;3.618802522481598;2.4513708270221146
-123.375;-128.5143;3.618802522481598;2.4513708270221146
-123.4375;-127.5429;3.618802522481598;2.4513708270221146
-124.75;-127.6;3.618802522481598;2.4513708270221146
-126.1875;-127.9714;3.618802522481598;2.4513708270221146
-127.25;-128.8571;3.618802522481598;2.4513708270221146
-127.9375;-126.6857;3.618802522481598;2.4513708270221146
-128.25;-127.3429;3.618802522481598;2.4513708270221146
-128.25;-126.3714;3.618802522481598;2.4513708270221146
-128.1875;-129.6857;3.618802522481598;2.4513708270221146
-128.125;-129.1714;3.618802522481598;2.4513708270221146
-127.3125;-128.7143;3.618802522481598;2.4513708270221146
-125.5625;-129.0;3.618802522481598;2.4513708270221146
-124.75;-128.9429;3.618802522481598;2.4513708270221146
-125.375;-128.6286;3.618802522481598;2.4513708270221146
-126.5;-130.4857;3.618802522481598;2.4513708270221146
-127.0625;-131.6;3.618802522481598;2.4513708270221146
-126.875;-129.9714;3.618802522481598;2.4513708270221146
-126.5;-131.0857;3.618802522481598;2.4513708270221146
-126.1875;-130.0857;3.618802522481598;2.4513708270221146
-126.1875;-129.1429;3.618802522481598;2.4513708270221146
-126.8125;-130.2286;3.618802522481598;2.4513708270221146
-127.5625;-130.9429;3.618802522481598;2.4513708270221146
-127.375;-131.0;3.618802522481598;2.4513708270221146
-125.8125;-129.0;3.618802522481598;2.4513708270221146
-124.25;-130.4;3.618802522481598;2.4513708270221146
-124.1875;-131.6571;3.618802522481598;2.4513708270221146
-124.875;-131.6;3.618802522481598;2.4513708270221146
-125.125;-131.4;3.618802522481598;2.4513708270221146
-125.0;-132.9714;3.618802522481598;2.4513708270221146
-125.75;-132.4571;3.618802522481598;2.4513708270221146
-127.5;-132.0571;3.618802522481598;2.4513708270221146
-129.0625;-131.0286;3.618802522481598;2.4513708270221146
-129.25;-131.3143;3.618802522481598;2.4513708270221146
-128.5;-131.0857;3.618802522481598;2.4513708270221146
-127.5625;-131.9714;3.618802522481598;2.4513708270221146
-126.875;-133.0571;3.618802522481598;2.4513708270221146
-126.375;-132.0571;3.618802522481598;2.4513708270221146
-126.125;-132.3143;3.618802522481598;2.4513708270221146
-126.0625;-134.7714;3.618802522481598;2.4513708270221146
-126.0625;-134.3143;3.618802522481598;2.4513708270221146
-126.125;-135.0857;3.618802522481598;2.4513708270221146
-126.125;-133.9714;3.618802522481598;2.4513708270221146
-126.375;-133.5143;3.618802522481598;2.4513708270221146
-126.8125;-133.4;3.618802522481598;2.4513708270221146
-126.875;-134.3714;3.618802522481598;2.4513708270221146
-126.75;-133.8571;3.618802522481598;2.4513708270221146
-127.0;-134.1429;3.618802522481598;2.4513708270221146
-127.6875;-133.4857;3.618802522481598;2.4513708270221146
-128.5625;-134.2;3.618802522481598;2.4513708270221146
-129.0625;-133.8857;3.618802522481598;2.4513708270221146
-128.9375;-134.8857;3.618802522481598;2.4513708270221146
-129.0625;-135.0;3.618802522481598;2.4513708270221146
-129.625;-134.4571;3.618802522481598;2.4513708270221146
-130.5625;-134.4571;3.618802522481598;2.4513708270221146
-131.6875;-133.7429;3.618802522481598;2.4513708270221146
-131.375;-135.3143;3.618802522481598;2.4513708270221146
-129.5625;-134.9714;3.618802522481598;2.4513708270221146
-128.1875;-134.5429;3.618802522481598;2.4513708270221146
-128.3125;-137.8857;3.618802522481598;2.4513708270221146
-129.5;-137.9714;3.618802522481598;2.4513708270221146
-130.75;-135.2286;3.618802522481598;2.4513708270221146
-131.375;-136.2571;3.618802522481598;2.4513708270221146
-132.125;-136.4857;3.618802522481598;2.4513708270221146
-132.5625;-136.4857;3.618802522481598;2.4513708270221146
-132.25;-136.7429;3.618802522481598;2.4513708270221146
-132.0;-135.4;3.618802522481598;2.4513708270221146
-132.4375;-135.1429;3.618802522481598;2.4513708270221146
-133.125;-135.0;3.618802522481598;2.4513708270221146
-133.6875;-133.5429;3.618802522481598;2.4513708270221146
-134.125;-133.5143;3.618802522481598;2.4513708270221146
-134.375;-134.0571;3.618802522481598;2.4513708270221146
-134.4375;-134.6;3.618802522481598;2.4513708270221146
-134.4375;-132.5143;3.618802522481598;2.4513708270221146
-134.375;-132.9714;3.618802522481598;2.4513708270221146
-133.6875;-131.2;3.618802522481598;2.4513708270221146
-132.1875;-131.3429;3.618802522481598;2.4513708270221146
-130.4375;-132.1143;3.618802522481598;2.4513708270221146
-128.8125;-130.7429;3.618802522481598;2.4513708270221146
-127.5;-131.0571;3.618802522481598;2.4513708270221146
-126.625;-131.9143;3.618802522481598;2.4513708270221146
-126.625;-129.0571;3.618802522481598;2.4513708270221146
-127.5;-131.3143;3.618802522481598;2.4513708270221146
-128.25;-130.9143;3.618802522481598;2.4513708270221146
-128.0;-128.8857;3.618802522481598;2.4513708270221146
-126.75;-129.6857;3.618802522481598;2.4513708270221146
-125.5625;-128.6857;3.618802522481598;2.4513708270221146
-124.6875;-130.1429;3.618802522481598;2.4513708270221146
-124.125;-130.2286;3.618802522481598;2.4513708270221146
-124.0;-129.2286;3.618802522481598;2.4513708270221146
-123.8125;-128.5143;3.618802522481598;2.4513708270221146
-123.25;-127.3714;3.618802522481598;2.4513708270221146
-123.125;-128.9429;3.618802522481598;2.4513708270221146
-123.625;-126.2;3.618802522481598;2.4513708270221146
-124.8125;-127.4857;3.618802522481598;2.4513708270221146
-126.0625;-126.9429;3.618802522481598;2.4513708270221146
-126.75;-126.5429;3.618802522481598;2.4513708270221146
-126.25;-126.5429;3.618802522481598;2.4513708270221146
-124.5625;-126.5429;3.618802522481598;2.4513708270221146
-122.6875;-126.0857;3.618802522481598;2.4513708270221146
-121.8125;-125.6;3.618802522481598;2.4513708270221146
-122.0;-124.3143;3.618802522481598;2.4513708270221146
-122.4375;-124.4857;3.618802522481598;2.4513708270221146
-122.875;-124.6;3.618802522481598;2.4513708270221146
-123.0625;-125.1714;3.618802522481598;2.4513708270221146
-123.1875;-124.7143;3.618802522481598;2.4513708270221146
-123.1875;-124.2571;3.618802522481598;2.4513708270221146
-123.0625;-122.9143;3.618802522481598;2.4513708270221146
-122.3125;-123.4857;3.618802522481598;2.4513708270221146
-121.0;-122.9429;3.618802522481598;2.4513708270221146
-119.9375;-122.8;3.618802522481598;2.4513708270221146
-119.625;-121.5143;3.618802522481598;2.4513708270221146
-120.125;-121.2;3.618802522481598;2.4513708270221146
-121.0625;-122.2571;3.618802522481598;2.4513708270221146
-121.875;-122.6857;3.618802522481598;2.4513708270221146
-122.6875;-121.6857;3.618802522481598;2.4513708270221146
-122.9375;-121.6571;3.618802522481598;2.4513708270221146
-121.5625;-121.5143;3.618802522481598;2.4513708270221146
-119.0;-120.2;3.618802522481598;2.4513708270221146
-117.0625;-119.2857;3.618802522481598;2.4513708270221146
-117.0;-120.0;3.618802522481598;2.4513708270221146
-118.0625;-119.7143;3.618802522481598;2.4513708270221146
-119.5625;-118.6571;3.618802522481598;2.4513708270221146
-121.0625;-119.8286;3.618802522481598;2.4513708270221146
-121.8125;-118.3714;3.618802522481598;2.4513708270221146
-120.875;-117.5429;3.618802522481598;2.4513708270221146
-118.3125;-118.1143;3.618802522481598;2.4513708270221146
-116.0;-117.9714;3.618802522481598;2.4513708270221146
-114.5625;-117.5143;3.618802522481598;2.4513708270221146
-113.75;-116.9714;3.618802522481598;2.4513708270221146
-113.75;-117.0857;3.618802522481598;2.4513708270221146
-114.3125;-116.0286;3.618802522481598;2.4513708270221146
-114.8125;-116.4;3.618802522481598;2.4513708270221146
-115.25;-116.6857;3.618802522481598;2.4513708270221146
-115.6875;-114.3143;3.618802522481598;2.4513708270221146
-115.875;-114.7143;3.618802522481598;2.4513708270221146
-116.0;-115.2286;3.618802522481598;2.4513708270221146
-116.0;-116.6286;3.618802522481598;2.4513708270221146
-115.9375;-116.4857;3.618802522481598;2.4513708270221146
-115.8125;-115.7143;3.618802522481598;2.4513708270221146
-115.3125;-114.7143;3.618802522481598;2.4513708270221146
-114.5;-114.0857;3.618802522481598;2.4513708270221146
-113.8125;-114.9143;3.618802522481598;2.4513708270221146
-112.875;-114.6857;3.618802522481598;2.4513708270221146
-111.9375;-113.6;3.618802522481598;2.4513708270221146
-111.3125;-112.7429;3.618802522481598;2.4513708270221146
-110.9375;-112.8571;3.618802522481598;2.4513708270221146
-110.9375;-112.6;3.618802522481598;2.4513708270221146
-111.25;-112.4857;3.618802522481598;2.4513708270221146
-112.125;-112.5429;3.618802522481598;2.4513708270221146
-112.5625;-112.8571;3.618802522481598;2.4513708270221146
-112.1875;-112.3429;3.618802522481598;2.4513708270221146
-111.625;-110.8286;3.618802522481598;2.4513708270221146
-111.0;-109.9143;3.618802522481598;2.4513708270221146
-109.625;-111.4;3.618802522481598;2.4513708270221146
-108.3125;-112.4857;3.618802522481598;2.4513708270221146
-108.0;-109.7429;3.618802522481598;2.4513708270221146
-108.8125;-109.9429;3.618802522481598;2.4513708270221146
-109.9375;-109.6286;3.618802522481598;2.4513708270221146
-110.0;-109.8571;3.618802522481598;2.4513708270221146
-109.375;-108.8857;3.618802522481598;2.4513708270221146
-108.75;-108.9714;3.618802522481598;2.4513708270221146
-108.125;-110.0;3.618802522481598;2.4513708270221146
-107.25;-109.6571;3.618802522481598;2.4513708270221146
-106.0625;-109.0;3.618802522481598;2.4513708270221146
-105.1875;-108.8;3.618802522481598;2.4513708270221146
-104.75;-106.9429;3.618802522481598;2.4513708270221146
-104.6875;-108.9714;3.618802522481598;2.4513708270221146
-104.75;-107.6;3.618802522481598;2.4513708270221146
-104.8125;-107.7429;3.618802522481598;2.4513708270221146
-104.875;-107.2571;3.618802522481598;2.4513708270221146
-105.0;-106.5143;3.618802522481598;2.4513708270221146
-105.25;-106.0286;3.618802522481598;2.4513708270221146
-105.5;-106.3143;3.618802522481598;2.4513708270221146
-105.625;-106.7714;3.618802522481598;2.4513708270221146
-105.375;-106.3429;3.618802522481598;2.4513708270221146
-104.625;-106.4571;3.618802522481598;2.4513708270221146
-103.3125;-105.5714;3.618802522481598;2.4513708270221146
-102.4375;-105.3143;3.618802522481598;2.4513708270221146
-102.875;-105.1143;3.618802522481598;2.4513708270221146
-104.0;-104.7429;3.618802522481598;2.4513708270221146
-104.9375;-104.4;3.618802522481598;2.4513708270221146
-105.3125;-104.8571;3.618802522481598;2.4513708270221146
-105.0625;-105.4857;3.618802522481598;2.4513708270221146
-104.5625;-103.9143;3.618802522481598;2.4513708270221146
-104.1875;-103.8571;3.618802522481598;2.4513708270221146
-103.625;-103.8571;3.618802522481598;2.4513708270221146
-102.9375;-103.9429;3.618802522481598;2.4513708270221146
-102.8125;-103.8571;3.618802522481598;2.4513708270221146
-103.125;-102.8571;3.618802522481598;2.4513708270221146
-103.0625;-103.1714;3.618802522481598;2.4513708270221146
-102.8125;-103.6286;3.618802522481598;2.4513708270221146
-102.625;-102.5714;3.618802522481598;2.4513708270221146
-102.0;-103.5429;3.618802522481598;2.4513708270221146
-101.1875;-102.0571;3.618802522481598;2.4513708270221146
-100.5625;-102.8571;3.618802522481598;2.4513708270221146
-100.375;-102.2;3.618802522481598;2.4513708270221146
-100.5625;-100.6571;3.618802522481598;2.4513708270221146
-100.8125;-100.5143;3.618802522481598;2.4513708270221146
-101.0;-101.2286;3.618802522481598;2.4513708270221146
-101.125;-102.2;3.618802522481598;2.4513708270221146
-101.125;-100.9429;3.618802522481598;2.4513708270221146
-101.125;-101.5714;3.618802522481598;2.4513708270221146
-101.5;-101.2;3.618802522481598;2.4513708270221146
-102.3125;-99.7429;3.618802522481598;2.4513708270221146
-102.3125;-99.2571;3.618802522481598;2.4513708270221146
-101.25;-99.4857;3.618802522481598;2.4513708270221146
-99.875;-99.9143;3.618802522481598;2.4513708270221146
-99.0625;-99.6571;3.618802522481598;2.4513708270221146
-98.4375;-98.8;3.618802522481598;2.4513708270221146
-98.1875;-98.6857;3.618802522481598;2.4513708270221146
-98.375;-98.7429;3.618802522481598;2.4513708270221146
-98.5625;-96.7429;3.618802522481598;2.4513708270221146
-98.4375;-98.2571;3.618802522481598;2.4513708270221146
-98.0;-98.1429;3.618802522481598;2.4513708270221146
-97.875;-97.8571;3.618802522481598;2.4513708270221146
-98.25;-97.7143;3.618802522481598;2.4513708270221146
-98.875;-96.0857;3.618802522481598;2.4513708270221146
-98.9375;-97.7429;3.618802522481598;2.4513708270221146
-98.75;-97.8857;3.618802522481598;2.4513708270221146
-98.6875;-96.9714;3.618802522481598;2.4513708270221146
-98.625;-97.0571;3.618802522481598;2.4513708270221146
-98.0;-96.5143;3.618802522481598;2.4513708270221146
-97.0;-95.8286;3.618802522481598;2.4513708270221146
-96.25;-96.7429;3.618802522481598;2.4513708270221146
-95.4375;-95.5714;3.618802522481598;2.4513708270221146
-94.375;-94.1714;3.618802522481598;2.4513708270221146
-93.8125;-95.1429;3.618802522481598;2.4513708270221146
-93.625;-95.1143;3.618802522481598;2.4513708270221146
-92.9375;-94.7714;3.618802522481598;2.4513708270221146
-92.0625;-94.8571;3.618802522481598;2.4513708270221146
-91.4375;-94.7429;3.618802522481598;2.4513708270221146
-91.125;-94.3714;3.618802522481598;2.4513708270221146
-91.0625;-93.7143;3.618802522481598;2.4513708270221146
-91.125;-93.8286;3.618802522481598;2.4513708270221146
-91.6875;-94.2857;3.618802522481598;2.4513708270221146
-93.375;-94.2286;3.618802522481598;2.4513708270221146
-95.125;-94.0286;3.618802522481598;2.4513708270221146
-95.5625;-94.0571;3.618802522481598;2.4513708270221146
-94.625;-93.1429;3.618802522481598;2.4513708270221146
-93.125;-93.0571;3.618802522481598;2.4513708270221146
-91.8125;-92.1143;3.618802522481598;2.4513708270221146
-91.0625;-92.6;3.618802522481598;2.4513708270221146
-91.125;-93.2857;3.618802522481598;2.4513708270221146
-91.5625;-92.8857;3.618802522481598;2.4513708270221146
-91.625;-92.4;3.618802522481598;2.4513708270221146
-90.8125;-92.2;3.618802522481598;2.4513708270221146
-89.6875;-92.0;3.618802522481598;2.4513708270221146
-88.8125;-92.2286;3.618802522481598;2.4513708270221146
-88.375;-91.3143;3.618802522481598;2.4513708270221146
-88.5;-91.2286;3.618802522481598;2.4513708270221146
-89.0625;-90.5143;3.618802522481598;2.4513708270221146
-89.375;-90.2857;3.618802522481598;2.4513708270221146
-89.125;-90.9714;3.618802522481598;2.4513708270221146
-88.4375;-90.3714;3.618802522481598;2.4513708270221146
-87.375;-89.4286;3.618802522481598;2.4513708270221146
-86.8125;-90.2857;3.618802522481598;2.4513708270221146
-87.375;-90.8857;3.618802522481598;2.4513708270221146
-88.3125;-91.4857;3.618802522481598;2.4513708270221146
-88.875;-90.7143;3.618802522481598;2.4513708270221146
-89.125;-89.7429;3.618802522481598;2.4513708270221146
-89.3125;-89.2857;3.618802522481598;2.4513708270221146
-89.5625;-89.5429;3.618802522481598;2.4513708270221146
-89.75;-89.2857;3.618802522481598;2.4513708270221146
-89.875;-88.4571;3.618802522481598;2.4513708270221146
-89.875;-88.3429;3.618802522481598;2.4513708270221146
-89.875;-88.0;3.618802522481598;2.4513708270221146
-89.8125;-88.4286;3.618802522481598;2.4513708270221146
-89.5;-89.1714;3.618802522481598;2.4513708270221146
-88.6875;-88.4571;3.618802522481598;2.4513708270221146
-87.875;-87.9143;3.618802522481598;2.4513708270221146
-87.8125;-87.8;3.618802522481598;2.4513708270221146
-88.0625;-87.9714;3.618802522481598;2.4513708270221146
-87.875;-87.4857;3.618802522481598;2.4513708270221146
-87.3125;-86.6571;3.618802522481598;2.4513708270221146
-86.8125;-87.0;3.618802522481598;2.4513708270221146
-86.625;-85.7714;3.618802522481598;2.4513708270221146
-86.5;-83.8571;3.618802522481598;2.4513708270221146
-85.9375;-84.6571;3.618802522481598;2.4513708270221146
-85.3125;-86.4;3.618802522481598;2.4513708270221146
-85.1875;-86.6;3.618802522481598;2.4513708270221146
-85.875;-85.9143;3.618802522481598;2.4513708270221146
-86.875;-85.2571;3.618802522481598;2.4513708270221146
-87.3125;-84.7143;3.618802522481598;2.4513708270221146
-87.1875;-84.9714;3.618802522481598;2.4513708270221146
-86.75;-84.9714;3.618802522481598;2.4513708270221146
-85.9375;-84.2;3.618802522481598;2.4513708270221146
-84.9375;-84.4286;3.618802522481598;2.4513708270221146
-84.0625;-84.2;3.618802522481598;2.4513708270221146
-83.1875;-83.7714;3.618802522481598;2.4513708270221146
-82.625;-82.3429;3.618802522481598;2.4513708270221146
-82.5625;-83.2857;3.618802522481598;2.4513708270221146
-82.875;-83.2;3.618802522481598;2.4513708270221146
-82.9375;-85.3714;3.618802522481598;2.4513708270221146
-82.75;-83.9143;3.618802522481598;2.4513708270221146
-82.5625;-83.5143;3.618802522481598;2.4513708270221146
-82.4375;-82.5429;3.618802522481598;2.4513708270221146
-82.375;-83.1143;3.618802522481598;2.4513708270221146
-82.375;-81.9143;3.618802522481598;2.4513708270221146
-82.625;-82.6571;3.618802522481598;2.4513708270221146
-82.9375;-82.6571;3.618802522481598;2.4513708270221146
-82.75;-82.6286;3.618802522481598;2.4513708270221146
-82.375;-82.1714;3.618802522481598;2.4513708270221146
-82.125;-81.8571;3.618802522481598;2.4513708270221146
-82.0;-81.4286;3.618802522481598;2.4513708270221146
-81.625;-81.7143;3.618802522481598;2.4513708270221146
-81.0625;-81.1714;3.618802522481598;2.4513708270221146
-81.125;-81.3714;3.618802522481598;2.4513708270221146
-81.8125;-81.6571;3.618802522481598;2.4513708270221146
-82.1875;-80.8857;3.618802522481598;2.4513708270221146
-82.0;-80.6;3.618802522481598;2.4513708270221146
-81.5;-80.1143;3.618802522481598;2.4513708270221146
-80.9375;-80.4;3.618802522481598;2.4513708270221146
-80.6875;-81.1714;3.618802522481598;2.4513708270221146
-80.75;-80.3714;3.618802522481598;2.4513708270221146
-81.0;-80.2;3.618802522481598;2.4513708270221146
-81.25;-80.0;3.618802522481598;2.4513708270221146
-81.375;-79.9143;3.618802522481598;2.4513708270221146
-81.125;-79.8286;3.618802522481598;2.4513708270221146
-80.75;-79.5143;3.618802522481598;2.4513708270221146
-80.375;-79.7429;3.618802522481598;2.4513708270221146
-79.75;-78.3714;3.618802522481598;2.4513708270221146
-79.125;-80.0286;3.618802522481598;2.4513708270221146
-79.0625;-79.5143;3.618802522481598;2.4513708270221146
-79.625;-79.6286;3.618802522481598;2.4513708270221146
-80.5;-79.2857;3.618802522481598;2.4513708270221146
-81.1875;-78.8286;3.618802522481598;2.4513708270221146
-81.5;-78.4571;3.618802522481598;2.4513708270221146
-81.625;-78.8286;3.618802522481598;2.4513708270221146
-81.5625;-79.4;3.618802522481598;2.4513708270221146
-81.5625;-77.4;3.618802522481598;2.4513708270221146
-81.375;-76.7429;3.618802522481598;2.4513708270221146
-80.875;-77.0286;3.618802522481598;2.4513708270221146
-79.9375;-77.0286;3.618802522481598;2.4513708270221146
-78.8125;-77.9143;3.618802522481598;2.4513708270221146
-77.8125;-77.4286;3.618802522481598;2.4513708270221146
-76.875;-77.0;3.618802522481598;2.4513708270221146
-76.25;-76.0571;3.618802522481598;2.4513708270221146
-76.0625;-77.2286;3.618802522481598;2.4513708270221146
-76.4375;-77.3429;3.618802522481598;2.4513708270221146
-77.375;-76.9143;3.618802522481598;2.4513708270221146
-77.8125;-76.1714;3.618802522481598;2.4513708270221146
-77.5625;-76.0286;3.618802522481598;2.4513708270221146
-77.5;-75.6571;3.618802522481598;2.4513708270221146
-77.5;-75.1143;3.618802522481598;2.4513708270221146
-77.3125;-75.1714;3.618802522481598;2.4513708270221146
-77.125;-75.1143;3.618802522481598;2.4513708270221146
-77.0;-75.1143;3.618802522481598;2.4513708270221146
-76.875;-75.6;3.618802522481598;2.4513708270221146
-76.6875;-74.7429;3.618802522481598;2.4513708270221146
-76.4375;-74.1429;3.618802522481598;2.4513708270221146
-75.8125;-74.4286;3.618802522481598;2.4513708270221146
-75.0625;-74.4;3.618802522481598;2.4513708270221146
-74.8125;-74.1429;3.618802522481598;2.4513708270221146
-75.3125;-73.7714;3.618802522481598;2.4513708270221146
-75.6875;-73.8857;3.618802522481598;2.4513708270221146
-75.125;-74.6857;3.618802522481598;2.4513708270221146
-74.125;-74.0;3.618802522481598;2.4513708270221146
-73.5;-73.7429;3.618802522481598;2.4513708270221146
-73.1875;-73.2571;3.618802522481598;2.4513708270221146
-73.125;-73.4571;3.618802522481598;2.4513708270221146
-73.1875;-72.9143;3.618802522481598;2.4513708270221146
-73.25;-73.4571;3.618802522481598;2.4513708270221146
-73.25;-72.6;3.618802522481598;2.4513708270221146
-73.0625;-72.3143;3.618802522481598;2.4513708270221146
-72.8125;-72.4286;3.618802522481598;2.4513708270221146
-72.75;-72.7429;3.618802522481598;2.4513708270221146
-72.75;-72.5143;3.618802522481598;2.4513708270221146
-72.5;-72.2857;3.618802522481598;2.4513708270221146
-72.1875;-72.3429;3.618802522481598;2.4513708270221146
-72.125;-71.5429;3.618802522481598;2.4513708270221146
-72.5625;-71.0286;3.618802522481598;2.4513708270221146
-73.3125;-71.3714;3.618802522481598;2.4513708270221146
-73.5;-71.7429;3.618802522481598;2.4513708270221146
-72.6875;-71.0571;3.618802522481598;2.4513708270221146
-71.75;-70.5143;3.618802522481598;2.4513708270221146
-71.0625;-71.0;3.618802522481598;2.4513708270221146
-70.5;-71.6286;3.618802522481598;2.4513708270221146
-70.0;-71.1429;3.618802522481598;2.4513708270221146
-70.0625;-70.3143;3.618802522481598;2.4513708270221146
-70.375;-69.9429;3.618802522481598;2.4513708270221146
-71.0;-69.4571;3.618802522481598;2.4513708270221146
-71.875;-69.6286;3.618802522481598;2.4513708270221146
-72.375;-69.4857;3.618802522481598;2.4513708270221146
-72.0625;-69.8857;3.618802522481598;2.4513708270221146
-71.0625;-69.6286;3.618802522481598;2.4513708270221146
-70.0;-69.1714;3.618802522481598;2.4513708270221146
-69.5;-69.5714;3.618802522481598;2.4513708270221146
-70.0;-69.2286;3.618802522481598;2.4513708270221146
-70.875;-69.2857;3.618802522481598;2.4513708270221146
-71.625;-69.0571;3.618802522481598;2.4513708270221146
-71.9375;-69.6286;3.618802522481598;2.4513708270221146
-72.0625;-69.5143;3.618802522481598;2.4513708270221146
-72.0;-68.8;3.618802522481598;2.4513708270221146
-72.0;-68.4857;3.618802522481598;2.4513708270221146
-71.9375;-67.9714;3.618802522481598;2.4513708270221146
-71.5;-68.1714;3.618802522481598;2.4513708270221146
-70.0625;-67.8286;3.618802522481598;2.4513708270221146
-68.0625;-68.4857;3.618802522481598;2.4513708270221146
-66.5625;-68.4571;3.618802522481598;2.4513708270221146
-66.125;-68.2857;3.618802522481598;2.4513708270221146
-66.6875;-67.6571;3.618802522481598;2.4513708270221146
-67.5625;-67.5714;3.618802522481598;2.4513708270221146
-68.25;-67.4;3.618802522481598;2.4513708270221146
-68.0625;-67.4571;3.618802522481598;2.4513708270221146
-67.625;-67.6857;3.618802522481598;2.4513708270221146
-67.3125;-67.7429;3.618802522481598;2.4513708270221146
-67.125;-67.3429;3.618802522481598;2.4513708270221146
-67.0625;-67.1429;3.618802522481598;2.4513708270221146
-66.5;-67.0286;3.618802522481598;2.4513708270221146
-65.875;-67.0;3.618802522481598;2.4513708270221146
-65.6875;-66.5429;3.618802522481598;2.4513708270221146
-65.8125;-66.2;3.618802522481598;2.4513708270221146
-66.0625;-65.1429;3.618802522481598;2.4513708270221146
-66.5;-65.4857;3.618802522481598;2.4513708270221146
-66.6875;-65.8857;3.618802522481598;2.4513708270221146
-66.3125;-66.2286;3.618802522481598;2.4513708270221146
-65.75;-65.8571;3.618802522481598;2.4513708270221146
-65.1875;-65.9429;3.618802522481598;2.4513708270221146
-64.625;-66.0857;3.618802522481598;2.4513708270221146
-64.125;-65.8;3.618802522481598;2.4513708270221146
-63.875;-65.3143;3.618802522481598;2.4513708270221146
-63.6875;-64.8286;3.618802522481598;2.4513708270221146
-63.6875;-64.9714;3.618802522481598;2.4513708270221146
-63.6875;-65.3143;3.618802522481598;2.4513708270221146
-63.6875;-64.9714;3.618802522481598;2.4513708270221146
-63.6875;-64.3714;3.618802522481598;2.4513708270221146
-63.9375;-64.6571;3.618802522481598;2.4513708270221146
-64.375;-65.0571;3.618802522481598;2.4513708270221146
-64.8125;-64.1429;3.618802522481598;2.4513708270221146
-65.1875;-64.3143;3.618802522481598;2.4513708270221146
-65.6875;-64.3429;3.618802522481598;2.4513708270221146
-65.625;-64.0571;3.618802522481598;2.4513708270221146
-64.8125;-63.9714;3.618802522481598;2.4513708270221146
-63.75;-63.7429;3.618802522481598;2.4513708270221146
-63.4375;-63.4571;3.618802522481598;2.4513708270221146
-64.0;-63.4;3.618802522481598;2.4513708270221146
-64.375;-63.5714;3.618802522481598;2.4513708270221146
-63.9375;-62.9714;3.618802522481598;2.4513708270221146
-63.3125;-63.3429;3.618802522481598;2.4513708270221146
-62.875;-63.5143;3.618802522481598;2.4513708270221146
-62.6875;-62.7429;3.618802522481598;2.4513708270221146
-62.8125;-63.0571;3.618802522481598;2.4513708270221146
-62.8125;-63.3714;3.618802522481598;2.4513708270221146
-62.375;-62.4;3.618802522481598;2.4513708270221146
-62.0625;-62.5143;3.618802522481598;2.4513708270221146
-62.25;-62.2571;3.618802522481598;2.4513708270221146
-62.375;-62.4;3.618802522481598;2.4513708270221146
-62.1875;-62.9143;3.618802522481598;2.4513708270221146
-61.875;-62.2571;3.618802522481598;2.4513708270221146
-61.6875;-61.9429;3.618802522481598;2.4513708270221146
-61.875;-62.1714;3.618802522481598;2.4513708270221146
-62.0;-61.8857;3.618802522481598;2.4513708270221146
-61.75;-61.2;3.618802522481598;2.4513708270221146
-61.4375;-61.6571;3.618802522481598;2.4513708270221146
-61.1875;-60.9429;3.618802522481598;2.4513708270221146
-61.125;-60.9714;3.618802522481598;2.4513708270221146
-61.125;-61.4571;3.618802522481598;2.4513708270221146
-61.125;-61.3143;3.618802522481598;2.4513708270221146
-61.25;-61.2571;3.618802522481598;2.4513708270221146
-61.625;-61.2286;3.618802522481598;2.4513708270221146
-61.875;-60.6857;3.618802522481598;2.4513708270221146
-62.0625;-60.8857;3.618802522481598;2.4513708270221146
-62.0;-60.4857;3.618802522481598;2.4513708270221146
-61.75;-60.2571;3.618802522481598;2.4513708270221146
-61.75;-60.6857;3.618802522481598;2.4513708270221146
-61.5625;-59.6857;3.618802522481598;2.4513708270221146
-60.625;-59.8;3.618802522481598;2.4513708270221146
-59.8125;-60.0571;3.618802522481598;2.4513708270221146
-59.9375;-59.9714;3.618802522481598;2.4513708270221146
-60.5;-59.7714;3.618802522481598;2.4513708270221146
-60.9375;-59.7143;3.618802522481598;2.4513708270221146
-61.25;-59.0286;3.618802522481598;2.4513708270221146
-61.375;-59.4;3.618802522481598;2.4513708270221146
-61.1875;-58.7143;3.618802522481598;2.4513708270221146
-60.875;-59.2571;3.618802522481598;2.4513708270221146
-60.875;-59.5143;3.618802522481598;2.4513708270221146
-60.8125;-59.0286;3.618802522481598;2.4513708270221146
-60.375;-58.9714;3.618802522481598;2.4513708270221146
-59.75;-58.8857;3.618802522481598;2.4513708270221146
-59.25;-58.7143;3.618802522481598;2.4513708270221146
-58.8125;-58.9714;3.618802522481598;2.4513708270221146
-58.125;-58.1429;3.618802522481598;2.4513708270221146
-57.5625;-57.7143;3.618802522481598;2.4513708270221146
-57.5;-57.9714;3.618802522481598;2.4513708270221146
-57.625;-57.6;3.618802522481598;2.4513708270221146
-57.625;-57.9429;3.618802522481598;2.4513708270221146
-57.5625;-57.7714;3.618802522481598;2.4513708270221146
-57.5;-57.8857;3.618802522481598;2.4513708270221146
-57.4375;-57.8286;3.618802522481598;2.4513708270221146
-57.4375;-57.8286;3.618802522481598;2.4513708270221146
-57.5;-57.8857;3.618802522481598;2.4513708270221146
-57.8125;-57.4857;3.618802522481598;2.4513708270221146
-58.3125;-57.3143;3.618802522481598;2.4513708270221146
-58.375;-57.0571;3.618802522481598;2.4513708270221146
-58.1875;-56.9429;3.618802522481598;2.4513708270221146
-58.0;-56.8857;3.618802522481598;2.4513708270221146
-57.5625;-56.7143;3.618802522481598;2.4513708270221146
-57.0;-56.5714;3.618802522481598;2.4513708270221146
-56.6875;-56.4;3.618802522481598;2.4513708270221146
-56.625;-56.5143;3.618802522481598;2.4513708270221146
-56.5;-56.8286;3.618802522481598;2.4513708270221146
-56.25;-56.2286;3.618802522481598;2.4513708270221146
-56.3125;-56.2571;3.618802522481598;2.4513708270221146
-56.5;-56.1714;3.618802522481598;2.4513708270221146
-56.375;-56.2286;3.618802522481598;2.4513708270221146
-56.0625;-56.1714;3.618802522481598;2.4513708270221146
-56.0;-55.8857;3.618802522481598;2.4513708270221146
-56.25;-56.0571;3.618802522481598;2.4513708270221146
-56.3125;-55.6286;3.618802522481598;2.4513708270221146
-56.375;-55.4571;3.618802522481598;2.4513708270221146
-56.5;-55.5429;3.618802522481598;2.4513708270221146
-56.5625;-55.2286;3.618802522481598;2.4513708270221146
-56.1875;-55.0571;3.618802522481598;2.4513708270221146
-55.125;-55.0571;3.618802522481598;2.4513708270221146
-54.0625;-55.1429;3.618802522481598;2.4513708270221146
-53.6875;-55.1714;3.618802522481598;2.4513708270221146
-54.0625;-55.0857;3.618802522481598;2.4513708270221146
-54.6875;-54.8857;3.618802522481598;2.4513708270221146
-55.125;-54.4857;3.618802522481598;2.4513708270221146
-55.375;-54.4857;3.618802522481598;2.4513708270221146
-55.4375;-54.5143;3.618802522481598;2.4513708270221146
-55.4375;-54.3429;3.618802522481598;2.4513708270221146
-55.25;-54.4571;3.618802522481598;2.4513708270221146
-54.75;-54.1429;3.618802522481598;2.4513708270221146
-54.3125;-53.9429;3.618802522481598;2.4513708270221146
-54.25;-53.9143;3.618802522481598;2.4513708270221146
-54.5;-53.8;3.618802522481598;2.4513708270221146
-54.5;-53.7714;3.618802522481598;2.4513708270221146
-54.0625;-53.7714;3.618802522481598;2.4513708270221146
-53.625;-53.4286;3.618802522481598;2.4513708270221146
-53.625;-53.5143;3.618802522481598;2.4513708270221146
-53.875;-53.1143;3.618802522481598;2.4513708270221146
-53.8125;-53.2;3.618802522481598;2.4513708270221146
-53.3125;-53.4857;3.618802522481598;2.4513708270221146
-52.75;-53.4571;3.618802522481598;2.4513708270221146
-52.625;-53.2286;3.618802522481598;2.4513708270221146
-53.375;-52.8857;3.618802522481598;2.4513708270221146
-54.25;-52.8571;3.618802522481598;2.4513708270221146
-54.5;-52.6;3.618802522481598;2.4513708270221146
-54.375;-52.6571;3.618802522481598;2.4513708270221146
-54.1875;-53.0286;3.618802522481598;2.4513708270221146
-53.625;-52.6;3.618802522481598;2.4513708270221146
-52.6875;-52.6571;3.618802522481598;2.4513708270221146
-51.875;-52.3429;3.618802522481598;2.4513708270221146
-51.8125;-52.1714;3.618802522481598;2.4513708270221146
-52.4375;-51.7143;3.618802522481598;2.4513708270221146
-53.0625;-52.0286;3.618802522481598;2.4513708270221146
-53.375;-51.7429;3.618802522481598;2.4513708270221146
-53.4375;-51.6;3.618802522481598;2.4513708270221146
-53.5;-51.6571;3.618802522481598;2.4513708270221146
-53.5625;-51.6;3.618802522481598;2.4513708270221146
-53.5625;-51.2857;3.618802522481598;2.4513708270221146
-53.5625;-51.4;3.618802522481598;2.4513708270221146
-53.5625;-51.2857;3.618802522481598;2.4513708270221146
-53.3125;-51.0286;3.618802522481598;2.4513708270221146
-52.5625;-51.1714;3.618802522481598;2.4513708270221146
-51.6875;-51.0286;3.618802522481598;2.4513708270221146
-51.125;-50.9143;3.618802522481598;2.4513708270221146
-50.6875;-50.7429;3.618802522481598;2.4513708270221146
-49.9375;-50.7143;3.618802522481598;2.4513708270221146
-49.3125;-50.6571;3.618802522481598;2.4513708270221146
-49.6875;-50.8857;3.618802522481598;2.4513708270221146
-50.25;-50.6;3.618802522481598;2.4513708270221146
-50.4375;-50.4571;3.618802522481598;2.4513708270221146
-50.5;-50.4286;3.618802522481598;2.4513708270221146
-50.6875;-50.5143;3.618802522481598;2.4513708270221146
-50.5;-50.4;3.618802522481598;2.4513708270221146
-50.0;-50.4286;3.618802522481598;2.4513708270221146
-49.3125;-49.9143;3.618802522481598;2.4513708270221146
-48.875;-49.6571;3.618802522481598;2.4513708270221146
-49.25;-49.7429;3.618802522481598;2.4513708270221146
-50.25;-49.6;3.618802522481598;2.4513708270221146
-51.25;-49.8;3.618802522481598;2.4513708270221146
-51.6875;-49.6857;3.618802522481598;2.4513708270221146
-51.3125;-49.7429;3.618802522481598;2.4513708270221146
-50.375;-49.4857;3.618802522481598;2.4513708270221146
-49.3125;-49.4571;3.618802522481598;2.4513708270221146
-48.625;-49.2571;3.618802522481598;2.4513708270221146
-48.6875;-48.9143;3.618802522481598;2.4513708270221146
-48.9375;-48.8857;3.618802522481598;2.4513708270221146
-48.5625;-48.8571;3.618802522481598;2.4513708270221146
-47.8125;-48.4286;3.618802522481598;2.4513708270221146
-47.1875;-48.5714;3.618802522481598;2.4513708270221146
-46.875;-48.6;3.618802522481598;2.4513708270221146
-46.8125;-48.5714;3.618802522481598;2.4513708270221146
-46.8125;-48.6;3.618802522481598;2.4513708270221146
-46.75;-48.4571;3.618802522481598;2.4513708270221146
-46.9375;-48.2857;3.618802522481598;2.4513708270221146
-47.6875;-48.1429;3.618802522481598;2.4513708270221146
-48.375;-47.7714;3.618802522481598;2.4513708270221146
-48.375;-47.6;3.618802522481598;2.4513708270221146
-48.25;-47.6;3.618802522481598;2.4513708270221146
-48.0;-48.0286;3.618802522481598;2.4513708270221146
-47.5;-48.0;3.618802522481598;2.4513708270221146
-47.25;-48.1429;3.618802522481598;2.4513708270221146
-47.4375;-47.8;3.618802522481598;2.4513708270221146
-47.5625;-47.5143;3.618802522481598;2.4513708270221146
-47.625;-47.4571;3.618802522481598;2.4513708270221146
-47.375;-47.3143;3.618802522481598;2.4513708270221146
-47.1875;-47.2857;3.618802522481598;2.4513708270221146
-47.125;-47.2286;3.618802522481598;2.4513708270221146
-47.25;-46.9429;3.618802522481598;2.4513708270221146
-47.5;-47.1429;3.618802522481598;2.4513708270221146
-47.75;-46.9714;3.618802522481598;2.4513708270221146
-47.9375;-46.9714;3.618802522481598;2.4513708270221146
-48.0625;-46.6;3.618802522481598;2.4513708270221146
-47.9375;-46.4;3.618802522481598;2.4513708270221146
-47.3125;-46.2;3.618802522481598;2.4513708270221146
-46.875;-46.4857;3.618802522481598;2.4513708270221146
-46.9375;-46.1143;3.618802522481598;2.4513708270221146
-46.75;-46.2;3.618802522481598;2.4513708270221146
-46.4375;-46.1714;3.618802522481598;2.4513708270221146
-46.375;-46.2286;3.618802522481598;2.4513708270221146
-46.5625;-46.0286;3.618802522481598;2.4513708270221146
-46.75;-45.8571;3.618802522481598;2.4513708270221146
-46.875;-45.9429;3.618802522481598;2.4513708270221146
-46.9375;-45.8571;3.618802522481598;2.4513708270221146
-46.9375;-45.5429;3.618802522481598;2.4513708270221146
-46.875;-45.6286;3.618802522481598;2.4513708270221146
-46.4375;-45.5714;3.618802522481598;2.4513708270221146
-45.5;-45.5429;3.618802522481598;2.4513708270221146
-44.6875;-45.3429;3.618802522481598;2.4513708270221146
-44.375;-45.4571;3.618802522481598;2.4513708270221146
-44.5;-45.4;3.618802522481598;2.4513708270221146
-44.75;-45.1429;3.618802522481598;2.4513708270221146
-44.9375;-45.0857;3.618802522481598;2.4513708270221146
-45.0625;-44.9429;3.618802522481598;2.4513708270221146
-45.375;-44.8286;3.618802522481598;2.4513708270221146
-45.375;-44.7143;3.618802522481598;2.4513708270221146
-45.0;-44.6286;3.618802522481598;2.4513708270221146
-44.5625;-44.4857;3.618802522481598;2.4513708270221146
-44.1875;-44.4857;3.618802522481598;2.4513708270221146
-44.0;-44.5429;3.618802522481598;2.4513708270221146
-44.3125;-44.3143;3.618802522481598;2.4513708270221146
-45.0;-44.0;3.618802522481598;2.4513708270221146
-45.4375;-44.0286;3.618802522481598;2.4513708270221146
-45.375;-44.2286;3.618802522481598;2.4513708270221146
-44.9375;-44.1714;3.618802522481598;2.4513708270221146
-44.375;-44.1429;3.618802522481598;2.4513708270221146
-43.875;-43.8571;3.618802522481598;2.4513708270221146
-43.5;-43.6571;3.618802522481598;2.4513708270221146
-43.4375;-43.4286;3.618802522481598;2.4513708270221146
-43.4375;-43.2571;3.618802522481598;2.4513708270221146
-43.375;-43.2857;3.618802522481598;2.4513708270221146
-43.5625;-43.4857;3.618802522481598;2.4513708270221146
-44.0;-43.3143;3.618802522481598;2.4513708270221146
-44.3125;-43.3714;3.618802522481598;2.4513708270221146
-44.5;-43.2286;3.618802522481598;2.4513708270221146
-44.5625;-43.3143;3.618802522481598;2.4513708270221146
-44.5;-43.0;3.618802522481598;2.4513708270221146
-44.5;-42.9429;3.618802522481598;2.4513708270221146
-44.5;-42.7714;3.618802522481598;2.4513708270221146
-44.375;-42.5714;3.618802522481598;2.4513708270221146
-44.125;-42.6571;3.618802522481598;2.4513708270221146
-43.5625;-42.4571;3.618802522481598;2.4513708270221146
-43.125;-42.4286;3.618802522481598;2.4513708270221146
-43.0;-42.1714;3.618802522481598;2.4513708270221146
-42.9375;-42.0857;3.618802522481598;2.4513708270221146
-42.6875;-42.0286;3.618802522481598;2.4513708270221146
-42.5;-42.1714;3.618802522481598;2.4513708270221146
-42.5;-42.0;3.618802522481598;2.4513708270221146
-42.5;-41.9429;3.618802522481598;2.4513708270221146
-42.375;-41.9429;3.618802522481598;2.4513708270221146
-42.0625;-41.8571;3.618802522481598;2.4513708270221146
-41.75;-41.7143;3.618802522481598;2.4513708270221146
-41.625;-41.6857;3.618802522481598;2.4513708270221146
-41.4375;-41.5143;3.618802522481598;2.4513708270221146
-41.1875;-41.4857;3.618802522481598;2.4513708270221146
-41.0;-41.5143;3.618802522481598;2.4513708270221146
-41.0;-41.3429;3.618802522481598;2.4513708270221146
-41.1875;-41.4857;3.618802522481598;2.4513708270221146
-41.625;-41.3143;3.618802522481598;2.4513708270221146
-41.9375;-41.3143;3.618802522481598;2.4513708270221146
-41.875;-41.2286;3.618802522481598;2.4513708270221146
-41.4375;-40.9429;3.618802522481598;2.4513708270221146
-40.875;-40.7429;3.618802522481598;2.4513708270221146
-40.4375;-40.7143;3.618802522481598;2.4513708270221146
-40.1875;-40.4857;3.618802522481598;2.4513708270221146
-40.125;-40.5143;3.618802522481598;2.4513708270221146
-40.125;-40.5429;3.618802522481598;2.4513708270221146
-40.1875;-40.2857;3.618802522481598;2.4513708270221146
-40.1875;-40.0857;3.618802522481598;2.4513708270221146
-40.25;-40.1714;3.618802522481598;2.4513708270221146
-40.4375;-40.3429;3.618802522481598;2.4513708270221146
-40.625;-40.3143;3.618802522481598;2.4513708270221146
-40.5;-40.0;3.618802522481598;2.4513708270221146
-40.125;-39.9143;3.618802522481598;2.4513708270221146
-39.9375;-40.0857;3.618802522481598;2.4513708270221146
-40.0625;-40.0571;3.618802522481598;2.4513708270221146
-40.25;-39.9143;3.618802522481598;2.4513708270221146
-40.4375;-39.8571;3.618802522481598;2.4513708270221146
-40.375;-39.6571;3.618802522481598;2.4513708270221146
-40.25;-39.6571;3.618802522481598;2.4513708270221146
-40.1875;-39.6286;3.618802522481598;2.4513708270221146
-40.0625;-39.6571;3.618802522481598;2.4513708270221146
-39.75;-39.3143;3.618802522481598;2.4513708270221146
-39.1875;-39.1143;3.618802522481598;2.4513708270221146
-38.625;-39.0286;3.618802522481598;2.4513708270221146
-38.4375;-39.1143;3.618802522481598;2.4513708270221146
-38.875;-38.9714;3.618802522481598;2.4513708270221146
-39.125;-39.0;3.618802522481598;2.4513708270221146
-38.9375;-38.9714;3.618802522481598;2.4513708270221146
-38.5;-38.8286;3.618802522481598;2.4513708270221146
-38.0625;-38.9429;3.618802522481598;2.4513708270221146
-38.0625;-38.6857;3.618802522481598;2.4513708270221146
-38.625;-38.6;3.618802522481598;2.4513708270221146
-38.875;-38.4286;3.618802522481598;2.4513708270221146
-38.5625;-38.2571;3.618802522481598;2.4513708270221146
-38.1875;-38.1143;3.618802522481598;2.4513708270221146
-37.8125;-37.9429;3.618802522481598;2.4513708270221146
-37.625;-37.8857;3.618802522481598;2.4513708270221146
-37.5625;-38.0286;3.618802522481598;2.4513708270221146
-37.625;-38.1143;3.618802522481598;2.4513708270221146
-37.625;-38.0571;3.618802522481598;2.4513708270221146
-37.875;-37.8;3.618802522481598;2.4513708270221146
-38.1875;-37.6571;3.618802522481598;2.4513708270221146
-37.75;-37.4;3.618802522481598;2.4513708270221146
-36.8125;-37.4857;3.618802522481598;2.4513708270221146
-36.6875;-37.4857;3.618802522481598;2.4513708270221146
-37.3125;-37.6286;3.618802522481598;2.4513708270221146
-37.75;-37.5429;3.618802522481598;2.4513708270221146
-37.5625;-37.5143;3.618802522481598;2.4513708270221146
-37.0625;-37.4571;3.618802522481598;2.4513708270221146
-36.75;-37.2571;3.618802522481598;2.4513708270221146
-36.75;-37.1143;3.618802522481598;2.4513708270221146
-36.6875;-36.8857;3.618802522481598;2.4513708270221146
-36.4375;-36.7429;3.618802522481598;2.4513708270221146
-36.1875;-36.6857;3.618802522481598;2.4513708270221146
-36.0;-36.7429;3.618802522481598;2.4513708270221146
-35.875;-36.6286;3.618802522481598;2.4513708270221146
-35.75;-36.7143;3.618802522481598;2.4513708270221146
-35.875;-36.4;3.618802522481598;2.4513708270221146
-36.0625;-36.3143;3.618802522481598;2.4513708270221146
-36.5;-36.2;3.618802522481598;2.4513708270221146
-36.875;-36.2857;3.618802522481598;2.4513708270221146
-36.8125;-36.0857;3.618802522481598;2.4513708270221146
-36.4375;-35.8857;3.618802522481598;2.4513708270221146
-36.0;-35.9143;3.618802522481598;2.4513708270221146
-35.625;-35.9429;3.618802522481598;2.4513708270221146
-35.5;-35.8286;3.618802522481598;2.4513708270221146
-35.5;-35.8857;3.618802522481598;2.4513708270221146
-35.6875;-35.6571;3.618802522481598;2.4513708270221146
-35.8125;-35.6571;3.618802522481598;2.4513708270221146
-35.875;-35.6286;3.618802522481598;2.4513708270221146
-35.9375;-35.4571;3.618802522481598;2.4513708270221146
-35.9375;-35.5429;3.618802522481598;2.4513708270221146
-35.8125;-35.6;3.618802522481598;2.4513708270221146
-35.5625;-35.5143;3.618802522481598;2.4513708270221146
-35.0;-35.3714;3.618802522481598;2.4513708270221146
-34.1875;-35.3714;3.618802522481598;2.4513708270221146
-33.625;-35.3429;3.618802522481598;2.4513708270221146
-33.375;-35.2857;3.618802522481598;2.4513708270221146
-33.5625;-35.2;3.618802522481598;2.4513708270221146
-33.9375;-35.0857;3.618802522481598;2.4513708270221146
-34.3125;-34.8286;3.618802522481598;2.4513708270221146
-34.5;-34.7143;3.618802522481598;2.4513708270221146
-34.6875;-34.8286;3.618802522481598;2.4513708270221146
-34.625;-34.6857;3.618802522481598;2.4513708270221146
-34.375;-34.5429;3.618802522481598;2.4513708270221146
-34.1875;-34.4571;3.618802522481598;2.4513708270221146
-34.125;-34.4571;3.618802522481598;2.4513708270221146
-34.25;-34.2571;3.618802522481598;2.4513708270221146
-34.4375;-34.1143;3.618802522481598;2.4513708270221146
-34.8125;-34.2;3.618802522481598;2.4513708270221146
-34.9375;-33.8857;3.618802522481598;2.4513708270221146
-34.6875;-33.9429;3.618802522481598;2.4513708270221146
-34.125;-33.8857;3.618802522481598;2.4513708270221146
-33.75;-33.7714;3.618802522481598;2.4513708270221146
-33.5625;-33.9429;3.618802522481598;2.4513708270221146
-33.375;-33.8286;3.618802522481598;2.4513708270221146
-33.125;-33.4857;3.618802522481598;2.4513708270221146
-32.8125;-33.4286;3.618802522481598;2.4513708270221146
-32.5;-33.3429;3.618802522481598;2.4513708270221146
-32.1875;-33.1429;3.618802522481598;2.4513708270221146
-32.0625;-33.3429;3.618802522481598;2.4513708270221146
-32.0;-33.2571;3.618802522481598;2.4513708270221146
-32.0;-33.2286;3.618802522481598;2.4513708270221146
-32.0;-33.1143;3.618802522481598;2.4513708270221146
-32.0625;-32.9714;3.618802522481598;2.4513708270221146
-32.125;-32.9714;3.618802522481598;2.4513708270221146
-31.875;-32.8;3.618802522481598;2.4513708270221146
-31.5625;-32.6857;3.618802522481598;2.4513708270221146
-31.625;-32.6;3.618802522481598;2.4513708270221146
-32.25;-32.6;3.618802522481598;2.4513708270221146
-32.8125;-32.6;3.618802522481598;2.4513708270221146
-33.0;-32.4571;3.618802522481598;2.4513708270221146
-33.0;-32.5143;3.618802522481598;2.4513708270221146
-32.8125;-32.4;3.618802522481598;2.4513708270221146
-32.5;-32.4286;3.618802522481598;2.4513708270221146
-32.0;-32.2857;3.618802522481598;2.4513708270221146
-31.625;-32.3429;3.618802522481598;2.4513708270221146
-31.625;-32.2857;3.618802522481598;2.4513708270221146
-31.6875;-32.1143;3.618802522481598;2.4513708270221146
-31.625;-31.9714;3.618802522481598;2.4513708270221146
-31.4375;-32.1143;3.618802522481598;2.4513708270221146
-31.3125;-31.9714;3.618802522481598;2.4513708270221146
-31.125;-31.7429;3.618802522481598;2.4513708270221146
-30.9375;-31.4857;3.618802522481598;2.4513708270221146
-30.8125;-31.6286;3.618802522481598;2.4513708270221146
-31.0;-31.6571;3.618802522481598;2.4513708270221146
-31.375;-31.5143;3.618802522481598;2.4513708270221146
-31.625;-31.6286;3.618802522481598;2.4513708270221146
-31.5625;-31.6286;3.618802522481598;2.4513708270221146
-31.4375;-31.4;3.618802522481598;2.4513708270221146
-31.375;-31.3429;3.618802522481598;2.4513708270221146
-31.4375;-31.3714;3.618802522481598;2.4513708270221146
-31.5;-31.2;3.618802522481598;2.4513708270221146
-31.5;-31.1714;3.618802522481598;2.4513708270221146
-31.5625;-31.1429;3.618802522481598;2.4513708270221146
-31.5625;-31.0286;3.618802522481598;2.4513708270221146
-31.625;-30.8571;3.618802522481598;2.4513708270221146
-31.75;-30.7143;3.618802522481598;2.4513708270221146
-31.375;-30.6571;3.618802522481598;2.4513708270221146
-30.625;-30.7429;3.618802522481598;2.4513708270221146
-30.1875;-30.4857;3.618802522481598;2.4513708270221146
-30.375;-30.3143;3.618802522481598;2.4513708270221146
-30.75;-30.1714;3.618802522481598;2.4513708270221146
-30.6875;-30.2571;3.618802522481598;2.4513708270221146
-30.125;-30.2286;3.618802522481598;2.4513708270221146
-29.75;-30.2;3.618802522481598;2.4513708270221146
-30.0625;-30.0286;3.618802522481598;2.4513708270221146
-30.6875;-29.9714;3.618802522481598;2.4513708270221146
-31.0625;-29.8571;3.618802522481598;2.4513708270221146
-31.0;-29.8;3.618802522481598;2.4513708270221146
-30.25;-29.5714;3.618802522481598;2.4513708270221146
-29.125;-29.6286;3.618802522481598;2.4513708270221146
-28.1875;-29.5429;3.618802522481598;2.4513708270221146
-27.8125;-29.5429;3.618802522481598;2.4513708270221146
-28.1875;-29.5429;3.618802522481598;2.4513708270221146
-28.875;-29.4571;3.618802522481598;2.4513708270221146
-29.3125;-29.4;3.618802522481598;2.4513708270221146
-29.375;-29.4;3.618802522481598;2.4513708270221146
-29.25;-29.2;3.618802522481598;2.4513708270221146
-28.9375;-29.1429;3.618802522481598;2.4513708270221146
-28.5;-29.0571;3.618802522481598;2.4513708270221146
-28.125;-29.0857;3.618802522481598;2.4513708270221146
-28.0;-29.0571;3.618802522481598;2.4513708270221146
-28.1875;-29.0286;3.618802522481598;2.4513708270221146
-28.4375;-28.9429;3.618802522481598;2.4513708270221146
-28.5625;-28.8571;3.618802522481598;2.4513708270221146
-28.625;-28.8857;3.618802522481598;2.4513708270221146
-28.625;-28.6857;3.618802522481598;2.4513708270221146
-28.625;-28.6286;3.618802522481598;2.4513708270221146
-28.5;-28.6;3.618802522481598;2.4513708270221146
-28.4375;-28.7143;3.618802522481598;2.4513708270221146
-28.375;-28.6857;3.618802522481598;2.4513708270221146
-28.25;-28.4;3.618802522481598;2.4513708270221146
-28.125;-28.2857;3.618802522481598;2.4513708270221146
-28.0;-28.2;3.618802522481598;2.4513708270221146
-28.0625;-28.0857;3.618802522481598;2.4513708270221146
-28.1875;-28.0857;3.618802522481598;2.4513708270221146
-28.0;-28.1143;3.618802522481598;2.4513708270221146
-27.5625;-27.9429;3.618802522481598;2.4513708270221146
-27.0625;-27.9143;3.618802522481598;2.4513708270221146
-26.6875;-27.8286;3.618802522481598;2.4513708270221146
-26.5;-27.6857;3.618802522481598;2.4513708270221146
-26.4375;-27.5714;3.618802522481598;2.4513708270221146
-26.4375;-27.2857;3.618802522481598;2.4513708270221146
-26.625;-27.4286;3.618802522481598;2.4513708270221146
-27.0625;-27.4571;3.618802522481598;2.4513708270221146
-27.5;-27.5143;3.618802522481598;2.4513708270221146
-27.8125;-27.3143;3.618802522481598;2.4513708270221146
-28.0625;-27.3143;3.618802522481598;2.4513708270221146
-28.125;-27.0571;3.618802522481598;2.4513708270221146
-28.125;-27.0571;3.618802522481598;2.4513708270221146
-27.6875;-27.0286;3.618802522481598;2.4513708270221146
-26.9375;-26.8;3.618802522481598;2.4513708270221146
-26.125;-26.8857;3.618802522481598;2.4513708270221146
-25.4375;-26.8286;3.618802522481598;2.4513708270221146
-25.0;-26.6571;3.618802522481598;2.4513708270221146
-24.75;-26.6286;3.618802522481598;2.4513708270221146
-24.75;-26.5143;3.618802522481598;2.4513708270221146
-24.75;-26.4857;3.618802522481598;2.4513708270221146
-24.8125;-26.3143;3.618802522481598;2.4513708270221146
-24.9375;-26.3143;3.618802522481598;2.4513708270221146
-25.25;-26.4571;3.618802522481598;2.4513708270221146
-25.4375;-26.4286;3.618802522481598;2.4513708270221146
-25.625;-26.4;3.618802522481598;2.4513708270221146
-25.8125;-26.2857;3.618802522481598;2.4513708270221146
-26.0;-26.2286;3.618802522481598;2.4513708270221146
-26.0;-26.2286;3.618802522481598;2.4513708270221146
-25.9375;-26.0571;3.618802522481598;2.4513708270221146
-25.9375;-25.9429;3.618802522481598;2.4513708270221146
-26.0625;-25.9429;3.618802522481598;2.4513708270221146
-26.0625;-25.8;3.618802522481598;2.4513708270221146
-25.9375;-25.6286;3.618802522481598;2.4513708270221146
-25.625;-25.6571;3.618802522481598;2.4513708270221146
-25.375;-25.6571;3.618802522481598;2.4513708270221146
-25.4375;-25.6857;3.618802522481598;2.4513708270221146
-25.5625;-25.5429;3.618802522481598;2.4513708270221146
-25.5625;-25.4857;3.618802522481598;2.4513708270221146
-25.5;-25.4;3.618802522481598;2.4513708270221146
-25.4375;-25.2857;3.618802522481598;2.4513708270221146
-25.25;-25.2857;3.618802522481598;2.4513708270221146
-24.75;-25.1429;3.618802522481598;2.4513708270221146
-23.9375;-25.2286;3.618802522481598;2.4513708270221146
-23.4375;-25.0857;3.618802522481598;2.4513708270221146
-23.3125;-24.9143;3.618802522481598;2.4513708270221146
-23.3125;-24.8857;3.618802522481598;2.4513708270221146
-23.4375;-24.8857;3.618802522481598;2.4513708270221146
-23.9375;-24.9143;3.618802522481598;2.4513708270221146
-24.5;-24.7714;3.618802522481598;2.4513708270221146
-24.9375;-24.7143;3.618802522481598;2.4513708270221146
-25.0625;-24.5714;3.618802522481598;2.4513708270221146
-25.125;-24.6;3.618802522481598;2.4513708270221146
-25.125;-24.5429;3.618802522481598;2.4513708270221146
-25.125;-24.5714;3.618802522481598;2.4513708270221146
-25.125;-24.5143;3.618802522481598;2.4513708270221146
-24.9375;-24.4857;3.618802522481598;2.4513708270221146
-24.8125;-24.3429;3.618802522481598;2.4513708270221146
-24.875;-24.3143;3.618802522481598;2.4513708270221146
-25.0625;-24.1429;3.618802522481598;2.4513708270221146
-24.8125;-24.1714;3.618802522481598;2.4513708270221146
-24.125;-24.1143;3.618802522481598;2.4513708270221146
-23.5;-24.0;3.618802522481598;2.4513708270221146
-23.25;-23.9429;3.618802522481598;2.4513708270221146
-23.25;-23.8;3.618802522481598;2.4513708270221146
-23.5;-23.6571;3.618802522481598;2.4513708270221146
-23.75;-23.6;3.618802522481598;2.4513708270221146
-23.5625;-23.6857;3.618802522481598;2.4513708270221146
-23.375;-23.6286;3.618802522481598;2.4513708270221146
-23.375;-23.5714;3.618802522481598;2.4513708270221146
-23.375;-23.5143;3.618802522481598;2.4513708270221146
-23.5;-23.5143;3.618802522481598;2.4513708270221146
-23.6875;-23.4286;3.618802522481598;2.4513708270221146
-23.75;-23.3429;3.618802522481598;2.4513708270221146
-23.6875;-23.3143;3.618802522481598;2.4513708270221146
-23.3125;-23.3429;3.618802522481598;2.4513708270221146
-22.8125;-23.2857;3.618802522481598;2.4513708270221146
-22.375;-23.2857;3.618802522481598;2.4513708270221146
-22.125;-23.1429;3.618802522481598;2.4513708270221146
-22.25;-23.1143;3.618802522481598;2.4513708270221146
-22.75;-22.9143;3.618802522481598;2.4513708270221146
-23.375;-22.8;3.618802522481598;2.4513708270221146
-23.8125;-22.6571;3.618802522481598;2.4513708270221146
-24.0;-22.6286;3.618802522481598;2.4513708270221146
-24.0;-22.6286;3.618802522481598;2.4513708270221146
-24.0;-22.5429;3.618802522481598;2.4513708270221146
-23.8125;-22.4286;3.618802522481598;2.4513708270221146
-23.375;-22.3429;3.618802522481598;2.4513708270221146
-22.75;-22.3143;3.618802522481598;2.4513708270221146
-22.25;-22.2857;3.618802522481598;2.4513708270221146
-21.8125;-22.2286;3.618802522481598;2.4513708270221146
-21.5;-22.2;3.618802522481598;2.4513708270221146
-21.375;-22.1143;3.618802522481598;2.4513708270221146
-21.5;-22.0857;3.618802522481598;2.4513708270221146
-21.75;-22.0;3.618802522481598;2.4513708270221146
-21.6875;-21.9429;3.618802522481598;2.4513708270221146
-21.3125;-21.8286;3.618802522481598;2.4513708270221146
-21.0625;-21.9143;3.618802522481598;2.4513708270221146
-21.0;-21.8857;3.618802522481598;2.4513708270221146
-20.9375;-21.7714;3.618802522481598;2.4513708270221146
-21.0625;-21.6857;3.618802522481598;2.4513708270221146
-21.25;-21.7143;3.618802522481598;2.4513708270221146
-21.4375;-21.6571;3.618802522481598;2.4513708270221146
-21.6875;-21.5429;3.618802522481598;2.4513708270221146
-21.8125;-21.5143;3.618802522481598;2.4513708270221146
-21.5625;-21.4857;3.618802522481598;2.4513708270221146
-21.125;-21.5143;3.618802522481598;2.4513708270221146
-20.9375;-21.3143;3.618802522481598;2.4513708270221146
-20.875;-21.2857;3.618802522481598;2.4513708270221146
-20.5625;-21.2286;3.618802522481598;2.4513708270221146
-20.375;-21.2286;3.618802522481598;2.4513708270221146
-20.5;-21.0857;3.618802522481598;2.4513708270221146
-20.9375;-21.0;3.618802522481598;2.4513708270221146
-21.375;-21.0571;3.618802522481598;2.4513708270221146
-21.6875;-21.0571;3.618802522481598;2.4513708270221146
-21.8125;-20.8857;3.618802522481598;2.4513708270221146
-21.8125;-20.9143;3.618802522481598;2.4513708270221146
-21.75;-20.8571;3.618802522481598;2.4513708270221146
-21.8125;-20.7429;3.618802522481598;2.4513708270221146
-21.875;-20.7429;3.618802522481598;2.4513708270221146
-21.75;-20.5714;3.618802522481598;2.4513708270221146
-21.4375;-20.4857;3.618802522481598;2.4513708270221146
-21.1875;-20.4286;3.618802522481598;2.4513708270221146
-20.8125;-20.4286;3.618802522481598;2.4513708270221146
-20.4375;-20.2857;3.618802522481598;2.4513708270221146
-20.1875;-20.3429;3.618802522481598;2.4513708270221146
-20.1875;-20.4;3.618802522481598;2.4513708270221146
-20.3125;-20.3143;3.618802522481598;2.4513708270221146
-20.5;-20.4;3.618802522481598;2.4513708270221146
-20.4375;-20.2857;3.618802522481598;2.4513708270221146
-20.0625;-20.2571;3.618802522481598;2.4513708270221146
-19.5625;-20.1714;3.618802522481598;2.4513708270221146
-19.375;-20.0;3.618802522481598;2.4513708270221146
-19.375;-19.8571;3.618802522481598;2.4513708270221146
-19.3125;-20.0286;3.618802522481598;2.4513708270221146
-19.3125;-19.8571;3.618802522481598;2.4513708270221146
-19.375;-19.7714;3.618802522481598;2.4513708270221146
-19.3125;-19.7714;3.618802522481598;2.4513708270221146
-19.1875;-19.5714;3.618802522481598;2.4513708270221146
-19.0625;-19.6571;3.618802522481598;2.4513708270221146
-19.1875;-19.5714;3.618802522481598;2.4513708270221146
-19.125;-19.5143;3.618802522481598;2.4513708270221146
-18.625;-19.4857;3.618802522481598;2.4513708270221146
-18.3125;-19.3429;3.618802522481598;2.4513708270221146
-18.4375;-19.2571;3.618802522481598;2.4513708270221146
-18.8125;-19.2571;3.618802522481598;2.4513708270221146
-19.125;-19.1714;3.618802522481598;2.4513708270221146
-19.3125;-19.1429;3.618802522481598;2.4513708270221146
-19.3125;-19.1143;3.618802522481598;2.4513708270221146
-19.3125;-19.0286;3.618802522481598;2.4513708270221146
-19.375;-19.0286;3.618802522481598;2.4513708270221146
-19.375;-19.0286;3.618802522481598;2.4513708270221146
-19.0;-19.0286;3.618802522481598;2.4513708270221146
-18.1875;-19.0;3.618802522481598;2.4513708270221146
-17.625;-19.0286;3.618802522481598;2.4513708270221146
-17.5625;-18.8857;3.618802522481598;2.4513708270221146
-17.8125;-18.8;3.618802522481598;2.4513708270221146
-18.3125;-18.7429;3.618802522481598;2.4513708270221146
-18.8125;-18.6857;3.618802522481598;2.4513708270221146
-18.9375;-18.6571;3.618802522481598;2.4513708270221146
-18.8125;-18.6286;3.618802522481598;2.4513708270221146
-18.5;-18.5714;3.618802522481598;2.4513708270221146
-18.125;-18.4;3.618802522481598;2.4513708270221146
-17.6875;-18.3714;3.618802522481598;2.4513708270221146
-17.5;-18.4;3.618802522481598;2.4513708270221146
-17.4375;-18.2286;3.618802522481598;2.4513708270221146
-17.375;-18.0857;3.618802522481598;2.4513708270221146
-17.4375;-18.0286;3.618802522481598;2.4513708270221146
-17.5;-17.9714;3.618802522481598;2.4513708270221146
-17.5625;-18.0286;3.618802522481598;2.4513708270221146
-17.5625;-17.8571;3.618802522481598;2.4513708270221146
-17.4375;-17.7714;3.618802522481598;2.4513708270221146
-17.375;-17.7143;3.618802522481598;2.4513708270221146
-17.3125;-17.7143;3.618802522481598;2.4513708270221146
-17.3125;-17.6571;3.618802522481598;2.4513708270221146
-17.125;-17.6857;3.618802522481598;2.4513708270221146
-16.9375;-17.6286;3.618802522481598;2.4513708270221146
-16.8125;-17.5714;3.618802522481598;2.4513708270221146
-16.6875;-17.5429;3.618802522481598;2.4513708270221146
-16.6875;-17.4857;3.618802522481598;2.4513708270221146
-16.6875;-17.4571;3.618802522481598;2.4513708270221146
-16.6875;-17.2286;3.618802522481598;2.4513708270221146
-16.6875;-17.2286;3.618802522481598;2.4513708270221146
-16.6875;-17.2286;3.618802522481598;2.4513708270221146
-16.8125;-17.1429;3.618802522481598;2.4513708270221146
-16.9375;-17.2;3.618802522481598;2.4513708270221146
-16.75;-17.1429;3.618802522481598;2.4513708270221146
-16.25;-16.9143;3.618802522481598;2.4513708270221146
-15.75;-16.9429;3.618802522481598;2.4513708270221146
-15.375;-16.8286;3.618802522481598;2.4513708270221146
-15.625;-16.7429;3.618802522481598;2.4513708270221146
-16.25;-16.7143;3.618802522481598;2.4513708270221146
-16.6875;-16.6571;3.618802522481598;2.4513708270221146
-16.75;-16.6286;3.618802522481598;2.4513708270221146
-16.6875;-16.6571;3.618802522481598;2.4513708270221146
-16.375;-16.4857;3.618802522481598;2.4513708270221146
-16.0625;-16.5143;3.618802522481598;2.4513708270221146
-15.75;-16.4571;3.618802522481598;2.4513708270221146
-15.5625;-16.3714;3.618802522481598;2.4513708270221146
-15.625;-16.3429;3.618802522481598;2.4513708270221146
-15.75;-16.2;3.618802522481598;2.4513708270221146
-15.6875;-16.1429;3.618802522481598;2.4513708270221146
-15.625;-16.0571;3.618802522481598;2.4513708270221146
-15.8125;-15.9143;3.618802522481598;2.4513708270221146
-15.875;-15.9143;3.618802522481598;2.4513708270221146
-15.8125;-15.8571;3.618802522481598;2.4513708270221146
-15.8125;-15.7429;3.618802522481598;2.4513708270221146
-15.8125;-15.7714;3.618802522481598;2.4513708270221146
-15.5625;-15.6286;3.618802522481598;2.4513708270221146
-15.3125;-15.6286;3.618802522481598;2.4513708270221146
-15.125;-15.6;3.618802522481598;2.4513708270221146
-15.0625;-15.4571;3.618802522481598;2.4513708270221146
-15.0625;-15.4857;3.618802522481598;2.4513708270221146
-15.0625;-15.4857;3.618802522481598;2.4513708270221146
-15.125;-15.3143;3.618802522481598;2.4513708270221146
-15.3125;-15.2857;3.618802522481598;2.4513708270221146
-15.5;-15.1714;3.618802522481598;2.4513708270221146
-15.625;-15.2;3.618802522481598;2.4513708270221146
-15.625;-15.2571;3.618802522481598;2.4513708270221146
-15.5;-15.1429;3.618802522481598;2.4513708270221146
-15.375;-15.0571;3.618802522481598;2.4513708270221146
-15.125;-14.9714;3.618802522481598;2.4513708270221146
-14.625;-14.8571;3.618802522481598;2.4513708270221146
-13.9375;-14.8571;3.618802522481598;2.4513708270221146
-13.4375;-14.8;3.618802522481598;2.4513708270221146
-13.3125;-14.8;3.618802522481598;2.4513708270221146
-13.625;-14.7143;3.618802522481598;2.4513708270221146
-14.0625;-14.6571;3.618802522481598;2.4513708270221146
-14.5625;-14.6286;3.618802522481598;2.4513708270221146
-15.0625;-14.5714;3.618802522481598;2.4513708270221146
-15.25;-14.5143;3.618802522481598;2.4513708270221146
-14.9375;-14.4571;3.618802522481598;2.4513708270221146
-14.25;-14.4286;3.618802522481598;2.4513708270221146
-13.625;-14.3714;3.618802522481598;2.4513708270221146
-13.5625;-14.4;3.618802522481598;2.4513708270221146
-14.1875;-14.3143;3.618802522481598;2.4513708270221146
-15.0;-14.3143;3.618802522481598;2.4513708270221146
-15.1875;-14.2857;3.618802522481598;2.4513708270221146
-14.6875;-14.2286;3.618802522481598;2.4513708270221146
-14.0;-14.1429;3.618802522481598;2.4513708270221146
-13.5;-14.0286;3.618802522481598;2.4513708270221146
-13.3125;-14.0286;3.618802522481598;2.4513708270221146
-13.25;-13.9143;3.618802522481598;2.4513708270221146
-13.25;-13.8857;3.618802522481598;2.4513708270221146
-13.3125;-13.8286;3.618802522481598;2.4513708270221146
-13.3125;-13.8;3.618802522481598;2.4513708270221146
-13.3125;-13.7143;3.618802522481598;2.4513708270221146
-13.4375;-13.6;3.618802522481598;2.4513708270221146
-13.6875;-13.6571;3.618802522481598;2.4513708270221146
-13.875;-13.5714;3.618802522481598;2.4513708270221146
-13.9375;-13.5429;3.618802522481598;2.4513708270221146
-13.875;-13.5143;3.618802522481598;2.4513708270221146
-13.5625;-13.5429;3.618802522481598;2.4513708270221146
-13.1875;-13.4286;3.618802522481598;2.4513708270221146
-13.125;-13.3714;3.618802522481598;2.4513708270221146
-13.5;-13.4;3.618802522481598;2.4513708270221146
-13.75;-13.3714;3.618802522481598;2.4513708270221146
-13.625;-13.3429;3.618802522481598;2.4513708270221146
-13.375;-13.2;3.618802522481598;2.4513708270221146
-13.1875;-13.1143;3.618802522481598;2.4513708270221146
-13.0625;-13.0571;3.618802522481598;2.4513708270221146
-12.9375;-13.0;3.618802522481598;2.4513708270221146
-12.625;-13.0;3.618802522481598;2.4513708270221146
-12.0;-12.9143;3.618802522481598;2.4513708270221146
-11.625;-12.8286;3.618802522481598;2.4513708270221146
-11.9375;-12.7429;3.618802522481598;2.4513708270221146
-12.5;-12.7429;3.618802522481598;2.4513708270221146
-12.875;-12.6857;3.618802522481598;2.4513708270221146
-13.0;-12.6857;3.618802522481598;2.4513708270221146
-12.9375;-12.5714;3.618802522481598;2.4513708270221146
-12.875;-12.5143;3.618802522481598;2.4513708270221146
-12.875;-12.4286;3.618802522481598;2.4513708270221146
-12.875;-12.4;3.618802522481598;2.4513708270221146
-12.9375;-12.4571;3.618802522481598;2.4513708270221146
-13.0;-12.4;3.618802522481598;2.4513708270221146
-13.0625;-12.3714;3.618802522481598;2.4513708270221146
-13.0625;-12.3429;3.618802522481598;2.4513708270221146
-13.0625;-12.2857;3.618802522481598;2.4513708270221146
-13.0;-12.2571;3.618802522481598;2.4513708270221146
-12.8125;-12.2286;3.618802522481598;2.4513708270221146
-12.4375;-12.1429;3.618802522481598;2.4513708270221146
-12.125;-12.0571;3.618802522481598;2.4513708270221146
-12.0;-12.0571;3.618802522481598;2.4513708270221146
-11.9375;-12.0;3.618802522481598;2.4513708270221146
-11.8125;-11.9143;3.618802522481598;2.4513708270221146
-11.5625;-11.9429;3.618802522481598;2.4513708270221146
-11.4375;-11.8857;3.618802522481598;2.4513708270221146
-11.6875;-11.9143;3.618802522481598;2.4513708270221146
-12.0625;-11.9143;3.618802522481598;2.4513708270221146
-12.125;-11.9429;3.618802522481598;2.4513708270221146
-11.75;-11.8;3.618802522481598;2.4513708270221146
-11.125;-11.8;3.618802522481598;2.4513708270221146
-10.5625;-11.7143;3.618802522481598;2.4513708270221146
-10.25;-11.6571;3.618802522481598;2.4513708270221146
-10.5;-11.7143;3.618802522481598;2.4513708270221146
-10.9375;-11.6;3.618802522481598;2.4513708270221146
-11.3125;-11.5714;3.618802522481598;2.4513708270221146
-11.6875;-11.4857;3.618802522481598;2.4513708270221146
-11.9375;-11.4857;3.618802522481598;2.4513708270221146
-12.25;-11.3714;3.618802522481598;2.4513708270221146
-12.375;-11.3714;3.618802522481598;2.4513708270221146
-12.0625;-11.2857;3.618802522481598;2.4513708270221146
-11.3125;-11.2857;3.618802522481598;2.4513708270221146
-10.5;-11.1429;3.618802522481598;2.4513708270221146
-10.0625;-11.0857;3.618802522481598;2.4513708270221146
-10.0;-11.0286;3.618802522481598;2.4513708270221146
-10.0625;-11.0286;3.618802522481598;2.4513708270221146
-10.1875;-11.0286;3.618802522481598;2.4513708270221146
-10.25;-10.9429;3.618802522481598;2.4513708270221146
-10.3125;-10.9143;3.618802522481598;2.4513708270221146
-10.4375;-10.9429;3.618802522481598;2.4513708270221146
-10.75;-10.8;3.618802522481598;2.4513708270221146
-10.8125;-10.8571;3.618802522481598;2.4513708270221146
-10.625;-10.8;3.618802522481598;2.4513708270221146
-10.1875;-10.7143;3.618802522481598;2.4513708270221146
-9.75;-10.7143;3.618802522481598;2.4513708270221146
-9.4375;-10.6571;3.618802522481598;2.4513708270221146
-9.3125;-10.6;3.618802522481598;2.4513708270221146
-9.25;-10.5143;3.618802522481598;2.4513708270221146
-9.0;-10.4857;3.618802522481598;2.4513708270221146
-8.875;-10.4286;3.618802522481598;2.4513708270221146
-8.9375;-10.4;3.618802522481598;2.4513708270221146
-9.1875;-10.3714;3.618802522481598;2.4513708270221146
-9.5625;-10.2857;3.618802522481598;2.4513708270221146
-10.125;-10.2571;3.618802522481598;2.4513708270221146
-10.375;-10.2857;3.618802522481598;2.4513708270221146
-10.1875;-10.2571;3.618802522481598;2.4513708270221146
-9.6875;-10.2;3.618802522481598;2.4513708270221146
-9.25;-10.1429;3.618802522481598;2.4513708270221146
-8.9375;-10.1143;3.618802522481598;2.4513708270221146
-8.9375;-10.0857;3.618802522481598;2.4513708270221146
-9.1875;-10.0286;3.618802522481598;2.4513708270221146
-9.375;-9.9714;3.618802522481598;2.4513708270221146
-9.25;-9.9429;3.618802522481598;2.4513708270221146
-8.9375;-9.9143;3.618802522481598;2.4513708270221146
-8.625;-9.8857;3.618802522481598;2.4513708270221146
-8.4375;-9.8571;3.618802522481598;2.4513708270221146
-8.375;-9.7714;3.618802522481598;2.4513708270221146
-8.375;-9.7429;3.618802522481598;2.4513708270221146
-8.375;-9.6857;3.618802522481598;2.4513708270221146
-8.375;-9.6571;3.618802522481598;2.4513708270221146
-8.375;-9.5714;3.618802522481598;2.4513708270221146
-8.375;-9.5714;3.618802522481598;2.4513708270221146
-8.5625;-9.5143;3.618802522481598;2.4513708270221146
-8.875;-9.4571;3.618802522481598;2.4513708270221146
-9.1875;-9.4;3.618802522481598;2.4513708270221146
-9.125;-9.3714;3.618802522481598;2.4513708270221146
-8.875;-9.3143;3.618802522481598;2.4513708270221146
-8.625;-9.3143;3.618802522481598;2.4513708270221146
-8.4375;-9.2571;3.618802522481598;2.4513708270221146
-8.3125;-9.1429;3.618802522481598;2.4513708270221146
-8.375;-9.1429;3.618802522481598;2.4513708270221146
-8.5;-9.1429;3.618802522481598;2.4513708270221146
-8.8125;-9.0571;3.618802522481598;2.4513708270221146
-9.0625;-8.9714;3.618802522481598;2.4513708270221146
-9.0;-8.9714;3.618802522481598;2.4513708270221146
-8.75;-8.9429;3.618802522481598;2.4513708270221146
-8.4375;-8.8857;3.618802522481598;2.4513708270221146
-8.375;-8.8857;3.618802522481598;2.4513708270221146
-8.5625;-8.8286;3.618802522481598;2.4513708270221146
-8.625;-8.7714;3.618802522481598;2.4513708270221146
-8.3125;-8.7143;3.618802522481598;2.4513708270221146
-7.6875;-8.6857;3.618802522481598;2.4513708270221146
-7.25;-8.6286;3.618802522481598;2.4513708270221146
-7.1875;-8.6;3.618802522481598;2.4513708270221146
-7.5;-8.5714;3.618802522481598;2.4513708270221146
-8.0625;-8.5429;3.618802522481598;2.4513708270221146
-8.625;-8.4857;3.618802522481598;2.4513708270221146
-9.0625;-8.4571;3.618802522481598;2.4513708270221146
-9.3125;-8.4286;3.618802522481598;2.4513708270221146
-9.3125;-8.3429;3.618802522481598;2.4513708270221146
-9.3125;-8.3143;3.618802522481598;2.4513708270221146
-9.25;-8.2857;3.618802522481598;2.4513708270221146
-9.25;-8.2857;3.618802522481598;2.4513708270221146
-9.125;-8.2571;3.618802522481598;2.4513708270221146
-8.9375;-8.2;3.618802522481598;2.4513708270221146
-8.6875;-8.1429;3.618802522481598;2.4513708270221146
-8.25;-8.1429;3.618802522481598;2.4513708270221146
-7.8125;-8.0857;3.618802522481598;2.4513708270221146
-7.375;-8.0;3.618802522481598;2.4513708270221146
-6.875;-8.0;3.618802522481598;2.4513708270221146
-6.4375;-7.9714;3.618802522481598;2.4513708270221146
-6.3125;-7.9714;3.618802522481598;2.4513708270221146
-6.625;-7.8857;3.618802522481598;2.4513708270221146
-7.0;-7.8286;3.618802522481598;2.4513708270221146
-7.3125;-7.8286;3.618802522481598;2.4513708270221146
-7.5;-7.7429;3.618802522481598;2.4513708270221146
-7.625;-7.7143;3.618802522481598;2.4513708270221146
-7.625;-7.6571;3.618802522481598;2.4513708270221146
-7.375;-7.6286;3.618802522481598;2.4513708270221146
-6.875;-7.5714;3.618802522481598;2.4513708270221146
-6.625;-7.5429;3.618802522481598;2.4513708270221146
-6.6875;-7.4857;3.618802522481598;2.4513708270221146
-6.9375;-7.5143;3.618802522481598;2.4513708270221146
-7.1875;-7.4571;3.618802522481598;2.4513708270221146
-7.0625;-7.4571;3.618802522481598;2.4513708270221146
-6.625;-7.4;3.618802522481598;2.4513708270221146
-6.375;-7.2857;3.618802522481598;2.4513708270221146
-6.4375;-7.3143;3.618802522481598;2.4513708270221146
-6.6875;-7.2571;3.618802522481598;2.4513708270221146
-6.625;-7.2571;3.618802522481598;2.4513708270221146
-6.375;-7.2857;3.618802522481598;2.4513708270221146
-6.1875;-7.2;3.618802522481598;2.4513708270221146
-6.0625;-7.1714;3.618802522481598;2.4513708270221146
-6.0;-7.1429;3.618802522481598;2.4513708270221146
-6.0;-7.0857;3.618802522481598;2.4513708270221146
-6.125;-7.0286;3.618802522481598;2.4513708270221146
-6.375;-6.9143;3.618802522481598;2.4513708270221146
-6.5625;-6.8857;3.618802522481598;2.4513708270221146
-6.5625;-6.8857;3.618802522481598;2.4513708270221146
-6.4375;-6.8857;3.618802522481598;2.4513708270221146
-6.1875;-6.8286;3.618802522481598;2.4513708270221146
-5.9375;-6.7429;3.618802522481598;2.4513708270221146
-5.875;-6.7143;3.618802522481598;2.4513708270221146
-5.875;-6.7143;3.618802522481598;2.4513708270221146
-5.875;-6.6571;3.618802522481598;2.4513708270221146
-5.875;-6.5714;3.618802522481598;2.4513708270221146
-5.875;-6.6;3.618802522481598;2.4513708270221146
-5.9375;-6.4857;3.618802522481598;2.4513708270221146
-6.0625;-6.4857;3.618802522481598;2.4513708270221146
-5.9375;-6.4571;3.618802522481598;2.4513708270221146
-5.875;-6.4571;3.618802522481598;2.4513708270221146
-5.9375;-6.3143;3.618802522481598;2.4513708270221146
-6.25;-6.3143;3.618802522481598;2.4513708270221146
-6.5;-6.2571;3.618802522481598;2.4513708270221146
-6.5625;-6.2571;3.618802522481598;2.4513708270221146
-6.3125;-6.2;3.618802522481598;2.4513708270221146
-5.9375;-6.1429;3.618802522481598;2.4513708270221146
-5.5;-6.1429;3.618802522481598;2.4513708270221146
-5.125;-6.1143;3.618802522481598;2.4513708270221146
-4.875;-6.1143;3.618802522481598;2.4513708270221146
-4.6875;-6.0286;3.618802522481598;2.4513708270221146
-4.6875;-6.0;3.618802522481598;2.4513708270221146
-4.8125;-5.9143;3.618802522481598;2.4513708270221146
-4.875;-5.8857;3.618802522481598;2.4513708270221146
-4.9375;-5.8;3.618802522481598;2.4513708270221146
-5.0;-5.7714;3.618802522481598;2.4513708270221146
-5.0;-5.7714;3.618802522481598;2.4513708270221146
-5.0625;-5.6857;3.618802522481598;2.4513708270221146
-5.125;-5.6571;3.618802522481598;2.4513708270221146
-5.0625;-5.6857;3.618802522481598;2.4513708270221146
-5.1875;-5.6286;3.618802522481598;2.4513708270221146
-5.375;-5.5714;3.618802522481598;2.4513708270221146
-5.4375;-5.5429;3.618802522481598;2.4513708270221146
-5.25;-5.5429;3.618802522481598;2.4513708270221146
-4.75;-5.5143;3.618802522481598;2.4513708270221146
-3.9375;-5.4857;3.618802522481598;2.4513708270221146
-3.4375;-5.4571;3.618802522481598;2.4513708270221146
-3.6875;-5.4286;3.618802522481598;2.4513708270221146
-4.375;-5.2857;3.618802522481598;2.4513708270221146
-5.0625;-5.3143;3.618802522481598;2.4513708270221146
-5.25;-5.2857;3.618802522481598;2.4513708270221146
-5.0625;-5.2;3.618802522481598;2.4513708270221146
-4.75;-5.2;3.618802522481598;2.4513708270221146
-4.5;-5.1714;3.618802522481598;2.4513708270221146
-4.375;-5.1429;3.618802522481598;2.4513708270221146
-4.4375;-5.1143;3.618802522481598;2.4513708270221146
-4.5625;-5.0857;3.618802522481598;2.4513708270221146
-4.625;-5.0571;3.618802522481598;2.4513708270221146
-4.5625;-5.0286;3.618802522481598;2.4513708270221146
-4.4375;-5.0;3.618802522481598;2.4513708270221146
-4.375;-4.9143;3.618802522481598;2.4513708270221146
-4.375;-4.8857;3.618802522481598;2.4513708270221146
-4.25;-4.8571;3.618802522481598;2.4513708270221146
-4.1875;-4.8286;3.618802522481598;2.4513708270221146
-4.125;-4.8;3.618802522481598;2.4513708270221146
-4.125;-4.8;3.618802522481598;2.4513708270221146
-4.125;-4.7714;3.618802522481598;2.4513708270221146
-4.125;-4.6857;3.618802522481598;2.4513708270221146
-4.125;-4.7429;3.618802522481598;2.4513708270221146
-4.25;-4.6571;3.618802522481598;2.4513708270221146
-4.5;-4.5714;3.618802522481598;2.4513708270221146
-4.625;-4.6;3.618802522481598;2.4513708270221146
-4.5625;-4.6;3.618802522481598;2.4513708270221146
-4.5;-4.5143;3.618802522481598;2.4513708270221146
-4.5;-4.4571;3.618802522481598;2.4513708270221146
-4.3125;-4.5143;3.618802522481598;2.4513708270221146
-3.9375;-4.4571;3.618802522481598;2.4513708270221146
-3.5625;-4.4571;3.618802522481598;2.4513708270221146
-3.4375;-4.3714;3.618802522481598;2.4513708270221146
-3.4375;-4.3429;3.618802522481598;2.4513708270221146
-3.375;-4.2857;3.618802522481598;2.4513708270221146
-3.375;-4.2857;3.618802522481598;2.4513708270221146
-3.4375;-4.2571;3.618802522481598;2.4513708270221146
-3.375;-4.2;3.618802522481598;2.4513708270221146
-3.1875;-4.2;3.618802522481598;2.4513708270221146
-3.25;-4.1714;3.618802522481598;2.4513708270221146
-3.375;-4.0857;3.618802522481598;2.4513708270221146
-3.5;-4.1143;3.618802522481598;2.4513708270221146
-3.625;-4.0;3.618802522481598;2.4513708270221146
-3.3125;-4.0;3.618802522481598;2.4513708270221146
-2.5625;-3.9714;3.618802522481598;2.4513708270221146
-2.375;-3.9143;3.618802522481598;2.4513708270221146
-2.8125;-3.8571;3.618802522481598;2.4513708270221146
-3.25;-3.7714;3.618802522481598;2.4513708270221146
-3.5625;-3.7429;3.618802522481598;2.4513708270221146
-3.8125;-3.6286;3.618802522481598;2.4513708270221146
-4.0;-3.5429;3.618802522481598;2.4513708270221146
-4.125;-3.5429;3.618802522481598;2.4513708270221146
-4.1875;-3.3429;3.618802522481598;2.4513708270221146
-4.1875;-3.2857;3.618802522481598;2.4513708270221146
-4.1875;-3.2;3.618802522481598;2.4513708270221146
-4.0;-3.1143;3.618802522481598;2.4513708270221146
-3.625;-2.9143;3.618802522481598;2.4513708270221146
-2.9375;-2.7714;3.618802522481598;2.4513708270221146
-1.8125;-2.6857;3.618802522481598;2.4513708270221146
-1.0625;-2.4;3.618802522481598;2.4513708270221146
-1.0625;-2.1714;3.618802522481598;2.4513708270221146
-0.8125;-1.9143;3.618802522481598;2.4513708270221146
-0.375;-1.6286;3.618802522481598;2.4513708270221146
-0.1875;-1.3143;3.618802522481598;2.4513708270221146
-0.0625;-0.8857;3.618802522481598;2.4513708270221146
0.25;-0.2857;3.618802522481598;2.4513708270221146
0.625;0.1429;3.618802522481598;2.4513708270221146
0.875;0.6857;3.618802522481598;2.4513708270221146
0.875;1.2;3.618802522481598;2.4513708270221146
1.125;1.7429;3.618802522481598;2.4513708270221146
1.6875;2.3429;3.618802522481598;2.4513708270221146
1.9375;2.8;3.618802522481598;2.4513708270221146
1.6875;3.3429;3.618802522481598;2.4513708270221146
1.4375;3.8286;3.618802522481598;2.4513708270221146
1.875;4.4;3.618802522481598;2.4513708270221146
2.8125;4.8571;3.618802522481598;2.4513708270221146
3.625;5.4;3.618802522481598;2.4513708270221146
4.125;6.0857;3.618802522481598;2.4513708270221146
4.5625;6.8286;3.618802522481598;2.4513708270221146
5.1875;7.4286;3.618802522481598;2.4513708270221146
6.1875;8.1429;3.618802522481598;2.4513708270221146
7.3125;8.8857;3.618802522481598;2.4513708270221146
8.25;9.6286;3.618802522481598;2.4513708270221146
8.75;10.4571;3.618802522481598;2.4513708270221146
8.875;11.2;3.618802522481598;2.4513708270221146
8.875;12.0571;3.618802522481598;2.4513708270221146
8.8125;12.8571;3.618802522481598;2.4513708270221146
8.8125;13.6286;3.618802522481598;2.4513708270221146
9.5;14.4571;3.618802522481598;2.4513708270221146
11.25;15.2571;3.618802522481598;2.4513708270221146
13.3125;16.0571;3.618802522481598;2.4513708270221146
14.875;16.8571;3.618802522481598;2.4513708270221146
15.8125;17.7143;3.618802522481598;2.4513708270221146
16.5625;18.5143;3.618802522481598;2.4513708270221146
17.1875;19.2857;3.618802522481598;2.4513708270221146
17.75;20.1714;3.618802522481598;2.4513708270221146
18.4375;21.0;3.618802522481598;2.4513708270221146
19.1875;21.8;3.618802522481598;2.4513708270221146
20.0;22.5429;3.618802522481598;2.4513708270221146
20.75;23.4857;3.618802522481598;2.4513708270221146
21.375;24.2286;3.618802522481598;2.4513708270221146
22.0625;25.1143;3.618802522481598;2.4513708270221146
22.75;25.6571;3.618802522481598;2.4513708270221146
23.4375;26.5143;3.618802522481598;2.4513708270221146
24.125;27.2857;3.618802522481598;2.4513708270221146
24.5625;28.0857;3.618802522481598;2.4513708270221146
25.0;28.9143;3.618802522481598;2.4513708270221146
25.5625;29.4857;3.618802522481598;2.4513708270221146
26.25;30.2857;3.618802522481598;2.4513708270221146
26.9375;31.0286;3.618802522481598;2.4513708270221146
27.625;31.6857;3.618802522481598;2.4513708270221146
28.3125;32.2571;3.618802522481598;2.4513708270221146
29.0;32.9714;3.618802522481598;2.4513708270221146
29.5625;33.7143;3.618802522481598;2.4513708270221146
29.875;34.5143;3.618802522481598;2.4513708270221146
30.0625;35.1143;3.618802522481598;2.4513708270221146
30.0625;35.7429;3.618802522481598;2.4513708270221146
30.0625;36.4;3.618802522481598;2.4513708270221146
30.0;37.1429;3.618802522481598;2.4513708270221146
30.0625;38.0;3.618802522481598;2.4513708270221146
30.625;38.5714;3.618802522481598;2.4513708270221146
32.0;39.3143;3.618802522481598;2.4513708270221146
33.6875;39.9714;3.618802522481598;2.4513708270221146
35.0625;40.4286;3.618802522481598;2.4513708270221146
35.9375;41.1714;3.618802522481598;2.4513708270221146
36.5;41.6571;3.618802522481598;2.4513708270221146
36.875;42.3714;3.618802522481598;2.4513708270221146
37.25;43.0286;3.618802522481598;2.4513708270221146
37.6875;43.9429;3.618802522481598;2.4513708270221146
38.1875;44.4286;3.618802522481598;2.4513708270221146
38.6875;45.0286;3.618802522481598;2.4513708270221146
39.3125;45.7429;3.618802522481598;2.4513708270221146
40.0625;46.6;3.618802522481598;2.4513708270221146
41.0;47.1429;3.618802522481598;2.4513708270221146
42.0;47.4;3.618802522481598;2.4513708270221146
43.0;48.1429;3.618802522481598;2.4513708270221146
43.75;48.7429;3.618802522481598;2.4513708270221146
44.1875;49.5143;3.618802522481598;2.4513708270221146
44.5;50.3429;3.618802522481598;2.4513708270221146
44.9375;51.0857;3.618802522481598;2.4513708270221146
45.3125;51.6571;3.618802522481598;2.4513708270221146
45.625;52.3714;3.618802522481598;2.4513708270221146
46.0;52.6857;3.618802522481598;2.4513708270221146
46.6875;53.4;3.618802522481598;2.4513708270221146
47.625;53.4286;3.618802522481598;2.4513708270221146
48.3125;53.8286;3.618802522481598;2.4513708270221146
48.625;54.6;3.618802522481598;2.4513708270221146
48.6875;55.2286;3.618802522481598;2.4513708270221146
48.625;56.2857;3.618802522481598;2.4513708270221146
48.5625;57.0286;3.618802522481598;2.4513708270221146
48.5625;57.6;3.618802522481598;2.4513708270221146
48.5625;57.7143;3.618802522481598;2.4513708270221146
49.0625;57.6286;3.618802522481598;2.4513708270221146
50.3125;58.6286;3.618802522481598;2.4513708270221146
51.875;59.0857;3.618802522481598;2.4513708270221146
53.1875;59.4;3.618802522481598;2.4513708270221146
54.0;59.9714;3.618802522481598;2.4513708270221146
54.25;60.7714;3.618802522481598;2.4513708270221146
54.375;61.5143;3.618802522481598;2.4513708270221146
54.75;62.1714;3.618802522481598;2.4513708270221146
55.1875;62.6;3.618802522481598;2.4513708270221146
55.6875;63.1714;3.618802522481598;2.4513708270221146
56.25;63.2857;3.618802522481598;2.4513708270221146
56.8125;63.8;3.618802522481598;2.4513708270221146
57.3125;64.6;3.618802522481598;2.4513708270221146
57.875;64.7429;3.618802522481598;2.4513708270221146
58.4375;65.4;3.618802522481598;2.4513708270221146
58.875;65.9429;3.618802522481598;2.4513708270221146
59.25;66.1714;3.618802522481598;2.4513708270221146
59.6875;66.6286;3.618802522481598;2.4513708270221146
60.1875;67.4857;3.618802522481598;2.4513708270221146
60.5;68.0857;3.618802522481598;2.4513708270221146
60.6875;68.7429;3.618802522481598;2.4513708270221146
60.9375;69.1714;3.618802522481598;2.4513708270221146
61.25;69.6571;3.618802522481598;2.4513708270221146
61.6875;69.8857;3.618802522481598;2.4513708270221146
62.375;70.1714;3.618802522481598;2.4513708270221146
63.3125;70.7143;3.618802522481598;2.4513708270221146
64.0625;71.1714;3.618802522481598;2.4513708270221146
64.5;71.3429;3.618802522481598;2.4513708270221146
64.625;72.6286;3.618802522481598;2.4513708270221146
64.625;73.1429;3.618802522481598;2.4513708270221146
64.5625;74.0571;3.618802522481598;2.4513708270221146
64.4375;75.1429;3.618802522481598;2.4513708270221146
64.5625;74.9429;3.618802522481598;2.4513708270221146
65.375;74.7429;3.618802522481598;2.4513708270221146
66.875;75.9429;3.618802522481598;2.4513708270221146
68.1875;75.6;3.618802522481598;2.4513708270221146
69.0625;76.1429;3.618802522481598;2.4513708270221146
69.375;76.0571;3.618802522481598;2.4513708270221146
69.375;76.4857;3.618802522481598;2.4513708270221146
69.6875;78.1714;3.618802522481598;2.4513708270221146
70.25;78.4571;3.618802522481598;2.4513708270221146
71.125;79.1714;3.618802522481598;2.4513708270221146
72.0625;79.3714;3.618802522481598;2.4513708270221146
72.875;78.5714;3.618802522481598;2.4513708270221146
73.1875;79.4571;3.618802522481598;2.4513708270221146
73.375;80.4571;3.618802522481598;2.4513708270221146
73.6875;80.3429;3.618802522481598;2.4513708270221146
74.125;80.9714;3.618802522481598;2.4513708270221146
74.5;81.0571;3.618802522481598;2.4513708270221146
74.75;81.5143;3.618802522481598;2.4513708270221146
75.125;81.2571;3.618802522481598;2.4513708270221146
75.4375;81.6;3.618802522481598;2.4513708270221146
75.1875;82.2286;3.618802522481598;2.4513708270221146
74.6875;81.4857;3.618802522481598;2.4513708270221146
74.6875;83.2571;3.618802522481598;2.4513708270221146
75.125;83.9714;3.618802522481598;2.4513708270221146
75.9375;83.8857;3.618802522481598;2.4513708270221146
77.0625;83.4;3.618802522481598;2.4513708270221146
78.0;83.8;3.618802522481598;2.4513708270221146
78.5;85.0571;3.618802522481598;2.4513708270221146
78.625;86.1143;3.618802522481598;2.4513708270221146
78.625;86.3143;3.618802522481598;2.4513708270221146
78.5625;87.5714;3.618802522481598;2.4513708270221146
78.4375;87.3429;3.618802522481598;2.4513708270221146
78.375;87.7143;3.618802522481598;2.4513708270221146
79.0625;87.6857;3.618802522481598;2.4513708270221146
80.3125;87.0857;3.618802522481598;2.4513708270221146
81.125;87.4;3.618802522481598;2.4513708270221146
81.375;88.3429;3.618802522481598;2.4513708270221146
81.5625;87.6286;3.618802522481598;2.4513708270221146
82.1875;88.4571;3.618802522481598;2.4513708270221146
82.875;88.8;3.618802522481598;2.4513708270221146
83.4375;89.2286;3.618802522481598;2.4513708270221146
83.6875;89.0571;3.618802522481598;2.4513708270221146
83.9375;90.3429;3.618802522481598;2.4513708270221146
84.375;90.2857;3.618802522481598;2.4513708270221146
84.8125;91.2286;3.618802522481598;2.4513708270221146
85.1875;91.6;3.618802522481598;2.4513708270221146
85.4375;91.2571;3.618802522481598;2.4513708270221146
85.5;92.2571;3.618802522481598;2.4513708270221146
85.5;91.9429;3.618802522481598;2.4513708270221146
85.75;92.2571;3.618802522481598;2.4513708270221146
86.3125;93.6;3.618802522481598;2.4513708270221146
87.125;94.9143;3.618802522481598;2.4513708270221146
87.8125;94.9143;3.618802522481598;2.4513708270221146
88.5;94.6286;3.618802522481598;2.4513708270221146
89.25;94.6286;3.618802522481598;2.4513708270221146
89.9375;95.2;3.618802522481598;2.4513708270221146
90.5625;95.4;3.618802522481598;2.4513708270221146
90.875;93.8571;3.618802522481598;2.4513708270221146
90.9375;93.8571;3.618802522481598;2.4513708270221146
90.875;95.0857;3.618802522481598;2.4513708270221146
90.8125;96.3714;3.618802522481598;2.4513708270221146
90.8125;97.6286;3.618802522481598;2.4513708270221146
90.75;98.1143;3.618802522481598;2.4513708270221146
90.8125;97.7714;3.618802522481598;2.4513708270221146
91.0625;95.9143;3.618802522481598;2.4513708270221146
91.5625;96.2857;3.618802522481598;2.4513708270221146
92.0625;96.2286;3.618802522481598;2.4513708270221146
92.375;99.1429;3.618802522481598;2.4513708270221146
92.75;99.5143;3.618802522481598;2.4513708270221146
93.125;100.1714;3.618802522481598;2.4513708270221146
93.5;99.8857;3.618802522481598;2.4513708270221146
94.0;100.2;3.618802522481598;2.4513708270221146
94.3125;99.5143;3.618802522481598;2.4513708270221146
94.5;100.9714;3.618802522481598;2.4513708270221146
94.8125;99.0;3.618802522481598;2.4513708270221146
95.0625;101.7429;3.618802522481598;2.4513708270221146
95.3125;103.2;3.618802522481598;2.4513708270221146
95.9375;103.1429;3.618802522481598;2.4513708270221146
96.8125;100.7714;3.618802522481598;2.4513708270221146
97.375;103.1143;3.618802522481598;2.4513708270221146
97.1875;102.4857;3.618802522481598;2.4513708270221146
96.625;103.2571;3.618802522481598;2.4513708270221146
96.4375;103.0;3.618802522481598;2.4513708270221146
96.6875;103.8857;3.618802522481598;2.4513708270221146
96.9375;102.6571;3.618802522481598;2.4513708270221146
97.125;104.4571;3.618802522481598;2.4513708270221146
97.4375;106.1143;3.618802522481598;2.4513708270221146
98.0;105.8;3.618802522481598;2.4513708270221146
98.6875;105.7143;3.618802522481598;2.4513708270221146
98.9375;105.5714;3.618802522481598;2.4513708270221146
98.9375;105.5143;3.618802522481598;2.4513708270221146
98.75;106.0857;3.618802522481598;2.4513708270221146
98.625;106.6286;3.618802522481598;2.4513708270221146
98.5625;105.8857;3.618802522481598;2.4513708270221146
98.5625;107.2857;3.618802522481598;2.4513708270221146
98.875;106.6;3.618802522481598;2.4513708270221146
99.75;107.6;3.618802522481598;2.4513708270221146
100.5625;107.6571;3.618802522481598;2.4513708270221146
101.0625;106.4571;3.618802522481598;2.4513708270221146
101.0;108.5714;3.618802522481598;2.4513708270221146
100.6875;107.1714;3.618802522481598;2.4513708270221146
100.5625;108.4;3.618802522481598;2.4513708270221146
100.75;109.4571;3.618802522481598;2.4513708270221146
101.6875;108.7714;3.618802522481598;2.4513708270221146
103.1875;109.4857;3.618802522481598;2.4513708270221146
104.6875;111.1429;3.618802522481598;2.4513708270221146
105.625;110.4;3.618802522481598;2.4513708270221146
105.75;108.4571;3.618802522481598;2.4513708270221146
105.25;109.1143;3.618802522481598;2.4513708270221146
104.5625;111.6286;3.618802522481598;2.4513708270221146
104.375;111.0;3.618802522481598;2.4513708270221146
104.625;110.4571;3.618802522481598;2.4513708270221146
105.0;108.8;3.618802522481598;2.4513708270221146
105.5625;111.8857;3.618802522481598;2.4513708270221146
106.0625;112.7429;3.618802522481598;2.4513708270221146
106.375;112.3429;3.618802522481598;2.4513708270221146
106.5625;112.3714;3.618802522481598;2.4513708270221146
106.625;112.4286;3.618802522481598;2.4513708270221146
106.4375;113.1143;3.618802522481598;2.4513708270221146
106.125;111.8857;3.618802522481598;2.4513708270221146
105.6875;111.3714;3.618802522481598;2.4513708270221146
104.75;112.0571;3.618802522481598;2.4513708270221146
103.5625;112.9143;3.618802522481598;2.4513708270221146
102.6875;112.2857;3.618802522481598;2.4513708270221146
102.375;113.2571;3.618802522481598;2.4513708270221146
102.25;113.7714;3.618802522481598;2.4513708270221146
102.3125;114.1143;3.618802522481598;2.4513708270221146
102.6875;112.9714;3.618802522481598;2.4513708270221146
103.5625;112.8;3.618802522481598;2.4513708270221146
104.5625;115.6286;3.618802522481598;2.4513708270221146
105.75;116.0286;3.618802522481598;2.4513708270221146
106.9375;115.4571;3.618802522481598;2.4513708270221146
107.8125;116.0571;3.618802522481598;2.4513708270221146
108.25;116.3429;3.618802522481598;2.4513708270221146
108.4375;115.2571;3.618802522481598;2.4513708270221146
108.375;114.6;3.618802522481598;2.4513708270221146
107.8125;117.3714;3.618802522481598;2.4513708270221146
107.5625;117.2857;3.618802522481598;2.4513708270221146
108.1875;118.2;3.618802522481598;2.4513708270221146
109.5;117.9714;3.618802522481598;2.4513708270221146
110.875;118.1143;3.618802522481598;2.4513708270221146
111.9375;117.8286;3.618802522481598;2.4513708270221146
112.5;118.9143;3.618802522481598;2.4513708270221146
112.5;118.5714;3.618802522481598;2.4513708270221146
111.5625;118.8857;3.618802522481598;2.4513708270221146
110.1875;117.9143;3.618802522481598;2.4513708270221146
109.3125;119.2286;3.618802522481598;2.4513708270221146
109.25;119.4;3.618802522481598;2.4513708270221146
109.625;118.8286;3.618802522481598;2.4513708270221146
109.9375;119.4857;3.618802522481598;2.4513708270221146
110.4375;119.2857;3.618802522481598;2.4513708270221146
111.1875;119.9429;3.618802522481598;2.4513708270221146
112.0625;119.2571;3.618802522481598;2.4513708270221146
112.6875;118.7143;3.618802522481598;2.4513708270221146
112.875;118.3429;3.618802522481598;2.4513708270221146
112.875;119.0571;3.618802522481598;2.4513708270221146
112.8125;120.0857;3.618802522481598;2.4513708270221146
112.75;118.9143;3.618802522481598;2.4513708270221146
112.75;121.2571;3.618802522481598;2.4513708270221146
112.6875;118.2857;3.618802522481598;2.4513708270221146
112.4375;119.5429;3.618802522481598;2.4513708270221146
111.9375;120.2857;3.618802522481598;2.4513708270221146
111.625;120.3714;3.618802522481598;2.4513708270221146
111.625;123.0857;3.618802522481598;2.4513708270221146
112.0625;121.8;3.618802522481598;2.4513708270221146
112.75;122.4857;3.618802522481598;2.4513708270221146
113.3125;122.6;3.618802522481598;2.4513708270221146
113.375;122.6;3.618802522481598;2.4513708270221146
113.3125;124.1143;3.618802522481598;2.4513708270221146
113.75;123.4571;3.618802522481598;2.4513708270221146
114.5625;123.5714;3.618802522481598;2.4513708270221146
115.25;123.3429;3.618802522481598;2.4513708270221146
115.6875;123.6857;3.618802522481598;2.4513708270221146
116.1875;124.4857;3.618802522481598;2.4513708270221146
116.625;124.7714;3.618802522481598;2.4513708270221146
116.5;123.8571;3.618802522481598;2.4513708270221146
115.625;124.4857;3.618802522481598;2.4513708270221146
114.8125;124.4;3.618802522481598;2.4513708270221146
114.6875;124.4571;3.618802522481598;2.4513708270221146
114.75;126.1714;3.618802522481598;2.4513708270221146
115.0625;125.8857;3.618802522481598;2.4513708270221146
115.625;125.4;3.618802522481598;2.4513708270221146
116.0;125.4571;3.618802522481598;2.4513708270221146
116.625;125.2571;3.618802522481598;2.4513708270221146
117.4375;125.8857;3.618802522481598;2.4513708270221146
117.9375;126.0571;3.618802522481598;2.4513708270221146
118.125;126.4286;3.618802522481598;2.4513708270221146
118.0625;126.1429;3.618802522481598;2.4513708270221146
118.0;126.1143;3.618802522481598;2.4513708270221146
117.9375;126.2286;3.618802522481598;2.4513708270221146
117.875;126.5714;3.618802522481598;2.4513708270221146
117.875;125.5143;3.618802522481598;2.4513708270221146
117.875;126.5143;3.618802522481598;2.4513708270221146
118.0625;126.4857;3.618802522481598;2.4513708270221146
118.25;126.9429;3.618802522481598;2.4513708270221146
118.375;127.4857;3.618802522481598;2.4513708270221146
118.5625;128.4571;3.618802522481598;2.4513708270221146
118.75;128.5429;3.618802522481598;2.4513708270221146
118.5625;128.0286;3.618802522481598;2.4513708270221146
117.875;128.1714;3.618802522481598;2.4513708270221146
117.125;127.9714;3.618802522481598;2.4513708270221146
116.8125;127.7714;3.618802522481598;2.4513708270221146
116.6875;128.4;3.618802522481598;2.4513708270221146
116.5625;128.2571;3.618802522481598;2.4513708270221146
116.5;127.5429;3.618802522481598;2.4513708270221146
116.8125;127.5143;3.618802522481598;2.4513708270221146
117.5625;128.3714;3.618802522481598;2.4513708270221146
118.1875;128.9143;3.618802522481598;2.4513708270221146
118.625;128.8;3.618802522481598;2.4513708270221146
119.0625;128.8571;3.618802522481598;2.4513708270221146
119.5;129.2;3.618802522481598;2.4513708270221146
119.8125;128.5714;3.618802522481598;2.4513708270221146
119.9375;129.6571;3.618802522481598;2.4513708270221146
120.0625;129.4;3.618802522481598;2.4513708270221146
120.3125;130.0286;3.618802522481598;2.4513708270221146
120.25;130.0857;3.618802522481598;2.4513708270221146
120.0;129.7143;3.618802522481598;2.4513708270221146
120.0;130.8571;3.618802522481598;2.4513708270221146
120.375;130.6571;3.618802522481598;2.4513708270221146
120.625;130.4286;3.618802522481598;2.4513708270221146
120.8125;131.3143;3.618802522481598;2.4513708270221146
120.875;131.0857;3.618802522481598;2.4513708270221146
120.875;130.8286;3.618802522481598;2.4513708270221146
120.875;130.9429;3.618802522481598;2.4513708270221146
120.875;131.6571;3.618802522481598;2.4513708270221146
120.9375;132.0;3.618802522481598;2.4513708270221146
121.125;132.1714;3.618802522481598;2.4513708270221146
121.5625;131.3714;3.618802522481598;2.4513708270221146
121.8125;131.7714;3.618802522481598;2.4513708270221146
121.5625;131.5714;3.618802522481598;2.4513708270221146
121.1875;133.1714;3.618802522481598;2.4513708270221146
121.0625;133.4571;3.618802522481598;2.4513708270221146
121.25;133.0;3.618802522481598;2.4513708270221146
121.4375;132.4286;3.618802522481598;2.4513708270221146
121.6875;132.8571;3.618802522481598;2.4513708270221146
121.875;133.0;3.618802522481598;2.4513708270221146
121.875;133.2857;3.618802522481598;2.4513708270221146
121.75;133.3143;3.618802522481598;2.4513708270221146
121.75;133.2;3.618802522481598;2.4513708270221146
121.9375;134.0571;3.618802522481598;2.4513708270221146
121.9375;134.4286;3.618802522481598;2.4513708270221146
122.0;134.5143;3.618802522481598;2.4513708270221146
122.6875;133.4286;3.618802522481598;2.4513708270221146
123.4375;133.3714;3.618802522481598;2.4513708270221146
123.4375;132.9714;3.618802522481598;2.4513708270221146
122.9375;133.0857;3.618802522481598;2.4513708270221146
122.0625;131.1429;3.618802522481598;2.4513708270221146
121.3125;131.3143;3.618802522481598;2.4513708270221146
121.0625;130.3143;3.618802522481598;2.4513708270221146
120.8125;130.8;3.618802522481598;2.4513708270221146
120.4375;130.5714;3.618802522481598;2.4513708270221146
120.25;130.1714;3.618802522481598;2.4513708270221146
120.125;130.3714;3.618802522481598;2.4513708270221146
120.125;129.9714;3.618802522481598;2.4513708270221146
120.125;129.6857;3.618802522481598;2.4513708270221146
120.125;129.3714;3.618802522481598;2.4513708270221146
120.125;127.5143;3.618802522481598;2.4513708270221146
119.5625;126.7143;3.618802522481598;2.4513708270221146
118.4375;126.5143;3.618802522481598;2.4513708270221146
117.6875;125.8857;3.618802522481598;2.4513708270221146
117.375;126.5143;3.618802522481598;2.4513708270221146
117.1875;125.6857;3.618802522481598;2.4513708270221146
116.5;124.9429;3.618802522481598;2.4513708270221146
115.6875;125.4571;3.618802522481598;2.4513708270221146
115.125;125.0286;3.618802522481598;2.4513708270221146
115.0625;124.0857;3.618802522481598;2.4513708270221146
115.5625;123.3143;3.618802522481598;2.4513708270221146
116.25;123.0857;3.618802522481598;2.4513708270221146
116.4375;123.2;3.618802522481598;2.4513708270221146
116.0;123.7429;3.618802522481598;2.4513708270221146
115.0625;123.6;3.618802522481598;2.4513708270221146
113.9375;122.9714;3.618802522481598;2.4513708270221146
113.0;122.4286;3.618802522481598;2.4513708270221146
112.75;121.0;3.618802522481598;2.4513708270221146
112.9375;121.5143;3.618802522481598;2.4513708270221146
112.875;121.0286;3.618802522481598;2.4513708270221146
112.875;121.0;3.618802522481598;2.4513708270221146
112.9375;120.2286;3.618802522481598;2.4513708270221146
112.625;120.0857;3.618802522481598;2.4513708270221146
112.1875;120.4571;3.618802522481598;2.4513708270221146
111.9375;120.1429;3.618802522481598;2.4513708270221146
111.8125;118.6286;3.618802522481598;2.4513708270221146
111.75;116.8286;3.618802522481598;2.4513708270221146
111.75;117.0571;3.618802522481598;2.4513708270221146
111.75;117.5714;3.618802522481598;2.4513708270221146
111.75;118.2286;3.618802522481598;2.4513708270221146
111.75;117.9429;3.618802522481598;2.4513708270221146
111.8125;117.7143;3.618802522481598;2.4513708270221146
111.75;116.7143;3.618802522481598;2.4513708270221146
111.4375;116.0;3.618802522481598;2.4513708270221146
110.8125;115.1429;3.618802522481598;2.4513708270221146
110.0625;114.7429;3.618802522481598;2.4513708270221146
109.0625;114.6857;3.618802522481598;2.4513708270221146
108.4375;114.7714;3.618802522481598;2.4513708270221146
108.25;114.7714;3.618802522481598;2.4513708270221146
107.75;114.0571;3.618802522481598;2.4513708270221146
106.9375;114.2857;3.618802522481598;2.4513708270221146
106.75;113.8571;3.618802522481598;2.4513708270221146
107.3125;113.4571;3.618802522481598;2.4513708270221146
107.9375;111.9429;3.618802522481598;2.4513708270221146
108.0;112.3429;3.618802522481598;2.4513708270221146
107.5;112.0571;3.618802522481598;2.4513708270221146
106.75;110.6857;3.618802522481598;2.4513708270221146
105.75;109.6286;3.618802522481598;2.4513708270221146
104.875;110.4;3.618802522481598;2.4513708270221146
104.5;109.5429;3.618802522481598;2.4513708270221146
104.5;110.2286;3.618802522481598;2.4513708270221146
104.5;110.1429;3.618802522481598;2.4513708270221146
104.3125;109.9429;3.618802522481598;2.4513708270221146
103.8125;108.1714;3.618802522481598;2.4513708270221146
103.1875;108.9429;3.618802522481598;2.4513708270221146
102.625;108.3714;3.618802522481598;2.4513708270221146
102.0625;107.7143;3.618802522481598;2.4513708270221146
101.3125;108.4571;3.618802522481598;2.4513708270221146
100.5625;106.7714;3.618802522481598;2.4513708270221146
100.0625;106.3429;3.618802522481598;2.4513708270221146
99.875;107.0;3.618802522481598;2.4513708270221146
99.8125;106.9429;3.618802522481598;2.4513708270221146
99.875;107.2571;3.618802522481598;2.4513708270221146
100.25;106.6857;3.618802522481598;2.4513708270221146
101.0625;106.0571;3.618802522481598;2.4513708270221146
101.625;105.5714;3.618802522481598;2.4513708270221146
101.25;105.3143;3.618802522481598;2.4513708270221146
100.4375;104.8571;3.618802522481598;2.4513708270221146
99.8125;104.8571;3.618802522481598;2.4513708270221146
99.375;104.4;3.618802522481598;2.4513708270221146
98.9375;103.2857;3.618802522481598;2.4513708270221146
98.5625;103.1714;3.618802522481598;2.4513708270221146
98.0625;103.5143;3.618802522481598;2.4513708270221146
97.75;103.0571;3.618802522481598;2.4513708270221146
97.5;103.4;3.618802522481598;2.4513708270221146
97.375;102.1714;3.618802522481598;2.4513708270221146
97.125;100.5714;3.618802522481598;2.4513708270221146
96.5;101.8857;3.618802522481598;2.4513708270221146
95.5625;101.6857;3.618802522481598;2.4513708270221146
94.9375;101.3714;3.618802522481598;2.4513708270221146
94.8125;100.0286;3.618802522481598;2.4513708270221146
94.75;98.6857;3.618802522481598;2.4513708270221146
94.625;100.4;3.618802522481598;2.4513708270221146
94.5625;100.8;3.618802522481598;2.4513708270221146
94.8125;100.2286;3.618802522481598;2.4513708270221146
95.1875;99.8857;3.618802522481598;2.4513708270221146
95.5625;99.2857;3.618802522481598;2.4513708270221146
95.4375;98.9714;3.618802522481598;2.4513708270221146
94.875;98.1143;3.618802522481598;2.4513708270221146
94.5;98.8571;3.618802522481598;2.4513708270221146
94.625;98.0857;3.618802522481598;2.4513708270221146
94.875;96.6571;3.618802522481598;2.4513708270221146
95.0;96.9429;3.618802522481598;2.4513708270221146
95.125;97.1429;3.618802522481598;2.4513708270221146
95.125;96.3143;3.618802522481598;2.4513708270221146
94.875;96.2;3.618802522481598;2.4513708270221146
93.6875;95.6;3.618802522481598;2.4513708270221146
91.875;96.1429;3.618802522481598;2.4513708270221146
90.625;96.8857;3.618802522481598;2.4513708270221146
90.375;97.4;3.618802522481598;2.4513708270221146
90.4375;96.0;3.618802522481598;2.4513708270221146
90.5;94.8;3.618802522481598;2.4513708270221146
90.25;94.0571;3.618802522481598;2.4513708270221146
89.8125;94.2571;3.618802522481598;2.4513708270221146
89.5;93.4286;3.618802522481598;2.4513708270221146
89.4375;94.4;3.618802522481598;2.4513708270221146
89.4375;94.2;3.618802522481598;2.4513708270221146
89.3125;92.8857;3.618802522481598;2.4513708270221146
88.9375;92.5429;3.618802522481598;2.4513708270221146
88.4375;93.8;3.618802522481598;2.4513708270221146
88.3125;93.7143;3.618802522481598;2.4513708270221146
88.4375;93.0857;3.618802522481598;2.4513708270221146
88.75;91.6286;3.618802522481598;2.4513708270221146
88.9375;91.0571;3.618802522481598;2.4513708270221146
88.5;90.0286;3.618802522481598;2.4513708270221146
87.5;89.0286;3.618802522481598;2.4513708270221146
86.0;89.2286;3.618802522481598;2.4513708270221146
84.75;89.2571;3.618802522481598;2.4513708270221146
84.4375;88.2286;3.618802522481598;2.4513708270221146
84.375;89.3429;3.618802522481598;2.4513708270221146
83.8125;90.5429;3.618802522481598;2.4513708270221146
82.875;89.4286;3.618802522481598;2.4513708270221146
81.875;89.9714;3.618802522481598;2.4513708270221146
81.25;87.4571;3.618802522481598;2.4513708270221146
81.0;89.3143;3.618802522481598;2.4513708270221146
81.0;88.2857;3.618802522481598;2.4513708270221146
81.3125;87.5429;3.618802522481598;2.4513708270221146
82.125;87.9429;3.618802522481598;2.4513708270221146
82.9375;86.1143;3.618802522481598;2.4513708270221146
82.8125;86.9143;3.618802522481598;2.4513708270221146
82.0625;86.5429;3.618802522481598;2.4513708270221146
81.5;86.0857;3.618802522481598;2.4513708270221146
81.1875;86.9714;3.618802522481598;2.4513708270221146
81.0;86.1714;3.618802522481598;2.4513708270221146
80.9375;86.5429;3.618802522481598;2.4513708270221146
80.75;85.5429;3.618802522481598;2.4513708270221146
80.5;85.8857;3.618802522481598;2.4513708270221146
80.25;85.4286;3.618802522481598;2.4513708270221146
80.0;84.0857;3.618802522481598;2.4513708270221146
79.5;84.9429;3.618802522481598;2.4513708270221146
78.75;85.3143;3.618802522481598;2.4513708270221146
78.25;85.7714;3.618802522481598;2.4513708270221146
78.4375;85.1714;3.618802522481598;2.4513708270221146
78.9375;84.6;3.618802522481598;2.4513708270221146
79.125;82.9429;3.618802522481598;2.4513708270221146
78.75;83.2857;3.618802522481598;2.4513708270221146
78.0625;83.3143;3.618802522481598;2.4513708270221146
77.25;82.8286;3.618802522481598;2.4513708270221146
76.5;82.0286;3.618802522481598;2.4513708270221146
76.0;83.5143;3.618802522481598;2.4513708270221146
76.0;82.9143;3.618802522481598;2.4513708270221146
76.4375;83.2571;3.618802522481598;2.4513708270221146
77.0;82.0857;3.618802522481598;2.4513708270221146
77.3125;83.1143;3.618802522481598;2.4513708270221146
77.4375;83.9143;3.618802522481598;2.4513708270221146
77.375;81.5429;3.618802522481598;2.4513708270221146
77.375;81.4;3.618802522481598;2.4513708270221146
77.3125;82.5714;3.618802522481598;2.4513708270221146
77.25;82.8857;3.618802522481598;2.4513708270221146
77.3125;82.9429;3.618802522481598;2.4513708270221146
77.1875;82.7714;3.618802522481598;2.4513708270221146
76.75;82.6857;3.618802522481598;2.4513708270221146
76.3125;82.4857;3.618802522481598;2.4513708270221146
76.0;81.8857;3.618802522481598;2.4513708270221146
75.8125;81.8;3.618802522481598;2.4513708270221146
75.875;81.9429;3.618802522481598;2.4513708270221146
75.9375;81.9429;3.618802522481598;2.4513708270221146
75.6875;81.3143;3.618802522481598;2.4513708270221146
75.25;80.6286;3.618802522481598;2.4513708270221146
74.8125;80.3143;3.618802522481598;2.4513708270221146
74.375;80.0857;3.618802522481598;2.4513708270221146
73.9375;79.8286;3.618802522481598;2.4513708270221146
73.4375;78.0286;3.618802522481598;2.4513708270221146
72.8125;78.6857;3.618802522481598;2.4513708270221146
72.1875;78.7429;3.618802522481598;2.4513708270221146
71.625;78.3143;3.618802522481598;2.4513708270221146
71.25;76.7714;3.618802522481598;2.4513708270221146
71.0;76.0286;3.618802522481598;2.4513708270221146
70.9375;76.8286;3.618802522481598;2.4513708270221146
70.8125;77.2286;3.618802522481598;2.4513708270221146
70.6875;76.4286;3.618802522481598;2.4513708270221146
70.5;77.5143;3.618802522481598;2.4513708270221146
70.3125;77.2;3.618802522481598;2.4513708270221146
70.125;78.0286;3.618802522481598;2.4513708270221146
70.1875;77.8;3.618802522481598;2.4513708270221146
70.625;77.0286;3.618802522481598;2.4513708270221146
71.25;76.6;3.618802522481598;2.4513708270221146
71.6875;76.4571;3.618802522481598;2.4513708270221146
71.875;74.6;3.618802522481598;2.4513708270221146
71.9375;75.4286;3.618802522481598;2.4513708270221146
71.9375;75.6;3.618802522481598;2.4513708270221146
71.75;75.5143;3.618802522481598;2.4513708270221146
70.875;76.0286;3.618802522481598;2.4513708270221146
69.75;76.9714;3.618802522481598;2.4513708270221146
69.25;76.1429;3.618802522481598;2.4513708270221146
69.4375;75.9429;3.618802522481598;2.4513708270221146
69.5;74.4857;3.618802522481598;2.4513708270221146
68.9375;75.2571;3.618802522481598;2.4513708270221146
68.0625;74.4286;3.618802522481598;2.4513708270221146
66.9375;74.4571;3.618802522481598;2.4513708270221146
66.125;73.8857;3.618802522481598;2.4513708270221146
65.9375;73.4286;3.618802522481598;2.4513708270221146
66.1875;73.4286;3.618802522481598;2.4513708270221146
66.4375;73.7143;3.618802522481598;2.4513708270221146
66.75;73.0571;3.618802522481598;2.4513708270221146
66.8125;72.8286;3.618802522481598;2.4513708270221146
66.75;72.2571;3.618802522481598;2.4513708270221146
66.6875;72.4;3.618802522481598;2.4513708270221146
66.375;72.6571;3.618802522481598;2.4513708270221146
65.9375;72.2;3.618802522481598;2.4513708270221146
65.6875;72.1143;3.618802522481598;2.4513708270221146
65.375;72.4571;3.618802522481598;2.4513708270221146
64.9375;72.5429;3.618802522481598;2.4513708270221146
65.0;72.3429;3.618802522481598;2.4513708270221146
65.4375;72.6857;3.618802522481598;2.4513708270221146
65.625;72.4857;3.618802522481598;2.4513708270221146
65.375;72.0;3.618802522481598;2.4513708270221146
64.9375;71.4;3.618802522481598;2.4513708270221146
64.6875;71.2;3.618802522481598;2.4513708270221146
64.625;70.6571;3.618802522481598;2.4513708270221146
64.5625;70.9714;3.618802522481598;2.4513708270221146
64.625;70.2857;3.618802522481598;2.4513708270221146
64.625;70.3429;3.618802522481598;2.4513708270221146
64.5;70.3714;3.618802522481598;2.4513708270221146
64.125;70.5143;3.618802522481598;2.4513708270221146
63.5;69.7429;3.618802522481598;2.4513708270221146
62.8125;68.5143;3.618802522481598;2.4513708270221146
62.1875;68.0286;3.618802522481598;2.4513708270221146
61.5;66.7143;3.618802522481598;2.4513708270221146
60.6875;68.0286;3.618802522481598;2.4513708270221146
60.3125;68.3714;3.618802522481598;2.4513708270221146
60.5;69.0;3.618802522481598;2.4513708270221146
60.9375;67.6286;3.618802522481598;2.4513708270221146
61.375;68.3143;3.618802522481598;2.4513708270221146
61.75;68.5714;3.618802522481598;2.4513708270221146
62.1875;67.4571;3.618802522481598;2.4513708270221146
62.125;67.4286;3.618802522481598;2.4513708270221146
61.625;66.7143;3.618802522481598;2.4513708270221146
61.125;66.6;3.618802522481598;2.4513708270221146
60.6875;66.0286;3.618802522481598;2.4513708270221146
60.125;65.5714;3.618802522481598;2.4513708270221146
59.5;65.0571;3.618802522481598;2.4513708270221146
59.0625;65.2571;3.618802522481598;2.4513708270221146
58.8125;65.3429;3.618802522481598;2.4513708270221146
58.625;65.2;3.618802522481598;2.4513708270221146
58.5625;65.5714;3.618802522481598;2.4513708270221146
58.4375;66.3143;3.618802522481598;2.4513708270221146
58.375;66.8571;3.618802522481598;2.4513708270221146
58.5;66.9714;3.618802522481598;2.4513708270221146
58.6875;66.6571;3.618802522481598;2.4513708270221146
58.875;66.0571;3.618802522481598;2.4513708270221146
58.9375;65.9429;3.618802522481598;2.4513708270221146
58.9375;65.6857;3.618802522481598;2.4513708270221146
58.9375;65.6286;3.618802522481598;2.4513708270221146
58.9375;64.7143;3.618802522481598;2.4513708270221146
59.0;64.2;3.618802522481598;2.4513708270221146
58.875;64.0857;3.618802522481598;2.4513708270221146
58.375;64.2571;3.618802522481598;2.4513708270221146
57.8125;64.0571;3.618802522481598;2.4513708270221146
57.4375;63.7143;3.618802522481598;2.4513708270221146
57.0625;63.7143;3.618802522481598;2.4513708270221146
56.75;63.4571;3.618802522481598;2.4513708270221146
56.5;63.4857;3.618802522481598;2.4513708270221146
56.375;63.9714;3.618802522481598;2.4513708270221146
56.25;63.8286;3.618802522481598;2.4513708270221146
56.3125;62.6;3.618802522481598;2.4513708270221146
56.375;63.0571;3.618802522481598;2.4513708270221146
56.5;62.6;3.618802522481598;2.4513708270221146
56.8125;62.8;3.618802522481598;2.4513708270221146
56.875;62.0857;3.618802522481598;2.4513708270221146
56.5;61.9429;3.618802522481598;2.4513708270221146
55.8125;61.6;3.618802522481598;2.4513708270221146
55.3125;61.6286;3.618802522481598;2.4513708270221146
55.0625;61.8286;3.618802522481598;2.4513708270221146
55.0625;61.7429;3.618802522481598;2.4513708270221146
55.25;61.3714;3.618802522481598;2.4513708270221146
55.4375;61.2;3.618802522481598;2.4513708270221146
55.5625;60.9429;3.618802522481598;2.4513708270221146
55.4375;60.8286;3.618802522481598;2.4513708270221146
55.0;60.6857;3.618802522481598;2.4513708270221146
54.4375;60.3714;3.618802522481598;2.4513708270221146
53.875;59.9429;3.618802522481598;2.4513708270221146
53.375;59.6857;3.618802522481598;2.4513708270221146
53.0625;59.1143;3.618802522481598;2.4513708270221146
52.9375;59.4286;3.618802522481598;2.4513708270221146
52.9375;60.3714;3.618802522481598;2.4513708270221146
53.0;60.3143;3.618802522481598;2.4513708270221146
53.1875;60.5714;3.618802522481598;2.4513708270221146
53.6875;60.2571;3.618802522481598;2.4513708270221146
54.3125;59.4;3.618802522481598;2.4513708270221146
54.5;58.8;3.618802522481598;2.4513708270221146
54.0;58.1714;3.618802522481598;2.4513708270221146
53.3125;58.4857;3.618802522481598;2.4513708270221146
52.8125;58.4857;3.618802522481598;2.4513708270221146
52.625;57.9429;3.618802522481598;2.4513708270221146
52.5625;57.9429;3.618802522481598;2.4513708270221146
52.5625;57.7714;3.618802522481598;2.4513708270221146
52.625;57.8571;3.618802522481598;2.4513708270221146
52.5625;57.7714;3.618802522481598;2.4513708270221146
52.375;57.6286;3.618802522481598;2.4513708270221146
52.25;57.3143;3.618802522481598;2.4513708270221146
52.1875;57.2;3.618802522481598;2.4513708270221146
51.875;57.1714;3.618802522481598;2.4513708270221146
51.625;56.5143;3.618802522481598;2.4513708270221146
51.5625;56.7429;3.618802522481598;2.4513708270221146
51.625;57.2;3.618802522481598;2.4513708270221146
51.6875;57.4857;3.618802522481598;2.4513708270221146
51.8125;57.4;3.618802522481598;2.4513708270221146
51.9375;56.9143;3.618802522481598;2.4513708270221146
51.875;56.7143;3.618802522481598;2.4513708270221146
51.4375;56.8286;3.618802522481598;2.4513708270221146
51.0625;57.0857;3.618802522481598;2.4513708270221146
51.0;56.1714;3.618802522481598;2.4513708270221146
51.0625;56.2857;3.618802522481598;2.4513708270221146
51.125;55.6571;3.618802522481598;2.4513708270221146
51.125;55.5714;3.618802522481598;2.4513708270221146
51.1875;54.9429;3.618802522481598;2.4513708270221146
51.1875;54.3429;3.618802522481598;2.4513708270221146
51.1875;54.8857;3.618802522481598;2.4513708270221146
51.1875;55.2286;3.618802522481598;2.4513708270221146
51.1875;55.5714;3.618802522481598;2.4513708270221146
51.125;55.9714;3.618802522481598;2.4513708270221146
51.0625;55.6286;3.618802522481598;2.4513708270221146
51.0;55.1429;3.618802522481598;2.4513708270221146
50.875;55.2286;3.618802522481598;2.4513708270221146
50.75;54.8857;3.618802522481598;2.4513708270221146
50.8125;55.1429;3.618802522481598;2.4513708270221146
50.8125;55.2286;3.618802522481598;2.4513708270221146
50.75;54.6;3.618802522481598;2.4513708270221146
50.4375;53.6;3.618802522481598;2.4513708270221146
49.875;52.5714;3.618802522481598;2.4513708270221146
49.0625;52.6;3.618802522481598;2.4513708270221146
48.25;52.6857;3.618802522481598;2.4513708270221146
47.8125;53.0286;3.618802522481598;2.4513708270221146
47.9375;53.1429;3.618802522481598;2.4513708270221146
48.4375;53.5143;3.618802522481598;2.4513708270221146
49.0;53.8286;3.618802522481598;2.4513708270221146
49.4375;53.5714;3.618802522481598;2.4513708270221146
49.5625;53.4857;3.618802522481598;2.4513708270221146
49.4375;53.4286;3.618802522481598;2.4513708270221146
49.1875;52.9429;3.618802522481598;2.4513708270221146
48.9375;52.6;3.618802522481598;2.4513708270221146
48.8125;52.0;3.618802522481598;2.4513708270221146
48.5625;51.8571;3.618802522481598;2.4513708270221146
48.0625;51.7429;3.618802522481598;2.4513708270221146
47.5;51.6857;3.618802522481598;2.4513708270221146
47.25;52.0571;3.618802522481598;2.4513708270221146
47.1875;52.4;3.618802522481598;2.4513708270221146
47.1875;52.6286;3.618802522481598;2.4513708270221146
47.25;52.4286;3.618802522481598;2.4513708270221146
47.25;52.4571;3.618802522481598;2.4513708270221146
47.125;52.1714;3.618802522481598;2.4513708270221146
46.875;51.8571;3.618802522481598;2.4513708270221146
46.9375;51.5714;3.618802522481598;2.4513708270221146
47.0625;51.3143;3.618802522481598;2.4513708270221146
46.875;50.6;3.618802522481598;2.4513708270221146
46.4375;50.0857;3.618802522481598;2.4513708270221146
46.0;49.8857;3.618802522481598;2.4513708270221146
45.5625;49.4286;3.618802522481598;2.4513708270221146
45.3125;49.0286;3.618802522481598;2.4513708270221146
45.125;49.7429;3.618802522481598;2.4513708270221146
45.375;50.1143;3.618802522481598;2.4513708270221146
45.9375;49.9143;3.618802522481598;2.4513708270221146
46.3125;50.0286;3.618802522481598;2.4513708270221146
46.5;49.9429;3.618802522481598;2.4513708270221146
46.375;50.0571;3.618802522481598;2.4513708270221146
46.0625;49.8571;3.618802522481598;2.4513708270221146
45.625;49.4;3.618802522481598;2.4513708270221146
45.25;49.4571;3.618802522481598;2.4513708270221146
44.875;49.2857;3.618802522481598;2.4513708270221146
44.625;49.6286;3.618802522481598;2.4513708270221146
44.6875;48.8857;3.618802522481598;2.4513708270221146
44.9375;48.4857;3.618802522481598;2.4513708270221146
45.0625;48.9143;3.618802522481598;2.4513708270221146
44.9375;49.1143;3.618802522481598;2.4513708270221146
44.8125;48.8286;3.618802522481598;2.4513708270221146
44.5625;48.9714;3.618802522481598;2.4513708270221146
44.25;48.3429;3.618802522481598;2.4513708270221146
44.0;48.3143;3.618802522481598;2.4513708270221146
43.875;47.9714;3.618802522481598;2.4513708270221146
43.875;48.1143;3.618802522481598;2.4513708270221146
43.875;48.0;3.618802522481598;2.4513708270221146
43.875;47.6857;3.618802522481598;2.4513708270221146
43.875;47.1714;3.618802522481598;2.4513708270221146
43.6875;46.8857;3.618802522481598;2.4513708270221146
43.3125;46.8571;3.618802522481598;2.4513708270221146
42.875;46.6286;3.618802522481598;2.4513708270221146
42.5625;46.7714;3.618802522481598;2.4513708270221146
42.375;46.9429;3.618802522481598;2.4513708270221146
42.1875;46.9429;3.618802522481598;2.4513708270221146
42.125;46.8857;3.618802522481598;2.4513708270221146
42.0;47.0571;3.618802522481598;2.4513708270221146
42.0;46.9429;3.618802522481598;2.4513708270221146
42.3125;47.5429;3.618802522481598;2.4513708270221146
42.625;47.4857;3.618802522481598;2.4513708270221146
42.75;47.3429;3.618802522481598;2.4513708270221146
42.8125;46.9429;3.618802522481598;2.4513708270221146
42.875;47.0;3.618802522481598;2.4513708270221146
42.875;46.7143;3.618802522481598;2.4513708270221146
42.75;46.9429;3.618802522481598;2.4513708270221146
42.625;47.1429;3.618802522481598;2.4513708270221146
42.5;46.8571;3.618802522481598;2.4513708270221146
42.4375;46.6;3.618802522481598;2.4513708270221146
42.375;46.2857;3.618802522481598;2.4513708270221146
42.25;45.9714;3.618802522481598;2.4513708270221146
41.875;45.9429;3.618802522481598;2.4513708270221146
41.3125;45.9143;3.618802522481598;2.4513708270221146
40.875;45.9143;3.618802522481598;2.4513708270221146
40.625;45.5714;3.618802522481598;2.4513708270221146
40.5;45.3429;3.618802522481598;2.4513708270221146
40.375;45.0;3.618802522481598;2.4513708270221146
40.3125;44.6286;3.618802522481598;2.4513708270221146
40.25;44.5143;3.618802522481598;2.4513708270221146
40.25;44.4571;3.618802522481598;2.4513708270221146
40.25;44.7714;3.618802522481598;2.4513708270221146
40.3125;44.7714;3.618802522481598;2.4513708270221146
40.25;44.3714;3.618802522481598;2.4513708270221146
39.9375;44.2;3.618802522481598;2.4513708270221146
39.5;44.1714;3.618802522481598;2.4513708270221146
39.1875;44.0;3.618802522481598;2.4513708270221146
39.1875;43.9143;3.618802522481598;2.4513708270221146
39.25;44.2571;3.618802522481598;2.4513708270221146
39.3125;44.0857;3.618802522481598;2.4513708270221146
39.25;43.6286;3.618802522481598;2.4513708270221146
39.0;43.7143;3.618802522481598;2.4513708270221146
38.6875;43.6286;3.618802522481598;2.4513708270221146
38.4375;43.8286;3.618802522481598;2.4513708270221146
38.4375;43.6;3.618802522481598;2.4513708270221146
38.5625;43.0857;3.618802522481598;2.4513708270221146
38.625;42.9714;3.618802522481598;2.4513708270221146
38.5;42.8571;3.618802522481598;2.4513708270221146
38.375;42.5143;3.618802522481598;2.4513708270221146
38.1875;42.2857;3.618802522481598;2.4513708270221146
37.8125;42.3143;3.618802522481598;2.4513708270221146
37.625;42.6857;3.618802522481598;2.4513708270221146
37.6875;42.3143;3.618802522481598;2.4513708270221146
37.8125;42.2857;3.618802522481598;2.4513708270221146
37.6875;42.1143;3.618802522481598;2.4513708270221146
37.4375;42.0571;3.618802522481598;2.4513708270221146
37.375;41.9143;3.618802522481598;2.4513708270221146
37.5;42.1714;3.618802522481598;2.4513708270221146
37.6875;41.8857;3.618802522481598;2.4513708270221146
37.875;41.7429;3.618802522481598;2.4513708270221146
38.0;41.6;3.618802522481598;2.4513708270221146
38.0625;41.7429;3.618802522481598;2.4513708270221146
38.0625;41.5143;3.618802522481598;2.4513708270221146
38.0625;41.1143;3.618802522481598;2.4513708270221146
38.0;40.8286;3.618802522481598;2.4513708270221146
37.6875;40.6857;3.618802522481598;2.4513708270221146
37.125;40.4;3.618802522481598;2.4513708270221146
36.5;40.3429;3.618802522481598;2.4513708270221146
36.0625;40.0857;3.618802522481598;2.4513708270221146
35.875;40.0571;3.618802522481598;2.4513708270221146
35.75;40.3714;3.618802522481598;2.4513708270221146
35.625;40.0;3.618802522481598;2.4513708270221146
35.5625;40.3714;3.618802522481598;2.4513708270221146
35.75;40.6;3.618802522481598;2.4513708270221146
36.25;40.2286;3.618802522481598;2.4513708270221146
36.6875;39.9714;3.618802522481598;2.4513708270221146
36.6875;39.6571;3.618802522481598;2.4513708270221146
36.25;39.8;3.618802522481598;2.4513708270221146
35.6875;39.7429;3.618802522481598;2.4513708270221146
35.375;39.4857;3.618802522481598;2.4513708270221146
35.375;39.8857;3.618802522481598;2.4513708270221146
35.4375;39.8571;3.618802522481598;2.4513708270221146
35.5625;39.6857;3.618802522481598;2.4513708270221146
35.6875;39.5143;3.618802522481598;2.4513708270221146
35.8125;39.2571;3.618802522481598;2.4513708270221146
35.75;39.2571;3.618802522481598;2.4513708270221146
35.625;39.1714;3.618802522481598;2.4513708270221146
35.625;39.0857;3.618802522481598;2.4513708270221146
35.625;38.6;3.618802522481598;2.4513708270221146
35.4375;38.5429;3.618802522481598;2.4513708270221146
34.9375;38.4571;3.618802522481598;2.4513708270221146
34.4375;38.4857;3.618802522481598;2.4513708270221146
34.125;38.3143;3.618802522481598;2.4513708270221146
34.0;38.3143;3.618802522481598;2.4513708270221146
34.0;38.4;3.618802522481598;2.4513708270221146
34.0625;38.4;3.618802522481598;2.4513708270221146
34.0625;38.5429;3.618802522481598;2.4513708270221146
34.0625;38.4286;3.618802522481598;2.4513708270221146
34.125;38.4286;3.618802522481598;2.4513708270221146
34.3125;38.2286;3.618802522481598;2.4513708270221146
34.4375;37.8;3.618802522481598;2.4513708270221146
34.4375;37.4571;3.618802522481598;2.4513708270221146
34.25;37.4;3.618802522481598;2.4513708270221146
34.0625;37.3429;3.618802522481598;2.4513708270221146
33.9375;37.3714;3.618802522481598;2.4513708270221146
33.9375;37.2286;3.618802522481598;2.4513708270221146
33.875;37.1714;3.618802522481598;2.4513708270221146
33.75;37.2571;3.618802522481598;2.4513708270221146
33.6875;37.4571;3.618802522481598;2.4513708270221146
33.5625;37.4857;3.618802522481598;2.4513708270221146
33.375;37.2;3.618802522481598;2.4513708270221146
33.25;36.9429;3.618802522481598;2.4513708270221146
33.0;36.7143;3.618802522481598;2.4513708270221146
32.6875;36.3714;3.618802522481598;2.4513708270221146
32.4375;36.2571;3.618802522481598;2.4513708270221146
32.25;35.9714;3.618802522481598;2.4513708270221146
32.125;35.8;3.618802522481598;2.4513708270221146
32.1875;35.8286;3.618802522481598;2.4513708270221146
32.25;36.0;3.618802522481598;2.4513708270221146
32.3125;35.7714;3.618802522481598;2.4513708270221146
32.25;35.4571;3.618802522481598;2.4513708270221146
32.0;35.0857;3.618802522481598;2.4513708270221146
31.625;34.8571;3.618802522481598;2.4513708270221146
31.375;34.9143;3.618802522481598;2.4513708270221146
31.1875;34.8286;3.618802522481598;2.4513708270221146
31.1875;34.7143;3.618802522481598;2.4513708270221146
31.1875;34.8571;3.618802522481598;2.4513708270221146
31.1875;34.6857;3.618802522481598;2.4513708270221146
31.1875;34.8571;3.618802522481598;2.4513708270221146
31.125;34.6857;3.618802522481598;2.4513708270221146
31.125;34.4;3.618802522481598;2.4513708270221146
31.125;34.7714;3.618802522481598;2.4513708270221146
31.0625;34.8;3.618802522481598;2.4513708270221146
30.9375;34.9429;3.618802522481598;2.4513708270221146
30.875;34.7714;3.618802522481598;2.4513708270221146
30.875;34.4571;3.618802522481598;2.4513708270221146
30.9375;34.3143;3.618802522481598;2.4513708270221146
31.0;34.2857;3.618802522481598;2.4513708270221146
31.0;34.3429;3.618802522481598;2.4513708270221146
30.8125;34.3714;3.618802522481598;2.4513708270221146
30.625;34.1143;3.618802522481598;2.4513708270221146
30.5625;34.0;3.618802522481598;2.4513708270221146
30.5;33.8857;3.618802522481598;2.4513708270221146
30.5;33.6571;3.618802522481598;2.4513708270221146
30.375;33.4571;3.618802522481598;2.4513708270221146
30.25;33.2857;3.618802522481598;2.4513708270221146
30.0625;33.3714;3.618802522481598;2.4513708270221146
30.0;33.3714;3.618802522481598;2.4513708270221146
29.9375;32.9714;3.618802522481598;2.4513708270221146
29.9375;32.8571;3.618802522481598;2.4513708270221146
29.8125;32.7143;3.618802522481598;2.4513708270221146
29.625;32.5143;3.618802522481598;2.4513708270221146
29.5;32.4;3.618802522481598;2.4513708270221146
29.3125;32.2857;3.618802522481598;2.4513708270221146
29.25;32.0286;3.618802522481598;2.4513708270221146
29.3125;32.3714;3.618802522481598;2.4513708270221146
29.375;32.4;3.618802522481598;2.4513708270221146
29.375;32.5143;3.618802522481598;2.4513708270221146
29.4375;32.5143;3.618802522481598;2.4513708270221146
29.4375;32.2;3.618802522481598;2.4513708270221146
29.3125;32.0;3.618802522481598;2.4513708270221146
29.125;31.8286;3.618802522481598;2.4513708270221146
28.875;31.6;3.618802522481598;2.4513708270221146
28.625;31.5143;3.618802522481598;2.4513708270221146
28.4375;31.2571;3.618802522481598;2.4513708270221146
28.1875;31.2;3.618802522481598;2.4513708270221146
28.0625;31.0571;3.618802522481598;2.4513708270221146
28.0;31.1429;3.618802522481598;2.4513708270221146
27.9375;31.3714;3.618802522481598;2.4513708270221146
27.9375;31.5429;3.618802522481598;2.4513708270221146
28.0625;31.0571;3.618802522481598;2.4513708270221146
28.25;30.8571;3.618802522481598;2.4513708270221146
28.25;30.7714;3.618802522481598;2.4513708270221146
28.0;30.4571;3.618802522481598;2.4513708270221146
27.625;30.5143;3.618802522481598;2.4513708270221146
27.3125;30.6286;3.618802522481598;2.4513708270221146
27.125;30.7714;3.618802522481598;2.4513708270221146
27.25;30.6857;3.618802522481598;2.4513708270221146
27.5625;30.5429;3.618802522481598;2.4513708270221146
27.75;30.3143;3.618802522481598;2.4513708270221146
27.75;30.5143;3.618802522481598;2.4513708270221146
27.625;30.3429;3.618802522481598;2.4513708270221146
27.4375;30.4286;3.618802522481598;2.4513708270221146
27.25;30.4571;3.618802522481598;2.4513708270221146
27.25;30.4286;3.618802522481598;2.4513708270221146
27.375;30.3429;3.618802522481598;2.4513708270221146
27.4375;30.1143;3.618802522481598;2.4513708270221146
27.4375;29.9429;3.618802522481598;2.4513708270221146
27.4375;30.0;3.618802522481598;2.4513708270221146
27.4375;30.1714;3.618802522481598;2.4513708270221146
27.4375;30.0286;3.618802522481598;2.4513708270221146
27.375;29.9143;3.618802522481598;2.4513708270221146
27.375;29.7429;3.618802522481598;2.4513708270221146
27.25;29.4286;3.618802522481598;2.4513708270221146
26.875;29.2;3.618802522481598;2.4513708270221146
26.4375;29.0571;3.618802522481598;2.4513708270221146
26.125;28.8;3.618802522481598;2.4513708270221146
25.875;28.8571;3.618802522481598;2.4513708270221146
25.875;28.8286;3.618802522481598;2.4513708270221146
25.9375;29.0;3.618802522481598;2.4513708270221146
26.125;28.7429;3.618802522481598;2.4513708270221146
26.25;28.5143;3.618802522481598;2.4513708270221146
26.1875;28.3429;3.618802522481598;2.4513708270221146
26.0;28.4;3.618802522481598;2.4513708270221146
25.75;28.4857;3.618802522481598;2.4513708270221146
25.625;28.4;3.618802522481598;2.4513708270221146
25.625;28.1714;3.618802522481598;2.4513708270221146
25.625;28.0;3.618802522481598;2.4513708270221146
25.625;27.8571;3.618802522481598;2.4513708270221146
25.4375;27.6857;3.618802522481598;2.4513708270221146
25.1875;27.6857;3.618802522481598;2.4513708270221146
25.0;27.8286;3.618802522481598;2.4513708270221146
25.0;27.7143;3.618802522481598;2.4513708270221146
25.0625;27.6286;3.618802522481598;2.4513708270221146
25.1875;27.6571;3.618802522481598;2.4513708270221146
25.25;27.6571;3.618802522481598;2.4513708270221146
25.25;27.6286;3.618802522481598;2.4513708270221146
25.1875;27.5429;3.618802522481598;2.4513708270221146
25.125;27.3143;3.618802522481598;2.4513708270221146
25.0625;27.2;3.618802522481598;2.4513708270221146
25.0;26.8571;3.618802522481598;2.4513708270221146
24.9375;26.8571;3.618802522481598;2.4513708270221146
24.9375;27.0;3.618802522481598;2.4513708270221146
24.9375;27.0;3.618802522481598;2.4513708270221146
24.9375;27.0286;3.618802522481598;2.4513708270221146
24.875;26.9143;3.618802522481598;2.4513708270221146
24.6875;26.7714;3.618802522481598;2.4513708270221146
24.5;26.5429;3.618802522481598;2.4513708270221146
24.3125;26.3429;3.618802522481598;2.4513708270221146
24.125;26.4571;3.618802522481598;2.4513708270221146
24.0;26.4857;3.618802522481598;2.4513708270221146
23.9375;26.3429;3.618802522481598;2.4513708270221146
24.0;26.0857;3.618802522481598;2.4513708270221146
24.0;26.0571;3.618802522481598;2.4513708270221146
23.875;25.9429;3.618802522481598;2.4513708270221146
23.6875;25.8857;3.618802522481598;2.4513708270221146
23.5625;25.7429;3.618802522481598;2.4513708270221146
23.4375;25.6857;3.618802522481598;2.4513708270221146
23.375;25.6;3.618802522481598;2.4513708270221146
23.3125;25.4571;3.618802522481598;2.4513708270221146
23.3125;25.5143;3.618802522481598;2.4513708270221146
23.3125;25.6;3.618802522481598;2.4513708270221146
23.3125;25.4571;3.618802522481598;2.4513708270221146
23.3125;25.4857;3.618802522481598;2.4513708270221146
23.3125;25.2571;3.618802522481598;2.4513708270221146
23.1875;25.3143;3.618802522481598;2.4513708270221146
22.9375;25.2;3.618802522481598;2.4513708270221146
22.8125;25.1143;3.618802522481598;2.4513708270221146
22.75;24.9429;3.618802522481598;2.4513708270221146
22.75;24.7143;3.618802522481598;2.4513708270221146
22.75;24.7143;3.618802522481598;2.4513708270221146
22.625;24.6857;3.618802522481598;2.4513708270221146
22.625;24.5429;3.618802522481598;2.4513708270221146
22.5625;24.3714;3.618802522481598;2.4513708270221146
22.5625;24.4857;3.618802522481598;2.4513708270221146
22.5625;24.4;3.618802522481598;2.4513708270221146
22.5625;24.2857;3.618802522481598;2.4513708270221146
22.5;24.0571;3.618802522481598;2.4513708270221146
22.3125;24.0286;3.618802522481598;2.4513708270221146
22.125;24.0571;3.618802522481598;2.4513708270221146
22.0;23.9143;3.618802522481598;2.4513708270221146
21.9375;23.6571;3.618802522481598;2.4513708270221146
21.8125;23.7714;3.618802522481598;2.4513708270221146
21.6875;23.7714;3.618802522481598;2.4513708270221146
21.625;23.6;3.618802522481598;2.4513708270221146
21.625;23.7143;3.618802522481598;2.4513708270221146
21.625;23.5143;3.618802522481598;2.4513708270221146
21.625;23.3714;3.618802522481598;2.4513708270221146
21.625;23.2571;3.618802522481598;2.4513708270221146
21.5;23.1143;3.618802522481598;2.4513708270221146
21.3125;23.2857;3.618802522481598;2.4513708270221146
21.125;23.2857;3.618802522481598;2.4513708270221146
21.125;23.2;3.618802522481598;2.4513708270221146
21.25;23.1714;3.618802522481598;2.4513708270221146
21.3125;23.0571;3.618802522481598;2.4513708270221146
21.25;22.8571;3.618802522481598;2.4513708270221146
21.125;22.8571;3.618802522481598;2.4513708270221146
21.0;22.9143;3.618802522481598;2.4513708270221146
20.9375;22.8;3.618802522481598;2.4513708270221146
21.0;22.8;3.618802522481598;2.4513708270221146
21.0;22.8;3.618802522481598;2.4513708270221146
21.0;22.7143;3.618802522481598;2.4513708270221146
20.9375;22.7143;3.618802522481598;2.4513708270221146
20.9375;22.6286;3.618802522481598;2.4513708270221146
20.9375;22.5429;3.618802522481598;2.4513708270221146
20.875;22.2571;3.618802522481598;2.4513708270221146
20.875;22.2857;3.618802522481598;2.4513708270221146
20.875;22.2857;3.618802522481598;2.4513708270221146
20.875;22.1714;3.618802522481598;2.4513708270221146
20.8125;21.9714;3.618802522481598;2.4513708270221146
20.6875;22.0286;3.618802522481598;2.4513708270221146
20.5625;21.9714;3.618802522481598;2.4513708270221146
20.4375;21.6571;3.618802522481598;2.4513708270221146
20.3125;21.7429;3.618802522481598;2.4513708270221146
20.25;21.6;3.618802522481598;2.4513708270221146
20.1875;21.4571;3.618802522481598;2.4513708270221146
20.0625;21.5714;3.618802522481598;2.4513708270221146
19.9375;21.4286;3.618802522481598;2.4513708270221146
19.9375;21.2857;3.618802522481598;2.4513708270221146
19.875;21.4;3.618802522481598;2.4513708270221146
19.75;21.4;3.618802522481598;2.4513708270221146
19.75;21.3429;3.618802522481598;2.4513708270221146
19.8125;21.3143;3.618802522481598;2.4513708270221146
19.8125;21.2286;3.618802522481598;2.4513708270221146
19.8125;20.9429;3.618802522481598;2.4513708270221146
19.75;21.0286;3.618802522481598;2.4513708270221146
19.5;21.0571;3.618802522481598;2.4513708270221146
19.25;20.8286;3.618802522481598;2.4513708270221146
19.0625;20.9429;3.618802522481598;2.4513708270221146
19.125;20.6857;3.618802522481598;2.4513708270221146
19.3125;20.6571;3.618802522481598;2.4513708270221146
19.3125;20.7143;3.618802522481598;2.4513708270221146
19.25;20.7714;3.618802522481598;2.4513708270221146
19.125;20.6286;3.618802522481598;2.4513708270221146
19.0625;20.6857;3.618802522481598;2.4513708270221146
19.0625;20.4857;3.618802522481598;2.4513708270221146
19.0625;20.3429;3.618802522481598;2.4513708270221146
19.0625;20.5714;3.618802522481598;2.4513708270221146
19.0625;20.4571;3.618802522481598;2.4513708270221146
19.0625;20.3143;3.618802522481598;2.4513708270221146
19.125;20.3714;3.618802522481598;2.4513708270221146
19.0625;20.1429;3.618802522481598;2.4513708270221146
19.0;19.9714;3.618802522481598;2.4513708270221146
18.8125;19.8571;3.618802522481598;2.4513708270221146
18.5625;19.6857;3.618802522481598;2.4513708270221146
18.375;19.6857;3.618802522481598;2.4513708270221146
18.1875;19.6;3.618802522481598;2.4513708270221146
18.125;19.5143;3.618802522481598;2.4513708270221146
18.0625;19.5143;3.618802522481598;2.4513708270221146
18.0;19.3429;3.618802522481598;2.4513708270221146
18.0;19.3429;3.618802522481598;2.4513708270221146
18.0;19.3429;3.618802522481598;2.4513708270221146
17.9375;19.2;3.618802522481598;2.4513708270221146
17.875;19.2286;3.618802522481598;2.4513708270221146
17.75;19.2571;3.618802522481598;2.4513708270221146
17.6875;19.1714;3.618802522481598;2.4513708270221146
17.6875;19.1429;3.618802522481598;2.4513708270221146
17.75;18.9429;3.618802522481598;2.4513708270221146
17.8125;19.0571;3.618802522481598;2.4513708270221146
17.75;18.9429;3.618802522481598;2.4513708270221146
17.6875;18.7714;3.618802522481598;2.4513708270221146
17.5625;18.7143;3.618802522481598;2.4513708270221146
17.4375;18.6571;3.618802522481598;2.4513708270221146
17.3125;18.5429;3.618802522481598;2.4513708270221146
17.1875;18.5143;3.618802522481598;2.4513708270221146
17.125;18.4;3.618802522481598;2.4513708270221146
17.1875;18.4;3.618802522481598;2.4513708270221146
17.3125;18.2857;3.618802522481598;2.4513708270221146
17.375;18.2571;3.618802522481598;2.4513708270221146
17.4375;18.1429;3.618802522481598;2.4513708270221146
17.4375;18.0286;3.618802522481598;2.4513708270221146
17.4375;18.0;3.618802522481598;2.4513708270221146
17.375;17.8571;3.618802522481598;2.4513708270221146
17.1875;17.9143;3.618802522481598;2.4513708270221146
16.9375;17.8286;3.618802522481598;2.4513708270221146
16.625;17.7429;3.618802522481598;2.4513708270221146
16.4375;17.6857;3.618802522481598;2.4513708270221146
16.4375;17.5143;3.618802522481598;2.4513708270221146
16.4375;17.6;3.618802522481598;2.4513708270221146
16.375;17.5143;3.618802522481598;2.4513708270221146
16.375;17.4571;3.618802522481598;2.4513708270221146
16.3125;17.3429;3.618802522481598;2.4513708270221146
16.3125;17.2857;3.618802522481598;2.4513708270221146
16.25;17.1429;3.618802522481598;2.4513708270221146
16.1875;17.1143;3.618802522481598;2.4513708270221146
16.0625;17.1429;3.618802522481598;2.4513708270221146
16.0;17.0857;3.618802522481598;2.4513708270221146
16.0;17.0286;3.618802522481598;2.4513708270221146
16.0;16.9143;3.618802522481598;2.4513708270221146
16.0625;16.8571;3.618802522481598;2.4513708270221146
15.9375;16.7714;3.618802522481598;2.4513708270221146
15.8125;16.6571;3.618802522481598;2.4513708270221146
15.6875;16.6571;3.618802522481598;2.4513708270221146
15.5625;16.5714;3.618802522481598;2.4513708270221146
15.5625;16.5143;3.618802522481598;2.4513708270221146
15.625;16.3143;3.618802522481598;2.4513708270221146
15.625;16.4;3.618802522481598;2.4513708270221146
15.625;16.2;3.618802522481598;2.4513708270221146
15.5;16.2;3.618802522481598;2.4513708270221146
15.375;16.1714;3.618802522481598;2.4513708270221146
15.3125;16.0857;3.618802522481598;2.4513708270221146
15.25;16.0;3.618802522481598;2.4513708270221146
15.25;16.0;3.618802522481598;2.4513708270221146
15.25;16.0;3.618802522481598;2.4513708270221146
15.25;16.0286;3.618802522481598;2.4513708270221146
15.25;15.9429;3.618802522481598;2.4513708270221146
15.25;16.0;3.618802522481598;2.4513708270221146
15.25;16.0571;3.618802522481598;2.4513708270221146
15.25;16.0286;3.618802522481598;2.4513708270221146
15.25;16.0286;3.618802522481598;2.4513708270221146
15.3125;15.9429;3.618802522481598;2.4513708270221146
15.3125;15.8857;3.618802522481598;2.4513708270221146
15.25;15.7143;3.618802522481598;2.4513708270221146
15.125;15.6857;3.618802522481598;2.4513708270221146
15.0;15.5429;3.618802522481598;2.4513708270221146
14.875;15.4571;3.618802522481598;2.4513708270221146
14.75;15.4;3.618802522481598;2.4513708270221146
14.6875;15.3429;3.618802522481598;2.4513708270221146
14.6875;15.2;3.618802522481598;2.4513708270221146
14.6875;15.1714;3.618802522481598;2.4513708270221146
14.625;15.0;3.618802522481598;2.4513708270221146
14.4375;15.0286;3.618802522481598;2.4513708270221146
14.25;14.9429;3.618802522481598;2.4513708270221146
14.1875;14.8857;3.618802522481598;2.4513708270221146
14.1875;14.8;3.618802522481598;2.4513708270221146
14.1875;14.7143;3.618802522481598;2.4513708270221146
14.1875;14.6;3.618802522481598;2.4513708270221146
14.0625;14.6286;3.618802522481598;2.4513708270221146
14.0;14.5714;3.618802522481598;2.4513708270221146
13.9375;14.5143;3.618802522481598;2.4513708270221146
13.875;14.4571;3.618802522481598;2.4513708270221146
13.875;14.4571;3.618802522481598;2.4513708270221146
13.875;14.4;3.618802522481598;2.4513708270221146
13.875;14.3714;3.618802522481598;2.4513708270221146
13.875;14.4;3.618802522481598;2.4513708270221146
13.9375;14.2857;3.618802522481598;2.4513708270221146
13.875;14.2;3.618802522481598;2.4513708270221146
13.8125;14.1143;3.618802522481598;2.4513708270221146
13.6875;14.0571;3.618802522481598;2.4513708270221146
13.5625;13.9429;3.618802522481598;2.4513708270221146
13.5;13.8571;3.618802522481598;2.4513708270221146
13.375;13.8286;3.618802522481598;2.4513708270221146
13.25;13.8286;3.618802522481598;2.4513708270221146
13.125;13.7714;3.618802522481598;2.4513708270221146
13.0625;13.7143;3.618802522481598;2.4513708270221146
13.1875;13.6;3.618802522481598;2.4513708270221146
13.25;13.5429;3.618802522481598;2.4513708270221146
13.1875;13.4857;3.618802522481598;2.4513708270221146
12.9375;13.4571;3.618802522481598;2.4513708270221146
12.75;13.4;3.618802522481598;2.4513708270221146
12.75;13.4;3.618802522481598;2.4513708270221146
12.75;13.3714;3.618802522481598;2.4513708270221146
12.875;13.3429;3.618802522481598;2.4513708270221146
12.9375;13.1714;3.618802522481598;2.4513708270221146
13.0;13.2;3.618802522481598;2.4513708270221146
12.9375;13.0571;3.618802522481598;2.4513708270221146
12.8125;13.0857;3.618802522481598;2.4513708270221146
12.6875;13.0;3.618802522481598;2.4513708270221146
12.5625;12.9429;3.618802522481598;2.4513708270221146
12.5;12.8857;3.618802522481598;2.4513708270221146
12.5;12.8286;3.618802522481598;2.4513708270221146
12.4375;12.7714;3.618802522481598;2.4513708270221146
12.4375;12.6857;3.618802522481598;2.4513708270221146
12.375;12.6;3.618802522481598;2.4513708270221146
12.375;12.5143;3.618802522481598;2.4513708270221146
12.3125;12.5143;3.618802522481598;2.4513708270221146
12.3125;12.4857;3.618802522481598;2.4513708270221146
12.3125;12.4571;3.618802522481598;2.4513708270221146
12.3125;12.4;3.618802522481598;2.4513708270221146
12.3125;12.4286;3.618802522481598;2.4513708270221146
12.25;12.3714;3.618802522481598;2.4513708270221146
12.1875;12.1714;3.618802522481598;2.4513708270221146
12.0;12.1143;3.618802522481598;2.4513708270221146
11.875;12.0;3.618802522481598;2.4513708270221146
11.6875;11.9714;3.618802522481598;2.4513708270221146
11.5625;11.9429;3.618802522481598;2.4513708270221146
11.4375;11.9143;3.618802522481598;2.4513708270221146
11.4375;11.8286;3.618802522481598;2.4513708270221146
11.5;11.8;3.618802522481598;2.4513708270221146
11.5625;11.7429;3.618802522481598;2.4513708270221146
11.5;11.6857;3.618802522481598;2.4513708270221146
11.4375;11.6571;3.618802522481598;2.4513708270221146
11.375;11.6;3.618802522481598;2.4513708270221146
11.3125;11.5429;3.618802522481598;2.4513708270221146
11.1875;11.4857;3.618802522481598;2.4513708270221146
11.0625;11.5143;3.618802522481598;2.4513708270221146
11.0;11.4571;3.618802522481598;2.4513708270221146
11.0;11.3714;3.618802522481598;2.4513708270221146
11.0;11.2857;3.618802522481598;2.4513708270221146
11.0;11.2571;3.618802522481598;2.4513708270221146
11.0625;11.2286;3.618802522481598;2.4513708270221146
11.0;11.2;3.618802522481598;2.4513708270221146
10.9375;11.1143;3.618802522481598;2.4513708270221146
10.9375;11.0571;3.618802522481598;2.4513708270221146
10.875;11.0286;3.618802522481598;2.4513708270221146
10.875;11.0286;3.618802522481598;2.4513708270221146
10.875;10.8857;3.618802522481598;2.4513708270221146
10.8125;10.9143;3.618802522481598;2.4513708270221146
10.8125;10.8857;3.618802522481598;2.4513708270221146
10.8125;10.8571;3.618802522481598;2.4513708270221146
10.8125;10.8286;3.618802522481598;2.4513708270221146
10.8125;10.7429;3.618802522481598;2.4513708270221146
10.6875;10.7143;3.618802522481598;2.4513708270221146
10.5625;10.6286;3.618802522481598;2.4513708270221146
10.5;10.6;3.618802522481598;2.4513708270221146
10.5;10.4857;3.618802522481598;2.4513708270221146
10.5;10.4857;3.618802522481598;2.4513708270221146
10.5;10.4571;3.618802522481598;2.4513708270221146
10.4375;10.3714;3.618802522481598;2.4513708270221146
10.3125;10.4286;3.618802522481598;2.4513708270221146
10.25;10.2857;3.618802522481598;2.4513708270221146
10.25;10.2;3.618802522481598;2.4513708270221146
10.25;10.1143;3.618802522481598;2.4513708270221146
10.25;10.0571;3.618802522481598;2.4513708270221146
10.125;10.0857;3.618802522481598;2.4513708270221146
10.0;10.0571;3.618802522481598;2.4513708270221146
9.9375;10.0;3.618802522481598;2.4513708270221146
10.0625;9.9429;3.618802522481598;2.4513708270221146
10.1875;9.9429;3.618802522481598;2.4513708270221146
10.25;9.8;3.618802522481598;2.4513708270221146
10.25;9.7143;3.618802522481598;2.4513708270221146
10.1875;9.6857;3.618802522481598;2.4513708270221146
10.0625;9.6286;3.618802522481598;2.4513708270221146
9.9375;9.5429;3.618802522481598;2.4513708270221146
9.8125;9.5429;3.618802522481598;2.4513708270221146
9.75;9.4571;3.618802522481598;2.4513708270221146
9.6875;9.4286;3.618802522481598;2.4513708270221146
9.6875;9.4286;3.618802522481598;2.4513708270221146
9.625;9.4;3.618802522481598;2.4513708270221146
9.625;9.3429;3.618802522481598;2.4513708270221146
9.625;9.2571;3.618802522481598;2.4513708270221146
9.625;9.2571;3.618802522481598;2.4513708270221146
9.5625;9.1429;3.618802522481598;2.4513708270221146
9.5;9.0857;3.618802522481598;2.4513708270221146
9.4375;9.0571;3.618802522481598;2.4513708270221146
9.4375;9.0286;3.618802522481598;2.4513708270221146
9.4375;9.0;3.618802522481598;2.4513708270221146
9.375;8.9714;3.618802522481598;2.4513708270221146
9.3125;8.9143;3.618802522481598;2.4513708270221146
9.3125;8.8286;3.618802522481598;2.4513708270221146
9.25;8.8286;3.618802522481598;2.4513708270221146
9.1875;8.7143;3.618802522481598;2.4513708270221146
9.1875;8.7143;3.618802522481598;2.4513708270221146
9.125;8.6857;3.618802522481598;2.4513708270221146
9.0625;8.6571;3.618802522481598;2.4513708270221146
9.0625;8.6;3.618802522481598;2.4513708270221146
9.0;8.5143;3.618802522481598;2.4513708270221146
8.875;8.4857;3.618802522481598;2.4513708270221146
8.6875;8.4571;3.618802522481598;2.4513708270221146
8.625;8.4286;3.618802522481598;2.4513708270221146
8.75;8.4;3.618802522481598;2.4513708270221146
8.8125;8.3714;3.618802522481598;2.4513708270221146
8.6875;8.4;3.618802522481598;2.4513708270221146
8.5625;8.2857;3.618802522481598;2.4513708270221146
8.625;8.2286;3.618802522481598;2.4513708270221146
8.8125;8.1143;3.618802522481598;2.4513708270221146
8.9375;8.0857;3.618802522481598;2.4513708270221146
8.875;8.0286;3.618802522481598;2.4513708270221146
8.75;8.0286;3.618802522481598;2.4513708270221146
8.5;8.0;3.618802522481598;2.4513708270221146
8.375;7.8857;3.618802522481598;2.4513708270221146
8.3125;7.8571;3.618802522481598;2.4513708270221146
8.3125;7.8286;3.618802522481598;2.4513708270221146
8.3125;7.7429;3.618802522481598;2.4513708270221146
8.3125;7.6857;3.618802522481598;2.4513708270221146
8.3125;7.7429;3.618802522481598;2.4513708270221146
8.25;7.6571;3.618802522481598;2.4513708270221146
8.1875;7.6;3.618802522481598;2.4513708270221146
7.9375;7.5429;3.618802522481598;2.4513708270221146
7.75;7.4857;3.618802522481598;2.4513708270221146
7.6875;7.4857;3.618802522481598;2.4513708270221146
7.6875;7.4857;3.618802522481598;2.4513708270221146
7.6875;7.4286;3.618802522481598;2.4513708270221146
7.625;7.3714;3.618802522481598;2.4513708270221146
7.625;7.2857;3.618802522481598;2.4513708270221146
7.625;7.2571;3.618802522481598;2.4513708270221146
7.5625;7.2286;3.618802522481598;2.4513708270221146
7.375;7.2286;3.618802522481598;2.4513708270221146
7.3125;7.1429;3.618802522481598;2.4513708270221146
7.5;7.1143;3.618802522481598;2.4513708270221146
7.5625;7.1429;3.618802522481598;2.4513708270221146
7.3125;7.0286;3.618802522481598;2.4513708270221146
6.9375;7.0;3.618802522481598;2.4513708270221146
6.8125;7.0;3.618802522481598;2.4513708270221146
6.875;6.9143;3.618802522481598;2.4513708270221146
6.9375;6.8286;3.618802522481598;2.4513708270221146
6.875;6.7714;3.618802522481598;2.4513708270221146
6.875;6.7429;3.618802522481598;2.4513708270221146
6.875;6.7429;3.618802522481598;2.4513708270221146
6.8125;6.6857;3.618802522481598;2.4513708270221146
6.5;6.6;3.618802522481598;2.4513708270221146
6.25;6.6;3.618802522481598;2.4513708270221146
6.125;6.6;3.618802522481598;2.4513708270221146
6.0625;6.4857;3.618802522481598;2.4513708270221146
6.0625;6.4857;3.618802522481598;2.4513708270221146
6.0625;6.4;3.618802522481598;2.4513708270221146
6.125;6.3429;3.618802522481598;2.4513708270221146
6.125;6.3429;3.618802522481598;2.4513708270221146
6.0625;6.2857;3.618802522481598;2.4513708270221146
5.875;6.2286;3.618802522481598;2.4513708270221146
5.6875;6.2286;3.618802522481598;2.4513708270221146
5.625;6.2;3.618802522481598;2.4513708270221146
5.6875;6.1429;3.618802522481598;2.4513708270221146
5.6875;6.0571;3.618802522481598;2.4513708270221146
5.6875;6.0;3.618802522481598;2.4513708270221146
5.625;6.0;3.618802522481598;2.4513708270221146
5.5;6.0;3.618802522481598;2.4513708270221146
5.375;5.9143;3.618802522481598;2.4513708270221146
5.4375;5.8857;3.618802522481598;2.4513708270221146
5.4375;5.8857;3.618802522481598;2.4513708270221146
5.25;5.8286;3.618802522481598;2.4513708270221146
5.0625;5.7429;3.618802522481598;2.4513708270221146
5.0625;5.7143;3.618802522481598;2.4513708270221146
5.0625;5.7143;3.618802522481598;2.4513708270221146
5.0;5.7143;3.618802522481598;2.4513708270221146
4.875;5.6571;3.618802522481598;2.4513708270221146
4.9375;5.6286;3.618802522481598;2.4513708270221146
5.1875;5.5429;3.618802522481598;2.4513708270221146
5.25;5.5429;3.618802522481598;2.4513708270221146
5.25;5.4571;3.618802522481598;2.4513708270221146
5.125;5.4;3.618802522481598;2.4513708270221146
5.0;5.4;3.618802522481598;2.4513708270221146
4.8125;5.3429;3.618802522481598;2.4513708270221146
4.625;5.3429;3.618802522481598;2.4513708270221146
4.5;5.3143;3.618802522481598;2.4513708270221146
4.4375;5.2286;3.618802522481598;2.4513708270221146
4.4375;5.2571;3.618802522481598;2.4513708270221146
4.5625;5.1714;3.618802522481598;2.4513708270221146
4.875;5.2;3.618802522481598;2.4513708270221146
5.25;5.1143;3.618802522481598;2.4513708270221146
5.375;5.0571;3.618802522481598;2.4513708270221146
5.3125;5.0;3.618802522481598;2.4513708270221146
5.0;5.0;3.618802522481598;2.4513708270221146
4.6875;4.9714;3.618802522481598;2.4513708270221146
4.5625;4.9143;3.618802522481598;2.4513708270221146
4.5;4.9143;3.618802522481598;2.4513708270221146
4.5;4.8571;3.618802522481598;2.4513708270221146
4.5;4.8;3.618802522481598;2.4513708270221146
4.4375;4.7714;3.618802522481598;2.4513708270221146
4.375;4.7143;3.618802522481598;2.4513708270221146
4.375;4.6857;3.618802522481598;2.4513708270221146
4.1875;4.6857;3.618802522481598;2.4513708270221146
4.0625;4.6;3.618802522481598;2.4513708270221146
4.125;4.6;3.618802522481598;2.4513708270221146
4.25;4.5714;3.618802522481598;2.4513708270221146
4.4375;4.5143;3.618802522481598;2.4513708270221146
4.4375;4.4857;3.618802522481598;2.4513708270221146
4.375;4.4571;3.618802522481598;2.4513708270221146
4.25;4.4571;3.618802522481598;2.4513708270221146
4.125;4.4;3.618802522481598;2.4513708270221146
4.0;4.4;3.618802522481598;2.4513708270221146
3.875;4.3429;3.618802522481598;2.4513708270221146
3.8125;4.2857;3.618802522481598;2.4513708270221146
3.8125;4.2571;3.618802522481598;2.4513708270221146
4.0;4.2;3.618802522481598;2.4513708270221146
4.25;4.1714;3.618802522481598;2.4513708270221146
4.375;4.1143;3.618802522481598;2.4513708270221146
4.4375;4.1143;3.618802522481598;2.4513708270221146
4.4375;4.0857;3.618802522481598;2.4513708270221146
4.375;4.0286;3.618802522481598;2.4513708270221146
4.125;4.0286;3.618802522481598;2.4513708270221146
3.625;4.0286;3.618802522481598;2.4513708270221146
3.0;4.0;3.618802522481598;2.4513708270221146
2.6875;3.9714;3.618802522481598;2.4513708270221146
2.8125;3.9714;3.618802522481598;2.4513708270221146
3.1875;3.9143;3.618802522481598;2.4513708270221146
3.375;3.8286;3.618802522481598;2.4513708270221146
3.3125;3.8;3.618802522481598;2.4513708270221146
3.1875;3.6857;3.618802522481598;2.4513708270221146
3.3125;3.7429;3.618802522481598;2.4513708270221146
3.5625;3.7429;3.618802522481598;2.4513708270221146
3.5625;3.6571;3.618802522481598;2.4513708270221146
3.3125;3.6571;3.618802522481598;2.4513708270221146
2.9375;3.6;3.618802522481598;2.4513708270221146
2.8125;3.6;3.618802522481598;2.4513708270221146
3.1875;3.5143;3.618802522481598;2.4513708270221146
3.625;3.4857;3.618802522481598;2.4513708270221146
3.9375;3.4571;3.618802522481598;2.4513708270221146
4.0;3.4571;3.618802522481598;2.4513708270221146
3.75;3.3714;3.618802522481598;2.4513708270221146
3.375;3.3143;3.618802522481598;2.4513708270221146
3.0625;3.2857;3.618802522481598;2.4513708270221146
3.125;3.2571;3.618802522481598;2.4513708270221146
3.25;3.3143;3.618802522481598;2.4513708270221146
3.125;3.2571;3.618802522481598;2.4513708270221146
2.9375;3.2571;3.618802522481598;2.4513708270221146
2.5625;3.2286;3.618802522481598;2.4513708270221146
2.125;3.1429;3.618802522481598;2.4513708270221146
1.8125;3.1714;3.618802522481598;2.4513708270221146
1.6875;3.0857;3.618802522481598;2.4513708270221146
1.625;3.0857;3.618802522481598;2.4513708270221146
1.8125;3.0571;3.618802522481598;2.4513708270221146
2.25;2.9714;3.618802522481598;2.4513708270221146
2.5625;2.9714;3.618802522481598;2.4513708270221146
2.6875;2.9429;3.618802522481598;2.4513708270221146
2.75;2.8857;3.618802522481598;2.4513708270221146
2.8125;2.7714;3.618802522481598;2.4513708270221146
2.8125;2.8286;3.618802522481598;2.4513708270221146
2.625;2.8;3.618802522481598;2.4513708270221146
2.375;2.8;3.618802522481598;2.4513708270221146
2.125;2.6857;3.618802522481598;2.4513708270221146
2.3125;2.7143;3.618802522481598;2.4513708270221146
2.5625;2.6571;3.618802522481598;2.4513708270221146
2.6875;2.6286;3.618802522481598;2.4513708270221146
2.8125;2.6;3.618802522481598;2.4513708270221146
3.0;2.5714;3.618802522481598;2.4513708270221146
3.0625;2.5714;3.618802522481598;2.4513708270221146
2.625;2.4857;3.618802522481598;2.4513708270221146
1.6875;2.4857;3.618802522481598;2.4513708270221146
0.8125;2.5143;3.618802522481598;2.4513708270221146
0.5;2.3429;3.618802522481598;2.4513708270221146
0.4375;2.4;3.618802522481598;2.4513708270221146
0.375;2.3714;3.618802522481598;2.4513708270221146
0.1875;2.3143;3.618802522481598;2.4513708270221146
0.0625;2.3143;3.618802522481598;2.4513708270221146
0.0625;2.3429;3.618802522481598;2.4513708270221146
0.375;2.3143;3.618802522481598;2.4513708270221146
1.0625;2.2571;3.618802522481598;2.4513708270221146
1.6875;2.2;3.618802522481598;2.4513708270221146
1.9375;2.2;3.618802522481598;2.4513708270221146
1.875;2.1714;3.618802522481598;2.4513708270221146
1.8125;2.1143;3.618802522481598;2.4513708270221146
1.75;2.1714;3.618802522481598;2.4513708270221146
1.75;2.0857;3.618802522481598;2.4513708270221146
1.875;2.0571;3.618802522481598;2.4513708270221146
1.8125;2.0286;3.618802522481598;2.4513708270221146
1.3125;1.9714;3.618802522481598;2.4513708270221146
0.6875;1.9714;3.618802522481598;2.4513708270221146
0.3125;1.9714;3.618802522481598;2.4513708270221146
0.125;1.8857;3.618802522481598;2.4513708270221146
0.0;1.9143;3.618802522481598;2.4513708270221146
0.0;1.8857;3.618802522481598;2.4513708270221146
0.0;1.8857;3.618802522481598;2.4513708270221146
0.0;1.8;3.618802522481598;2.4513708270221146
0.0;1.7429;3.618802522481598;2.4513708270221146
0.0;1.8286;3.618802522481598;2.4513708270221146
0.0625;1.7429;3.618802522481598;2.4513708270221146
0.375;1.6286;3.618802522481598;2.4513708270221146
0.625;1.7143;3.618802522481598;2.4513708270221146
0.9375;1.6286;3.618802522481598;2.4513708270221146
1.25;1.7143;3.618802522481598;2.4513708270221146
1.25;1.6857;3.618802522481598;2.4513708270221146
0.75;1.5429;3.618802522481598;2.4513708270221146
0.3125;1.5714;3.618802522481598;2.4513708270221146
0.0625;1.5143;3.618802522481598;2.4513708270221146
0.0;1.5714;3.618802522481598;2.4513708270221146
0.0;1.5429;3.618802522481598;2.4513708270221146
0.0;1.5429;3.618802522481598;2.4513708270221146
0.25;1.4286;3.618802522481598;2.4513708270221146
0.8125;1.4571;3.618802522481598;2.4513708270221146
1.0;1.4;3.618802522481598;2.4513708270221146
0.625;1.3429;3.618802522481598;2.4513708270221146
0.25;1.3143;3.618802522481598;2.4513708270221146
0.0;1.2857;3.618802522481598;2.4513708270221146
0.0;1.2571;3.618802522481598;2.4513708270221146
0.0;1.2571;3.618802522481598;2.4513708270221146
0.0;1.2571;3.618802522481598;2.4513708270221146
0.0;1.2571;3.618802522481598;2.4513708270221146
0.0;1.2286;3.618802522481598;2.4513708270221146
0.0625;1.2;3.618802522481598;2.4513708270221146
0.3125;1.1429;3.618802522481598;2.4513708270221146
0.375;1.1714;3.618802522481598;2.4513708270221146
0.3125;1.0571;3.618802522481598;2.4513708270221146
0.3125;1.0571;3.618802522481598;2.4513708270221146
0.125;1.0857;3.618802522481598;2.4513708270221146
-0.125;1.0286;3.618802522481598;2.4513708270221146
-0.25;1.0286;3.618802522481598;2.4513708270221146
-0.1875;1.0;3.618802522481598;2.4513708270221146
0.0;0.9429;3.618802522481598;2.4513708270221146
0.0625;0.9714;3.618802522481598;2.4513708270221146
0.1875;0.9143;3.618802522481598;2.4513708270221146
0.4375;0.9429;3.618802522481598;2.4513708270221146
0.4375;0.9143;3.618802522481598;2.4513708270221146
0.25;0.8571;3.618802522481598;2.4513708270221146
0.125;0.8;3.618802522481598;2.4513708270221146
0.0;0.9143;3.618802522481598;2.4513708270221146
0.0;0.8571;3.618802522481598;2.4513708270221146
0.0;0.7429;3.618802522481598;2.4513708270221146
-0.0625;0.8;3.618802522481598;2.4513708270221146
-0.25;0.8;3.618802522481598;2.4513708270221146
-0.3125;0.7429;3.618802522481598;2.4513708270221146
-0.1875;0.7143;3.618802522481598;2.4513708270221146
-0.0625;0.7143;3.618802522481598;2.4513708270221146
0.0;0.7714;3.618802522481598;2.4513708270221146
0.0;0.6286;3.618802522481598;2.4513708270221146
0.0;0.6857;3.618802522481598;2.4513708270221146
0.0;0.6;3.618802522481598;2.4513708270221146
0.0;0.6571;3.618802522481598;2.4513708270221146
0.0;0.6286;3.618802522481598;2.4513708270221146
0.0;0.6;3.618802522481598;2.4513708270221146
-0.0625;0.5429;3.618802522481598;2.4513708270221146
-0.25;0.5143;3.618802522481598;2.4513708270221146
-0.3125;0.6;3.618802522481598;2.4513708270221146
-0.1875;0.6;3.618802522481598;2.4513708270221146
-0.0625;0.5714;3.618802522481598;2.4513708270221146
0.0;0.4571;3.618802522481598;2.4513708270221146
0.125;0.4571;3.618802522481598;2.4513708270221146
0.4375;0.4571;3.618802522481598;2.4513708270221146
0.5;0.5143;3.618802522481598;2.4513708270221146
0.3125;0.4571;3.618802522481598;2.4513708270221146
0.125;0.5714;3.618802522481598;2.4513708270221146
-0.125;0.4571;3.618802522481598;2.4513708270221146
-0.5625;0.3429;3.618802522481598;2.4513708270221146
-0.9375;0.5143;3.618802522481598;2.4513708270221146
-0.8125;0.3714;3.618802522481598;2.4513708270221146
-0.5;0.4857;3.618802522481598;2.4513708270221146
-0.25;0.4857;3.618802522481598;2.4513708270221146
0.0625;0.4;3.618802522481598;2.4513708270221146
0.375;0.3429;3.618802522481598;2.4513708270221146
0.3125;0.3714;3.618802522481598;2.4513708270221146
0.1875;0.2571;3.618802522481598;2.4513708270221146
0.375;0.3429;3.618802522481598;2.4513708270221146
0.8125;0.3143;3.618802522481598;2.4513708270221146
0.875;0.3143;3.618802522481598;2.4513708270221146
0.25;0.2571;3.618802522481598;2.4513708270221146
-0.375;0.2571;3.618802522481598;2.4513708270221146
-0.875;0.2571;3.618802522481598;2.4513708270221146
-1.0625;0.2286;3.618802522481598;2.4513708270221146
-1.0625;0.1714;3.618802522481598;2.4513708270221146
-1.0;0.2571;3.618802522481598;2.4513708270221146
-0.8125;0.1714;3.618802522481598;2.4513708270221146
-0.4375;0.1714;3.618802522481598;2.4513708270221146
-0.1875;0.3143;3.618802522481598;2.4513708270221146
0.0;0.3143;3.618802522481598;2.4513708270221146
0.0625;0.2571;3.618802522481598;2.4513708270221146
-0.25;0.2857;3.618802522481598;2.4513708270221146
-0.4375;0.2286;3.618802522481598;2.4513708270221146
-0.3125;0.1429;3.618802522481598;2.4513708270221146
-0.0625;0.2286;3.618802522481598;2.4513708270221146
0.125;0.2;3.618802522481598;2.4513708270221146
0.25;0.1714;3.618802522481598;2.4513708270221146
0.1875;0.2;3.618802522481598;2.4513708270221146
0.25;0.2286;3.618802522481598;2.4513708270221146
0.0;0.2;3.618802522481598;2.4513708270221146
-0.5;0.2;3.618802522481598;2.4513708270221146
-0.5;0.2;3.618802522481598;2.4513708270221146
-0.0625;0.2;3.618802522481598;2.4513708270221146
0.125;0.1714;3.618802522481598;2.4513708270221146
0.1875;0.1143;3.618802522481598;2.4513708270221146
0.125;0.0571;3.618802522481598;2.4513708270221146
0.0;0.1143;3.618802522481598;2.4513708270221146
0.0;0.1143;3.618802522481598;2.4513708270221146
0.0;0.1429;3.618802522481598;2.4513708270221146
0.0;0.1714;3.618802522481598;2.4513708270221146
0.125;0.2571;3.618802522481598;2.4513708270221146
0.125;0.1143;3.618802522481598;2.4513708270221146
0.0625;0.1143;3.618802522481598;2.4513708270221146
0.0;0.1429;3.618802522481598;2.4513708270221146
0.0;0.1429;3.618802522481598;2.4513708270221146
0.0;0.1143;3.618802522481598;2.4513708270221146
0.0;0.1143;3.618802522481598;2.4513708270221146
-0.1875;0.1714;3.618802522481598;2.4513708270221146
-0.5625;0.1143;3.618802522481598;2.4513708270221146
-0.75;0.1429;3.618802522481598;2.4513708270221146
-0.5;0.1714;3.618802522481598;2.4513708270221146
0.1875;0.1429;3.618802522481598;2.4513708270221146
0.9375;0.1143;3.618802522481598;2.4513708270221146
1.0;0.2571;3.618802522481598;2.4513708270221146
0.625;0.0286;3.618802522481598;2.4513708270221146
0.25;0.1429;3.618802522481598;2.4513708270221146
0.125;0.0857;3.618802522481598;2.4513708270221146
