SF-A-022;Sensirion;RMSE;MAE
-6.3125;-7.3429;5.342815000109149;3.4187773329319686
-6.4375;-7.3143;5.342815000109149;3.4187773329319686
-6.75;-7.2286;5.342815000109149;3.4187773329319686
-7.0;-7.2286;5.342815000109149;3.4187773329319686
-7.0;-7.2571;5.342815000109149;3.4187773329319686
-6.875;-7.1714;5.342815000109149;3.4187773329319686
-6.6875;-7.1714;5.342815000109149;3.4187773329319686
-6.4375;-7.1143;5.342815000109149;3.4187773329319686
-6.0;-7.1429;5.342815000109149;3.4187773329319686
-5.5;-7.0857;5.342815000109149;3.4187773329319686
-5.375;-7.0286;5.342815000109149;3.4187773329319686
-5.5625;-7.0;5.342815000109149;3.4187773329319686
-5.875;-6.9429;5.342815000109149;3.4187773329319686
-6.125;-6.9714;5.342815000109149;3.4187773329319686
-6.1875;-6.9143;5.342815000109149;3.4187773329319686
-5.875;-6.8857;5.342815000109149;3.4187773329319686
-5.375;-6.8571;5.342815000109149;3.4187773329319686
-5.0;-6.8;5.342815000109149;3.4187773329319686
-4.9375;-6.7429;5.342815000109149;3.4187773329319686
-4.875;-6.7714;5.342815000109149;3.4187773329319686
-4.875;-6.6571;5.342815000109149;3.4187773329319686
-5.0;-6.7143;5.342815000109149;3.4187773329319686
-5.25;-6.6286;5.342815000109149;3.4187773329319686
-5.4375;-6.6286;5.342815000109149;3.4187773329319686
-5.5;-6.6857;5.342815000109149;3.4187773329319686
-5.5625;-6.6286;5.342815000109149;3.4187773329319686
-5.5625;-6.6857;5.342815000109149;3.4187773329319686
-5.5625;-6.7143;5.342815000109149;3.4187773329319686
-5.625;-6.7429;5.342815000109149;3.4187773329319686
-5.625;-6.8571;5.342815000109149;3.4187773329319686
-5.75;-6.9143;5.342815000109149;3.4187773329319686
-5.9375;-7.0286;5.342815000109149;3.4187773329319686
-6.125;-7.1714;5.342815000109149;3.4187773329319686
-5.9375;-7.2571;5.342815000109149;3.4187773329319686
-5.375;-7.4571;5.342815000109149;3.4187773329319686
-4.875;-7.5429;5.342815000109149;3.4187773329319686
-5.0625;-7.7714;5.342815000109149;3.4187773329319686
-5.5625;-7.9714;5.342815000109149;3.4187773329319686
-6.0625;-8.1714;5.342815000109149;3.4187773329319686
-6.5625;-8.4286;5.342815000109149;3.4187773329319686
-6.9375;-8.6857;5.342815000109149;3.4187773329319686
-7.0625;-9.0571;5.342815000109149;3.4187773329319686
-7.25;-9.3429;5.342815000109149;3.4187773329319686
-7.625;-9.7143;5.342815000109149;3.4187773329319686
-8.0;-10.0286;5.342815000109149;3.4187773329319686
-8.3125;-10.3429;5.342815000109149;3.4187773329319686
-8.625;-10.8;5.342815000109149;3.4187773329319686
-8.9375;-11.1429;5.342815000109149;3.4187773329319686
-9.1875;-11.6;5.342815000109149;3.4187773329319686
-9.3125;-11.9714;5.342815000109149;3.4187773329319686
-9.625;-12.4857;5.342815000109149;3.4187773329319686
-10.4375;-12.8857;5.342815000109149;3.4187773329319686
-11.125;-13.4571;5.342815000109149;3.4187773329319686
-11.375;-14.0571;5.342815000109149;3.4187773329319686
-11.1875;-14.5143;5.342815000109149;3.4187773329319686
-10.9375;-15.1429;5.342815000109149;3.4187773329319686
-10.75;-15.7429;5.342815000109149;3.4187773329319686
-10.625;-16.4;5.342815000109149;3.4187773329319686
-10.625;-17.0286;5.342815000109149;3.4187773329319686
-10.875;-17.6286;5.342815000109149;3.4187773329319686
-11.9375;-18.2286;5.342815000109149;3.4187773329319686
-13.8125;-19.0286;5.342815000109149;3.4187773329319686
-15.625;-19.6571;5.342815000109149;3.4187773329319686
-17.0;-20.3714;5.342815000109149;3.4187773329319686
-17.8125;-21.0571;5.342815000109149;3.4187773329319686
-18.4375;-21.6571;5.342815000109149;3.4187773329319686
-19.0;-22.4;5.342815000109149;3.4187773329319686
-19.4375;-23.0;5.342815000109149;3.4187773329319686
-19.9375;-23.5429;5.342815000109149;3.4187773329319686
-20.75;-24.3714;5.342815000109149;3.4187773329319686
-21.9375;-24.9429;5.342815000109149;3.4187773329319686
-23.375;-25.6571;5.342815000109149;3.4187773329319686
-24.8125;-26.3714;5.342815000109149;3.4187773329319686
-25.8125;-27.0286;5.342815000109149;3.4187773329319686
-26.3125;-27.7714;5.342815000109149;3.4187773329319686
-26.6875;-28.6;5.342815000109149;3.4187773329319686
-27.5;-29.2857;5.342815000109149;3.4187773329319686
-28.4375;-29.8857;5.342815000109149;3.4187773329319686
-29.0625;-30.4;5.342815000109149;3.4187773329319686
-29.375;-31.1429;5.342815000109149;3.4187773329319686
-29.625;-31.8286;5.342815000109149;3.4187773329319686
-30.3125;-32.4286;5.342815000109149;3.4187773329319686
-31.4375;-33.2286;5.342815000109149;3.4187773329319686
-32.3125;-33.8286;5.342815000109149;3.4187773329319686
-32.8125;-34.4857;5.342815000109149;3.4187773329319686
-33.3125;-35.2571;5.342815000109149;3.4187773329319686
-34.0;-35.9143;5.342815000109149;3.4187773329319686
-34.625;-36.6286;5.342815000109149;3.4187773329319686
-34.9375;-37.3714;5.342815000109149;3.4187773329319686
-35.0625;-37.9714;5.342815000109149;3.4187773329319686
-35.0625;-38.8;5.342815000109149;3.4187773329319686
-35.125;-39.4571;5.342815000109149;3.4187773329319686
-35.875;-40.0857;5.342815000109149;3.4187773329319686
-37.75;-40.7714;5.342815000109149;3.4187773329319686
-39.75;-41.3143;5.342815000109149;3.4187773329319686
-41.0625;-41.8571;5.342815000109149;3.4187773329319686
-41.6875;-42.8571;5.342815000109149;3.4187773329319686
-41.625;-43.3143;5.342815000109149;3.4187773329319686
-42.0;-44.2857;5.342815000109149;3.4187773329319686
-43.625;-45.2;5.342815000109149;3.4187773329319686
-44.875;-45.9714;5.342815000109149;3.4187773329319686
-44.9375;-46.4857;5.342815000109149;3.4187773329319686
-45.1875;-47.1143;5.342815000109149;3.4187773329319686
-45.875;-47.6571;5.342815000109149;3.4187773329319686
-46.75;-48.4;5.342815000109149;3.4187773329319686
-47.8125;-48.8571;5.342815000109149;3.4187773329319686
-48.625;-49.3714;5.342815000109149;3.4187773329319686
-49.5;-50.0857;5.342815000109149;3.4187773329319686
-49.8125;-51.0;5.342815000109149;3.4187773329319686
-49.5;-51.3429;5.342815000109149;3.4187773329319686
-49.75;-51.8857;5.342815000109149;3.4187773329319686
-50.4375;-52.2571;5.342815000109149;3.4187773329319686
-51.75;-53.2;5.342815000109149;3.4187773329319686
-53.3125;-53.5429;5.342815000109149;3.4187773329319686
-54.375;-54.5143;5.342815000109149;3.4187773329319686
-54.3125;-54.9143;5.342815000109149;3.4187773329319686
-53.6875;-55.2;5.342815000109149;3.4187773329319686
-53.375;-56.1143;5.342815000109149;3.4187773329319686
-53.8125;-56.3429;5.342815000109149;3.4187773329319686
-54.5625;-57.0857;5.342815000109149;3.4187773329319686
-55.125;-57.3714;5.342815000109149;3.4187773329319686
-55.375;-57.8857;5.342815000109149;3.4187773329319686
-55.4375;-58.7429;5.342815000109149;3.4187773329319686
-55.6875;-58.4857;5.342815000109149;3.4187773329319686
-56.5625;-59.5143;5.342815000109149;3.4187773329319686
-58.125;-60.1143;5.342815000109149;3.4187773329319686
-60.0625;-60.5429;5.342815000109149;3.4187773329319686
-61.125;-61.7714;5.342815000109149;3.4187773329319686
-61.5;-61.9143;5.342815000109149;3.4187773329319686
-62.0;-62.2571;5.342815000109149;3.4187773329319686
-61.9375;-63.3143;5.342815000109149;3.4187773329319686
-61.5625;-63.5429;5.342815000109149;3.4187773329319686
-61.875;-63.8;5.342815000109149;3.4187773329319686
-63.0625;-64.6571;5.342815000109149;3.4187773329319686
-64.1875;-65.0857;5.342815000109149;3.4187773329319686
-64.6875;-65.6286;5.342815000109149;3.4187773329319686
-65.375;-66.4;5.342815000109149;3.4187773329319686
-66.375;-66.1143;5.342815000109149;3.4187773329319686
-67.5625;-66.6857;5.342815000109149;3.4187773329319686
-68.75;-67.9143;5.342815000109149;3.4187773329319686
-69.9375;-68.3429;5.342815000109149;3.4187773329319686
-70.625;-68.8286;5.342815000109149;3.4187773329319686
-70.625;-68.8;5.342815000109149;3.4187773329319686
-69.8125;-69.6286;5.342815000109149;3.4187773329319686
-69.0;-69.7429;5.342815000109149;3.4187773329319686
-69.8125;-70.5429;5.342815000109149;3.4187773329319686
-71.5;-71.9429;5.342815000109149;3.4187773329319686
-72.625;-72.0857;5.342815000109149;3.4187773329319686
-73.3125;-72.4571;5.342815000109149;3.4187773329319686
-73.5;-73.1429;5.342815000109149;3.4187773329319686
-72.5625;-74.0571;5.342815000109149;3.4187773329319686
-71.0;-74.7143;5.342815000109149;3.4187773329319686
-69.875;-74.4286;5.342815000109149;3.4187773329319686
-69.3125;-74.8857;5.342815000109149;3.4187773329319686
-69.1875;-76.2;5.342815000109149;3.4187773329319686
-69.6875;-76.6571;5.342815000109149;3.4187773329319686
-71.5;-77.1714;5.342815000109149;3.4187773329319686
-73.5625;-76.9714;5.342815000109149;3.4187773329319686
-74.5625;-77.8;5.342815000109149;3.4187773329319686
-75.375;-78.0857;5.342815000109149;3.4187773329319686
-76.5;-78.6;5.342815000109149;3.4187773329319686
-77.125;-79.2571;5.342815000109149;3.4187773329319686
-77.625;-78.8;5.342815000109149;3.4187773329319686
-79.25;-79.3143;5.342815000109149;3.4187773329319686
-81.4375;-80.2857;5.342815000109149;3.4187773329319686
-82.1875;-81.1143;5.342815000109149;3.4187773329319686
-81.5625;-81.7714;5.342815000109149;3.4187773329319686
-81.125;-81.3714;5.342815000109149;3.4187773329319686
-81.8125;-81.9143;5.342815000109149;3.4187773329319686
-82.4375;-82.5143;5.342815000109149;3.4187773329319686
-81.8125;-83.1429;5.342815000109149;3.4187773329319686
-80.1875;-83.6286;5.342815000109149;3.4187773329319686
-80.5625;-83.6286;5.342815000109149;3.4187773329319686
-83.0625;-84.2;5.342815000109149;3.4187773329319686
-84.75;-84.0571;5.342815000109149;3.4187773329319686
-85.3125;-84.6;5.342815000109149;3.4187773329319686
-85.75;-85.6857;5.342815000109149;3.4187773329319686
-85.875;-86.8857;5.342815000109149;3.4187773329319686
-85.25;-86.4286;5.342815000109149;3.4187773329319686
-84.6875;-86.8857;5.342815000109149;3.4187773329319686
-84.5;-86.8857;5.342815000109149;3.4187773329319686
-84.75;-87.0571;5.342815000109149;3.4187773329319686
-85.9375;-87.2857;5.342815000109149;3.4187773329319686
-87.4375;-87.9429;5.342815000109149;3.4187773329319686
-88.5;-88.0;5.342815000109149;3.4187773329319686
-89.0;-88.6;5.342815000109149;3.4187773329319686
-89.125;-89.0286;5.342815000109149;3.4187773329319686
-88.9375;-88.5714;5.342815000109149;3.4187773329319686
-88.6875;-89.8;5.342815000109149;3.4187773329319686
-89.25;-91.0571;5.342815000109149;3.4187773329319686
-91.375;-90.2;5.342815000109149;3.4187773329319686
-92.9375;-89.6571;5.342815000109149;3.4187773329319686
-91.4375;-90.0286;5.342815000109149;3.4187773329319686
-89.875;-92.2571;5.342815000109149;3.4187773329319686
-90.9375;-91.6286;5.342815000109149;3.4187773329319686
-92.0625;-92.0;5.342815000109149;3.4187773329319686
-91.75;-91.4857;5.342815000109149;3.4187773329319686
-91.3125;-92.0571;5.342815000109149;3.4187773329319686
-92.0625;-93.1143;5.342815000109149;3.4187773329319686
-93.375;-92.7714;5.342815000109149;3.4187773329319686
-93.5625;-93.7714;5.342815000109149;3.4187773329319686
-93.25;-94.3143;5.342815000109149;3.4187773329319686
-93.75;-94.5143;5.342815000109149;3.4187773329319686
-94.125;-96.2857;5.342815000109149;3.4187773329319686
-94.125;-96.1714;5.342815000109149;3.4187773329319686
-94.8125;-96.7714;5.342815000109149;3.4187773329319686
-94.4375;-96.0857;5.342815000109149;3.4187773329319686
-94.0625;-96.8;5.342815000109149;3.4187773329319686
-95.625;-96.6571;5.342815000109149;3.4187773329319686
-96.875;-96.8;5.342815000109149;3.4187773329319686
-96.6875;-97.6;5.342815000109149;3.4187773329319686
-96.875;-97.1429;5.342815000109149;3.4187773329319686
-97.8125;-97.7714;5.342815000109149;3.4187773329319686
-99.4375;-98.1429;5.342815000109149;3.4187773329319686
-101.75;-99.5714;5.342815000109149;3.4187773329319686
-103.9375;-99.3143;5.342815000109149;3.4187773329319686
-105.1875;-99.6857;5.342815000109149;3.4187773329319686
-105.625;-100.0286;5.342815000109149;3.4187773329319686
-105.625;-99.9429;5.342815000109149;3.4187773329319686
-104.5625;-101.2;5.342815000109149;3.4187773329319686
-103.0625;-102.2857;5.342815000109149;3.4187773329319686
-102.9375;-102.3143;5.342815000109149;3.4187773329319686
-103.125;-102.3429;5.342815000109149;3.4187773329319686
-102.75;-102.7143;5.342815000109149;3.4187773329319686
-103.1875;-102.5429;5.342815000109149;3.4187773329319686
-103.875;-103.4571;5.342815000109149;3.4187773329319686
-103.4375;-102.7714;5.342815000109149;3.4187773329319686
-102.6875;-102.7143;5.342815000109149;3.4187773329319686
-103.125;-103.9429;5.342815000109149;3.4187773329319686
-104.1875;-103.1714;5.342815000109149;3.4187773329319686
-104.0625;-104.0857;5.342815000109149;3.4187773329319686
-103.9375;-104.1714;5.342815000109149;3.4187773329319686
-105.125;-103.8857;5.342815000109149;3.4187773329319686
-105.9375;-104.3714;5.342815000109149;3.4187773329319686
-105.9375;-104.7143;5.342815000109149;3.4187773329319686
-105.875;-106.2571;5.342815000109149;3.4187773329319686
-105.3125;-105.8;5.342815000109149;3.4187773329319686
-104.875;-105.8857;5.342815000109149;3.4187773329319686
-105.75;-106.3429;5.342815000109149;3.4187773329319686
-106.875;-106.3714;5.342815000109149;3.4187773329319686
-107.4375;-108.0286;5.342815000109149;3.4187773329319686
-108.1875;-108.6857;5.342815000109149;3.4187773329319686
-108.4375;-108.2;5.342815000109149;3.4187773329319686
-107.0625;-108.1143;5.342815000109149;3.4187773329319686
-105.5625;-108.2571;5.342815000109149;3.4187773329319686
-104.6875;-109.9143;5.342815000109149;3.4187773329319686
-103.375;-108.7143;5.342815000109149;3.4187773329319686
-101.75;-109.2857;5.342815000109149;3.4187773329319686
-100.625;-110.0571;5.342815000109149;3.4187773329319686
-100.125;-109.9143;5.342815000109149;3.4187773329319686
-100.0;-111.0571;5.342815000109149;3.4187773329319686
-100.875;-109.9143;5.342815000109149;3.4187773329319686
-102.9375;-110.6857;5.342815000109149;3.4187773329319686
-104.8125;-110.1429;5.342815000109149;3.4187773329319686
-106.8125;-109.4;5.342815000109149;3.4187773329319686
-109.875;-110.7143;5.342815000109149;3.4187773329319686
-112.625;-111.7714;5.342815000109149;3.4187773329319686
-113.6875;-113.1714;5.342815000109149;3.4187773329319686
-112.6875;-112.0;5.342815000109149;3.4187773329319686
-111.0;-112.7429;5.342815000109149;3.4187773329319686
-111.0;-113.5429;5.342815000109149;3.4187773329319686
-112.125;-112.7714;5.342815000109149;3.4187773329319686
-112.8125;-112.4571;5.342815000109149;3.4187773329319686
-113.125;-113.1429;5.342815000109149;3.4187773329319686
-113.5;-114.0286;5.342815000109149;3.4187773329319686
-113.125;-114.3714;5.342815000109149;3.4187773329319686
-113.0;-115.4571;5.342815000109149;3.4187773329319686
-113.375;-113.5143;5.342815000109149;3.4187773329319686
-113.1875;-114.2857;5.342815000109149;3.4187773329319686
-113.875;-115.0857;5.342815000109149;3.4187773329319686
-115.6875;-115.7143;5.342815000109149;3.4187773329319686
-117.0;-115.6;5.342815000109149;3.4187773329319686
-117.75;-115.5429;5.342815000109149;3.4187773329319686
-118.3125;-114.8571;5.342815000109149;3.4187773329319686
-119.125;-115.5429;5.342815000109149;3.4187773329319686
-120.5625;-115.2286;5.342815000109149;3.4187773329319686
-121.0625;-115.6286;5.342815000109149;3.4187773329319686
-119.5625;-117.6571;5.342815000109149;3.4187773329319686
-117.8125;-117.6571;5.342815000109149;3.4187773329319686
-116.875;-117.4857;5.342815000109149;3.4187773329319686
-116.625;-116.6857;5.342815000109149;3.4187773329319686
-116.6875;-117.2857;5.342815000109149;3.4187773329319686
-116.875;-117.0571;5.342815000109149;3.4187773329319686
-117.1875;-119.1714;5.342815000109149;3.4187773329319686
-117.875;-119.6;5.342815000109149;3.4187773329319686
-118.75;-119.4571;5.342815000109149;3.4187773329319686
-120.1875;-118.5714;5.342815000109149;3.4187773329319686
-120.5;-119.3429;5.342815000109149;3.4187773329319686
-119.5;-120.1143;5.342815000109149;3.4187773329319686
-118.375;-119.7714;5.342815000109149;3.4187773329319686
-117.25;-120.3143;5.342815000109149;3.4187773329319686
-117.625;-119.2571;5.342815000109149;3.4187773329319686
-118.125;-118.9714;5.342815000109149;3.4187773329319686
-118.8125;-120.0286;5.342815000109149;3.4187773329319686
-121.0;-119.0857;5.342815000109149;3.4187773329319686
-122.1875;-120.5143;5.342815000109149;3.4187773329319686
-122.3125;-119.4571;5.342815000109149;3.4187773329319686
-122.375;-119.2;5.342815000109149;3.4187773329319686
-122.0;-120.8;5.342815000109149;3.4187773329319686
-121.875;-121.6286;5.342815000109149;3.4187773329319686
-121.8125;-121.8;5.342815000109149;3.4187773329319686
-120.9375;-119.9429;5.342815000109149;3.4187773329319686
-118.8125;-122.0571;5.342815000109149;3.4187773329319686
-117.125;-122.6286;5.342815000109149;3.4187773329319686
-117.8125;-122.8286;5.342815000109149;3.4187773329319686
-119.3125;-123.1714;5.342815000109149;3.4187773329319686
-120.625;-122.2286;5.342815000109149;3.4187773329319686
-121.6875;-123.8571;5.342815000109149;3.4187773329319686
-122.4375;-124.4286;5.342815000109149;3.4187773329319686
-123.0;-124.1429;5.342815000109149;3.4187773329319686
-122.5625;-125.1714;5.342815000109149;3.4187773329319686
-121.25;-125.0;5.342815000109149;3.4187773329319686
-120.1875;-125.8571;5.342815000109149;3.4187773329319686
-119.5625;-125.7429;5.342815000109149;3.4187773329319686
-119.375;-126.1429;5.342815000109149;3.4187773329319686
-119.9375;-125.5714;5.342815000109149;3.4187773329319686
-121.4375;-125.2;5.342815000109149;3.4187773329319686
-122.875;-126.0571;5.342815000109149;3.4187773329319686
-122.9375;-124.5429;5.342815000109149;3.4187773329319686
-122.5625;-125.0857;5.342815000109149;3.4187773329319686
-123.3125;-125.3714;5.342815000109149;3.4187773329319686
-125.5;-127.3714;5.342815000109149;3.4187773329319686
-127.375;-125.6571;5.342815000109149;3.4187773329319686
-126.375;-126.2;5.342815000109149;3.4187773329319686
-123.6875;-125.6571;5.342815000109149;3.4187773329319686
-122.8125;-127.4;5.342815000109149;3.4187773329319686
-122.3125;-125.1429;5.342815000109149;3.4187773329319686
-121.875;-125.4;5.342815000109149;3.4187773329319686
-123.1875;-126.7429;5.342815000109149;3.4187773329319686
-123.9375;-126.3429;5.342815000109149;3.4187773329319686
-124.0625;-125.8857;5.342815000109149;3.4187773329319686
-124.4375;-126.1429;5.342815000109149;3.4187773329319686
-124.625;-126.6;5.342815000109149;3.4187773329319686
-125.3125;-128.2;5.342815000109149;3.4187773329319686
-126.3125;-127.5714;5.342815000109149;3.4187773329319686
-127.375;-126.9429;5.342815000109149;3.4187773329319686
-128.0625;-128.3429;5.342815000109149;3.4187773329319686
-127.8125;-129.0286;5.342815000109149;3.4187773329319686
-126.875;-127.0;5.342815000109149;3.4187773329319686
-125.6875;-127.5429;5.342815000109149;3.4187773329319686
-124.8125;-129.9714;5.342815000109149;3.4187773329319686
-124.875;-127.9429;5.342815000109149;3.4187773329319686
-124.8125;-128.8286;5.342815000109149;3.4187773329319686
-124.0;-128.8571;5.342815000109149;3.4187773329319686
-123.3125;-129.1143;5.342815000109149;3.4187773329319686
-122.875;-129.6;5.342815000109149;3.4187773329319686
-122.75;-128.6;5.342815000109149;3.4187773329319686
-122.75;-130.0857;5.342815000109149;3.4187773329319686
-123.1875;-131.0;5.342815000109149;3.4187773329319686
-124.25;-130.4857;5.342815000109149;3.4187773329319686
-124.8125;-130.7429;5.342815000109149;3.4187773329319686
-124.4375;-131.4;5.342815000109149;3.4187773329319686
-124.125;-131.1143;5.342815000109149;3.4187773329319686
-124.375;-130.4857;5.342815000109149;3.4187773329319686
-125.375;-129.5714;5.342815000109149;3.4187773329319686
-126.5;-130.4571;5.342815000109149;3.4187773329319686
-127.0;-131.0286;5.342815000109149;3.4187773329319686
-127.0625;-130.9143;5.342815000109149;3.4187773329319686
-127.5625;-131.0571;5.342815000109149;3.4187773329319686
-128.0;-131.4857;5.342815000109149;3.4187773329319686
-126.6875;-132.6;5.342815000109149;3.4187773329319686
-126.25;-133.0;5.342815000109149;3.4187773329319686
-127.4375;-132.6;5.342815000109149;3.4187773329319686
-128.375;-131.5714;5.342815000109149;3.4187773329319686
-129.1875;-132.9143;5.342815000109149;3.4187773329319686
-129.875;-132.6;5.342815000109149;3.4187773329319686
-130.0625;-132.3714;5.342815000109149;3.4187773329319686
-128.8125;-132.9714;5.342815000109149;3.4187773329319686
-127.375;-132.9714;5.342815000109149;3.4187773329319686
-127.4375;-132.8571;5.342815000109149;3.4187773329319686
-127.6875;-132.8286;5.342815000109149;3.4187773329319686
-127.1875;-133.8857;5.342815000109149;3.4187773329319686
-126.5625;-133.8571;5.342815000109149;3.4187773329319686
-127.125;-134.1143;5.342815000109149;3.4187773329319686
-130.125;-135.6286;5.342815000109149;3.4187773329319686
-134.125;-134.1714;5.342815000109149;3.4187773329319686
-136.9375;-135.6571;5.342815000109149;3.4187773329319686
-138.1875;-135.3429;5.342815000109149;3.4187773329319686
-138.5;-133.5714;5.342815000109149;3.4187773329319686
-137.25;-136.2286;5.342815000109149;3.4187773329319686
-134.5625;-135.4286;5.342815000109149;3.4187773329319686
-132.4375;-134.9429;5.342815000109149;3.4187773329319686
-130.9375;-133.6571;5.342815000109149;3.4187773329319686
-129.5625;-134.6857;5.342815000109149;3.4187773329319686
-129.5625;-134.4571;5.342815000109149;3.4187773329319686
-130.4375;-135.2;5.342815000109149;3.4187773329319686
-130.5;-137.1429;5.342815000109149;3.4187773329319686
-131.4375;-134.6857;5.342815000109149;3.4187773329319686
-134.125;-136.2;5.342815000109149;3.4187773329319686
-136.3125;-136.9714;5.342815000109149;3.4187773329319686
-136.875;-136.5143;5.342815000109149;3.4187773329319686
-135.75;-137.2857;5.342815000109149;3.4187773329319686
-133.3125;-138.1714;5.342815000109149;3.4187773329319686
-130.6875;-137.7429;5.342815000109149;3.4187773329319686
-129.5625;-137.7714;5.342815000109149;3.4187773329319686
-130.6875;-138.6;5.342815000109149;3.4187773329319686
-132.5625;-136.9714;5.342815000109149;3.4187773329319686
-133.375;-137.5143;5.342815000109149;3.4187773329319686
-133.25;-137.2;5.342815000109149;3.4187773329319686
-132.75;-137.9143;5.342815000109149;3.4187773329319686
-133.0;-137.0286;5.342815000109149;3.4187773329319686
-133.875;-137.9714;5.342815000109149;3.4187773329319686
-135.0;-138.1429;5.342815000109149;3.4187773329319686
-135.1875;-138.6571;5.342815000109149;3.4187773329319686
-134.0;-137.5143;5.342815000109149;3.4187773329319686
-133.0625;-137.0;5.342815000109149;3.4187773329319686
-132.75;-136.2286;5.342815000109149;3.4187773329319686
-132.4375;-135.9143;5.342815000109149;3.4187773329319686
-132.25;-136.0;5.342815000109149;3.4187773329319686
-132.1875;-137.2286;5.342815000109149;3.4187773329319686
-132.1875;-135.8857;5.342815000109149;3.4187773329319686
-132.875;-135.5143;5.342815000109149;3.4187773329319686
-133.375;-135.4571;5.342815000109149;3.4187773329319686
-131.8125;-134.6571;5.342815000109149;3.4187773329319686
-130.0;-134.2857;5.342815000109149;3.4187773329319686
-129.125;-134.1429;5.342815000109149;3.4187773329319686
-128.8125;-133.3143;5.342815000109149;3.4187773329319686
-129.125;-133.0;5.342815000109149;3.4187773329319686
-129.3125;-133.2286;5.342815000109149;3.4187773329319686
-129.4375;-132.8;5.342815000109149;3.4187773329319686
-129.1875;-133.5143;5.342815000109149;3.4187773329319686
-127.875;-133.2;5.342815000109149;3.4187773329319686
-128.0;-132.2857;5.342815000109149;3.4187773329319686
-129.8125;-131.8286;5.342815000109149;3.4187773329319686
-129.6875;-132.3714;5.342815000109149;3.4187773329319686
-129.1875;-131.3714;5.342815000109149;3.4187773329319686
-130.8125;-130.2857;5.342815000109149;3.4187773329319686
-131.125;-131.1143;5.342815000109149;3.4187773329319686
-129.0625;-129.9714;5.342815000109149;3.4187773329319686
-126.9375;-130.8857;5.342815000109149;3.4187773329319686
-125.625;-130.1429;5.342815000109149;3.4187773329319686
-125.5625;-130.8571;5.342815000109149;3.4187773329319686
-125.6875;-128.3714;5.342815000109149;3.4187773329319686
-125.8125;-126.8286;5.342815000109149;3.4187773329319686
-126.125;-126.1714;5.342815000109149;3.4187773329319686
-125.9375;-127.6286;5.342815000109149;3.4187773329319686
-126.1875;-126.0286;5.342815000109149;3.4187773329319686
-127.0625;-125.8286;5.342815000109149;3.4187773329319686
-126.125;-126.7143;5.342815000109149;3.4187773329319686
-123.5625;-126.4286;5.342815000109149;3.4187773329319686
-121.5;-125.3714;5.342815000109149;3.4187773329319686
-120.375;-125.4857;5.342815000109149;3.4187773329319686
-120.0;-125.1714;5.342815000109149;3.4187773329319686
-120.9375;-124.0286;5.342815000109149;3.4187773329319686
-124.0;-124.7429;5.342815000109149;3.4187773329319686
-126.75;-123.4286;5.342815000109149;3.4187773329319686
-126.125;-123.0286;5.342815000109149;3.4187773329319686
-123.3125;-122.4857;5.342815000109149;3.4187773329319686
-121.125;-124.3143;5.342815000109149;3.4187773329319686
-120.4375;-123.6857;5.342815000109149;3.4187773329319686
-121.5;-122.4286;5.342815000109149;3.4187773329319686
-123.1875;-122.6286;5.342815000109149;3.4187773329319686
-124.0;-123.1143;5.342815000109149;3.4187773329319686
-124.0625;-123.0286;5.342815000109149;3.4187773329319686
-124.125;-122.4;5.342815000109149;3.4187773329319686
-123.25;-122.0857;5.342815000109149;3.4187773329319686
-121.1875;-121.7714;5.342815000109149;3.4187773329319686
-120.0625;-122.1714;5.342815000109149;3.4187773329319686
-119.3125;-121.3143;5.342815000109149;3.4187773329319686
-117.75;-121.1143;5.342815000109149;3.4187773329319686
-117.125;-120.4;5.342815000109149;3.4187773329319686
-117.375;-120.7714;5.342815000109149;3.4187773329319686
-117.75;-120.7429;5.342815000109149;3.4187773329319686
-117.375;-119.2857;5.342815000109149;3.4187773329319686
-116.9375;-119.8286;5.342815000109149;3.4187773329319686
-117.5625;-117.5143;5.342815000109149;3.4187773329319686
-118.0625;-118.3429;5.342815000109149;3.4187773329319686
-118.125;-118.3714;5.342815000109149;3.4187773329319686
-118.75;-117.4571;5.342815000109149;3.4187773329319686
-119.1875;-118.6;5.342815000109149;3.4187773329319686
-117.6875;-117.8857;5.342815000109149;3.4187773329319686
-115.0625;-119.0571;5.342815000109149;3.4187773329319686
-113.0625;-117.4286;5.342815000109149;3.4187773329319686
-112.0625;-116.5143;5.342815000109149;3.4187773329319686
-111.8125;-117.8;5.342815000109149;3.4187773329319686
-112.9375;-116.7429;5.342815000109149;3.4187773329319686
-115.3125;-116.2;5.342815000109149;3.4187773329319686
-116.6875;-115.7143;5.342815000109149;3.4187773329319686
-117.625;-116.1143;5.342815000109149;3.4187773329319686
-119.875;-114.9714;5.342815000109149;3.4187773329319686
-121.4375;-115.5143;5.342815000109149;3.4187773329319686
-120.9375;-114.4286;5.342815000109149;3.4187773329319686
-119.8125;-114.3429;5.342815000109149;3.4187773329319686
-118.9375;-114.8286;5.342815000109149;3.4187773329319686
-117.375;-115.7429;5.342815000109149;3.4187773329319686
-114.875;-115.7429;5.342815000109149;3.4187773329319686
-113.75;-114.4286;5.342815000109149;3.4187773329319686
-114.5625;-113.2;5.342815000109149;3.4187773329319686
-115.0625;-112.6571;5.342815000109149;3.4187773329319686
-114.625;-112.8286;5.342815000109149;3.4187773329319686
-115.0;-113.2;5.342815000109149;3.4187773329319686
-116.3125;-114.0571;5.342815000109149;3.4187773329319686
-116.5625;-113.8;5.342815000109149;3.4187773329319686
-115.8125;-113.8286;5.342815000109149;3.4187773329319686
-114.8125;-112.8857;5.342815000109149;3.4187773329319686
-113.5625;-112.3143;5.342815000109149;3.4187773329319686
-111.625;-110.5429;5.342815000109149;3.4187773329319686
-110.25;-111.1714;5.342815000109149;3.4187773329319686
-110.9375;-111.8286;5.342815000109149;3.4187773329319686
-113.125;-111.0571;5.342815000109149;3.4187773329319686
-114.5;-110.2857;5.342815000109149;3.4187773329319686
-113.8125;-109.8;5.342815000109149;3.4187773329319686
-112.75;-110.0;5.342815000109149;3.4187773329319686
-112.5;-109.7143;5.342815000109149;3.4187773329319686
-112.625;-109.2571;5.342815000109149;3.4187773329319686
-112.8125;-109.2857;5.342815000109149;3.4187773329319686
-113.0;-108.1143;5.342815000109149;3.4187773329319686
-113.1875;-107.9429;5.342815000109149;3.4187773329319686
-113.6875;-108.6571;5.342815000109149;3.4187773329319686
-113.625;-107.8857;5.342815000109149;3.4187773329319686
-111.6875;-109.7429;5.342815000109149;3.4187773329319686
-109.125;-109.1429;5.342815000109149;3.4187773329319686
-108.25;-108.7143;5.342815000109149;3.4187773329319686
-109.0;-107.4571;5.342815000109149;3.4187773329319686
-109.0625;-107.6571;5.342815000109149;3.4187773329319686
-108.5625;-108.0;5.342815000109149;3.4187773329319686
-109.1875;-106.8857;5.342815000109149;3.4187773329319686
-109.5625;-107.3143;5.342815000109149;3.4187773329319686
-108.875;-105.3714;5.342815000109149;3.4187773329319686
-107.5625;-106.8571;5.342815000109149;3.4187773329319686
-106.25;-106.2571;5.342815000109149;3.4187773329319686
-106.75;-105.3143;5.342815000109149;3.4187773329319686
-107.5625;-106.4571;5.342815000109149;3.4187773329319686
-108.25;-105.7143;5.342815000109149;3.4187773329319686
-108.75;-105.8857;5.342815000109149;3.4187773329319686
-107.0625;-106.0;5.342815000109149;3.4187773329319686
-104.875;-104.8571;5.342815000109149;3.4187773329319686
-104.0;-104.9429;5.342815000109149;3.4187773329319686
-104.1875;-105.6;5.342815000109149;3.4187773329319686
-105.875;-104.7714;5.342815000109149;3.4187773329319686
-107.75;-103.2286;5.342815000109149;3.4187773329319686
-107.75;-103.4857;5.342815000109149;3.4187773329319686
-106.625;-103.2;5.342815000109149;3.4187773329319686
-106.0625;-104.0571;5.342815000109149;3.4187773329319686
-106.0;-102.2571;5.342815000109149;3.4187773329319686
-106.0625;-103.1714;5.342815000109149;3.4187773329319686
-106.0625;-103.1429;5.342815000109149;3.4187773329319686
-106.0625;-103.2286;5.342815000109149;3.4187773329319686
-106.125;-102.5429;5.342815000109149;3.4187773329319686
-106.3125;-102.0857;5.342815000109149;3.4187773329319686
-107.0625;-101.9714;5.342815000109149;3.4187773329319686
-107.625;-101.3714;5.342815000109149;3.4187773329319686
-106.6875;-101.6571;5.342815000109149;3.4187773329319686
-104.875;-101.3143;5.342815000109149;3.4187773329319686
-103.625;-101.8857;5.342815000109149;3.4187773329319686
-103.5625;-101.2857;5.342815000109149;3.4187773329319686
-103.875;-102.2286;5.342815000109149;3.4187773329319686
-103.1875;-101.5429;5.342815000109149;3.4187773329319686
-102.125;-101.8;5.342815000109149;3.4187773329319686
-101.4375;-100.8571;5.342815000109149;3.4187773329319686
-100.1875;-100.5143;5.342815000109149;3.4187773329319686
-99.125;-99.1429;5.342815000109149;3.4187773329319686
-99.25;-97.9714;5.342815000109149;3.4187773329319686
-99.3125;-99.6571;5.342815000109149;3.4187773329319686
-99.9375;-98.9429;5.342815000109149;3.4187773329319686
-100.3125;-99.7143;5.342815000109149;3.4187773329319686
-99.9375;-99.8286;5.342815000109149;3.4187773329319686
-99.8125;-98.8857;5.342815000109149;3.4187773329319686
-99.625;-98.4571;5.342815000109149;3.4187773329319686
-99.75;-98.6286;5.342815000109149;3.4187773329319686
-100.4375;-99.0;5.342815000109149;3.4187773329319686
-100.9375;-98.2571;5.342815000109149;3.4187773329319686
-100.5625;-97.4857;5.342815000109149;3.4187773329319686
-99.1875;-97.4286;5.342815000109149;3.4187773329319686
-98.1875;-97.7714;5.342815000109149;3.4187773329319686
-98.3125;-97.1429;5.342815000109149;3.4187773329319686
-98.5;-97.4857;5.342815000109149;3.4187773329319686
-98.3125;-97.3714;5.342815000109149;3.4187773329319686
-98.0625;-96.1714;5.342815000109149;3.4187773329319686
-97.875;-96.6286;5.342815000109149;3.4187773329319686
-97.8125;-96.7714;5.342815000109149;3.4187773329319686
-98.125;-95.6;5.342815000109149;3.4187773329319686
-98.25;-95.8;5.342815000109149;3.4187773329319686
-97.5;-96.0286;5.342815000109149;3.4187773329319686
-96.5625;-95.2;5.342815000109149;3.4187773329319686
-95.125;-96.4286;5.342815000109149;3.4187773329319686
-93.75;-94.8571;5.342815000109149;3.4187773329319686
-94.375;-94.7714;5.342815000109149;3.4187773329319686
-95.9375;-94.6;5.342815000109149;3.4187773329319686
-96.0;-94.9429;5.342815000109149;3.4187773329319686
-95.5625;-94.2;5.342815000109149;3.4187773329319686
-95.625;-95.2857;5.342815000109149;3.4187773329319686
-95.8125;-95.4571;5.342815000109149;3.4187773329319686
-96.4375;-94.4571;5.342815000109149;3.4187773329319686
-96.625;-93.6286;5.342815000109149;3.4187773329319686
-96.0;-93.6571;5.342815000109149;3.4187773329319686
-96.0625;-93.0;5.342815000109149;3.4187773329319686
-96.3125;-91.8286;5.342815000109149;3.4187773329319686
-96.5;-92.6;5.342815000109149;3.4187773329319686
-96.375;-93.2;5.342815000109149;3.4187773329319686
-95.1875;-93.6857;5.342815000109149;3.4187773329319686
-94.3125;-92.2286;5.342815000109149;3.4187773329319686
-94.3125;-92.4571;5.342815000109149;3.4187773329319686
-94.375;-92.4;5.342815000109149;3.4187773329319686
-94.5;-91.9143;5.342815000109149;3.4187773329319686
-94.0625;-91.7429;5.342815000109149;3.4187773329319686
-92.875;-91.2286;5.342815000109149;3.4187773329319686
-91.25;-90.8286;5.342815000109149;3.4187773329319686
-89.6875;-90.7143;5.342815000109149;3.4187773329319686
-88.625;-91.4571;5.342815000109149;3.4187773329319686
-88.1875;-90.8857;5.342815000109149;3.4187773329319686
-88.0625;-90.5714;5.342815000109149;3.4187773329319686
-88.1875;-91.1429;5.342815000109149;3.4187773329319686
-88.5625;-91.1714;5.342815000109149;3.4187773329319686
-89.625;-91.0286;5.342815000109149;3.4187773329319686
-91.125;-90.9143;5.342815000109149;3.4187773329319686
-92.4375;-89.9143;5.342815000109149;3.4187773329319686
-93.3125;-90.1429;5.342815000109149;3.4187773329319686
-93.5;-89.8571;5.342815000109149;3.4187773329319686
-92.5;-89.7714;5.342815000109149;3.4187773329319686
-90.8125;-89.3143;5.342815000109149;3.4187773329319686
-89.5;-89.4857;5.342815000109149;3.4187773329319686
-88.9375;-89.2286;5.342815000109149;3.4187773329319686
-89.0625;-88.4857;5.342815000109149;3.4187773329319686
-90.625;-88.8;5.342815000109149;3.4187773329319686
-93.1875;-89.2857;5.342815000109149;3.4187773329319686
-93.5625;-88.2;5.342815000109149;3.4187773329319686
-92.0;-88.7143;5.342815000109149;3.4187773329319686
-90.75;-87.5429;5.342815000109149;3.4187773329319686
-89.8125;-88.3143;5.342815000109149;3.4187773329319686
-89.1875;-88.1143;5.342815000109149;3.4187773329319686
-88.3125;-87.2286;5.342815000109149;3.4187773329319686
-86.9375;-87.1429;5.342815000109149;3.4187773329319686
-86.375;-86.9714;5.342815000109149;3.4187773329319686
-87.4375;-87.4571;5.342815000109149;3.4187773329319686
-88.875;-87.3429;5.342815000109149;3.4187773329319686
-89.125;-87.4857;5.342815000109149;3.4187773329319686
-88.625;-86.2857;5.342815000109149;3.4187773329319686
-88.25;-85.6286;5.342815000109149;3.4187773329319686
-87.75;-85.9429;5.342815000109149;3.4187773329319686
-87.1875;-85.3714;5.342815000109149;3.4187773329319686
-86.8125;-85.5143;5.342815000109149;3.4187773329319686
-86.625;-86.2;5.342815000109149;3.4187773329319686
-86.5625;-85.6;5.342815000109149;3.4187773329319686
-86.5625;-85.8286;5.342815000109149;3.4187773329319686
-87.25;-85.7714;5.342815000109149;3.4187773329319686
-88.375;-84.9714;5.342815000109149;3.4187773329319686
-88.3125;-85.1143;5.342815000109149;3.4187773329319686
-87.4375;-85.0571;5.342815000109149;3.4187773329319686
-88.0;-85.0286;5.342815000109149;3.4187773329319686
-88.5625;-85.5714;5.342815000109149;3.4187773329319686
-87.6875;-85.3429;5.342815000109149;3.4187773329319686
-86.8125;-84.2;5.342815000109149;3.4187773329319686
-86.375;-83.5714;5.342815000109149;3.4187773329319686
-85.8125;-84.3143;5.342815000109149;3.4187773329319686
-86.0625;-83.3714;5.342815000109149;3.4187773329319686
-86.5625;-83.8;5.342815000109149;3.4187773329319686
-85.75;-83.8857;5.342815000109149;3.4187773329319686
-85.0625;-83.4286;5.342815000109149;3.4187773329319686
-85.1875;-83.0857;5.342815000109149;3.4187773329319686
-84.625;-83.4286;5.342815000109149;3.4187773329319686
-83.8125;-82.9714;5.342815000109149;3.4187773329319686
-83.375;-83.0286;5.342815000109149;3.4187773329319686
-83.5;-83.9429;5.342815000109149;3.4187773329319686
-84.125;-83.3143;5.342815000109149;3.4187773329319686
-84.125;-81.9714;5.342815000109149;3.4187773329319686
-83.625;-82.0286;5.342815000109149;3.4187773329319686
-83.6875;-82.6286;5.342815000109149;3.4187773329319686
-84.125;-82.7714;5.342815000109149;3.4187773329319686
-84.1875;-82.0286;5.342815000109149;3.4187773329319686
-83.9375;-81.3429;5.342815000109149;3.4187773329319686
-83.3125;-81.5714;5.342815000109149;3.4187773329319686
-82.1875;-81.0571;5.342815000109149;3.4187773329319686
-81.0;-80.9143;5.342815000109149;3.4187773329319686
-80.3125;-81.5429;5.342815000109149;3.4187773329319686
-80.0;-81.8;5.342815000109149;3.4187773329319686
-79.9375;-81.4571;5.342815000109149;3.4187773329319686
-80.625;-80.4;5.342815000109149;3.4187773329319686
-81.5;-80.4286;5.342815000109149;3.4187773329319686
-81.125;-80.1143;5.342815000109149;3.4187773329319686
-80.3125;-80.7143;5.342815000109149;3.4187773329319686
-79.625;-80.8286;5.342815000109149;3.4187773329319686
-79.75;-80.0857;5.342815000109149;3.4187773329319686
-80.6875;-79.8;5.342815000109149;3.4187773329319686
-81.625;-80.4857;5.342815000109149;3.4187773329319686
-82.6875;-79.7143;5.342815000109149;3.4187773329319686
-83.3125;-79.7143;5.342815000109149;3.4187773329319686
-82.4375;-79.0286;5.342815000109149;3.4187773329319686
-81.5625;-78.2;5.342815000109149;3.4187773329319686
-81.25;-78.1714;5.342815000109149;3.4187773329319686
-80.4375;-78.7429;5.342815000109149;3.4187773329319686
-80.25;-79.0286;5.342815000109149;3.4187773329319686
-80.75;-78.6857;5.342815000109149;3.4187773329319686
-80.8125;-78.2857;5.342815000109149;3.4187773329319686
-80.6875;-78.4;5.342815000109149;3.4187773329319686
-80.0;-78.4286;5.342815000109149;3.4187773329319686
-79.125;-78.0857;5.342815000109149;3.4187773329319686
-78.4375;-77.6857;5.342815000109149;3.4187773329319686
-78.0625;-76.9429;5.342815000109149;3.4187773329319686
-78.875;-77.3714;5.342815000109149;3.4187773329319686
-80.125;-77.5143;5.342815000109149;3.4187773329319686
-81.25;-77.6857;5.342815000109149;3.4187773329319686
-81.5625;-76.7143;5.342815000109149;3.4187773329319686
-80.6875;-75.8857;5.342815000109149;3.4187773329319686
-80.0625;-76.7143;5.342815000109149;3.4187773329319686
-80.3125;-76.9143;5.342815000109149;3.4187773329319686
-80.75;-76.7714;5.342815000109149;3.4187773329319686
-81.0625;-76.9143;5.342815000109149;3.4187773329319686
-81.25;-76.0857;5.342815000109149;3.4187773329319686
-80.6875;-75.8571;5.342815000109149;3.4187773329319686
-78.1875;-75.9714;5.342815000109149;3.4187773329319686
-75.5;-75.4286;5.342815000109149;3.4187773329319686
-75.75;-75.0571;5.342815000109149;3.4187773329319686
-77.75;-74.8857;5.342815000109149;3.4187773329319686
-79.0;-74.8286;5.342815000109149;3.4187773329319686
-78.75;-75.1429;5.342815000109149;3.4187773329319686
-77.6875;-74.1429;5.342815000109149;3.4187773329319686
-76.5625;-74.3143;5.342815000109149;3.4187773329319686
-75.75;-74.8;5.342815000109149;3.4187773329319686
-75.25;-75.0286;5.342815000109149;3.4187773329319686
-74.875;-73.9143;5.342815000109149;3.4187773329319686
-75.125;-73.6;5.342815000109149;3.4187773329319686
-75.3125;-73.3143;5.342815000109149;3.4187773329319686
-75.25;-74.0;5.342815000109149;3.4187773329319686
-75.4375;-73.6;5.342815000109149;3.4187773329319686
-75.375;-73.2857;5.342815000109149;3.4187773329319686
-75.25;-74.0286;5.342815000109149;3.4187773329319686
-75.0;-73.6571;5.342815000109149;3.4187773329319686
-74.8125;-73.3429;5.342815000109149;3.4187773329319686
-75.0;-72.8857;5.342815000109149;3.4187773329319686
-74.75;-73.1714;5.342815000109149;3.4187773329319686
-73.9375;-72.9429;5.342815000109149;3.4187773329319686
-73.5;-72.3714;5.342815000109149;3.4187773329319686
-74.625;-71.5429;5.342815000109149;3.4187773329319686
-76.5625;-72.0;5.342815000109149;3.4187773329319686
-77.75;-71.4571;5.342815000109149;3.4187773329319686
-77.875;-72.0571;5.342815000109149;3.4187773329319686
-77.3125;-71.6571;5.342815000109149;3.4187773329319686
-76.8125;-72.0;5.342815000109149;3.4187773329319686
-76.4375;-72.2571;5.342815000109149;3.4187773329319686
-76.3125;-71.6857;5.342815000109149;3.4187773329319686
-76.25;-71.2286;5.342815000109149;3.4187773329319686
-76.5625;-71.8571;5.342815000109149;3.4187773329319686
-76.75;-72.2571;5.342815000109149;3.4187773329319686
-75.1875;-71.3429;5.342815000109149;3.4187773329319686
-73.0625;-71.8857;5.342815000109149;3.4187773329319686
-72.125;-71.2286;5.342815000109149;3.4187773329319686
-71.875;-70.6571;5.342815000109149;3.4187773329319686
-72.0;-70.0;5.342815000109149;3.4187773329319686
-73.0;-70.3429;5.342815000109149;3.4187773329319686
-74.0625;-70.0857;5.342815000109149;3.4187773329319686
-74.0625;-69.6571;5.342815000109149;3.4187773329319686
-73.125;-69.5714;5.342815000109149;3.4187773329319686
-72.25;-70.1714;5.342815000109149;3.4187773329319686
-71.6875;-69.8571;5.342815000109149;3.4187773329319686
-71.375;-69.6;5.342815000109149;3.4187773329319686
-71.5625;-69.6857;5.342815000109149;3.4187773329319686
-72.1875;-69.7714;5.342815000109149;3.4187773329319686
-73.25;-69.6286;5.342815000109149;3.4187773329319686
-73.5625;-68.7429;5.342815000109149;3.4187773329319686
-72.875;-69.5143;5.342815000109149;3.4187773329319686
-72.1875;-69.1714;5.342815000109149;3.4187773329319686
-71.5625;-69.1429;5.342815000109149;3.4187773329319686
-71.375;-69.0571;5.342815000109149;3.4187773329319686
-71.25;-69.2286;5.342815000109149;3.4187773329319686
-71.6875;-68.6;5.342815000109149;3.4187773329319686
-72.6875;-68.4286;5.342815000109149;3.4187773329319686
-72.5;-68.3143;5.342815000109149;3.4187773329319686
-70.8125;-68.1429;5.342815000109149;3.4187773329319686
-68.8125;-67.2571;5.342815000109149;3.4187773329319686
-67.5625;-68.0571;5.342815000109149;3.4187773329319686
-67.0;-68.1143;5.342815000109149;3.4187773329319686
-66.875;-67.2857;5.342815000109149;3.4187773329319686
-67.5;-67.6286;5.342815000109149;3.4187773329319686
-69.0625;-68.2286;5.342815000109149;3.4187773329319686
-70.4375;-67.3714;5.342815000109149;3.4187773329319686
-70.4375;-66.8286;5.342815000109149;3.4187773329319686
-69.1875;-67.2;5.342815000109149;3.4187773329319686
-67.875;-67.2571;5.342815000109149;3.4187773329319686
-67.6875;-66.9714;5.342815000109149;3.4187773329319686
-68.3125;-67.3143;5.342815000109149;3.4187773329319686
-68.4375;-66.9143;5.342815000109149;3.4187773329319686
-68.1875;-66.4286;5.342815000109149;3.4187773329319686
-68.375;-66.2571;5.342815000109149;3.4187773329319686
-68.6875;-66.9429;5.342815000109149;3.4187773329319686
-68.5625;-66.6571;5.342815000109149;3.4187773329319686
-69.25;-66.1714;5.342815000109149;3.4187773329319686
-70.1875;-66.4571;5.342815000109149;3.4187773329319686
-69.5625;-65.7429;5.342815000109149;3.4187773329319686
-69.0;-65.8;5.342815000109149;3.4187773329319686
-68.625;-66.3143;5.342815000109149;3.4187773329319686
-68.0;-65.8286;5.342815000109149;3.4187773329319686
-67.5625;-65.4;5.342815000109149;3.4187773329319686
-67.0;-65.8;5.342815000109149;3.4187773329319686
-66.6875;-65.7429;5.342815000109149;3.4187773329319686
-66.3125;-65.1429;5.342815000109149;3.4187773329319686
-65.6875;-65.3714;5.342815000109149;3.4187773329319686
-64.625;-65.3143;5.342815000109149;3.4187773329319686
-64.375;-64.9429;5.342815000109149;3.4187773329319686
-65.5;-65.4857;5.342815000109149;3.4187773329319686
-65.6875;-64.4857;5.342815000109149;3.4187773329319686
-64.4375;-63.7143;5.342815000109149;3.4187773329319686
-63.1875;-64.2571;5.342815000109149;3.4187773329319686
-62.4375;-63.6857;5.342815000109149;3.4187773329319686
-62.1875;-63.5714;5.342815000109149;3.4187773329319686
-62.75;-63.8;5.342815000109149;3.4187773329319686
-64.5;-63.5143;5.342815000109149;3.4187773329319686
-66.125;-63.0857;5.342815000109149;3.4187773329319686
-66.375;-63.5429;5.342815000109149;3.4187773329319686
-65.5625;-63.4571;5.342815000109149;3.4187773329319686
-65.3125;-63.2571;5.342815000109149;3.4187773329319686
-65.6875;-63.4;5.342815000109149;3.4187773329319686
-65.375;-63.2;5.342815000109149;3.4187773329319686
-65.25;-62.9714;5.342815000109149;3.4187773329319686
-66.0625;-63.5143;5.342815000109149;3.4187773329319686
-66.5625;-62.7143;5.342815000109149;3.4187773329319686
-66.25;-62.8571;5.342815000109149;3.4187773329319686
-65.1875;-62.7429;5.342815000109149;3.4187773329319686
-64.375;-61.9429;5.342815000109149;3.4187773329319686
-64.5;-62.2;5.342815000109149;3.4187773329319686
-64.75;-62.2857;5.342815000109149;3.4187773329319686
-64.5;-62.0;5.342815000109149;3.4187773329319686
-64.9375;-62.1714;5.342815000109149;3.4187773329319686
-65.375;-62.4857;5.342815000109149;3.4187773329319686
-65.0;-62.1714;5.342815000109149;3.4187773329319686
-64.375;-62.3143;5.342815000109149;3.4187773329319686
-64.0;-61.8857;5.342815000109149;3.4187773329319686
-64.25;-61.3714;5.342815000109149;3.4187773329319686
-64.0;-61.7143;5.342815000109149;3.4187773329319686
-62.9375;-61.6286;5.342815000109149;3.4187773329319686
-62.3125;-61.3143;5.342815000109149;3.4187773329319686
-62.3125;-61.7143;5.342815000109149;3.4187773329319686
-62.75;-61.2;5.342815000109149;3.4187773329319686
-63.25;-61.2571;5.342815000109149;3.4187773329319686
-63.5;-61.2857;5.342815000109149;3.4187773329319686
-63.625;-60.8571;5.342815000109149;3.4187773329319686
-63.625;-61.1143;5.342815000109149;3.4187773329319686
-63.6875;-60.8857;5.342815000109149;3.4187773329319686
-63.625;-60.4571;5.342815000109149;3.4187773329319686
-63.3125;-61.0857;5.342815000109149;3.4187773329319686
-63.0;-60.0571;5.342815000109149;3.4187773329319686
-62.3125;-60.4;5.342815000109149;3.4187773329319686
-61.875;-60.6;5.342815000109149;3.4187773329319686
-62.25;-60.0857;5.342815000109149;3.4187773329319686
-63.0;-60.0857;5.342815000109149;3.4187773329319686
-62.9375;-60.1714;5.342815000109149;3.4187773329319686
-62.0625;-59.9429;5.342815000109149;3.4187773329319686
-62.0;-60.1429;5.342815000109149;3.4187773329319686
-61.5625;-59.4571;5.342815000109149;3.4187773329319686
-60.4375;-59.6;5.342815000109149;3.4187773329319686
-60.5625;-59.6571;5.342815000109149;3.4187773329319686
-61.25;-58.8286;5.342815000109149;3.4187773329319686
-61.125;-59.2857;5.342815000109149;3.4187773329319686
-60.875;-58.9429;5.342815000109149;3.4187773329319686
-61.375;-58.9429;5.342815000109149;3.4187773329319686
-62.0;-58.8857;5.342815000109149;3.4187773329319686
-62.0625;-58.8;5.342815000109149;3.4187773329319686
-61.8125;-58.9143;5.342815000109149;3.4187773329319686
-61.5;-58.8571;5.342815000109149;3.4187773329319686
-60.75;-58.4286;5.342815000109149;3.4187773329319686
-60.0;-58.8571;5.342815000109149;3.4187773329319686
-60.25;-57.9714;5.342815000109149;3.4187773329319686
-60.6875;-58.4;5.342815000109149;3.4187773329319686
-60.4375;-57.8857;5.342815000109149;3.4187773329319686
-60.5625;-57.5714;5.342815000109149;3.4187773329319686
-61.25;-58.0857;5.342815000109149;3.4187773329319686
-61.875;-57.8571;5.342815000109149;3.4187773329319686
-62.25;-58.3143;5.342815000109149;3.4187773329319686
-62.375;-57.8286;5.342815000109149;3.4187773329319686
-61.6875;-57.4;5.342815000109149;3.4187773329319686
-59.875;-57.4286;5.342815000109149;3.4187773329319686
-57.75;-57.3714;5.342815000109149;3.4187773329319686
-56.5;-57.5429;5.342815000109149;3.4187773329319686
-57.1875;-56.9429;5.342815000109149;3.4187773329319686
-58.5;-56.8286;5.342815000109149;3.4187773329319686
-58.6875;-56.8571;5.342815000109149;3.4187773329319686
-58.625;-56.2286;5.342815000109149;3.4187773329319686
-59.5625;-56.6;5.342815000109149;3.4187773329319686
-61.0;-56.6857;5.342815000109149;3.4187773329319686
-62.0;-56.7429;5.342815000109149;3.4187773329319686
-62.0625;-56.8286;5.342815000109149;3.4187773329319686
-60.6875;-56.0571;5.342815000109149;3.4187773329319686
-58.875;-56.2857;5.342815000109149;3.4187773329319686
-57.8125;-55.8857;5.342815000109149;3.4187773329319686
-57.5625;-55.9429;5.342815000109149;3.4187773329319686
-57.75;-55.9143;5.342815000109149;3.4187773329319686
-57.9375;-55.5429;5.342815000109149;3.4187773329319686
-58.3125;-55.7429;5.342815000109149;3.4187773329319686
-58.8125;-55.4286;5.342815000109149;3.4187773329319686
-59.0;-55.4857;5.342815000109149;3.4187773329319686
-58.8125;-55.4;5.342815000109149;3.4187773329319686
-58.125;-55.2;5.342815000109149;3.4187773329319686
-57.4375;-55.2571;5.342815000109149;3.4187773329319686
-57.4375;-55.1143;5.342815000109149;3.4187773329319686
-57.8125;-55.4;5.342815000109149;3.4187773329319686
-57.4375;-55.1143;5.342815000109149;3.4187773329319686
-56.375;-55.0571;5.342815000109149;3.4187773329319686
-55.3125;-54.8857;5.342815000109149;3.4187773329319686
-54.6875;-54.8286;5.342815000109149;3.4187773329319686
-54.4375;-54.7143;5.342815000109149;3.4187773329319686
-54.4375;-54.4857;5.342815000109149;3.4187773329319686
-54.625;-54.6571;5.342815000109149;3.4187773329319686
-54.8125;-54.4;5.342815000109149;3.4187773329319686
-54.625;-54.3143;5.342815000109149;3.4187773329319686
-54.0625;-54.4857;5.342815000109149;3.4187773329319686
-53.0;-54.4571;5.342815000109149;3.4187773329319686
-52.75;-54.0286;5.342815000109149;3.4187773329319686
-53.875;-53.8857;5.342815000109149;3.4187773329319686
-54.625;-53.7429;5.342815000109149;3.4187773329319686
-54.75;-53.4286;5.342815000109149;3.4187773329319686
-54.6875;-53.7143;5.342815000109149;3.4187773329319686
-54.8125;-53.2;5.342815000109149;3.4187773329319686
-55.0625;-53.2857;5.342815000109149;3.4187773329319686
-54.5625;-53.2857;5.342815000109149;3.4187773329319686
-53.875;-53.0;5.342815000109149;3.4187773329319686
-53.8125;-53.0286;5.342815000109149;3.4187773329319686
-53.75;-53.2;5.342815000109149;3.4187773329319686
-53.6875;-53.4857;5.342815000109149;3.4187773329319686
-53.75;-52.9143;5.342815000109149;3.4187773329319686
-53.8125;-52.9143;5.342815000109149;3.4187773329319686
-53.6875;-52.4286;5.342815000109149;3.4187773329319686
-53.625;-52.6857;5.342815000109149;3.4187773329319686
-53.1875;-52.5714;5.342815000109149;3.4187773329319686
-52.875;-52.3714;5.342815000109149;3.4187773329319686
-53.0625;-52.0286;5.342815000109149;3.4187773329319686
-52.4375;-52.0;5.342815000109149;3.4187773329319686
-51.375;-51.9143;5.342815000109149;3.4187773329319686
-50.9375;-51.6857;5.342815000109149;3.4187773329319686
-50.25;-51.7714;5.342815000109149;3.4187773329319686
-49.125;-51.9429;5.342815000109149;3.4187773329319686
-48.3125;-52.1143;5.342815000109149;3.4187773329319686
-47.9375;-51.6571;5.342815000109149;3.4187773329319686
-47.875;-51.8;5.342815000109149;3.4187773329319686
-48.6875;-51.5429;5.342815000109149;3.4187773329319686
-50.8125;-51.6571;5.342815000109149;3.4187773329319686
-52.5;-51.3714;5.342815000109149;3.4187773329319686
-52.5;-51.0857;5.342815000109149;3.4187773329319686
-51.5;-51.3143;5.342815000109149;3.4187773329319686
-50.625;-51.1429;5.342815000109149;3.4187773329319686
-50.5625;-50.9714;5.342815000109149;3.4187773329319686
-51.0625;-50.7714;5.342815000109149;3.4187773329319686
-51.4375;-50.7143;5.342815000109149;3.4187773329319686
-51.375;-50.5714;5.342815000109149;3.4187773329319686
-51.0625;-50.4286;5.342815000109149;3.4187773329319686
-50.9375;-49.9714;5.342815000109149;3.4187773329319686
-51.0;-50.4;5.342815000109149;3.4187773329319686
-50.9375;-50.0286;5.342815000109149;3.4187773329319686
-51.3125;-50.0857;5.342815000109149;3.4187773329319686
-52.0;-49.8286;5.342815000109149;3.4187773329319686
-52.1875;-50.0286;5.342815000109149;3.4187773329319686
-51.75;-49.9143;5.342815000109149;3.4187773329319686
-51.4375;-50.0;5.342815000109149;3.4187773329319686
-50.9375;-49.5143;5.342815000109149;3.4187773329319686
-49.9375;-49.5143;5.342815000109149;3.4187773329319686
-49.375;-49.3143;5.342815000109149;3.4187773329319686
-49.8125;-49.2571;5.342815000109149;3.4187773329319686
-50.75;-49.3714;5.342815000109149;3.4187773329319686
-51.25;-49.4857;5.342815000109149;3.4187773329319686
-51.0625;-49.3143;5.342815000109149;3.4187773329319686
-50.75;-49.3143;5.342815000109149;3.4187773329319686
-50.625;-49.1143;5.342815000109149;3.4187773329319686
-50.625;-48.9143;5.342815000109149;3.4187773329319686
-50.625;-48.9143;5.342815000109149;3.4187773329319686
-50.6875;-49.0;5.342815000109149;3.4187773329319686
-50.6875;-48.9143;5.342815000109149;3.4187773329319686
-50.375;-48.5429;5.342815000109149;3.4187773329319686
-49.625;-48.6857;5.342815000109149;3.4187773329319686
-48.9375;-48.4286;5.342815000109149;3.4187773329319686
-48.875;-48.2;5.342815000109149;3.4187773329319686
-49.8125;-48.1143;5.342815000109149;3.4187773329319686
-50.4375;-48.0286;5.342815000109149;3.4187773329319686
-50.0;-48.0571;5.342815000109149;3.4187773329319686
-49.875;-48.3714;5.342815000109149;3.4187773329319686
-50.1875;-47.7429;5.342815000109149;3.4187773329319686
-49.75;-47.9714;5.342815000109149;3.4187773329319686
-48.75;-47.7429;5.342815000109149;3.4187773329319686
-48.4375;-47.6857;5.342815000109149;3.4187773329319686
-49.0625;-47.6;5.342815000109149;3.4187773329319686
-48.875;-47.5714;5.342815000109149;3.4187773329319686
-47.8125;-47.6;5.342815000109149;3.4187773329319686
-46.6875;-47.4286;5.342815000109149;3.4187773329319686
-45.875;-47.3714;5.342815000109149;3.4187773329319686
-45.8125;-47.3714;5.342815000109149;3.4187773329319686
-46.1875;-47.2286;5.342815000109149;3.4187773329319686
-47.0625;-47.1143;5.342815000109149;3.4187773329319686
-48.1875;-46.9714;5.342815000109149;3.4187773329319686
-48.6875;-47.1429;5.342815000109149;3.4187773329319686
-48.625;-46.6286;5.342815000109149;3.4187773329319686
-48.4375;-46.7714;5.342815000109149;3.4187773329319686
-48.3125;-46.9429;5.342815000109149;3.4187773329319686
-48.0625;-46.4857;5.342815000109149;3.4187773329319686
-47.75;-46.6286;5.342815000109149;3.4187773329319686
-47.875;-46.2857;5.342815000109149;3.4187773329319686
-48.25;-45.9714;5.342815000109149;3.4187773329319686
-48.5625;-46.2571;5.342815000109149;3.4187773329319686
-48.75;-46.0571;5.342815000109149;3.4187773329319686
-48.8125;-45.9429;5.342815000109149;3.4187773329319686
-48.3125;-46.2286;5.342815000109149;3.4187773329319686
-46.5625;-46.1714;5.342815000109149;3.4187773329319686
-44.5625;-45.9143;5.342815000109149;3.4187773329319686
-43.875;-45.6571;5.342815000109149;3.4187773329319686
-43.9375;-45.5714;5.342815000109149;3.4187773329319686
-44.1875;-45.3429;5.342815000109149;3.4187773329319686
-44.4375;-45.3143;5.342815000109149;3.4187773329319686
-44.5;-45.2857;5.342815000109149;3.4187773329319686
-44.9375;-45.4857;5.342815000109149;3.4187773329319686
-45.5625;-45.2571;5.342815000109149;3.4187773329319686
-46.0625;-45.3714;5.342815000109149;3.4187773329319686
-45.9375;-44.8857;5.342815000109149;3.4187773329319686
-45.125;-44.8571;5.342815000109149;3.4187773329319686
-44.5625;-44.8857;5.342815000109149;3.4187773329319686
-44.4375;-44.8;5.342815000109149;3.4187773329319686
-44.4375;-44.5714;5.342815000109149;3.4187773329319686
-45.3125;-44.6571;5.342815000109149;3.4187773329319686
-46.9375;-44.7143;5.342815000109149;3.4187773329319686
-48.0;-44.4857;5.342815000109149;3.4187773329319686
-48.1875;-44.3429;5.342815000109149;3.4187773329319686
-47.625;-44.2;5.342815000109149;3.4187773329319686
-46.8125;-44.4;5.342815000109149;3.4187773329319686
-45.4375;-44.2286;5.342815000109149;3.4187773329319686
-43.8125;-44.0;5.342815000109149;3.4187773329319686
-44.0625;-43.7429;5.342815000109149;3.4187773329319686
-45.0;-43.8571;5.342815000109149;3.4187773329319686
-44.875;-43.8;5.342815000109149;3.4187773329319686
-44.375;-43.7429;5.342815000109149;3.4187773329319686
-44.1875;-43.5429;5.342815000109149;3.4187773329319686
-44.1875;-43.4857;5.342815000109149;3.4187773329319686
-44.25;-43.2571;5.342815000109149;3.4187773329319686
-44.3125;-43.2571;5.342815000109149;3.4187773329319686
-44.25;-43.3429;5.342815000109149;3.4187773329319686
-44.1875;-43.3714;5.342815000109149;3.4187773329319686
-44.1875;-43.1714;5.342815000109149;3.4187773329319686
-43.8125;-42.9714;5.342815000109149;3.4187773329319686
-43.1875;-42.9429;5.342815000109149;3.4187773329319686
-42.75;-42.8286;5.342815000109149;3.4187773329319686
-42.625;-42.6286;5.342815000109149;3.4187773329319686
-42.6875;-42.6571;5.342815000109149;3.4187773329319686
-42.75;-42.8;5.342815000109149;3.4187773329319686
-43.0;-42.7143;5.342815000109149;3.4187773329319686
-43.5;-42.6571;5.342815000109149;3.4187773329319686
-43.75;-42.5143;5.342815000109149;3.4187773329319686
-43.8125;-42.2857;5.342815000109149;3.4187773329319686
-43.625;-42.0857;5.342815000109149;3.4187773329319686
-43.0625;-42.0286;5.342815000109149;3.4187773329319686
-42.8125;-42.2857;5.342815000109149;3.4187773329319686
-43.25;-42.0857;5.342815000109149;3.4187773329319686
-43.8125;-42.0;5.342815000109149;3.4187773329319686
-43.4375;-41.8;5.342815000109149;3.4187773329319686
-42.0;-41.8;5.342815000109149;3.4187773329319686
-41.5;-41.7714;5.342815000109149;3.4187773329319686
-42.125;-41.5714;5.342815000109149;3.4187773329319686
-42.4375;-41.6571;5.342815000109149;3.4187773329319686
-42.625;-41.4;5.342815000109149;3.4187773329319686
-43.25;-41.2571;5.342815000109149;3.4187773329319686
-43.625;-41.3429;5.342815000109149;3.4187773329319686
-43.5;-41.1429;5.342815000109149;3.4187773329319686
-42.625;-41.1143;5.342815000109149;3.4187773329319686
-41.625;-41.0;5.342815000109149;3.4187773329319686
-41.0;-40.7143;5.342815000109149;3.4187773329319686
-40.75;-40.5714;5.342815000109149;3.4187773329319686
-40.6875;-40.8286;5.342815000109149;3.4187773329319686
-40.8125;-40.7429;5.342815000109149;3.4187773329319686
-40.875;-40.8571;5.342815000109149;3.4187773329319686
-41.125;-40.7143;5.342815000109149;3.4187773329319686
-41.75;-40.3429;5.342815000109149;3.4187773329319686
-41.5;-40.3714;5.342815000109149;3.4187773329319686
-40.6875;-40.5429;5.342815000109149;3.4187773329319686
-40.3125;-40.4;5.342815000109149;3.4187773329319686
-40.375;-40.1714;5.342815000109149;3.4187773329319686
-40.6875;-40.2571;5.342815000109149;3.4187773329319686
-41.1875;-40.3429;5.342815000109149;3.4187773329319686
-41.5;-40.0571;5.342815000109149;3.4187773329319686
-41.1875;-40.1143;5.342815000109149;3.4187773329319686
-40.6875;-40.1429;5.342815000109149;3.4187773329319686
-40.5;-39.8286;5.342815000109149;3.4187773329319686
-40.3125;-39.6286;5.342815000109149;3.4187773329319686
-40.1875;-39.6286;5.342815000109149;3.4187773329319686
-40.6875;-39.5429;5.342815000109149;3.4187773329319686
-41.3125;-39.1429;5.342815000109149;3.4187773329319686
-41.125;-39.3714;5.342815000109149;3.4187773329319686
-40.5625;-39.3143;5.342815000109149;3.4187773329319686
-39.875;-39.4;5.342815000109149;3.4187773329319686
-39.0625;-39.3143;5.342815000109149;3.4187773329319686
-38.75;-38.9429;5.342815000109149;3.4187773329319686
-38.875;-38.9429;5.342815000109149;3.4187773329319686
-39.6875;-38.8857;5.342815000109149;3.4187773329319686
-40.875;-38.7714;5.342815000109149;3.4187773329319686
-41.0625;-38.6286;5.342815000109149;3.4187773329319686
-40.0;-38.5143;5.342815000109149;3.4187773329319686
-38.625;-38.6;5.342815000109149;3.4187773329319686
-37.625;-38.7429;5.342815000109149;3.4187773329319686
-37.125;-38.6286;5.342815000109149;3.4187773329319686
-37.0625;-38.6;5.342815000109149;3.4187773329319686
-37.375;-38.2857;5.342815000109149;3.4187773329319686
-38.1875;-38.1714;5.342815000109149;3.4187773329319686
-39.1875;-38.1714;5.342815000109149;3.4187773329319686
-39.75;-38.2286;5.342815000109149;3.4187773329319686
-39.3125;-37.9714;5.342815000109149;3.4187773329319686
-38.6875;-37.8857;5.342815000109149;3.4187773329319686
-38.75;-37.5714;5.342815000109149;3.4187773329319686
-39.25;-37.4857;5.342815000109149;3.4187773329319686
-39.3125;-37.6286;5.342815000109149;3.4187773329319686
-39.0625;-37.8;5.342815000109149;3.4187773329319686
-39.4375;-37.6;5.342815000109149;3.4187773329319686
-39.75;-37.6571;5.342815000109149;3.4187773329319686
-39.1875;-37.4;5.342815000109149;3.4187773329319686
-38.75;-37.1143;5.342815000109149;3.4187773329319686
-38.8125;-37.1429;5.342815000109149;3.4187773329319686
-38.875;-37.0571;5.342815000109149;3.4187773329319686
-38.8125;-37.0;5.342815000109149;3.4187773329319686
-38.5;-36.9429;5.342815000109149;3.4187773329319686
-37.9375;-36.9429;5.342815000109149;3.4187773329319686
-37.5;-36.9143;5.342815000109149;3.4187773329319686
-37.6875;-36.6857;5.342815000109149;3.4187773329319686
-37.9375;-36.7429;5.342815000109149;3.4187773329319686
-38.25;-36.4571;5.342815000109149;3.4187773329319686
-38.6875;-36.5714;5.342815000109149;3.4187773329319686
-38.5625;-36.4286;5.342815000109149;3.4187773329319686
-38.0;-36.4571;5.342815000109149;3.4187773329319686
-37.5;-36.2571;5.342815000109149;3.4187773329319686
-37.125;-36.1429;5.342815000109149;3.4187773329319686
-36.875;-36.0571;5.342815000109149;3.4187773329319686
-36.6875;-36.0857;5.342815000109149;3.4187773329319686
-36.6875;-36.1429;5.342815000109149;3.4187773329319686
-36.6875;-36.1429;5.342815000109149;3.4187773329319686
-36.8125;-36.1429;5.342815000109149;3.4187773329319686
-37.1875;-36.0;5.342815000109149;3.4187773329319686
-37.5;-36.0;5.342815000109149;3.4187773329319686
-37.4375;-35.6857;5.342815000109149;3.4187773329319686
-37.4375;-35.6;5.342815000109149;3.4187773329319686
-37.3125;-35.4;5.342815000109149;3.4187773329319686
-36.5625;-35.4571;5.342815000109149;3.4187773329319686
-35.4375;-35.2;5.342815000109149;3.4187773329319686
-35.0625;-35.1714;5.342815000109149;3.4187773329319686
-35.375;-35.0571;5.342815000109149;3.4187773329319686
-36.1875;-35.0;5.342815000109149;3.4187773329319686
-36.875;-34.8857;5.342815000109149;3.4187773329319686
-36.8125;-35.0286;5.342815000109149;3.4187773329319686
-36.8125;-34.9429;5.342815000109149;3.4187773329319686
-36.8125;-34.9714;5.342815000109149;3.4187773329319686
-36.25;-34.8857;5.342815000109149;3.4187773329319686
-36.0;-34.8857;5.342815000109149;3.4187773329319686
-36.25;-34.8;5.342815000109149;3.4187773329319686
-36.4375;-34.7429;5.342815000109149;3.4187773329319686
-36.4375;-34.6857;5.342815000109149;3.4187773329319686
-36.0625;-34.4571;5.342815000109149;3.4187773329319686
-35.4375;-34.4571;5.342815000109149;3.4187773329319686
-34.875;-34.4;5.342815000109149;3.4187773329319686
-34.875;-34.5714;5.342815000109149;3.4187773329319686
-34.9375;-34.4;5.342815000109149;3.4187773329319686
-34.6875;-34.2286;5.342815000109149;3.4187773329319686
-34.8125;-34.1714;5.342815000109149;3.4187773329319686
-35.375;-33.8857;5.342815000109149;3.4187773329319686
-36.0625;-33.7714;5.342815000109149;3.4187773329319686
-36.5;-33.8;5.342815000109149;3.4187773329319686
-36.6875;-33.8286;5.342815000109149;3.4187773329319686
-36.6875;-33.8571;5.342815000109149;3.4187773329319686
-35.875;-33.6857;5.342815000109149;3.4187773329319686
-34.0;-33.6571;5.342815000109149;3.4187773329319686
-32.8125;-33.6857;5.342815000109149;3.4187773329319686
-32.75;-33.6;5.342815000109149;3.4187773329319686
-33.4375;-33.5714;5.342815000109149;3.4187773329319686
-34.125;-33.2571;5.342815000109149;3.4187773329319686
-34.375;-33.2857;5.342815000109149;3.4187773329319686
-34.1875;-33.1429;5.342815000109149;3.4187773329319686
-33.9375;-33.0;5.342815000109149;3.4187773329319686
-33.5625;-33.0857;5.342815000109149;3.4187773329319686
-32.6875;-33.1143;5.342815000109149;3.4187773329319686
-31.875;-33.0286;5.342815000109149;3.4187773329319686
-31.5625;-33.0286;5.342815000109149;3.4187773329319686
-31.6875;-33.0571;5.342815000109149;3.4187773329319686
-32.25;-32.9714;5.342815000109149;3.4187773329319686
-32.75;-32.8571;5.342815000109149;3.4187773329319686
-32.8125;-32.7714;5.342815000109149;3.4187773329319686
-32.75;-32.6857;5.342815000109149;3.4187773329319686
-32.875;-32.5714;5.342815000109149;3.4187773329319686
-33.0625;-32.4571;5.342815000109149;3.4187773329319686
-33.125;-32.4;5.342815000109149;3.4187773329319686
-32.9375;-32.2571;5.342815000109149;3.4187773329319686
-32.75;-32.2857;5.342815000109149;3.4187773329319686
-32.0625;-32.2286;5.342815000109149;3.4187773329319686
-31.1875;-32.1143;5.342815000109149;3.4187773329319686
-31.0;-31.9429;5.342815000109149;3.4187773329319686
-31.375;-31.9143;5.342815000109149;3.4187773329319686
-31.6875;-31.8857;5.342815000109149;3.4187773329319686
-31.6875;-31.8286;5.342815000109149;3.4187773329319686
-31.625;-31.6571;5.342815000109149;3.4187773329319686
-31.5;-31.5714;5.342815000109149;3.4187773329319686
-31.5;-31.6286;5.342815000109149;3.4187773329319686
-31.375;-31.4;5.342815000109149;3.4187773329319686
-31.0625;-31.3143;5.342815000109149;3.4187773329319686
-30.5625;-31.2286;5.342815000109149;3.4187773329319686
-30.1875;-31.2286;5.342815000109149;3.4187773329319686
-30.1875;-31.2286;5.342815000109149;3.4187773329319686
-30.4375;-31.0857;5.342815000109149;3.4187773329319686
-31.1875;-30.9714;5.342815000109149;3.4187773329319686
-32.1875;-31.0;5.342815000109149;3.4187773329319686
-32.25;-31.0286;5.342815000109149;3.4187773329319686
-31.375;-30.9714;5.342815000109149;3.4187773329319686
-30.6875;-30.9429;5.342815000109149;3.4187773329319686
-30.8125;-30.6857;5.342815000109149;3.4187773329319686
-31.3125;-30.6857;5.342815000109149;3.4187773329319686
-31.25;-30.6571;5.342815000109149;3.4187773329319686
-31.0;-30.5429;5.342815000109149;3.4187773329319686
-31.5;-30.6286;5.342815000109149;3.4187773329319686
-32.3125;-30.6571;5.342815000109149;3.4187773329319686
-32.3125;-30.7143;5.342815000109149;3.4187773329319686
-31.75;-30.5429;5.342815000109149;3.4187773329319686
-31.0;-30.3429;5.342815000109149;3.4187773329319686
-30.3125;-30.1714;5.342815000109149;3.4187773329319686
-29.75;-30.0571;5.342815000109149;3.4187773329319686
-29.5625;-30.0857;5.342815000109149;3.4187773329319686
-29.8125;-29.7429;5.342815000109149;3.4187773329319686
-30.3125;-29.8;5.342815000109149;3.4187773329319686
-30.1875;-29.8286;5.342815000109149;3.4187773329319686
-29.5625;-29.7429;5.342815000109149;3.4187773329319686
-29.3125;-29.6857;5.342815000109149;3.4187773329319686
-29.625;-29.7143;5.342815000109149;3.4187773329319686
-29.9375;-29.6857;5.342815000109149;3.4187773329319686
-30.125;-29.6;5.342815000109149;3.4187773329319686
-30.25;-29.5714;5.342815000109149;3.4187773329319686
-30.375;-29.4;5.342815000109149;3.4187773329319686
-30.6875;-29.1143;5.342815000109149;3.4187773329319686
-31.0;-29.0857;5.342815000109149;3.4187773329319686
-30.6875;-29.0286;5.342815000109149;3.4187773329319686
-29.6875;-29.0857;5.342815000109149;3.4187773329319686
-28.9375;-28.8857;5.342815000109149;3.4187773329319686
-28.4375;-28.9714;5.342815000109149;3.4187773329319686
-27.9375;-28.8857;5.342815000109149;3.4187773329319686
-27.75;-28.8;5.342815000109149;3.4187773329319686
-27.875;-28.7143;5.342815000109149;3.4187773329319686
-28.4375;-28.7429;5.342815000109149;3.4187773329319686
-29.0;-28.8;5.342815000109149;3.4187773329319686
-29.3125;-28.6286;5.342815000109149;3.4187773329319686
-29.6875;-28.5714;5.342815000109149;3.4187773329319686
-29.625;-28.4857;5.342815000109149;3.4187773329319686
-29.375;-28.3429;5.342815000109149;3.4187773329319686
-29.4375;-28.1429;5.342815000109149;3.4187773329319686
-29.5625;-28.0857;5.342815000109149;3.4187773329319686
-29.5625;-28.2286;5.342815000109149;3.4187773329319686
-29.375;-28.1714;5.342815000109149;3.4187773329319686
-28.875;-28.0286;5.342815000109149;3.4187773329319686
-28.5;-27.8857;5.342815000109149;3.4187773329319686
-28.625;-27.8857;5.342815000109149;3.4187773329319686
-28.75;-27.8286;5.342815000109149;3.4187773329319686
-28.375;-27.8286;5.342815000109149;3.4187773329319686
-28.0625;-27.7714;5.342815000109149;3.4187773329319686
-28.3125;-27.6;5.342815000109149;3.4187773329319686
-29.375;-27.4;5.342815000109149;3.4187773329319686
-30.6875;-27.4286;5.342815000109149;3.4187773329319686
-31.5625;-27.4;5.342815000109149;3.4187773329319686
-32.0;-27.2571;5.342815000109149;3.4187773329319686
-32.0625;-27.2857;5.342815000109149;3.4187773329319686
-32.0;-27.2857;5.342815000109149;3.4187773329319686
-31.5;-27.0571;5.342815000109149;3.4187773329319686
-30.1875;-27.1143;5.342815000109149;3.4187773329319686
-28.875;-27.0571;5.342815000109149;3.4187773329319686
-28.1875;-27.1429;5.342815000109149;3.4187773329319686
-27.875;-27.1143;5.342815000109149;3.4187773329319686
-27.625;-26.9429;5.342815000109149;3.4187773329319686
-27.125;-26.9143;5.342815000109149;3.4187773329319686
-26.625;-26.7429;5.342815000109149;3.4187773329319686
-26.625;-26.5714;5.342815000109149;3.4187773329319686
-26.75;-26.4857;5.342815000109149;3.4187773329319686
-26.75;-26.4286;5.342815000109149;3.4187773329319686
-27.0625;-26.4857;5.342815000109149;3.4187773329319686
-27.375;-26.3714;5.342815000109149;3.4187773329319686
-27.1875;-26.2286;5.342815000109149;3.4187773329319686
-26.5625;-26.2857;5.342815000109149;3.4187773329319686
-26.0625;-26.3143;5.342815000109149;3.4187773329319686
-25.6875;-26.2286;5.342815000109149;3.4187773329319686
-25.5;-26.1714;5.342815000109149;3.4187773329319686
-25.75;-26.1714;5.342815000109149;3.4187773329319686
-26.5;-25.9143;5.342815000109149;3.4187773329319686
-26.875;-25.7429;5.342815000109149;3.4187773329319686
-26.25;-25.7429;5.342815000109149;3.4187773329319686
-25.625;-25.6286;5.342815000109149;3.4187773329319686
-25.625;-25.5714;5.342815000109149;3.4187773329319686
-25.625;-25.5429;5.342815000109149;3.4187773329319686
-25.4375;-25.4857;5.342815000109149;3.4187773329319686
-25.75;-25.2857;5.342815000109149;3.4187773329319686
-26.4375;-25.3429;5.342815000109149;3.4187773329319686
-26.9375;-25.3143;5.342815000109149;3.4187773329319686
-27.1875;-25.2857;5.342815000109149;3.4187773329319686
-27.25;-25.4857;5.342815000109149;3.4187773329319686
-27.0;-25.2;5.342815000109149;3.4187773329319686
-26.25;-25.2;5.342815000109149;3.4187773329319686
-25.375;-25.0286;5.342815000109149;3.4187773329319686
-25.1875;-25.0571;5.342815000109149;3.4187773329319686
-24.9375;-25.0571;5.342815000109149;3.4187773329319686
-24.3125;-25.0286;5.342815000109149;3.4187773329319686
-24.1875;-25.0571;5.342815000109149;3.4187773329319686
-24.625;-25.0286;5.342815000109149;3.4187773329319686
-24.9375;-24.8857;5.342815000109149;3.4187773329319686
-25.0625;-24.7143;5.342815000109149;3.4187773329319686
-24.6875;-24.6286;5.342815000109149;3.4187773329319686
-24.3125;-24.6571;5.342815000109149;3.4187773329319686
-24.0625;-24.5714;5.342815000109149;3.4187773329319686
-24.0;-24.5143;5.342815000109149;3.4187773329319686
-24.375;-24.5143;5.342815000109149;3.4187773329319686
-24.6875;-24.4;5.342815000109149;3.4187773329319686
-24.625;-24.2;5.342815000109149;3.4187773329319686
-24.1875;-24.0857;5.342815000109149;3.4187773329319686
-24.0;-24.0571;5.342815000109149;3.4187773329319686
-24.25;-24.0;5.342815000109149;3.4187773329319686
-24.6875;-23.9429;5.342815000109149;3.4187773329319686
-24.6875;-23.8286;5.342815000109149;3.4187773329319686
-23.9375;-23.7143;5.342815000109149;3.4187773329319686
-23.25;-23.8;5.342815000109149;3.4187773329319686
-22.9375;-23.7143;5.342815000109149;3.4187773329319686
-22.6875;-23.6857;5.342815000109149;3.4187773329319686
-23.1875;-23.6571;5.342815000109149;3.4187773329319686
-24.125;-23.6286;5.342815000109149;3.4187773329319686
-24.6875;-23.6571;5.342815000109149;3.4187773329319686
-24.875;-23.7429;5.342815000109149;3.4187773329319686
-24.875;-23.5714;5.342815000109149;3.4187773329319686
-24.8125;-23.6286;5.342815000109149;3.4187773329319686
-24.625;-23.3429;5.342815000109149;3.4187773329319686
-24.0;-23.1143;5.342815000109149;3.4187773329319686
-23.375;-23.0286;5.342815000109149;3.4187773329319686
-23.375;-23.0571;5.342815000109149;3.4187773329319686
-23.9375;-23.0286;5.342815000109149;3.4187773329319686
-24.5;-23.0571;5.342815000109149;3.4187773329319686
-24.5;-23.0;5.342815000109149;3.4187773329319686
-24.0625;-23.0857;5.342815000109149;3.4187773329319686
-23.75;-22.8857;5.342815000109149;3.4187773329319686
-23.75;-22.8857;5.342815000109149;3.4187773329319686
-23.8125;-22.9143;5.342815000109149;3.4187773329319686
-23.625;-22.7714;5.342815000109149;3.4187773329319686
-23.3125;-22.7429;5.342815000109149;3.4187773329319686
-23.125;-22.5143;5.342815000109149;3.4187773329319686
-23.0625;-22.4;5.342815000109149;3.4187773329319686
-23.0;-22.3429;5.342815000109149;3.4187773329319686
-23.125;-22.4857;5.342815000109149;3.4187773329319686
-23.25;-22.2857;5.342815000109149;3.4187773329319686
-23.125;-22.2571;5.342815000109149;3.4187773329319686
-23.0625;-22.1429;5.342815000109149;3.4187773329319686
-22.9375;-22.0286;5.342815000109149;3.4187773329319686
-22.375;-22.1714;5.342815000109149;3.4187773329319686
-21.4375;-22.1143;5.342815000109149;3.4187773329319686
-20.6875;-21.9714;5.342815000109149;3.4187773329319686
-20.6875;-21.9143;5.342815000109149;3.4187773329319686
-21.5625;-21.8571;5.342815000109149;3.4187773329319686
-22.5;-21.7714;5.342815000109149;3.4187773329319686
-23.0;-21.7714;5.342815000109149;3.4187773329319686
-23.1875;-21.6857;5.342815000109149;3.4187773329319686
-23.25;-21.6857;5.342815000109149;3.4187773329319686
-23.1875;-21.7143;5.342815000109149;3.4187773329319686
-23.125;-21.7143;5.342815000109149;3.4187773329319686
-22.875;-21.6286;5.342815000109149;3.4187773329319686
-22.3125;-21.5429;5.342815000109149;3.4187773329319686
-21.5;-21.5429;5.342815000109149;3.4187773329319686
-20.5625;-21.5143;5.342815000109149;3.4187773329319686
-19.9375;-21.4857;5.342815000109149;3.4187773329319686
-20.125;-21.4857;5.342815000109149;3.4187773329319686
-20.6875;-21.3714;5.342815000109149;3.4187773329319686
-21.1875;-21.4286;5.342815000109149;3.4187773329319686
-21.625;-21.3714;5.342815000109149;3.4187773329319686
-21.75;-21.2286;5.342815000109149;3.4187773329319686
-20.875;-21.1143;5.342815000109149;3.4187773329319686
-19.75;-21.0286;5.342815000109149;3.4187773329319686
-19.8125;-21.0;5.342815000109149;3.4187773329319686
-20.6875;-20.9143;5.342815000109149;3.4187773329319686
-21.1875;-20.8857;5.342815000109149;3.4187773329319686
-21.375;-20.8286;5.342815000109149;3.4187773329319686
-21.5;-20.7429;5.342815000109149;3.4187773329319686
-21.625;-20.6571;5.342815000109149;3.4187773329319686
-21.5625;-20.5429;5.342815000109149;3.4187773329319686
-21.375;-20.5143;5.342815000109149;3.4187773329319686
-21.125;-20.5143;5.342815000109149;3.4187773329319686
-20.75;-20.4571;5.342815000109149;3.4187773329319686
-20.5625;-20.3714;5.342815000109149;3.4187773329319686
-20.8125;-20.2857;5.342815000109149;3.4187773329319686
-21.25;-20.2286;5.342815000109149;3.4187773329319686
-21.3125;-20.2286;5.342815000109149;3.4187773329319686
-20.9375;-20.2;5.342815000109149;3.4187773329319686
-20.9375;-20.1143;5.342815000109149;3.4187773329319686
-21.375;-20.0857;5.342815000109149;3.4187773329319686
-21.8125;-20.0571;5.342815000109149;3.4187773329319686
-22.0625;-20.0;5.342815000109149;3.4187773329319686
-22.1875;-19.9714;5.342815000109149;3.4187773329319686
-21.9375;-19.8571;5.342815000109149;3.4187773329319686
-21.0625;-19.8286;5.342815000109149;3.4187773329319686
-19.75;-19.6571;5.342815000109149;3.4187773329319686
-18.5;-19.6857;5.342815000109149;3.4187773329319686
-18.0625;-19.6286;5.342815000109149;3.4187773329319686
-18.5625;-19.5714;5.342815000109149;3.4187773329319686
-19.3125;-19.5429;5.342815000109149;3.4187773329319686
-19.125;-19.5429;5.342815000109149;3.4187773329319686
-18.625;-19.4857;5.342815000109149;3.4187773329319686
-18.5;-19.4857;5.342815000109149;3.4187773329319686
-18.375;-19.4571;5.342815000109149;3.4187773329319686
-18.1875;-19.4;5.342815000109149;3.4187773329319686
-18.5;-19.2286;5.342815000109149;3.4187773329319686
-18.8125;-19.1714;5.342815000109149;3.4187773329319686
-18.75;-19.1143;5.342815000109149;3.4187773329319686
-18.6875;-19.2;5.342815000109149;3.4187773329319686
-18.75;-18.9714;5.342815000109149;3.4187773329319686
-18.875;-18.8857;5.342815000109149;3.4187773329319686
-19.0;-18.8857;5.342815000109149;3.4187773329319686
-18.75;-18.8;5.342815000109149;3.4187773329319686
-18.25;-18.6571;5.342815000109149;3.4187773329319686
-17.8125;-18.5429;5.342815000109149;3.4187773329319686
-17.5625;-18.5143;5.342815000109149;3.4187773329319686
-17.4375;-18.6;5.342815000109149;3.4187773329319686
-17.25;-18.4857;5.342815000109149;3.4187773329319686
-17.375;-18.4857;5.342815000109149;3.4187773329319686
-17.5625;-18.4;5.342815000109149;3.4187773329319686
-17.875;-18.3143;5.342815000109149;3.4187773329319686
-18.375;-18.4;5.342815000109149;3.4187773329319686
-18.75;-18.3143;5.342815000109149;3.4187773329319686
-18.875;-18.1714;5.342815000109149;3.4187773329319686
-18.9375;-18.2286;5.342815000109149;3.4187773329319686
-18.8125;-18.1143;5.342815000109149;3.4187773329319686
-18.5625;-18.0571;5.342815000109149;3.4187773329319686
-18.0;-18.0;5.342815000109149;3.4187773329319686
-17.3125;-17.8857;5.342815000109149;3.4187773329319686
-16.75;-17.8571;5.342815000109149;3.4187773329319686
-16.4375;-17.8571;5.342815000109149;3.4187773329319686
-16.375;-17.7714;5.342815000109149;3.4187773329319686
-16.625;-17.7429;5.342815000109149;3.4187773329319686
-17.25;-17.6286;5.342815000109149;3.4187773329319686
-17.375;-17.5429;5.342815000109149;3.4187773329319686
-17.1875;-17.5143;5.342815000109149;3.4187773329319686
-17.125;-17.4857;5.342815000109149;3.4187773329319686
-17.5625;-17.4571;5.342815000109149;3.4187773329319686
-18.0;-17.4286;5.342815000109149;3.4187773329319686
-17.5625;-17.4857;5.342815000109149;3.4187773329319686
-17.0;-17.4857;5.342815000109149;3.4187773329319686
-16.9375;-17.3714;5.342815000109149;3.4187773329319686
-17.0;-17.3143;5.342815000109149;3.4187773329319686
-17.0625;-17.2286;5.342815000109149;3.4187773329319686
-17.0;-17.1714;5.342815000109149;3.4187773329319686
-17.0625;-17.0286;5.342815000109149;3.4187773329319686
-17.25;-17.0;5.342815000109149;3.4187773329319686
-17.4375;-16.9143;5.342815000109149;3.4187773329319686
-17.25;-16.8857;5.342815000109149;3.4187773329319686
-16.625;-16.8857;5.342815000109149;3.4187773329319686
-16.0625;-16.8;5.342815000109149;3.4187773329319686
-15.9375;-16.8;5.342815000109149;3.4187773329319686
-16.5625;-16.7429;5.342815000109149;3.4187773329319686
-17.5;-16.6286;5.342815000109149;3.4187773329319686
-18.125;-16.6286;5.342815000109149;3.4187773329319686
-18.5;-16.5429;5.342815000109149;3.4187773329319686
-18.5625;-16.5143;5.342815000109149;3.4187773329319686
-18.125;-16.4286;5.342815000109149;3.4187773329319686
-17.4375;-16.3143;5.342815000109149;3.4187773329319686
-16.8125;-16.3143;5.342815000109149;3.4187773329319686
-16.0625;-16.2;5.342815000109149;3.4187773329319686
-15.6875;-16.1714;5.342815000109149;3.4187773329319686
-15.75;-16.0286;5.342815000109149;3.4187773329319686
-15.75;-16.0857;5.342815000109149;3.4187773329319686
-15.9375;-16.0286;5.342815000109149;3.4187773329319686
-16.125;-16.0;5.342815000109149;3.4187773329319686
-16.0625;-15.9143;5.342815000109149;3.4187773329319686
-16.0625;-15.8286;5.342815000109149;3.4187773329319686
-16.0;-15.7714;5.342815000109149;3.4187773329319686
-15.6875;-15.7143;5.342815000109149;3.4187773329319686
-15.5;-15.7429;5.342815000109149;3.4187773329319686
-15.5;-15.6286;5.342815000109149;3.4187773329319686
-15.4375;-15.6;5.342815000109149;3.4187773329319686
-15.4375;-15.6286;5.342815000109149;3.4187773329319686
-15.625;-15.5714;5.342815000109149;3.4187773329319686
-15.8125;-15.5143;5.342815000109149;3.4187773329319686
-15.6875;-15.4286;5.342815000109149;3.4187773329319686
-15.5;-15.3143;5.342815000109149;3.4187773329319686
-15.125;-15.2571;5.342815000109149;3.4187773329319686
-14.5;-15.2;5.342815000109149;3.4187773329319686
-14.0625;-15.0857;5.342815000109149;3.4187773329319686
-13.625;-15.0571;5.342815000109149;3.4187773329319686
-13.375;-14.9429;5.342815000109149;3.4187773329319686
-13.6875;-14.8286;5.342815000109149;3.4187773329319686
-14.3125;-14.8;5.342815000109149;3.4187773329319686
-14.6875;-14.6857;5.342815000109149;3.4187773329319686
-14.875;-14.7143;5.342815000109149;3.4187773329319686
-14.9375;-14.6571;5.342815000109149;3.4187773329319686
-14.9375;-14.6;5.342815000109149;3.4187773329319686
-14.8125;-14.5714;5.342815000109149;3.4187773329319686
-14.5;-14.4286;5.342815000109149;3.4187773329319686
-14.125;-14.3429;5.342815000109149;3.4187773329319686
-14.125;-14.3714;5.342815000109149;3.4187773329319686
-14.5625;-14.3143;5.342815000109149;3.4187773329319686
-15.0;-14.2286;5.342815000109149;3.4187773329319686
-15.25;-14.2571;5.342815000109149;3.4187773329319686
-15.0;-14.1429;5.342815000109149;3.4187773329319686
-14.5;-14.1429;5.342815000109149;3.4187773329319686
-14.125;-14.2;5.342815000109149;3.4187773329319686
-13.4375;-14.1143;5.342815000109149;3.4187773329319686
-12.625;-14.0286;5.342815000109149;3.4187773329319686
-12.5;-13.9714;5.342815000109149;3.4187773329319686
-12.875;-14.0;5.342815000109149;3.4187773329319686
-13.3125;-14.0;5.342815000109149;3.4187773329319686
-13.5625;-13.9429;5.342815000109149;3.4187773329319686
-13.5;-13.8857;5.342815000109149;3.4187773329319686
-13.375;-13.8;5.342815000109149;3.4187773329319686
-13.3125;-13.7714;5.342815000109149;3.4187773329319686
-13.0;-13.7143;5.342815000109149;3.4187773329319686
-13.0625;-13.6857;5.342815000109149;3.4187773329319686
-13.1875;-13.5429;5.342815000109149;3.4187773329319686
-13.125;-13.5429;5.342815000109149;3.4187773329319686
-13.125;-13.5143;5.342815000109149;3.4187773329319686
-13.125;-13.4571;5.342815000109149;3.4187773329319686
-13.125;-13.4;5.342815000109149;3.4187773329319686
-13.0;-13.4286;5.342815000109149;3.4187773329319686
-12.875;-13.3429;5.342815000109149;3.4187773329319686
-12.75;-13.3429;5.342815000109149;3.4187773329319686
-12.75;-13.3429;5.342815000109149;3.4187773329319686
-12.75;-13.2;5.342815000109149;3.4187773329319686
-12.75;-13.1714;5.342815000109149;3.4187773329319686
-13.0625;-13.1143;5.342815000109149;3.4187773329319686
-13.625;-13.0286;5.342815000109149;3.4187773329319686
-13.9375;-12.9429;5.342815000109149;3.4187773329319686
-13.875;-12.8857;5.342815000109149;3.4187773329319686
-13.8125;-12.8286;5.342815000109149;3.4187773329319686
-13.5625;-12.8;5.342815000109149;3.4187773329319686
-13.0;-12.8;5.342815000109149;3.4187773329319686
-12.6875;-12.7714;5.342815000109149;3.4187773329319686
-12.5625;-12.6857;5.342815000109149;3.4187773329319686
-12.3125;-12.7714;5.342815000109149;3.4187773329319686
-12.0625;-12.7143;5.342815000109149;3.4187773329319686
-11.875;-12.6571;5.342815000109149;3.4187773329319686
-12.1875;-12.5429;5.342815000109149;3.4187773329319686
-12.5625;-12.4857;5.342815000109149;3.4187773329319686
-12.375;-12.3714;5.342815000109149;3.4187773329319686
-11.9375;-12.4286;5.342815000109149;3.4187773329319686
-11.875;-12.3714;5.342815000109149;3.4187773329319686
-11.9375;-12.4;5.342815000109149;3.4187773329319686
-11.5625;-12.4;5.342815000109149;3.4187773329319686
-11.375;-12.3143;5.342815000109149;3.4187773329319686
-11.375;-12.2571;5.342815000109149;3.4187773329319686
-11.3125;-12.2;5.342815000109149;3.4187773329319686
-11.5;-12.2286;5.342815000109149;3.4187773329319686
-11.75;-12.1429;5.342815000109149;3.4187773329319686
-11.875;-12.0857;5.342815000109149;3.4187773329319686
-11.8125;-12.0;5.342815000109149;3.4187773329319686
-11.625;-11.9714;5.342815000109149;3.4187773329319686
-11.375;-11.8857;5.342815000109149;3.4187773329319686
-11.1875;-11.7714;5.342815000109149;3.4187773329319686
-11.0625;-11.7429;5.342815000109149;3.4187773329319686
-11.0;-11.6571;5.342815000109149;3.4187773329319686
-11.0;-11.6;5.342815000109149;3.4187773329319686
-10.9375;-11.5429;5.342815000109149;3.4187773329319686
-10.875;-11.5714;5.342815000109149;3.4187773329319686
-10.8125;-11.5143;5.342815000109149;3.4187773329319686
-10.9375;-11.4857;5.342815000109149;3.4187773329319686
-11.625;-11.4;5.342815000109149;3.4187773329319686
-12.25;-11.2571;5.342815000109149;3.4187773329319686
-12.1875;-11.3143;5.342815000109149;3.4187773329319686
-11.5625;-11.2286;5.342815000109149;3.4187773329319686
-10.875;-11.1143;5.342815000109149;3.4187773329319686
-10.4375;-11.1143;5.342815000109149;3.4187773329319686
-10.3125;-11.0857;5.342815000109149;3.4187773329319686
-10.5;-11.0286;5.342815000109149;3.4187773329319686
-10.8125;-11.0286;5.342815000109149;3.4187773329319686
-10.6875;-11.0;5.342815000109149;3.4187773329319686
-10.5625;-11.0;5.342815000109149;3.4187773329319686
-10.6875;-10.9429;5.342815000109149;3.4187773329319686
-10.5;-10.8857;5.342815000109149;3.4187773329319686
-10.1875;-10.7429;5.342815000109149;3.4187773329319686
-9.875;-10.8;5.342815000109149;3.4187773329319686
-9.8125;-10.6857;5.342815000109149;3.4187773329319686
-10.1875;-10.6857;5.342815000109149;3.4187773329319686
-10.375;-10.6;5.342815000109149;3.4187773329319686
-10.1875;-10.5714;5.342815000109149;3.4187773329319686
-10.125;-10.5143;5.342815000109149;3.4187773329319686
-10.0625;-10.5714;5.342815000109149;3.4187773329319686
-9.9375;-10.5143;5.342815000109149;3.4187773329319686
-9.8125;-10.4857;5.342815000109149;3.4187773329319686
-9.8125;-10.4286;5.342815000109149;3.4187773329319686
-10.0;-10.3714;5.342815000109149;3.4187773329319686
-10.125;-10.3714;5.342815000109149;3.4187773329319686
-10.1875;-10.2857;5.342815000109149;3.4187773329319686
-10.25;-10.2286;5.342815000109149;3.4187773329319686
-10.375;-10.2;5.342815000109149;3.4187773329319686
-10.5625;-10.1143;5.342815000109149;3.4187773329319686
-10.3125;-10.0571;5.342815000109149;3.4187773329319686
-9.5625;-9.9714;5.342815000109149;3.4187773329319686
-8.875;-9.9714;5.342815000109149;3.4187773329319686
-8.5625;-9.9429;5.342815000109149;3.4187773329319686
-8.375;-9.8857;5.342815000109149;3.4187773329319686
-8.0;-9.8571;5.342815000109149;3.4187773329319686
-7.8125;-9.8;5.342815000109149;3.4187773329319686
-8.0625;-9.7429;5.342815000109149;3.4187773329319686
-8.4375;-9.7143;5.342815000109149;3.4187773329319686
-8.625;-9.6286;5.342815000109149;3.4187773329319686
-8.6875;-9.5714;5.342815000109149;3.4187773329319686
-8.5625;-9.5429;5.342815000109149;3.4187773329319686
-8.625;-9.6;5.342815000109149;3.4187773329319686
-8.75;-9.5429;5.342815000109149;3.4187773329319686
-8.625;-9.4857;5.342815000109149;3.4187773329319686
-8.375;-9.4;5.342815000109149;3.4187773329319686
-8.625;-9.3714;5.342815000109149;3.4187773329319686
-8.75;-9.3143;5.342815000109149;3.4187773329319686
-8.4375;-9.3429;5.342815000109149;3.4187773329319686
-8.125;-9.2286;5.342815000109149;3.4187773329319686
-8.0;-9.2571;5.342815000109149;3.4187773329319686
-8.0;-9.2;5.342815000109149;3.4187773329319686
-8.0625;-9.1429;5.342815000109149;3.4187773329319686
-8.25;-9.0286;5.342815000109149;3.4187773329319686
-8.3125;-9.0286;5.342815000109149;3.4187773329319686
-8.0;-9.0286;5.342815000109149;3.4187773329319686
-7.5625;-8.9143;5.342815000109149;3.4187773329319686
-7.25;-8.9429;5.342815000109149;3.4187773329319686
-7.0625;-8.8571;5.342815000109149;3.4187773329319686
-7.0;-8.8286;5.342815000109149;3.4187773329319686
-7.1875;-8.7714;5.342815000109149;3.4187773329319686
-7.625;-8.7429;5.342815000109149;3.4187773329319686
-7.9375;-8.6571;5.342815000109149;3.4187773329319686
-7.8125;-8.6;5.342815000109149;3.4187773329319686
-7.1875;-8.5714;5.342815000109149;3.4187773329319686
-6.75;-8.5429;5.342815000109149;3.4187773329319686
-6.9375;-8.5143;5.342815000109149;3.4187773329319686
-7.4375;-8.5143;5.342815000109149;3.4187773329319686
-7.6875;-8.5143;5.342815000109149;3.4187773329319686
-7.8125;-8.4286;5.342815000109149;3.4187773329319686
-7.75;-8.3714;5.342815000109149;3.4187773329319686
-7.3125;-8.3143;5.342815000109149;3.4187773329319686
-7.1875;-8.2571;5.342815000109149;3.4187773329319686
-7.4375;-8.2286;5.342815000109149;3.4187773329319686
-7.4375;-8.2571;5.342815000109149;3.4187773329319686
-7.1875;-8.2;5.342815000109149;3.4187773329319686
-6.8125;-8.1714;5.342815000109149;3.4187773329319686
-6.5;-8.1429;5.342815000109149;3.4187773329319686
-6.3125;-8.0286;5.342815000109149;3.4187773329319686
-6.1875;-8.0286;5.342815000109149;3.4187773329319686
-6.125;-7.9714;5.342815000109149;3.4187773329319686
-6.1875;-7.9143;5.342815000109149;3.4187773329319686
-6.5;-7.8571;5.342815000109149;3.4187773329319686
-6.625;-7.8857;5.342815000109149;3.4187773329319686
-6.5;-7.7429;5.342815000109149;3.4187773329319686
-6.5;-7.6857;5.342815000109149;3.4187773329319686
-6.8125;-7.7714;5.342815000109149;3.4187773329319686
-7.0625;-7.6571;5.342815000109149;3.4187773329319686
-7.1875;-7.6286;5.342815000109149;3.4187773329319686
-7.1875;-7.5714;5.342815000109149;3.4187773329319686
-7.125;-7.5429;5.342815000109149;3.4187773329319686
-7.125;-7.4857;5.342815000109149;3.4187773329319686
-7.0;-7.4857;5.342815000109149;3.4187773329319686
-6.8125;-7.4;5.342815000109149;3.4187773329319686
-6.5;-7.4;5.342815000109149;3.4187773329319686
-6.0625;-7.2857;5.342815000109149;3.4187773329319686
-5.5625;-7.2571;5.342815000109149;3.4187773329319686
-5.3125;-7.2571;5.342815000109149;3.4187773329319686
-5.375;-7.2571;5.342815000109149;3.4187773329319686
-5.8125;-7.2;5.342815000109149;3.4187773329319686
-6.0625;-7.2;5.342815000109149;3.4187773329319686
-5.875;-7.1143;5.342815000109149;3.4187773329319686
-5.4375;-7.1143;5.342815000109149;3.4187773329319686
-5.3125;-7.0;5.342815000109149;3.4187773329319686
-5.4375;-6.9714;5.342815000109149;3.4187773329319686
-5.5;-6.9714;5.342815000109149;3.4187773329319686
-5.5625;-6.8857;5.342815000109149;3.4187773329319686
-5.6875;-6.8286;5.342815000109149;3.4187773329319686
-5.625;-6.8;5.342815000109149;3.4187773329319686
-5.5;-6.7429;5.342815000109149;3.4187773329319686
-5.125;-6.7429;5.342815000109149;3.4187773329319686
-4.6875;-6.7143;5.342815000109149;3.4187773329319686
-4.75;-6.6571;5.342815000109149;3.4187773329319686
-4.875;-6.6;5.342815000109149;3.4187773329319686
-4.8125;-6.6;5.342815000109149;3.4187773329319686
-4.75;-6.5429;5.342815000109149;3.4187773329319686
-4.8125;-6.4857;5.342815000109149;3.4187773329319686
-5.0;-6.4571;5.342815000109149;3.4187773329319686
-5.125;-6.3714;5.342815000109149;3.4187773329319686
-5.125;-6.4;5.342815000109149;3.4187773329319686
-5.125;-6.3429;5.342815000109149;3.4187773329319686
-5.0625;-6.2571;5.342815000109149;3.4187773329319686
-5.0625;-6.2286;5.342815000109149;3.4187773329319686
-5.0;-6.1714;5.342815000109149;3.4187773329319686
-4.9375;-6.1714;5.342815000109149;3.4187773329319686
-4.625;-6.1143;5.342815000109149;3.4187773329319686
-4.4375;-6.0857;5.342815000109149;3.4187773329319686
-4.625;-6.0571;5.342815000109149;3.4187773329319686
-4.75;-6.0286;5.342815000109149;3.4187773329319686
-4.625;-5.9143;5.342815000109149;3.4187773329319686
-4.375;-5.9143;5.342815000109149;3.4187773329319686
-4.25;-5.9143;5.342815000109149;3.4187773329319686
-4.4375;-5.8286;5.342815000109149;3.4187773329319686
-4.875;-5.8;5.342815000109149;3.4187773329319686
-5.0625;-5.8286;5.342815000109149;3.4187773329319686
-4.75;-5.8;5.342815000109149;3.4187773329319686
-4.25;-5.7143;5.342815000109149;3.4187773329319686
-3.625;-5.7143;5.342815000109149;3.4187773329319686
-3.0625;-5.7143;5.342815000109149;3.4187773329319686
-3.0625;-5.6;5.342815000109149;3.4187773329319686
-3.5625;-5.5714;5.342815000109149;3.4187773329319686
-3.8125;-5.5143;5.342815000109149;3.4187773329319686
-3.75;-5.5143;5.342815000109149;3.4187773329319686
-3.9375;-5.4571;5.342815000109149;3.4187773329319686
-4.25;-5.4571;5.342815000109149;3.4187773329319686
-4.4375;-5.4286;5.342815000109149;3.4187773329319686
-4.375;-5.4;5.342815000109149;3.4187773329319686
-4.25;-5.3714;5.342815000109149;3.4187773329319686
-4.375;-5.3143;5.342815000109149;3.4187773329319686
-4.5625;-5.2286;5.342815000109149;3.4187773329319686
-4.5;-5.2;5.342815000109149;3.4187773329319686
-4.125;-5.1714;5.342815000109149;3.4187773329319686
-3.6875;-5.0571;5.342815000109149;3.4187773329319686
-3.375;-5.0286;5.342815000109149;3.4187773329319686
-3.25;-5.0286;5.342815000109149;3.4187773329319686
-3.1875;-4.9429;5.342815000109149;3.4187773329319686
-3.1875;-4.8;5.342815000109149;3.4187773329319686
-2.8125;-4.7714;5.342815000109149;3.4187773329319686
-2.25;-4.6857;5.342815000109149;3.4187773329319686
-2.25;-4.5143;5.342815000109149;3.4187773329319686
-2.625;-4.4;5.342815000109149;3.4187773329319686
-2.75;-4.2286;5.342815000109149;3.4187773329319686
-2.25;-4.1143;5.342815000109149;3.4187773329319686
-1.3125;-3.8857;5.342815000109149;3.4187773329319686
-0.25;-3.6857;5.342815000109149;3.4187773329319686
0.5625;-3.4286;5.342815000109149;3.4187773329319686
1.1875;-3.2286;5.342815000109149;3.4187773329319686
1.875;-3.0;5.342815000109149;3.4187773329319686
2.375;-2.6571;5.342815000109149;3.4187773329319686
2.4375;-2.2857;5.342815000109149;3.4187773329319686
2.5625;-1.8857;5.342815000109149;3.4187773329319686
2.8125;-1.3143;5.342815000109149;3.4187773329319686
3.125;-0.6857;5.342815000109149;3.4187773329319686
3.625;0.0;5.342815000109149;3.4187773329319686
4.125;0.7429;5.342815000109149;3.4187773329319686
4.25;1.4571;5.342815000109149;3.4187773329319686
4.25;2.0;5.342815000109149;3.4187773329319686
4.375;2.7714;5.342815000109149;3.4187773329319686
4.75;3.3143;5.342815000109149;3.4187773329319686
5.25;3.9429;5.342815000109149;3.4187773329319686
6.0;4.5429;5.342815000109149;3.4187773329319686
7.0;5.0857;5.342815000109149;3.4187773329319686
8.0;5.7429;5.342815000109149;3.4187773329319686
8.8125;6.4;5.342815000109149;3.4187773329319686
9.375;7.1429;5.342815000109149;3.4187773329319686
9.5625;7.8571;5.342815000109149;3.4187773329319686
9.625;8.7143;5.342815000109149;3.4187773329319686
9.5625;9.5714;5.342815000109149;3.4187773329319686
9.5625;10.4857;5.342815000109149;3.4187773329319686
10.25;11.3143;5.342815000109149;3.4187773329319686
12.0;12.0286;5.342815000109149;3.4187773329319686
14.1875;12.9714;5.342815000109149;3.4187773329319686
16.125;13.8857;5.342815000109149;3.4187773329319686
17.375;14.6857;5.342815000109149;3.4187773329319686
18.125;15.6286;5.342815000109149;3.4187773329319686
18.75;16.3143;5.342815000109149;3.4187773329319686
19.5;17.1429;5.342815000109149;3.4187773329319686
20.5;17.9143;5.342815000109149;3.4187773329319686
21.4375;18.8857;5.342815000109149;3.4187773329319686
22.4375;19.8;5.342815000109149;3.4187773329319686
23.5;20.5429;5.342815000109149;3.4187773329319686
24.5;21.4857;5.342815000109149;3.4187773329319686
25.375;22.3143;5.342815000109149;3.4187773329319686
26.25;23.0857;5.342815000109149;3.4187773329319686
27.0625;23.9143;5.342815000109149;3.4187773329319686
27.9375;24.6286;5.342815000109149;3.4187773329319686
28.875;25.6571;5.342815000109149;3.4187773329319686
29.75;26.3429;5.342815000109149;3.4187773329319686
30.5;27.0857;5.342815000109149;3.4187773329319686
31.25;27.8286;5.342815000109149;3.4187773329319686
31.9375;28.6571;5.342815000109149;3.4187773329319686
32.75;29.4571;5.342815000109149;3.4187773329319686
33.4375;30.1143;5.342815000109149;3.4187773329319686
34.0625;30.8;5.342815000109149;3.4187773329319686
34.625;31.3143;5.342815000109149;3.4187773329319686
35.25;32.1429;5.342815000109149;3.4187773329319686
35.6875;32.9714;5.342815000109149;3.4187773329319686
35.875;33.4286;5.342815000109149;3.4187773329319686
35.9375;33.8857;5.342815000109149;3.4187773329319686
35.9375;34.6;5.342815000109149;3.4187773329319686
35.875;35.4571;5.342815000109149;3.4187773329319686
35.875;36.4571;5.342815000109149;3.4187773329319686
36.4375;37.2286;5.342815000109149;3.4187773329319686
38.0625;37.7143;5.342815000109149;3.4187773329319686
40.1875;38.6;5.342815000109149;3.4187773329319686
42.0;39.2;5.342815000109149;3.4187773329319686
43.375;40.1143;5.342815000109149;3.4187773329319686
44.375;40.9429;5.342815000109149;3.4187773329319686
45.125;41.3714;5.342815000109149;3.4187773329319686
45.8125;42.1429;5.342815000109149;3.4187773329319686
46.4375;42.7714;5.342815000109149;3.4187773329319686
47.0625;43.4571;5.342815000109149;3.4187773329319686
47.6875;43.8571;5.342815000109149;3.4187773329319686
48.5;44.7143;5.342815000109149;3.4187773329319686
49.25;45.0571;5.342815000109149;3.4187773329319686
49.875;45.8571;5.342815000109149;3.4187773329319686
50.5625;46.2571;5.342815000109149;3.4187773329319686
51.1875;46.9714;5.342815000109149;3.4187773329319686
51.8125;47.7714;5.342815000109149;3.4187773329319686
52.3125;48.2857;5.342815000109149;3.4187773329319686
52.75;48.6571;5.342815000109149;3.4187773329319686
53.25;49.6857;5.342815000109149;3.4187773329319686
53.875;50.3143;5.342815000109149;3.4187773329319686
54.5625;51.0;5.342815000109149;3.4187773329319686
55.125;51.2;5.342815000109149;3.4187773329319686
55.625;51.7714;5.342815000109149;3.4187773329319686
56.25;52.5714;5.342815000109149;3.4187773329319686
57.0;52.9429;5.342815000109149;3.4187773329319686
57.625;53.8857;5.342815000109149;3.4187773329319686
58.0;54.2857;5.342815000109149;3.4187773329319686
58.0625;54.8571;5.342815000109149;3.4187773329319686
58.0625;55.2286;5.342815000109149;3.4187773329319686
58.0625;55.4857;5.342815000109149;3.4187773329319686
57.9375;56.1714;5.342815000109149;3.4187773329319686
58.25;56.7429;5.342815000109149;3.4187773329319686
59.375;57.3714;5.342815000109149;3.4187773329319686
61.125;57.5143;5.342815000109149;3.4187773329319686
62.5625;58.2;5.342815000109149;3.4187773329319686
63.5;58.0571;5.342815000109149;3.4187773329319686
64.1875;59.0286;5.342815000109149;3.4187773329319686
64.75;59.7429;5.342815000109149;3.4187773329319686
65.5625;60.0286;5.342815000109149;3.4187773329319686
66.3125;60.7714;5.342815000109149;3.4187773329319686
67.0625;61.7143;5.342815000109149;3.4187773329319686
68.0625;61.5429;5.342815000109149;3.4187773329319686
69.0625;62.7429;5.342815000109149;3.4187773329319686
69.5625;63.9714;5.342815000109149;3.4187773329319686
69.4375;64.1429;5.342815000109149;3.4187773329319686
69.4375;64.6286;5.342815000109149;3.4187773329319686
70.4375;63.7714;5.342815000109149;3.4187773329319686
71.375;65.1714;5.342815000109149;3.4187773329319686
71.8125;65.9429;5.342815000109149;3.4187773329319686
72.25;66.8286;5.342815000109149;3.4187773329319686
72.6875;66.7429;5.342815000109149;3.4187773329319686
73.0;68.3143;5.342815000109149;3.4187773329319686
73.5;67.9143;5.342815000109149;3.4187773329319686
74.375;67.9714;5.342815000109149;3.4187773329319686
75.0625;68.7714;5.342815000109149;3.4187773329319686
75.6875;69.2857;5.342815000109149;3.4187773329319686
76.6875;70.6286;5.342815000109149;3.4187773329319686
77.5625;70.8;5.342815000109149;3.4187773329319686
78.125;71.2857;5.342815000109149;3.4187773329319686
78.3125;72.3714;5.342815000109149;3.4187773329319686
78.3125;72.7714;5.342815000109149;3.4187773329319686
78.25;72.1714;5.342815000109149;3.4187773329319686
78.1875;71.6857;5.342815000109149;3.4187773329319686
78.375;73.5429;5.342815000109149;3.4187773329319686
78.75;74.1714;5.342815000109149;3.4187773329319686
79.3125;74.1143;5.342815000109149;3.4187773329319686
80.5;74.4;5.342815000109149;3.4187773329319686
81.9375;74.3429;5.342815000109149;3.4187773329319686
82.5625;75.1429;5.342815000109149;3.4187773329319686
82.625;75.5714;5.342815000109149;3.4187773329319686
82.6875;75.5429;5.342815000109149;3.4187773329319686
83.1875;75.2;5.342815000109149;3.4187773329319686
84.4375;75.6571;5.342815000109149;3.4187773329319686
86.1875;75.9714;5.342815000109149;3.4187773329319686
88.0;77.9714;5.342815000109149;3.4187773329319686
89.4375;78.3714;5.342815000109149;3.4187773329319686
90.4375;81.1714;5.342815000109149;3.4187773329319686
91.25;80.6;5.342815000109149;3.4187773329319686
92.0625;81.0;5.342815000109149;3.4187773329319686
92.6875;81.6571;5.342815000109149;3.4187773329319686
92.9375;82.4;5.342815000109149;3.4187773329319686
93.0625;82.3429;5.342815000109149;3.4187773329319686
93.5;82.8;5.342815000109149;3.4187773329319686
93.9375;83.5429;5.342815000109149;3.4187773329319686
94.4375;83.6857;5.342815000109149;3.4187773329319686
94.9375;84.1429;5.342815000109149;3.4187773329319686
95.625;84.6286;5.342815000109149;3.4187773329319686
96.3125;85.5714;5.342815000109149;3.4187773329319686
96.625;85.1429;5.342815000109149;3.4187773329319686
96.625;85.9714;5.342815000109149;3.4187773329319686
96.5;86.8571;5.342815000109149;3.4187773329319686
96.4375;86.4286;5.342815000109149;3.4187773329319686
96.375;86.7429;5.342815000109149;3.4187773329319686
96.3125;86.9429;5.342815000109149;3.4187773329319686
96.5625;87.8;5.342815000109149;3.4187773329319686
97.375;88.7714;5.342815000109149;3.4187773329319686
98.875;88.2571;5.342815000109149;3.4187773329319686
100.375;88.5143;5.342815000109149;3.4187773329319686
101.1875;88.7714;5.342815000109149;3.4187773329319686
101.4375;89.0286;5.342815000109149;3.4187773329319686
101.6875;89.9143;5.342815000109149;3.4187773329319686
102.1875;90.0;5.342815000109149;3.4187773329319686
102.8125;89.7143;5.342815000109149;3.4187773329319686
103.3125;89.7143;5.342815000109149;3.4187773329319686
103.4375;90.7143;5.342815000109149;3.4187773329319686
103.4375;90.1714;5.342815000109149;3.4187773329319686
103.5625;91.0;5.342815000109149;3.4187773329319686
103.625;91.4857;5.342815000109149;3.4187773329319686
103.4375;91.3714;5.342815000109149;3.4187773329319686
103.8125;91.8857;5.342815000109149;3.4187773329319686
104.6875;92.6857;5.342815000109149;3.4187773329319686
105.4375;92.6857;5.342815000109149;3.4187773329319686
106.8125;94.1714;5.342815000109149;3.4187773329319686
108.3125;93.9714;5.342815000109149;3.4187773329319686
108.875;92.9143;5.342815000109149;3.4187773329319686
109.0625;94.8;5.342815000109149;3.4187773329319686
109.375;95.5143;5.342815000109149;3.4187773329319686
109.5625;95.1143;5.342815000109149;3.4187773329319686
109.8125;95.6286;5.342815000109149;3.4187773329319686
110.1875;96.2286;5.342815000109149;3.4187773329319686
110.5625;95.5714;5.342815000109149;3.4187773329319686
110.8125;96.2;5.342815000109149;3.4187773329319686
111.0;97.3429;5.342815000109149;3.4187773329319686
111.0;97.6571;5.342815000109149;3.4187773329319686
111.0;97.8571;5.342815000109149;3.4187773329319686
111.0;96.2571;5.342815000109149;3.4187773329319686
111.0625;97.8;5.342815000109149;3.4187773329319686
111.75;99.1714;5.342815000109149;3.4187773329319686
113.125;98.5429;5.342815000109149;3.4187773329319686
114.25;100.6;5.342815000109149;3.4187773329319686
114.9375;101.5143;5.342815000109149;3.4187773329319686
115.4375;101.5429;5.342815000109149;3.4187773329319686
116.25;102.6;5.342815000109149;3.4187773329319686
116.9375;103.6571;5.342815000109149;3.4187773329319686
117.0;101.5143;5.342815000109149;3.4187773329319686
116.875;103.2286;5.342815000109149;3.4187773329319686
117.0;103.5143;5.342815000109149;3.4187773329319686
117.3125;104.5143;5.342815000109149;3.4187773329319686
117.375;104.8286;5.342815000109149;3.4187773329319686
117.625;104.7429;5.342815000109149;3.4187773329319686
118.3125;105.7143;5.342815000109149;3.4187773329319686
118.75;105.6286;5.342815000109149;3.4187773329319686
118.875;105.4571;5.342815000109149;3.4187773329319686
119.125;107.6;5.342815000109149;3.4187773329319686
119.8125;107.3714;5.342815000109149;3.4187773329319686
120.1875;106.8286;5.342815000109149;3.4187773329319686
120.0625;107.4;5.342815000109149;3.4187773329319686
120.4375;107.2286;5.342815000109149;3.4187773329319686
120.9375;108.3429;5.342815000109149;3.4187773329319686
121.25;107.5429;5.342815000109149;3.4187773329319686
121.625;108.6571;5.342815000109149;3.4187773329319686
121.875;108.6;5.342815000109149;3.4187773329319686
121.875;108.4571;5.342815000109149;3.4187773329319686
121.625;109.7429;5.342815000109149;3.4187773329319686
121.375;109.7714;5.342815000109149;3.4187773329319686
121.25;109.2857;5.342815000109149;3.4187773329319686
121.1875;110.1714;5.342815000109149;3.4187773329319686
121.1875;110.8571;5.342815000109149;3.4187773329319686
121.4375;110.1143;5.342815000109149;3.4187773329319686
122.3125;110.3143;5.342815000109149;3.4187773329319686
123.6875;109.5429;5.342815000109149;3.4187773329319686
124.875;110.7429;5.342815000109149;3.4187773329319686
125.5625;111.6;5.342815000109149;3.4187773329319686
125.5625;111.3714;5.342815000109149;3.4187773329319686
125.4375;111.8571;5.342815000109149;3.4187773329319686
125.25;112.7143;5.342815000109149;3.4187773329319686
125.125;113.4;5.342815000109149;3.4187773329319686
125.375;114.4857;5.342815000109149;3.4187773329319686
126.0625;114.1143;5.342815000109149;3.4187773329319686
126.8125;114.5429;5.342815000109149;3.4187773329319686
127.0;115.0857;5.342815000109149;3.4187773329319686
127.25;114.7429;5.342815000109149;3.4187773329319686
127.6875;113.0286;5.342815000109149;3.4187773329319686
127.8125;112.4571;5.342815000109149;3.4187773329319686
128.0;115.4286;5.342815000109149;3.4187773329319686
128.4375;115.0857;5.342815000109149;3.4187773329319686
128.75;115.4;5.342815000109149;3.4187773329319686
128.875;115.6571;5.342815000109149;3.4187773329319686
128.6875;115.4857;5.342815000109149;3.4187773329319686
128.3125;116.3714;5.342815000109149;3.4187773329319686
128.3125;114.8571;5.342815000109149;3.4187773329319686
128.9375;115.7143;5.342815000109149;3.4187773329319686
129.625;116.8857;5.342815000109149;3.4187773329319686
130.0;116.1143;5.342815000109149;3.4187773329319686
130.5625;116.7143;5.342815000109149;3.4187773329319686
131.3125;118.2857;5.342815000109149;3.4187773329319686
131.8125;119.3714;5.342815000109149;3.4187773329319686
132.0625;117.3143;5.342815000109149;3.4187773329319686
132.0625;118.5429;5.342815000109149;3.4187773329319686
132.0625;118.6571;5.342815000109149;3.4187773329319686
131.875;119.5429;5.342815000109149;3.4187773329319686
131.4375;119.4857;5.342815000109149;3.4187773329319686
131.3125;118.0857;5.342815000109149;3.4187773329319686
132.1875;119.0286;5.342815000109149;3.4187773329319686
133.0;119.9143;5.342815000109149;3.4187773329319686
132.625;119.1143;5.342815000109149;3.4187773329319686
132.375;119.0286;5.342815000109149;3.4187773329319686
132.875;120.0286;5.342815000109149;3.4187773329319686
133.375;119.5714;5.342815000109149;3.4187773329319686
133.9375;118.8857;5.342815000109149;3.4187773329319686
134.1875;121.5143;5.342815000109149;3.4187773329319686
134.0625;121.2286;5.342815000109149;3.4187773329319686
134.5;121.1714;5.342815000109149;3.4187773329319686
134.8125;121.0;5.342815000109149;3.4187773329319686
134.875;120.7429;5.342815000109149;3.4187773329319686
135.25;121.2;5.342815000109149;3.4187773329319686
135.375;123.3143;5.342815000109149;3.4187773329319686
135.5;121.9143;5.342815000109149;3.4187773329319686
134.875;123.2571;5.342815000109149;3.4187773329319686
134.375;122.4857;5.342815000109149;3.4187773329319686
135.625;121.9429;5.342815000109149;3.4187773329319686
137.0625;121.7429;5.342815000109149;3.4187773329319686
137.625;122.4;5.342815000109149;3.4187773329319686
137.9375;121.6857;5.342815000109149;3.4187773329319686
138.1875;123.0286;5.342815000109149;3.4187773329319686
138.0625;122.6571;5.342815000109149;3.4187773329319686
137.9375;122.1714;5.342815000109149;3.4187773329319686
138.0625;122.2286;5.342815000109149;3.4187773329319686
138.25;123.4857;5.342815000109149;3.4187773329319686
138.375;122.4;5.342815000109149;3.4187773329319686
138.4375;124.2571;5.342815000109149;3.4187773329319686
138.4375;122.0;5.342815000109149;3.4187773329319686
138.1875;123.5143;5.342815000109149;3.4187773329319686
137.8125;124.1714;5.342815000109149;3.4187773329319686
138.125;125.3429;5.342815000109149;3.4187773329319686
138.5625;123.0571;5.342815000109149;3.4187773329319686
138.6875;124.6;5.342815000109149;3.4187773329319686
139.1875;125.3714;5.342815000109149;3.4187773329319686
139.6875;125.8571;5.342815000109149;3.4187773329319686
140.375;124.9714;5.342815000109149;3.4187773329319686
141.625;125.3429;5.342815000109149;3.4187773329319686
142.5625;126.0857;5.342815000109149;3.4187773329319686
143.0;127.1143;5.342815000109149;3.4187773329319686
143.25;126.8286;5.342815000109149;3.4187773329319686
142.8125;124.4;5.342815000109149;3.4187773329319686
142.0;125.3714;5.342815000109149;3.4187773329319686
141.6875;126.2857;5.342815000109149;3.4187773329319686
142.5625;128.0;5.342815000109149;3.4187773329319686
143.625;127.0286;5.342815000109149;3.4187773329319686
143.8125;125.5143;5.342815000109149;3.4187773329319686
143.125;126.8857;5.342815000109149;3.4187773329319686
142.0625;126.6286;5.342815000109149;3.4187773329319686
141.3125;128.2;5.342815000109149;3.4187773329319686
141.5625;127.0857;5.342815000109149;3.4187773329319686
142.5;127.6;5.342815000109149;3.4187773329319686
143.125;126.4857;5.342815000109149;3.4187773329319686
143.5625;129.1143;5.342815000109149;3.4187773329319686
144.0;127.0286;5.342815000109149;3.4187773329319686
143.5625;128.4;5.342815000109149;3.4187773329319686
142.5;128.3143;5.342815000109149;3.4187773329319686
141.625;129.4286;5.342815000109149;3.4187773329319686
141.125;129.7714;5.342815000109149;3.4187773329319686
141.0;129.2286;5.342815000109149;3.4187773329319686
141.0;130.9714;5.342815000109149;3.4187773329319686
141.75;130.2286;5.342815000109149;3.4187773329319686
143.3125;128.4;5.342815000109149;3.4187773329319686
144.5625;128.9143;5.342815000109149;3.4187773329319686
145.375;129.4286;5.342815000109149;3.4187773329319686
145.5625;130.6;5.342815000109149;3.4187773329319686
145.5625;129.8857;5.342815000109149;3.4187773329319686
146.25;131.2;5.342815000109149;3.4187773329319686
147.125;128.8;5.342815000109149;3.4187773329319686
147.25;131.8;5.342815000109149;3.4187773329319686
147.1875;130.6286;5.342815000109149;3.4187773329319686
147.625;131.8857;5.342815000109149;3.4187773329319686
147.5625;131.4286;5.342815000109149;3.4187773329319686
147.5;130.4;5.342815000109149;3.4187773329319686
148.375;131.3714;5.342815000109149;3.4187773329319686
148.625;130.5714;5.342815000109149;3.4187773329319686
148.625;131.5143;5.342815000109149;3.4187773329319686
149.0625;132.9143;5.342815000109149;3.4187773329319686
148.9375;130.9143;5.342815000109149;3.4187773329319686
148.375;132.3714;5.342815000109149;3.4187773329319686
148.3125;133.2286;5.342815000109149;3.4187773329319686
148.625;134.2857;5.342815000109149;3.4187773329319686
149.0625;132.4857;5.342815000109149;3.4187773329319686
149.125;133.4857;5.342815000109149;3.4187773329319686
148.9375;132.7143;5.342815000109149;3.4187773329319686
149.125;133.6571;5.342815000109149;3.4187773329319686
148.9375;134.0857;5.342815000109149;3.4187773329319686
148.3125;134.1143;5.342815000109149;3.4187773329319686
147.9375;134.2857;5.342815000109149;3.4187773329319686
147.75;132.5143;5.342815000109149;3.4187773329319686
147.75;133.0;5.342815000109149;3.4187773329319686
147.75;134.0857;5.342815000109149;3.4187773329319686
147.8125;135.6286;5.342815000109149;3.4187773329319686
147.9375;133.0286;5.342815000109149;3.4187773329319686
148.125;135.4286;5.342815000109149;3.4187773329319686
148.6875;133.3429;5.342815000109149;3.4187773329319686
150.125;134.3143;5.342815000109149;3.4187773329319686
151.75;135.0;5.342815000109149;3.4187773329319686
152.5;135.2571;5.342815000109149;3.4187773329319686
152.5;136.9143;5.342815000109149;3.4187773329319686
152.3125;133.3143;5.342815000109149;3.4187773329319686
152.125;136.4286;5.342815000109149;3.4187773329319686
151.875;135.6;5.342815000109149;3.4187773329319686
152.1875;135.3429;5.342815000109149;3.4187773329319686
152.875;135.4857;5.342815000109149;3.4187773329319686
153.0;135.4571;5.342815000109149;3.4187773329319686
153.1875;135.3429;5.342815000109149;3.4187773329319686
153.25;136.0857;5.342815000109149;3.4187773329319686
152.6875;137.1143;5.342815000109149;3.4187773329319686
152.25;137.2571;5.342815000109149;3.4187773329319686
152.3125;135.8571;5.342815000109149;3.4187773329319686
152.375;136.5143;5.342815000109149;3.4187773329319686
152.3125;134.8286;5.342815000109149;3.4187773329319686
152.3125;133.9429;5.342815000109149;3.4187773329319686
152.0;135.6;5.342815000109149;3.4187773329319686
151.8125;136.8571;5.342815000109149;3.4187773329319686
151.9375;135.7143;5.342815000109149;3.4187773329319686
151.9375;135.1714;5.342815000109149;3.4187773329319686
151.25;136.1714;5.342815000109149;3.4187773329319686
150.1875;134.0286;5.342815000109149;3.4187773329319686
149.5;132.6;5.342815000109149;3.4187773329319686
149.125;133.3714;5.342815000109149;3.4187773329319686
149.0625;133.3429;5.342815000109149;3.4187773329319686
149.0625;133.7429;5.342815000109149;3.4187773329319686
149.125;133.3429;5.342815000109149;3.4187773329319686
149.3125;131.0857;5.342815000109149;3.4187773329319686
149.0625;131.7143;5.342815000109149;3.4187773329319686
148.0625;130.2571;5.342815000109149;3.4187773329319686
147.1875;130.2;5.342815000109149;3.4187773329319686
146.125;130.2;5.342815000109149;3.4187773329319686
144.9375;129.4571;5.342815000109149;3.4187773329319686
144.25;130.5714;5.342815000109149;3.4187773329319686
143.875;129.0857;5.342815000109149;3.4187773329319686
143.25;129.9714;5.342815000109149;3.4187773329319686
142.6875;126.0857;5.342815000109149;3.4187773329319686
142.1875;127.6286;5.342815000109149;3.4187773329319686
141.3125;126.2286;5.342815000109149;3.4187773329319686
140.625;126.5429;5.342815000109149;3.4187773329319686
140.5;124.8857;5.342815000109149;3.4187773329319686
140.75;125.2857;5.342815000109149;3.4187773329319686
141.125;126.4857;5.342815000109149;3.4187773329319686
141.0;124.8571;5.342815000109149;3.4187773329319686
140.5;125.2857;5.342815000109149;3.4187773329319686
140.5625;126.0857;5.342815000109149;3.4187773329319686
140.4375;125.6857;5.342815000109149;3.4187773329319686
139.4375;125.4286;5.342815000109149;3.4187773329319686
138.125;123.8286;5.342815000109149;3.4187773329319686
137.5;121.2286;5.342815000109149;3.4187773329319686
137.625;122.3429;5.342815000109149;3.4187773329319686
137.4375;124.1429;5.342815000109149;3.4187773329319686
136.75;121.5143;5.342815000109149;3.4187773329319686
135.875;122.2857;5.342815000109149;3.4187773329319686
135.1875;121.5143;5.342815000109149;3.4187773329319686
134.8125;120.0857;5.342815000109149;3.4187773329319686
134.6875;121.5714;5.342815000109149;3.4187773329319686
134.75;119.6857;5.342815000109149;3.4187773329319686
134.75;121.7714;5.342815000109149;3.4187773329319686
134.6875;119.5143;5.342815000109149;3.4187773329319686
133.9375;118.4286;5.342815000109149;3.4187773329319686
132.375;117.2571;5.342815000109149;3.4187773329319686
130.8125;118.3714;5.342815000109149;3.4187773329319686
130.0;118.6286;5.342815000109149;3.4187773329319686
129.9375;118.9143;5.342815000109149;3.4187773329319686
129.625;119.5429;5.342815000109149;3.4187773329319686
129.125;116.9429;5.342815000109149;3.4187773329319686
128.75;116.0571;5.342815000109149;3.4187773329319686
128.1875;116.0286;5.342815000109149;3.4187773329319686
127.625;116.4;5.342815000109149;3.4187773329319686
127.375;116.1143;5.342815000109149;3.4187773329319686
127.4375;117.1714;5.342815000109149;3.4187773329319686
127.0;114.4286;5.342815000109149;3.4187773329319686
126.625;113.6286;5.342815000109149;3.4187773329319686
126.75;114.8571;5.342815000109149;3.4187773329319686
126.4375;114.1429;5.342815000109149;3.4187773329319686
125.5;114.4;5.342815000109149;3.4187773329319686
124.8125;114.0857;5.342815000109149;3.4187773329319686
124.5;112.0857;5.342815000109149;3.4187773329319686
124.25;113.4571;5.342815000109149;3.4187773329319686
124.125;114.2571;5.342815000109149;3.4187773329319686
124.125;112.5429;5.342815000109149;3.4187773329319686
123.6875;110.3714;5.342815000109149;3.4187773329319686
123.0;112.7429;5.342815000109149;3.4187773329319686
122.4375;112.2571;5.342815000109149;3.4187773329319686
122.125;110.3714;5.342815000109149;3.4187773329319686
122.0;109.6;5.342815000109149;3.4187773329319686
121.9375;108.6571;5.342815000109149;3.4187773329319686
121.9375;108.5714;5.342815000109149;3.4187773329319686
121.9375;108.2571;5.342815000109149;3.4187773329319686
121.9375;109.8;5.342815000109149;3.4187773329319686
122.0625;109.7143;5.342815000109149;3.4187773329319686
121.875;108.3714;5.342815000109149;3.4187773329319686
121.0;108.6286;5.342815000109149;3.4187773329319686
119.9375;109.1429;5.342815000109149;3.4187773329319686
119.75;107.5429;5.342815000109149;3.4187773329319686
119.8125;106.5429;5.342815000109149;3.4187773329319686
119.1875;105.6857;5.342815000109149;3.4187773329319686
118.5;106.9143;5.342815000109149;3.4187773329319686
118.25;107.0286;5.342815000109149;3.4187773329319686
117.9375;106.9714;5.342815000109149;3.4187773329319686
117.625;105.7143;5.342815000109149;3.4187773329319686
117.625;107.1714;5.342815000109149;3.4187773329319686
117.4375;104.2;5.342815000109149;3.4187773329319686
117.1875;103.8571;5.342815000109149;3.4187773329319686
116.6875;104.0286;5.342815000109149;3.4187773329319686
115.8125;103.7429;5.342815000109149;3.4187773329319686
115.0625;102.5143;5.342815000109149;3.4187773329319686
115.0625;103.5429;5.342815000109149;3.4187773329319686
115.0;102.4857;5.342815000109149;3.4187773329319686
114.625;103.0286;5.342815000109149;3.4187773329319686
114.1875;102.3143;5.342815000109149;3.4187773329319686
114.0;102.2;5.342815000109149;3.4187773329319686
114.0625;101.5714;5.342815000109149;3.4187773329319686
114.1875;101.2;5.342815000109149;3.4187773329319686
113.875;101.8857;5.342815000109149;3.4187773329319686
113.1875;102.8857;5.342815000109149;3.4187773329319686
112.625;101.0286;5.342815000109149;3.4187773329319686
112.375;100.2857;5.342815000109149;3.4187773329319686
112.3125;99.4286;5.342815000109149;3.4187773329319686
112.375;99.3714;5.342815000109149;3.4187773329319686
112.4375;100.1143;5.342815000109149;3.4187773329319686
112.4375;100.4286;5.342815000109149;3.4187773329319686
112.5;100.6571;5.342815000109149;3.4187773329319686
112.375;99.0571;5.342815000109149;3.4187773329319686
111.5625;98.3143;5.342815000109149;3.4187773329319686
110.6875;98.2571;5.342815000109149;3.4187773329319686
110.25;97.9429;5.342815000109149;3.4187773329319686
109.875;96.4857;5.342815000109149;3.4187773329319686
109.0625;96.9143;5.342815000109149;3.4187773329319686
108.5;97.2286;5.342815000109149;3.4187773329319686
108.3125;95.2571;5.342815000109149;3.4187773329319686
108.0625;95.4;5.342815000109149;3.4187773329319686
107.8125;95.8571;5.342815000109149;3.4187773329319686
107.5;95.2;5.342815000109149;3.4187773329319686
107.125;96.0857;5.342815000109149;3.4187773329319686
106.9375;95.2857;5.342815000109149;3.4187773329319686
106.6875;96.1143;5.342815000109149;3.4187773329319686
106.25;94.4286;5.342815000109149;3.4187773329319686
106.1875;95.6571;5.342815000109149;3.4187773329319686
106.75;94.1714;5.342815000109149;3.4187773329319686
106.75;93.4286;5.342815000109149;3.4187773329319686
106.125;92.4857;5.342815000109149;3.4187773329319686
105.625;92.9429;5.342815000109149;3.4187773329319686
105.125;92.5143;5.342815000109149;3.4187773329319686
104.5625;93.1714;5.342815000109149;3.4187773329319686
103.875;92.4857;5.342815000109149;3.4187773329319686
103.3125;93.2857;5.342815000109149;3.4187773329319686
102.8125;92.8857;5.342815000109149;3.4187773329319686
101.9375;90.7714;5.342815000109149;3.4187773329319686
100.875;91.2571;5.342815000109149;3.4187773329319686
100.1875;91.2286;5.342815000109149;3.4187773329319686
99.875;90.4286;5.342815000109149;3.4187773329319686
99.8125;89.5143;5.342815000109149;3.4187773329319686
99.8125;89.2286;5.342815000109149;3.4187773329319686
100.125;88.2286;5.342815000109149;3.4187773329319686
100.375;88.6571;5.342815000109149;3.4187773329319686
100.125;89.4571;5.342815000109149;3.4187773329319686
99.4375;87.8571;5.342815000109149;3.4187773329319686
98.625;87.0571;5.342815000109149;3.4187773329319686
98.125;86.8286;5.342815000109149;3.4187773329319686
97.8125;85.7429;5.342815000109149;3.4187773329319686
97.75;86.3143;5.342815000109149;3.4187773329319686
98.0625;84.6;5.342815000109149;3.4187773329319686
97.9375;85.8286;5.342815000109149;3.4187773329319686
97.25;85.7143;5.342815000109149;3.4187773329319686
97.125;85.4857;5.342815000109149;3.4187773329319686
97.25;85.6;5.342815000109149;3.4187773329319686
97.125;84.4286;5.342815000109149;3.4187773329319686
96.5;84.6857;5.342815000109149;3.4187773329319686
96.3125;85.7429;5.342815000109149;3.4187773329319686
96.25;84.5143;5.342815000109149;3.4187773329319686
95.6875;84.6571;5.342815000109149;3.4187773329319686
95.125;85.7714;5.342815000109149;3.4187773329319686
94.75;83.4286;5.342815000109149;3.4187773329319686
94.5;82.7143;5.342815000109149;3.4187773329319686
94.375;83.4;5.342815000109149;3.4187773329319686
93.875;84.4286;5.342815000109149;3.4187773329319686
93.125;83.4857;5.342815000109149;3.4187773329319686
92.6875;83.8286;5.342815000109149;3.4187773329319686
92.375;83.2857;5.342815000109149;3.4187773329319686
92.3125;81.6;5.342815000109149;3.4187773329319686
92.4375;81.8286;5.342815000109149;3.4187773329319686
92.5;82.0286;5.342815000109149;3.4187773329319686
92.5625;82.0286;5.342815000109149;3.4187773329319686
92.625;81.9714;5.342815000109149;3.4187773329319686
92.625;80.0;5.342815000109149;3.4187773329319686
92.5625;80.8857;5.342815000109149;3.4187773329319686
92.4375;81.4571;5.342815000109149;3.4187773329319686
91.6875;80.3429;5.342815000109149;3.4187773329319686
90.3125;81.2286;5.342815000109149;3.4187773329319686
89.5;79.5143;5.342815000109149;3.4187773329319686
89.125;78.7714;5.342815000109149;3.4187773329319686
88.6875;79.3429;5.342815000109149;3.4187773329319686
89.0;79.2286;5.342815000109149;3.4187773329319686
89.25;79.5714;5.342815000109149;3.4187773329319686
88.75;79.8;5.342815000109149;3.4187773329319686
88.5;79.2857;5.342815000109149;3.4187773329319686
88.625;79.5429;5.342815000109149;3.4187773329319686
88.4375;78.5429;5.342815000109149;3.4187773329319686
88.25;79.7429;5.342815000109149;3.4187773329319686
88.3125;78.7714;5.342815000109149;3.4187773329319686
87.9375;78.5714;5.342815000109149;3.4187773329319686
87.4375;79.3429;5.342815000109149;3.4187773329319686
87.4375;78.7714;5.342815000109149;3.4187773329319686
87.0625;77.9429;5.342815000109149;3.4187773329319686
85.9375;77.5714;5.342815000109149;3.4187773329319686
85.375;77.6;5.342815000109149;3.4187773329319686
85.25;77.3143;5.342815000109149;3.4187773329319686
84.9375;77.5429;5.342815000109149;3.4187773329319686
84.75;77.8857;5.342815000109149;3.4187773329319686
84.5625;77.5143;5.342815000109149;3.4187773329319686
84.4375;77.1429;5.342815000109149;3.4187773329319686
85.5;76.9429;5.342815000109149;3.4187773329319686
87.3125;77.0571;5.342815000109149;3.4187773329319686
88.625;76.4857;5.342815000109149;3.4187773329319686
89.3125;77.0286;5.342815000109149;3.4187773329319686
89.5;75.4;5.342815000109149;3.4187773329319686
89.4375;76.1143;5.342815000109149;3.4187773329319686
88.125;77.7714;5.342815000109149;3.4187773329319686
84.8125;76.9143;5.342815000109149;3.4187773329319686
82.1875;76.5714;5.342815000109149;3.4187773329319686
81.5;75.6857;5.342815000109149;3.4187773329319686
81.0625;76.3143;5.342815000109149;3.4187773329319686
80.5625;74.8;5.342815000109149;3.4187773329319686
80.0625;74.7143;5.342815000109149;3.4187773329319686
79.8125;74.4571;5.342815000109149;3.4187773329319686
80.0625;73.6571;5.342815000109149;3.4187773329319686
80.25;73.5143;5.342815000109149;3.4187773329319686
79.6875;73.9143;5.342815000109149;3.4187773329319686
79.4375;74.2857;5.342815000109149;3.4187773329319686
79.6875;73.0286;5.342815000109149;3.4187773329319686
79.5;74.3714;5.342815000109149;3.4187773329319686
78.875;71.8571;5.342815000109149;3.4187773329319686
78.375;71.9429;5.342815000109149;3.4187773329319686
78.0625;71.5143;5.342815000109149;3.4187773329319686
77.4375;72.4571;5.342815000109149;3.4187773329319686
76.6875;72.4857;5.342815000109149;3.4187773329319686
76.25;70.2;5.342815000109149;3.4187773329319686
76.5;71.8857;5.342815000109149;3.4187773329319686
77.125;71.3143;5.342815000109149;3.4187773329319686
77.3125;71.8286;5.342815000109149;3.4187773329319686
77.125;71.3429;5.342815000109149;3.4187773329319686
76.625;71.5429;5.342815000109149;3.4187773329319686
76.375;70.0571;5.342815000109149;3.4187773329319686
76.75;70.6286;5.342815000109149;3.4187773329319686
77.375;71.3714;5.342815000109149;3.4187773329319686
77.875;71.6;5.342815000109149;3.4187773329319686
78.0625;71.5714;5.342815000109149;3.4187773329319686
78.125;70.4857;5.342815000109149;3.4187773329319686
78.125;70.8571;5.342815000109149;3.4187773329319686
78.0;69.6857;5.342815000109149;3.4187773329319686
77.625;70.5143;5.342815000109149;3.4187773329319686
76.6875;69.2571;5.342815000109149;3.4187773329319686
75.75;69.4;5.342815000109149;3.4187773329319686
75.375;69.6857;5.342815000109149;3.4187773329319686
74.75;69.2286;5.342815000109149;3.4187773329319686
73.8125;69.8;5.342815000109149;3.4187773329319686
73.75;68.9143;5.342815000109149;3.4187773329319686
74.0625;68.2857;5.342815000109149;3.4187773329319686
74.1875;67.9429;5.342815000109149;3.4187773329319686
74.125;68.9143;5.342815000109149;3.4187773329319686
73.8125;68.7714;5.342815000109149;3.4187773329319686
73.3125;68.0;5.342815000109149;3.4187773329319686
73.0;67.2286;5.342815000109149;3.4187773329319686
72.75;67.1429;5.342815000109149;3.4187773329319686
72.8125;66.8857;5.342815000109149;3.4187773329319686
72.8125;65.8857;5.342815000109149;3.4187773329319686
72.4375;66.7714;5.342815000109149;3.4187773329319686
72.125;66.9714;5.342815000109149;3.4187773329319686
72.0625;66.5143;5.342815000109149;3.4187773329319686
71.8125;67.1714;5.342815000109149;3.4187773329319686
71.75;67.2286;5.342815000109149;3.4187773329319686
71.75;67.3714;5.342815000109149;3.4187773329319686
71.4375;67.2857;5.342815000109149;3.4187773329319686
70.9375;67.0;5.342815000109149;3.4187773329319686
70.5625;65.3143;5.342815000109149;3.4187773329319686
70.625;65.1714;5.342815000109149;3.4187773329319686
71.125;64.8857;5.342815000109149;3.4187773329319686
71.5625;64.7429;5.342815000109149;3.4187773329319686
71.75;64.7143;5.342815000109149;3.4187773329319686
71.875;65.6;5.342815000109149;3.4187773329319686
71.875;63.7714;5.342815000109149;3.4187773329319686
71.75;64.2571;5.342815000109149;3.4187773329319686
71.375;63.2857;5.342815000109149;3.4187773329319686
70.375;64.1143;5.342815000109149;3.4187773329319686
69.4375;63.4286;5.342815000109149;3.4187773329319686
69.375;62.6;5.342815000109149;3.4187773329319686
69.5;63.8286;5.342815000109149;3.4187773329319686
69.1875;64.7429;5.342815000109149;3.4187773329319686
69.0;64.5143;5.342815000109149;3.4187773329319686
68.875;63.6857;5.342815000109149;3.4187773329319686
68.25;64.1143;5.342815000109149;3.4187773329319686
67.25;63.8286;5.342815000109149;3.4187773329319686
66.8125;62.5143;5.342815000109149;3.4187773329319686
66.875;61.2571;5.342815000109149;3.4187773329319686
67.0;61.7714;5.342815000109149;3.4187773329319686
67.0625;62.7143;5.342815000109149;3.4187773329319686
66.875;61.3143;5.342815000109149;3.4187773329319686
66.375;62.1714;5.342815000109149;3.4187773329319686
65.9375;61.8;5.342815000109149;3.4187773329319686
65.8125;60.0571;5.342815000109149;3.4187773329319686
65.5;61.3143;5.342815000109149;3.4187773329319686
65.0;61.0286;5.342815000109149;3.4187773329319686
64.875;61.4;5.342815000109149;3.4187773329319686
65.0;60.5429;5.342815000109149;3.4187773329319686
64.75;60.9714;5.342815000109149;3.4187773329319686
64.3125;59.6571;5.342815000109149;3.4187773329319686
64.0625;60.2857;5.342815000109149;3.4187773329319686
64.1875;59.3143;5.342815000109149;3.4187773329319686
64.5;60.3429;5.342815000109149;3.4187773329319686
64.75;59.1714;5.342815000109149;3.4187773329319686
64.9375;58.3429;5.342815000109149;3.4187773329319686
64.9375;58.8571;5.342815000109149;3.4187773329319686
64.9375;58.4571;5.342815000109149;3.4187773329319686
64.6875;58.9143;5.342815000109149;3.4187773329319686
63.5625;59.2857;5.342815000109149;3.4187773329319686
62.3125;58.7429;5.342815000109149;3.4187773329319686
61.8125;57.8571;5.342815000109149;3.4187773329319686
61.5625;58.8;5.342815000109149;3.4187773329319686
61.8125;58.5429;5.342815000109149;3.4187773329319686
62.3125;57.6286;5.342815000109149;3.4187773329319686
62.125;58.4;5.342815000109149;3.4187773329319686
61.875;58.6571;5.342815000109149;3.4187773329319686
61.6875;57.9429;5.342815000109149;3.4187773329319686
61.0625;58.3429;5.342815000109149;3.4187773329319686
60.625;58.2857;5.342815000109149;3.4187773329319686
60.5;57.3143;5.342815000109149;3.4187773329319686
60.5;57.6286;5.342815000109149;3.4187773329319686
60.5625;57.0286;5.342815000109149;3.4187773329319686
60.5625;56.5429;5.342815000109149;3.4187773329319686
60.25;56.2286;5.342815000109149;3.4187773329319686
60.1875;56.5143;5.342815000109149;3.4187773329319686
61.0625;56.2;5.342815000109149;3.4187773329319686
61.625;57.1714;5.342815000109149;3.4187773329319686
61.25;56.5429;5.342815000109149;3.4187773329319686
60.5625;56.0857;5.342815000109149;3.4187773329319686
59.625;56.4571;5.342815000109149;3.4187773329319686
59.0;56.1714;5.342815000109149;3.4187773329319686
58.9375;55.7143;5.342815000109149;3.4187773329319686
59.125;55.4857;5.342815000109149;3.4187773329319686
59.1875;56.2286;5.342815000109149;3.4187773329319686
59.0625;54.8286;5.342815000109149;3.4187773329319686
58.9375;55.5429;5.342815000109149;3.4187773329319686
58.875;55.0;5.342815000109149;3.4187773329319686
58.8125;55.5714;5.342815000109149;3.4187773329319686
58.8125;55.2;5.342815000109149;3.4187773329319686
58.9375;55.3714;5.342815000109149;3.4187773329319686
58.9375;55.0857;5.342815000109149;3.4187773329319686
58.875;54.7429;5.342815000109149;3.4187773329319686
58.625;54.7714;5.342815000109149;3.4187773329319686
58.0;55.1429;5.342815000109149;3.4187773329319686
57.5;55.0857;5.342815000109149;3.4187773329319686
57.3125;53.8;5.342815000109149;3.4187773329319686
57.3125;53.4857;5.342815000109149;3.4187773329319686
57.4375;52.8571;5.342815000109149;3.4187773329319686
57.625;53.6;5.342815000109149;3.4187773329319686
57.5625;53.6571;5.342815000109149;3.4187773329319686
57.375;53.6571;5.342815000109149;3.4187773329319686
57.1875;53.5429;5.342815000109149;3.4187773329319686
57.0625;53.2857;5.342815000109149;3.4187773329319686
56.875;53.4;5.342815000109149;3.4187773329319686
56.4375;53.5143;5.342815000109149;3.4187773329319686
56.0;53.4286;5.342815000109149;3.4187773329319686
55.875;52.8857;5.342815000109149;3.4187773329319686
55.9375;52.5714;5.342815000109149;3.4187773329319686
56.0;52.6571;5.342815000109149;3.4187773329319686
56.0;52.7143;5.342815000109149;3.4187773329319686
56.0;52.6;5.342815000109149;3.4187773329319686
55.8125;52.8857;5.342815000109149;3.4187773329319686
55.5625;52.4857;5.342815000109149;3.4187773329319686
55.375;52.6286;5.342815000109149;3.4187773329319686
55.125;52.3714;5.342815000109149;3.4187773329319686
54.6875;52.3143;5.342815000109149;3.4187773329319686
54.1875;52.1429;5.342815000109149;3.4187773329319686
53.8125;51.5714;5.342815000109149;3.4187773329319686
53.6875;50.9143;5.342815000109149;3.4187773329319686
53.625;50.4;5.342815000109149;3.4187773329319686
53.625;49.7429;5.342815000109149;3.4187773329319686
53.75;50.0857;5.342815000109149;3.4187773329319686
53.875;50.1714;5.342815000109149;3.4187773329319686
53.9375;49.8;5.342815000109149;3.4187773329319686
53.8125;50.6571;5.342815000109149;3.4187773329319686
53.875;50.5143;5.342815000109149;3.4187773329319686
54.0625;50.8571;5.342815000109149;3.4187773329319686
54.0625;50.9429;5.342815000109149;3.4187773329319686
54.0;51.0571;5.342815000109149;3.4187773329319686
53.625;50.8857;5.342815000109149;3.4187773329319686
53.125;50.8571;5.342815000109149;3.4187773329319686
52.875;50.0286;5.342815000109149;3.4187773329319686
52.375;50.0286;5.342815000109149;3.4187773329319686
52.125;49.1143;5.342815000109149;3.4187773329319686
52.1875;48.9143;5.342815000109149;3.4187773329319686
52.1875;49.3429;5.342815000109149;3.4187773329319686
52.5;48.5143;5.342815000109149;3.4187773329319686
52.8125;49.1714;5.342815000109149;3.4187773329319686
52.9375;49.2;5.342815000109149;3.4187773329319686
52.9375;49.5143;5.342815000109149;3.4187773329319686
53.0;49.5714;5.342815000109149;3.4187773329319686
52.8125;49.8;5.342815000109149;3.4187773329319686
52.375;49.5714;5.342815000109149;3.4187773329319686
52.0;48.7143;5.342815000109149;3.4187773329319686
51.8125;48.3143;5.342815000109149;3.4187773329319686
51.6875;48.7714;5.342815000109149;3.4187773329319686
51.4375;48.2286;5.342815000109149;3.4187773329319686
51.0625;47.8571;5.342815000109149;3.4187773329319686
50.75;48.0;5.342815000109149;3.4187773329319686
50.5625;47.2571;5.342815000109149;3.4187773329319686
50.5;47.2286;5.342815000109149;3.4187773329319686
50.5;46.6286;5.342815000109149;3.4187773329319686
50.5;46.1429;5.342815000109149;3.4187773329319686
50.5625;46.4;5.342815000109149;3.4187773329319686
50.625;45.7143;5.342815000109149;3.4187773329319686
50.4375;46.5143;5.342815000109149;3.4187773329319686
50.25;46.6286;5.342815000109149;3.4187773329319686
50.1875;46.1429;5.342815000109149;3.4187773329319686
50.125;46.5714;5.342815000109149;3.4187773329319686
49.75;46.3143;5.342815000109149;3.4187773329319686
49.5;46.0286;5.342815000109149;3.4187773329319686
49.375;45.8;5.342815000109149;3.4187773329319686
49.25;46.0286;5.342815000109149;3.4187773329319686
49.1875;46.0;5.342815000109149;3.4187773329319686
49.0625;45.4286;5.342815000109149;3.4187773329319686
48.8125;45.3429;5.342815000109149;3.4187773329319686
48.5;45.8571;5.342815000109149;3.4187773329319686
48.3125;45.0286;5.342815000109149;3.4187773329319686
48.0625;44.7143;5.342815000109149;3.4187773329319686
47.8125;44.8571;5.342815000109149;3.4187773329319686
47.6875;44.8;5.342815000109149;3.4187773329319686
47.9375;44.6;5.342815000109149;3.4187773329319686
48.3125;44.8286;5.342815000109149;3.4187773329319686
48.3125;44.1143;5.342815000109149;3.4187773329319686
47.875;44.6857;5.342815000109149;3.4187773329319686
47.375;44.8286;5.342815000109149;3.4187773329319686
47.0;44.2;5.342815000109149;3.4187773329319686
46.75;44.2286;5.342815000109149;3.4187773329319686
46.625;44.1714;5.342815000109149;3.4187773329319686
46.5625;43.4;5.342815000109149;3.4187773329319686
46.6875;43.6;5.342815000109149;3.4187773329319686
46.75;44.0;5.342815000109149;3.4187773329319686
46.75;44.2;5.342815000109149;3.4187773329319686
46.8125;43.9714;5.342815000109149;3.4187773329319686
46.8125;43.6;5.342815000109149;3.4187773329319686
46.9375;43.3429;5.342815000109149;3.4187773329319686
47.25;42.7143;5.342815000109149;3.4187773329319686
47.0;42.4;5.342815000109149;3.4187773329319686
46.125;42.3143;5.342815000109149;3.4187773329319686
45.625;42.6;5.342815000109149;3.4187773329319686
45.5;42.8571;5.342815000109149;3.4187773329319686
45.5625;42.0286;5.342815000109149;3.4187773329319686
45.625;42.5143;5.342815000109149;3.4187773329319686
45.75;42.9143;5.342815000109149;3.4187773329319686
45.875;42.8286;5.342815000109149;3.4187773329319686
45.875;42.7143;5.342815000109149;3.4187773329319686
45.875;42.8571;5.342815000109149;3.4187773329319686
45.875;42.9714;5.342815000109149;3.4187773329319686
45.6875;43.0286;5.342815000109149;3.4187773329319686
45.4375;42.8571;5.342815000109149;3.4187773329319686
45.3125;42.3714;5.342815000109149;3.4187773329319686
45.0625;42.2286;5.342815000109149;3.4187773329319686
44.875;42.0857;5.342815000109149;3.4187773329319686
44.75;42.0857;5.342815000109149;3.4187773329319686
44.625;41.6286;5.342815000109149;3.4187773329319686
44.4375;41.0;5.342815000109149;3.4187773329319686
44.25;40.9429;5.342815000109149;3.4187773329319686
44.25;41.0286;5.342815000109149;3.4187773329319686
44.4375;41.3714;5.342815000109149;3.4187773329319686
44.5625;41.3143;5.342815000109149;3.4187773329319686
44.375;41.2857;5.342815000109149;3.4187773329319686
44.0625;41.2286;5.342815000109149;3.4187773329319686
43.875;41.2286;5.342815000109149;3.4187773329319686
43.8125;41.2571;5.342815000109149;3.4187773329319686
43.8125;40.9714;5.342815000109149;3.4187773329319686
43.8125;40.6;5.342815000109149;3.4187773329319686
43.8125;40.6;5.342815000109149;3.4187773329319686
43.9375;40.3143;5.342815000109149;3.4187773329319686
44.125;40.8;5.342815000109149;3.4187773329319686
43.9375;40.6;5.342815000109149;3.4187773329319686
43.4375;40.7143;5.342815000109149;3.4187773329319686
42.6875;40.5714;5.342815000109149;3.4187773329319686
42.1875;40.1429;5.342815000109149;3.4187773329319686
42.0;39.6571;5.342815000109149;3.4187773329319686
41.8125;39.6571;5.342815000109149;3.4187773329319686
41.5625;39.5714;5.342815000109149;3.4187773329319686
41.5;39.5714;5.342815000109149;3.4187773329319686
41.6875;39.2571;5.342815000109149;3.4187773329319686
41.75;39.2857;5.342815000109149;3.4187773329319686
41.375;39.1143;5.342815000109149;3.4187773329319686
40.9375;38.6857;5.342815000109149;3.4187773329319686
40.6875;38.7429;5.342815000109149;3.4187773329319686
40.4375;38.6571;5.342815000109149;3.4187773329319686
40.25;38.4286;5.342815000109149;3.4187773329319686
40.3125;38.3714;5.342815000109149;3.4187773329319686
40.25;38.2;5.342815000109149;3.4187773329319686
40.0625;38.4286;5.342815000109149;3.4187773329319686
39.875;38.2286;5.342815000109149;3.4187773329319686
39.875;37.8286;5.342815000109149;3.4187773329319686
40.0625;37.2857;5.342815000109149;3.4187773329319686
40.25;38.1429;5.342815000109149;3.4187773329319686
40.4375;37.9714;5.342815000109149;3.4187773329319686
40.75;38.1143;5.342815000109149;3.4187773329319686
40.5625;38.4286;5.342815000109149;3.4187773329319686
40.125;38.4286;5.342815000109149;3.4187773329319686
39.8125;38.0286;5.342815000109149;3.4187773329319686
39.5625;38.1429;5.342815000109149;3.4187773329319686
39.5;38.1429;5.342815000109149;3.4187773329319686
39.5625;38.2286;5.342815000109149;3.4187773329319686
39.625;38.0571;5.342815000109149;3.4187773329319686
39.75;37.8571;5.342815000109149;3.4187773329319686
39.5;37.1429;5.342815000109149;3.4187773329319686
39.125;36.6286;5.342815000109149;3.4187773329319686
38.6875;36.4286;5.342815000109149;3.4187773329319686
38.375;36.0;5.342815000109149;3.4187773329319686
38.125;35.9714;5.342815000109149;3.4187773329319686
38.125;35.7714;5.342815000109149;3.4187773329319686
38.0625;35.8571;5.342815000109149;3.4187773329319686
37.875;35.8286;5.342815000109149;3.4187773329319686
37.8125;35.7429;5.342815000109149;3.4187773329319686
37.8125;35.7714;5.342815000109149;3.4187773329319686
37.75;36.0;5.342815000109149;3.4187773329319686
37.8125;35.8286;5.342815000109149;3.4187773329319686
37.9375;35.8857;5.342815000109149;3.4187773329319686
37.875;35.6857;5.342815000109149;3.4187773329319686
37.875;35.6286;5.342815000109149;3.4187773329319686
37.8125;35.4857;5.342815000109149;3.4187773329319686
37.6875;35.6286;5.342815000109149;3.4187773329319686
37.5625;35.2571;5.342815000109149;3.4187773329319686
37.5625;35.3714;5.342815000109149;3.4187773329319686
37.5;35.2286;5.342815000109149;3.4187773329319686
37.375;35.2857;5.342815000109149;3.4187773329319686
37.1875;35.2286;5.342815000109149;3.4187773329319686
37.125;35.5429;5.342815000109149;3.4187773329319686
37.0625;35.1143;5.342815000109149;3.4187773329319686
36.5625;35.2571;5.342815000109149;3.4187773329319686
35.8125;34.7143;5.342815000109149;3.4187773329319686
35.3125;34.5143;5.342815000109149;3.4187773329319686
35.0625;34.5714;5.342815000109149;3.4187773329319686
35.0;34.4286;5.342815000109149;3.4187773329319686
35.0;34.7143;5.342815000109149;3.4187773329319686
35.1875;34.9714;5.342815000109149;3.4187773329319686
35.625;34.8571;5.342815000109149;3.4187773329319686
36.125;34.9143;5.342815000109149;3.4187773329319686
36.375;34.6571;5.342815000109149;3.4187773329319686
36.5;34.4;5.342815000109149;3.4187773329319686
36.5625;34.4;5.342815000109149;3.4187773329319686
36.375;34.2571;5.342815000109149;3.4187773329319686
35.9375;34.1143;5.342815000109149;3.4187773329319686
35.375;33.8;5.342815000109149;3.4187773329319686
35.1875;33.2286;5.342815000109149;3.4187773329319686
35.0625;33.0857;5.342815000109149;3.4187773329319686
34.75;32.6;5.342815000109149;3.4187773329319686
34.6875;32.2286;5.342815000109149;3.4187773329319686
34.75;32.1714;5.342815000109149;3.4187773329319686
34.6875;32.3429;5.342815000109149;3.4187773329319686
34.6875;32.2571;5.342815000109149;3.4187773329319686
34.75;32.5143;5.342815000109149;3.4187773329319686
34.9375;32.5143;5.342815000109149;3.4187773329319686
34.9375;32.4857;5.342815000109149;3.4187773329319686
34.875;32.5429;5.342815000109149;3.4187773329319686
34.6875;32.7429;5.342815000109149;3.4187773329319686
34.25;32.6286;5.342815000109149;3.4187773329319686
33.9375;32.0571;5.342815000109149;3.4187773329319686
33.8125;31.6571;5.342815000109149;3.4187773329319686
33.625;31.7714;5.342815000109149;3.4187773329319686
33.5625;31.2857;5.342815000109149;3.4187773329319686
33.8125;31.1429;5.342815000109149;3.4187773329319686
34.25;31.1143;5.342815000109149;3.4187773329319686
34.5625;31.0;5.342815000109149;3.4187773329319686
34.6875;31.2857;5.342815000109149;3.4187773329319686
34.75;31.4857;5.342815000109149;3.4187773329319686
34.6875;31.4857;5.342815000109149;3.4187773329319686
34.375;31.3714;5.342815000109149;3.4187773329319686
33.625;31.3429;5.342815000109149;3.4187773329319686
33.125;31.4571;5.342815000109149;3.4187773329319686
33.125;31.6571;5.342815000109149;3.4187773329319686
33.1875;31.5714;5.342815000109149;3.4187773329319686
33.125;31.4;5.342815000109149;3.4187773329319686
33.0625;31.0857;5.342815000109149;3.4187773329319686
32.9375;30.8857;5.342815000109149;3.4187773329319686
32.625;30.6;5.342815000109149;3.4187773329319686
32.4375;30.6857;5.342815000109149;3.4187773329319686
32.375;30.3714;5.342815000109149;3.4187773329319686
32.3125;30.4857;5.342815000109149;3.4187773329319686
32.3125;30.4571;5.342815000109149;3.4187773329319686
32.5625;30.3714;5.342815000109149;3.4187773329319686
32.6875;30.5714;5.342815000109149;3.4187773329319686
32.6875;30.6857;5.342815000109149;3.4187773329319686
32.6875;30.6571;5.342815000109149;3.4187773329319686
32.625;30.4571;5.342815000109149;3.4187773329319686
32.4375;30.2857;5.342815000109149;3.4187773329319686
32.25;30.4571;5.342815000109149;3.4187773329319686
32.125;30.5143;5.342815000109149;3.4187773329319686
31.9375;30.4857;5.342815000109149;3.4187773329319686
31.6875;30.1143;5.342815000109149;3.4187773329319686
31.4375;29.9714;5.342815000109149;3.4187773329319686
31.3125;29.4;5.342815000109149;3.4187773329319686
31.25;29.3143;5.342815000109149;3.4187773329319686
31.0625;29.0571;5.342815000109149;3.4187773329319686
30.875;29.4857;5.342815000109149;3.4187773329319686
30.8125;29.4571;5.342815000109149;3.4187773329319686
30.75;29.1429;5.342815000109149;3.4187773329319686
30.75;28.9714;5.342815000109149;3.4187773329319686
30.75;28.7143;5.342815000109149;3.4187773329319686
30.875;28.4857;5.342815000109149;3.4187773329319686
31.0;28.2;5.342815000109149;3.4187773329319686
30.9375;28.2857;5.342815000109149;3.4187773329319686
30.4375;28.5429;5.342815000109149;3.4187773329319686
30.125;28.4286;5.342815000109149;3.4187773329319686
30.0;28.2;5.342815000109149;3.4187773329319686
29.875;28.2571;5.342815000109149;3.4187773329319686
29.75;28.0571;5.342815000109149;3.4187773329319686
29.5625;28.0571;5.342815000109149;3.4187773329319686
29.3125;27.9143;5.342815000109149;3.4187773329319686
29.25;27.6571;5.342815000109149;3.4187773329319686
29.3125;27.9143;5.342815000109149;3.4187773329319686
29.25;27.5714;5.342815000109149;3.4187773329319686
29.125;27.2857;5.342815000109149;3.4187773329319686
29.0625;27.5429;5.342815000109149;3.4187773329319686
28.875;27.6286;5.342815000109149;3.4187773329319686
28.75;27.3714;5.342815000109149;3.4187773329319686
28.8125;27.0571;5.342815000109149;3.4187773329319686
28.6875;26.9714;5.342815000109149;3.4187773329319686
28.4375;26.8571;5.342815000109149;3.4187773329319686
28.375;27.0857;5.342815000109149;3.4187773329319686
28.625;26.9429;5.342815000109149;3.4187773329319686
28.8125;26.9714;5.342815000109149;3.4187773329319686
28.8125;27.0857;5.342815000109149;3.4187773329319686
28.6875;27.0286;5.342815000109149;3.4187773329319686
28.4375;27.0;5.342815000109149;3.4187773329319686
28.125;26.9143;5.342815000109149;3.4187773329319686
27.875;26.6857;5.342815000109149;3.4187773329319686
27.6875;26.5714;5.342815000109149;3.4187773329319686
27.6875;26.3143;5.342815000109149;3.4187773329319686
27.6875;26.2857;5.342815000109149;3.4187773329319686
27.6875;26.2286;5.342815000109149;3.4187773329319686
27.8125;26.2;5.342815000109149;3.4187773329319686
28.0;26.0;5.342815000109149;3.4187773329319686
27.9375;25.8571;5.342815000109149;3.4187773329319686
27.6875;25.7429;5.342815000109149;3.4187773329319686
27.375;25.8857;5.342815000109149;3.4187773329319686
27.0625;25.6857;5.342815000109149;3.4187773329319686
26.875;25.3429;5.342815000109149;3.4187773329319686
26.875;25.2857;5.342815000109149;3.4187773329319686
26.875;25.4857;5.342815000109149;3.4187773329319686
26.875;25.4;5.342815000109149;3.4187773329319686
26.875;25.3429;5.342815000109149;3.4187773329319686
26.8125;25.2286;5.342815000109149;3.4187773329319686
26.8125;25.2571;5.342815000109149;3.4187773329319686
26.6875;25.4571;5.342815000109149;3.4187773329319686
26.6875;25.0857;5.342815000109149;3.4187773329319686
26.625;25.0857;5.342815000109149;3.4187773329319686
26.5625;25.0286;5.342815000109149;3.4187773329319686
26.4375;25.0286;5.342815000109149;3.4187773329319686
26.3125;24.9714;5.342815000109149;3.4187773329319686
26.25;24.8;5.342815000109149;3.4187773329319686
26.1875;24.5143;5.342815000109149;3.4187773329319686
26.125;24.4571;5.342815000109149;3.4187773329319686
26.0625;24.4857;5.342815000109149;3.4187773329319686
26.0;24.4286;5.342815000109149;3.4187773329319686
26.0;24.5429;5.342815000109149;3.4187773329319686
25.875;24.4857;5.342815000109149;3.4187773329319686
25.5625;24.4;5.342815000109149;3.4187773329319686
25.25;24.0571;5.342815000109149;3.4187773329319686
25.0625;24.0571;5.342815000109149;3.4187773329319686
25.0;23.9714;5.342815000109149;3.4187773329319686
25.0;24.1429;5.342815000109149;3.4187773329319686
25.0;24.1429;5.342815000109149;3.4187773329319686
25.0625;24.2286;5.342815000109149;3.4187773329319686
25.3125;24.4;5.342815000109149;3.4187773329319686
25.5;24.1143;5.342815000109149;3.4187773329319686
25.5;24.2286;5.342815000109149;3.4187773329319686
25.4375;24.2857;5.342815000109149;3.4187773329319686
25.3125;23.8;5.342815000109149;3.4187773329319686
25.125;23.5714;5.342815000109149;3.4187773329319686
24.9375;23.3714;5.342815000109149;3.4187773329319686
24.875;23.4857;5.342815000109149;3.4187773329319686
24.6875;23.4286;5.342815000109149;3.4187773329319686
24.5625;23.2;5.342815000109149;3.4187773329319686
24.4375;23.1143;5.342815000109149;3.4187773329319686
24.25;23.1143;5.342815000109149;3.4187773329319686
24.1875;22.7429;5.342815000109149;3.4187773329319686
24.25;22.6286;5.342815000109149;3.4187773329319686
24.3125;22.7714;5.342815000109149;3.4187773329319686
24.25;22.5429;5.342815000109149;3.4187773329319686
24.1875;22.5429;5.342815000109149;3.4187773329319686
24.125;22.6571;5.342815000109149;3.4187773329319686
24.0;22.6857;5.342815000109149;3.4187773329319686
23.875;22.6857;5.342815000109149;3.4187773329319686
23.6875;22.4;5.342815000109149;3.4187773329319686
23.5;22.2286;5.342815000109149;3.4187773329319686
23.375;21.9429;5.342815000109149;3.4187773329319686
23.375;21.9714;5.342815000109149;3.4187773329319686
23.25;22.0286;5.342815000109149;3.4187773329319686
23.125;21.8571;5.342815000109149;3.4187773329319686
22.875;21.7714;5.342815000109149;3.4187773329319686
22.75;21.6;5.342815000109149;3.4187773329319686
22.6875;21.6;5.342815000109149;3.4187773329319686
22.6875;21.4286;5.342815000109149;3.4187773329319686
22.6875;21.5143;5.342815000109149;3.4187773329319686
22.8125;21.5143;5.342815000109149;3.4187773329319686
22.9375;21.2286;5.342815000109149;3.4187773329319686
22.9375;21.4;5.342815000109149;3.4187773329319686
22.6875;21.3429;5.342815000109149;3.4187773329319686
22.5;21.1429;5.342815000109149;3.4187773329319686
22.4375;21.0286;5.342815000109149;3.4187773329319686
22.375;20.9429;5.342815000109149;3.4187773329319686
22.3125;21.1143;5.342815000109149;3.4187773329319686
22.125;21.0857;5.342815000109149;3.4187773329319686
22.0;21.0;5.342815000109149;3.4187773329319686
21.9375;20.6857;5.342815000109149;3.4187773329319686
21.9375;20.5714;5.342815000109149;3.4187773329319686
21.875;20.3429;5.342815000109149;3.4187773329319686
21.875;20.5143;5.342815000109149;3.4187773329319686
21.875;20.5143;5.342815000109149;3.4187773329319686
21.875;20.6571;5.342815000109149;3.4187773329319686
21.8125;20.6;5.342815000109149;3.4187773329319686
21.75;20.4857;5.342815000109149;3.4187773329319686
21.75;20.4571;5.342815000109149;3.4187773329319686
21.6875;20.2571;5.342815000109149;3.4187773329319686
21.625;20.2571;5.342815000109149;3.4187773329319686
21.625;20.1429;5.342815000109149;3.4187773329319686
21.5625;20.2857;5.342815000109149;3.4187773329319686
21.5;20.3429;5.342815000109149;3.4187773329319686
21.4375;20.0571;5.342815000109149;3.4187773329319686
21.3125;20.0;5.342815000109149;3.4187773329319686
21.125;19.9429;5.342815000109149;3.4187773329319686
21.0;19.8571;5.342815000109149;3.4187773329319686
20.9375;19.7714;5.342815000109149;3.4187773329319686
20.9375;19.7714;5.342815000109149;3.4187773329319686
20.9375;19.6;5.342815000109149;3.4187773329319686
20.9375;19.6286;5.342815000109149;3.4187773329319686
21.0;19.2857;5.342815000109149;3.4187773329319686
21.0625;19.0571;5.342815000109149;3.4187773329319686
20.875;19.1143;5.342815000109149;3.4187773329319686
20.5625;19.0;5.342815000109149;3.4187773329319686
20.3125;18.9429;5.342815000109149;3.4187773329319686
20.25;18.8286;5.342815000109149;3.4187773329319686
20.25;18.8571;5.342815000109149;3.4187773329319686
20.125;18.7714;5.342815000109149;3.4187773329319686
20.0;18.6857;5.342815000109149;3.4187773329319686
19.9375;18.6857;5.342815000109149;3.4187773329319686
19.875;18.7429;5.342815000109149;3.4187773329319686
19.875;18.3429;5.342815000109149;3.4187773329319686
19.875;18.5143;5.342815000109149;3.4187773329319686
19.8125;18.4857;5.342815000109149;3.4187773329319686
19.75;18.4;5.342815000109149;3.4187773329319686
19.625;18.4;5.342815000109149;3.4187773329319686
19.5625;18.2571;5.342815000109149;3.4187773329319686
19.5;18.2571;5.342815000109149;3.4187773329319686
19.4375;18.0857;5.342815000109149;3.4187773329319686
19.375;18.0857;5.342815000109149;3.4187773329319686
19.25;18.1143;5.342815000109149;3.4187773329319686
19.125;17.9429;5.342815000109149;3.4187773329319686
19.125;17.8857;5.342815000109149;3.4187773329319686
19.125;17.8857;5.342815000109149;3.4187773329319686
19.125;17.8;5.342815000109149;3.4187773329319686
19.1875;17.7429;5.342815000109149;3.4187773329319686
19.1875;17.8857;5.342815000109149;3.4187773329319686
19.125;17.8;5.342815000109149;3.4187773329319686
19.0625;17.8571;5.342815000109149;3.4187773329319686
19.0625;17.7714;5.342815000109149;3.4187773329319686
19.0;17.6857;5.342815000109149;3.4187773329319686
19.0;17.6286;5.342815000109149;3.4187773329319686
19.0;17.3429;5.342815000109149;3.4187773329319686
18.9375;17.2;5.342815000109149;3.4187773329319686
18.6875;17.2;5.342815000109149;3.4187773329319686
18.375;17.2;5.342815000109149;3.4187773329319686
18.1875;17.1429;5.342815000109149;3.4187773329319686
18.1875;17.0286;5.342815000109149;3.4187773329319686
18.1875;16.9429;5.342815000109149;3.4187773329319686
18.1875;17.0571;5.342815000109149;3.4187773329319686
18.125;16.9714;5.342815000109149;3.4187773329319686
18.0625;16.8571;5.342815000109149;3.4187773329319686
18.0;16.8571;5.342815000109149;3.4187773329319686
17.875;16.7143;5.342815000109149;3.4187773329319686
17.8125;16.6286;5.342815000109149;3.4187773329319686
17.75;16.5714;5.342815000109149;3.4187773329319686
17.6875;16.5714;5.342815000109149;3.4187773329319686
17.5625;16.4857;5.342815000109149;3.4187773329319686
17.4375;16.3429;5.342815000109149;3.4187773329319686
17.4375;16.3143;5.342815000109149;3.4187773329319686
17.3125;16.3429;5.342815000109149;3.4187773329319686
17.25;16.1429;5.342815000109149;3.4187773329319686
17.25;16.2571;5.342815000109149;3.4187773329319686
17.25;16.2571;5.342815000109149;3.4187773329319686
17.3125;16.1714;5.342815000109149;3.4187773329319686
17.3125;16.1143;5.342815000109149;3.4187773329319686
17.25;16.0286;5.342815000109149;3.4187773329319686
17.0625;15.9143;5.342815000109149;3.4187773329319686
16.9375;15.9143;5.342815000109149;3.4187773329319686
16.8125;15.8;5.342815000109149;3.4187773329319686
16.75;15.8;5.342815000109149;3.4187773329319686
16.75;15.6286;5.342815000109149;3.4187773329319686
16.75;15.5429;5.342815000109149;3.4187773329319686
16.75;15.4857;5.342815000109149;3.4187773329319686
16.8125;15.3714;5.342815000109149;3.4187773329319686
16.8125;15.3143;5.342815000109149;3.4187773329319686
16.75;15.2857;5.342815000109149;3.4187773329319686
16.4375;15.1429;5.342815000109149;3.4187773329319686
16.25;15.1429;5.342815000109149;3.4187773329319686
16.125;15.0286;5.342815000109149;3.4187773329319686
16.0625;15.0;5.342815000109149;3.4187773329319686
16.0;15.0286;5.342815000109149;3.4187773329319686
15.875;14.8571;5.342815000109149;3.4187773329319686
15.875;14.7143;5.342815000109149;3.4187773329319686
15.8125;14.6;5.342815000109149;3.4187773329319686
15.8125;14.6571;5.342815000109149;3.4187773329319686
15.75;14.6571;5.342815000109149;3.4187773329319686
15.75;14.5714;5.342815000109149;3.4187773329319686
15.625;14.5714;5.342815000109149;3.4187773329319686
15.5625;14.4286;5.342815000109149;3.4187773329319686
15.4375;14.4571;5.342815000109149;3.4187773329319686
15.4375;14.2857;5.342815000109149;3.4187773329319686
15.5;14.2571;5.342815000109149;3.4187773329319686
15.5625;14.1143;5.342815000109149;3.4187773329319686
15.5625;14.1714;5.342815000109149;3.4187773329319686
15.4375;14.1714;5.342815000109149;3.4187773329319686
15.25;14.1143;5.342815000109149;3.4187773329319686
15.1875;14.0286;5.342815000109149;3.4187773329319686
15.1875;14.0571;5.342815000109149;3.4187773329319686
15.1875;13.9429;5.342815000109149;3.4187773329319686
15.3125;13.9143;5.342815000109149;3.4187773329319686
15.5;13.9143;5.342815000109149;3.4187773329319686
15.6875;13.8;5.342815000109149;3.4187773329319686
15.8125;13.7429;5.342815000109149;3.4187773329319686
15.8125;13.6571;5.342815000109149;3.4187773329319686
15.8125;13.6571;5.342815000109149;3.4187773329319686
15.6875;13.5429;5.342815000109149;3.4187773329319686
15.3125;13.6;5.342815000109149;3.4187773329319686
14.9375;13.4571;5.342815000109149;3.4187773329319686
14.6875;13.4;5.342815000109149;3.4187773329319686
14.5;13.2857;5.342815000109149;3.4187773329319686
14.375;13.1714;5.342815000109149;3.4187773329319686
14.3125;13.1143;5.342815000109149;3.4187773329319686
14.3125;13.0286;5.342815000109149;3.4187773329319686
14.25;13.0286;5.342815000109149;3.4187773329319686
14.1875;12.9429;5.342815000109149;3.4187773329319686
14.125;12.9429;5.342815000109149;3.4187773329319686
14.0;12.9143;5.342815000109149;3.4187773329319686
13.9375;12.8571;5.342815000109149;3.4187773329319686
13.875;12.7714;5.342815000109149;3.4187773329319686
13.875;12.7429;5.342815000109149;3.4187773329319686
13.8125;12.6286;5.342815000109149;3.4187773329319686
13.75;12.6;5.342815000109149;3.4187773329319686
13.5625;12.5143;5.342815000109149;3.4187773329319686
13.375;12.4286;5.342815000109149;3.4187773329319686
13.3125;12.3714;5.342815000109149;3.4187773329319686
13.375;12.2286;5.342815000109149;3.4187773329319686
13.375;12.2286;5.342815000109149;3.4187773329319686
13.375;12.2286;5.342815000109149;3.4187773329319686
13.3125;12.1714;5.342815000109149;3.4187773329319686
13.3125;12.1143;5.342815000109149;3.4187773329319686
13.25;12.0857;5.342815000109149;3.4187773329319686
13.3125;12.0857;5.342815000109149;3.4187773329319686
13.3125;12.0;5.342815000109149;3.4187773329319686
13.3125;12.0;5.342815000109149;3.4187773329319686
13.375;11.9714;5.342815000109149;3.4187773329319686
13.375;11.9429;5.342815000109149;3.4187773329319686
13.375;11.9143;5.342815000109149;3.4187773329319686
13.3125;11.8;5.342815000109149;3.4187773329319686
13.1875;11.6857;5.342815000109149;3.4187773329319686
13.0;11.7429;5.342815000109149;3.4187773329319686
12.8125;11.6571;5.342815000109149;3.4187773329319686
12.8125;11.6;5.342815000109149;3.4187773329319686
12.75;11.5714;5.342815000109149;3.4187773329319686
12.625;11.4857;5.342815000109149;3.4187773329319686
12.625;11.4286;5.342815000109149;3.4187773329319686
12.625;11.3714;5.342815000109149;3.4187773329319686
12.5;11.2857;5.342815000109149;3.4187773329319686
12.4375;11.2857;5.342815000109149;3.4187773329319686
12.375;11.2571;5.342815000109149;3.4187773329319686
12.25;11.1429;5.342815000109149;3.4187773329319686
12.1875;11.0571;5.342815000109149;3.4187773329319686
12.125;11.0286;5.342815000109149;3.4187773329319686
12.0625;10.9429;5.342815000109149;3.4187773329319686
12.0;10.9429;5.342815000109149;3.4187773329319686
12.0;10.9143;5.342815000109149;3.4187773329319686
12.0;10.8286;5.342815000109149;3.4187773329319686
12.0;10.8;5.342815000109149;3.4187773329319686
11.9375;10.7143;5.342815000109149;3.4187773329319686
11.875;10.6571;5.342815000109149;3.4187773329319686
11.8125;10.6;5.342815000109149;3.4187773329319686
11.8125;10.5714;5.342815000109149;3.4187773329319686
11.8125;10.6;5.342815000109149;3.4187773329319686
11.75;10.5143;5.342815000109149;3.4187773329319686
11.6875;10.4286;5.342815000109149;3.4187773329319686
11.625;10.4;5.342815000109149;3.4187773329319686
11.625;10.3429;5.342815000109149;3.4187773329319686
11.625;10.2571;5.342815000109149;3.4187773329319686
11.625;10.2571;5.342815000109149;3.4187773329319686
11.625;10.0857;5.342815000109149;3.4187773329319686
11.625;10.0571;5.342815000109149;3.4187773329319686
11.625;10.0;5.342815000109149;3.4187773329319686
11.5;9.9429;5.342815000109149;3.4187773329319686
11.3125;9.8857;5.342815000109149;3.4187773329319686
11.125;9.8286;5.342815000109149;3.4187773329319686
11.0625;9.8;5.342815000109149;3.4187773329319686
11.0625;9.8;5.342815000109149;3.4187773329319686
11.0;9.7714;5.342815000109149;3.4187773329319686
10.9375;9.7429;5.342815000109149;3.4187773329319686
10.9375;9.6857;5.342815000109149;3.4187773329319686
10.9375;9.6571;5.342815000109149;3.4187773329319686
10.9375;9.5714;5.342815000109149;3.4187773329319686
10.875;9.4857;5.342815000109149;3.4187773329319686
10.75;9.5143;5.342815000109149;3.4187773329319686
10.6875;9.4286;5.342815000109149;3.4187773329319686
10.625;9.4;5.342815000109149;3.4187773329319686
10.625;9.3429;5.342815000109149;3.4187773329319686
10.625;9.2571;5.342815000109149;3.4187773329319686
10.625;9.1429;5.342815000109149;3.4187773329319686
10.625;9.1429;5.342815000109149;3.4187773329319686
10.625;9.0857;5.342815000109149;3.4187773329319686
10.5625;9.0286;5.342815000109149;3.4187773329319686
10.5625;9.0;5.342815000109149;3.4187773329319686
10.5;8.8857;5.342815000109149;3.4187773329319686
10.5;8.9143;5.342815000109149;3.4187773329319686
10.4375;8.8571;5.342815000109149;3.4187773329319686
10.3125;8.8286;5.342815000109149;3.4187773329319686
10.25;8.8;5.342815000109149;3.4187773329319686
10.1875;8.7429;5.342815000109149;3.4187773329319686
10.1875;8.6571;5.342815000109149;3.4187773329319686
10.1875;8.6857;5.342815000109149;3.4187773329319686
10.1875;8.5143;5.342815000109149;3.4187773329319686
10.1875;8.4857;5.342815000109149;3.4187773329319686
10.125;8.4;5.342815000109149;3.4187773329319686
9.9375;8.3714;5.342815000109149;3.4187773329319686
9.8125;8.2857;5.342815000109149;3.4187773329319686
9.8125;8.2857;5.342815000109149;3.4187773329319686
9.875;8.2571;5.342815000109149;3.4187773329319686
9.8125;8.2857;5.342815000109149;3.4187773329319686
9.75;8.2286;5.342815000109149;3.4187773329319686
9.6875;8.1143;5.342815000109149;3.4187773329319686
9.6875;8.1143;5.342815000109149;3.4187773329319686
9.625;8.0857;5.342815000109149;3.4187773329319686
9.5625;8.0;5.342815000109149;3.4187773329319686
9.375;7.9714;5.342815000109149;3.4187773329319686
9.3125;7.9143;5.342815000109149;3.4187773329319686
9.375;7.8571;5.342815000109149;3.4187773329319686
9.4375;7.8571;5.342815000109149;3.4187773329319686
9.4375;7.8;5.342815000109149;3.4187773329319686
9.4375;7.6857;5.342815000109149;3.4187773329319686
9.4375;7.7429;5.342815000109149;3.4187773329319686
9.4375;7.6;5.342815000109149;3.4187773329319686
9.375;7.6;5.342815000109149;3.4187773329319686
9.1875;7.5429;5.342815000109149;3.4187773329319686
9.0;7.4857;5.342815000109149;3.4187773329319686
8.9375;7.4571;5.342815000109149;3.4187773329319686
9.0;7.4;5.342815000109149;3.4187773329319686
9.125;7.4;5.342815000109149;3.4187773329319686
9.1875;7.3429;5.342815000109149;3.4187773329319686
9.1875;7.3714;5.342815000109149;3.4187773329319686
9.1875;7.2857;5.342815000109149;3.4187773329319686
9.1875;7.2;5.342815000109149;3.4187773329319686
9.1875;7.1714;5.342815000109149;3.4187773329319686
9.125;7.1429;5.342815000109149;3.4187773329319686
9.125;7.0286;5.342815000109149;3.4187773329319686
9.0;6.9714;5.342815000109149;3.4187773329319686
8.6875;6.9429;5.342815000109149;3.4187773329319686
8.4375;6.9143;5.342815000109149;3.4187773329319686
8.3125;6.9143;5.342815000109149;3.4187773329319686
8.375;6.8857;5.342815000109149;3.4187773329319686
8.375;6.8286;5.342815000109149;3.4187773329319686
8.3125;6.8;5.342815000109149;3.4187773329319686
8.375;6.6571;5.342815000109149;3.4187773329319686
8.375;6.6857;5.342815000109149;3.4187773329319686
8.375;6.6571;5.342815000109149;3.4187773329319686
8.3125;6.6286;5.342815000109149;3.4187773329319686
8.1875;6.5714;5.342815000109149;3.4187773329319686
7.9375;6.5143;5.342815000109149;3.4187773329319686
7.75;6.4571;5.342815000109149;3.4187773329319686
7.6875;6.4286;5.342815000109149;3.4187773329319686
7.6875;6.4;5.342815000109149;3.4187773329319686
7.875;6.4;5.342815000109149;3.4187773329319686
7.9375;6.3429;5.342815000109149;3.4187773329319686
7.9375;6.2857;5.342815000109149;3.4187773329319686
7.875;6.2286;5.342815000109149;3.4187773329319686
7.875;6.1714;5.342815000109149;3.4187773329319686
7.75;6.1429;5.342815000109149;3.4187773329319686
7.5625;6.0571;5.342815000109149;3.4187773329319686
7.3125;6.0571;5.342815000109149;3.4187773329319686
7.25;6.0;5.342815000109149;3.4187773329319686
7.3125;5.9429;5.342815000109149;3.4187773329319686
7.3125;5.8571;5.342815000109149;3.4187773329319686
7.3125;5.8571;5.342815000109149;3.4187773329319686
7.3125;5.8286;5.342815000109149;3.4187773329319686
7.3125;5.7429;5.342815000109149;3.4187773329319686
7.25;5.7143;5.342815000109149;3.4187773329319686
7.3125;5.7143;5.342815000109149;3.4187773329319686
7.125;5.7143;5.342815000109149;3.4187773329319686
6.8125;5.6571;5.342815000109149;3.4187773329319686
6.625;5.5714;5.342815000109149;3.4187773329319686
6.6875;5.6;5.342815000109149;3.4187773329319686
6.6875;5.5429;5.342815000109149;3.4187773329319686
6.75;5.4857;5.342815000109149;3.4187773329319686
6.9375;5.4571;5.342815000109149;3.4187773329319686
7.0;5.4;5.342815000109149;3.4187773329319686
6.875;5.4;5.342815000109149;3.4187773329319686
6.5625;5.2857;5.342815000109149;3.4187773329319686
6.25;5.2857;5.342815000109149;3.4187773329319686
6.125;5.2571;5.342815000109149;3.4187773329319686
6.1875;5.2286;5.342815000109149;3.4187773329319686
6.3125;5.1714;5.342815000109149;3.4187773329319686
6.4375;5.1143;5.342815000109149;3.4187773329319686
6.5625;5.1143;5.342815000109149;3.4187773329319686
6.5625;5.0286;5.342815000109149;3.4187773329319686
6.4375;5.0286;5.342815000109149;3.4187773329319686
6.25;4.9714;5.342815000109149;3.4187773329319686
6.125;4.9429;5.342815000109149;3.4187773329319686
6.125;4.9143;5.342815000109149;3.4187773329319686
6.125;4.8571;5.342815000109149;3.4187773329319686
6.0625;4.8286;5.342815000109149;3.4187773329319686
5.9375;4.8;5.342815000109149;3.4187773329319686
5.8125;4.7143;5.342815000109149;3.4187773329319686
5.6875;4.6571;5.342815000109149;3.4187773329319686
5.5625;4.6857;5.342815000109149;3.4187773329319686
5.5;4.6286;5.342815000109149;3.4187773329319686
5.4375;4.6;5.342815000109149;3.4187773329319686
5.4375;4.5429;5.342815000109149;3.4187773329319686
5.4375;4.5143;5.342815000109149;3.4187773329319686
5.5;4.5143;5.342815000109149;3.4187773329319686
5.625;4.5143;5.342815000109149;3.4187773329319686
5.5;4.4286;5.342815000109149;3.4187773329319686
5.375;4.4;5.342815000109149;3.4187773329319686
5.3125;4.3143;5.342815000109149;3.4187773329319686
5.1875;4.3143;5.342815000109149;3.4187773329319686
5.125;4.2857;5.342815000109149;3.4187773329319686
5.0625;4.2857;5.342815000109149;3.4187773329319686
5.125;4.1714;5.342815000109149;3.4187773329319686
5.125;4.1714;5.342815000109149;3.4187773329319686
4.9375;4.2;5.342815000109149;3.4187773329319686
4.875;4.1143;5.342815000109149;3.4187773329319686
4.875;4.1429;5.342815000109149;3.4187773329319686
4.9375;4.0286;5.342815000109149;3.4187773329319686
4.9375;4.0;5.342815000109149;3.4187773329319686
4.875;3.9714;5.342815000109149;3.4187773329319686
4.75;4.0;5.342815000109149;3.4187773329319686
4.6875;3.9429;5.342815000109149;3.4187773329319686
4.6875;3.9143;5.342815000109149;3.4187773329319686
4.6875;3.8571;5.342815000109149;3.4187773329319686
4.625;3.8571;5.342815000109149;3.4187773329319686
4.5;3.8286;5.342815000109149;3.4187773329319686
4.4375;3.7714;5.342815000109149;3.4187773329319686
4.5;3.7429;5.342815000109149;3.4187773329319686
4.5625;3.7429;5.342815000109149;3.4187773329319686
4.5;3.6857;5.342815000109149;3.4187773329319686
4.25;3.6571;5.342815000109149;3.4187773329319686
4.0;3.6;5.342815000109149;3.4187773329319686
3.75;3.5714;5.342815000109149;3.4187773329319686
3.6875;3.5429;5.342815000109149;3.4187773329319686
3.6875;3.4571;5.342815000109149;3.4187773329319686
3.6875;3.4857;5.342815000109149;3.4187773329319686
3.8125;3.4857;5.342815000109149;3.4187773329319686
4.0625;3.3714;5.342815000109149;3.4187773329319686
4.25;3.3714;5.342815000109149;3.4187773329319686
4.25;3.3143;5.342815000109149;3.4187773329319686
4.1875;3.2571;5.342815000109149;3.4187773329319686
4.125;3.2857;5.342815000109149;3.4187773329319686
4.125;3.2857;5.342815000109149;3.4187773329319686
4.0;3.2286;5.342815000109149;3.4187773329319686
3.9375;3.1429;5.342815000109149;3.4187773329319686
3.875;3.1714;5.342815000109149;3.4187773329319686
3.875;3.1143;5.342815000109149;3.4187773329319686
3.9375;3.0571;5.342815000109149;3.4187773329319686
4.0625;3.0286;5.342815000109149;3.4187773329319686
4.25;2.9714;5.342815000109149;3.4187773329319686
4.1875;2.9714;5.342815000109149;3.4187773329319686
4.125;2.9714;5.342815000109149;3.4187773329319686
4.1875;2.8857;5.342815000109149;3.4187773329319686
4.1875;2.8571;5.342815000109149;3.4187773329319686
3.875;2.8;5.342815000109149;3.4187773329319686
3.5625;2.8;5.342815000109149;3.4187773329319686
3.5;2.8286;5.342815000109149;3.4187773329319686
3.1875;2.6857;5.342815000109149;3.4187773329319686
2.625;2.7143;5.342815000109149;3.4187773329319686
2.6875;2.6286;5.342815000109149;3.4187773329319686
3.1875;2.6571;5.342815000109149;3.4187773329319686
3.5;2.6571;5.342815000109149;3.4187773329319686
3.625;2.5429;5.342815000109149;3.4187773329319686
3.625;2.5714;5.342815000109149;3.4187773329319686
3.5625;2.5429;5.342815000109149;3.4187773329319686
3.5625;2.5143;5.342815000109149;3.4187773329319686
3.5625;2.5429;5.342815000109149;3.4187773329319686
3.5;2.5143;5.342815000109149;3.4187773329319686
3.5;2.4286;5.342815000109149;3.4187773329319686
3.5;2.4;5.342815000109149;3.4187773329319686
3.5;2.4;5.342815000109149;3.4187773329319686
3.5625;2.3429;5.342815000109149;3.4187773329319686
3.5625;2.3143;5.342815000109149;3.4187773329319686
3.3125;2.3143;5.342815000109149;3.4187773329319686
2.9375;2.2571;5.342815000109149;3.4187773329319686
2.8125;2.2;5.342815000109149;3.4187773329319686
2.875;2.1429;5.342815000109149;3.4187773329319686
3.0625;2.2;5.342815000109149;3.4187773329319686
3.375;2.1143;5.342815000109149;3.4187773329319686
3.625;2.0857;5.342815000109149;3.4187773329319686
3.75;2.0857;5.342815000109149;3.4187773329319686
3.75;2.0286;5.342815000109149;3.4187773329319686
3.75;2.0286;5.342815000109149;3.4187773329319686
3.375;2.0286;5.342815000109149;3.4187773329319686
2.625;1.9429;5.342815000109149;3.4187773329319686
2.5;1.9143;5.342815000109149;3.4187773329319686
3.0;2.0;5.342815000109149;3.4187773329319686
3.25;1.8571;5.342815000109149;3.4187773329319686
3.25;1.7714;5.342815000109149;3.4187773329319686
3.0;1.8571;5.342815000109149;3.4187773329319686
2.6875;1.7714;5.342815000109149;3.4187773329319686
2.5;1.7714;5.342815000109149;3.4187773329319686
2.4375;1.7143;5.342815000109149;3.4187773329319686
2.4375;1.7429;5.342815000109149;3.4187773329319686
2.1875;1.7714;5.342815000109149;3.4187773329319686
1.8125;1.6571;5.342815000109149;3.4187773329319686
1.5;1.7143;5.342815000109149;3.4187773329319686
1.3125;1.6;5.342815000109149;3.4187773329319686
1.25;1.6286;5.342815000109149;3.4187773329319686
1.375;1.5143;5.342815000109149;3.4187773329319686
1.6875;1.4571;5.342815000109149;3.4187773329319686
2.0625;1.4857;5.342815000109149;3.4187773329319686
2.25;1.5143;5.342815000109149;3.4187773329319686
2.125;1.4571;5.342815000109149;3.4187773329319686
1.9375;1.4286;5.342815000109149;3.4187773329319686
2.375;1.4286;5.342815000109149;3.4187773329319686
3.0625;1.4;5.342815000109149;3.4187773329319686
3.25;1.3714;5.342815000109149;3.4187773329319686
2.875;1.3714;5.342815000109149;3.4187773329319686
2.625;1.2857;5.342815000109149;3.4187773329319686
2.8125;1.2286;5.342815000109149;3.4187773329319686
3.0;1.2857;5.342815000109149;3.4187773329319686
2.875;1.2;5.342815000109149;3.4187773329319686
2.75;1.2286;5.342815000109149;3.4187773329319686
2.5625;1.2;5.342815000109149;3.4187773329319686
2.5;1.1429;5.342815000109149;3.4187773329319686
2.375;1.1143;5.342815000109149;3.4187773329319686
2.0625;1.1714;5.342815000109149;3.4187773329319686
2.125;1.1429;5.342815000109149;3.4187773329319686
2.25;1.0857;5.342815000109149;3.4187773329319686
1.875;1.0286;5.342815000109149;3.4187773329319686
1.125;1.0286;5.342815000109149;3.4187773329319686
0.625;1.0857;5.342815000109149;3.4187773329319686
0.8125;1.0;5.342815000109149;3.4187773329319686
1.4375;0.9429;5.342815000109149;3.4187773329319686
2.25;0.9429;5.342815000109149;3.4187773329319686
2.875;0.9143;5.342815000109149;3.4187773329319686
3.25;0.8286;5.342815000109149;3.4187773329319686
3.375;0.8;5.342815000109149;3.4187773329319686
3.375;0.8571;5.342815000109149;3.4187773329319686
3.375;0.7714;5.342815000109149;3.4187773329319686
3.3125;0.8571;5.342815000109149;3.4187773329319686
3.125;0.8286;5.342815000109149;3.4187773329319686
2.5;0.7714;5.342815000109149;3.4187773329319686
1.5625;0.7429;5.342815000109149;3.4187773329319686
1.125;0.7143;5.342815000109149;3.4187773329319686
1.625;0.8;5.342815000109149;3.4187773329319686
2.125;0.6857;5.342815000109149;3.4187773329319686
2.0;0.7143;5.342815000109149;3.4187773329319686
1.8125;0.6571;5.342815000109149;3.4187773329319686
1.875;0.6286;5.342815000109149;3.4187773329319686
1.9375;0.5714;5.342815000109149;3.4187773329319686
2.0;0.5714;5.342815000109149;3.4187773329319686
2.3125;0.5714;5.342815000109149;3.4187773329319686
2.5625;0.6571;5.342815000109149;3.4187773329319686
2.625;0.5143;5.342815000109149;3.4187773329319686
2.8125;0.4857;5.342815000109149;3.4187773329319686
3.0;0.4857;5.342815000109149;3.4187773329319686
2.9375;0.5429;5.342815000109149;3.4187773329319686
2.5625;0.4;5.342815000109149;3.4187773329319686
1.6875;0.5143;5.342815000109149;3.4187773329319686
1.0;0.5143;5.342815000109149;3.4187773329319686
1.0;0.4571;5.342815000109149;3.4187773329319686
1.4375;0.3143;5.342815000109149;3.4187773329319686
2.0625;0.4857;5.342815000109149;3.4187773329319686
2.5625;0.4286;5.342815000109149;3.4187773329319686
2.75;0.4;5.342815000109149;3.4187773329319686
2.75;0.4;5.342815000109149;3.4187773329319686
2.3125;0.4;5.342815000109149;3.4187773329319686
1.625;0.3714;5.342815000109149;3.4187773329319686
1.1875;0.3429;5.342815000109149;3.4187773329319686
0.9375;0.4;5.342815000109149;3.4187773329319686
0.875;0.3143;5.342815000109149;3.4187773329319686
0.9375;0.3143;5.342815000109149;3.4187773329319686
1.375;0.2571;5.342815000109149;3.4187773329319686
1.875;0.3429;5.342815000109149;3.4187773329319686
1.8125;0.2857;5.342815000109149;3.4187773329319686
1.3125;0.2286;5.342815000109149;3.4187773329319686
1.0625;0.2857;5.342815000109149;3.4187773329319686
1.6875;0.2857;5.342815000109149;3.4187773329319686
2.625;0.3143;5.342815000109149;3.4187773329319686
3.0625;0.2571;5.342815000109149;3.4187773329319686
2.8125;0.2286;5.342815000109149;3.4187773329319686
2.375;0.1143;5.342815000109149;3.4187773329319686
2.1875;0.2571;5.342815000109149;3.4187773329319686
2.25;0.2286;5.342815000109149;3.4187773329319686
2.25;0.2286;5.342815000109149;3.4187773329319686
2.25;0.2286;5.342815000109149;3.4187773329319686
2.375;0.2571;5.342815000109149;3.4187773329319686
2.8125;0.2286;5.342815000109149;3.4187773329319686
3.1875;0.2286;5.342815000109149;3.4187773329319686
3.3125;0.2;5.342815000109149;3.4187773329319686
3.3125;0.2286;5.342815000109149;3.4187773329319686
3.0;0.2;5.342815000109149;3.4187773329319686
2.375;0.1429;5.342815000109149;3.4187773329319686
2.1875;0.2286;5.342815000109149;3.4187773329319686
2.125;0.1429;5.342815000109149;3.4187773329319686
1.6875;0.2286;5.342815000109149;3.4187773329319686
1.125;0.2;5.342815000109149;3.4187773329319686
1.0;0.2286;5.342815000109149;3.4187773329319686
1.5625;0.0857;5.342815000109149;3.4187773329319686
2.5;0.1143;5.342815000109149;3.4187773329319686
3.1875;0.1429;5.342815000109149;3.4187773329319686
3.5;0.2286;5.342815000109149;3.4187773329319686
3.625;0.1429;5.342815000109149;3.4187773329319686
3.5;0.2;5.342815000109149;3.4187773329319686
3.25;0.1714;5.342815000109149;3.4187773329319686
3.0;0.1429;5.342815000109149;3.4187773329319686
2.875;0.0571;5.342815000109149;3.4187773329319686
2.75;0.1429;5.342815000109149;3.4187773329319686
2.125;0.1143;5.342815000109149;3.4187773329319686
1.625;0.1429;5.342815000109149;3.4187773329319686
1.875;0.1429;5.342815000109149;3.4187773329319686
2.4375;0.1143;5.342815000109149;3.4187773329319686
2.6875;0.1143;5.342815000109149;3.4187773329319686
2.75;0.1429;5.342815000109149;3.4187773329319686
2.625;0.0857;5.342815000109149;3.4187773329319686
2.3125;0.0571;5.342815000109149;3.4187773329319686
2.375;0.0857;5.342815000109149;3.4187773329319686
2.625;0.0286;5.342815000109149;3.4187773329319686
2.6875;0.0857;5.342815000109149;3.4187773329319686
2.4375;0.0857;5.342815000109149;3.4187773329319686
2.25;0.1714;5.342815000109149;3.4187773329319686
2.125;0.0571;5.342815000109149;3.4187773329319686
1.875;0.0857;5.342815000109149;3.4187773329319686
1.75;0.0857;5.342815000109149;3.4187773329319686
2.125;0.1143;5.342815000109149;3.4187773329319686
2.6875;0.1143;5.342815000109149;3.4187773329319686
3.1875;0.1143;5.342815000109149;3.4187773329319686
3.375;0.0571;5.342815000109149;3.4187773329319686
3.0625;0.0857;5.342815000109149;3.4187773329319686
2.5625;0.0857;5.342815000109149;3.4187773329319686
2.5625;0.1143;5.342815000109149;3.4187773329319686
2.9375;0.0571;5.342815000109149;3.4187773329319686
3.3125;0.0857;5.342815000109149;3.4187773329319686
3.5;0.0857;5.342815000109149;3.4187773329319686
3.5625;0.1143;5.342815000109149;3.4187773329319686
3.375;0.1429;5.342815000109149;3.4187773329319686
2.75;0.1429;5.342815000109149;3.4187773329319686
1.8125;0.0857;5.342815000109149;3.4187773329319686
1.25;0.0286;5.342815000109149;3.4187773329319686
1.1875;0.0571;5.342815000109149;3.4187773329319686
1.375;0.0857;5.342815000109149;3.4187773329319686
1.9375;0.0571;5.342815000109149;3.4187773329319686
2.75;0.0857;5.342815000109149;3.4187773329319686
3.0;0.0857;5.342815000109149;3.4187773329319686
2.75;0.0571;5.342815000109149;3.4187773329319686
2.625;0.0;5.342815000109149;3.4187773329319686
2.9375;0.0286;5.342815000109149;3.4187773329319686
2.9375;-0.0286;5.342815000109149;3.4187773329319686
2.375;0.0286;5.342815000109149;3.4187773329319686
2.0625;0.0857;5.342815000109149;3.4187773329319686
2.3125;0.1143;5.342815000109149;3.4187773329319686
2.8125;0.1429;5.342815000109149;3.4187773329319686
3.125;0.0286;5.342815000109149;3.4187773329319686
3.25;0.1143;5.342815000109149;3.4187773329319686
3.25;0.0286;5.342815000109149;3.4187773329319686
3.0625;0.1143;5.342815000109149;3.4187773329319686
2.8125;0.0286;5.342815000109149;3.4187773329319686
2.6875;0.0571;5.342815000109149;3.4187773329319686
2.875;0.0857;5.342815000109149;3.4187773329319686
3.25;0.0571;5.342815000109149;3.4187773329319686
3.5;0.0;5.342815000109149;3.4187773329319686
3.5;0.0857;5.342815000109149;3.4187773329319686
3.5625;0.0571;5.342815000109149;3.4187773329319686
3.625;-0.0286;5.342815000109149;3.4187773329319686
3.6875;0.0571;5.342815000109149;3.4187773329319686
3.6875;0.1429;5.342815000109149;3.4187773329319686
