SF-A-022;Sensirion;RMSE;MAE
-6.0;-6.4;5.499156836459417;3.5503568851473246
-5.75;-6.3143;5.499156836459417;3.5503568851473246
-5.5;-6.2857;5.499156836459417;3.5503568851473246
-5.3125;-6.2286;5.499156836459417;3.5503568851473246
-5.25;-6.1714;5.499156836459417;3.5503568851473246
-5.0;-6.1143;5.499156836459417;3.5503568851473246
-4.625;-6.1143;5.499156836459417;3.5503568851473246
-4.4375;-6.0286;5.499156836459417;3.5503568851473246
-4.5;-6.0286;5.499156836459417;3.5503568851473246
-4.625;-5.9714;5.499156836459417;3.5503568851473246
-4.75;-5.9429;5.499156836459417;3.5503568851473246
-4.75;-5.9143;5.499156836459417;3.5503568851473246
-4.8125;-5.8571;5.499156836459417;3.5503568851473246
-4.9375;-5.8;5.499156836459417;3.5503568851473246
-5.0;-5.7429;5.499156836459417;3.5503568851473246
-5.0625;-5.6857;5.499156836459417;3.5503568851473246
-5.125;-5.7143;5.499156836459417;3.5503568851473246
-5.125;-5.5714;5.499156836459417;3.5503568851473246
-5.125;-5.6;5.499156836459417;3.5503568851473246
-5.125;-5.5714;5.499156836459417;3.5503568851473246
-5.0625;-5.5429;5.499156836459417;3.5503568851473246
-4.875;-5.5429;5.499156836459417;3.5503568851473246
-4.6875;-5.5429;5.499156836459417;3.5503568851473246
-4.625;-5.5143;5.499156836459417;3.5503568851473246
-4.6875;-5.5429;5.499156836459417;3.5503568851473246
-4.5;-5.6286;5.499156836459417;3.5503568851473246
-4.0;-5.6286;5.499156836459417;3.5503568851473246
-3.75;-5.6571;5.499156836459417;3.5503568851473246
-3.75;-5.7429;5.499156836459417;3.5503568851473246
-3.75;-5.8;5.499156836459417;3.5503568851473246
-3.75;-5.8857;5.499156836459417;3.5503568851473246
-4.125;-6.0286;5.499156836459417;3.5503568851473246
-4.625;-6.2;5.499156836459417;3.5503568851473246
-4.875;-6.3714;5.499156836459417;3.5503568851473246
-4.9375;-6.4857;5.499156836459417;3.5503568851473246
-5.0625;-6.7143;5.499156836459417;3.5503568851473246
-5.125;-6.9143;5.499156836459417;3.5503568851473246
-5.1875;-7.1429;5.499156836459417;3.5503568851473246
-5.1875;-7.4;5.499156836459417;3.5503568851473246
-5.375;-7.6857;5.499156836459417;3.5503568851473246
-5.8125;-8.0;5.499156836459417;3.5503568851473246
-6.4375;-8.3143;5.499156836459417;3.5503568851473246
-6.8125;-8.6286;5.499156836459417;3.5503568851473246
-7.125;-8.9429;5.499156836459417;3.5503568851473246
-7.375;-9.3429;5.499156836459417;3.5503568851473246
-7.6875;-9.8;5.499156836459417;3.5503568851473246
-7.8125;-10.2;5.499156836459417;3.5503568851473246
-7.875;-10.6286;5.499156836459417;3.5503568851473246
-7.8125;-11.1429;5.499156836459417;3.5503568851473246
-7.8125;-11.5714;5.499156836459417;3.5503568851473246
-7.8125;-12.0571;5.499156836459417;3.5503568851473246
-7.75;-12.6;5.499156836459417;3.5503568851473246
-7.875;-13.1143;5.499156836459417;3.5503568851473246
-8.4375;-13.6857;5.499156836459417;3.5503568851473246
-9.5625;-14.2;5.499156836459417;3.5503568851473246
-10.875;-14.8857;5.499156836459417;3.5503568851473246
-12.0;-15.4286;5.499156836459417;3.5503568851473246
-12.9375;-16.0857;5.499156836459417;3.5503568851473246
-13.625;-16.7714;5.499156836459417;3.5503568851473246
-14.3125;-17.4857;5.499156836459417;3.5503568851473246
-15.125;-18.2;5.499156836459417;3.5503568851473246
-15.9375;-18.8;5.499156836459417;3.5503568851473246
-16.875;-19.5143;5.499156836459417;3.5503568851473246
-17.6875;-20.2;5.499156836459417;3.5503568851473246
-18.4375;-20.8571;5.499156836459417;3.5503568851473246
-19.0;-21.4286;5.499156836459417;3.5503568851473246
-19.5;-22.2;5.499156836459417;3.5503568851473246
-20.0;-22.9714;5.499156836459417;3.5503568851473246
-20.625;-23.7429;5.499156836459417;3.5503568851473246
-21.375;-24.3714;5.499156836459417;3.5503568851473246
-21.875;-25.1143;5.499156836459417;3.5503568851473246
-22.375;-25.7429;5.499156836459417;3.5503568851473246
-23.5;-26.4571;5.499156836459417;3.5503568851473246
-24.5625;-27.1143;5.499156836459417;3.5503568851473246
-25.3125;-27.6571;5.499156836459417;3.5503568851473246
-26.3125;-28.2571;5.499156836459417;3.5503568851473246
-27.3125;-28.8571;5.499156836459417;3.5503568851473246
-28.3125;-29.6857;5.499156836459417;3.5503568851473246
-29.4375;-30.4286;5.499156836459417;3.5503568851473246
-30.375;-31.2;5.499156836459417;3.5503568851473246
-30.8125;-31.8;5.499156836459417;3.5503568851473246
-30.9375;-32.5429;5.499156836459417;3.5503568851473246
-30.9375;-33.2857;5.499156836459417;3.5503568851473246
-30.875;-33.8857;5.499156836459417;3.5503568851473246
-30.5625;-34.5714;5.499156836459417;3.5503568851473246
-30.625;-35.3429;5.499156836459417;3.5503568851473246
-31.8125;-36.0;5.499156836459417;3.5503568851473246
-33.4375;-36.7143;5.499156836459417;3.5503568851473246
-35.0625;-37.2857;5.499156836459417;3.5503568851473246
-36.9375;-37.7714;5.499156836459417;3.5503568851473246
-38.5625;-38.4571;5.499156836459417;3.5503568851473246
-39.75;-39.4;5.499156836459417;3.5503568851473246
-40.625;-40.0857;5.499156836459417;3.5503568851473246
-41.25;-40.6571;5.499156836459417;3.5503568851473246
-41.625;-41.6857;5.499156836459417;3.5503568851473246
-41.6875;-42.1429;5.499156836459417;3.5503568851473246
-42.125;-42.8857;5.499156836459417;3.5503568851473246
-43.25;-43.6857;5.499156836459417;3.5503568851473246
-44.375;-44.4;5.499156836459417;3.5503568851473246
-45.0625;-44.8;5.499156836459417;3.5503568851473246
-45.75;-45.7143;5.499156836459417;3.5503568851473246
-47.0;-46.1714;5.499156836459417;3.5503568851473246
-48.0;-46.9714;5.499156836459417;3.5503568851473246
-48.0625;-47.2286;5.499156836459417;3.5503568851473246
-48.0;-48.0571;5.499156836459417;3.5503568851473246
-48.3125;-48.5714;5.499156836459417;3.5503568851473246
-48.1875;-49.3429;5.499156836459417;3.5503568851473246
-48.125;-50.0286;5.499156836459417;3.5503568851473246
-49.375;-50.5429;5.499156836459417;3.5503568851473246
-50.875;-50.8857;5.499156836459417;3.5503568851473246
-51.1875;-52.2;5.499156836459417;3.5503568851473246
-50.75;-52.3143;5.499156836459417;3.5503568851473246
-50.25;-52.8571;5.499156836459417;3.5503568851473246
-49.875;-53.5429;5.499156836459417;3.5503568851473246
-49.75;-53.8286;5.499156836459417;3.5503568851473246
-49.6875;-54.6857;5.499156836459417;3.5503568851473246
-50.0625;-55.2;5.499156836459417;3.5503568851473246
-51.5;-55.9143;5.499156836459417;3.5503568851473246
-54.125;-56.2286;5.499156836459417;3.5503568851473246
-56.625;-56.8;5.499156836459417;3.5503568851473246
-58.0625;-57.6571;5.499156836459417;3.5503568851473246
-58.9375;-58.0286;5.499156836459417;3.5503568851473246
-59.6875;-58.6286;5.499156836459417;3.5503568851473246
-60.0;-58.9714;5.499156836459417;3.5503568851473246
-59.3125;-59.8286;5.499156836459417;3.5503568851473246
-58.875;-60.4857;5.499156836459417;3.5503568851473246
-59.875;-60.9143;5.499156836459417;3.5503568851473246
-61.0625;-61.7143;5.499156836459417;3.5503568851473246
-61.9375;-61.9143;5.499156836459417;3.5503568851473246
-62.625;-61.9143;5.499156836459417;3.5503568851473246
-63.0625;-62.7429;5.499156836459417;3.5503568851473246
-63.8125;-63.0571;5.499156836459417;3.5503568851473246
-64.4375;-63.0;5.499156836459417;3.5503568851473246
-64.125;-64.6571;5.499156836459417;3.5503568851473246
-63.375;-64.4;5.499156836459417;3.5503568851473246
-63.1875;-64.8857;5.499156836459417;3.5503568851473246
-64.0625;-66.0286;5.499156836459417;3.5503568851473246
-65.3125;-66.0857;5.499156836459417;3.5503568851473246
-66.25;-66.3143;5.499156836459417;3.5503568851473246
-67.0625;-67.4;5.499156836459417;3.5503568851473246
-67.9375;-67.8571;5.499156836459417;3.5503568851473246
-68.875;-67.7143;5.499156836459417;3.5503568851473246
-68.8125;-68.6;5.499156836459417;3.5503568851473246
-67.9375;-69.7429;5.499156836459417;3.5503568851473246
-67.1875;-70.4286;5.499156836459417;3.5503568851473246
-66.6875;-70.2286;5.499156836459417;3.5503568851473246
-66.5;-70.8286;5.499156836459417;3.5503568851473246
-66.5;-71.2571;5.499156836459417;3.5503568851473246
-66.5625;-71.8857;5.499156836459417;3.5503568851473246
-67.5625;-72.3714;5.499156836459417;3.5503568851473246
-70.5;-73.2571;5.499156836459417;3.5503568851473246
-73.5;-73.5143;5.499156836459417;3.5503568851473246
-74.8125;-73.7714;5.499156836459417;3.5503568851473246
-75.8125;-74.2286;5.499156836459417;3.5503568851473246
-77.0;-75.3143;5.499156836459417;3.5503568851473246
-77.75;-75.5714;5.499156836459417;3.5503568851473246
-78.0;-75.9143;5.499156836459417;3.5503568851473246
-77.625;-75.9143;5.499156836459417;3.5503568851473246
-77.0;-76.6571;5.499156836459417;3.5503568851473246
-76.375;-77.1143;5.499156836459417;3.5503568851473246
-76.875;-77.8571;5.499156836459417;3.5503568851473246
-78.375;-77.8;5.499156836459417;3.5503568851473246
-78.9375;-78.2571;5.499156836459417;3.5503568851473246
-79.25;-78.6;5.499156836459417;3.5503568851473246
-79.6875;-80.1143;5.499156836459417;3.5503568851473246
-79.4375;-80.8571;5.499156836459417;3.5503568851473246
-79.4375;-80.2286;5.499156836459417;3.5503568851473246
-80.625;-80.5714;5.499156836459417;3.5503568851473246
-82.1875;-81.4286;5.499156836459417;3.5503568851473246
-83.75;-82.4571;5.499156836459417;3.5503568851473246
-84.5625;-82.6857;5.499156836459417;3.5503568851473246
-83.4375;-83.3714;5.499156836459417;3.5503568851473246
-82.75;-83.0571;5.499156836459417;3.5503568851473246
-83.25;-83.8571;5.499156836459417;3.5503568851473246
-83.5625;-83.5714;5.499156836459417;3.5503568851473246
-83.375;-83.7143;5.499156836459417;3.5503568851473246
-83.125;-85.2857;5.499156836459417;3.5503568851473246
-82.9375;-86.2571;5.499156836459417;3.5503568851473246
-82.8125;-86.3714;5.499156836459417;3.5503568851473246
-82.8125;-85.2571;5.499156836459417;3.5503568851473246
-82.6875;-86.2571;5.499156836459417;3.5503568851473246
-83.125;-86.9714;5.499156836459417;3.5503568851473246
-84.5;-86.7429;5.499156836459417;3.5503568851473246
-85.25;-87.1143;5.499156836459417;3.5503568851473246
-85.8125;-88.2857;5.499156836459417;3.5503568851473246
-87.3125;-88.5143;5.499156836459417;3.5503568851473246
-88.6875;-88.2;5.499156836459417;3.5503568851473246
-89.8125;-88.8;5.499156836459417;3.5503568851473246
-91.4375;-89.1429;5.499156836459417;3.5503568851473246
-93.1875;-90.6286;5.499156836459417;3.5503568851473246
-93.9375;-90.0286;5.499156836459417;3.5503568851473246
-93.3125;-89.9143;5.499156836459417;3.5503568851473246
-92.125;-90.2857;5.499156836459417;3.5503568851473246
-91.25;-90.5714;5.499156836459417;3.5503568851473246
-91.125;-91.7714;5.499156836459417;3.5503568851473246
-92.125;-91.8571;5.499156836459417;3.5503568851473246
-92.375;-91.6857;5.499156836459417;3.5503568851473246
-92.3125;-92.1143;5.499156836459417;3.5503568851473246
-93.9375;-93.0286;5.499156836459417;3.5503568851473246
-95.625;-92.2571;5.499156836459417;3.5503568851473246
-96.0625;-93.5429;5.499156836459417;3.5503568851473246
-96.25;-94.0;5.499156836459417;3.5503568851473246
-97.0;-94.6286;5.499156836459417;3.5503568851473246
-97.625;-95.3143;5.499156836459417;3.5503568851473246
-96.625;-95.3143;5.499156836459417;3.5503568851473246
-95.0;-94.8571;5.499156836459417;3.5503568851473246
-95.25;-95.5429;5.499156836459417;3.5503568851473246
-96.8125;-95.9714;5.499156836459417;3.5503568851473246
-98.1875;-96.1143;5.499156836459417;3.5503568851473246
-99.0;-96.1143;5.499156836459417;3.5503568851473246
-99.25;-96.9143;5.499156836459417;3.5503568851473246
-99.25;-97.6571;5.499156836459417;3.5503568851473246
-99.125;-97.4571;5.499156836459417;3.5503568851473246
-99.5625;-97.2571;5.499156836459417;3.5503568851473246
-100.25;-96.6286;5.499156836459417;3.5503568851473246
-100.375;-98.2286;5.499156836459417;3.5503568851473246
-100.25;-98.4571;5.499156836459417;3.5503568851473246
-100.0;-98.8857;5.499156836459417;3.5503568851473246
-100.0625;-99.2286;5.499156836459417;3.5503568851473246
-99.5;-99.6571;5.499156836459417;3.5503568851473246
-99.0625;-101.0286;5.499156836459417;3.5503568851473246
-100.1875;-101.4571;5.499156836459417;3.5503568851473246
-101.4375;-100.3714;5.499156836459417;3.5503568851473246
-102.5;-102.3143;5.499156836459417;3.5503568851473246
-103.3125;-101.2857;5.499156836459417;3.5503568851473246
-103.875;-101.8286;5.499156836459417;3.5503568851473246
-104.5625;-102.6;5.499156836459417;3.5503568851473246
-104.75;-103.7429;5.499156836459417;3.5503568851473246
-104.0625;-103.3143;5.499156836459417;3.5503568851473246
-103.375;-103.7143;5.499156836459417;3.5503568851473246
-105.125;-103.4286;5.499156836459417;3.5503568851473246
-107.4375;-104.3143;5.499156836459417;3.5503568851473246
-107.4375;-103.8857;5.499156836459417;3.5503568851473246
-107.625;-104.0571;5.499156836459417;3.5503568851473246
-109.0625;-105.4;5.499156836459417;3.5503568851473246
-109.875;-104.7143;5.499156836459417;3.5503568851473246
-110.0;-104.7143;5.499156836459417;3.5503568851473246
-109.125;-105.7429;5.499156836459417;3.5503568851473246
-105.9375;-105.5143;5.499156836459417;3.5503568851473246
-102.0;-106.3143;5.499156836459417;3.5503568851473246
-99.375;-105.8571;5.499156836459417;3.5503568851473246
-98.1875;-107.1143;5.499156836459417;3.5503568851473246
-97.9375;-107.8571;5.499156836459417;3.5503568851473246
-98.125;-108.2;5.499156836459417;3.5503568851473246
-99.25;-108.7143;5.499156836459417;3.5503568851473246
-102.3125;-108.0571;5.499156836459417;3.5503568851473246
-105.3125;-108.7143;5.499156836459417;3.5503568851473246
-107.3125;-108.4;5.499156836459417;3.5503568851473246
-109.375;-108.7429;5.499156836459417;3.5503568851473246
-110.8125;-108.4286;5.499156836459417;3.5503568851473246
-111.375;-110.8571;5.499156836459417;3.5503568851473246
-110.875;-110.6571;5.499156836459417;3.5503568851473246
-109.6875;-110.6571;5.499156836459417;3.5503568851473246
-109.6875;-111.5429;5.499156836459417;3.5503568851473246
-110.9375;-110.8;5.499156836459417;3.5503568851473246
-112.4375;-111.6286;5.499156836459417;3.5503568851473246
-112.375;-112.4571;5.499156836459417;3.5503568851473246
-111.5625;-111.8286;5.499156836459417;3.5503568851473246
-113.6875;-110.8857;5.499156836459417;3.5503568851473246
-116.9375;-109.8857;5.499156836459417;3.5503568851473246
-116.5625;-111.9143;5.499156836459417;3.5503568851473246
-114.5;-112.4857;5.499156836459417;3.5503568851473246
-113.6875;-113.2286;5.499156836459417;3.5503568851473246
-113.875;-113.0857;5.499156836459417;3.5503568851473246
-114.875;-112.7143;5.499156836459417;3.5503568851473246
-116.3125;-113.2286;5.499156836459417;3.5503568851473246
-117.0625;-113.7143;5.499156836459417;3.5503568851473246
-116.3125;-114.0286;5.499156836459417;3.5503568851473246
-114.75;-114.4;5.499156836459417;3.5503568851473246
-114.375;-114.2286;5.499156836459417;3.5503568851473246
-114.875;-114.2857;5.499156836459417;3.5503568851473246
-115.25;-113.8857;5.499156836459417;3.5503568851473246
-115.5;-114.2857;5.499156836459417;3.5503568851473246
-115.5625;-114.8571;5.499156836459417;3.5503568851473246
-115.5625;-114.4286;5.499156836459417;3.5503568851473246
-115.5;-116.5143;5.499156836459417;3.5503568851473246
-115.0;-116.2857;5.499156836459417;3.5503568851473246
-114.5;-116.6571;5.499156836459417;3.5503568851473246
-114.9375;-115.9143;5.499156836459417;3.5503568851473246
-115.4375;-115.2;5.499156836459417;3.5503568851473246
-116.375;-115.9714;5.499156836459417;3.5503568851473246
-117.875;-117.6857;5.499156836459417;3.5503568851473246
-118.375;-118.0571;5.499156836459417;3.5503568851473246
-118.625;-117.5714;5.499156836459417;3.5503568851473246
-118.5;-117.2571;5.499156836459417;3.5503568851473246
-117.1875;-117.0571;5.499156836459417;3.5503568851473246
-116.75;-117.9714;5.499156836459417;3.5503568851473246
-118.1875;-117.8;5.499156836459417;3.5503568851473246
-119.375;-118.2857;5.499156836459417;3.5503568851473246
-119.5625;-119.1429;5.499156836459417;3.5503568851473246
-120.5625;-117.9714;5.499156836459417;3.5503568851473246
-121.4375;-119.6857;5.499156836459417;3.5503568851473246
-120.9375;-119.2286;5.499156836459417;3.5503568851473246
-120.875;-118.1429;5.499156836459417;3.5503568851473246
-121.25;-118.4571;5.499156836459417;3.5503568851473246
-120.5;-118.2857;5.499156836459417;3.5503568851473246
-119.4375;-119.0;5.499156836459417;3.5503568851473246
-119.6875;-120.4857;5.499156836459417;3.5503568851473246
-121.5625;-120.3429;5.499156836459417;3.5503568851473246
-123.125;-119.6571;5.499156836459417;3.5503568851473246
-122.875;-121.1714;5.499156836459417;3.5503568851473246
-121.9375;-120.0571;5.499156836459417;3.5503568851473246
-121.8125;-119.8857;5.499156836459417;3.5503568851473246
-122.5;-120.6857;5.499156836459417;3.5503568851473246
-123.25;-120.4286;5.499156836459417;3.5503568851473246
-123.6875;-120.9714;5.499156836459417;3.5503568851473246
-123.875;-121.9714;5.499156836459417;3.5503568851473246
-123.875;-122.1143;5.499156836459417;3.5503568851473246
-123.8125;-122.6857;5.499156836459417;3.5503568851473246
-123.0625;-123.3429;5.499156836459417;3.5503568851473246
-122.0;-124.0286;5.499156836459417;3.5503568851473246
-121.5625;-122.8571;5.499156836459417;3.5503568851473246
-121.625;-123.4857;5.499156836459417;3.5503568851473246
-122.6875;-123.7143;5.499156836459417;3.5503568851473246
-124.5;-121.8286;5.499156836459417;3.5503568851473246
-124.625;-122.1429;5.499156836459417;3.5503568851473246
-123.625;-123.4286;5.499156836459417;3.5503568851473246
-123.875;-122.9714;5.499156836459417;3.5503568851473246
-123.9375;-123.6571;5.499156836459417;3.5503568851473246
-123.6875;-124.2286;5.499156836459417;3.5503568851473246
-124.375;-124.2;5.499156836459417;3.5503568851473246
-124.6875;-124.3714;5.499156836459417;3.5503568851473246
-124.875;-124.1714;5.499156836459417;3.5503568851473246
-125.5625;-125.4857;5.499156836459417;3.5503568851473246
-125.4375;-123.8571;5.499156836459417;3.5503568851473246
-124.3125;-124.2;5.499156836459417;3.5503568851473246
-124.0625;-123.8286;5.499156836459417;3.5503568851473246
-124.5625;-124.5714;5.499156836459417;3.5503568851473246
-125.125;-125.6571;5.499156836459417;3.5503568851473246
-126.125;-126.8;5.499156836459417;3.5503568851473246
-126.625;-126.1429;5.499156836459417;3.5503568851473246
-126.6875;-126.0286;5.499156836459417;3.5503568851473246
-127.375;-125.1143;5.499156836459417;3.5503568851473246
-127.625;-125.6857;5.499156836459417;3.5503568851473246
-127.3125;-125.8;5.499156836459417;3.5503568851473246
-127.25;-127.9714;5.499156836459417;3.5503568851473246
-127.25;-127.9143;5.499156836459417;3.5503568851473246
-127.3125;-128.2571;5.499156836459417;3.5503568851473246
-127.375;-127.6571;5.499156836459417;3.5503568851473246
-127.4375;-127.5143;5.499156836459417;3.5503568851473246
-127.3125;-128.5143;5.499156836459417;3.5503568851473246
-126.6875;-128.5429;5.499156836459417;3.5503568851473246
-125.25;-126.0857;5.499156836459417;3.5503568851473246
-124.4375;-127.6857;5.499156836459417;3.5503568851473246
-125.625;-126.6;5.499156836459417;3.5503568851473246
-127.125;-127.4;5.499156836459417;3.5503568851473246
-127.75;-128.8286;5.499156836459417;3.5503568851473246
-128.625;-130.4857;5.499156836459417;3.5503568851473246
-129.0625;-129.9714;5.499156836459417;3.5503568851473246
-129.0;-129.3714;5.499156836459417;3.5503568851473246
-130.125;-129.9143;5.499156836459417;3.5503568851473246
-130.8125;-128.9429;5.499156836459417;3.5503568851473246
-129.4375;-129.4;5.499156836459417;3.5503568851473246
-128.25;-130.0286;5.499156836459417;3.5503568851473246
-127.75;-131.2857;5.499156836459417;3.5503568851473246
-127.3125;-131.7143;5.499156836459417;3.5503568851473246
-127.6875;-129.1429;5.499156836459417;3.5503568851473246
-128.6875;-130.6286;5.499156836459417;3.5503568851473246
-129.5625;-131.5143;5.499156836459417;3.5503568851473246
-130.4375;-131.7429;5.499156836459417;3.5503568851473246
-130.6875;-131.5714;5.499156836459417;3.5503568851473246
-129.5;-130.5429;5.499156836459417;3.5503568851473246
-128.25;-130.9143;5.499156836459417;3.5503568851473246
-129.4375;-131.6571;5.499156836459417;3.5503568851473246
-131.875;-131.3714;5.499156836459417;3.5503568851473246
-133.25;-132.2857;5.499156836459417;3.5503568851473246
-134.25;-131.7143;5.499156836459417;3.5503568851473246
-135.1875;-131.2;5.499156836459417;3.5503568851473246
-135.75;-130.1429;5.499156836459417;3.5503568851473246
-136.0;-130.7714;5.499156836459417;3.5503568851473246
-136.0;-131.0857;5.499156836459417;3.5503568851473246
-135.9375;-132.5429;5.499156836459417;3.5503568851473246
-135.3125;-132.1143;5.499156836459417;3.5503568851473246
-134.3125;-133.0286;5.499156836459417;3.5503568851473246
-133.25;-134.6286;5.499156836459417;3.5503568851473246
-130.9375;-134.4571;5.499156836459417;3.5503568851473246
-129.5625;-134.6;5.499156836459417;3.5503568851473246
-131.0;-135.3429;5.499156836459417;3.5503568851473246
-131.75;-134.8857;5.499156836459417;3.5503568851473246
-131.375;-134.8286;5.499156836459417;3.5503568851473246
-131.625;-134.4571;5.499156836459417;3.5503568851473246
-132.0;-134.0286;5.499156836459417;3.5503568851473246
-132.5;-133.4;5.499156836459417;3.5503568851473246
-134.0;-134.5429;5.499156836459417;3.5503568851473246
-135.375;-135.2286;5.499156836459417;3.5503568851473246
-135.4375;-134.7429;5.499156836459417;3.5503568851473246
-135.5625;-135.0;5.499156836459417;3.5503568851473246
-135.3125;-134.9714;5.499156836459417;3.5503568851473246
-134.3125;-133.3143;5.499156836459417;3.5503568851473246
-133.625;-135.2;5.499156836459417;3.5503568851473246
-133.75;-136.8;5.499156836459417;3.5503568851473246
-133.875;-136.6857;5.499156836459417;3.5503568851473246
-134.0;-134.5143;5.499156836459417;3.5503568851473246
-134.625;-136.1714;5.499156836459417;3.5503568851473246
-135.1875;-137.4286;5.499156836459417;3.5503568851473246
-135.75;-137.8857;5.499156836459417;3.5503568851473246
-135.75;-136.5714;5.499156836459417;3.5503568851473246
-135.4375;-136.7714;5.499156836459417;3.5503568851473246
-137.1875;-138.1143;5.499156836459417;3.5503568851473246
-140.3125;-138.2571;5.499156836459417;3.5503568851473246
-142.75;-138.7429;5.499156836459417;3.5503568851473246
-143.9375;-137.1429;5.499156836459417;3.5503568851473246
-144.3125;-136.2;5.499156836459417;3.5503568851473246
-144.1875;-136.4;5.499156836459417;3.5503568851473246
-143.0;-135.5429;5.499156836459417;3.5503568851473246
-139.125;-134.9429;5.499156836459417;3.5503568851473246
-134.625;-136.0571;5.499156836459417;3.5503568851473246
-132.625;-134.4571;5.499156836459417;3.5503568851473246
-131.875;-132.2571;5.499156836459417;3.5503568851473246
-132.625;-133.4857;5.499156836459417;3.5503568851473246
-134.3125;-133.1714;5.499156836459417;3.5503568851473246
-134.1875;-131.8;5.499156836459417;3.5503568851473246
-133.8125;-131.4857;5.499156836459417;3.5503568851473246
-133.375;-132.2571;5.499156836459417;3.5503568851473246
-131.6875;-132.6;5.499156836459417;3.5503568851473246
-129.75;-132.2857;5.499156836459417;3.5503568851473246
-128.875;-131.3714;5.499156836459417;3.5503568851473246
-129.4375;-131.6571;5.499156836459417;3.5503568851473246
-130.3125;-130.9429;5.499156836459417;3.5503568851473246
-130.875;-131.5143;5.499156836459417;3.5503568851473246
-130.625;-131.6857;5.499156836459417;3.5503568851473246
-128.9375;-129.6571;5.499156836459417;3.5503568851473246
-127.75;-129.4571;5.499156836459417;3.5503568851473246
-127.75;-128.9143;5.499156836459417;3.5503568851473246
-128.125;-128.0;5.499156836459417;3.5503568851473246
-128.375;-127.2;5.499156836459417;3.5503568851473246
-128.0625;-128.1429;5.499156836459417;3.5503568851473246
-127.75;-129.4286;5.499156836459417;3.5503568851473246
-127.375;-128.4571;5.499156836459417;3.5503568851473246
-127.125;-128.9714;5.499156836459417;3.5503568851473246
-127.25;-128.5714;5.499156836459417;3.5503568851473246
-127.4375;-126.5714;5.499156836459417;3.5503568851473246
-127.5625;-125.1143;5.499156836459417;3.5503568851473246
-127.625;-126.6;5.499156836459417;3.5503568851473246
-127.625;-126.5143;5.499156836459417;3.5503568851473246
-127.625;-126.1429;5.499156836459417;3.5503568851473246
-127.4375;-124.8286;5.499156836459417;3.5503568851473246
-126.8125;-125.6286;5.499156836459417;3.5503568851473246
-125.8125;-124.0286;5.499156836459417;3.5503568851473246
-125.25;-123.5714;5.499156836459417;3.5503568851473246
-125.25;-122.4;5.499156836459417;3.5503568851473246
-124.375;-122.8857;5.499156836459417;3.5503568851473246
-122.4375;-123.2286;5.499156836459417;3.5503568851473246
-122.0;-122.1429;5.499156836459417;3.5503568851473246
-123.6875;-123.6;5.499156836459417;3.5503568851473246
-124.6875;-124.1143;5.499156836459417;3.5503568851473246
-124.4375;-123.4571;5.499156836459417;3.5503568851473246
-123.8125;-121.5429;5.499156836459417;3.5503568851473246
-122.9375;-121.3714;5.499156836459417;3.5503568851473246
-122.25;-121.1429;5.499156836459417;3.5503568851473246
-121.875;-121.2286;5.499156836459417;3.5503568851473246
-122.3125;-122.1429;5.499156836459417;3.5503568851473246
-123.5;-120.5143;5.499156836459417;3.5503568851473246
-124.4375;-121.0286;5.499156836459417;3.5503568851473246
-124.625;-119.6857;5.499156836459417;3.5503568851473246
-124.0625;-119.8286;5.499156836459417;3.5503568851473246
-122.875;-119.6286;5.499156836459417;3.5503568851473246
-121.9375;-119.4;5.499156836459417;3.5503568851473246
-122.125;-118.1143;5.499156836459417;3.5503568851473246
-122.625;-118.2571;5.499156836459417;3.5503568851473246
-121.9375;-118.0;5.499156836459417;3.5503568851473246
-120.125;-118.0;5.499156836459417;3.5503568851473246
-119.0625;-119.1143;5.499156836459417;3.5503568851473246
-119.3125;-118.2571;5.499156836459417;3.5503568851473246
-119.9375;-117.4286;5.499156836459417;3.5503568851473246
-120.4375;-117.7714;5.499156836459417;3.5503568851473246
-120.6875;-117.1143;5.499156836459417;3.5503568851473246
-120.75;-117.4286;5.499156836459417;3.5503568851473246
-121.375;-117.9714;5.499156836459417;3.5503568851473246
-122.75;-115.2286;5.499156836459417;3.5503568851473246
-122.1875;-114.6857;5.499156836459417;3.5503568851473246
-119.25;-114.4;5.499156836459417;3.5503568851473246
-117.8125;-114.8857;5.499156836459417;3.5503568851473246
-118.5;-114.8;5.499156836459417;3.5503568851473246
-119.125;-114.9143;5.499156836459417;3.5503568851473246
-118.625;-115.1143;5.499156836459417;3.5503568851473246
-116.0;-114.3429;5.499156836459417;3.5503568851473246
-114.0;-114.6286;5.499156836459417;3.5503568851473246
-114.6875;-113.5429;5.499156836459417;3.5503568851473246
-115.25;-114.1143;5.499156836459417;3.5503568851473246
-114.5;-113.1143;5.499156836459417;3.5503568851473246
-114.5625;-112.7429;5.499156836459417;3.5503568851473246
-115.0625;-112.8571;5.499156836459417;3.5503568851473246
-114.0;-112.0;5.499156836459417;3.5503568851473246
-113.0625;-110.5714;5.499156836459417;3.5503568851473246
-113.1875;-111.4571;5.499156836459417;3.5503568851473246
-114.625;-111.8;5.499156836459417;3.5503568851473246
-116.125;-112.6571;5.499156836459417;3.5503568851473246
-115.6875;-110.6;5.499156836459417;3.5503568851473246
-115.1875;-110.6857;5.499156836459417;3.5503568851473246
-114.25;-110.3143;5.499156836459417;3.5503568851473246
-112.0625;-110.2857;5.499156836459417;3.5503568851473246
-111.6875;-109.2286;5.499156836459417;3.5503568851473246
-112.25;-109.8857;5.499156836459417;3.5503568851473246
-111.125;-110.8571;5.499156836459417;3.5503568851473246
-109.125;-109.5714;5.499156836459417;3.5503568851473246
-107.6875;-108.2857;5.499156836459417;3.5503568851473246
-106.9375;-109.2571;5.499156836459417;3.5503568851473246
-106.6875;-110.0571;5.499156836459417;3.5503568851473246
-106.75;-109.0;5.499156836459417;3.5503568851473246
-108.125;-107.2857;5.499156836459417;3.5503568851473246
-110.5625;-107.6571;5.499156836459417;3.5503568851473246
-111.25;-109.4286;5.499156836459417;3.5503568851473246
-110.9375;-108.2571;5.499156836459417;3.5503568851473246
-110.8125;-108.3429;5.499156836459417;3.5503568851473246
-109.9375;-107.4857;5.499156836459417;3.5503568851473246
-109.5;-108.2;5.499156836459417;3.5503568851473246
-109.5625;-106.9143;5.499156836459417;3.5503568851473246
-108.75;-106.8286;5.499156836459417;3.5503568851473246
-107.8125;-107.3714;5.499156836459417;3.5503568851473246
-108.5;-106.3429;5.499156836459417;3.5503568851473246
-108.875;-105.3143;5.499156836459417;3.5503568851473246
-107.375;-105.2286;5.499156836459417;3.5503568851473246
-106.4375;-105.6571;5.499156836459417;3.5503568851473246
-106.1875;-104.3143;5.499156836459417;3.5503568851473246
-105.8125;-104.6;5.499156836459417;3.5503568851473246
-106.1875;-105.0286;5.499156836459417;3.5503568851473246
-107.3125;-104.0571;5.499156836459417;3.5503568851473246
-108.375;-104.4;5.499156836459417;3.5503568851473246
-108.25;-104.6286;5.499156836459417;3.5503568851473246
-107.5;-103.8571;5.499156836459417;3.5503568851473246
-106.8125;-104.4571;5.499156836459417;3.5503568851473246
-105.625;-103.7143;5.499156836459417;3.5503568851473246
-104.9375;-103.6857;5.499156836459417;3.5503568851473246
-105.4375;-102.5429;5.499156836459417;3.5503568851473246
-106.375;-102.7429;5.499156836459417;3.5503568851473246
-107.375;-103.0571;5.499156836459417;3.5503568851473246
-108.1875;-102.4286;5.499156836459417;3.5503568851473246
-108.625;-102.9714;5.499156836459417;3.5503568851473246
-108.75;-103.1429;5.499156836459417;3.5503568851473246
-108.75;-102.5143;5.499156836459417;3.5503568851473246
-108.6875;-102.0857;5.499156836459417;3.5503568851473246
-108.8125;-101.2286;5.499156836459417;3.5503568851473246
-108.6875;-102.0857;5.499156836459417;3.5503568851473246
-107.5;-102.0;5.499156836459417;3.5503568851473246
-106.0625;-101.7143;5.499156836459417;3.5503568851473246
-105.3125;-101.0571;5.499156836459417;3.5503568851473246
-104.5;-100.4571;5.499156836459417;3.5503568851473246
-103.5;-100.1143;5.499156836459417;3.5503568851473246
-102.8125;-100.1143;5.499156836459417;3.5503568851473246
-103.0;-99.7143;5.499156836459417;3.5503568851473246
-103.75;-100.2286;5.499156836459417;3.5503568851473246
-103.5625;-99.0;5.499156836459417;3.5503568851473246
-102.875;-98.6;5.499156836459417;3.5503568851473246
-102.75;-99.2571;5.499156836459417;3.5503568851473246
-103.125;-99.5143;5.499156836459417;3.5503568851473246
-102.625;-97.8;5.499156836459417;3.5503568851473246
-100.875;-98.0571;5.499156836459417;3.5503568851473246
-100.125;-97.9143;5.499156836459417;3.5503568851473246
-100.6875;-97.0857;5.499156836459417;3.5503568851473246
-101.1875;-97.5714;5.499156836459417;3.5503568851473246
-102.0;-97.7714;5.499156836459417;3.5503568851473246
-102.75;-98.0286;5.499156836459417;3.5503568851473246
-101.6875;-97.2286;5.499156836459417;3.5503568851473246
-100.375;-97.1714;5.499156836459417;3.5503568851473246
-99.875;-97.4;5.499156836459417;3.5503568851473246
-99.3125;-97.1429;5.499156836459417;3.5503568851473246
-98.875;-96.9429;5.499156836459417;3.5503568851473246
-96.875;-96.0286;5.499156836459417;3.5503568851473246
-93.625;-95.4571;5.499156836459417;3.5503568851473246
-91.25;-95.1714;5.499156836459417;3.5503568851473246
-90.0625;-95.0;5.499156836459417;3.5503568851473246
-89.75;-95.8286;5.499156836459417;3.5503568851473246
-89.875;-96.3714;5.499156836459417;3.5503568851473246
-91.375;-95.3429;5.499156836459417;3.5503568851473246
-94.4375;-94.6286;5.499156836459417;3.5503568851473246
-97.0625;-95.1143;5.499156836459417;3.5503568851473246
-98.6875;-95.3714;5.499156836459417;3.5503568851473246
-98.9375;-95.0286;5.499156836459417;3.5503568851473246
-97.75;-94.5143;5.499156836459417;3.5503568851473246
-96.375;-94.4571;5.499156836459417;3.5503568851473246
-96.0625;-93.4286;5.499156836459417;3.5503568851473246
-96.75;-92.8571;5.499156836459417;3.5503568851473246
-97.375;-94.1143;5.499156836459417;3.5503568851473246
-97.125;-93.6;5.499156836459417;3.5503568851473246
-96.1875;-93.7143;5.499156836459417;3.5503568851473246
-95.9375;-92.9143;5.499156836459417;3.5503568851473246
-95.125;-92.7143;5.499156836459417;3.5503568851473246
-93.375;-92.6571;5.499156836459417;3.5503568851473246
-92.5;-92.9714;5.499156836459417;3.5503568851473246
-93.1875;-92.0857;5.499156836459417;3.5503568851473246
-94.375;-91.7143;5.499156836459417;3.5503568851473246
-94.8125;-91.0857;5.499156836459417;3.5503568851473246
-95.0625;-90.9143;5.499156836459417;3.5503568851473246
-95.5;-91.8857;5.499156836459417;3.5503568851473246
-94.4375;-91.6;5.499156836459417;3.5503568851473246
-93.625;-90.4857;5.499156836459417;3.5503568851473246
-95.125;-90.3143;5.499156836459417;3.5503568851473246
-95.9375;-90.7714;5.499156836459417;3.5503568851473246
-94.4375;-90.1714;5.499156836459417;3.5503568851473246
-92.8125;-90.0286;5.499156836459417;3.5503568851473246
-92.3125;-90.0571;5.499156836459417;3.5503568851473246
-92.4375;-89.8;5.499156836459417;3.5503568851473246
-92.6875;-90.2286;5.499156836459417;3.5503568851473246
-92.875;-90.7143;5.499156836459417;3.5503568851473246
-93.0;-89.4857;5.499156836459417;3.5503568851473246
-92.8125;-90.0286;5.499156836459417;3.5503568851473246
-92.375;-88.8;5.499156836459417;3.5503568851473246
-92.0625;-88.4286;5.499156836459417;3.5503568851473246
-92.125;-88.5143;5.499156836459417;3.5503568851473246
-93.0625;-90.0571;5.499156836459417;3.5503568851473246
-93.6875;-89.3714;5.499156836459417;3.5503568851473246
-92.4375;-88.4286;5.499156836459417;3.5503568851473246
-91.0;-88.8571;5.499156836459417;3.5503568851473246
-89.9375;-88.1429;5.499156836459417;3.5503568851473246
-88.75;-88.1714;5.499156836459417;3.5503568851473246
-88.6875;-87.3714;5.499156836459417;3.5503568851473246
-89.4375;-87.6;5.499156836459417;3.5503568851473246
-89.6875;-88.0857;5.499156836459417;3.5503568851473246
-89.125;-87.2857;5.499156836459417;3.5503568851473246
-88.5;-87.2571;5.499156836459417;3.5503568851473246
-88.875;-86.8571;5.499156836459417;3.5503568851473246
-89.875;-86.1143;5.499156836459417;3.5503568851473246
-90.3125;-85.5429;5.499156836459417;3.5503568851473246
-89.9375;-85.4571;5.499156836459417;3.5503568851473246
-89.5625;-85.9429;5.499156836459417;3.5503568851473246
-89.8125;-86.8857;5.499156836459417;3.5503568851473246
-89.5;-86.0;5.499156836459417;3.5503568851473246
-88.375;-86.2286;5.499156836459417;3.5503568851473246
-87.5;-85.8571;5.499156836459417;3.5503568851473246
-87.1875;-85.6;5.499156836459417;3.5503568851473246
-87.8125;-84.5143;5.499156836459417;3.5503568851473246
-88.8125;-85.3143;5.499156836459417;3.5503568851473246
-89.5;-85.6286;5.499156836459417;3.5503568851473246
-89.8125;-85.0;5.499156836459417;3.5503568851473246
-89.875;-84.4571;5.499156836459417;3.5503568851473246
-89.8125;-84.2286;5.499156836459417;3.5503568851473246
-89.75;-83.3429;5.499156836459417;3.5503568851473246
-89.625;-84.2857;5.499156836459417;3.5503568851473246
-89.75;-83.9714;5.499156836459417;3.5503568851473246
-90.0;-83.9143;5.499156836459417;3.5503568851473246
-89.625;-84.5429;5.499156836459417;3.5503568851473246
-88.9375;-83.6571;5.499156836459417;3.5503568851473246
-87.4375;-82.8;5.499156836459417;3.5503568851473246
-84.875;-83.0286;5.499156836459417;3.5503568851473246
-83.375;-82.5714;5.499156836459417;3.5503568851473246
-84.0625;-82.8;5.499156836459417;3.5503568851473246
-85.375;-82.8286;5.499156836459417;3.5503568851473246
-85.9375;-82.1143;5.499156836459417;3.5503568851473246
-85.75;-82.6;5.499156836459417;3.5503568851473246
-86.1875;-81.8857;5.499156836459417;3.5503568851473246
-87.1875;-82.1143;5.499156836459417;3.5503568851473246
-87.0625;-82.2;5.499156836459417;3.5503568851473246
-85.4375;-82.1714;5.499156836459417;3.5503568851473246
-84.125;-81.9714;5.499156836459417;3.5503568851473246
-84.0;-81.5143;5.499156836459417;3.5503568851473246
-84.0625;-80.7429;5.499156836459417;3.5503568851473246
-84.25;-81.3714;5.499156836459417;3.5503568851473246
-85.25;-81.3429;5.499156836459417;3.5503568851473246
-85.375;-81.0;5.499156836459417;3.5503568851473246
-84.0;-81.2571;5.499156836459417;3.5503568851473246
-82.9375;-80.8286;5.499156836459417;3.5503568851473246
-83.5;-80.2286;5.499156836459417;3.5503568851473246
-84.5625;-80.4286;5.499156836459417;3.5503568851473246
-84.5625;-79.7714;5.499156836459417;3.5503568851473246
-83.75;-79.4286;5.499156836459417;3.5503568851473246
-83.0625;-79.4857;5.499156836459417;3.5503568851473246
-82.625;-79.0;5.499156836459417;3.5503568851473246
-82.5;-79.0;5.499156836459417;3.5503568851473246
-82.5;-79.2;5.499156836459417;3.5503568851473246
-82.75;-79.5143;5.499156836459417;3.5503568851473246
-82.6875;-80.2571;5.499156836459417;3.5503568851473246
-82.0;-78.8857;5.499156836459417;3.5503568851473246
-81.8125;-78.4286;5.499156836459417;3.5503568851473246
-81.875;-78.6;5.499156836459417;3.5503568851473246
-81.625;-78.7714;5.499156836459417;3.5503568851473246
-81.875;-78.2;5.499156836459417;3.5503568851473246
-82.4375;-78.2286;5.499156836459417;3.5503568851473246
-82.5;-78.2286;5.499156836459417;3.5503568851473246
-82.1875;-77.9143;5.499156836459417;3.5503568851473246
-81.5625;-77.2571;5.499156836459417;3.5503568851473246
-81.3125;-77.4286;5.499156836459417;3.5503568851473246
-81.8125;-77.2286;5.499156836459417;3.5503568851473246
-81.625;-77.3143;5.499156836459417;3.5503568851473246
-80.3125;-77.5429;5.499156836459417;3.5503568851473246
-79.375;-77.4;5.499156836459417;3.5503568851473246
-78.5;-77.2286;5.499156836459417;3.5503568851473246
-78.5;-76.7714;5.499156836459417;3.5503568851473246
-79.625;-76.4;5.499156836459417;3.5503568851473246
-79.8125;-76.6286;5.499156836459417;3.5503568851473246
-79.1875;-77.4571;5.499156836459417;3.5503568851473246
-79.0;-75.9143;5.499156836459417;3.5503568851473246
-79.1875;-75.5714;5.499156836459417;3.5503568851473246
-79.375;-74.4;5.499156836459417;3.5503568851473246
-80.0625;-74.9429;5.499156836459417;3.5503568851473246
-80.25;-75.6857;5.499156836459417;3.5503568851473246
-78.75;-74.7429;5.499156836459417;3.5503568851473246
-76.5;-75.2857;5.499156836459417;3.5503568851473246
-74.875;-75.3429;5.499156836459417;3.5503568851473246
-74.0625;-76.0571;5.499156836459417;3.5503568851473246
-73.875;-74.7714;5.499156836459417;3.5503568851473246
-73.9375;-74.3143;5.499156836459417;3.5503568851473246
-74.8125;-74.0857;5.499156836459417;3.5503568851473246
-76.25;-74.2;5.499156836459417;3.5503568851473246
-76.5625;-73.8571;5.499156836459417;3.5503568851473246
-77.0;-73.2571;5.499156836459417;3.5503568851473246
-78.25;-73.4857;5.499156836459417;3.5503568851473246
-78.4375;-73.9143;5.499156836459417;3.5503568851473246
-77.0;-74.0;5.499156836459417;3.5503568851473246
-75.3125;-73.1143;5.499156836459417;3.5503568851473246
-75.3125;-73.1714;5.499156836459417;3.5503568851473246
-76.3125;-73.2;5.499156836459417;3.5503568851473246
-76.75;-73.2857;5.499156836459417;3.5503568851473246
-75.9375;-72.8;5.499156836459417;3.5503568851473246
-74.4375;-72.7714;5.499156836459417;3.5503568851473246
-73.9375;-72.8857;5.499156836459417;3.5503568851473246
-74.5625;-72.4571;5.499156836459417;3.5503568851473246
-74.5625;-71.5714;5.499156836459417;3.5503568851473246
-73.625;-71.5143;5.499156836459417;3.5503568851473246
-73.0;-71.7143;5.499156836459417;3.5503568851473246
-73.1875;-71.5714;5.499156836459417;3.5503568851473246
-73.625;-70.8;5.499156836459417;3.5503568851473246
-73.75;-71.0286;5.499156836459417;3.5503568851473246
-73.5625;-71.3143;5.499156836459417;3.5503568851473246
-73.4375;-70.8857;5.499156836459417;3.5503568851473246
-73.8125;-70.6286;5.499156836459417;3.5503568851473246
-74.4375;-71.1714;5.499156836459417;3.5503568851473246
-75.0625;-70.7429;5.499156836459417;3.5503568851473246
-76.0625;-69.9714;5.499156836459417;3.5503568851473246
-77.1875;-70.3143;5.499156836459417;3.5503568851473246
-77.9375;-70.6286;5.499156836459417;3.5503568851473246
-78.25;-70.2286;5.499156836459417;3.5503568851473246
-78.25;-69.0857;5.499156836459417;3.5503568851473246
-78.25;-70.0;5.499156836459417;3.5503568851473246
-77.75;-70.4;5.499156836459417;3.5503568851473246
-76.5;-69.1429;5.499156836459417;3.5503568851473246
-74.875;-68.9143;5.499156836459417;3.5503568851473246
-73.4375;-68.8286;5.499156836459417;3.5503568851473246
-72.375;-68.9714;5.499156836459417;3.5503568851473246
-71.5;-68.5714;5.499156836459417;3.5503568851473246
-71.1875;-68.9429;5.499156836459417;3.5503568851473246
-70.75;-68.8;5.499156836459417;3.5503568851473246
-70.0625;-67.6;5.499156836459417;3.5503568851473246
-70.125;-67.9429;5.499156836459417;3.5503568851473246
-70.5;-67.8571;5.499156836459417;3.5503568851473246
-70.9375;-67.6;5.499156836459417;3.5503568851473246
-71.625;-67.4571;5.499156836459417;3.5503568851473246
-71.1875;-67.8857;5.499156836459417;3.5503568851473246
-70.3125;-67.6;5.499156836459417;3.5503568851473246
-69.5625;-67.2857;5.499156836459417;3.5503568851473246
-68.6875;-67.1429;5.499156836459417;3.5503568851473246
-69.125;-67.9714;5.499156836459417;3.5503568851473246
-70.5625;-66.8571;5.499156836459417;3.5503568851473246
-71.25;-66.6286;5.499156836459417;3.5503568851473246
-71.125;-66.8857;5.499156836459417;3.5503568851473246
-70.3125;-67.1143;5.499156836459417;3.5503568851473246
-69.5;-66.4571;5.499156836459417;3.5503568851473246
-69.875;-66.2571;5.499156836459417;3.5503568851473246
-69.875;-66.1143;5.499156836459417;3.5503568851473246
-68.5625;-66.0286;5.499156836459417;3.5503568851473246
-66.9375;-66.4286;5.499156836459417;3.5503568851473246
-65.8125;-66.5429;5.499156836459417;3.5503568851473246
-65.3125;-65.6286;5.499156836459417;3.5503568851473246
-65.1875;-65.9143;5.499156836459417;3.5503568851473246
-65.25;-66.0857;5.499156836459417;3.5503568851473246
-65.375;-65.7143;5.499156836459417;3.5503568851473246
-66.0625;-65.7714;5.499156836459417;3.5503568851473246
-67.125;-66.3143;5.499156836459417;3.5503568851473246
-67.1875;-66.0571;5.499156836459417;3.5503568851473246
-66.875;-65.2286;5.499156836459417;3.5503568851473246
-67.0;-65.6571;5.499156836459417;3.5503568851473246
-67.0;-64.9429;5.499156836459417;3.5503568851473246
-66.9375;-64.3429;5.499156836459417;3.5503568851473246
-67.5625;-64.8;5.499156836459417;3.5503568851473246
-67.8125;-64.0857;5.499156836459417;3.5503568851473246
-67.6875;-63.6571;5.499156836459417;3.5503568851473246
-67.875;-63.9143;5.499156836459417;3.5503568851473246
-67.5625;-63.7714;5.499156836459417;3.5503568851473246
-67.125;-63.9143;5.499156836459417;3.5503568851473246
-67.3125;-64.2571;5.499156836459417;3.5503568851473246
-67.5625;-63.8857;5.499156836459417;3.5503568851473246
-67.125;-63.8286;5.499156836459417;3.5503568851473246
-66.6875;-64.0286;5.499156836459417;3.5503568851473246
-68.0;-64.0;5.499156836459417;3.5503568851473246
-69.1875;-63.4;5.499156836459417;3.5503568851473246
-68.6875;-63.2;5.499156836459417;3.5503568851473246
-68.0;-62.9143;5.499156836459417;3.5503568851473246
-66.875;-63.0857;5.499156836459417;3.5503568851473246
-65.9375;-63.1714;5.499156836459417;3.5503568851473246
-66.3125;-62.9429;5.499156836459417;3.5503568851473246
-66.75;-62.9429;5.499156836459417;3.5503568851473246
-66.6875;-63.0;5.499156836459417;3.5503568851473246
-66.3125;-62.4;5.499156836459417;3.5503568851473246
-65.9375;-62.8;5.499156836459417;3.5503568851473246
-65.6875;-62.9714;5.499156836459417;3.5503568851473246
-65.625;-62.1714;5.499156836459417;3.5503568851473246
-65.625;-61.7429;5.499156836459417;3.5503568851473246
-65.625;-62.0571;5.499156836459417;3.5503568851473246
-65.9375;-61.3143;5.499156836459417;3.5503568851473246
-66.5;-62.2286;5.499156836459417;3.5503568851473246
-66.5625;-61.8;5.499156836459417;3.5503568851473246
-66.0;-61.5714;5.499156836459417;3.5503568851473246
-65.0625;-62.0857;5.499156836459417;3.5503568851473246
-64.0;-61.3429;5.499156836459417;3.5503568851473246
-63.625;-61.3714;5.499156836459417;3.5503568851473246
-63.375;-61.3429;5.499156836459417;3.5503568851473246
-63.125;-60.4857;5.499156836459417;3.5503568851473246
-63.25;-60.5143;5.499156836459417;3.5503568851473246
-63.375;-60.8286;5.499156836459417;3.5503568851473246
-63.625;-60.0571;5.499156836459417;3.5503568851473246
-63.375;-60.6286;5.499156836459417;3.5503568851473246
-62.5;-60.1714;5.499156836459417;3.5503568851473246
-62.0625;-60.0286;5.499156836459417;3.5503568851473246
-62.0;-60.4;5.499156836459417;3.5503568851473246
-61.6875;-60.0;5.499156836459417;3.5503568851473246
-60.6875;-60.2;5.499156836459417;3.5503568851473246
-60.125;-60.0286;5.499156836459417;3.5503568851473246
-61.25;-59.6286;5.499156836459417;3.5503568851473246
-62.6875;-60.4286;5.499156836459417;3.5503568851473246
-62.9375;-59.7143;5.499156836459417;3.5503568851473246
-62.75;-59.6857;5.499156836459417;3.5503568851473246
-62.875;-59.6;5.499156836459417;3.5503568851473246
-62.9375;-58.7143;5.499156836459417;3.5503568851473246
-62.9375;-59.4857;5.499156836459417;3.5503568851473246
-62.125;-58.7429;5.499156836459417;3.5503568851473246
-60.75;-58.6857;5.499156836459417;3.5503568851473246
-59.625;-59.0571;5.499156836459417;3.5503568851473246
-59.0625;-58.7143;5.499156836459417;3.5503568851473246
-58.9375;-58.7714;5.499156836459417;3.5503568851473246
-58.9375;-58.7143;5.499156836459417;3.5503568851473246
-59.5;-58.2286;5.499156836459417;3.5503568851473246
-60.1875;-58.4857;5.499156836459417;3.5503568851473246
-60.1875;-58.3714;5.499156836459417;3.5503568851473246
-60.25;-58.2857;5.499156836459417;3.5503568851473246
-60.1875;-57.7714;5.499156836459417;3.5503568851473246
-59.8125;-57.3429;5.499156836459417;3.5503568851473246
-59.625;-57.8;5.499156836459417;3.5503568851473246
-59.5;-57.1429;5.499156836459417;3.5503568851473246
-59.625;-57.4;5.499156836459417;3.5503568851473246
-59.9375;-57.2571;5.499156836459417;3.5503568851473246
-60.0625;-57.0286;5.499156836459417;3.5503568851473246
-59.625;-57.3714;5.499156836459417;3.5503568851473246
-59.1875;-57.0;5.499156836459417;3.5503568851473246
-59.125;-56.7429;5.499156836459417;3.5503568851473246
-59.0625;-56.5714;5.499156836459417;3.5503568851473246
-59.0;-56.3714;5.499156836459417;3.5503568851473246
-58.875;-56.8;5.499156836459417;3.5503568851473246
-58.5;-56.3429;5.499156836459417;3.5503568851473246
-58.0625;-56.4571;5.499156836459417;3.5503568851473246
-57.5;-56.4;5.499156836459417;3.5503568851473246
-57.25;-56.2286;5.499156836459417;3.5503568851473246
-57.0625;-56.4286;5.499156836459417;3.5503568851473246
-56.75;-55.9714;5.499156836459417;3.5503568851473246
-57.4375;-56.0857;5.499156836459417;3.5503568851473246
-58.4375;-55.3714;5.499156836459417;3.5503568851473246
-58.5625;-55.4;5.499156836459417;3.5503568851473246
-58.8125;-55.0857;5.499156836459417;3.5503568851473246
-59.5;-54.9429;5.499156836459417;3.5503568851473246
-60.0625;-55.4;5.499156836459417;3.5503568851473246
-60.375;-54.9714;5.499156836459417;3.5503568851473246
-60.4375;-55.5143;5.499156836459417;3.5503568851473246
-60.4375;-54.8571;5.499156836459417;3.5503568851473246
-60.5;-55.0286;5.499156836459417;3.5503568851473246
-59.9375;-55.1429;5.499156836459417;3.5503568851473246
-58.4375;-54.5143;5.499156836459417;3.5503568851473246
-57.4375;-54.7429;5.499156836459417;3.5503568851473246
-57.3125;-54.5714;5.499156836459417;3.5503568851473246
-57.3125;-54.7714;5.499156836459417;3.5503568851473246
-57.25;-54.2571;5.499156836459417;3.5503568851473246
-56.9375;-54.3143;5.499156836459417;3.5503568851473246
-56.4375;-53.8;5.499156836459417;3.5503568851473246
-56.9375;-53.9429;5.499156836459417;3.5503568851473246
-57.5625;-53.8857;5.499156836459417;3.5503568851473246
-57.25;-53.6;5.499156836459417;3.5503568851473246
-56.8125;-53.6286;5.499156836459417;3.5503568851473246
-56.4375;-53.4286;5.499156836459417;3.5503568851473246
-56.125;-53.7143;5.499156836459417;3.5503568851473246
-56.1875;-53.3429;5.499156836459417;3.5503568851473246
-56.375;-53.0571;5.499156836459417;3.5503568851473246
-55.4375;-53.1143;5.499156836459417;3.5503568851473246
-54.125;-52.9714;5.499156836459417;3.5503568851473246
-53.875;-53.1429;5.499156836459417;3.5503568851473246
-54.4375;-53.1143;5.499156836459417;3.5503568851473246
-54.8125;-53.0286;5.499156836459417;3.5503568851473246
-55.0625;-52.6286;5.499156836459417;3.5503568851473246
-55.5625;-52.5429;5.499156836459417;3.5503568851473246
-55.875;-52.2857;5.499156836459417;3.5503568851473246
-55.875;-52.4;5.499156836459417;3.5503568851473246
-56.1875;-52.5143;5.499156836459417;3.5503568851473246
-56.5;-52.3143;5.499156836459417;3.5503568851473246
-56.75;-52.4857;5.499156836459417;3.5503568851473246
-56.875;-52.2286;5.499156836459417;3.5503568851473246
-56.875;-51.7714;5.499156836459417;3.5503568851473246
-56.875;-51.3714;5.499156836459417;3.5503568851473246
-56.0625;-51.8;5.499156836459417;3.5503568851473246
-53.9375;-51.2571;5.499156836459417;3.5503568851473246
-52.25;-51.3143;5.499156836459417;3.5503568851473246
-52.375;-51.3429;5.499156836459417;3.5503568851473246
-53.3125;-51.2;5.499156836459417;3.5503568851473246
-53.875;-51.1429;5.499156836459417;3.5503568851473246
-53.9375;-51.3714;5.499156836459417;3.5503568851473246
-53.125;-50.8;5.499156836459417;3.5503568851473246
-52.625;-50.8857;5.499156836459417;3.5503568851473246
-53.0625;-50.4286;5.499156836459417;3.5503568851473246
-52.75;-50.5143;5.499156836459417;3.5503568851473246
-51.75;-50.6286;5.499156836459417;3.5503568851473246
-51.3125;-50.2857;5.499156836459417;3.5503568851473246
-51.5;-50.5143;5.499156836459417;3.5503568851473246
-52.0625;-50.1143;5.499156836459417;3.5503568851473246
-52.6875;-50.2571;5.499156836459417;3.5503568851473246
-52.625;-50.1429;5.499156836459417;3.5503568851473246
-51.5625;-50.1143;5.499156836459417;3.5503568851473246
-50.5625;-49.6571;5.499156836459417;3.5503568851473246
-50.5625;-50.0286;5.499156836459417;3.5503568851473246
-51.0;-49.8857;5.499156836459417;3.5503568851473246
-51.8125;-49.6857;5.499156836459417;3.5503568851473246
-52.625;-49.4;5.499156836459417;3.5503568851473246
-52.25;-49.2;5.499156836459417;3.5503568851473246
-51.125;-48.9143;5.499156836459417;3.5503568851473246
-51.0;-48.9429;5.499156836459417;3.5503568851473246
-51.5;-49.1143;5.499156836459417;3.5503568851473246
-51.8125;-49.0286;5.499156836459417;3.5503568851473246
-51.9375;-48.8857;5.499156836459417;3.5503568851473246
-52.0;-49.0;5.499156836459417;3.5503568851473246
-51.9375;-48.5429;5.499156836459417;3.5503568851473246
-51.9375;-48.2;5.499156836459417;3.5503568851473246
-51.8125;-48.3429;5.499156836459417;3.5503568851473246
-51.3125;-48.5143;5.499156836459417;3.5503568851473246
-50.625;-48.5714;5.499156836459417;3.5503568851473246
-50.1875;-48.5143;5.499156836459417;3.5503568851473246
-49.9375;-48.3714;5.499156836459417;3.5503568851473246
-50.0;-48.0286;5.499156836459417;3.5503568851473246
-50.25;-47.9429;5.499156836459417;3.5503568851473246
-50.4375;-47.7714;5.499156836459417;3.5503568851473246
-50.9375;-47.6286;5.499156836459417;3.5503568851473246
-51.25;-47.6286;5.499156836459417;3.5503568851473246
-50.3125;-47.6571;5.499156836459417;3.5503568851473246
-49.1875;-47.5143;5.499156836459417;3.5503568851473246
-48.625;-47.6857;5.499156836459417;3.5503568851473246
-48.5;-47.5143;5.499156836459417;3.5503568851473246
-48.4375;-47.2286;5.499156836459417;3.5503568851473246
-48.5;-47.2857;5.499156836459417;3.5503568851473246
-48.5;-47.2571;5.499156836459417;3.5503568851473246
-48.5625;-47.0286;5.499156836459417;3.5503568851473246
-48.5;-46.8;5.499156836459417;3.5503568851473246
-48.375;-46.6857;5.499156836459417;3.5503568851473246
-48.5625;-46.7429;5.499156836459417;3.5503568851473246
-48.75;-46.6571;5.499156836459417;3.5503568851473246
-48.625;-46.4571;5.499156836459417;3.5503568851473246
-48.25;-46.1714;5.499156836459417;3.5503568851473246
-48.0;-46.1143;5.499156836459417;3.5503568851473246
-48.0;-46.2571;5.499156836459417;3.5503568851473246
-47.75;-45.9714;5.499156836459417;3.5503568851473246
-47.3125;-46.1143;5.499156836459417;3.5503568851473246
-47.0;-45.8286;5.499156836459417;3.5503568851473246
-46.8125;-45.9143;5.499156836459417;3.5503568851473246
-46.75;-45.7143;5.499156836459417;3.5503568851473246
-46.8125;-45.4857;5.499156836459417;3.5503568851473246
-47.125;-45.3429;5.499156836459417;3.5503568851473246
-47.375;-45.4;5.499156836459417;3.5503568851473246
-47.0625;-45.3143;5.499156836459417;3.5503568851473246
-46.75;-45.2857;5.499156836459417;3.5503568851473246
-47.125;-45.3143;5.499156836459417;3.5503568851473246
-47.5625;-45.3714;5.499156836459417;3.5503568851473246
-47.25;-45.1429;5.499156836459417;3.5503568851473246
-46.875;-45.1429;5.499156836459417;3.5503568851473246
-46.9375;-44.8571;5.499156836459417;3.5503568851473246
-46.875;-44.7143;5.499156836459417;3.5503568851473246
-46.75;-44.9429;5.499156836459417;3.5503568851473246
-46.875;-44.6857;5.499156836459417;3.5503568851473246
-46.8125;-44.3714;5.499156836459417;3.5503568851473246
-46.5;-44.3714;5.499156836459417;3.5503568851473246
-45.8125;-44.2;5.499156836459417;3.5503568851473246
-45.25;-44.1714;5.499156836459417;3.5503568851473246
-45.6875;-44.4286;5.499156836459417;3.5503568851473246
-46.4375;-44.0286;5.499156836459417;3.5503568851473246
-46.8125;-44.3143;5.499156836459417;3.5503568851473246
-46.5625;-44.1429;5.499156836459417;3.5503568851473246
-46.0625;-44.1429;5.499156836459417;3.5503568851473246
-45.6875;-43.7714;5.499156836459417;3.5503568851473246
-45.5;-43.7429;5.499156836459417;3.5503568851473246
-45.5625;-43.6;5.499156836459417;3.5503568851473246
-45.6875;-43.1429;5.499156836459417;3.5503568851473246
-45.3125;-43.2;5.499156836459417;3.5503568851473246
-45.3125;-43.0857;5.499156836459417;3.5503568851473246
-46.0625;-43.1143;5.499156836459417;3.5503568851473246
-46.6875;-42.9714;5.499156836459417;3.5503568851473246
-47.0625;-43.1714;5.499156836459417;3.5503568851473246
-47.1875;-43.0;5.499156836459417;3.5503568851473246
-47.1875;-42.9143;5.499156836459417;3.5503568851473246
-46.875;-42.7429;5.499156836459417;3.5503568851473246
-46.0625;-42.6286;5.499156836459417;3.5503568851473246
-45.4375;-42.5714;5.499156836459417;3.5503568851473246
-44.75;-42.4286;5.499156836459417;3.5503568851473246
-44.125;-42.5143;5.499156836459417;3.5503568851473246
-43.9375;-42.4857;5.499156836459417;3.5503568851473246
-43.3125;-42.3143;5.499156836459417;3.5503568851473246
-42.4375;-42.0571;5.499156836459417;3.5503568851473246
-42.4375;-42.1714;5.499156836459417;3.5503568851473246
-43.125;-41.9143;5.499156836459417;3.5503568851473246
-44.0625;-41.8;5.499156836459417;3.5503568851473246
-44.5625;-41.7714;5.499156836459417;3.5503568851473246
-44.5625;-41.7714;5.499156836459417;3.5503568851473246
-43.9375;-41.9714;5.499156836459417;3.5503568851473246
-43.0625;-41.6857;5.499156836459417;3.5503568851473246
-42.625;-41.6857;5.499156836459417;3.5503568851473246
-42.8125;-41.2857;5.499156836459417;3.5503568851473246
-43.5625;-41.3429;5.499156836459417;3.5503568851473246
-44.1875;-41.2857;5.499156836459417;3.5503568851473246
-43.9375;-41.2;5.499156836459417;3.5503568851473246
-42.9375;-41.1714;5.499156836459417;3.5503568851473246
-42.375;-41.1714;5.499156836459417;3.5503568851473246
-42.5;-41.0;5.499156836459417;3.5503568851473246
-42.5;-40.7143;5.499156836459417;3.5503568851473246
-42.625;-40.6571;5.499156836459417;3.5503568851473246
-42.75;-40.4286;5.499156836459417;3.5503568851473246
-42.5625;-40.4571;5.499156836459417;3.5503568851473246
-42.25;-40.4;5.499156836459417;3.5503568851473246
-41.9375;-40.3143;5.499156836459417;3.5503568851473246
-41.8125;-40.1143;5.499156836459417;3.5503568851473246
-41.8125;-40.1429;5.499156836459417;3.5503568851473246
-41.8125;-40.0571;5.499156836459417;3.5503568851473246
-41.875;-39.8857;5.499156836459417;3.5503568851473246
-41.9375;-40.0;5.499156836459417;3.5503568851473246
-41.9375;-40.2;5.499156836459417;3.5503568851473246
-42.3125;-40.0571;5.499156836459417;3.5503568851473246
-42.6875;-39.8;5.499156836459417;3.5503568851473246
-42.625;-39.7714;5.499156836459417;3.5503568851473246
-42.125;-39.6857;5.499156836459417;3.5503568851473246
-42.125;-39.5429;5.499156836459417;3.5503568851473246
-42.6875;-39.6857;5.499156836459417;3.5503568851473246
-42.5625;-39.5714;5.499156836459417;3.5503568851473246
-41.5625;-39.4857;5.499156836459417;3.5503568851473246
-40.875;-39.0571;5.499156836459417;3.5503568851473246
-40.5625;-38.9429;5.499156836459417;3.5503568851473246
-40.5;-39.0571;5.499156836459417;3.5503568851473246
-40.5;-38.8571;5.499156836459417;3.5503568851473246
-40.5625;-39.0;5.499156836459417;3.5503568851473246
-40.9375;-38.7429;5.499156836459417;3.5503568851473246
-41.3125;-38.7143;5.499156836459417;3.5503568851473246
-41.5625;-38.5714;5.499156836459417;3.5503568851473246
-41.875;-38.4286;5.499156836459417;3.5503568851473246
-42.0;-38.5429;5.499156836459417;3.5503568851473246
-41.375;-38.2286;5.499156836459417;3.5503568851473246
-40.25;-38.1429;5.499156836459417;3.5503568851473246
-39.625;-38.2286;5.499156836459417;3.5503568851473246
-39.375;-38.2571;5.499156836459417;3.5503568851473246
-39.0625;-38.1714;5.499156836459417;3.5503568851473246
-39.5;-37.8571;5.499156836459417;3.5503568851473246
-40.375;-37.8571;5.499156836459417;3.5503568851473246
-41.125;-37.8857;5.499156836459417;3.5503568851473246
-41.5;-37.6571;5.499156836459417;3.5503568851473246
-41.625;-37.5714;5.499156836459417;3.5503568851473246
-41.625;-37.4286;5.499156836459417;3.5503568851473246
-41.0625;-37.5143;5.499156836459417;3.5503568851473246
-39.75;-37.3714;5.499156836459417;3.5503568851473246
-38.6875;-37.3143;5.499156836459417;3.5503568851473246
-38.6875;-37.2571;5.499156836459417;3.5503568851473246
-39.125;-37.1714;5.499156836459417;3.5503568851473246
-39.125;-37.1714;5.499156836459417;3.5503568851473246
-39.375;-37.0571;5.499156836459417;3.5503568851473246
-39.8125;-36.8;5.499156836459417;3.5503568851473246
-39.4375;-36.6857;5.499156836459417;3.5503568851473246
-38.6875;-36.6857;5.499156836459417;3.5503568851473246
-38.0625;-36.6;5.499156836459417;3.5503568851473246
-37.25;-36.7143;5.499156836459417;3.5503568851473246
-36.375;-36.4857;5.499156836459417;3.5503568851473246
-36.6875;-36.6;5.499156836459417;3.5503568851473246
-38.0;-36.6857;5.499156836459417;3.5503568851473246
-38.9375;-36.4286;5.499156836459417;3.5503568851473246
-38.9375;-36.3714;5.499156836459417;3.5503568851473246
-38.25;-36.2;5.499156836459417;3.5503568851473246
-37.8125;-36.2571;5.499156836459417;3.5503568851473246
-37.375;-36.3429;5.499156836459417;3.5503568851473246
-36.6875;-36.2571;5.499156836459417;3.5503568851473246
-36.625;-36.1714;5.499156836459417;3.5503568851473246
-37.3125;-35.8857;5.499156836459417;3.5503568851473246
-38.0;-35.7429;5.499156836459417;3.5503568851473246
-38.5;-35.6857;5.499156836459417;3.5503568851473246
-38.375;-35.6571;5.499156836459417;3.5503568851473246
-37.4375;-35.7429;5.499156836459417;3.5503568851473246
-36.3125;-35.5143;5.499156836459417;3.5503568851473246
-35.5;-35.4286;5.499156836459417;3.5503568851473246
-35.1875;-35.1714;5.499156836459417;3.5503568851473246
-35.0625;-35.1714;5.499156836459417;3.5503568851473246
-35.125;-35.2286;5.499156836459417;3.5503568851473246
-35.125;-35.0571;5.499156836459417;3.5503568851473246
-34.9375;-35.0286;5.499156836459417;3.5503568851473246
-35.0;-35.0;5.499156836459417;3.5503568851473246
-35.9375;-34.8286;5.499156836459417;3.5503568851473246
-37.125;-34.7429;5.499156836459417;3.5503568851473246
-37.375;-34.6857;5.499156836459417;3.5503568851473246
-36.8125;-34.7429;5.499156836459417;3.5503568851473246
-36.0;-34.6571;5.499156836459417;3.5503568851473246
-35.1875;-34.5143;5.499156836459417;3.5503568851473246
-34.6875;-34.6;5.499156836459417;3.5503568851473246
-34.5;-34.3429;5.499156836459417;3.5503568851473246
-34.4375;-34.3143;5.499156836459417;3.5503568851473246
-34.8125;-34.0571;5.499156836459417;3.5503568851473246
-35.0;-33.9429;5.499156836459417;3.5503568851473246
-34.625;-34.0857;5.499156836459417;3.5503568851473246
-34.75;-33.9714;5.499156836459417;3.5503568851473246
-35.5625;-33.8286;5.499156836459417;3.5503568851473246
-35.5625;-34.1429;5.499156836459417;3.5503568851473246
-35.3125;-33.9143;5.499156836459417;3.5503568851473246
-35.5625;-33.7714;5.499156836459417;3.5503568851473246
-35.4375;-33.6857;5.499156836459417;3.5503568851473246
-34.8125;-33.5143;5.499156836459417;3.5503568851473246
-34.1875;-33.4571;5.499156836459417;3.5503568851473246
-34.125;-33.4;5.499156836459417;3.5503568851473246
-34.875;-33.3143;5.499156836459417;3.5503568851473246
-35.75;-33.3143;5.499156836459417;3.5503568851473246
-36.25;-33.2571;5.499156836459417;3.5503568851473246
-36.25;-33.0571;5.499156836459417;3.5503568851473246
-36.125;-32.9429;5.499156836459417;3.5503568851473246
-35.9375;-32.7429;5.499156836459417;3.5503568851473246
-35.875;-32.7143;5.499156836459417;3.5503568851473246
-35.8125;-32.6571;5.499156836459417;3.5503568851473246
-35.5625;-32.6857;5.499156836459417;3.5503568851473246
-34.6875;-32.5714;5.499156836459417;3.5503568851473246
-33.625;-32.5143;5.499156836459417;3.5503568851473246
-33.125;-32.4;5.499156836459417;3.5503568851473246
-33.5625;-32.3143;5.499156836459417;3.5503568851473246
-34.25;-32.2857;5.499156836459417;3.5503568851473246
-34.5625;-32.1714;5.499156836459417;3.5503568851473246
-34.6875;-32.1429;5.499156836459417;3.5503568851473246
-34.4375;-32.1143;5.499156836459417;3.5503568851473246
-33.5;-32.2;5.499156836459417;3.5503568851473246
-32.6875;-32.1143;5.499156836459417;3.5503568851473246
-32.5625;-31.9143;5.499156836459417;3.5503568851473246
-32.625;-31.8857;5.499156836459417;3.5503568851473246
-32.5625;-31.6857;5.499156836459417;3.5503568851473246
-32.375;-31.6857;5.499156836459417;3.5503568851473246
-32.1875;-31.6286;5.499156836459417;3.5503568851473246
-32.125;-31.6;5.499156836459417;3.5503568851473246
-32.0625;-31.4857;5.499156836459417;3.5503568851473246
-32.3125;-31.4286;5.499156836459417;3.5503568851473246
-32.625;-31.6;5.499156836459417;3.5503568851473246
-32.8125;-31.5143;5.499156836459417;3.5503568851473246
-32.8125;-31.3714;5.499156836459417;3.5503568851473246
-32.25;-31.3429;5.499156836459417;3.5503568851473246
-31.4375;-31.2571;5.499156836459417;3.5503568851473246
-31.1875;-31.0;5.499156836459417;3.5503568851473246
-31.5;-30.9143;5.499156836459417;3.5503568851473246
-32.0625;-30.7143;5.499156836459417;3.5503568851473246
-32.5625;-30.6286;5.499156836459417;3.5503568851473246
-32.875;-30.5714;5.499156836459417;3.5503568851473246
-32.9375;-30.4571;5.499156836459417;3.5503568851473246
-32.9375;-30.5714;5.499156836459417;3.5503568851473246
-32.875;-30.5714;5.499156836459417;3.5503568851473246
-32.625;-30.4857;5.499156836459417;3.5503568851473246
-31.875;-30.3714;5.499156836459417;3.5503568851473246
-31.125;-30.2857;5.499156836459417;3.5503568851473246
-31.0;-30.2;5.499156836459417;3.5503568851473246
-31.25;-30.2571;5.499156836459417;3.5503568851473246
-31.3125;-30.2571;5.499156836459417;3.5503568851473246
-30.9375;-30.1714;5.499156836459417;3.5503568851473246
-30.75;-30.0286;5.499156836459417;3.5503568851473246
-31.4375;-30.0571;5.499156836459417;3.5503568851473246
-32.5;-29.9143;5.499156836459417;3.5503568851473246
-32.5625;-30.0;5.499156836459417;3.5503568851473246
-31.4375;-29.8571;5.499156836459417;3.5503568851473246
-30.5625;-29.7714;5.499156836459417;3.5503568851473246
-30.0;-29.6571;5.499156836459417;3.5503568851473246
-29.625;-29.6;5.499156836459417;3.5503568851473246
-29.8125;-29.3429;5.499156836459417;3.5503568851473246
-30.25;-29.5143;5.499156836459417;3.5503568851473246
-30.4375;-29.4286;5.499156836459417;3.5503568851473246
-30.375;-29.0571;5.499156836459417;3.5503568851473246
-30.5;-29.0857;5.499156836459417;3.5503568851473246
-30.875;-29.0286;5.499156836459417;3.5503568851473246
-31.1875;-28.9143;5.499156836459417;3.5503568851473246
-31.0625;-28.8857;5.499156836459417;3.5503568851473246
-30.875;-28.7429;5.499156836459417;3.5503568851473246
-30.6875;-28.7143;5.499156836459417;3.5503568851473246
-30.25;-28.8571;5.499156836459417;3.5503568851473246
-30.0625;-28.7429;5.499156836459417;3.5503568851473246
-30.125;-28.7714;5.499156836459417;3.5503568851473246
-30.3125;-28.7429;5.499156836459417;3.5503568851473246
-30.4375;-28.6;5.499156836459417;3.5503568851473246
-30.5;-28.4571;5.499156836459417;3.5503568851473246
-30.5;-28.2857;5.499156836459417;3.5503568851473246
-30.375;-28.1714;5.499156836459417;3.5503568851473246
-30.0;-28.3429;5.499156836459417;3.5503568851473246
-29.4375;-28.1429;5.499156836459417;3.5503568851473246
-29.125;-28.0857;5.499156836459417;3.5503568851473246
-29.25;-28.0857;5.499156836459417;3.5503568851473246
-29.6875;-28.1714;5.499156836459417;3.5503568851473246
-29.6875;-27.9714;5.499156836459417;3.5503568851473246
-29.3125;-27.8857;5.499156836459417;3.5503568851473246
-29.25;-27.8;5.499156836459417;3.5503568851473246
-29.25;-27.8571;5.499156836459417;3.5503568851473246
-29.1875;-27.7429;5.499156836459417;3.5503568851473246
-29.0625;-27.5143;5.499156836459417;3.5503568851473246
-28.6875;-27.4571;5.499156836459417;3.5503568851473246
-28.1875;-27.4571;5.499156836459417;3.5503568851473246
-28.1875;-27.4857;5.499156836459417;3.5503568851473246
-28.75;-27.3429;5.499156836459417;3.5503568851473246
-29.0625;-27.4;5.499156836459417;3.5503568851473246
-28.5625;-27.3714;5.499156836459417;3.5503568851473246
-27.5;-27.2;5.499156836459417;3.5503568851473246
-27.0;-27.0571;5.499156836459417;3.5503568851473246
-26.8125;-27.0;5.499156836459417;3.5503568851473246
-26.875;-26.9714;5.499156836459417;3.5503568851473246
-27.375;-26.9429;5.499156836459417;3.5503568851473246
-27.75;-26.7714;5.499156836459417;3.5503568851473246
-27.9375;-26.4857;5.499156836459417;3.5503568851473246
-27.75;-26.5714;5.499156836459417;3.5503568851473246
-26.8125;-26.5429;5.499156836459417;3.5503568851473246
-25.5625;-26.5143;5.499156836459417;3.5503568851473246
-24.75;-26.6571;5.499156836459417;3.5503568851473246
-24.4375;-26.6571;5.499156836459417;3.5503568851473246
-24.3125;-26.5143;5.499156836459417;3.5503568851473246
-24.375;-26.3714;5.499156836459417;3.5503568851473246
-24.8125;-26.4571;5.499156836459417;3.5503568851473246
-25.875;-26.1429;5.499156836459417;3.5503568851473246
-26.9375;-26.0857;5.499156836459417;3.5503568851473246
-27.375;-26.1429;5.499156836459417;3.5503568851473246
-27.3125;-26.0857;5.499156836459417;3.5503568851473246
-27.5;-26.0571;5.499156836459417;3.5503568851473246
-28.0;-26.0571;5.499156836459417;3.5503568851473246
-27.875;-25.9429;5.499156836459417;3.5503568851473246
-27.0625;-25.8857;5.499156836459417;3.5503568851473246
-26.4375;-25.9143;5.499156836459417;3.5503568851473246
-26.3125;-25.8286;5.499156836459417;3.5503568851473246
-26.625;-25.7143;5.499156836459417;3.5503568851473246
-27.0;-25.5714;5.499156836459417;3.5503568851473246
-27.0;-25.4857;5.499156836459417;3.5503568851473246
-26.25;-25.3714;5.499156836459417;3.5503568851473246
-25.625;-25.3429;5.499156836459417;3.5503568851473246
-25.625;-25.4;5.499156836459417;3.5503568851473246
-26.0625;-25.3429;5.499156836459417;3.5503568851473246
-26.375;-25.1429;5.499156836459417;3.5503568851473246
-26.25;-25.1714;5.499156836459417;3.5503568851473246
-26.3125;-25.0857;5.499156836459417;3.5503568851473246
-26.25;-25.0286;5.499156836459417;3.5503568851473246
-25.75;-24.9714;5.499156836459417;3.5503568851473246
-25.75;-24.9429;5.499156836459417;3.5503568851473246
-26.25;-24.9143;5.499156836459417;3.5503568851473246
-26.25;-24.8286;5.499156836459417;3.5503568851473246
-25.5;-24.7429;5.499156836459417;3.5503568851473246
-24.5625;-24.6857;5.499156836459417;3.5503568851473246
-23.9375;-24.5714;5.499156836459417;3.5503568851473246
-23.6875;-24.4857;5.499156836459417;3.5503568851473246
-23.625;-24.4286;5.499156836459417;3.5503568851473246
-23.6875;-24.3714;5.499156836459417;3.5503568851473246
-24.125;-24.3714;5.499156836459417;3.5503568851473246
-24.8125;-24.3429;5.499156836459417;3.5503568851473246
-25.1875;-24.1714;5.499156836459417;3.5503568851473246
-25.4375;-24.1143;5.499156836459417;3.5503568851473246
-25.4375;-24.2286;5.499156836459417;3.5503568851473246
-24.875;-23.9714;5.499156836459417;3.5503568851473246
-24.5;-23.8857;5.499156836459417;3.5503568851473246
-24.375;-23.9429;5.499156836459417;3.5503568851473246
-24.0625;-23.7143;5.499156836459417;3.5503568851473246
-23.9375;-23.6286;5.499156836459417;3.5503568851473246
-24.125;-23.5429;5.499156836459417;3.5503568851473246
-23.9375;-23.5429;5.499156836459417;3.5503568851473246
-23.8125;-23.6571;5.499156836459417;3.5503568851473246
-23.9375;-23.6;5.499156836459417;3.5503568851473246
-23.8125;-23.6;5.499156836459417;3.5503568851473246
-23.625;-23.4;5.499156836459417;3.5503568851473246
-24.125;-23.3714;5.499156836459417;3.5503568851473246
-24.875;-23.4571;5.499156836459417;3.5503568851473246
-25.0;-23.4286;5.499156836459417;3.5503568851473246
-24.5;-23.2857;5.499156836459417;3.5503568851473246
-24.25;-23.2857;5.499156836459417;3.5503568851473246
-24.1875;-23.2571;5.499156836459417;3.5503568851473246
-24.3125;-23.1429;5.499156836459417;3.5503568851473246
-24.4375;-23.0571;5.499156836459417;3.5503568851473246
-24.125;-23.1143;5.499156836459417;3.5503568851473246
-23.625;-22.9429;5.499156836459417;3.5503568851473246
-23.8125;-22.8571;5.499156836459417;3.5503568851473246
-24.5;-22.6857;5.499156836459417;3.5503568851473246
-25.0625;-22.6857;5.499156836459417;3.5503568851473246
-25.375;-22.7143;5.499156836459417;3.5503568851473246
-25.5;-22.7143;5.499156836459417;3.5503568851473246
-25.5;-22.5714;5.499156836459417;3.5503568851473246
-25.1875;-22.4857;5.499156836459417;3.5503568851473246
-24.3125;-22.4857;5.499156836459417;3.5503568851473246
-23.4375;-22.4857;5.499156836459417;3.5503568851473246
-23.0;-22.2286;5.499156836459417;3.5503568851473246
-23.0625;-22.2;5.499156836459417;3.5503568851473246
-23.0;-22.2;5.499156836459417;3.5503568851473246
-22.5625;-22.2;5.499156836459417;3.5503568851473246
-22.125;-22.1429;5.499156836459417;3.5503568851473246
-22.125;-22.0571;5.499156836459417;3.5503568851473246
-22.375;-22.0571;5.499156836459417;3.5503568851473246
-22.5;-21.9429;5.499156836459417;3.5503568851473246
-22.5;-21.8286;5.499156836459417;3.5503568851473246
-22.3125;-21.8;5.499156836459417;3.5503568851473246
-22.125;-21.7143;5.499156836459417;3.5503568851473246
-22.3125;-21.6857;5.499156836459417;3.5503568851473246
-22.5;-21.6857;5.499156836459417;3.5503568851473246
-22.625;-21.6;5.499156836459417;3.5503568851473246
-22.625;-21.5429;5.499156836459417;3.5503568851473246
-22.5625;-21.5429;5.499156836459417;3.5503568851473246
-22.25;-21.5714;5.499156836459417;3.5503568851473246
-21.8125;-21.4;5.499156836459417;3.5503568851473246
-21.5625;-21.3429;5.499156836459417;3.5503568851473246
-21.5;-21.2286;5.499156836459417;3.5503568851473246
-21.5;-21.1143;5.499156836459417;3.5503568851473246
-21.5625;-21.1143;5.499156836459417;3.5503568851473246
-21.5;-21.0;5.499156836459417;3.5503568851473246
-20.875;-20.9143;5.499156836459417;3.5503568851473246
-20.0;-21.0857;5.499156836459417;3.5503568851473246
-19.375;-20.9143;5.499156836459417;3.5503568851473246
-19.0625;-20.8571;5.499156836459417;3.5503568851473246
-19.0;-20.7429;5.499156836459417;3.5503568851473246
-19.0625;-20.6857;5.499156836459417;3.5503568851473246
-19.25;-20.6;5.499156836459417;3.5503568851473246
-19.8125;-20.6286;5.499156836459417;3.5503568851473246
-20.5625;-20.5714;5.499156836459417;3.5503568851473246
-21.1875;-20.4286;5.499156836459417;3.5503568851473246
-21.125;-20.4286;5.499156836459417;3.5503568851473246
-20.6875;-20.3714;5.499156836459417;3.5503568851473246
-20.25;-20.2857;5.499156836459417;3.5503568851473246
-20.0;-20.2571;5.499156836459417;3.5503568851473246
-20.0625;-20.1429;5.499156836459417;3.5503568851473246
-20.0625;-19.9714;5.499156836459417;3.5503568851473246
-20.125;-19.9429;5.499156836459417;3.5503568851473246
-20.3125;-19.8286;5.499156836459417;3.5503568851473246
-20.375;-19.8;5.499156836459417;3.5503568851473246
-20.125;-19.7429;5.499156836459417;3.5503568851473246
-19.75;-19.8;5.499156836459417;3.5503568851473246
-19.75;-19.7429;5.499156836459417;3.5503568851473246
-20.375;-19.6571;5.499156836459417;3.5503568851473246
-21.0;-19.6286;5.499156836459417;3.5503568851473246
-21.0;-19.6286;5.499156836459417;3.5503568851473246
-20.6875;-19.5143;5.499156836459417;3.5503568851473246
-20.4375;-19.5143;5.499156836459417;3.5503568851473246
-20.375;-19.4857;5.499156836459417;3.5503568851473246
-20.1875;-19.4;5.499156836459417;3.5503568851473246
-19.8125;-19.3714;5.499156836459417;3.5503568851473246
-19.75;-19.2571;5.499156836459417;3.5503568851473246
-19.8125;-19.2;5.499156836459417;3.5503568851473246
-19.75;-19.1714;5.499156836459417;3.5503568851473246
-19.5625;-19.2;5.499156836459417;3.5503568851473246
-19.375;-19.0857;5.499156836459417;3.5503568851473246
-19.25;-19.0286;5.499156836459417;3.5503568851473246
-19.25;-18.8571;5.499156836459417;3.5503568851473246
-19.25;-18.8857;5.499156836459417;3.5503568851473246
-19.3125;-18.8;5.499156836459417;3.5503568851473246
-19.5625;-18.6571;5.499156836459417;3.5503568851473246
-19.8125;-18.5714;5.499156836459417;3.5503568851473246
-19.8125;-18.6571;5.499156836459417;3.5503568851473246
-19.75;-18.6286;5.499156836459417;3.5503568851473246
-19.5;-18.5429;5.499156836459417;3.5503568851473246
-19.375;-18.4286;5.499156836459417;3.5503568851473246
-19.625;-18.4286;5.499156836459417;3.5503568851473246
-19.5;-18.3714;5.499156836459417;3.5503568851473246
-18.8125;-18.2857;5.499156836459417;3.5503568851473246
-18.4375;-18.2571;5.499156836459417;3.5503568851473246
-18.3125;-18.1429;5.499156836459417;3.5503568851473246
-18.1875;-18.0571;5.499156836459417;3.5503568851473246
-18.0625;-18.0571;5.499156836459417;3.5503568851473246
-18.0625;-17.9714;5.499156836459417;3.5503568851473246
-18.5625;-18.0;5.499156836459417;3.5503568851473246
-19.4375;-17.9143;5.499156836459417;3.5503568851473246
-19.9375;-17.9429;5.499156836459417;3.5503568851473246
-19.75;-17.8571;5.499156836459417;3.5503568851473246
-19.125;-17.8571;5.499156836459417;3.5503568851473246
-18.5;-17.7714;5.499156836459417;3.5503568851473246
-17.9375;-17.7143;5.499156836459417;3.5503568851473246
-17.875;-17.5714;5.499156836459417;3.5503568851473246
-18.125;-17.4571;5.499156836459417;3.5503568851473246
-18.3125;-17.4286;5.499156836459417;3.5503568851473246
-17.9375;-17.3143;5.499156836459417;3.5503568851473246
-16.625;-17.2286;5.499156836459417;3.5503568851473246
-15.0625;-17.2571;5.499156836459417;3.5503568851473246
-14.0625;-17.1143;5.499156836459417;3.5503568851473246
-13.625;-17.0571;5.499156836459417;3.5503568851473246
-13.5;-17.0571;5.499156836459417;3.5503568851473246
-13.625;-17.0286;5.499156836459417;3.5503568851473246
-14.0625;-16.9714;5.499156836459417;3.5503568851473246
-15.3125;-16.9429;5.499156836459417;3.5503568851473246
-16.5625;-16.9429;5.499156836459417;3.5503568851473246
-17.3125;-16.8;5.499156836459417;3.5503568851473246
-17.5625;-16.7714;5.499156836459417;3.5503568851473246
-17.625;-16.6857;5.499156836459417;3.5503568851473246
-17.625;-16.6286;5.499156836459417;3.5503568851473246
-17.5;-16.6;5.499156836459417;3.5503568851473246
-17.125;-16.4286;5.499156836459417;3.5503568851473246
-16.6875;-16.3429;5.499156836459417;3.5503568851473246
-16.625;-16.3714;5.499156836459417;3.5503568851473246
-16.5625;-16.2286;5.499156836459417;3.5503568851473246
-16.25;-16.2286;5.499156836459417;3.5503568851473246
-16.25;-16.0857;5.499156836459417;3.5503568851473246
-16.5;-16.0571;5.499156836459417;3.5503568851473246
-16.4375;-15.9714;5.499156836459417;3.5503568851473246
-16.375;-15.8857;5.499156836459417;3.5503568851473246
-16.5625;-15.8571;5.499156836459417;3.5503568851473246
-16.8125;-15.8;5.499156836459417;3.5503568851473246
-16.5625;-15.6286;5.499156836459417;3.5503568851473246
-16.0;-15.6;5.499156836459417;3.5503568851473246
-15.625;-15.5429;5.499156836459417;3.5503568851473246
-15.375;-15.4571;5.499156836459417;3.5503568851473246
-15.125;-15.4571;5.499156836459417;3.5503568851473246
-14.875;-15.4571;5.499156836459417;3.5503568851473246
-15.0625;-15.5714;5.499156836459417;3.5503568851473246
-15.6875;-15.4857;5.499156836459417;3.5503568851473246
-16.125;-15.4571;5.499156836459417;3.5503568851473246
-16.4375;-15.3429;5.499156836459417;3.5503568851473246
-16.5;-15.3714;5.499156836459417;3.5503568851473246
-16.5;-15.2571;5.499156836459417;3.5503568851473246
-16.4375;-15.2571;5.499156836459417;3.5503568851473246
-16.3125;-15.2286;5.499156836459417;3.5503568851473246
-16.0;-15.1143;5.499156836459417;3.5503568851473246
-15.625;-15.0571;5.499156836459417;3.5503568851473246
-15.5;-14.9714;5.499156836459417;3.5503568851473246
-15.625;-15.0286;5.499156836459417;3.5503568851473246
-15.5625;-14.9714;5.499156836459417;3.5503568851473246
-15.625;-14.8857;5.499156836459417;3.5503568851473246
-15.75;-14.8571;5.499156836459417;3.5503568851473246
-15.625;-14.7714;5.499156836459417;3.5503568851473246
-15.375;-14.7714;5.499156836459417;3.5503568851473246
-15.1875;-14.7143;5.499156836459417;3.5503568851473246
-15.0625;-14.6;5.499156836459417;3.5503568851473246
-14.75;-14.5143;5.499156836459417;3.5503568851473246
-14.5;-14.4571;5.499156836459417;3.5503568851473246
-14.625;-14.4;5.499156836459417;3.5503568851473246
-14.5;-14.3429;5.499156836459417;3.5503568851473246
-14.125;-14.2286;5.499156836459417;3.5503568851473246
-13.875;-14.2;5.499156836459417;3.5503568851473246
-13.8125;-14.2571;5.499156836459417;3.5503568851473246
-13.875;-14.1714;5.499156836459417;3.5503568851473246
-13.8125;-14.1714;5.499156836459417;3.5503568851473246
-13.8125;-14.1714;5.499156836459417;3.5503568851473246
-13.875;-14.1143;5.499156836459417;3.5503568851473246
-13.875;-14.0571;5.499156836459417;3.5503568851473246
-14.125;-14.0286;5.499156836459417;3.5503568851473246
-14.4375;-13.9714;5.499156836459417;3.5503568851473246
-14.3125;-13.9429;5.499156836459417;3.5503568851473246
-14.0;-13.9143;5.499156836459417;3.5503568851473246
-13.75;-13.8571;5.499156836459417;3.5503568851473246
-13.5625;-13.8;5.499156836459417;3.5503568851473246
-13.5625;-13.8;5.499156836459417;3.5503568851473246
-13.5625;-13.6857;5.499156836459417;3.5503568851473246
-13.5625;-13.5714;5.499156836459417;3.5503568851473246
-13.75;-13.5714;5.499156836459417;3.5503568851473246
-14.0;-13.4571;5.499156836459417;3.5503568851473246
-14.0625;-13.4;5.499156836459417;3.5503568851473246
-13.8125;-13.3714;5.499156836459417;3.5503568851473246
-13.6875;-13.2857;5.499156836459417;3.5503568851473246
-13.875;-13.2286;5.499156836459417;3.5503568851473246
-13.9375;-13.2;5.499156836459417;3.5503568851473246
-13.625;-13.2;5.499156836459417;3.5503568851473246
-13.4375;-13.1714;5.499156836459417;3.5503568851473246
-13.125;-13.2;5.499156836459417;3.5503568851473246
-12.5625;-13.0571;5.499156836459417;3.5503568851473246
-12.3125;-13.1143;5.499156836459417;3.5503568851473246
-12.625;-13.0571;5.499156836459417;3.5503568851473246
-13.0625;-12.9714;5.499156836459417;3.5503568851473246
-13.1875;-12.9429;5.499156836459417;3.5503568851473246
-13.0;-12.8857;5.499156836459417;3.5503568851473246
-12.9375;-12.8;5.499156836459417;3.5503568851473246
-12.875;-12.7714;5.499156836459417;3.5503568851473246
-12.625;-12.6857;5.499156836459417;3.5503568851473246
-12.6875;-12.6286;5.499156836459417;3.5503568851473246
-12.875;-12.6;5.499156836459417;3.5503568851473246
-12.6875;-12.5143;5.499156836459417;3.5503568851473246
-12.3125;-12.4286;5.499156836459417;3.5503568851473246
-12.0625;-12.4286;5.499156836459417;3.5503568851473246
-12.1875;-12.3429;5.499156836459417;3.5503568851473246
-12.75;-12.2857;5.499156836459417;3.5503568851473246
-13.3125;-12.3143;5.499156836459417;3.5503568851473246
-13.6875;-12.2857;5.499156836459417;3.5503568851473246
-13.875;-12.2286;5.499156836459417;3.5503568851473246
-13.875;-12.2571;5.499156836459417;3.5503568851473246
-13.875;-12.2;5.499156836459417;3.5503568851473246
-13.5625;-12.1429;5.499156836459417;3.5503568851473246
-12.875;-12.0286;5.499156836459417;3.5503568851473246
-12.25;-12.0857;5.499156836459417;3.5503568851473246
-12.0625;-12.0;5.499156836459417;3.5503568851473246
-12.25;-11.9143;5.499156836459417;3.5503568851473246
-12.3125;-11.9143;5.499156836459417;3.5503568851473246
-12.0625;-11.8286;5.499156836459417;3.5503568851473246
-11.8125;-11.7714;5.499156836459417;3.5503568851473246
-11.6875;-11.7143;5.499156836459417;3.5503568851473246
-11.6875;-11.6857;5.499156836459417;3.5503568851473246
-11.75;-11.6286;5.499156836459417;3.5503568851473246
-12.0;-11.6;5.499156836459417;3.5503568851473246
-12.0625;-11.5714;5.499156836459417;3.5503568851473246
-12.125;-11.4857;5.499156836459417;3.5503568851473246
-12.4375;-11.5429;5.499156836459417;3.5503568851473246
-12.25;-11.5143;5.499156836459417;3.5503568851473246
-11.3125;-11.4;5.499156836459417;3.5503568851473246
-10.625;-11.3429;5.499156836459417;3.5503568851473246
-11.0;-11.2571;5.499156836459417;3.5503568851473246
-11.375;-11.2571;5.499156836459417;3.5503568851473246
-11.4375;-11.1429;5.499156836459417;3.5503568851473246
-11.75;-11.1429;5.499156836459417;3.5503568851473246
-11.9375;-11.0286;5.499156836459417;3.5503568851473246
-11.75;-11.0;5.499156836459417;3.5503568851473246
-11.5625;-10.9714;5.499156836459417;3.5503568851473246
-11.125;-10.8857;5.499156836459417;3.5503568851473246
-10.25;-10.8571;5.499156836459417;3.5503568851473246
-9.3125;-10.8286;5.499156836459417;3.5503568851473246
-8.75;-10.8571;5.499156836459417;3.5503568851473246
-8.5;-10.7714;5.499156836459417;3.5503568851473246
-8.5;-10.7429;5.499156836459417;3.5503568851473246
-8.5625;-10.7714;5.499156836459417;3.5503568851473246
-9.125;-10.7429;5.499156836459417;3.5503568851473246
-10.3125;-10.6286;5.499156836459417;3.5503568851473246
-11.1875;-10.6286;5.499156836459417;3.5503568851473246
-11.375;-10.5714;5.499156836459417;3.5503568851473246
-11.0625;-10.5143;5.499156836459417;3.5503568851473246
-10.8125;-10.4571;5.499156836459417;3.5503568851473246
-10.6875;-10.4;5.499156836459417;3.5503568851473246
-10.4375;-10.3714;5.499156836459417;3.5503568851473246
-9.9375;-10.3143;5.499156836459417;3.5503568851473246
-9.5;-10.2571;5.499156836459417;3.5503568851473246
-9.1875;-10.2857;5.499156836459417;3.5503568851473246
-9.3125;-10.2286;5.499156836459417;3.5503568851473246
-9.5;-10.1714;5.499156836459417;3.5503568851473246
-9.375;-10.0857;5.499156836459417;3.5503568851473246
-9.0;-10.0286;5.499156836459417;3.5503568851473246
-8.9375;-9.9714;5.499156836459417;3.5503568851473246
-8.75;-10.0;5.499156836459417;3.5503568851473246
-8.1875;-9.8857;5.499156836459417;3.5503568851473246
-8.0;-9.8571;5.499156836459417;3.5503568851473246
-8.5625;-9.8571;5.499156836459417;3.5503568851473246
-9.25;-9.7714;5.499156836459417;3.5503568851473246
-9.5625;-9.7714;5.499156836459417;3.5503568851473246
-9.375;-9.6857;5.499156836459417;3.5503568851473246
-9.0;-9.6857;5.499156836459417;3.5503568851473246
-9.0;-9.6;5.499156836459417;3.5503568851473246
-9.0;-9.4857;5.499156836459417;3.5503568851473246
-8.8125;-9.4;5.499156836459417;3.5503568851473246
-8.625;-9.3714;5.499156836459417;3.5503568851473246
-8.5;-9.3429;5.499156836459417;3.5503568851473246
-8.4375;-9.4;5.499156836459417;3.5503568851473246
-8.4375;-9.2571;5.499156836459417;3.5503568851473246
-8.4375;-9.2571;5.499156836459417;3.5503568851473246
-8.5;-9.1714;5.499156836459417;3.5503568851473246
-8.5625;-9.1714;5.499156836459417;3.5503568851473246
-8.625;-9.1143;5.499156836459417;3.5503568851473246
-8.8125;-9.1143;5.499156836459417;3.5503568851473246
-9.125;-9.0571;5.499156836459417;3.5503568851473246
-9.0625;-9.0;5.499156836459417;3.5503568851473246
-8.6875;-8.9714;5.499156836459417;3.5503568851473246
-8.375;-8.8857;5.499156836459417;3.5503568851473246
-8.25;-8.8571;5.499156836459417;3.5503568851473246
-8.25;-8.8286;5.499156836459417;3.5503568851473246
-8.25;-8.7714;5.499156836459417;3.5503568851473246
-8.25;-8.7429;5.499156836459417;3.5503568851473246
-8.0625;-8.7143;5.499156836459417;3.5503568851473246
-7.6875;-8.6857;5.499156836459417;3.5503568851473246
-7.5625;-8.6571;5.499156836459417;3.5503568851473246
-7.6875;-8.6;5.499156836459417;3.5503568851473246
-7.875;-8.5429;5.499156836459417;3.5503568851473246
-7.875;-8.5429;5.499156836459417;3.5503568851473246
-7.75;-8.4571;5.499156836459417;3.5503568851473246
-7.4375;-8.5429;5.499156836459417;3.5503568851473246
-7.3125;-8.4857;5.499156836459417;3.5503568851473246
-7.375;-8.4286;5.499156836459417;3.5503568851473246
-7.5;-8.3714;5.499156836459417;3.5503568851473246
-7.75;-8.2571;5.499156836459417;3.5503568851473246
-8.0;-8.2286;5.499156836459417;3.5503568851473246
-8.125;-8.2571;5.499156836459417;3.5503568851473246
-8.125;-8.2286;5.499156836459417;3.5503568851473246
-8.1875;-8.2;5.499156836459417;3.5503568851473246
-8.1875;-8.2;5.499156836459417;3.5503568851473246
-8.25;-8.1714;5.499156836459417;3.5503568851473246
-8.25;-8.0857;5.499156836459417;3.5503568851473246
-8.25;-8.0571;5.499156836459417;3.5503568851473246
-8.25;-8.0571;5.499156836459417;3.5503568851473246
-8.1875;-7.9143;5.499156836459417;3.5503568851473246
-7.9375;-7.8857;5.499156836459417;3.5503568851473246
-7.4375;-7.8571;5.499156836459417;3.5503568851473246
-7.0;-7.8;5.499156836459417;3.5503568851473246
-6.6875;-7.8;5.499156836459417;3.5503568851473246
-6.375;-7.7429;5.499156836459417;3.5503568851473246
-6.0;-7.7143;5.499156836459417;3.5503568851473246
-5.875;-7.6286;5.499156836459417;3.5503568851473246
-6.0625;-7.6571;5.499156836459417;3.5503568851473246
-6.375;-7.5714;5.499156836459417;3.5503568851473246
-6.5625;-7.5429;5.499156836459417;3.5503568851473246
-6.625;-7.4857;5.499156836459417;3.5503568851473246
-6.6875;-7.4857;5.499156836459417;3.5503568851473246
-6.75;-7.4;5.499156836459417;3.5503568851473246
-6.625;-7.3714;5.499156836459417;3.5503568851473246
-6.4375;-7.3714;5.499156836459417;3.5503568851473246
-6.4375;-7.2857;5.499156836459417;3.5503568851473246
-6.4375;-7.2286;5.499156836459417;3.5503568851473246
-6.4375;-7.2286;5.499156836459417;3.5503568851473246
-6.75;-7.1429;5.499156836459417;3.5503568851473246
-7.0;-7.1714;5.499156836459417;3.5503568851473246
-6.8125;-7.1143;5.499156836459417;3.5503568851473246
-6.3125;-7.0;5.499156836459417;3.5503568851473246
-6.125;-6.9714;5.499156836459417;3.5503568851473246
-6.0;-7.0;5.499156836459417;3.5503568851473246
-5.5625;-6.9429;5.499156836459417;3.5503568851473246
-5.125;-6.8571;5.499156836459417;3.5503568851473246
-4.8125;-6.8286;5.499156836459417;3.5503568851473246
-4.6875;-6.8;5.499156836459417;3.5503568851473246
-4.625;-6.7429;5.499156836459417;3.5503568851473246
-4.6875;-6.6571;5.499156836459417;3.5503568851473246
-4.8125;-6.6857;5.499156836459417;3.5503568851473246
-5.25;-6.6286;5.499156836459417;3.5503568851473246
-5.8125;-6.6;5.499156836459417;3.5503568851473246
-6.125;-6.6;5.499156836459417;3.5503568851473246
-6.0625;-6.4571;5.499156836459417;3.5503568851473246
-5.8125;-6.4286;5.499156836459417;3.5503568851473246
-5.6875;-6.4286;5.499156836459417;3.5503568851473246
-5.875;-6.4286;5.499156836459417;3.5503568851473246
-5.9375;-6.3714;5.499156836459417;3.5503568851473246
-5.5625;-6.3143;5.499156836459417;3.5503568851473246
-5.1875;-6.2857;5.499156836459417;3.5503568851473246
-5.0625;-6.2857;5.499156836459417;3.5503568851473246
-5.1875;-6.1714;5.499156836459417;3.5503568851473246
-5.3125;-6.2;5.499156836459417;3.5503568851473246
-5.375;-6.1143;5.499156836459417;3.5503568851473246
-5.4375;-6.0857;5.499156836459417;3.5503568851473246
-5.3125;-6.0571;5.499156836459417;3.5503568851473246
-4.9375;-6.0286;5.499156836459417;3.5503568851473246
-4.6875;-5.9429;5.499156836459417;3.5503568851473246
-4.625;-5.9143;5.499156836459417;3.5503568851473246
-4.625;-5.8857;5.499156836459417;3.5503568851473246
-4.625;-5.8571;5.499156836459417;3.5503568851473246
-4.375;-5.8286;5.499156836459417;3.5503568851473246
-4.0625;-5.8286;5.499156836459417;3.5503568851473246
-4.0625;-5.7714;5.499156836459417;3.5503568851473246
-4.5625;-5.7143;5.499156836459417;3.5503568851473246
-4.9375;-5.6857;5.499156836459417;3.5503568851473246
-5.125;-5.6286;5.499156836459417;3.5503568851473246
-5.125;-5.6286;5.499156836459417;3.5503568851473246
-5.0625;-5.5429;5.499156836459417;3.5503568851473246
-5.0;-5.5143;5.499156836459417;3.5503568851473246
-5.0;-5.4857;5.499156836459417;3.5503568851473246
-4.9375;-5.4571;5.499156836459417;3.5503568851473246
-4.9375;-5.4286;5.499156836459417;3.5503568851473246
-4.875;-5.4;5.499156836459417;3.5503568851473246
-4.625;-5.3143;5.499156836459417;3.5503568851473246
-4.3125;-5.3429;5.499156836459417;3.5503568851473246
-4.3125;-5.3429;5.499156836459417;3.5503568851473246
-4.1875;-5.2857;5.499156836459417;3.5503568851473246
-3.9375;-5.2;5.499156836459417;3.5503568851473246
-3.8125;-5.1143;5.499156836459417;3.5503568851473246
-3.8125;-5.1714;5.499156836459417;3.5503568851473246
-3.875;-5.0857;5.499156836459417;3.5503568851473246
-3.6875;-5.0571;5.499156836459417;3.5503568851473246
-3.375;-5.0571;5.499156836459417;3.5503568851473246
-3.1875;-5.0571;5.499156836459417;3.5503568851473246
-3.1875;-4.9714;5.499156836459417;3.5503568851473246
-3.1875;-4.9429;5.499156836459417;3.5503568851473246
-3.25;-4.9143;5.499156836459417;3.5503568851473246
-3.3125;-4.8857;5.499156836459417;3.5503568851473246
-3.5;-4.8571;5.499156836459417;3.5503568851473246
-3.625;-4.7714;5.499156836459417;3.5503568851473246
-3.375;-4.7143;5.499156836459417;3.5503568851473246
-3.0625;-4.7143;5.499156836459417;3.5503568851473246
-2.625;-4.6857;5.499156836459417;3.5503568851473246
-1.875;-4.6571;5.499156836459417;3.5503568851473246
-1.6875;-4.6857;5.499156836459417;3.5503568851473246
-2.375;-4.5714;5.499156836459417;3.5503568851473246
-3.0;-4.5143;5.499156836459417;3.5503568851473246
-3.375;-4.4857;5.499156836459417;3.5503568851473246
-3.5;-4.4857;5.499156836459417;3.5503568851473246
-3.4375;-4.4286;5.499156836459417;3.5503568851473246
-3.4375;-4.4286;5.499156836459417;3.5503568851473246
-3.375;-4.3429;5.499156836459417;3.5503568851473246
-3.3125;-4.3429;5.499156836459417;3.5503568851473246
-3.25;-4.3143;5.499156836459417;3.5503568851473246
-3.3125;-4.2286;5.499156836459417;3.5503568851473246
-3.375;-4.2571;5.499156836459417;3.5503568851473246
-3.375;-4.2286;5.499156836459417;3.5503568851473246
-3.25;-4.2;5.499156836459417;3.5503568851473246
-2.75;-4.2;5.499156836459417;3.5503568851473246
-2.0;-4.1429;5.499156836459417;3.5503568851473246
-1.0625;-4.1143;5.499156836459417;3.5503568851473246
-0.3125;-4.0857;5.499156836459417;3.5503568851473246
-0.125;-4.0286;5.499156836459417;3.5503568851473246
-0.75;-4.0286;5.499156836459417;3.5503568851473246
-1.5625;-3.9143;5.499156836459417;3.5503568851473246
-1.875;-3.9429;5.499156836459417;3.5503568851473246
-1.875;-3.8571;5.499156836459417;3.5503568851473246
-2.0625;-3.8571;5.499156836459417;3.5503568851473246
-2.5;-3.8286;5.499156836459417;3.5503568851473246
-2.9375;-3.8286;5.499156836459417;3.5503568851473246
-3.1875;-3.7714;5.499156836459417;3.5503568851473246
-3.25;-3.7429;5.499156836459417;3.5503568851473246
-2.9375;-3.6571;5.499156836459417;3.5503568851473246
-2.0;-3.6286;5.499156836459417;3.5503568851473246
-0.9375;-3.6286;5.499156836459417;3.5503568851473246
-0.25;-3.5714;5.499156836459417;3.5503568851473246
0.0;-3.5143;5.499156836459417;3.5503568851473246
0.0625;-3.5714;5.499156836459417;3.5503568851473246
0.0625;-3.5143;5.499156836459417;3.5503568851473246
0.0;-3.5143;5.499156836459417;3.5503568851473246
0.0;-3.4286;5.499156836459417;3.5503568851473246
0.0;-3.3714;5.499156836459417;3.5503568851473246
0.0;-3.3143;5.499156836459417;3.5503568851473246
-0.1875;-3.2571;5.499156836459417;3.5503568851473246
-0.5625;-3.2;5.499156836459417;3.5503568851473246
-0.9375;-3.1714;5.499156836459417;3.5503568851473246
-1.125;-3.1429;5.499156836459417;3.5503568851473246
-0.375;-3.0286;5.499156836459417;3.5503568851473246
0.625;-3.0571;5.499156836459417;3.5503568851473246
0.5625;-2.9714;5.499156836459417;3.5503568851473246
-0.375;-2.9143;5.499156836459417;3.5503568851473246
-0.9375;-2.7714;5.499156836459417;3.5503568851473246
-0.75;-2.7143;5.499156836459417;3.5503568851473246
-0.5;-2.5714;5.499156836459417;3.5503568851473246
-0.5;-2.4571;5.499156836459417;3.5503568851473246
-0.375;-2.2571;5.499156836459417;3.5503568851473246
-0.1875;-2.1429;5.499156836459417;3.5503568851473246
-0.0625;-1.8571;5.499156836459417;3.5503568851473246
0.25;-1.7143;5.499156836459417;3.5503568851473246
0.9375;-1.5143;5.499156836459417;3.5503568851473246
1.4375;-1.0571;5.499156836459417;3.5503568851473246
1.625;-0.7714;5.499156836459417;3.5503568851473246
2.0;-0.3429;5.499156836459417;3.5503568851473246
2.3125;0.1429;5.499156836459417;3.5503568851473246
2.6875;0.6;5.499156836459417;3.5503568851473246
3.125;1.0286;5.499156836459417;3.5503568851473246
3.5;1.5429;5.499156836459417;3.5503568851473246
3.6875;2.0571;5.499156836459417;3.5503568851473246
3.6875;2.4;5.499156836459417;3.5503568851473246
3.75;2.9143;5.499156836459417;3.5503568851473246
3.9375;3.4857;5.499156836459417;3.5503568851473246
4.0;3.9429;5.499156836459417;3.5503568851473246
4.0;4.4571;5.499156836459417;3.5503568851473246
4.0;4.9143;5.499156836459417;3.5503568851473246
4.0;5.5143;5.499156836459417;3.5503568851473246
4.0;6.1143;5.499156836459417;3.5503568851473246
3.9375;6.7143;5.499156836459417;3.5503568851473246
4.0;7.3714;5.499156836459417;3.5503568851473246
4.8125;8.1143;5.499156836459417;3.5503568851473246
6.25;8.8286;5.499156836459417;3.5503568851473246
7.6875;9.6;5.499156836459417;3.5503568851473246
9.0;10.3429;5.499156836459417;3.5503568851473246
9.9375;11.1143;5.499156836459417;3.5503568851473246
10.75;11.8857;5.499156836459417;3.5503568851473246
11.375;12.6571;5.499156836459417;3.5503568851473246
12.0;13.4857;5.499156836459417;3.5503568851473246
12.75;14.2571;5.499156836459417;3.5503568851473246
13.625;15.0571;5.499156836459417;3.5503568851473246
14.5;15.9143;5.499156836459417;3.5503568851473246
15.375;16.6571;5.499156836459417;3.5503568851473246
16.1875;17.4857;5.499156836459417;3.5503568851473246
16.9375;18.1714;5.499156836459417;3.5503568851473246
17.8125;19.0286;5.499156836459417;3.5503568851473246
18.6875;19.7714;5.499156836459417;3.5503568851473246
19.5;20.7714;5.499156836459417;3.5503568851473246
20.1875;21.5714;5.499156836459417;3.5503568851473246
20.8125;22.2571;5.499156836459417;3.5503568851473246
21.5625;23.1429;5.499156836459417;3.5503568851473246
22.5;24.0;5.499156836459417;3.5503568851473246
23.5;24.8;5.499156836459417;3.5503568851473246
24.375;25.5143;5.499156836459417;3.5503568851473246
25.3125;26.2286;5.499156836459417;3.5503568851473246
26.0625;26.9429;5.499156836459417;3.5503568851473246
26.5;27.7143;5.499156836459417;3.5503568851473246
26.6875;28.3714;5.499156836459417;3.5503568851473246
26.75;29.0857;5.499156836459417;3.5503568851473246
26.6875;29.8;5.499156836459417;3.5503568851473246
26.625;30.4;5.499156836459417;3.5503568851473246
26.6875;31.2;5.499156836459417;3.5503568851473246
27.5;32.0;5.499156836459417;3.5503568851473246
29.4375;32.4286;5.499156836459417;3.5503568851473246
31.625;33.2;5.499156836459417;3.5503568851473246
33.3125;33.8857;5.499156836459417;3.5503568851473246
34.5625;34.6;5.499156836459417;3.5503568851473246
35.375;35.3429;5.499156836459417;3.5503568851473246
36.0;35.9429;5.499156836459417;3.5503568851473246
36.625;36.5714;5.499156836459417;3.5503568851473246
37.1875;37.4571;5.499156836459417;3.5503568851473246
37.8125;38.3143;5.499156836459417;3.5503568851473246
38.5;38.6857;5.499156836459417;3.5503568851473246
39.125;39.5143;5.499156836459417;3.5503568851473246
39.875;40.3143;5.499156836459417;3.5503568851473246
40.75;40.8857;5.499156836459417;3.5503568851473246
41.625;41.6;5.499156836459417;3.5503568851473246
42.4375;41.9143;5.499156836459417;3.5503568851473246
43.1875;42.6857;5.499156836459417;3.5503568851473246
43.8125;43.5714;5.499156836459417;3.5503568851473246
44.375;44.4;5.499156836459417;3.5503568851473246
45.0625;44.6571;5.499156836459417;3.5503568851473246
45.8125;45.3429;5.499156836459417;3.5503568851473246
46.5;46.0571;5.499156836459417;3.5503568851473246
47.1875;46.9143;5.499156836459417;3.5503568851473246
48.0625;47.1143;5.499156836459417;3.5503568851473246
48.875;48.3143;5.499156836459417;3.5503568851473246
49.1875;48.5143;5.499156836459417;3.5503568851473246
49.0625;48.9714;5.499156836459417;3.5503568851473246
48.875;49.7714;5.499156836459417;3.5503568851473246
48.6875;50.4;5.499156836459417;3.5503568851473246
48.5625;51.3143;5.499156836459417;3.5503568851473246
48.5625;51.5429;5.499156836459417;3.5503568851473246
48.875;51.5714;5.499156836459417;3.5503568851473246
50.0625;51.8857;5.499156836459417;3.5503568851473246
51.8125;53.0857;5.499156836459417;3.5503568851473246
53.6875;53.6571;5.499156836459417;3.5503568851473246
55.1875;54.1429;5.499156836459417;3.5503568851473246
56.1875;54.7429;5.499156836459417;3.5503568851473246
56.9375;55.0286;5.499156836459417;3.5503568851473246
57.5625;56.1143;5.499156836459417;3.5503568851473246
58.0625;56.0286;5.499156836459417;3.5503568851473246
58.5;56.1714;5.499156836459417;3.5503568851473246
58.9375;56.1429;5.499156836459417;3.5503568851473246
59.4375;56.9429;5.499156836459417;3.5503568851473246
59.6875;58.1143;5.499156836459417;3.5503568851473246
59.9375;59.0;5.499156836459417;3.5503568851473246
60.6875;59.8286;5.499156836459417;3.5503568851473246
61.8125;59.7714;5.499156836459417;3.5503568851473246
62.8125;59.7143;5.499156836459417;3.5503568851473246
63.3125;60.2857;5.499156836459417;3.5503568851473246
63.8125;61.6571;5.499156836459417;3.5503568851473246
64.1875;62.2286;5.499156836459417;3.5503568851473246
64.375;62.8857;5.499156836459417;3.5503568851473246
65.125;63.7143;5.499156836459417;3.5503568851473246
66.5;64.2;5.499156836459417;3.5503568851473246
67.4375;64.8;5.499156836459417;3.5503568851473246
68.0625;64.3143;5.499156836459417;3.5503568851473246
68.625;65.5143;5.499156836459417;3.5503568851473246
68.875;65.6286;5.499156836459417;3.5503568851473246
68.75;66.8286;5.499156836459417;3.5503568851473246
68.5;67.3143;5.499156836459417;3.5503568851473246
68.3125;67.7429;5.499156836459417;3.5503568851473246
68.25;68.4571;5.499156836459417;3.5503568851473246
68.25;68.6;5.499156836459417;3.5503568851473246
68.5625;68.9714;5.499156836459417;3.5503568851473246
69.75;68.9429;5.499156836459417;3.5503568851473246
71.5625;69.4286;5.499156836459417;3.5503568851473246
73.125;69.8286;5.499156836459417;3.5503568851473246
74.25;71.0571;5.499156836459417;3.5503568851473246
75.125;70.7714;5.499156836459417;3.5503568851473246
75.5;71.8571;5.499156836459417;3.5503568851473246
75.75;71.6571;5.499156836459417;3.5503568851473246
76.6875;72.4857;5.499156836459417;3.5503568851473246
77.6875;73.7143;5.499156836459417;3.5503568851473246
78.1875;74.4571;5.499156836459417;3.5503568851473246
78.875;74.5429;5.499156836459417;3.5503568851473246
79.5625;74.6857;5.499156836459417;3.5503568851473246
79.9375;75.7429;5.499156836459417;3.5503568851473246
80.5625;76.0;5.499156836459417;3.5503568851473246
81.9375;76.8;5.499156836459417;3.5503568851473246
83.5;77.1143;5.499156836459417;3.5503568851473246
84.5;76.1714;5.499156836459417;3.5503568851473246
84.6875;75.9143;5.499156836459417;3.5503568851473246
84.5625;77.1429;5.499156836459417;3.5503568851473246
84.375;78.3714;5.499156836459417;3.5503568851473246
83.9375;78.0857;5.499156836459417;3.5503568851473246
84.5625;78.2857;5.499156836459417;3.5503568851473246
85.9375;78.9429;5.499156836459417;3.5503568851473246
86.75;78.8286;5.499156836459417;3.5503568851473246
87.1875;78.4571;5.499156836459417;3.5503568851473246
87.5;78.8857;5.499156836459417;3.5503568851473246
87.4375;78.9429;5.499156836459417;3.5503568851473246
87.3125;79.6286;5.499156836459417;3.5503568851473246
87.1875;80.5429;5.499156836459417;3.5503568851473246
87.1875;81.4571;5.499156836459417;3.5503568851473246
87.125;81.2857;5.499156836459417;3.5503568851473246
87.25;83.0;5.499156836459417;3.5503568851473246
88.125;82.6286;5.499156836459417;3.5503568851473246
90.0625;82.6857;5.499156836459417;3.5503568851473246
92.0;84.2571;5.499156836459417;3.5503568851473246
93.5625;84.6857;5.499156836459417;3.5503568851473246
94.6875;84.4857;5.499156836459417;3.5503568851473246
95.375;84.1714;5.499156836459417;3.5503568851473246
96.0625;83.5429;5.499156836459417;3.5503568851473246
96.4375;84.8857;5.499156836459417;3.5503568851473246
96.3125;83.0286;5.499156836459417;3.5503568851473246
96.3125;85.4286;5.499156836459417;3.5503568851473246
96.75;87.0286;5.499156836459417;3.5503568851473246
97.125;87.9143;5.499156836459417;3.5503568851473246
98.125;88.1714;5.499156836459417;3.5503568851473246
99.6875;88.9714;5.499156836459417;3.5503568851473246
100.125;89.3714;5.499156836459417;3.5503568851473246
100.0;89.9429;5.499156836459417;3.5503568851473246
100.125;89.0857;5.499156836459417;3.5503568851473246
100.875;91.0571;5.499156836459417;3.5503568851473246
101.875;92.8286;5.499156836459417;3.5503568851473246
102.375;92.4;5.499156836459417;3.5503568851473246
102.75;92.5714;5.499156836459417;3.5503568851473246
102.9375;92.6571;5.499156836459417;3.5503568851473246
103.1875;91.7429;5.499156836459417;3.5503568851473246
103.75;90.3143;5.499156836459417;3.5503568851473246
104.4375;90.3714;5.499156836459417;3.5503568851473246
104.875;91.9429;5.499156836459417;3.5503568851473246
105.25;94.2;5.499156836459417;3.5503568851473246
105.375;94.0857;5.499156836459417;3.5503568851473246
105.4375;93.8857;5.499156836459417;3.5503568851473246
105.375;93.1429;5.499156836459417;3.5503568851473246
105.375;94.0286;5.499156836459417;3.5503568851473246
105.0625;93.0857;5.499156836459417;3.5503568851473246
104.6875;94.5714;5.499156836459417;3.5503568851473246
104.875;95.8286;5.499156836459417;3.5503568851473246
105.8125;96.2857;5.499156836459417;3.5503568851473246
107.375;96.2571;5.499156836459417;3.5503568851473246
109.125;95.6857;5.499156836459417;3.5503568851473246
110.5625;95.8857;5.499156836459417;3.5503568851473246
111.125;96.6571;5.499156836459417;3.5503568851473246
110.625;96.1143;5.499156836459417;3.5503568851473246
110.0625;98.6286;5.499156836459417;3.5503568851473246
110.0625;98.6;5.499156836459417;3.5503568851473246
110.5;99.6;5.499156836459417;3.5503568851473246
111.5;98.4;5.499156836459417;3.5503568851473246
112.625;99.6857;5.499156836459417;3.5503568851473246
113.25;101.1429;5.499156836459417;3.5503568851473246
113.875;99.1143;5.499156836459417;3.5503568851473246
114.375;102.4286;5.499156836459417;3.5503568851473246
114.4375;100.7714;5.499156836459417;3.5503568851473246
114.875;101.3714;5.499156836459417;3.5503568851473246
115.4375;103.8;5.499156836459417;3.5503568851473246
115.3125;102.2857;5.499156836459417;3.5503568851473246
114.875;104.6;5.499156836459417;3.5503568851473246
114.8125;101.9143;5.499156836459417;3.5503568851473246
115.1875;102.9714;5.499156836459417;3.5503568851473246
116.1875;102.5714;5.499156836459417;3.5503568851473246
116.625;102.2571;5.499156836459417;3.5503568851473246
115.0;105.1429;5.499156836459417;3.5503568851473246
112.4375;105.0571;5.499156836459417;3.5503568851473246
110.5625;107.3143;5.499156836459417;3.5503568851473246
109.6875;106.8857;5.499156836459417;3.5503568851473246
109.4375;106.3143;5.499156836459417;3.5503568851473246
109.5;105.5714;5.499156836459417;3.5503568851473246
110.6875;106.1429;5.499156836459417;3.5503568851473246
113.75;106.2;5.499156836459417;3.5503568851473246
117.25;106.7143;5.499156836459417;3.5503568851473246
119.8125;108.9143;5.499156836459417;3.5503568851473246
121.375;107.7714;5.499156836459417;3.5503568851473246
122.125;109.6857;5.499156836459417;3.5503568851473246
122.4375;108.1429;5.499156836459417;3.5503568851473246
122.75;109.3143;5.499156836459417;3.5503568851473246
123.0;109.9429;5.499156836459417;3.5503568851473246
123.3125;110.2571;5.499156836459417;3.5503568851473246
123.6875;111.0571;5.499156836459417;3.5503568851473246
123.5625;113.0857;5.499156836459417;3.5503568851473246
123.6875;111.3429;5.499156836459417;3.5503568851473246
124.125;112.8;5.499156836459417;3.5503568851473246
124.25;111.5143;5.499156836459417;3.5503568851473246
124.3125;111.5429;5.499156836459417;3.5503568851473246
124.75;112.4571;5.499156836459417;3.5503568851473246
125.625;112.4857;5.499156836459417;3.5503568851473246
127.1875;113.0857;5.499156836459417;3.5503568851473246
128.3125;113.2571;5.499156836459417;3.5503568851473246
127.8125;114.1429;5.499156836459417;3.5503568851473246
126.75;113.6857;5.499156836459417;3.5503568851473246
126.375;113.5143;5.499156836459417;3.5503568851473246
126.5;113.8286;5.499156836459417;3.5503568851473246
126.5625;113.0;5.499156836459417;3.5503568851473246
126.8125;115.0;5.499156836459417;3.5503568851473246
127.5;114.5143;5.499156836459417;3.5503568851473246
128.1875;114.8;5.499156836459417;3.5503568851473246
128.625;115.0571;5.499156836459417;3.5503568851473246
128.8125;115.6571;5.499156836459417;3.5503568851473246
128.8125;117.2857;5.499156836459417;3.5503568851473246
128.8125;115.2571;5.499156836459417;3.5503568851473246
128.625;117.0286;5.499156836459417;3.5503568851473246
128.375;116.2571;5.499156836459417;3.5503568851473246
128.4375;116.4857;5.499156836459417;3.5503568851473246
128.6875;117.2857;5.499156836459417;3.5503568851473246
128.9375;117.1714;5.499156836459417;3.5503568851473246
129.375;117.2857;5.499156836459417;3.5503568851473246
129.5;115.4;5.499156836459417;3.5503568851473246
129.4375;118.0857;5.499156836459417;3.5503568851473246
130.1875;118.2;5.499156836459417;3.5503568851473246
131.5;118.9714;5.499156836459417;3.5503568851473246
132.4375;118.8857;5.499156836459417;3.5503568851473246
133.0;119.0;5.499156836459417;3.5503568851473246
132.9375;119.3429;5.499156836459417;3.5503568851473246
132.125;120.3143;5.499156836459417;3.5503568851473246
131.875;118.2286;5.499156836459417;3.5503568851473246
132.3125;118.6857;5.499156836459417;3.5503568851473246
132.5625;120.3714;5.499156836459417;3.5503568851473246
132.625;120.7714;5.499156836459417;3.5503568851473246
132.1875;121.3143;5.499156836459417;3.5503568851473246
131.625;120.5429;5.499156836459417;3.5503568851473246
131.625;121.1714;5.499156836459417;3.5503568851473246
132.125;121.8;5.499156836459417;3.5503568851473246
133.0625;120.9429;5.499156836459417;3.5503568851473246
134.125;122.2;5.499156836459417;3.5503568851473246
134.8125;122.4286;5.499156836459417;3.5503568851473246
135.5625;122.6286;5.499156836459417;3.5503568851473246
136.5625;121.9143;5.499156836459417;3.5503568851473246
137.4375;121.9429;5.499156836459417;3.5503568851473246
137.9375;120.0286;5.499156836459417;3.5503568851473246
138.0625;123.4286;5.499156836459417;3.5503568851473246
138.0625;120.7714;5.499156836459417;3.5503568851473246
138.0;122.8;5.499156836459417;3.5503568851473246
137.375;122.6;5.499156836459417;3.5503568851473246
136.25;123.3429;5.499156836459417;3.5503568851473246
136.0625;123.8571;5.499156836459417;3.5503568851473246
136.6875;123.0286;5.499156836459417;3.5503568851473246
136.5625;124.1143;5.499156836459417;3.5503568851473246
136.5625;123.3714;5.499156836459417;3.5503568851473246
137.0625;123.1714;5.499156836459417;3.5503568851473246
137.0625;123.4286;5.499156836459417;3.5503568851473246
137.3125;124.6571;5.499156836459417;3.5503568851473246
137.5625;125.3143;5.499156836459417;3.5503568851473246
137.75;124.4286;5.499156836459417;3.5503568851473246
138.1875;127.0286;5.499156836459417;3.5503568851473246
138.3125;124.0571;5.499156836459417;3.5503568851473246
138.375;125.1143;5.499156836459417;3.5503568851473246
139.125;125.4571;5.499156836459417;3.5503568851473246
139.875;124.8286;5.499156836459417;3.5503568851473246
139.875;125.0857;5.499156836459417;3.5503568851473246
140.125;125.7429;5.499156836459417;3.5503568851473246
141.0;125.0571;5.499156836459417;3.5503568851473246
141.3125;126.9143;5.499156836459417;3.5503568851473246
140.9375;126.4;5.499156836459417;3.5503568851473246
140.5625;127.4857;5.499156836459417;3.5503568851473246
140.1875;126.6571;5.499156836459417;3.5503568851473246
140.0625;123.9143;5.499156836459417;3.5503568851473246
140.4375;124.3429;5.499156836459417;3.5503568851473246
140.3125;126.5429;5.499156836459417;3.5503568851473246
140.25;126.0;5.499156836459417;3.5503568851473246
140.8125;126.2;5.499156836459417;3.5503568851473246
141.3125;127.5143;5.499156836459417;3.5503568851473246
141.625;127.0;5.499156836459417;3.5503568851473246
141.75;128.6571;5.499156836459417;3.5503568851473246
141.75;126.8857;5.499156836459417;3.5503568851473246
141.75;127.2857;5.499156836459417;3.5503568851473246
141.75;128.3429;5.499156836459417;3.5503568851473246
141.8125;128.6286;5.499156836459417;3.5503568851473246
142.375;128.9429;5.499156836459417;3.5503568851473246
142.875;129.4286;5.499156836459417;3.5503568851473246
143.5;128.1429;5.499156836459417;3.5503568851473246
144.25;130.1429;5.499156836459417;3.5503568851473246
144.25;129.4571;5.499156836459417;3.5503568851473246
144.3125;129.4286;5.499156836459417;3.5503568851473246
144.125;129.6286;5.499156836459417;3.5503568851473246
143.625;126.7429;5.499156836459417;3.5503568851473246
143.875;128.9143;5.499156836459417;3.5503568851473246
144.25;131.2857;5.499156836459417;3.5503568851473246
144.5625;128.7143;5.499156836459417;3.5503568851473246
144.75;129.5429;5.499156836459417;3.5503568851473246
145.25;129.4;5.499156836459417;3.5503568851473246
146.0625;129.0571;5.499156836459417;3.5503568851473246
146.3125;131.4571;5.499156836459417;3.5503568851473246
146.625;130.4286;5.499156836459417;3.5503568851473246
147.1875;129.0;5.499156836459417;3.5503568851473246
147.375;132.0286;5.499156836459417;3.5503568851473246
147.25;131.1429;5.499156836459417;3.5503568851473246
146.9375;132.4571;5.499156836459417;3.5503568851473246
147.3125;131.7429;5.499156836459417;3.5503568851473246
147.8125;130.9714;5.499156836459417;3.5503568851473246
147.75;132.6286;5.499156836459417;3.5503568851473246
147.9375;132.5143;5.499156836459417;3.5503568851473246
148.625;130.3714;5.499156836459417;3.5503568851473246
149.25;133.0857;5.499156836459417;3.5503568851473246
149.5625;132.5143;5.499156836459417;3.5503568851473246
149.6875;132.7143;5.499156836459417;3.5503568851473246
149.6875;131.8857;5.499156836459417;3.5503568851473246
149.625;134.3143;5.499156836459417;3.5503568851473246
149.5625;134.0857;5.499156836459417;3.5503568851473246
149.8125;131.8286;5.499156836459417;3.5503568851473246
150.0625;134.3714;5.499156836459417;3.5503568851473246
149.6875;135.1714;5.499156836459417;3.5503568851473246
149.6875;132.2571;5.499156836459417;3.5503568851473246
150.375;135.6286;5.499156836459417;3.5503568851473246
150.375;132.6857;5.499156836459417;3.5503568851473246
149.5625;133.3714;5.499156836459417;3.5503568851473246
149.0;134.3714;5.499156836459417;3.5503568851473246
149.375;133.2;5.499156836459417;3.5503568851473246
150.0;133.5429;5.499156836459417;3.5503568851473246
150.5;133.8;5.499156836459417;3.5503568851473246
150.75;135.9429;5.499156836459417;3.5503568851473246
150.75;135.9143;5.499156836459417;3.5503568851473246
150.875;135.3429;5.499156836459417;3.5503568851473246
151.0;135.1714;5.499156836459417;3.5503568851473246
151.0;134.8857;5.499156836459417;3.5503568851473246
151.375;136.9143;5.499156836459417;3.5503568851473246
151.8125;133.8857;5.499156836459417;3.5503568851473246
151.6875;135.0;5.499156836459417;3.5503568851473246
151.3125;137.4;5.499156836459417;3.5503568851473246
151.125;135.4857;5.499156836459417;3.5503568851473246
151.4375;135.3143;5.499156836459417;3.5503568851473246
152.0;136.1143;5.499156836459417;3.5503568851473246
152.125;136.2571;5.499156836459417;3.5503568851473246
151.4375;136.4;5.499156836459417;3.5503568851473246
150.375;135.7143;5.499156836459417;3.5503568851473246
149.625;136.7429;5.499156836459417;3.5503568851473246
149.25;137.4571;5.499156836459417;3.5503568851473246
149.1875;135.8571;5.499156836459417;3.5503568851473246
149.1875;136.8857;5.499156836459417;3.5503568851473246
149.625;132.7143;5.499156836459417;3.5503568851473246
150.9375;136.3143;5.499156836459417;3.5503568851473246
152.375;135.7143;5.499156836459417;3.5503568851473246
152.3125;135.0857;5.499156836459417;3.5503568851473246
151.5625;133.0;5.499156836459417;3.5503568851473246
151.25;133.4286;5.499156836459417;3.5503568851473246
150.625;132.4;5.499156836459417;3.5503568851473246
150.4375;133.1143;5.499156836459417;3.5503568851473246
150.75;131.9143;5.499156836459417;3.5503568851473246
150.0;132.1429;5.499156836459417;3.5503568851473246
148.9375;131.6571;5.499156836459417;3.5503568851473246
148.1875;130.8286;5.499156836459417;3.5503568851473246
147.6875;130.0857;5.499156836459417;3.5503568851473246
147.4375;131.4857;5.499156836459417;3.5503568851473246
146.75;132.2571;5.499156836459417;3.5503568851473246
146.5;131.8857;5.499156836459417;3.5503568851473246
147.8125;128.3143;5.499156836459417;3.5503568851473246
148.75;126.6;5.499156836459417;3.5503568851473246
147.8125;126.2571;5.499156836459417;3.5503568851473246
146.125;129.4;5.499156836459417;3.5503568851473246
145.1875;129.1143;5.499156836459417;3.5503568851473246
144.625;126.3429;5.499156836459417;3.5503568851473246
144.375;124.6857;5.499156836459417;3.5503568851473246
144.1875;126.6;5.499156836459417;3.5503568851473246
143.125;126.5143;5.499156836459417;3.5503568851473246
141.9375;126.9429;5.499156836459417;3.5503568851473246
142.125;125.2;5.499156836459417;3.5503568851473246
143.25;123.4286;5.499156836459417;3.5503568851473246
144.1875;123.9143;5.499156836459417;3.5503568851473246
144.75;124.2571;5.499156836459417;3.5503568851473246
144.9375;123.8571;5.499156836459417;3.5503568851473246
144.9375;122.8286;5.499156836459417;3.5503568851473246
144.75;123.7714;5.499156836459417;3.5503568851473246
142.75;123.0857;5.499156836459417;3.5503568851473246
138.6875;123.9714;5.499156836459417;3.5503568851473246
136.375;123.4;5.499156836459417;3.5503568851473246
136.5625;121.8857;5.499156836459417;3.5503568851473246
136.4375;121.9429;5.499156836459417;3.5503568851473246
136.4375;120.1429;5.499156836459417;3.5503568851473246
136.25;120.8;5.499156836459417;3.5503568851473246
135.8125;120.5143;5.499156836459417;3.5503568851473246
135.9375;120.8571;5.499156836459417;3.5503568851473246
135.4375;120.6;5.499156836459417;3.5503568851473246
134.3125;119.7429;5.499156836459417;3.5503568851473246
133.5625;117.2571;5.499156836459417;3.5503568851473246
132.875;117.3429;5.499156836459417;3.5503568851473246
131.9375;118.7143;5.499156836459417;3.5503568851473246
131.0625;118.6286;5.499156836459417;3.5503568851473246
130.5625;117.0857;5.499156836459417;3.5503568851473246
130.375;118.2;5.499156836459417;3.5503568851473246
130.5625;117.1429;5.499156836459417;3.5503568851473246
130.5625;117.7714;5.499156836459417;3.5503568851473246
130.0625;115.7714;5.499156836459417;3.5503568851473246
129.9375;117.0;5.499156836459417;3.5503568851473246
130.5;115.8571;5.499156836459417;3.5503568851473246
130.5625;114.3143;5.499156836459417;3.5503568851473246
129.1875;114.2;5.499156836459417;3.5503568851473246
127.875;114.5429;5.499156836459417;3.5503568851473246
127.4375;112.5429;5.499156836459417;3.5503568851473246
127.625;114.3429;5.499156836459417;3.5503568851473246
127.875;114.4286;5.499156836459417;3.5503568851473246
128.125;115.0857;5.499156836459417;3.5503568851473246
128.25;113.2857;5.499156836459417;3.5503568851473246
128.25;113.1429;5.499156836459417;3.5503568851473246
128.1875;112.5143;5.499156836459417;3.5503568851473246
127.75;112.8857;5.499156836459417;3.5503568851473246
126.8125;112.5429;5.499156836459417;3.5503568851473246
125.6875;111.6571;5.499156836459417;3.5503568851473246
124.8125;111.1429;5.499156836459417;3.5503568851473246
124.8125;113.0286;5.499156836459417;3.5503568851473246
124.5625;110.8286;5.499156836459417;3.5503568851473246
123.75;110.2286;5.499156836459417;3.5503568851473246
123.6875;110.0857;5.499156836459417;3.5503568851473246
124.5;109.7714;5.499156836459417;3.5503568851473246
124.4375;108.8286;5.499156836459417;3.5503568851473246
123.0;109.0857;5.499156836459417;3.5503568851473246
121.8125;108.9143;5.499156836459417;3.5503568851473246
121.375;109.3143;5.499156836459417;3.5503568851473246
121.1875;107.9143;5.499156836459417;3.5503568851473246
121.0625;106.4571;5.499156836459417;3.5503568851473246
120.8125;106.7429;5.499156836459417;3.5503568851473246
120.375;105.8;5.499156836459417;3.5503568851473246
119.8125;106.9714;5.499156836459417;3.5503568851473246
119.1875;107.6571;5.499156836459417;3.5503568851473246
119.3125;104.4571;5.499156836459417;3.5503568851473246
119.8125;104.1143;5.499156836459417;3.5503568851473246
119.4375;105.3429;5.499156836459417;3.5503568851473246
118.6875;105.3429;5.499156836459417;3.5503568851473246
118.625;103.7714;5.499156836459417;3.5503568851473246
118.5;102.9429;5.499156836459417;3.5503568851473246
117.5625;104.4286;5.499156836459417;3.5503568851473246
116.5;103.4;5.499156836459417;3.5503568851473246
115.75;104.3714;5.499156836459417;3.5503568851473246
115.4375;104.6286;5.499156836459417;3.5503568851473246
115.375;104.1714;5.499156836459417;3.5503568851473246
115.375;102.8571;5.499156836459417;3.5503568851473246
115.625;103.5143;5.499156836459417;3.5503568851473246
115.8125;103.6857;5.499156836459417;3.5503568851473246
115.5625;101.9143;5.499156836459417;3.5503568851473246
115.125;99.7143;5.499156836459417;3.5503568851473246
115.125;100.9143;5.499156836459417;3.5503568851473246
115.25;100.6571;5.499156836459417;3.5503568851473246
114.625;100.8286;5.499156836459417;3.5503568851473246
113.6875;99.6571;5.499156836459417;3.5503568851473246
113.0;99.6857;5.499156836459417;3.5503568851473246
112.6875;98.6857;5.499156836459417;3.5503568851473246
112.9375;99.2857;5.499156836459417;3.5503568851473246
113.0625;97.3429;5.499156836459417;3.5503568851473246
112.8125;97.4857;5.499156836459417;3.5503568851473246
112.375;97.2;5.499156836459417;3.5503568851473246
111.5625;98.1429;5.499156836459417;3.5503568851473246
111.0625;97.0;5.499156836459417;3.5503568851473246
111.125;96.9429;5.499156836459417;3.5503568851473246
111.1875;96.3714;5.499156836459417;3.5503568851473246
111.0;97.0857;5.499156836459417;3.5503568851473246
110.4375;96.3429;5.499156836459417;3.5503568851473246
109.75;95.1429;5.499156836459417;3.5503568851473246
109.4375;96.2286;5.499156836459417;3.5503568851473246
109.375;95.7143;5.499156836459417;3.5503568851473246
109.0625;95.3429;5.499156836459417;3.5503568851473246
108.5;95.1429;5.499156836459417;3.5503568851473246
108.0625;93.1714;5.499156836459417;3.5503568851473246
107.9375;94.4857;5.499156836459417;3.5503568851473246
108.0;94.9143;5.499156836459417;3.5503568851473246
108.125;94.3714;5.499156836459417;3.5503568851473246
108.1875;93.6571;5.499156836459417;3.5503568851473246
108.25;93.1714;5.499156836459417;3.5503568851473246
108.25;92.8286;5.499156836459417;3.5503568851473246
108.25;92.0286;5.499156836459417;3.5503568851473246
108.0;92.7714;5.499156836459417;3.5503568851473246
106.9375;92.5429;5.499156836459417;3.5503568851473246
105.4375;92.5714;5.499156836459417;3.5503568851473246
104.6875;92.4571;5.499156836459417;3.5503568851473246
104.375;92.1714;5.499156836459417;3.5503568851473246
104.0625;90.8571;5.499156836459417;3.5503568851473246
103.8125;89.0571;5.499156836459417;3.5503568851473246
103.5;89.1143;5.499156836459417;3.5503568851473246
103.125;88.6857;5.499156836459417;3.5503568851473246
102.3125;90.9429;5.499156836459417;3.5503568851473246
101.3125;89.2857;5.499156836459417;3.5503568851473246
100.6875;88.6286;5.499156836459417;3.5503568851473246
100.75;87.0857;5.499156836459417;3.5503568851473246
101.375;87.2857;5.499156836459417;3.5503568851473246
101.125;88.3714;5.499156836459417;3.5503568851473246
100.4375;87.9429;5.499156836459417;3.5503568851473246
100.125;88.8571;5.499156836459417;3.5503568851473246
99.4375;88.8286;5.499156836459417;3.5503568851473246
98.9375;87.9143;5.499156836459417;3.5503568851473246
99.3125;87.2286;5.499156836459417;3.5503568851473246
99.9375;87.4286;5.499156836459417;3.5503568851473246
100.5625;86.7143;5.499156836459417;3.5503568851473246
100.375;86.9714;5.499156836459417;3.5503568851473246
99.75;87.0857;5.499156836459417;3.5503568851473246
99.4375;86.4286;5.499156836459417;3.5503568851473246
98.75;84.5429;5.499156836459417;3.5503568851473246
97.8125;84.3143;5.499156836459417;3.5503568851473246
97.125;85.5429;5.499156836459417;3.5503568851473246
96.75;86.2;5.499156836459417;3.5503568851473246
96.6875;85.8;5.499156836459417;3.5503568851473246
96.75;86.2286;5.499156836459417;3.5503568851473246
97.0;86.2571;5.499156836459417;3.5503568851473246
97.375;84.2;5.499156836459417;3.5503568851473246
97.625;85.5143;5.499156836459417;3.5503568851473246
98.0;85.7714;5.499156836459417;3.5503568851473246
97.875;84.6;5.499156836459417;3.5503568851473246
96.6875;83.6286;5.499156836459417;3.5503568851473246
95.3125;83.7714;5.499156836459417;3.5503568851473246
94.6875;84.5714;5.499156836459417;3.5503568851473246
94.6875;83.8857;5.499156836459417;3.5503568851473246
94.5;83.6571;5.499156836459417;3.5503568851473246
93.75;82.5429;5.499156836459417;3.5503568851473246
93.6875;82.4571;5.499156836459417;3.5503568851473246
94.1875;82.2857;5.499156836459417;3.5503568851473246
93.9375;81.4;5.499156836459417;3.5503568851473246
93.1875;81.2286;5.499156836459417;3.5503568851473246
92.8125;80.7714;5.499156836459417;3.5503568851473246
92.6875;81.0;5.499156836459417;3.5503568851473246
92.125;81.4286;5.499156836459417;3.5503568851473246
91.125;81.4286;5.499156836459417;3.5503568851473246
90.4375;81.9714;5.499156836459417;3.5503568851473246
90.1875;80.8571;5.499156836459417;3.5503568851473246
90.1875;80.7143;5.499156836459417;3.5503568851473246
90.125;80.8571;5.499156836459417;3.5503568851473246
89.9375;80.0571;5.499156836459417;3.5503568851473246
89.8125;80.5429;5.499156836459417;3.5503568851473246
89.75;81.2286;5.499156836459417;3.5503568851473246
89.8125;79.7143;5.499156836459417;3.5503568851473246
90.0;79.7143;5.499156836459417;3.5503568851473246
90.125;79.3714;5.499156836459417;3.5503568851473246
90.25;78.1714;5.499156836459417;3.5503568851473246
90.25;77.4857;5.499156836459417;3.5503568851473246
90.25;77.0571;5.499156836459417;3.5503568851473246
89.875;75.0571;5.499156836459417;3.5503568851473246
88.5625;74.4;5.499156836459417;3.5503568851473246
86.875;76.0;5.499156836459417;3.5503568851473246
85.375;76.6;5.499156836459417;3.5503568851473246
84.25;77.5143;5.499156836459417;3.5503568851473246
84.1875;77.5429;5.499156836459417;3.5503568851473246
84.875;76.3143;5.499156836459417;3.5503568851473246
85.25;77.4286;5.499156836459417;3.5503568851473246
85.0625;76.2571;5.499156836459417;3.5503568851473246
84.625;76.3429;5.499156836459417;3.5503568851473246
84.5625;76.8857;5.499156836459417;3.5503568851473246
84.875;76.5143;5.499156836459417;3.5503568851473246
84.875;74.8857;5.499156836459417;3.5503568851473246
84.5;74.1429;5.499156836459417;3.5503568851473246
83.5625;72.9714;5.499156836459417;3.5503568851473246
82.0;73.2;5.499156836459417;3.5503568851473246
80.875;71.9143;5.499156836459417;3.5503568851473246
80.25;73.4857;5.499156836459417;3.5503568851473246
79.3125;71.9429;5.499156836459417;3.5503568851473246
78.5;73.6286;5.499156836459417;3.5503568851473246
78.8125;73.2286;5.499156836459417;3.5503568851473246
79.6875;73.8857;5.499156836459417;3.5503568851473246
80.25;72.2286;5.499156836459417;3.5503568851473246
80.75;72.8857;5.499156836459417;3.5503568851473246
80.75;73.0286;5.499156836459417;3.5503568851473246
80.25;72.4;5.499156836459417;3.5503568851473246
80.125;72.2286;5.499156836459417;3.5503568851473246
80.3125;72.5714;5.499156836459417;3.5503568851473246
80.5;72.7429;5.499156836459417;3.5503568851473246
80.6875;73.3143;5.499156836459417;3.5503568851473246
80.75;73.1143;5.499156836459417;3.5503568851473246
80.75;72.1143;5.499156836459417;3.5503568851473246
80.9375;71.4286;5.499156836459417;3.5503568851473246
81.0625;71.1143;5.499156836459417;3.5503568851473246
80.6875;71.2286;5.499156836459417;3.5503568851473246
79.75;70.2;5.499156836459417;3.5503568851473246
78.625;70.8857;5.499156836459417;3.5503568851473246
77.6875;69.4571;5.499156836459417;3.5503568851473246
76.875;70.2;5.499156836459417;3.5503568851473246
76.25;70.6857;5.499156836459417;3.5503568851473246
76.5;70.0857;5.499156836459417;3.5503568851473246
77.125;68.7429;5.499156836459417;3.5503568851473246
77.1875;69.6857;5.499156836459417;3.5503568851473246
76.625;69.1714;5.499156836459417;3.5503568851473246
76.0625;69.0857;5.499156836459417;3.5503568851473246
75.75;68.9429;5.499156836459417;3.5503568851473246
75.5;69.4;5.499156836459417;3.5503568851473246
75.0;69.0286;5.499156836459417;3.5503568851473246
74.75;69.5143;5.499156836459417;3.5503568851473246
74.375;69.1714;5.499156836459417;3.5503568851473246
73.875;67.7714;5.499156836459417;3.5503568851473246
73.875;67.7429;5.499156836459417;3.5503568851473246
74.5625;67.4857;5.499156836459417;3.5503568851473246
74.6875;66.8857;5.499156836459417;3.5503568851473246
74.125;68.2;5.499156836459417;3.5503568851473246
73.6875;67.0857;5.499156836459417;3.5503568851473246
73.5625;66.7143;5.499156836459417;3.5503568851473246
73.4375;66.7429;5.499156836459417;3.5503568851473246
72.8125;66.0571;5.499156836459417;3.5503568851473246
71.9375;67.0857;5.499156836459417;3.5503568851473246
71.3125;65.3714;5.499156836459417;3.5503568851473246
71.0;66.1143;5.499156836459417;3.5503568851473246
70.9375;65.1714;5.499156836459417;3.5503568851473246
71.0;65.5429;5.499156836459417;3.5503568851473246
71.0625;65.1143;5.499156836459417;3.5503568851473246
71.125;64.5714;5.499156836459417;3.5503568851473246
70.875;64.0286;5.499156836459417;3.5503568851473246
70.4375;64.2857;5.499156836459417;3.5503568851473246
70.1875;65.5714;5.499156836459417;3.5503568851473246
70.25;65.3429;5.499156836459417;3.5503568851473246
69.8125;64.6286;5.499156836459417;3.5503568851473246
69.5;65.3143;5.499156836459417;3.5503568851473246
69.875;64.5143;5.499156836459417;3.5503568851473246
70.1875;62.8;5.499156836459417;3.5503568851473246
70.375;63.4571;5.499156836459417;3.5503568851473246
70.4375;63.2857;5.499156836459417;3.5503568851473246
69.9375;62.8;5.499156836459417;3.5503568851473246
69.5;63.8571;5.499156836459417;3.5503568851473246
69.0625;63.0286;5.499156836459417;3.5503568851473246
68.75;62.8286;5.499156836459417;3.5503568851473246
68.625;62.5714;5.499156836459417;3.5503568851473246
68.625;62.4857;5.499156836459417;3.5503568851473246
68.6875;61.9429;5.499156836459417;3.5503568851473246
68.625;62.6857;5.499156836459417;3.5503568851473246
68.375;63.2571;5.499156836459417;3.5503568851473246
67.9375;63.2571;5.499156836459417;3.5503568851473246
67.4375;61.8286;5.499156836459417;3.5503568851473246
67.4375;61.6;5.499156836459417;3.5503568851473246
67.3125;60.7429;5.499156836459417;3.5503568851473246
66.75;60.2857;5.499156836459417;3.5503568851473246
65.9375;61.9714;5.499156836459417;3.5503568851473246
65.1875;61.3143;5.499156836459417;3.5503568851473246
64.75;61.4571;5.499156836459417;3.5503568851473246
64.625;61.2857;5.499156836459417;3.5503568851473246
64.5625;61.6857;5.499156836459417;3.5503568851473246
64.625;61.8;5.499156836459417;3.5503568851473246
64.875;61.2286;5.499156836459417;3.5503568851473246
65.3125;61.9714;5.499156836459417;3.5503568851473246
65.8125;61.9143;5.499156836459417;3.5503568851473246
66.125;60.3714;5.499156836459417;3.5503568851473246
66.0625;60.2;5.499156836459417;3.5503568851473246
65.6875;58.9143;5.499156836459417;3.5503568851473246
65.0;59.2286;5.499156836459417;3.5503568851473246
64.25;59.5143;5.499156836459417;3.5503568851473246
64.125;60.6;5.499156836459417;3.5503568851473246
64.0625;60.0857;5.499156836459417;3.5503568851473246
63.875;59.5429;5.499156836459417;3.5503568851473246
63.75;59.0857;5.499156836459417;3.5503568851473246
63.6875;58.6857;5.499156836459417;3.5503568851473246
63.75;59.0286;5.499156836459417;3.5503568851473246
63.625;57.3714;5.499156836459417;3.5503568851473246
63.0625;58.3429;5.499156836459417;3.5503568851473246
62.5625;58.1143;5.499156836459417;3.5503568851473246
62.3125;58.1429;5.499156836459417;3.5503568851473246
62.25;57.9429;5.499156836459417;3.5503568851473246
62.125;57.7714;5.499156836459417;3.5503568851473246
62.0625;57.4286;5.499156836459417;3.5503568851473246
62.125;57.0286;5.499156836459417;3.5503568851473246
61.9375;57.4;5.499156836459417;3.5503568851473246
61.5;56.8571;5.499156836459417;3.5503568851473246
61.1875;57.3143;5.499156836459417;3.5503568851473246
60.9375;56.5143;5.499156836459417;3.5503568851473246
60.5625;56.8571;5.499156836459417;3.5503568851473246
60.25;56.3429;5.499156836459417;3.5503568851473246
60.0625;56.2571;5.499156836459417;3.5503568851473246
60.0;56.0;5.499156836459417;3.5503568851473246
60.0;55.5714;5.499156836459417;3.5503568851473246
60.0;55.0857;5.499156836459417;3.5503568851473246
60.125;54.5429;5.499156836459417;3.5503568851473246
60.125;55.0;5.499156836459417;3.5503568851473246
59.5625;54.8;5.499156836459417;3.5503568851473246
58.875;54.9714;5.499156836459417;3.5503568851473246
58.5625;55.7143;5.499156836459417;3.5503568851473246
58.25;55.4286;5.499156836459417;3.5503568851473246
58.1875;55.0;5.499156836459417;3.5503568851473246
58.6875;55.8286;5.499156836459417;3.5503568851473246
59.125;54.3143;5.499156836459417;3.5503568851473246
59.0;54.3429;5.499156836459417;3.5503568851473246
58.9375;54.0857;5.499156836459417;3.5503568851473246
58.625;53.8286;5.499156836459417;3.5503568851473246
58.0;53.8;5.499156836459417;3.5503568851473246
57.625;53.6;5.499156836459417;3.5503568851473246
57.5;53.7429;5.499156836459417;3.5503568851473246
57.375;53.6571;5.499156836459417;3.5503568851473246
57.375;53.4;5.499156836459417;3.5503568851473246
57.25;52.7429;5.499156836459417;3.5503568851473246
57.0625;52.2571;5.499156836459417;3.5503568851473246
56.8125;52.8;5.499156836459417;3.5503568851473246
56.4375;53.8;5.499156836459417;3.5503568851473246
56.3125;53.1714;5.499156836459417;3.5503568851473246
56.375;53.0286;5.499156836459417;3.5503568851473246
56.4375;53.6857;5.499156836459417;3.5503568851473246
56.4375;53.2286;5.499156836459417;3.5503568851473246
56.1875;52.5714;5.499156836459417;3.5503568851473246
56.125;52.3714;5.499156836459417;3.5503568851473246
56.375;51.9714;5.499156836459417;3.5503568851473246
56.625;52.1714;5.499156836459417;3.5503568851473246
56.8125;51.8;5.499156836459417;3.5503568851473246
56.875;52.0;5.499156836459417;3.5503568851473246
56.875;52.0857;5.499156836459417;3.5503568851473246
56.875;51.8857;5.499156836459417;3.5503568851473246
56.5625;51.9143;5.499156836459417;3.5503568851473246
55.9375;51.5714;5.499156836459417;3.5503568851473246
55.5;51.4;5.499156836459417;3.5503568851473246
55.125;50.9143;5.499156836459417;3.5503568851473246
55.0;50.8;5.499156836459417;3.5503568851473246
54.9375;50.8286;5.499156836459417;3.5503568851473246
54.875;50.6571;5.499156836459417;3.5503568851473246
54.4375;50.7714;5.499156836459417;3.5503568851473246
54.0;50.3429;5.499156836459417;3.5503568851473246
54.0;50.5143;5.499156836459417;3.5503568851473246
54.125;50.8857;5.499156836459417;3.5503568851473246
53.9375;51.1429;5.499156836459417;3.5503568851473246
53.8125;50.4;5.499156836459417;3.5503568851473246
53.875;50.1143;5.499156836459417;3.5503568851473246
54.0625;49.4;5.499156836459417;3.5503568851473246
54.125;49.7714;5.499156836459417;3.5503568851473246
53.875;49.7714;5.499156836459417;3.5503568851473246
53.25;49.6;5.499156836459417;3.5503568851473246
52.875;49.6857;5.499156836459417;3.5503568851473246
53.125;49.4286;5.499156836459417;3.5503568851473246
53.3125;49.5429;5.499156836459417;3.5503568851473246
53.3125;48.8857;5.499156836459417;3.5503568851473246
53.1875;48.6857;5.499156836459417;3.5503568851473246
52.9375;48.4286;5.499156836459417;3.5503568851473246
52.625;48.2286;5.499156836459417;3.5503568851473246
51.9375;47.8;5.499156836459417;3.5503568851473246
51.1875;47.6;5.499156836459417;3.5503568851473246
50.625;47.4571;5.499156836459417;3.5503568851473246
50.375;48.0;5.499156836459417;3.5503568851473246
50.3125;47.8571;5.499156836459417;3.5503568851473246
50.375;47.7429;5.499156836459417;3.5503568851473246
50.5;47.9429;5.499156836459417;3.5503568851473246
50.9375;47.8;5.499156836459417;3.5503568851473246
51.4375;47.4286;5.499156836459417;3.5503568851473246
51.5;47.4571;5.499156836459417;3.5503568851473246
51.375;47.2857;5.499156836459417;3.5503568851473246
51.25;47.6857;5.499156836459417;3.5503568851473246
51.0;47.7429;5.499156836459417;3.5503568851473246
50.8125;47.1429;5.499156836459417;3.5503568851473246
50.8125;46.8286;5.499156836459417;3.5503568851473246
50.75;47.0;5.499156836459417;3.5503568851473246
50.8125;47.4857;5.499156836459417;3.5503568851473246
50.875;46.9143;5.499156836459417;3.5503568851473246
50.75;47.0857;5.499156836459417;3.5503568851473246
50.625;47.0571;5.499156836459417;3.5503568851473246
50.5625;46.7143;5.499156836459417;3.5503568851473246
50.375;46.5429;5.499156836459417;3.5503568851473246
50.3125;46.4571;5.499156836459417;3.5503568851473246
50.375;46.0857;5.499156836459417;3.5503568851473246
50.375;46.0571;5.499156836459417;3.5503568851473246
50.125;45.6857;5.499156836459417;3.5503568851473246
49.75;45.7143;5.499156836459417;3.5503568851473246
49.5;45.3143;5.499156836459417;3.5503568851473246
49.125;45.5714;5.499156836459417;3.5503568851473246
48.875;45.4571;5.499156836459417;3.5503568851473246
48.875;44.9714;5.499156836459417;3.5503568851473246
48.6875;44.8857;5.499156836459417;3.5503568851473246
48.5625;45.0;5.499156836459417;3.5503568851473246
48.75;45.0857;5.499156836459417;3.5503568851473246
49.0;44.8857;5.499156836459417;3.5503568851473246
49.125;45.0286;5.499156836459417;3.5503568851473246
49.1875;44.4857;5.499156836459417;3.5503568851473246
49.1875;43.9429;5.499156836459417;3.5503568851473246
49.125;43.9143;5.499156836459417;3.5503568851473246
48.8125;44.1143;5.499156836459417;3.5503568851473246
48.0625;44.1714;5.499156836459417;3.5503568851473246
47.5625;44.3429;5.499156836459417;3.5503568851473246
47.5;44.0286;5.499156836459417;3.5503568851473246
47.4375;43.6571;5.499156836459417;3.5503568851473246
47.4375;43.0286;5.499156836459417;3.5503568851473246
47.375;43.0;5.499156836459417;3.5503568851473246
47.0625;42.6286;5.499156836459417;3.5503568851473246
46.8125;42.4857;5.499156836459417;3.5503568851473246
46.5625;42.9429;5.499156836459417;3.5503568851473246
46.25;42.7714;5.499156836459417;3.5503568851473246
45.875;42.7429;5.499156836459417;3.5503568851473246
45.75;42.6857;5.499156836459417;3.5503568851473246
45.9375;42.3714;5.499156836459417;3.5503568851473246
46.0;43.1143;5.499156836459417;3.5503568851473246
45.9375;43.1143;5.499156836459417;3.5503568851473246
46.1875;43.1429;5.499156836459417;3.5503568851473246
46.3125;42.9429;5.499156836459417;3.5503568851473246
46.3125;42.8;5.499156836459417;3.5503568851473246
46.3125;41.9714;5.499156836459417;3.5503568851473246
46.1875;41.4;5.499156836459417;3.5503568851473246
45.9375;41.8;5.499156836459417;3.5503568851473246
45.625;41.1714;5.499156836459417;3.5503568851473246
45.125;41.8;5.499156836459417;3.5503568851473246
44.6875;41.6857;5.499156836459417;3.5503568851473246
44.8125;41.3429;5.499156836459417;3.5503568851473246
45.25;41.8;5.499156836459417;3.5503568851473246
45.6875;41.8571;5.499156836459417;3.5503568851473246
45.875;41.4;5.499156836459417;3.5503568851473246
46.0;40.8857;5.499156836459417;3.5503568851473246
46.0;41.0;5.499156836459417;3.5503568851473246
45.8125;40.5429;5.499156836459417;3.5503568851473246
45.3125;40.0857;5.499156836459417;3.5503568851473246
44.625;40.1429;5.499156836459417;3.5503568851473246
43.9375;40.2286;5.499156836459417;3.5503568851473246
43.125;40.0571;5.499156836459417;3.5503568851473246
42.75;40.4286;5.499156836459417;3.5503568851473246
42.875;39.9714;5.499156836459417;3.5503568851473246
42.9375;40.0857;5.499156836459417;3.5503568851473246
42.875;40.2;5.499156836459417;3.5503568851473246
42.6875;39.8857;5.499156836459417;3.5503568851473246
42.25;40.2;5.499156836459417;3.5503568851473246
42.0625;40.1429;5.499156836459417;3.5503568851473246
42.375;40.1714;5.499156836459417;3.5503568851473246
42.6875;39.9429;5.499156836459417;3.5503568851473246
42.875;39.7429;5.499156836459417;3.5503568851473246
42.9375;39.0857;5.499156836459417;3.5503568851473246
42.625;39.2571;5.499156836459417;3.5503568851473246
42.25;39.1714;5.499156836459417;3.5503568851473246
42.25;38.6;5.499156836459417;3.5503568851473246
42.25;38.7143;5.499156836459417;3.5503568851473246
41.875;38.6571;5.499156836459417;3.5503568851473246
41.375;38.7143;5.499156836459417;3.5503568851473246
41.0625;38.4;5.499156836459417;3.5503568851473246
41.125;38.0857;5.499156836459417;3.5503568851473246
41.0;37.6571;5.499156836459417;3.5503568851473246
40.8125;37.8;5.499156836459417;3.5503568851473246
40.6875;37.8857;5.499156836459417;3.5503568851473246
40.5625;37.5143;5.499156836459417;3.5503568851473246
40.5625;38.0857;5.499156836459417;3.5503568851473246
40.5;37.7143;5.499156836459417;3.5503568851473246
40.5;37.7714;5.499156836459417;3.5503568851473246
40.5;38.1143;5.499156836459417;3.5503568851473246
40.5;37.9143;5.499156836459417;3.5503568851473246
40.4375;37.8571;5.499156836459417;3.5503568851473246
40.3125;37.8286;5.499156836459417;3.5503568851473246
40.125;37.8857;5.499156836459417;3.5503568851473246
39.8125;37.8857;5.499156836459417;3.5503568851473246
39.75;37.6857;5.499156836459417;3.5503568851473246
39.9375;37.1714;5.499156836459417;3.5503568851473246
40.0;37.2571;5.499156836459417;3.5503568851473246
39.875;37.0857;5.499156836459417;3.5503568851473246
39.625;37.2571;5.499156836459417;3.5503568851473246
39.4375;36.9143;5.499156836459417;3.5503568851473246
39.375;36.5143;5.499156836459417;3.5503568851473246
39.375;36.5429;5.499156836459417;3.5503568851473246
39.3125;36.4286;5.499156836459417;3.5503568851473246
39.0;36.2857;5.499156836459417;3.5503568851473246
38.8125;36.0571;5.499156836459417;3.5503568851473246
38.625;36.0857;5.499156836459417;3.5503568851473246
38.4375;35.9714;5.499156836459417;3.5503568851473246
38.25;35.6571;5.499156836459417;3.5503568851473246
38.125;35.6571;5.499156836459417;3.5503568851473246
37.9375;35.4571;5.499156836459417;3.5503568851473246
37.8125;35.6;5.499156836459417;3.5503568851473246
37.75;35.3143;5.499156836459417;3.5503568851473246
37.6875;35.0;5.499156836459417;3.5503568851473246
37.625;34.8;5.499156836459417;3.5503568851473246
37.5625;34.6857;5.499156836459417;3.5503568851473246
37.5;34.8;5.499156836459417;3.5503568851473246
37.375;35.1143;5.499156836459417;3.5503568851473246
37.25;35.2286;5.499156836459417;3.5503568851473246
37.1875;35.1429;5.499156836459417;3.5503568851473246
37.1875;34.5429;5.499156836459417;3.5503568851473246
37.1875;34.2571;5.499156836459417;3.5503568851473246
37.1875;34.4857;5.499156836459417;3.5503568851473246
37.0;33.8857;5.499156836459417;3.5503568851473246
36.6875;33.8;5.499156836459417;3.5503568851473246
36.5;33.9429;5.499156836459417;3.5503568851473246
36.4375;34.2857;5.499156836459417;3.5503568851473246
36.1875;34.2286;5.499156836459417;3.5503568851473246
36.125;33.8286;5.499156836459417;3.5503568851473246
36.0625;33.7143;5.499156836459417;3.5503568851473246
35.9375;33.4;5.499156836459417;3.5503568851473246
35.6875;33.6286;5.499156836459417;3.5503568851473246
35.625;33.4857;5.499156836459417;3.5503568851473246
35.625;33.2;5.499156836459417;3.5503568851473246
35.5;33.3429;5.499156836459417;3.5503568851473246
35.375;32.8857;5.499156836459417;3.5503568851473246
35.4375;32.8857;5.499156836459417;3.5503568851473246
35.3125;32.6286;5.499156836459417;3.5503568851473246
35.125;32.8571;5.499156836459417;3.5503568851473246
35.0625;32.8286;5.499156836459417;3.5503568851473246
35.0625;32.4857;5.499156836459417;3.5503568851473246
35.0;32.8286;5.499156836459417;3.5503568851473246
34.9375;32.8571;5.499156836459417;3.5503568851473246
34.875;32.4857;5.499156836459417;3.5503568851473246
34.6875;32.6;5.499156836459417;3.5503568851473246
34.6875;32.6571;5.499156836459417;3.5503568851473246
34.875;32.2571;5.499156836459417;3.5503568851473246
34.9375;32.0286;5.499156836459417;3.5503568851473246
35.0;31.9429;5.499156836459417;3.5503568851473246
35.125;32.3429;5.499156836459417;3.5503568851473246
35.125;32.2571;5.499156836459417;3.5503568851473246
35.1875;32.2857;5.499156836459417;3.5503568851473246
35.1875;32.2857;5.499156836459417;3.5503568851473246
35.1875;32.0857;5.499156836459417;3.5503568851473246
35.0625;31.6;5.499156836459417;3.5503568851473246
34.8125;31.3143;5.499156836459417;3.5503568851473246
34.4375;31.3714;5.499156836459417;3.5503568851473246
34.0;31.1714;5.499156836459417;3.5503568851473246
33.625;31.1714;5.499156836459417;3.5503568851473246
33.5;31.1429;5.499156836459417;3.5503568851473246
33.5;31.2857;5.499156836459417;3.5503568851473246
33.5;31.0571;5.499156836459417;3.5503568851473246
33.25;31.0857;5.499156836459417;3.5503568851473246
32.9375;30.6286;5.499156836459417;3.5503568851473246
32.8125;30.6571;5.499156836459417;3.5503568851473246
32.75;30.5143;5.499156836459417;3.5503568851473246
32.625;30.3714;5.499156836459417;3.5503568851473246
32.5;30.3429;5.499156836459417;3.5503568851473246
32.375;30.4571;5.499156836459417;3.5503568851473246
32.375;30.1143;5.499156836459417;3.5503568851473246
32.25;30.4;5.499156836459417;3.5503568851473246
32.0625;29.9429;5.499156836459417;3.5503568851473246
32.125;29.8286;5.499156836459417;3.5503568851473246
32.3125;29.6857;5.499156836459417;3.5503568851473246
32.1875;29.8571;5.499156836459417;3.5503568851473246
31.9375;29.4286;5.499156836459417;3.5503568851473246
31.75;29.4286;5.499156836459417;3.5503568851473246
31.625;29.2857;5.499156836459417;3.5503568851473246
31.375;29.5429;5.499156836459417;3.5503568851473246
31.1875;29.2857;5.499156836459417;3.5503568851473246
31.25;29.0857;5.499156836459417;3.5503568851473246
31.5;29.2286;5.499156836459417;3.5503568851473246
31.75;28.9143;5.499156836459417;3.5503568851473246
31.8125;29.0857;5.499156836459417;3.5503568851473246
31.875;29.1714;5.499156836459417;3.5503568851473246
31.875;29.1714;5.499156836459417;3.5503568851473246
31.75;28.8571;5.499156836459417;3.5503568851473246
31.5;29.0286;5.499156836459417;3.5503568851473246
31.1875;28.5714;5.499156836459417;3.5503568851473246
30.875;28.4571;5.499156836459417;3.5503568851473246
30.625;28.3714;5.499156836459417;3.5503568851473246
30.4375;28.3714;5.499156836459417;3.5503568851473246
30.25;28.0286;5.499156836459417;3.5503568851473246
30.25;28.2;5.499156836459417;3.5503568851473246
30.1875;28.1143;5.499156836459417;3.5503568851473246
29.9375;28.1429;5.499156836459417;3.5503568851473246
29.875;27.8857;5.499156836459417;3.5503568851473246
30.0;27.8;5.499156836459417;3.5503568851473246
30.0625;27.5429;5.499156836459417;3.5503568851473246
30.0;27.6286;5.499156836459417;3.5503568851473246
29.75;27.4857;5.499156836459417;3.5503568851473246
29.625;27.5143;5.499156836459417;3.5503568851473246
29.625;27.6;5.499156836459417;3.5503568851473246
29.5625;27.3714;5.499156836459417;3.5503568851473246
29.4375;27.0571;5.499156836459417;3.5503568851473246
29.375;27.1714;5.499156836459417;3.5503568851473246
29.3125;27.0857;5.499156836459417;3.5503568851473246
29.1875;27.1143;5.499156836459417;3.5503568851473246
29.0625;26.8857;5.499156836459417;3.5503568851473246
28.875;26.8;5.499156836459417;3.5503568851473246
28.6875;26.9429;5.499156836459417;3.5503568851473246
28.625;26.5714;5.499156836459417;3.5503568851473246
28.6875;26.6571;5.499156836459417;3.5503568851473246
28.6875;26.6857;5.499156836459417;3.5503568851473246
28.6875;26.5714;5.499156836459417;3.5503568851473246
28.6875;26.3143;5.499156836459417;3.5503568851473246
28.6875;26.2571;5.499156836459417;3.5503568851473246
28.625;26.0571;5.499156836459417;3.5503568851473246
28.625;26.2286;5.499156836459417;3.5503568851473246
28.4375;26.2571;5.499156836459417;3.5503568851473246
28.125;26.2571;5.499156836459417;3.5503568851473246
27.8125;26.4571;5.499156836459417;3.5503568851473246
27.75;26.4857;5.499156836459417;3.5503568851473246
27.75;26.3143;5.499156836459417;3.5503568851473246
27.8125;26.0286;5.499156836459417;3.5503568851473246
27.8125;25.8;5.499156836459417;3.5503568851473246
27.8125;25.8286;5.499156836459417;3.5503568851473246
27.75;25.6286;5.499156836459417;3.5503568851473246
27.6875;25.6857;5.499156836459417;3.5503568851473246
27.5;25.7429;5.499156836459417;3.5503568851473246
27.375;25.7714;5.499156836459417;3.5503568851473246
27.375;25.5143;5.499156836459417;3.5503568851473246
27.25;25.2571;5.499156836459417;3.5503568851473246
27.125;25.0;5.499156836459417;3.5503568851473246
26.9375;25.1143;5.499156836459417;3.5503568851473246
26.75;25.0286;5.499156836459417;3.5503568851473246
26.6875;24.7143;5.499156836459417;3.5503568851473246
26.6875;24.7143;5.499156836459417;3.5503568851473246
26.625;24.8;5.499156836459417;3.5503568851473246
26.5;24.6;5.499156836459417;3.5503568851473246
26.3125;24.7429;5.499156836459417;3.5503568851473246
26.3125;24.6;5.499156836459417;3.5503568851473246
26.25;24.6286;5.499156836459417;3.5503568851473246
26.25;24.6;5.499156836459417;3.5503568851473246
26.3125;24.1429;5.499156836459417;3.5503568851473246
26.3125;24.1143;5.499156836459417;3.5503568851473246
26.375;24.1429;5.499156836459417;3.5503568851473246
26.4375;23.9429;5.499156836459417;3.5503568851473246
26.4375;23.8857;5.499156836459417;3.5503568851473246
26.4375;23.8857;5.499156836459417;3.5503568851473246
26.3125;23.9714;5.499156836459417;3.5503568851473246
26.125;24.0286;5.499156836459417;3.5503568851473246
25.875;23.8286;5.499156836459417;3.5503568851473246
25.625;23.8571;5.499156836459417;3.5503568851473246
25.5625;23.4857;5.499156836459417;3.5503568851473246
25.5;23.3429;5.499156836459417;3.5503568851473246
25.375;23.3143;5.499156836459417;3.5503568851473246
25.1875;23.3143;5.499156836459417;3.5503568851473246
25.0;23.2571;5.499156836459417;3.5503568851473246
25.0;23.1429;5.499156836459417;3.5503568851473246
25.0;22.9714;5.499156836459417;3.5503568851473246
24.875;23.0286;5.499156836459417;3.5503568851473246
24.8125;22.7429;5.499156836459417;3.5503568851473246
24.6875;22.5143;5.499156836459417;3.5503568851473246
24.4375;22.7714;5.499156836459417;3.5503568851473246
24.1875;22.8286;5.499156836459417;3.5503568851473246
24.125;22.8571;5.499156836459417;3.5503568851473246
24.1875;22.9714;5.499156836459417;3.5503568851473246
24.375;23.0;5.499156836459417;3.5503568851473246
24.625;22.7429;5.499156836459417;3.5503568851473246
24.75;22.6857;5.499156836459417;3.5503568851473246
24.625;22.5429;5.499156836459417;3.5503568851473246
24.4375;22.2857;5.499156836459417;3.5503568851473246
24.3125;22.3143;5.499156836459417;3.5503568851473246
24.1875;22.2286;5.499156836459417;3.5503568851473246
24.0;22.1143;5.499156836459417;3.5503568851473246
23.75;22.0571;5.499156836459417;3.5503568851473246
23.5625;21.8286;5.499156836459417;3.5503568851473246
23.5;21.8571;5.499156836459417;3.5503568851473246
23.4375;21.6571;5.499156836459417;3.5503568851473246
23.4375;21.6571;5.499156836459417;3.5503568851473246
23.4375;21.4571;5.499156836459417;3.5503568851473246
23.5;21.4286;5.499156836459417;3.5503568851473246
23.4375;21.3143;5.499156836459417;3.5503568851473246
23.1875;21.2;5.499156836459417;3.5503568851473246
22.9375;21.3429;5.499156836459417;3.5503568851473246
22.75;21.4;5.499156836459417;3.5503568851473246
22.5625;21.3714;5.499156836459417;3.5503568851473246
22.5625;21.2857;5.499156836459417;3.5503568851473246
22.625;21.3429;5.499156836459417;3.5503568851473246
22.75;21.1714;5.499156836459417;3.5503568851473246
22.75;21.1714;5.499156836459417;3.5503568851473246
22.6875;20.9429;5.499156836459417;3.5503568851473246
22.5625;20.9429;5.499156836459417;3.5503568851473246
22.5;20.7714;5.499156836459417;3.5503568851473246
22.4375;20.4857;5.499156836459417;3.5503568851473246
22.25;20.3714;5.499156836459417;3.5503568851473246
22.0625;20.5714;5.499156836459417;3.5503568851473246
21.875;20.3714;5.499156836459417;3.5503568851473246
21.875;20.2286;5.499156836459417;3.5503568851473246
21.9375;20.2571;5.499156836459417;3.5503568851473246
21.9375;20.1143;5.499156836459417;3.5503568851473246
21.75;20.0857;5.499156836459417;3.5503568851473246
21.5;20.1714;5.499156836459417;3.5503568851473246
21.4375;19.8;5.499156836459417;3.5503568851473246
21.4375;19.9143;5.499156836459417;3.5503568851473246
21.375;19.7714;5.499156836459417;3.5503568851473246
21.3125;19.7429;5.499156836459417;3.5503568851473246
21.1875;19.5143;5.499156836459417;3.5503568851473246
21.125;19.6;5.499156836459417;3.5503568851473246
21.0625;19.6;5.499156836459417;3.5503568851473246
21.0;19.5429;5.499156836459417;3.5503568851473246
21.0;19.4571;5.499156836459417;3.5503568851473246
21.0;19.5714;5.499156836459417;3.5503568851473246
21.0625;19.5429;5.499156836459417;3.5503568851473246
21.0625;19.4;5.499156836459417;3.5503568851473246
21.0625;19.4286;5.499156836459417;3.5503568851473246
20.9375;19.1143;5.499156836459417;3.5503568851473246
20.75;19.1714;5.499156836459417;3.5503568851473246
20.5625;19.0571;5.499156836459417;3.5503568851473246
20.5;19.0571;5.499156836459417;3.5503568851473246
20.5;19.1429;5.499156836459417;3.5503568851473246
20.5;18.8857;5.499156836459417;3.5503568851473246
20.4375;19.0;5.499156836459417;3.5503568851473246
20.4375;18.7714;5.499156836459417;3.5503568851473246
20.4375;18.7714;5.499156836459417;3.5503568851473246
20.3125;18.9143;5.499156836459417;3.5503568851473246
20.3125;18.6857;5.499156836459417;3.5503568851473246
20.3125;18.7429;5.499156836459417;3.5503568851473246
20.25;18.4857;5.499156836459417;3.5503568851473246
20.1875;18.2286;5.499156836459417;3.5503568851473246
20.0;18.2857;5.499156836459417;3.5503568851473246
19.9375;18.0857;5.499156836459417;3.5503568851473246
19.9375;18.0571;5.499156836459417;3.5503568851473246
19.8125;18.0857;5.499156836459417;3.5503568851473246
19.625;18.0857;5.499156836459417;3.5503568851473246
19.4375;18.0857;5.499156836459417;3.5503568851473246
19.375;18.0;5.499156836459417;3.5503568851473246
19.4375;18.0;5.499156836459417;3.5503568851473246
19.4375;17.8286;5.499156836459417;3.5503568851473246
19.4375;17.7429;5.499156836459417;3.5503568851473246
19.5625;17.7429;5.499156836459417;3.5503568851473246
19.625;17.6;5.499156836459417;3.5503568851473246
19.6875;17.5429;5.499156836459417;3.5503568851473246
19.6875;17.3429;5.499156836459417;3.5503568851473246
19.6875;17.3714;5.499156836459417;3.5503568851473246
19.625;17.2;5.499156836459417;3.5503568851473246
19.4375;17.1714;5.499156836459417;3.5503568851473246
19.125;17.1143;5.499156836459417;3.5503568851473246
18.75;17.0571;5.499156836459417;3.5503568851473246
18.5;16.9714;5.499156836459417;3.5503568851473246
18.25;16.7714;5.499156836459417;3.5503568851473246
18.1875;16.7714;5.499156836459417;3.5503568851473246
18.0625;16.7143;5.499156836459417;3.5503568851473246
18.0;16.6571;5.499156836459417;3.5503568851473246
17.875;16.6;5.499156836459417;3.5503568851473246
17.8125;16.5714;5.499156836459417;3.5503568851473246
17.8125;16.6;5.499156836459417;3.5503568851473246
17.8125;16.5143;5.499156836459417;3.5503568851473246
17.8125;16.4857;5.499156836459417;3.5503568851473246
17.6875;16.4286;5.499156836459417;3.5503568851473246
17.6875;16.5429;5.499156836459417;3.5503568851473246
17.6875;16.2571;5.499156836459417;3.5503568851473246
17.625;16.3143;5.499156836459417;3.5503568851473246
17.5;16.2;5.499156836459417;3.5503568851473246
17.4375;15.9429;5.499156836459417;3.5503568851473246
17.375;16.0571;5.499156836459417;3.5503568851473246
17.375;15.8857;5.499156836459417;3.5503568851473246
17.375;15.8571;5.499156836459417;3.5503568851473246
17.3125;15.8857;5.499156836459417;3.5503568851473246
17.1875;15.7714;5.499156836459417;3.5503568851473246
17.0625;15.6286;5.499156836459417;3.5503568851473246
16.9375;15.5714;5.499156836459417;3.5503568851473246
16.8125;15.5429;5.499156836459417;3.5503568851473246
16.75;15.4857;5.499156836459417;3.5503568851473246
16.75;15.2857;5.499156836459417;3.5503568851473246
16.75;15.3714;5.499156836459417;3.5503568851473246
16.75;15.4;5.499156836459417;3.5503568851473246
16.8125;15.2286;5.499156836459417;3.5503568851473246
16.75;15.2286;5.499156836459417;3.5503568851473246
16.6875;15.1429;5.499156836459417;3.5503568851473246
16.5625;15.0286;5.499156836459417;3.5503568851473246
16.4375;15.0571;5.499156836459417;3.5503568851473246
16.25;14.9714;5.499156836459417;3.5503568851473246
16.125;14.9429;5.499156836459417;3.5503568851473246
16.125;14.8286;5.499156836459417;3.5503568851473246
16.1875;14.8571;5.499156836459417;3.5503568851473246
16.125;14.9143;5.499156836459417;3.5503568851473246
16.0625;14.9143;5.499156836459417;3.5503568851473246
16.0;14.8;5.499156836459417;3.5503568851473246
15.9375;14.7429;5.499156836459417;3.5503568851473246
15.9375;14.6857;5.499156836459417;3.5503568851473246
15.875;14.4857;5.499156836459417;3.5503568851473246
15.8125;14.3714;5.499156836459417;3.5503568851473246
15.6875;14.3429;5.499156836459417;3.5503568851473246
15.625;14.2571;5.499156836459417;3.5503568851473246
15.5;14.2286;5.499156836459417;3.5503568851473246
15.4375;14.1143;5.499156836459417;3.5503568851473246
15.5;14.0;5.499156836459417;3.5503568851473246
15.5;13.9429;5.499156836459417;3.5503568851473246
15.4375;13.9143;5.499156836459417;3.5503568851473246
15.375;13.8857;5.499156836459417;3.5503568851473246
15.3125;13.8571;5.499156836459417;3.5503568851473246
15.3125;13.7714;5.499156836459417;3.5503568851473246
15.125;13.8;5.499156836459417;3.5503568851473246
14.8125;13.7429;5.499156836459417;3.5503568851473246
14.625;13.6;5.499156836459417;3.5503568851473246
14.5;13.5429;5.499156836459417;3.5503568851473246
14.5;13.5143;5.499156836459417;3.5503568851473246
14.5;13.4286;5.499156836459417;3.5503568851473246
14.5625;13.3714;5.499156836459417;3.5503568851473246
14.75;13.2571;5.499156836459417;3.5503568851473246
14.875;13.2571;5.499156836459417;3.5503568851473246
14.8125;13.2;5.499156836459417;3.5503568851473246
14.6875;13.1143;5.499156836459417;3.5503568851473246
14.625;13.0857;5.499156836459417;3.5503568851473246
14.5625;13.0571;5.499156836459417;3.5503568851473246
14.5;13.0;5.499156836459417;3.5503568851473246
14.4375;12.9714;5.499156836459417;3.5503568851473246
14.375;12.8571;5.499156836459417;3.5503568851473246
14.375;12.8286;5.499156836459417;3.5503568851473246
14.3125;12.8;5.499156836459417;3.5503568851473246
14.25;12.7714;5.499156836459417;3.5503568851473246
14.125;12.7429;5.499156836459417;3.5503568851473246
14.0625;12.6571;5.499156836459417;3.5503568851473246
14.0;12.6571;5.499156836459417;3.5503568851473246
14.0;12.5143;5.499156836459417;3.5503568851473246
14.0;12.4571;5.499156836459417;3.5503568851473246
13.9375;12.4;5.499156836459417;3.5503568851473246
13.9375;12.3714;5.499156836459417;3.5503568851473246
13.875;12.2571;5.499156836459417;3.5503568851473246
13.75;12.1429;5.499156836459417;3.5503568851473246
13.5625;12.1714;5.499156836459417;3.5503568851473246
13.4375;12.0571;5.499156836459417;3.5503568851473246
13.375;12.0286;5.499156836459417;3.5503568851473246
13.375;11.9714;5.499156836459417;3.5503568851473246
13.375;11.9143;5.499156836459417;3.5503568851473246
13.375;11.8857;5.499156836459417;3.5503568851473246
13.375;11.8;5.499156836459417;3.5503568851473246
13.3125;11.7714;5.499156836459417;3.5503568851473246
13.3125;11.7143;5.499156836459417;3.5503568851473246
13.3125;11.6857;5.499156836459417;3.5503568851473246
13.3125;11.5143;5.499156836459417;3.5503568851473246
13.25;11.4857;5.499156836459417;3.5503568851473246
13.0625;11.4857;5.499156836459417;3.5503568851473246
12.9375;11.4286;5.499156836459417;3.5503568851473246
12.8125;11.4571;5.499156836459417;3.5503568851473246
12.6875;11.4286;5.499156836459417;3.5503568851473246
12.6875;11.2857;5.499156836459417;3.5503568851473246
12.625;11.2286;5.499156836459417;3.5503568851473246
12.5625;11.2286;5.499156836459417;3.5503568851473246
12.5;11.1143;5.499156836459417;3.5503568851473246
12.4375;11.0571;5.499156836459417;3.5503568851473246
12.4375;11.0286;5.499156836459417;3.5503568851473246
12.375;10.9714;5.499156836459417;3.5503568851473246
12.3125;11.0;5.499156836459417;3.5503568851473246
12.25;10.9143;5.499156836459417;3.5503568851473246
12.25;10.7429;5.499156836459417;3.5503568851473246
12.1875;10.7143;5.499156836459417;3.5503568851473246
12.125;10.6571;5.499156836459417;3.5503568851473246
12.0625;10.6286;5.499156836459417;3.5503568851473246
12.0625;10.6286;5.499156836459417;3.5503568851473246
12.0625;10.5714;5.499156836459417;3.5503568851473246
11.9375;10.6;5.499156836459417;3.5503568851473246
11.875;10.5429;5.499156836459417;3.5503568851473246
11.875;10.5429;5.499156836459417;3.5503568851473246
11.9375;10.5714;5.499156836459417;3.5503568851473246
11.9375;10.4571;5.499156836459417;3.5503568851473246
11.875;10.4286;5.499156836459417;3.5503568851473246
11.8125;10.2857;5.499156836459417;3.5503568851473246
11.8125;10.2;5.499156836459417;3.5503568851473246
11.75;10.1429;5.499156836459417;3.5503568851473246
11.75;10.0857;5.499156836459417;3.5503568851473246
11.75;10.0571;5.499156836459417;3.5503568851473246
11.75;10.0;5.499156836459417;3.5503568851473246
11.6875;9.9143;5.499156836459417;3.5503568851473246
11.5625;9.8571;5.499156836459417;3.5503568851473246
11.375;9.7714;5.499156836459417;3.5503568851473246
11.25;9.7714;5.499156836459417;3.5503568851473246
11.125;9.7143;5.499156836459417;3.5503568851473246
11.125;9.6857;5.499156836459417;3.5503568851473246
11.125;9.6;5.499156836459417;3.5503568851473246
11.0625;9.5429;5.499156836459417;3.5503568851473246
11.0625;9.4571;5.499156836459417;3.5503568851473246
11.0625;9.4571;5.499156836459417;3.5503568851473246
11.0625;9.4;5.499156836459417;3.5503568851473246
10.9375;9.3143;5.499156836459417;3.5503568851473246
10.875;9.3143;5.499156836459417;3.5503568851473246
10.75;9.2;5.499156836459417;3.5503568851473246
10.6875;9.1429;5.499156836459417;3.5503568851473246
10.625;9.1429;5.499156836459417;3.5503568851473246
10.6875;9.0857;5.499156836459417;3.5503568851473246
10.625;9.0286;5.499156836459417;3.5503568851473246
10.625;8.9714;5.499156836459417;3.5503568851473246
10.625;8.9714;5.499156836459417;3.5503568851473246
10.5625;8.9429;5.499156836459417;3.5503568851473246
10.625;8.8571;5.499156836459417;3.5503568851473246
10.5625;8.8;5.499156836459417;3.5503568851473246
10.5;8.7143;5.499156836459417;3.5503568851473246
10.4375;8.6857;5.499156836459417;3.5503568851473246
10.375;8.6286;5.499156836459417;3.5503568851473246
10.3125;8.6286;5.499156836459417;3.5503568851473246
10.25;8.6571;5.499156836459417;3.5503568851473246
10.25;8.6;5.499156836459417;3.5503568851473246
10.25;8.5714;5.499156836459417;3.5503568851473246
10.25;8.5143;5.499156836459417;3.5503568851473246
10.3125;8.4571;5.499156836459417;3.5503568851473246
10.3125;8.3714;5.499156836459417;3.5503568851473246
10.25;8.3143;5.499156836459417;3.5503568851473246
10.0625;8.2857;5.499156836459417;3.5503568851473246
9.875;8.2571;5.499156836459417;3.5503568851473246
9.8125;8.1429;5.499156836459417;3.5503568851473246
9.75;8.0571;5.499156836459417;3.5503568851473246
9.8125;8.0571;5.499156836459417;3.5503568851473246
9.9375;8.0;5.499156836459417;3.5503568851473246
9.9375;7.9429;5.499156836459417;3.5503568851473246
9.8125;7.8857;5.499156836459417;3.5503568851473246
9.6875;7.8;5.499156836459417;3.5503568851473246
9.5625;7.8286;5.499156836459417;3.5503568851473246
9.4375;7.8;5.499156836459417;3.5503568851473246
9.375;7.7714;5.499156836459417;3.5503568851473246
9.3125;7.6286;5.499156836459417;3.5503568851473246
9.25;7.6286;5.499156836459417;3.5503568851473246
9.3125;7.5714;5.499156836459417;3.5503568851473246
9.375;7.5429;5.499156836459417;3.5503568851473246
9.4375;7.4857;5.499156836459417;3.5503568851473246
9.375;7.4;5.499156836459417;3.5503568851473246
9.3125;7.3429;5.499156836459417;3.5503568851473246
9.3125;7.4;5.499156836459417;3.5503568851473246
9.25;7.3429;5.499156836459417;3.5503568851473246
9.1875;7.3143;5.499156836459417;3.5503568851473246
9.1875;7.2571;5.499156836459417;3.5503568851473246
9.125;7.2;5.499156836459417;3.5503568851473246
9.1875;7.1143;5.499156836459417;3.5503568851473246
9.1875;7.1429;5.499156836459417;3.5503568851473246
9.1875;7.1429;5.499156836459417;3.5503568851473246
9.25;7.0286;5.499156836459417;3.5503568851473246
9.25;7.0286;5.499156836459417;3.5503568851473246
9.1875;6.9143;5.499156836459417;3.5503568851473246
9.125;6.9429;5.499156836459417;3.5503568851473246
8.875;6.8571;5.499156836459417;3.5503568851473246
8.6875;6.8571;5.499156836459417;3.5503568851473246
8.5625;6.7429;5.499156836459417;3.5503568851473246
8.4375;6.7143;5.499156836459417;3.5503568851473246
8.25;6.6857;5.499156836459417;3.5503568851473246
8.125;6.6286;5.499156836459417;3.5503568851473246
8.0;6.6;5.499156836459417;3.5503568851473246
7.9375;6.5429;5.499156836459417;3.5503568851473246
7.875;6.5143;5.499156836459417;3.5503568851473246
7.875;6.4571;5.499156836459417;3.5503568851473246
8.0;6.4;5.499156836459417;3.5503568851473246
8.0;6.4;5.499156836459417;3.5503568851473246
8.0;6.2571;5.499156836459417;3.5503568851473246
7.9375;6.2857;5.499156836459417;3.5503568851473246
7.9375;6.2286;5.499156836459417;3.5503568851473246
7.9375;6.2;5.499156836459417;3.5503568851473246
7.9375;6.1429;5.499156836459417;3.5503568851473246
8.0;6.0857;5.499156836459417;3.5503568851473246
7.9375;6.0571;5.499156836459417;3.5503568851473246
7.6875;6.0286;5.499156836459417;3.5503568851473246
7.375;5.9429;5.499156836459417;3.5503568851473246
7.125;6.0;5.499156836459417;3.5503568851473246
7.0;5.9143;5.499156836459417;3.5503568851473246
7.0625;5.8571;5.499156836459417;3.5503568851473246
7.0;5.8;5.499156836459417;3.5503568851473246
7.0;5.7429;5.499156836459417;3.5503568851473246
7.0;5.7143;5.499156836459417;3.5503568851473246
6.9375;5.7429;5.499156836459417;3.5503568851473246
6.9375;5.6286;5.499156836459417;3.5503568851473246
6.9375;5.6286;5.499156836459417;3.5503568851473246
6.9375;5.6571;5.499156836459417;3.5503568851473246
6.9375;5.6;5.499156836459417;3.5503568851473246
6.75;5.5429;5.499156836459417;3.5503568851473246
6.625;5.4571;5.499156836459417;3.5503568851473246
6.5625;5.4;5.499156836459417;3.5503568851473246
6.5625;5.3714;5.499156836459417;3.5503568851473246
6.5;5.2857;5.499156836459417;3.5503568851473246
6.375;5.2857;5.499156836459417;3.5503568851473246
6.3125;5.3143;5.499156836459417;3.5503568851473246
6.25;5.2;5.499156836459417;3.5503568851473246
6.25;5.1429;5.499156836459417;3.5503568851473246
6.25;5.1429;5.499156836459417;3.5503568851473246
6.25;5.1429;5.499156836459417;3.5503568851473246
6.1875;5.0857;5.499156836459417;3.5503568851473246
6.1875;4.9714;5.499156836459417;3.5503568851473246
6.1875;5.0;5.499156836459417;3.5503568851473246
6.125;4.9143;5.499156836459417;3.5503568851473246
6.0;4.8571;5.499156836459417;3.5503568851473246
5.9375;4.8571;5.499156836459417;3.5503568851473246
5.75;4.8;5.499156836459417;3.5503568851473246
5.5625;4.8;5.499156836459417;3.5503568851473246
5.5;4.7429;5.499156836459417;3.5503568851473246
5.6875;4.7429;5.499156836459417;3.5503568851473246
5.9375;4.6857;5.499156836459417;3.5503568851473246
6.125;4.6;5.499156836459417;3.5503568851473246
6.125;4.5714;5.499156836459417;3.5503568851473246
5.75;4.5714;5.499156836459417;3.5503568851473246
5.25;4.5143;5.499156836459417;3.5503568851473246
4.875;4.5143;5.499156836459417;3.5503568851473246
4.75;4.4857;5.499156836459417;3.5503568851473246
4.6875;4.4286;5.499156836459417;3.5503568851473246
4.75;4.4571;5.499156836459417;3.5503568851473246
4.8125;4.3429;5.499156836459417;3.5503568851473246
4.875;4.3429;5.499156836459417;3.5503568851473246
4.8125;4.2857;5.499156836459417;3.5503568851473246
4.75;4.1714;5.499156836459417;3.5503568851473246
4.6875;4.2;5.499156836459417;3.5503568851473246
4.5;4.2286;5.499156836459417;3.5503568851473246
4.4375;4.1143;5.499156836459417;3.5503568851473246
4.5625;4.0857;5.499156836459417;3.5503568851473246
4.6875;4.0286;5.499156836459417;3.5503568851473246
4.6875;4.0286;5.499156836459417;3.5503568851473246
4.5625;4.0571;5.499156836459417;3.5503568851473246
4.625;3.9714;5.499156836459417;3.5503568851473246
4.6875;3.8571;5.499156836459417;3.5503568851473246
4.5;3.8571;5.499156836459417;3.5503568851473246
4.3125;3.8857;5.499156836459417;3.5503568851473246
4.25;3.8286;5.499156836459417;3.5503568851473246
4.25;3.8;5.499156836459417;3.5503568851473246
4.3125;3.7714;5.499156836459417;3.5503568851473246
4.4375;3.7143;5.499156836459417;3.5503568851473246
4.5625;3.6571;5.499156836459417;3.5503568851473246
4.4375;3.6571;5.499156836459417;3.5503568851473246
4.1875;3.5714;5.499156836459417;3.5503568851473246
3.9375;3.5429;5.499156836459417;3.5503568851473246
3.8125;3.5714;5.499156836459417;3.5503568851473246
3.6875;3.4857;5.499156836459417;3.5503568851473246
3.8125;3.4571;5.499156836459417;3.5503568851473246
4.0625;3.4;5.499156836459417;3.5503568851473246
4.375;3.4;5.499156836459417;3.5503568851473246
4.625;3.4;5.499156836459417;3.5503568851473246
4.6875;3.3429;5.499156836459417;3.5503568851473246
4.6875;3.2857;5.499156836459417;3.5503568851473246
4.6875;3.2857;5.499156836459417;3.5503568851473246
4.5625;3.2;5.499156836459417;3.5503568851473246
4.1875;3.1143;5.499156836459417;3.5503568851473246
3.625;3.2;5.499156836459417;3.5503568851473246
3.1875;3.1429;5.499156836459417;3.5503568851473246
3.1875;3.1143;5.499156836459417;3.5503568851473246
3.4375;3.0857;5.499156836459417;3.5503568851473246
3.6875;2.9714;5.499156836459417;3.5503568851473246
3.75;2.9714;5.499156836459417;3.5503568851473246
3.6875;2.9714;5.499156836459417;3.5503568851473246
3.5625;2.9143;5.499156836459417;3.5503568851473246
3.375;2.8571;5.499156836459417;3.5503568851473246
3.375;2.8571;5.499156836459417;3.5503568851473246
3.5625;2.8286;5.499156836459417;3.5503568851473246
3.625;2.7714;5.499156836459417;3.5503568851473246
3.5625;2.7714;5.499156836459417;3.5503568851473246
3.625;2.7429;5.499156836459417;3.5503568851473246
3.875;2.6571;5.499156836459417;3.5503568851473246
4.25;2.6857;5.499156836459417;3.5503568851473246
4.1875;2.7429;5.499156836459417;3.5503568851473246
3.75;2.5714;5.499156836459417;3.5503568851473246
3.3125;2.5429;5.499156836459417;3.5503568851473246
3.375;2.5429;5.499156836459417;3.5503568851473246
3.625;2.5714;5.499156836459417;3.5503568851473246
3.6875;2.4571;5.499156836459417;3.5503568851473246
3.4375;2.4857;5.499156836459417;3.5503568851473246
3.1875;2.4;5.499156836459417;3.5503568851473246
3.1875;2.3714;5.499156836459417;3.5503568851473246
3.4375;2.4;5.499156836459417;3.5503568851473246
3.6875;2.3429;5.499156836459417;3.5503568851473246
3.8125;2.3143;5.499156836459417;3.5503568851473246
3.875;2.2571;5.499156836459417;3.5503568851473246
3.875;2.2857;5.499156836459417;3.5503568851473246
3.8125;2.2857;5.499156836459417;3.5503568851473246
3.5625;2.1714;5.499156836459417;3.5503568851473246
3.375;2.1143;5.499156836459417;3.5503568851473246
3.3125;2.1714;5.499156836459417;3.5503568851473246
3.3125;2.0571;5.499156836459417;3.5503568851473246
3.375;2.0;5.499156836459417;3.5503568851473246
3.5;2.0;5.499156836459417;3.5503568851473246
3.5625;2.0571;5.499156836459417;3.5503568851473246
3.4375;1.9714;5.499156836459417;3.5503568851473246
3.1875;1.9429;5.499156836459417;3.5503568851473246
3.1875;1.9143;5.499156836459417;3.5503568851473246
3.1875;1.9429;5.499156836459417;3.5503568851473246
2.9375;1.8571;5.499156836459417;3.5503568851473246
2.875;1.8286;5.499156836459417;3.5503568851473246
3.0625;1.8;5.499156836459417;3.5503568851473246
3.1875;1.8;5.499156836459417;3.5503568851473246
3.25;1.7143;5.499156836459417;3.5503568851473246
3.25;1.7143;5.499156836459417;3.5503568851473246
2.8125;1.6857;5.499156836459417;3.5503568851473246
2.0625;1.6571;5.499156836459417;3.5503568851473246
1.375;1.6571;5.499156836459417;3.5503568851473246
1.375;1.5429;5.499156836459417;3.5503568851473246
1.9375;1.5429;5.499156836459417;3.5503568851473246
2.25;1.5143;5.499156836459417;3.5503568851473246
2.0;1.5714;5.499156836459417;3.5503568851473246
1.625;1.4857;5.499156836459417;3.5503568851473246
1.25;1.5143;5.499156836459417;3.5503568851473246
0.875;1.4857;5.499156836459417;3.5503568851473246
0.5625;1.4286;5.499156836459417;3.5503568851473246
0.5;1.3714;5.499156836459417;3.5503568851473246
0.4375;1.4;5.499156836459417;3.5503568851473246
0.75;1.3714;5.499156836459417;3.5503568851473246
1.5625;1.3429;5.499156836459417;3.5503568851473246
2.5;1.3143;5.499156836459417;3.5503568851473246
3.0625;1.3143;5.499156836459417;3.5503568851473246
3.0;1.2857;5.499156836459417;3.5503568851473246
2.4375;1.2571;5.499156836459417;3.5503568851473246
1.75;1.1714;5.499156836459417;3.5503568851473246
1.5;1.2;5.499156836459417;3.5503568851473246
1.4375;1.2;5.499156836459417;3.5503568851473246
1.5;1.0857;5.499156836459417;3.5503568851473246
1.5625;1.2;5.499156836459417;3.5503568851473246
2.0625;1.1429;5.499156836459417;3.5503568851473246
2.8125;1.0571;5.499156836459417;3.5503568851473246
3.125;1.0286;5.499156836459417;3.5503568851473246
2.9375;0.9429;5.499156836459417;3.5503568851473246
2.125;1.0;5.499156836459417;3.5503568851473246
1.25;1.0571;5.499156836459417;3.5503568851473246
1.0;0.9714;5.499156836459417;3.5503568851473246
1.375;0.9429;5.499156836459417;3.5503568851473246
1.6875;0.9143;5.499156836459417;3.5503568851473246
1.875;0.8571;5.499156836459417;3.5503568851473246
2.1875;0.8571;5.499156836459417;3.5503568851473246
2.375;0.9143;5.499156836459417;3.5503568851473246
2.375;0.8;5.499156836459417;3.5503568851473246
2.25;0.8857;5.499156836459417;3.5503568851473246
1.8125;0.8571;5.499156836459417;3.5503568851473246
1.25;0.8;5.499156836459417;3.5503568851473246
1.0625;0.8;5.499156836459417;3.5503568851473246
1.1875;0.7714;5.499156836459417;3.5503568851473246
1.375;0.7429;5.499156836459417;3.5503568851473246
1.5;0.8286;5.499156836459417;3.5503568851473246
1.5625;0.6857;5.499156836459417;3.5503568851473246
1.625;0.6571;5.499156836459417;3.5503568851473246
1.625;0.7429;5.499156836459417;3.5503568851473246
1.4375;0.6;5.499156836459417;3.5503568851473246
1.4375;0.6;5.499156836459417;3.5503568851473246
1.5;0.5143;5.499156836459417;3.5503568851473246
1.3125;0.6;5.499156836459417;3.5503568851473246
1.0625;0.5714;5.499156836459417;3.5503568851473246
1.1875;0.6;5.499156836459417;3.5503568851473246
1.5;0.5714;5.499156836459417;3.5503568851473246
1.75;0.5714;5.499156836459417;3.5503568851473246
1.875;0.5429;5.499156836459417;3.5503568851473246
1.75;0.5429;5.499156836459417;3.5503568851473246
1.6875;0.5429;5.499156836459417;3.5503568851473246
1.6875;0.5714;5.499156836459417;3.5503568851473246
1.75;0.4857;5.499156836459417;3.5503568851473246
1.9375;0.4;5.499156836459417;3.5503568851473246
2.1875;0.4571;5.499156836459417;3.5503568851473246
2.375;0.4571;5.499156836459417;3.5503568851473246
2.375;0.4857;5.499156836459417;3.5503568851473246
2.25;0.4571;5.499156836459417;3.5503568851473246
1.9375;0.4286;5.499156836459417;3.5503568851473246
2.0625;0.4571;5.499156836459417;3.5503568851473246
2.5625;0.3714;5.499156836459417;3.5503568851473246
2.75;0.4;5.499156836459417;3.5503568851473246
2.375;0.3429;5.499156836459417;3.5503568851473246
2.25;0.3429;5.499156836459417;3.5503568851473246
2.375;0.2;5.499156836459417;3.5503568851473246
2.0625;0.3714;5.499156836459417;3.5503568851473246
1.5625;0.2571;5.499156836459417;3.5503568851473246
1.125;0.3143;5.499156836459417;3.5503568851473246
0.9375;0.2857;5.499156836459417;3.5503568851473246
0.875;0.2571;5.499156836459417;3.5503568851473246
1.0;0.2857;5.499156836459417;3.5503568851473246
1.0;0.2286;5.499156836459417;3.5503568851473246
0.5;0.2571;5.499156836459417;3.5503568851473246
0.0;0.1714;5.499156836459417;3.5503568851473246
0.125;0.2571;5.499156836459417;3.5503568851473246
0.5;0.2;5.499156836459417;3.5503568851473246
0.75;0.1714;5.499156836459417;3.5503568851473246
1.125;0.2571;5.499156836459417;3.5503568851473246
1.625;0.2286;5.499156836459417;3.5503568851473246
1.8125;0.3143;5.499156836459417;3.5503568851473246
1.5625;0.1143;5.499156836459417;3.5503568851473246
1.1875;0.1714;5.499156836459417;3.5503568851473246
1.0625;0.1714;5.499156836459417;3.5503568851473246
1.0625;0.1429;5.499156836459417;3.5503568851473246
1.0;0.1714;5.499156836459417;3.5503568851473246
1.1875;0.2;5.499156836459417;3.5503568851473246
1.5625;0.1714;5.499156836459417;3.5503568851473246
1.875;0.2286;5.499156836459417;3.5503568851473246
2.0;0.2;5.499156836459417;3.5503568851473246
2.1875;0.2;5.499156836459417;3.5503568851473246
2.5625;0.2;5.499156836459417;3.5503568851473246
2.875;0.2286;5.499156836459417;3.5503568851473246
2.75;0.1714;5.499156836459417;3.5503568851473246
2.125;0.2571;5.499156836459417;3.5503568851473246
1.75;0.1714;5.499156836459417;3.5503568851473246
1.5;0.1429;5.499156836459417;3.5503568851473246
1.1875;0.2571;5.499156836459417;3.5503568851473246
1.0625;0.0857;5.499156836459417;3.5503568851473246
1.25;0.1429;5.499156836459417;3.5503568851473246
1.375;0.2857;5.499156836459417;3.5503568851473246
1.5;0.0857;5.499156836459417;3.5503568851473246
1.5625;0.1714;5.499156836459417;3.5503568851473246
1.6875;0.2;5.499156836459417;3.5503568851473246
1.8125;0.2286;5.499156836459417;3.5503568851473246
1.6875;0.1714;5.499156836459417;3.5503568851473246
1.8125;0.1714;5.499156836459417;3.5503568851473246
2.125;0.1429;5.499156836459417;3.5503568851473246
2.125;0.2;5.499156836459417;3.5503568851473246
1.5;0.0;5.499156836459417;3.5503568851473246
1.0;0.1143;5.499156836459417;3.5503568851473246
1.0;0.1143;5.499156836459417;3.5503568851473246
1.25;0.1429;5.499156836459417;3.5503568851473246
1.375;0.0571;5.499156836459417;3.5503568851473246
1.3125;0.0857;5.499156836459417;3.5503568851473246
1.3125;0.1143;5.499156836459417;3.5503568851473246
1.6875;0.1429;5.499156836459417;3.5503568851473246
2.0625;0.1429;5.499156836459417;3.5503568851473246
2.0;0.1143;5.499156836459417;3.5503568851473246
2.125;0.1143;5.499156836459417;3.5503568851473246
2.4375;0.1143;5.499156836459417;3.5503568851473246
2.375;0.1143;5.499156836459417;3.5503568851473246
2.0;0.1143;5.499156836459417;3.5503568851473246
1.5;0.0857;5.499156836459417;3.5503568851473246
1.375;0.1143;5.499156836459417;3.5503568851473246
1.625;0.1143;5.499156836459417;3.5503568851473246
1.9375;0.1714;5.499156836459417;3.5503568851473246
2.125;0.0571;5.499156836459417;3.5503568851473246
2.125;0.0571;5.499156836459417;3.5503568851473246
2.1875;0.1143;5.499156836459417;3.5503568851473246
2.5;0.1429;5.499156836459417;3.5503568851473246
2.875;0.1714;5.499156836459417;3.5503568851473246
3.0625;0.0857;5.499156836459417;3.5503568851473246
3.125;0.1714;5.499156836459417;3.5503568851473246
3.125;0.0857;5.499156836459417;3.5503568851473246
3.0625;0.1714;5.499156836459417;3.5503568851473246
2.9375;0.1143;5.499156836459417;3.5503568851473246
2.5625;0.1714;5.499156836459417;3.5503568851473246
1.8125;0.1429;5.499156836459417;3.5503568851473246
1.375;0.1143;5.499156836459417;3.5503568851473246
1.5625;0.1714;5.499156836459417;3.5503568851473246
2.0;0.2;5.499156836459417;3.5503568851473246
2.5;0.0857;5.499156836459417;3.5503568851473246
2.75;0.1714;5.499156836459417;3.5503568851473246
2.6875;0.0;5.499156836459417;3.5503568851473246
2.25;0.1714;5.499156836459417;3.5503568851473246
1.75;0.0571;5.499156836459417;3.5503568851473246
1.6875;0.1143;5.499156836459417;3.5503568851473246
1.875;0.0857;5.499156836459417;3.5503568851473246
1.9375;0.0571;5.499156836459417;3.5503568851473246
1.6875;0.0;5.499156836459417;3.5503568851473246
1.5625;0.0571;5.499156836459417;3.5503568851473246
1.5625;0.0286;5.499156836459417;3.5503568851473246
1.5;0.0571;5.499156836459417;3.5503568851473246
1.875;0.0571;5.499156836459417;3.5503568851473246
2.3125;0.0857;5.499156836459417;3.5503568851473246
1.8125;0.1143;5.499156836459417;3.5503568851473246
1.1875;0.1429;5.499156836459417;3.5503568851473246
1.1875;0.0857;5.499156836459417;3.5503568851473246
1.75;0.1143;5.499156836459417;3.5503568851473246
2.1875;-0.0571;5.499156836459417;3.5503568851473246
2.375;0.0571;5.499156836459417;3.5503568851473246
2.125;0.0571;5.499156836459417;3.5503568851473246
1.6875;0.0571;5.499156836459417;3.5503568851473246
1.3125;0.1143;5.499156836459417;3.5503568851473246
1.125;0.0857;5.499156836459417;3.5503568851473246
1.0625;0.0571;5.499156836459417;3.5503568851473246
1.0;0.0;5.499156836459417;3.5503568851473246
0.9375;0.0286;5.499156836459417;3.5503568851473246
1.25;0.0571;5.499156836459417;3.5503568851473246
1.5625;0.0571;5.499156836459417;3.5503568851473246
1.375;0.0286;5.499156836459417;3.5503568851473246
0.9375;0.0857;5.499156836459417;3.5503568851473246
0.875;0.1429;5.499156836459417;3.5503568851473246
1.1875;0.0571;5.499156836459417;3.5503568851473246
1.25;0.0571;5.499156836459417;3.5503568851473246
1.3125;0.0857;5.499156836459417;3.5503568851473246
1.75;0.0571;5.499156836459417;3.5503568851473246
