SF-A-022;Sensirion;RMSE;MAE
10.98;-10.5714;299.19324434097365;210.87001437307572
10.9;-10.4286;299.19324434097365;210.87001437307572
10.8;-10.4;299.19324434097365;210.87001437307572
10.72;-10.3429;299.19324434097365;210.87001437307572
10.68;-10.2571;299.19324434097365;210.87001437307572
10.61;-10.2;299.19324434097365;210.87001437307572
10.52;-10.1143;299.19324434097365;210.87001437307572
10.47;-10.0857;299.19324434097365;210.87001437307572
10.43;-10.0286;299.19324434097365;210.87001437307572
10.36;-9.9714;299.19324434097365;210.87001437307572
10.31;-9.9143;299.19324434097365;210.87001437307572
10.25;-9.8286;299.19324434097365;210.87001437307572
10.18;-9.8571;299.19324434097365;210.87001437307572
10.13;-9.7143;299.19324434097365;210.87001437307572
10.08;-9.6286;299.19324434097365;210.87001437307572
10.04;-9.6286;299.19324434097365;210.87001437307572
10.02;-9.6286;299.19324434097365;210.87001437307572
9.98;-9.6;299.19324434097365;210.87001437307572
9.96;-9.5714;299.19324434097365;210.87001437307572
9.91;-9.5429;299.19324434097365;210.87001437307572
9.86;-9.5143;299.19324434097365;210.87001437307572
9.85;-9.4857;299.19324434097365;210.87001437307572
9.87;-9.4571;299.19324434097365;210.87001437307572
9.93;-9.4857;299.19324434097365;210.87001437307572
10.0;-9.5429;299.19324434097365;210.87001437307572
10.13;-9.6286;299.19324434097365;210.87001437307572
10.28;-9.8286;299.19324434097365;210.87001437307572
10.4;-9.9714;299.19324434097365;210.87001437307572
10.61;-10.1429;299.19324434097365;210.87001437307572
10.89;-10.2857;299.19324434097365;210.87001437307572
11.15;-10.5429;299.19324434097365;210.87001437307572
11.45;-10.8571;299.19324434097365;210.87001437307572
11.81;-11.2571;299.19324434097365;210.87001437307572
12.2;-11.5714;299.19324434097365;210.87001437307572
12.62;-11.9714;299.19324434097365;210.87001437307572
13.09;-12.4;299.19324434097365;210.87001437307572
13.57;-12.8857;299.19324434097365;210.87001437307572
14.16;-13.4286;299.19324434097365;210.87001437307572
14.68;-13.9429;299.19324434097365;210.87001437307572
15.37;-14.5714;299.19324434097365;210.87001437307572
16.06;-15.2;299.19324434097365;210.87001437307572
16.79;-15.8286;299.19324434097365;210.87001437307572
17.55;-16.6571;299.19324434097365;210.87001437307572
18.38;-17.4857;299.19324434097365;210.87001437307572
19.23;-18.2857;299.19324434097365;210.87001437307572
20.08;-19.0286;299.19324434097365;210.87001437307572
21.02;-19.8571;299.19324434097365;210.87001437307572
22.03;-20.7429;299.19324434097365;210.87001437307572
23.08;-21.7143;299.19324434097365;210.87001437307572
24.31;-22.6857;299.19324434097365;210.87001437307572
25.36;-23.7143;299.19324434097365;210.87001437307572
26.61;-24.7714;299.19324434097365;210.87001437307572
27.92;-25.8571;299.19324434097365;210.87001437307572
29.12;-27.0857;299.19324434097365;210.87001437307572
30.31;-28.2571;299.19324434097365;210.87001437307572
31.5;-29.4571;299.19324434097365;210.87001437307572
32.67;-30.5429;299.19324434097365;210.87001437307572
33.88;-31.8;299.19324434097365;210.87001437307572
35.26;-33.0857;299.19324434097365;210.87001437307572
36.62;-34.2286;299.19324434097365;210.87001437307572
38.07;-35.6;299.19324434097365;210.87001437307572
39.47;-37.0286;299.19324434097365;210.87001437307572
40.79;-38.3714;299.19324434097365;210.87001437307572
42.21;-39.5429;299.19324434097365;210.87001437307572
43.48;-40.8286;299.19324434097365;210.87001437307572
44.9;-42.1429;299.19324434097365;210.87001437307572
46.27;-43.4571;299.19324434097365;210.87001437307572
47.82;-44.8286;299.19324434097365;210.87001437307572
49.15;-46.1714;299.19324434097365;210.87001437307572
50.31;-47.6;299.19324434097365;210.87001437307572
51.57;-48.8571;299.19324434097365;210.87001437307572
52.83;-50.1143;299.19324434097365;210.87001437307572
53.98;-51.3714;299.19324434097365;210.87001437307572
55.28;-52.5143;299.19324434097365;210.87001437307572
56.73;-53.8857;299.19324434097365;210.87001437307572
58.07;-55.0;299.19324434097365;210.87001437307572
59.45;-56.2857;299.19324434097365;210.87001437307572
60.68;-57.7429;299.19324434097365;210.87001437307572
61.98;-59.1714;299.19324434097365;210.87001437307572
63.2;-60.6286;299.19324434097365;210.87001437307572
64.43;-61.7429;299.19324434097365;210.87001437307572
66.15;-62.8286;299.19324434097365;210.87001437307572
67.41;-64.2286;299.19324434097365;210.87001437307572
68.74;-65.6857;299.19324434097365;210.87001437307572
70.13;-67.0857;299.19324434097365;210.87001437307572
71.23;-68.5143;299.19324434097365;210.87001437307572
72.53;-69.1143;299.19324434097365;210.87001437307572
73.79;-70.5714;299.19324434097365;210.87001437307572
75.29;-71.7714;299.19324434097365;210.87001437307572
76.77;-73.7429;299.19324434097365;210.87001437307572
78.67;-75.2286;299.19324434097365;210.87001437307572
80.25;-76.6857;299.19324434097365;210.87001437307572
81.82;-78.5714;299.19324434097365;210.87001437307572
83.02;-80.0286;299.19324434097365;210.87001437307572
84.45;-81.8571;299.19324434097365;210.87001437307572
85.61;-82.9429;299.19324434097365;210.87001437307572
86.85;-83.6;299.19324434097365;210.87001437307572
88.02;-85.0857;299.19324434097365;210.87001437307572
89.29;-86.6571;299.19324434097365;210.87001437307572
90.14;-87.4857;299.19324434097365;210.87001437307572
91.15;-88.4286;299.19324434097365;210.87001437307572
92.66;-90.2857;299.19324434097365;210.87001437307572
94.38;-90.9714;299.19324434097365;210.87001437307572
95.83;-92.3714;299.19324434097365;210.87001437307572
97.17;-93.6;299.19324434097365;210.87001437307572
98.28;-95.1429;299.19324434097365;210.87001437307572
99.25;-95.8857;299.19324434097365;210.87001437307572
100.49;-97.4286;299.19324434097365;210.87001437307572
101.67;-98.2571;299.19324434097365;210.87001437307572
103.22;-99.7143;299.19324434097365;210.87001437307572
104.73;-100.5714;299.19324434097365;210.87001437307572
106.19;-101.0286;299.19324434097365;210.87001437307572
107.52;-102.7714;299.19324434097365;210.87001437307572
109.4;-104.8;299.19324434097365;210.87001437307572
110.54;-105.2286;299.19324434097365;210.87001437307572
111.87;-107.8571;299.19324434097365;210.87001437307572
113.17;-109.4571;299.19324434097365;210.87001437307572
113.83;-110.0286;299.19324434097365;210.87001437307572
115.52;-111.0;299.19324434097365;210.87001437307572
116.66;-111.7143;299.19324434097365;210.87001437307572
117.72;-111.8857;299.19324434097365;210.87001437307572
119.12;-114.6;299.19324434097365;210.87001437307572
120.14;-115.7143;299.19324434097365;210.87001437307572
121.41;-116.4286;299.19324434097365;210.87001437307572
122.21;-117.0;299.19324434097365;210.87001437307572
123.47;-119.4571;299.19324434097365;210.87001437307572
124.91;-120.8571;299.19324434097365;210.87001437307572
126.16;-121.9143;299.19324434097365;210.87001437307572
127.58;-122.6571;299.19324434097365;210.87001437307572
129.1;-123.0;299.19324434097365;210.87001437307572
130.27;-124.5714;299.19324434097365;210.87001437307572
131.68;-126.7714;299.19324434097365;210.87001437307572
132.71;-127.6857;299.19324434097365;210.87001437307572
133.98;-129.2571;299.19324434097365;210.87001437307572
134.49;-130.2857;299.19324434097365;210.87001437307572
135.62;-130.8571;299.19324434097365;210.87001437307572
136.36;-132.0857;299.19324434097365;210.87001437307572
137.29;-132.0;299.19324434097365;210.87001437307572
138.99;-133.4286;299.19324434097365;210.87001437307572
140.25;-135.0857;299.19324434097365;210.87001437307572
141.67;-135.7143;299.19324434097365;210.87001437307572
142.72;-136.0;299.19324434097365;210.87001437307572
143.68;-138.0857;299.19324434097365;210.87001437307572
145.27;-139.3429;299.19324434097365;210.87001437307572
146.06;-140.9429;299.19324434097365;210.87001437307572
147.34;-143.6;299.19324434097365;210.87001437307572
148.06;-143.3429;299.19324434097365;210.87001437307572
149.05;-145.1714;299.19324434097365;210.87001437307572
150.65;-145.9714;299.19324434097365;210.87001437307572
151.19;-146.4286;299.19324434097365;210.87001437307572
152.62;-147.8;299.19324434097365;210.87001437307572
153.34;-148.6857;299.19324434097365;210.87001437307572
154.7;-149.6857;299.19324434097365;210.87001437307572
156.62;-150.5143;299.19324434097365;210.87001437307572
157.47;-153.2857;299.19324434097365;210.87001437307572
158.55;-154.6;299.19324434097365;210.87001437307572
159.66;-155.6571;299.19324434097365;210.87001437307572
160.42;-156.2857;299.19324434097365;210.87001437307572
160.71;-157.6857;299.19324434097365;210.87001437307572
162.09;-157.3143;299.19324434097365;210.87001437307572
163.54;-158.2857;299.19324434097365;210.87001437307572
164.68;-159.5714;299.19324434097365;210.87001437307572
165.43;-161.1429;299.19324434097365;210.87001437307572
166.51;-161.2857;299.19324434097365;210.87001437307572
167.56;-160.3143;299.19324434097365;210.87001437307572
168.25;-162.9429;299.19324434097365;210.87001437307572
168.61;-163.9143;299.19324434097365;210.87001437307572
169.38;-164.8857;299.19324434097365;210.87001437307572
170.95;-163.6;299.19324434097365;210.87001437307572
172.0;-165.0;299.19324434097365;210.87001437307572
172.73;-165.7143;299.19324434097365;210.87001437307572
172.65;-166.6857;299.19324434097365;210.87001437307572
172.4;-167.2857;299.19324434097365;210.87001437307572
173.29;-168.5429;299.19324434097365;210.87001437307572
174.76;-167.5714;299.19324434097365;210.87001437307572
175.89;-168.6;299.19324434097365;210.87001437307572
176.28;-169.8286;299.19324434097365;210.87001437307572
177.35;-171.3143;299.19324434097365;210.87001437307572
178.43;-172.4286;299.19324434097365;210.87001437307572
179.24;-172.6;299.19324434097365;210.87001437307572
180.61;-173.3143;299.19324434097365;210.87001437307572
181.36;-174.4;299.19324434097365;210.87001437307572
182.42;-175.5714;299.19324434097365;210.87001437307572
183.28;-176.2571;299.19324434097365;210.87001437307572
184.01;-176.6;299.19324434097365;210.87001437307572
185.15;-177.3143;299.19324434097365;210.87001437307572
186.28;-178.3714;299.19324434097365;210.87001437307572
186.43;-179.9714;299.19324434097365;210.87001437307572
187.35;-180.5714;299.19324434097365;210.87001437307572
188.24;-181.5429;299.19324434097365;210.87001437307572
188.92;-180.4;299.19324434097365;210.87001437307572
190.58;-181.6571;299.19324434097365;210.87001437307572
190.34;-185.2;299.19324434097365;210.87001437307572
190.7;-184.4857;299.19324434097365;210.87001437307572
191.87;-184.6;299.19324434097365;210.87001437307572
192.07;-184.5429;299.19324434097365;210.87001437307572
192.27;-184.6857;299.19324434097365;210.87001437307572
193.24;-186.0286;299.19324434097365;210.87001437307572
192.88;-187.4;299.19324434097365;210.87001437307572
195.01;-186.5143;299.19324434097365;210.87001437307572
195.44;-186.3714;299.19324434097365;210.87001437307572
196.66;-189.7429;299.19324434097365;210.87001437307572
197.6;-190.2;299.19324434097365;210.87001437307572
198.53;-190.9143;299.19324434097365;210.87001437307572
199.28;-190.9714;299.19324434097365;210.87001437307572
199.47;-191.5143;299.19324434097365;210.87001437307572
199.86;-192.1429;299.19324434097365;210.87001437307572
200.29;-193.8286;299.19324434097365;210.87001437307572
200.94;-194.8286;299.19324434097365;210.87001437307572
202.19;-194.1429;299.19324434097365;210.87001437307572
202.37;-194.6571;299.19324434097365;210.87001437307572
203.95;-195.5714;299.19324434097365;210.87001437307572
204.61;-195.5714;299.19324434097365;210.87001437307572
205.15;-195.7429;299.19324434097365;210.87001437307572
205.94;-199.9714;299.19324434097365;210.87001437307572
206.68;-198.7143;299.19324434097365;210.87001437307572
208.28;-200.3143;299.19324434097365;210.87001437307572
207.5;-201.3143;299.19324434097365;210.87001437307572
208.72;-200.2857;299.19324434097365;210.87001437307572
208.56;-201.0857;299.19324434097365;210.87001437307572
208.41;-201.6;299.19324434097365;210.87001437307572
209.98;-201.5143;299.19324434097365;210.87001437307572
211.22;-202.2286;299.19324434097365;210.87001437307572
212.23;-201.9714;299.19324434097365;210.87001437307572
214.24;-204.9714;299.19324434097365;210.87001437307572
214.12;-207.0857;299.19324434097365;210.87001437307572
213.78;-205.8286;299.19324434097365;210.87001437307572
215.32;-207.1143;299.19324434097365;210.87001437307572
216.19;-205.5714;299.19324434097365;210.87001437307572
215.24;-206.4286;299.19324434097365;210.87001437307572
215.45;-205.2286;299.19324434097365;210.87001437307572
217.23;-207.7143;299.19324434097365;210.87001437307572
218.3;-208.1429;299.19324434097365;210.87001437307572
218.62;-210.8571;299.19324434097365;210.87001437307572
218.92;-209.6571;299.19324434097365;210.87001437307572
219.93;-210.4;299.19324434097365;210.87001437307572
220.94;-213.2571;299.19324434097365;210.87001437307572
221.99;-211.0571;299.19324434097365;210.87001437307572
223.19;-214.2571;299.19324434097365;210.87001437307572
224.02;-213.4857;299.19324434097365;210.87001437307572
223.76;-215.1429;299.19324434097365;210.87001437307572
225.03;-215.8286;299.19324434097365;210.87001437307572
224.84;-216.0571;299.19324434097365;210.87001437307572
225.14;-216.3714;299.19324434097365;210.87001437307572
226.02;-216.6571;299.19324434097365;210.87001437307572
227.1;-216.3714;299.19324434097365;210.87001437307572
226.7;-216.1429;299.19324434097365;210.87001437307572
226.56;-216.8857;299.19324434097365;210.87001437307572
226.98;-214.9143;299.19324434097365;210.87001437307572
227.51;-217.1143;299.19324434097365;210.87001437307572
228.65;-216.2857;299.19324434097365;210.87001437307572
228.96;-217.1714;299.19324434097365;210.87001437307572
229.43;-217.0857;299.19324434097365;210.87001437307572
228.99;-218.6857;299.19324434097365;210.87001437307572
230.13;-216.9143;299.19324434097365;210.87001437307572
230.68;-216.5714;299.19324434097365;210.87001437307572
231.22;-217.6;299.19324434097365;210.87001437307572
231.0;-217.4571;299.19324434097365;210.87001437307572
231.0;-218.4571;299.19324434097365;210.87001437307572
232.77;-217.1143;299.19324434097365;210.87001437307572
233.27;-219.1143;299.19324434097365;210.87001437307572
233.58;-219.0;299.19324434097365;210.87001437307572
234.12;-219.1429;299.19324434097365;210.87001437307572
233.64;-219.0286;299.19324434097365;210.87001437307572
232.91;-218.6;299.19324434097365;210.87001437307572
234.13;-219.2571;299.19324434097365;210.87001437307572
235.07;-218.6571;299.19324434097365;210.87001437307572
235.66;-219.3143;299.19324434097365;210.87001437307572
236.66;-218.8571;299.19324434097365;210.87001437307572
237.14;-219.3714;299.19324434097365;210.87001437307572
237.47;-219.9143;299.19324434097365;210.87001437307572
237.65;-219.8286;299.19324434097365;210.87001437307572
237.15;-219.9143;299.19324434097365;210.87001437307572
236.75;-219.9143;299.19324434097365;210.87001437307572
238.8;-218.3429;299.19324434097365;210.87001437307572
239.72;-219.9143;299.19324434097365;210.87001437307572
238.72;-219.9429;299.19324434097365;210.87001437307572
239.12;-219.9143;299.19324434097365;210.87001437307572
240.15;-219.9143;299.19324434097365;210.87001437307572
239.61;-219.9143;299.19324434097365;210.87001437307572
240.0;-219.9429;299.19324434097365;210.87001437307572
240.42;-219.9143;299.19324434097365;210.87001437307572
241.5;-219.9429;299.19324434097365;210.87001437307572
241.6;-219.9143;299.19324434097365;210.87001437307572
241.71;-219.9429;299.19324434097365;210.87001437307572
242.25;-219.9143;299.19324434097365;210.87001437307572
243.54;-219.9143;299.19324434097365;210.87001437307572
244.24;-219.9143;299.19324434097365;210.87001437307572
243.78;-219.9429;299.19324434097365;210.87001437307572
245.28;-219.9429;299.19324434097365;210.87001437307572
244.72;-219.9429;299.19324434097365;210.87001437307572
245.54;-219.9429;299.19324434097365;210.87001437307572
246.43;-219.9429;299.19324434097365;210.87001437307572
246.49;-219.9429;299.19324434097365;210.87001437307572
246.37;-219.9429;299.19324434097365;210.87001437307572
244.22;-219.9429;299.19324434097365;210.87001437307572
244.72;-219.9429;299.19324434097365;210.87001437307572
244.82;-219.9143;299.19324434097365;210.87001437307572
246.67;-219.9429;299.19324434097365;210.87001437307572
247.9;-219.9429;299.19324434097365;210.87001437307572
248.63;-219.9714;299.19324434097365;210.87001437307572
249.57;-219.9714;299.19324434097365;210.87001437307572
250.52;-219.9714;299.19324434097365;210.87001437307572
250.54;-219.9714;299.19324434097365;210.87001437307572
249.94;-219.9429;299.19324434097365;210.87001437307572
252.3;-219.9429;299.19324434097365;210.87001437307572
252.42;-219.9429;299.19324434097365;210.87001437307572
250.4;-219.9429;299.19324434097365;210.87001437307572
250.8;-219.9714;299.19324434097365;210.87001437307572
251.25;-219.9429;299.19324434097365;210.87001437307572
251.63;-219.9714;299.19324434097365;210.87001437307572
253.56;-219.9714;299.19324434097365;210.87001437307572
253.11;-220.0;299.19324434097365;210.87001437307572
251.98;-219.9714;299.19324434097365;210.87001437307572
253.22;-219.9714;299.19324434097365;210.87001437307572
254.42;-220.0;299.19324434097365;210.87001437307572
255.98;-219.9714;299.19324434097365;210.87001437307572
255.72;-220.0;299.19324434097365;210.87001437307572
255.6;-220.0;299.19324434097365;210.87001437307572
256.13;-220.0;299.19324434097365;210.87001437307572
255.92;-220.0;299.19324434097365;210.87001437307572
255.07;-220.0;299.19324434097365;210.87001437307572
256.41;-220.0;299.19324434097365;210.87001437307572
257.79;-220.0;299.19324434097365;210.87001437307572
258.99;-220.0;299.19324434097365;210.87001437307572
257.06;-220.0;299.19324434097365;210.87001437307572
257.19;-220.0;299.19324434097365;210.87001437307572
256.99;-220.0;299.19324434097365;210.87001437307572
258.14;-220.0;299.19324434097365;210.87001437307572
259.94;-220.0;299.19324434097365;210.87001437307572
259.07;-220.0;299.19324434097365;210.87001437307572
259.46;-220.0;299.19324434097365;210.87001437307572
259.76;-220.0;299.19324434097365;210.87001437307572
261.86;-220.0;299.19324434097365;210.87001437307572
261.93;-220.0;299.19324434097365;210.87001437307572
262.93;-220.0;299.19324434097365;210.87001437307572
262.16;-220.0;299.19324434097365;210.87001437307572
261.58;-220.0;299.19324434097365;210.87001437307572
259.64;-220.0;299.19324434097365;210.87001437307572
260.24;-220.0;299.19324434097365;210.87001437307572
259.9;-220.0;299.19324434097365;210.87001437307572
262.43;-220.0;299.19324434097365;210.87001437307572
263.55;-220.0;299.19324434097365;210.87001437307572
264.38;-220.0;299.19324434097365;210.87001437307572
263.81;-220.0;299.19324434097365;210.87001437307572
264.57;-220.0;299.19324434097365;210.87001437307572
264.49;-220.0;299.19324434097365;210.87001437307572
264.75;-220.0;299.19324434097365;210.87001437307572
264.82;-220.0;299.19324434097365;210.87001437307572
264.98;-220.0;299.19324434097365;210.87001437307572
265.46;-220.0;299.19324434097365;210.87001437307572
265.82;-220.0;299.19324434097365;210.87001437307572
266.25;-220.0;299.19324434097365;210.87001437307572
265.58;-220.0;299.19324434097365;210.87001437307572
267.71;-220.0;299.19324434097365;210.87001437307572
268.62;-220.0;299.19324434097365;210.87001437307572
267.77;-220.0;299.19324434097365;210.87001437307572
268.27;-220.0;299.19324434097365;210.87001437307572
267.35;-220.0;299.19324434097365;210.87001437307572
266.78;-220.0;299.19324434097365;210.87001437307572
266.81;-220.0;299.19324434097365;210.87001437307572
267.93;-220.0;299.19324434097365;210.87001437307572
268.26;-220.0;299.19324434097365;210.87001437307572
267.99;-220.0;299.19324434097365;210.87001437307572
268.85;-220.0;299.19324434097365;210.87001437307572
269.7;-220.0;299.19324434097365;210.87001437307572
270.14;-220.0;299.19324434097365;210.87001437307572
271.39;-220.0;299.19324434097365;210.87001437307572
271.34;-220.0;299.19324434097365;210.87001437307572
269.16;-220.0;299.19324434097365;210.87001437307572
268.27;-220.0;299.19324434097365;210.87001437307572
270.38;-220.0;299.19324434097365;210.87001437307572
271.47;-220.0;299.19324434097365;210.87001437307572
271.62;-220.0;299.19324434097365;210.87001437307572
272.47;-220.0;299.19324434097365;210.87001437307572
272.86;-220.0;299.19324434097365;210.87001437307572
272.89;-220.0;299.19324434097365;210.87001437307572
273.72;-220.0;299.19324434097365;210.87001437307572
275.64;-220.0;299.19324434097365;210.87001437307572
275.43;-220.0;299.19324434097365;210.87001437307572
274.64;-220.0;299.19324434097365;210.87001437307572
274.36;-220.0;299.19324434097365;210.87001437307572
273.59;-220.0;299.19324434097365;210.87001437307572
274.42;-220.0;299.19324434097365;210.87001437307572
275.74;-220.0;299.19324434097365;210.87001437307572
276.25;-220.0;299.19324434097365;210.87001437307572
275.56;-220.0;299.19324434097365;210.87001437307572
275.03;-220.0;299.19324434097365;210.87001437307572
276.36;-220.0;299.19324434097365;210.87001437307572
277.65;-220.0;299.19324434097365;210.87001437307572
276.59;-220.0;299.19324434097365;210.87001437307572
276.32;-220.0;299.19324434097365;210.87001437307572
276.2;-220.0;299.19324434097365;210.87001437307572
275.43;-220.0;299.19324434097365;210.87001437307572
274.47;-220.0;299.19324434097365;210.87001437307572
273.88;-220.0;299.19324434097365;210.87001437307572
272.91;-220.0;299.19324434097365;210.87001437307572
272.36;-220.0;299.19324434097365;210.87001437307572
272.68;-220.0;299.19324434097365;210.87001437307572
270.7;-220.0;299.19324434097365;210.87001437307572
270.57;-220.0;299.19324434097365;210.87001437307572
270.21;-220.0;299.19324434097365;210.87001437307572
268.76;-220.0;299.19324434097365;210.87001437307572
267.32;-220.0;299.19324434097365;210.87001437307572
266.72;-220.0;299.19324434097365;210.87001437307572
266.33;-220.0;299.19324434097365;210.87001437307572
264.68;-220.0;299.19324434097365;210.87001437307572
263.16;-220.0;299.19324434097365;210.87001437307572
262.61;-220.0;299.19324434097365;210.87001437307572
263.47;-220.0;299.19324434097365;210.87001437307572
261.94;-220.0;299.19324434097365;210.87001437307572
262.17;-220.0;299.19324434097365;210.87001437307572
260.97;-220.0;299.19324434097365;210.87001437307572
260.41;-220.0;299.19324434097365;210.87001437307572
256.77;-220.0;299.19324434097365;210.87001437307572
255.85;-219.9714;299.19324434097365;210.87001437307572
255.45;-220.0;299.19324434097365;210.87001437307572
254.16;-220.0;299.19324434097365;210.87001437307572
254.57;-220.0;299.19324434097365;210.87001437307572
252.96;-219.9714;299.19324434097365;210.87001437307572
253.1;-219.9714;299.19324434097365;210.87001437307572
253.49;-219.9143;299.19324434097365;210.87001437307572
251.05;-220.0;299.19324434097365;210.87001437307572
250.55;-219.9714;299.19324434097365;210.87001437307572
250.69;-219.9714;299.19324434097365;210.87001437307572
249.25;-219.9429;299.19324434097365;210.87001437307572
248.68;-219.9714;299.19324434097365;210.87001437307572
248.35;-219.9714;299.19324434097365;210.87001437307572
247.96;-219.9714;299.19324434097365;210.87001437307572
246.14;-219.9429;299.19324434097365;210.87001437307572
245.79;-219.9429;299.19324434097365;210.87001437307572
246.85;-219.9714;299.19324434097365;210.87001437307572
245.88;-219.9714;299.19324434097365;210.87001437307572
243.65;-219.9429;299.19324434097365;210.87001437307572
242.24;-219.9429;299.19324434097365;210.87001437307572
241.71;-219.9429;299.19324434097365;210.87001437307572
242.34;-219.9429;299.19324434097365;210.87001437307572
241.26;-219.9143;299.19324434097365;210.87001437307572
240.32;-219.9429;299.19324434097365;210.87001437307572
238.96;-219.9143;299.19324434097365;210.87001437307572
238.07;-219.9143;299.19324434097365;210.87001437307572
238.31;-219.9143;299.19324434097365;210.87001437307572
238.11;-219.3429;299.19324434097365;210.87001437307572
237.93;-219.9143;299.19324434097365;210.87001437307572
237.35;-219.6571;299.19324434097365;210.87001437307572
235.73;-219.9143;299.19324434097365;210.87001437307572
234.96;-219.9143;299.19324434097365;210.87001437307572
234.33;-219.1714;299.19324434097365;210.87001437307572
233.24;-219.2571;299.19324434097365;210.87001437307572
231.7;-219.2;299.19324434097365;210.87001437307572
231.12;-218.8571;299.19324434097365;210.87001437307572
231.69;-218.6;299.19324434097365;210.87001437307572
230.9;-217.8857;299.19324434097365;210.87001437307572
229.52;-218.8571;299.19324434097365;210.87001437307572
228.14;-217.1429;299.19324434097365;210.87001437307572
227.76;-217.4857;299.19324434097365;210.87001437307572
227.23;-217.5429;299.19324434097365;210.87001437307572
227.42;-216.2857;299.19324434097365;210.87001437307572
226.76;-216.8571;299.19324434097365;210.87001437307572
225.36;-216.3143;299.19324434097365;210.87001437307572
225.6;-215.8286;299.19324434097365;210.87001437307572
224.81;-215.1429;299.19324434097365;210.87001437307572
222.98;-214.9429;299.19324434097365;210.87001437307572
220.87;-215.8571;299.19324434097365;210.87001437307572
221.83;-212.0571;299.19324434097365;210.87001437307572
222.78;-213.7714;299.19324434097365;210.87001437307572
223.04;-213.4571;299.19324434097365;210.87001437307572
222.46;-214.0286;299.19324434097365;210.87001437307572
221.1;-213.2571;299.19324434097365;210.87001437307572
220.0;-213.8;299.19324434097365;210.87001437307572
216.88;-208.9714;299.19324434097365;210.87001437307572
215.72;-213.3429;299.19324434097365;210.87001437307572
214.82;-209.6571;299.19324434097365;210.87001437307572
214.12;-209.8857;299.19324434097365;210.87001437307572
214.68;-207.5714;299.19324434097365;210.87001437307572
214.6;-205.4857;299.19324434097365;210.87001437307572
213.93;-206.3714;299.19324434097365;210.87001437307572
214.12;-207.2857;299.19324434097365;210.87001437307572
213.55;-207.7714;299.19324434097365;210.87001437307572
212.29;-206.7143;299.19324434097365;210.87001437307572
212.95;-205.3429;299.19324434097365;210.87001437307572
213.69;-204.9143;299.19324434097365;210.87001437307572
212.19;-206.2;299.19324434097365;210.87001437307572
210.08;-205.5143;299.19324434097365;210.87001437307572
209.66;-203.6571;299.19324434097365;210.87001437307572
208.01;-203.7429;299.19324434097365;210.87001437307572
207.05;-202.9714;299.19324434097365;210.87001437307572
206.88;-201.8;299.19324434097365;210.87001437307572
206.08;-200.1143;299.19324434097365;210.87001437307572
205.26;-199.0;299.19324434097365;210.87001437307572
207.2;-198.1714;299.19324434097365;210.87001437307572
206.58;-200.0286;299.19324434097365;210.87001437307572
204.09;-201.1143;299.19324434097365;210.87001437307572
203.68;-199.9429;299.19324434097365;210.87001437307572
202.39;-197.2;299.19324434097365;210.87001437307572
203.83;-196.0857;299.19324434097365;210.87001437307572
203.03;-193.7143;299.19324434097365;210.87001437307572
123.66;-198.5143;299.19324434097365;210.87001437307572
395.02;-198.2857;299.19324434097365;210.87001437307572
203.01;-194.0;299.19324434097365;210.87001437307572
633.09;-191.8571;299.19324434097365;210.87001437307572
226.05;-193.4286;299.19324434097365;210.87001437307572
159.49;-193.7143;299.19324434097365;210.87001437307572
307.96;-193.1143;299.19324434097365;210.87001437307572
645.89;-190.2857;299.19324434097365;210.87001437307572
28.92;-189.0857;299.19324434097365;210.87001437307572
525.56;-189.1143;299.19324434097365;210.87001437307572
528.12;-191.0571;299.19324434097365;210.87001437307572
64.76;-191.7714;299.19324434097365;210.87001437307572
8.44;-190.4571;299.19324434097365;210.87001437307572
156.91;-191.3143;299.19324434097365;210.87001437307572
512.75;-189.8857;299.19324434097365;210.87001437307572
617.71;-188.0;299.19324434097365;210.87001437307572
556.27;-187.8571;299.19324434097365;210.87001437307572
123.62;-188.9714;299.19324434097365;210.87001437307572
333.54;-186.0;299.19324434097365;210.87001437307572
208.1;-189.2286;299.19324434097365;210.87001437307572
338.66;-187.1429;299.19324434097365;210.87001437307572
23.78;-185.1714;299.19324434097365;210.87001437307572
159.45;-183.4286;299.19324434097365;210.87001437307572
576.73;-184.0571;299.19324434097365;210.87001437307572
251.61;-183.6571;299.19324434097365;210.87001437307572
144.09;-183.0286;299.19324434097365;210.87001437307572
92.89;-183.6571;299.19324434097365;210.87001437307572
49.36;-183.4571;299.19324434097365;210.87001437307572
407.76;-180.3143;299.19324434097365;210.87001437307572
131.28;-180.1429;299.19324434097365;210.87001437307572
31.43;-180.7143;299.19324434097365;210.87001437307572
638.15;-180.2571;299.19324434097365;210.87001437307572
474.31;-179.7143;299.19324434097365;210.87001437307572
330.95;-177.0;299.19324434097365;210.87001437307572
113.34;-178.0571;299.19324434097365;210.87001437307572
653.5;-177.4286;299.19324434097365;210.87001437307572
643.27;-177.6571;299.19324434097365;210.87001437307572
167.1;-176.4;299.19324434097365;210.87001437307572
586.94;-175.6;299.19324434097365;210.87001437307572
341.18;-177.2;299.19324434097365;210.87001437307572
410.3;-177.6;299.19324434097365;210.87001437307572
533.18;-176.8286;299.19324434097365;210.87001437307572
218.29;-173.5714;299.19324434097365;210.87001437307572
499.89;-174.7714;299.19324434097365;210.87001437307572
313.01;-175.6571;299.19324434097365;210.87001437307572
417.97;-175.7143;299.19324434097365;210.87001437307572
292.53;-172.9143;299.19324434097365;210.87001437307572
220.84;-172.4286;299.19324434097365;210.87001437307572
630.44;-172.9714;299.19324434097365;210.87001437307572
474.28;-173.1429;299.19324434097365;210.87001437307572
643.24;-171.9714;299.19324434097365;210.87001437307572
589.48;-171.7429;299.19324434097365;210.87001437307572
328.36;-171.1714;299.19324434097365;210.87001437307572
225.96;-170.9714;299.19324434097365;210.87001437307572
10.91;-170.9714;299.19324434097365;210.87001437307572
484.51;-170.8;299.19324434097365;210.87001437307572
254.11;-169.4571;299.19324434097365;210.87001437307572
251.55;-168.9429;299.19324434097365;210.87001437307572
210.59;-169.1714;299.19324434097365;210.87001437307572
44.18;-168.5429;299.19324434097365;210.87001437307572
504.98;-167.3714;299.19324434097365;210.87001437307572
433.3;-167.0857;299.19324434097365;210.87001437307572
420.5;-167.8857;299.19324434097365;210.87001437307572
256.66;-167.0571;299.19324434097365;210.87001437307572
59.54;-166.0857;299.19324434097365;210.87001437307572
87.69;-164.8857;299.19324434097365;210.87001437307572
517.77;-164.9714;299.19324434097365;210.87001437307572
446.09;-164.9429;299.19324434097365;210.87001437307572
507.53;-163.6571;299.19324434097365;210.87001437307572
346.25;-164.6286;299.19324434097365;210.87001437307572
174.73;-163.4;299.19324434097365;210.87001437307572
72.33;-163.3714;299.19324434097365;210.87001437307572
110.73;-163.4286;299.19324434097365;210.87001437307572
225.92;-162.9714;299.19324434097365;210.87001437307572
446.08;-162.0857;299.19324434097365;210.87001437307572
328.32;-162.4;299.19324434097365;210.87001437307572
346.24;-163.1429;299.19324434097365;210.87001437307572
359.04;-162.5143;299.19324434097365;210.87001437307572
246.4;-161.4286;299.19324434097365;210.87001437307572
149.11;-161.6571;299.19324434097365;210.87001437307572
612.47;-161.2286;299.19324434097365;210.87001437307572
430.71;-161.1429;299.19324434097365;210.87001437307572
412.79;-161.2857;299.19324434097365;210.87001437307572
435.83;-160.2857;299.19324434097365;210.87001437307572
164.47;-159.4857;299.19324434097365;210.87001437307572
77.42;-159.2571;299.19324434097365;210.87001437307572
433.26;-158.9143;299.19324434097365;210.87001437307572
64.61;-159.1143;299.19324434097365;210.87001437307572
630.38;-157.6;299.19324434097365;210.87001437307572
64.61;-157.8;299.19324434097365;210.87001437307572
515.17;-156.2857;299.19324434097365;210.87001437307572
607.33;-156.5429;299.19324434097365;210.87001437307572
607.33;-155.8857;299.19324434097365;210.87001437307572
351.33;-154.8571;299.19324434097365;210.87001437307572
200.29;-154.8857;299.19324434097365;210.87001437307572
151.65;-154.1429;299.19324434097365;210.87001437307572
266.85;-154.1714;299.19324434097365;210.87001437307572
85.08;-154.5714;299.19324434097365;210.87001437307572
599.64;-153.4286;299.19324434097365;210.87001437307572
338.52;-153.6857;299.19324434097365;210.87001437307572
110.68;-153.9714;299.19324434097365;210.87001437307572
95.32;-153.7143;299.19324434097365;210.87001437307572
67.15;-152.2857;299.19324434097365;210.87001437307572
594.51;-151.7143;299.19324434097365;210.87001437307572
620.11;-150.8;299.19324434097365;210.87001437307572
607.31;-150.9714;299.19324434097365;210.87001437307572
489.55;-149.2571;299.19324434097365;210.87001437307572
507.47;-150.8;299.19324434097365;210.87001437307572
466.51;-150.7714;299.19324434097365;210.87001437307572
387.15;-149.6286;299.19324434097365;210.87001437307572
192.59;-148.4286;299.19324434097365;210.87001437307572
169.55;-149.7429;299.19324434097365;210.87001437307572
0.58;-149.5143;299.19324434097365;210.87001437307572
402.5;-148.7143;299.19324434097365;210.87001437307572
282.18;-148.6;299.19324434097365;210.87001437307572
236.1;-149.3143;299.19324434097365;210.87001437307572
31.3;-147.9429;299.19324434097365;210.87001437307572
115.77;-146.5143;299.19324434097365;210.87001437307572
617.53;-146.1143;299.19324434097365;210.87001437307572
584.25;-145.8;299.19324434097365;210.87001437307572
333.37;-145.4286;299.19324434097365;210.87001437307572
389.69;-144.5143;299.19324434097365;210.87001437307572
297.53;-144.2571;299.19324434097365;210.87001437307572
287.29;-143.6571;299.19324434097365;210.87001437307572
51.76;-142.8857;299.19324434097365;210.87001437307572
433.2;-144.6857;299.19324434097365;210.87001437307572
279.6;-143.8571;299.19324434097365;210.87001437307572
277.04;-143.3143;299.19324434097365;210.87001437307572
174.64;-143.3143;299.19324434097365;210.87001437307572
143.92;-141.9429;299.19324434097365;210.87001437307572
223.28;-141.9429;299.19324434097365;210.87001437307572
44.08;-141.7429;299.19324434097365;210.87001437307572
38.95;-141.4571;299.19324434097365;210.87001437307572
535.59;-141.5429;299.19324434097365;210.87001437307572
399.91;-140.8286;299.19324434097365;210.87001437307572
259.11;-140.7714;299.19324434097365;210.87001437307572
105.51;-141.3714;299.19324434097365;210.87001437307572
13.34;-140.5714;299.19324434097365;210.87001437307572
576.54;-139.4286;299.19324434097365;210.87001437307572
310.3;-139.1714;299.19324434097365;210.87001437307572
325.66;-138.0286;299.19324434097365;210.87001437307572
200.22;-138.0;299.19324434097365;210.87001437307572
31.26;-136.2286;299.19324434097365;210.87001437307572
82.45;-135.6571;299.19324434097365;210.87001437307572
643.09;-135.3143;299.19324434097365;210.87001437307572
573.97;-136.0286;299.19324434097365;210.87001437307572
533.01;-135.0857;299.19324434097365;210.87001437307572
484.37;-135.1143;299.19324434097365;210.87001437307572
225.81;-135.7714;299.19324434097365;210.87001437307572
138.77;-136.2571;299.19324434097365;210.87001437307572
128.53;-135.2286;299.19324434097365;210.87001437307572
200.21;-134.2857;299.19324434097365;210.87001437307572
74.76;-133.9143;299.19324434097365;210.87001437307572
484.36;-133.3143;299.19324434097365;210.87001437307572
445.96;-133.1714;299.19324434097365;210.87001437307572
394.76;-133.9429;299.19324434097365;210.87001437307572
251.4;-133.1429;299.19324434097365;210.87001437307572
177.16;-131.6857;299.19324434097365;210.87001437307572
202.75;-132.2571;299.19324434097365;210.87001437307572
643.08;-132.6;299.19324434097365;210.87001437307572
36.36;-132.2;299.19324434097365;210.87001437307572
10.75;-131.9714;299.19324434097365;210.87001437307572
471.55;-131.0571;299.19324434097365;210.87001437307572
364.03;-130.5429;299.19324434097365;210.87001437307572
317.95;-130.0571;299.19324434097365;210.87001437307572
205.31;-130.0286;299.19324434097365;210.87001437307572
136.19;-129.9429;299.19324434097365;210.87001437307572
23.54;-128.8571;299.19324434097365;210.87001437307572
604.67;-128.7143;299.19324434097365;210.87001437307572
56.82;-127.6857;299.19324434097365;210.87001437307572
443.38;-126.9429;299.19324434097365;210.87001437307572
246.26;-127.1714;299.19324434097365;210.87001437307572
179.7;-128.1429;299.19324434097365;210.87001437307572
179.7;-128.6857;299.19324434097365;210.87001437307572
172.02;-127.2857;299.19324434097365;210.87001437307572
177.14;-126.1429;299.19324434097365;210.87001437307572
33.77;-126.4571;299.19324434097365;210.87001437307572
527.85;-125.6571;299.19324434097365;210.87001437307572
364.01;-125.9429;299.19324434097365;210.87001437307572
230.89;-126.0857;299.19324434097365;210.87001437307572
15.84;-125.1714;299.19324434097365;210.87001437307572
614.88;-123.8;299.19324434097365;210.87001437307572
594.4;-123.1143;299.19324434097365;210.87001437307572
602.08;-122.5714;299.19324434097365;210.87001437307572
535.52;-122.5429;299.19324434097365;210.87001437307572
338.4;-122.6286;299.19324434097365;210.87001437307572
287.2;-121.2571;299.19324434097365;210.87001437307572
279.52;-122.2;299.19324434097365;210.87001437307572
105.44;-121.2571;299.19324434097365;210.87001437307572
72.16;-120.3143;299.19324434097365;210.87001437307572
41.43;-120.8857;299.19324434097365;210.87001437307572
589.27;-120.6857;299.19324434097365;210.87001437307572
538.07;-120.1143;299.19324434097365;210.87001437307572
494.55;-120.1429;299.19324434097365;210.87001437307572
348.63;-120.1714;299.19324434097365;210.87001437307572
223.19;-119.5143;299.19324434097365;210.87001437307572
177.11;-118.6857;299.19324434097365;210.87001437307572
113.11;-119.0286;299.19324434097365;210.87001437307572
79.82;-119.0857;299.19324434097365;210.87001437307572
563.66;-118.4857;299.19324434097365;210.87001437307572
384.46;-117.8;299.19324434097365;210.87001437307572
517.58;-118.4286;299.19324434097365;210.87001437307572
645.58;-118.3429;299.19324434097365;210.87001437307572
548.3;-117.2286;299.19324434097365;210.87001437307572
417.74;-116.2286;299.19324434097365;210.87001437307572
371.66;-116.8571;299.19324434097365;210.87001437307572
338.38;-117.2571;299.19324434097365;210.87001437307572
218.06;-116.4857;299.19324434097365;210.87001437307572
97.74;-115.8571;299.19324434097365;210.87001437307572
100.3;-116.1143;299.19324434097365;210.87001437307572
13.25;-116.5143;299.19324434097365;210.87001437307572
612.29;-116.3714;299.19324434097365;210.87001437307572
576.45;-115.3429;299.19324434097365;210.87001437307572
417.73;-114.7429;299.19324434097365;210.87001437307572
218.05;-115.5429;299.19324434097365;210.87001437307572
74.69;-114.7714;299.19324434097365;210.87001437307572
148.93;-113.9143;299.19324434097365;210.87001437307572
90.05;-113.7429;299.19324434097365;210.87001437307572
5.56;-112.8571;299.19324434097365;210.87001437307572
607.16;-112.3143;299.19324434097365;210.87001437307572
374.2;-112.0;299.19324434097365;210.87001437307572
404.92;-111.5429;299.19324434097365;210.87001437307572
453.56;-111.9143;299.19324434097365;210.87001437307572
433.08;-110.9429;299.19324434097365;210.87001437307572
187.32;-110.3714;299.19324434097365;210.87001437307572
41.4;-110.7714;299.19324434097365;210.87001437307572
5.55;-110.6571;299.19324434097365;210.87001437307572
589.23;-110.9143;299.19324434097365;210.87001437307572
476.59;-109.5714;299.19324434097365;210.87001437307572
271.79;-108.8286;299.19324434097365;210.87001437307572
118.19;-109.3429;299.19324434097365;210.87001437307572
130.99;-108.5714;299.19324434097365;210.87001437307572
187.3;-107.0;299.19324434097365;210.87001437307572
614.82;-107.1429;299.19324434097365;210.87001437307572
499.62;-106.7714;299.19324434097365;210.87001437307572
602.02;-107.7714;299.19324434097365;210.87001437307572
545.7;-106.7714;299.19324434097365;210.87001437307572
351.14;-105.7429;299.19324434097365;210.87001437307572
225.7;-105.9143;299.19324434097365;210.87001437307572
356.26;-106.7714;299.19324434097365;210.87001437307572
384.42;-105.5143;299.19324434097365;210.87001437307572
192.42;-103.4857;299.19324434097365;210.87001437307572
194.98;-104.4857;299.19324434097365;210.87001437307572
235.94;-105.4;299.19324434097365;210.87001437307572
271.78;-105.6571;299.19324434097365;210.87001437307572
261.54;-104.6857;299.19324434097365;210.87001437307572
43.93;-105.4857;299.19324434097365;210.87001437307572
445.85;-105.2857;299.19324434097365;210.87001437307572
312.73;-104.9429;299.19324434097365;210.87001437307572
325.53;-104.7429;299.19324434097365;210.87001437307572
348.57;-103.6;299.19324434097365;210.87001437307572
420.25;-103.9429;299.19324434097365;210.87001437307572
402.33;-103.4286;299.19324434097365;210.87001437307572
412.57;-103.2571;299.19324434097365;210.87001437307572
397.21;-103.5143;299.19324434097365;210.87001437307572
294.81;-102.4286;299.19324434097365;210.87001437307572
182.17;-102.7143;299.19324434097365;210.87001437307572
49.04;-102.1429;299.19324434097365;210.87001437307572
604.56;-102.3429;299.19324434097365;210.87001437307572
635.28;-103.3143;299.19324434097365;210.87001437307572
543.12;-102.2571;299.19324434097365;210.87001437307572
538.0;-101.4571;299.19324434097365;210.87001437307572
407.44;-100.8;299.19324434097365;210.87001437307572
330.64;-101.2;299.19324434097365;210.87001437307572
230.8;-101.2571;299.19324434097365;210.87001437307572
189.84;-100.8857;299.19324434097365;210.87001437307572
100.24;-100.7714;299.19324434097365;210.87001437307572
20.87;-100.3429;299.19324434097365;210.87001437307572
596.87;-99.6;299.19324434097365;210.87001437307572
527.75;-99.8286;299.19324434097365;210.87001437307572
384.39;-99.0571;299.19324434097365;210.87001437307572
363.91;-98.9143;299.19324434097365;210.87001437307572
189.83;-97.4;299.19324434097365;210.87001437307572
166.79;-97.2286;299.19324434097365;210.87001437307572
118.15;-97.5143;299.19324434097365;210.87001437307572
20.87;-96.6;299.19324434097365;210.87001437307572
20.87;-96.1143;299.19324434097365;210.87001437307572
33.67;-96.6;299.19324434097365;210.87001437307572
56.7;-97.2;299.19324434097365;210.87001437307572
563.58;-97.1429;299.19324434097365;210.87001437307572
484.22;-97.0286;299.19324434097365;210.87001437307572
443.26;-96.4286;299.19324434097365;210.87001437307572
358.78;-96.5429;299.19324434097365;210.87001437307572
297.34;-95.9429;299.19324434097365;210.87001437307572
205.18;-95.4286;299.19324434097365;210.87001437307572
49.01;-94.9714;299.19324434097365;210.87001437307572
612.22;-95.0286;299.19324434097365;210.87001437307572
2.94;-95.2286;299.19324434097365;210.87001437307572
15.73;-95.2286;299.19324434097365;210.87001437307572
612.21;-94.0286;299.19324434097365;210.87001437307572
435.57;-93.6857;299.19324434097365;210.87001437307572
289.65;-94.5143;299.19324434097365;210.87001437307572
159.09;-94.5429;299.19324434097365;210.87001437307572
36.21;-94.4;299.19324434097365;210.87001437307572
43.89;-93.5714;299.19324434097365;210.87001437307572
41.32;-92.7429;299.19324434097365;210.87001437307572
622.45;-92.4571;299.19324434097365;210.87001437307572
2.92;-92.1429;299.19324434097365;210.87001437307572
512.36;-92.0571;299.19324434097365;210.87001437307572
468.84;-91.8;299.19324434097365;210.87001437307572
348.52;-91.8857;299.19324434097365;210.87001437307572
302.44;-91.8857;299.19324434097365;210.87001437307572
235.88;-91.2857;299.19324434097365;210.87001437307572
159.08;-91.2;299.19324434097365;210.87001437307572
18.28;-90.2286;299.19324434097365;210.87001437307572
2.91;-90.3429;299.19324434097365;210.87001437307572
596.83;-89.6286;299.19324434097365;210.87001437307572
491.87;-90.2;299.19324434097365;210.87001437307572
386.91;-89.6286;299.19324434097365;210.87001437307572
358.75;-89.4857;299.19324434097365;210.87001437307572
379.23;-89.2571;299.19324434097365;210.87001437307572
368.99;-89.1714;299.19324434097365;210.87001437307572
374.11;-88.8;299.19324434097365;210.87001437307572
432.99;-88.2286;299.19324434097365;210.87001437307572
243.55;-88.4286;299.19324434097365;210.87001437307572
194.91;-89.3143;299.19324434097365;210.87001437307572
123.23;-88.9429;299.19324434097365;210.87001437307572
87.38;-88.5714;299.19324434097365;210.87001437307572
581.46;-87.8286;299.19324434097365;210.87001437307572
612.18;-88.2857;299.19324434097365;210.87001437307572
630.1;-88.3714;299.19324434097365;210.87001437307572
499.54;-88.0;299.19324434097365;210.87001437307572
427.86;-87.2571;299.19324434097365;210.87001437307572
351.06;-87.2;299.19324434097365;210.87001437307572
384.34;-87.5429;299.19324434097365;210.87001437307572
432.98;-86.2857;299.19324434097365;210.87001437307572
430.42;-85.9143;299.19324434097365;210.87001437307572
302.42;-86.0571;299.19324434097365;210.87001437307572
200.01;-86.5714;299.19324434097365;210.87001437307572
635.21;-86.7714;299.19324434097365;210.87001437307572
576.34;-87.0286;299.19324434097365;210.87001437307572
8.01;-86.5429;299.19324434097365;210.87001437307572
627.53;-86.1143;299.19324434097365;210.87001437307572
586.57;-84.7429;299.19324434097365;210.87001437307572
517.45;-84.7143;299.19324434097365;210.87001437307572
486.73;-84.1429;299.19324434097365;210.87001437307572
397.13;-84.0;299.19324434097365;210.87001437307572
351.05;-83.7714;299.19324434097365;210.87001437307572
402.25;-84.0286;299.19324434097365;210.87001437307572
415.05;-84.6857;299.19324434097365;210.87001437307572
307.53;-83.8286;299.19324434097365;210.87001437307572
215.37;-83.2857;299.19324434097365;210.87001437307572
146.25;-83.0571;299.19324434097365;210.87001437307572
105.29;-82.7714;299.19324434097365;210.87001437307572
15.68;-82.4857;299.19324434097365;210.87001437307572
635.2;-82.6857;299.19324434097365;210.87001437307572
612.16;-82.4857;299.19324434097365;210.87001437307572
560.96;-82.5429;299.19324434097365;210.87001437307572
404.8;-82.1429;299.19324434097365;210.87001437307572
340.8;-82.4857;299.19324434097365;210.87001437307572
302.4;-82.0;299.19324434097365;210.87001437307572
212.8;-80.7143;299.19324434097365;210.87001437307572
223.04;-80.7714;299.19324434097365;210.87001437307572
194.88;-81.0571;299.19324434097365;210.87001437307572
248.64;-80.8;299.19324434097365;210.87001437307572
238.4;-80.5714;299.19324434097365;210.87001437307572
248.64;-80.5714;299.19324434097365;210.87001437307572
115.52;-80.1143;299.19324434097365;210.87001437307572
25.91;-80.8286;299.19324434097365;210.87001437307572
619.83;-80.7429;299.19324434097365;210.87001437307572
537.91;-80.7714;299.19324434097365;210.87001437307572
486.71;-80.4286;299.19324434097365;210.87001437307572
399.67;-79.6286;299.19324434097365;210.87001437307572
294.71;-78.8;299.19324434097365;210.87001437307572
217.91;-78.8857;299.19324434097365;210.87001437307572
253.75;-78.6571;299.19324434097365;210.87001437307572
215.35;-78.6857;299.19324434097365;210.87001437307572
217.91;-78.0286;299.19324434097365;210.87001437307572
210.23;-77.8857;299.19324434097365;210.87001437307572
112.95;-77.8571;299.19324434097365;210.87001437307572
61.75;-77.4286;299.19324434097365;210.87001437307572
46.38;-78.0286;299.19324434097365;210.87001437307572
647.99;-77.6571;299.19324434097365;210.87001437307572
38.7;-77.1429;299.19324434097365;210.87001437307572
650.54;-77.3714;299.19324434097365;210.87001437307572
627.5;-77.3714;299.19324434097365;210.87001437307572
491.82;-77.1714;299.19324434097365;210.87001437307572
453.42;-77.2571;299.19324434097365;210.87001437307572
407.34;-76.8286;299.19324434097365;210.87001437307572
243.5;-76.1714;299.19324434097365;210.87001437307572
217.9;-76.6286;299.19324434097365;210.87001437307572
220.46;-76.3429;299.19324434097365;210.87001437307572
248.62;-75.7429;299.19324434097365;210.87001437307572
192.3;-75.5143;299.19324434097365;210.87001437307572
135.98;-74.9143;299.19324434097365;210.87001437307572
54.05;-75.1429;299.19324434097365;210.87001437307572
578.85;-74.8857;299.19324434097365;210.87001437307572
509.73;-74.6;299.19324434097365;210.87001437307572
455.97;-74.8;299.19324434097365;210.87001437307572
427.81;-74.7714;299.19324434097365;210.87001437307572
448.29;-74.1714;299.19324434097365;210.87001437307572
317.73;-73.9143;299.19324434097365;210.87001437307572
333.09;-73.5429;299.19324434097365;210.87001437307572
304.93;-73.6857;299.19324434097365;210.87001437307572
312.61;-73.6571;299.19324434097365;210.87001437307572
141.09;-73.4286;299.19324434097365;210.87001437307572
0.29;-73.2286;299.19324434097365;210.87001437307572
31.0;-73.4;299.19324434097365;210.87001437307572
650.52;-72.6;299.19324434097365;210.87001437307572
591.64;-72.4286;299.19324434097365;210.87001437307572
647.96;-72.0;299.19324434097365;210.87001437307572
589.08;-71.4571;299.19324434097365;210.87001437307572
512.28;-71.9429;299.19324434097365;210.87001437307572
494.36;-72.2571;299.19324434097365;210.87001437307572
404.76;-71.8;299.19324434097365;210.87001437307572
312.6;-71.8571;299.19324434097365;210.87001437307572
217.88;-71.2;299.19324434097365;210.87001437307572
143.63;-71.1143;299.19324434097365;210.87001437307572
632.59;-70.4286;299.19324434097365;210.87001437307572
650.52;-69.8857;299.19324434097365;210.87001437307572
13.07;-69.6;299.19324434097365;210.87001437307572
601.87;-69.6571;299.19324434097365;210.87001437307572
481.55;-69.4571;299.19324434097365;210.87001437307572
399.63;-69.5143;299.19324434097365;210.87001437307572
468.75;-69.0857;299.19324434097365;210.87001437307572
455.95;-69.1429;299.19324434097365;210.87001437307572
407.31;-68.6286;299.19324434097365;210.87001437307572
317.71;-68.3429;299.19324434097365;210.87001437307572
235.79;-68.5714;299.19324434097365;210.87001437307572
182.03;-68.6286;299.19324434097365;210.87001437307572
135.95;-68.2857;299.19324434097365;210.87001437307572
87.31;-68.1714;299.19324434097365;210.87001437307572
123.15;-67.6857;299.19324434097365;210.87001437307572
77.06;-67.8286;299.19324434097365;210.87001437307572
599.3;-67.4571;299.19324434097365;210.87001437307572
535.3;-67.6;299.19324434097365;210.87001437307572
453.38;-67.4857;299.19324434097365;210.87001437307572
486.66;-67.1143;299.19324434097365;210.87001437307572
427.78;-67.0286;299.19324434097365;210.87001437307572
338.18;-66.3714;299.19324434097365;210.87001437307572
327.94;-66.3714;299.19324434097365;210.87001437307572
299.78;-66.6857;299.19324434097365;210.87001437307572
256.26;-66.2;299.19324434097365;210.87001437307572
235.78;-66.0;299.19324434097365;210.87001437307572
158.98;-65.7714;299.19324434097365;210.87001437307572
118.02;-65.9429;299.19324434097365;210.87001437307572
110.34;-65.8286;299.19324434097365;210.87001437307572
69.37;-65.4571;299.19324434097365;210.87001437307572
612.09;-65.1143;299.19324434097365;210.87001437307572
573.69;-65.1143;299.19324434097365;210.87001437307572
591.61;-64.5429;299.19324434097365;210.87001437307572
525.05;-64.0571;299.19324434097365;210.87001437307572
560.89;-63.9143;299.19324434097365;210.87001437307572
545.53;-64.3429;299.19324434097365;210.87001437307572
535.29;-64.2571;299.19324434097365;210.87001437307572
486.65;-64.4857;299.19324434097365;210.87001437307572
384.25;-64.3429;299.19324434097365;210.87001437307572
330.49;-64.4857;299.19324434097365;210.87001437307572
304.89;-64.0571;299.19324434097365;210.87001437307572
304.89;-63.7143;299.19324434097365;210.87001437307572
248.57;-63.4857;299.19324434097365;210.87001437307572
184.57;-63.1429;299.19324434097365;210.87001437307572
153.85;-63.2;299.19324434097365;210.87001437307572
148.73;-63.3143;299.19324434097365;210.87001437307572
56.57;-63.2286;299.19324434097365;210.87001437307572
10.48;-62.7429;299.19324434097365;210.87001437307572
604.4;-62.6571;299.19324434097365;210.87001437307572
545.52;-62.6286;299.19324434097365;210.87001437307572
455.92;-62.5143;299.19324434097365;210.87001437307572
466.16;-62.2;299.19324434097365;210.87001437307572
448.24;-61.7714;299.19324434097365;210.87001437307572
402.16;-61.6;299.19324434097365;210.87001437307572
394.48;-61.3714;299.19324434097365;210.87001437307572
338.16;-61.2571;299.19324434097365;210.87001437307572
322.8;-61.3714;299.19324434097365;210.87001437307572
286.96;-61.2857;299.19324434097365;210.87001437307572
228.08;-61.1143;299.19324434097365;210.87001437307572
184.56;-61.0;299.19324434097365;210.87001437307572
189.68;-60.8;299.19324434097365;210.87001437307572
130.8;-60.8;299.19324434097365;210.87001437307572
100.08;-60.7714;299.19324434097365;210.87001437307572
94.95;-60.3143;299.19324434097365;210.87001437307572
617.19;-60.4286;299.19324434097365;210.87001437307572
571.11;-60.1714;299.19324434097365;210.87001437307572
499.43;-59.8;299.19324434097365;210.87001437307572
453.35;-59.7714;299.19324434097365;210.87001437307572
391.91;-59.5143;299.19324434097365;210.87001437307572
437.99;-59.3143;299.19324434097365;210.87001437307572
453.35;-59.1143;299.19324434097365;210.87001437307572
425.19;-58.8571;299.19324434097365;210.87001437307572
327.91;-58.8857;299.19324434097365;210.87001437307572
294.63;-58.7429;299.19324434097365;210.87001437307572
253.67;-58.8857;299.19324434097365;210.87001437307572
215.27;-58.8286;299.19324434097365;210.87001437307572
233.19;-58.4286;299.19324434097365;210.87001437307572
225.51;-57.9714;299.19324434097365;210.87001437307572
228.07;-58.0857;299.19324434097365;210.87001437307572
181.99;-58.0857;299.19324434097365;210.87001437307572
128.23;-58.2571;299.19324434097365;210.87001437307572
30.94;-58.2286;299.19324434097365;210.87001437307572
617.18;-57.9714;299.19324434097365;210.87001437307572
624.86;-57.8286;299.19324434097365;210.87001437307572
509.66;-57.5429;299.19324434097365;210.87001437307572
414.94;-57.2286;299.19324434097365;210.87001437307572
394.46;-57.1429;299.19324434097365;210.87001437307572
350.94;-56.9714;299.19324434097365;210.87001437307572
327.9;-56.5143;299.19324434097365;210.87001437307572
294.62;-56.1143;299.19324434097365;210.87001437307572
266.46;-56.0;299.19324434097365;210.87001437307572
266.46;-56.0;299.19324434097365;210.87001437307572
261.34;-55.6286;299.19324434097365;210.87001437307572
57.05;-55.4571;299.19324434097365;210.87001437307572
56.75;-55.6;299.19324434097365;210.87001437307572
56.76;-55.6571;299.19324434097365;210.87001437307572
56.47;-55.7714;299.19324434097365;210.87001437307572
56.31;-55.6571;299.19324434097365;210.87001437307572
55.93;-55.2857;299.19324434097365;210.87001437307572
55.69;-55.0857;299.19324434097365;210.87001437307572
55.49;-55.2;299.19324434097365;210.87001437307572
55.46;-54.9429;299.19324434097365;210.87001437307572
55.53;-54.5143;299.19324434097365;210.87001437307572
55.21;-53.9429;299.19324434097365;210.87001437307572
54.86;-53.7429;299.19324434097365;210.87001437307572
54.8;-53.8571;299.19324434097365;210.87001437307572
54.71;-53.8;299.19324434097365;210.87001437307572
54.56;-53.8286;299.19324434097365;210.87001437307572
54.44;-53.7143;299.19324434097365;210.87001437307572
54.4;-53.4286;299.19324434097365;210.87001437307572
54.29;-53.4571;299.19324434097365;210.87001437307572
54.04;-53.2286;299.19324434097365;210.87001437307572
53.9;-52.9143;299.19324434097365;210.87001437307572
53.68;-52.9143;299.19324434097365;210.87001437307572
53.59;-52.8;299.19324434097365;210.87001437307572
53.43;-52.9143;299.19324434097365;210.87001437307572
53.23;-52.7429;299.19324434097365;210.87001437307572
53.05;-52.4286;299.19324434097365;210.87001437307572
52.96;-52.1714;299.19324434097365;210.87001437307572
53.02;-52.0;299.19324434097365;210.87001437307572
52.94;-51.9714;299.19324434097365;210.87001437307572
52.8;-51.8857;299.19324434097365;210.87001437307572
52.52;-51.5714;299.19324434097365;210.87001437307572
52.44;-51.5429;299.19324434097365;210.87001437307572
52.38;-51.5714;299.19324434097365;210.87001437307572
52.24;-51.3714;299.19324434097365;210.87001437307572
52.22;-51.2571;299.19324434097365;210.87001437307572
52.01;-50.8857;299.19324434097365;210.87001437307572
51.67;-50.7714;299.19324434097365;210.87001437307572
51.58;-50.7143;299.19324434097365;210.87001437307572
51.37;-50.6857;299.19324434097365;210.87001437307572
51.31;-50.4;299.19324434097365;210.87001437307572
51.22;-50.2;299.19324434097365;210.87001437307572
51.13;-50.0286;299.19324434097365;210.87001437307572
51.06;-50.0857;299.19324434097365;210.87001437307572
51.05;-50.0857;299.19324434097365;210.87001437307572
50.87;-49.8286;299.19324434097365;210.87001437307572
50.55;-49.8286;299.19324434097365;210.87001437307572
50.44;-49.6857;299.19324434097365;210.87001437307572
50.31;-49.5714;299.19324434097365;210.87001437307572
50.31;-49.3143;299.19324434097365;210.87001437307572
50.19;-49.2286;299.19324434097365;210.87001437307572
50.0;-49.0571;299.19324434097365;210.87001437307572
49.72;-49.0857;299.19324434097365;210.87001437307572
49.59;-49.0286;299.19324434097365;210.87001437307572
49.22;-48.9714;299.19324434097365;210.87001437307572
49.02;-48.6571;299.19324434097365;210.87001437307572
48.84;-48.4;299.19324434097365;210.87001437307572
48.77;-48.1429;299.19324434097365;210.87001437307572
48.87;-47.8;299.19324434097365;210.87001437307572
48.67;-47.6857;299.19324434097365;210.87001437307572
48.65;-47.8;299.19324434097365;210.87001437307572
48.53;-47.6571;299.19324434097365;210.87001437307572
48.45;-47.4857;299.19324434097365;210.87001437307572
48.25;-47.6;299.19324434097365;210.87001437307572
48.06;-47.4571;299.19324434097365;210.87001437307572
47.69;-47.2857;299.19324434097365;210.87001437307572
47.74;-47.1429;299.19324434097365;210.87001437307572
47.6;-47.0571;299.19324434097365;210.87001437307572
47.49;-46.9143;299.19324434097365;210.87001437307572
47.32;-46.7143;299.19324434097365;210.87001437307572
47.1;-46.4857;299.19324434097365;210.87001437307572
47.04;-46.2286;299.19324434097365;210.87001437307572
46.75;-46.0571;299.19324434097365;210.87001437307572
46.47;-46.0286;299.19324434097365;210.87001437307572
46.39;-45.9143;299.19324434097365;210.87001437307572
46.43;-45.9429;299.19324434097365;210.87001437307572
46.45;-45.6571;299.19324434097365;210.87001437307572
46.33;-45.5429;299.19324434097365;210.87001437307572
46.19;-45.3143;299.19324434097365;210.87001437307572
45.94;-45.1714;299.19324434097365;210.87001437307572
45.82;-45.3143;299.19324434097365;210.87001437307572
45.63;-45.0286;299.19324434097365;210.87001437307572
45.57;-44.9143;299.19324434097365;210.87001437307572
45.29;-44.7429;299.19324434097365;210.87001437307572
45.14;-44.6;299.19324434097365;210.87001437307572
45.18;-44.4857;299.19324434097365;210.87001437307572
45.09;-44.3429;299.19324434097365;210.87001437307572
44.89;-44.1429;299.19324434097365;210.87001437307572
44.91;-44.0286;299.19324434097365;210.87001437307572
44.78;-43.8571;299.19324434097365;210.87001437307572
44.7;-43.9143;299.19324434097365;210.87001437307572
44.48;-43.8286;299.19324434097365;210.87001437307572
44.31;-43.7714;299.19324434097365;210.87001437307572
44.26;-43.6;299.19324434097365;210.87001437307572
44.0;-43.5143;299.19324434097365;210.87001437307572
43.81;-43.3429;299.19324434097365;210.87001437307572
43.82;-43.1429;299.19324434097365;210.87001437307572
43.8;-43.1143;299.19324434097365;210.87001437307572
43.65;-42.8571;299.19324434097365;210.87001437307572
43.45;-42.4857;299.19324434097365;210.87001437307572
43.4;-42.4571;299.19324434097365;210.87001437307572
43.3;-42.5143;299.19324434097365;210.87001437307572
43.19;-42.4857;299.19324434097365;210.87001437307572
42.99;-42.3143;299.19324434097365;210.87001437307572
42.85;-42.2571;299.19324434097365;210.87001437307572
42.63;-42.1714;299.19324434097365;210.87001437307572
42.57;-42.0;299.19324434097365;210.87001437307572
42.42;-41.8857;299.19324434097365;210.87001437307572
42.23;-41.7429;299.19324434097365;210.87001437307572
42.1;-41.5714;299.19324434097365;210.87001437307572
42.06;-41.2857;299.19324434097365;210.87001437307572
41.9;-41.2857;299.19324434097365;210.87001437307572
41.82;-41.1143;299.19324434097365;210.87001437307572
41.59;-40.8;299.19324434097365;210.87001437307572
41.56;-40.7714;299.19324434097365;210.87001437307572
41.51;-40.7429;299.19324434097365;210.87001437307572
41.23;-40.8857;299.19324434097365;210.87001437307572
41.16;-40.6286;299.19324434097365;210.87001437307572
40.94;-40.5143;299.19324434097365;210.87001437307572
40.75;-40.6;299.19324434097365;210.87001437307572
40.58;-40.5143;299.19324434097365;210.87001437307572
40.49;-40.1143;299.19324434097365;210.87001437307572
40.42;-39.8857;299.19324434097365;210.87001437307572
40.27;-39.6;299.19324434097365;210.87001437307572
40.06;-39.4571;299.19324434097365;210.87001437307572
39.86;-39.2571;299.19324434097365;210.87001437307572
39.74;-39.2571;299.19324434097365;210.87001437307572
39.78;-39.2286;299.19324434097365;210.87001437307572
39.81;-38.9429;299.19324434097365;210.87001437307572
39.7;-38.7714;299.19324434097365;210.87001437307572
39.5;-38.6286;299.19324434097365;210.87001437307572
39.43;-38.6286;299.19324434097365;210.87001437307572
39.25;-38.6571;299.19324434097365;210.87001437307572
39.16;-38.8;299.19324434097365;210.87001437307572
39.0;-38.8;299.19324434097365;210.87001437307572
38.86;-38.6571;299.19324434097365;210.87001437307572
38.54;-38.5143;299.19324434097365;210.87001437307572
38.57;-38.2286;299.19324434097365;210.87001437307572
38.44;-38.1429;299.19324434097365;210.87001437307572
38.43;-38.1143;299.19324434097365;210.87001437307572
38.31;-37.8571;299.19324434097365;210.87001437307572
38.11;-37.6857;299.19324434097365;210.87001437307572
37.95;-37.5714;299.19324434097365;210.87001437307572
37.92;-37.3714;299.19324434097365;210.87001437307572
37.81;-37.2286;299.19324434097365;210.87001437307572
37.65;-37.1714;299.19324434097365;210.87001437307572
37.51;-37.1429;299.19324434097365;210.87001437307572
37.38;-37.0857;299.19324434097365;210.87001437307572
37.31;-36.8571;299.19324434097365;210.87001437307572
37.16;-36.6;299.19324434097365;210.87001437307572
36.99;-36.4857;299.19324434097365;210.87001437307572
36.95;-36.4857;299.19324434097365;210.87001437307572
36.7;-36.4286;299.19324434097365;210.87001437307572
36.66;-36.2;299.19324434097365;210.87001437307572
36.55;-36.1429;299.19324434097365;210.87001437307572
36.46;-35.9714;299.19324434097365;210.87001437307572
36.23;-35.9143;299.19324434097365;210.87001437307572
36.14;-35.8857;299.19324434097365;210.87001437307572
36.1;-35.8;299.19324434097365;210.87001437307572
35.96;-35.7714;299.19324434097365;210.87001437307572
35.75;-35.5143;299.19324434097365;210.87001437307572
35.61;-35.2286;299.19324434097365;210.87001437307572
35.78;-35.1429;299.19324434097365;210.87001437307572
35.51;-35.1143;299.19324434097365;210.87001437307572
35.37;-35.0;299.19324434097365;210.87001437307572
35.1;-34.9143;299.19324434097365;210.87001437307572
34.96;-34.8;299.19324434097365;210.87001437307572
34.9;-34.6571;299.19324434097365;210.87001437307572
34.9;-34.6;299.19324434097365;210.87001437307572
34.85;-34.4;299.19324434097365;210.87001437307572
34.63;-34.2857;299.19324434097365;210.87001437307572
34.45;-34.1429;299.19324434097365;210.87001437307572
34.39;-34.0571;299.19324434097365;210.87001437307572
34.32;-34.0286;299.19324434097365;210.87001437307572
34.21;-33.8857;299.19324434097365;210.87001437307572
34.06;-33.7714;299.19324434097365;210.87001437307572
34.01;-33.6;299.19324434097365;210.87001437307572
33.81;-33.5429;299.19324434097365;210.87001437307572
33.76;-33.4571;299.19324434097365;210.87001437307572
33.52;-33.2286;299.19324434097365;210.87001437307572
33.37;-33.0857;299.19324434097365;210.87001437307572
33.32;-33.0286;299.19324434097365;210.87001437307572
33.28;-32.8571;299.19324434097365;210.87001437307572
33.11;-32.6286;299.19324434097365;210.87001437307572
33.15;-32.4286;299.19324434097365;210.87001437307572
33.03;-32.3429;299.19324434097365;210.87001437307572
32.96;-32.4;299.19324434097365;210.87001437307572
32.87;-32.2;299.19324434097365;210.87001437307572
32.7;-32.1429;299.19324434097365;210.87001437307572
32.62;-32.0;299.19324434097365;210.87001437307572
32.57;-31.9143;299.19324434097365;210.87001437307572
32.34;-31.7143;299.19324434097365;210.87001437307572
32.31;-31.5714;299.19324434097365;210.87001437307572
32.14;-31.4286;299.19324434097365;210.87001437307572
32.04;-31.4286;299.19324434097365;210.87001437307572
31.92;-31.3714;299.19324434097365;210.87001437307572
31.89;-31.2571;299.19324434097365;210.87001437307572
31.72;-31.1429;299.19324434097365;210.87001437307572
31.56;-31.0286;299.19324434097365;210.87001437307572
31.48;-31.0;299.19324434097365;210.87001437307572
31.49;-30.8857;299.19324434097365;210.87001437307572
31.26;-30.8;299.19324434097365;210.87001437307572
31.13;-30.6857;299.19324434097365;210.87001437307572
30.98;-30.6286;299.19324434097365;210.87001437307572
30.86;-30.5714;299.19324434097365;210.87001437307572
30.79;-30.4857;299.19324434097365;210.87001437307572
30.84;-30.2857;299.19324434097365;210.87001437307572
30.73;-30.1143;299.19324434097365;210.87001437307572
30.61;-30.0857;299.19324434097365;210.87001437307572
30.4;-29.9143;299.19324434097365;210.87001437307572
30.22;-29.8857;299.19324434097365;210.87001437307572
30.17;-29.7429;299.19324434097365;210.87001437307572
30.0;-29.6857;299.19324434097365;210.87001437307572
29.95;-29.5429;299.19324434097365;210.87001437307572
29.91;-29.3714;299.19324434097365;210.87001437307572
29.83;-29.1429;299.19324434097365;210.87001437307572
29.61;-29.0;299.19324434097365;210.87001437307572
29.53;-28.9429;299.19324434097365;210.87001437307572
29.5;-28.8286;299.19324434097365;210.87001437307572
29.44;-28.8;299.19324434097365;210.87001437307572
29.35;-28.7143;299.19324434097365;210.87001437307572
29.22;-28.6;299.19324434097365;210.87001437307572
29.08;-28.5429;299.19324434097365;210.87001437307572
29.0;-28.3714;299.19324434097365;210.87001437307572
28.89;-28.3429;299.19324434097365;210.87001437307572
28.79;-28.2857;299.19324434097365;210.87001437307572
28.63;-28.0571;299.19324434097365;210.87001437307572
28.5;-27.9429;299.19324434097365;210.87001437307572
28.44;-27.7429;299.19324434097365;210.87001437307572
28.35;-27.7714;299.19324434097365;210.87001437307572
28.3;-27.6571;299.19324434097365;210.87001437307572
28.14;-27.4857;299.19324434097365;210.87001437307572
27.88;-27.4571;299.19324434097365;210.87001437307572
27.78;-27.3429;299.19324434097365;210.87001437307572
27.74;-27.3714;299.19324434097365;210.87001437307572
27.62;-27.2;299.19324434097365;210.87001437307572
27.47;-26.9429;299.19324434097365;210.87001437307572
27.38;-26.7143;299.19324434097365;210.87001437307572
27.33;-26.6286;299.19324434097365;210.87001437307572
27.24;-26.6;299.19324434097365;210.87001437307572
27.12;-26.4;299.19324434097365;210.87001437307572
27.02;-26.3429;299.19324434097365;210.87001437307572
27.02;-26.2;299.19324434097365;210.87001437307572
26.82;-26.1143;299.19324434097365;210.87001437307572
26.85;-26.0;299.19324434097365;210.87001437307572
26.66;-26.0286;299.19324434097365;210.87001437307572
26.5;-26.0;299.19324434097365;210.87001437307572
26.39;-25.8286;299.19324434097365;210.87001437307572
26.28;-25.7429;299.19324434097365;210.87001437307572
26.27;-25.6286;299.19324434097365;210.87001437307572
26.13;-25.5714;299.19324434097365;210.87001437307572
26.11;-25.3429;299.19324434097365;210.87001437307572
26.01;-25.2286;299.19324434097365;210.87001437307572
26.01;-25.2571;299.19324434097365;210.87001437307572
25.82;-25.1714;299.19324434097365;210.87001437307572
25.81;-25.0571;299.19324434097365;210.87001437307572
25.66;-25.0286;299.19324434097365;210.87001437307572
25.41;-24.9143;299.19324434097365;210.87001437307572
25.33;-24.8;299.19324434097365;210.87001437307572
25.16;-24.7429;299.19324434097365;210.87001437307572
25.09;-24.5714;299.19324434097365;210.87001437307572
25.06;-24.4571;299.19324434097365;210.87001437307572
24.96;-24.3429;299.19324434097365;210.87001437307572
24.91;-24.2;299.19324434097365;210.87001437307572
24.82;-24.1143;299.19324434097365;210.87001437307572
24.73;-24.0286;299.19324434097365;210.87001437307572
24.63;-23.9143;299.19324434097365;210.87001437307572
24.49;-23.8571;299.19324434097365;210.87001437307572
24.43;-23.7714;299.19324434097365;210.87001437307572
24.36;-23.6857;299.19324434097365;210.87001437307572
24.24;-23.6;299.19324434097365;210.87001437307572
24.12;-23.4857;299.19324434097365;210.87001437307572
23.97;-23.4286;299.19324434097365;210.87001437307572
23.87;-23.3714;299.19324434097365;210.87001437307572
23.81;-23.2;299.19324434097365;210.87001437307572
23.69;-23.0;299.19324434097365;210.87001437307572
23.63;-22.9429;299.19324434097365;210.87001437307572
23.55;-22.9143;299.19324434097365;210.87001437307572
23.42;-22.7429;299.19324434097365;210.87001437307572
23.33;-22.6857;299.19324434097365;210.87001437307572
23.21;-22.6;299.19324434097365;210.87001437307572
23.17;-22.5143;299.19324434097365;210.87001437307572
22.99;-22.4571;299.19324434097365;210.87001437307572
22.84;-22.3714;299.19324434097365;210.87001437307572
22.8;-22.2857;299.19324434097365;210.87001437307572
22.69;-22.1714;299.19324434097365;210.87001437307572
22.62;-22.1143;299.19324434097365;210.87001437307572
22.52;-21.9143;299.19324434097365;210.87001437307572
22.38;-21.9143;299.19324434097365;210.87001437307572
22.25;-21.7714;299.19324434097365;210.87001437307572
22.15;-21.6857;299.19324434097365;210.87001437307572
22.02;-21.6;299.19324434097365;210.87001437307572
21.93;-21.4857;299.19324434097365;210.87001437307572
21.86;-21.3429;299.19324434097365;210.87001437307572
21.76;-21.2571;299.19324434097365;210.87001437307572
21.66;-21.1143;299.19324434097365;210.87001437307572
21.5;-21.0286;299.19324434097365;210.87001437307572
21.39;-21.0;299.19324434097365;210.87001437307572
21.33;-20.8857;299.19324434097365;210.87001437307572
21.26;-20.7714;299.19324434097365;210.87001437307572
21.19;-20.7429;299.19324434097365;210.87001437307572
21.09;-20.7429;299.19324434097365;210.87001437307572
20.99;-20.6286;299.19324434097365;210.87001437307572
20.87;-20.5143;299.19324434097365;210.87001437307572
20.74;-20.3714;299.19324434097365;210.87001437307572
20.63;-20.3429;299.19324434097365;210.87001437307572
20.65;-20.2286;299.19324434097365;210.87001437307572
20.47;-20.0857;299.19324434097365;210.87001437307572
20.38;-20.0571;299.19324434097365;210.87001437307572
20.32;-19.8857;299.19324434097365;210.87001437307572
20.24;-19.8;299.19324434097365;210.87001437307572
20.2;-19.7143;299.19324434097365;210.87001437307572
20.02;-19.6;299.19324434097365;210.87001437307572
19.94;-19.5429;299.19324434097365;210.87001437307572
19.84;-19.4286;299.19324434097365;210.87001437307572
19.76;-19.3714;299.19324434097365;210.87001437307572
19.65;-19.3429;299.19324434097365;210.87001437307572
19.55;-19.2571;299.19324434097365;210.87001437307572
19.49;-19.0857;299.19324434097365;210.87001437307572
19.36;-18.9714;299.19324434097365;210.87001437307572
19.3;-18.9429;299.19324434097365;210.87001437307572
19.22;-18.8;299.19324434097365;210.87001437307572
19.16;-18.8;299.19324434097365;210.87001437307572
19.05;-18.6571;299.19324434097365;210.87001437307572
19.0;-18.6;299.19324434097365;210.87001437307572
18.93;-18.5429;299.19324434097365;210.87001437307572
18.84;-18.4571;299.19324434097365;210.87001437307572
18.75;-18.4;299.19324434097365;210.87001437307572
18.69;-18.3143;299.19324434097365;210.87001437307572
18.61;-18.2286;299.19324434097365;210.87001437307572
18.46;-18.1429;299.19324434097365;210.87001437307572
18.39;-18.1143;299.19324434097365;210.87001437307572
18.26;-18.0286;299.19324434097365;210.87001437307572
18.18;-17.9429;299.19324434097365;210.87001437307572
18.12;-17.8286;299.19324434097365;210.87001437307572
17.99;-17.7143;299.19324434097365;210.87001437307572
17.95;-17.6;299.19324434097365;210.87001437307572
17.84;-17.4857;299.19324434097365;210.87001437307572
17.74;-17.4571;299.19324434097365;210.87001437307572
17.68;-17.3143;299.19324434097365;210.87001437307572
17.62;-17.2286;299.19324434097365;210.87001437307572
17.52;-17.1143;299.19324434097365;210.87001437307572
17.4;-17.1143;299.19324434097365;210.87001437307572
17.43;-17.0286;299.19324434097365;210.87001437307572
17.26;-16.9429;299.19324434097365;210.87001437307572
17.14;-16.8571;299.19324434097365;210.87001437307572
17.07;-16.7714;299.19324434097365;210.87001437307572
17.02;-16.6857;299.19324434097365;210.87001437307572
16.93;-16.5714;299.19324434097365;210.87001437307572
16.85;-16.5429;299.19324434097365;210.87001437307572
16.74;-16.3714;299.19324434097365;210.87001437307572
16.58;-16.3143;299.19324434097365;210.87001437307572
16.54;-16.2857;299.19324434097365;210.87001437307572
16.44;-16.1143;299.19324434097365;210.87001437307572
16.34;-16.0571;299.19324434097365;210.87001437307572
16.32;-15.8571;299.19324434097365;210.87001437307572
16.24;-15.8286;299.19324434097365;210.87001437307572
16.13;-15.7714;299.19324434097365;210.87001437307572
16.1;-15.7429;299.19324434097365;210.87001437307572
15.98;-15.6571;299.19324434097365;210.87001437307572
15.92;-15.6571;299.19324434097365;210.87001437307572
15.82;-15.5143;299.19324434097365;210.87001437307572
15.74;-15.4;299.19324434097365;210.87001437307572
15.72;-15.3429;299.19324434097365;210.87001437307572
15.58;-15.2571;299.19324434097365;210.87001437307572
15.54;-15.2286;299.19324434097365;210.87001437307572
15.4;-15.1429;299.19324434097365;210.87001437307572
15.32;-15.0857;299.19324434097365;210.87001437307572
15.16;-15.0;299.19324434097365;210.87001437307572
15.06;-14.8286;299.19324434097365;210.87001437307572
14.91;-14.7714;299.19324434097365;210.87001437307572
14.88;-14.6857;299.19324434097365;210.87001437307572
14.77;-14.6;299.19324434097365;210.87001437307572
14.73;-14.4571;299.19324434097365;210.87001437307572
14.63;-14.3143;299.19324434097365;210.87001437307572
14.53;-14.2286;299.19324434097365;210.87001437307572
14.42;-14.2286;299.19324434097365;210.87001437307572
14.42;-14.0857;299.19324434097365;210.87001437307572
14.31;-14.0;299.19324434097365;210.87001437307572
14.23;-13.9714;299.19324434097365;210.87001437307572
14.21;-13.8571;299.19324434097365;210.87001437307572
14.06;-13.8286;299.19324434097365;210.87001437307572
13.9;-13.7714;299.19324434097365;210.87001437307572
13.88;-13.6571;299.19324434097365;210.87001437307572
13.79;-13.6286;299.19324434097365;210.87001437307572
13.68;-13.4286;299.19324434097365;210.87001437307572
13.55;-13.4;299.19324434097365;210.87001437307572
13.5;-13.2857;299.19324434097365;210.87001437307572
13.44;-13.1429;299.19324434097365;210.87001437307572
13.33;-13.0857;299.19324434097365;210.87001437307572
13.21;-13.0286;299.19324434097365;210.87001437307572
13.08;-12.8857;299.19324434097365;210.87001437307572
12.97;-12.8571;299.19324434097365;210.87001437307572
12.99;-12.7714;299.19324434097365;210.87001437307572
12.97;-12.6571;299.19324434097365;210.87001437307572
12.92;-12.6;299.19324434097365;210.87001437307572
12.9;-12.4571;299.19324434097365;210.87001437307572
12.84;-12.4;299.19324434097365;210.87001437307572
12.8;-12.3143;299.19324434097365;210.87001437307572
12.7;-12.2857;299.19324434097365;210.87001437307572
12.58;-12.2286;299.19324434097365;210.87001437307572
12.58;-12.2571;299.19324434097365;210.87001437307572
12.52;-12.2286;299.19324434097365;210.87001437307572
12.44;-12.1714;299.19324434097365;210.87001437307572
12.36;-12.0571;299.19324434097365;210.87001437307572
12.27;-12.0;299.19324434097365;210.87001437307572
12.2;-11.9143;299.19324434097365;210.87001437307572
12.15;-11.8857;299.19324434097365;210.87001437307572
12.08;-11.7714;299.19324434097365;210.87001437307572
11.95;-11.7429;299.19324434097365;210.87001437307572
11.88;-11.6;299.19324434097365;210.87001437307572
11.8;-11.5714;299.19324434097365;210.87001437307572
11.75;-11.4571;299.19324434097365;210.87001437307572
11.67;-11.4;299.19324434097365;210.87001437307572
11.62;-11.3429;299.19324434097365;210.87001437307572
11.59;-11.2857;299.19324434097365;210.87001437307572
11.54;-11.2286;299.19324434097365;210.87001437307572
11.41;-11.1143;299.19324434097365;210.87001437307572
11.35;-11.0;299.19324434097365;210.87001437307572
11.25;-10.9714;299.19324434097365;210.87001437307572
11.19;-10.9143;299.19324434097365;210.87001437307572
11.12;-10.8857;299.19324434097365;210.87001437307572
11.03;-10.7714;299.19324434097365;210.87001437307572
10.95;-10.6857;299.19324434097365;210.87001437307572
10.89;-10.6571;299.19324434097365;210.87001437307572
10.82;-10.5429;299.19324434097365;210.87001437307572
10.7;-10.4571;299.19324434097365;210.87001437307572
10.64;-10.3714;299.19324434097365;210.87001437307572
10.54;-10.2571;299.19324434097365;210.87001437307572
10.5;-10.2571;299.19324434097365;210.87001437307572
10.4;-10.2;299.19324434097365;210.87001437307572
10.3;-10.1429;299.19324434097365;210.87001437307572
10.25;-10.0;299.19324434097365;210.87001437307572
10.15;-9.9429;299.19324434097365;210.87001437307572
10.07;-9.8857;299.19324434097365;210.87001437307572
10.0;-9.8;299.19324434097365;210.87001437307572
9.97;-9.7143;299.19324434097365;210.87001437307572
9.9;-9.6;299.19324434097365;210.87001437307572
9.85;-9.5429;299.19324434097365;210.87001437307572
9.79;-9.5143;299.19324434097365;210.87001437307572
9.71;-9.4286;299.19324434097365;210.87001437307572
9.66;-9.4;299.19324434097365;210.87001437307572
9.57;-9.3429;299.19324434097365;210.87001437307572
9.5;-9.3143;299.19324434097365;210.87001437307572
9.43;-9.2571;299.19324434097365;210.87001437307572
9.32;-9.1714;299.19324434097365;210.87001437307572
9.28;-9.0571;299.19324434097365;210.87001437307572
9.21;-9.0286;299.19324434097365;210.87001437307572
9.12;-8.9143;299.19324434097365;210.87001437307572
9.09;-8.8286;299.19324434097365;210.87001437307572
8.97;-8.7714;299.19324434097365;210.87001437307572
8.9;-8.7429;299.19324434097365;210.87001437307572
8.84;-8.6857;299.19324434097365;210.87001437307572
8.78;-8.6286;299.19324434097365;210.87001437307572
8.7;-8.5143;299.19324434097365;210.87001437307572
8.65;-8.4571;299.19324434097365;210.87001437307572
8.58;-8.3714;299.19324434097365;210.87001437307572
8.53;-8.3143;299.19324434097365;210.87001437307572
8.46;-8.2857;299.19324434097365;210.87001437307572
8.4;-8.2571;299.19324434097365;210.87001437307572
8.32;-8.2;299.19324434097365;210.87001437307572
8.28;-8.0857;299.19324434097365;210.87001437307572
8.25;-8.0286;299.19324434097365;210.87001437307572
8.19;-8.0;299.19324434097365;210.87001437307572
8.15;-7.9429;299.19324434097365;210.87001437307572
8.06;-7.8857;299.19324434097365;210.87001437307572
8.02;-7.8286;299.19324434097365;210.87001437307572
7.97;-7.7429;299.19324434097365;210.87001437307572
7.88;-7.7714;299.19324434097365;210.87001437307572
7.79;-7.6571;299.19324434097365;210.87001437307572
7.71;-7.5429;299.19324434097365;210.87001437307572
7.67;-7.4857;299.19324434097365;210.87001437307572
7.61;-7.4;299.19324434097365;210.87001437307572
7.56;-7.3714;299.19324434097365;210.87001437307572
7.49;-7.3143;299.19324434097365;210.87001437307572
7.42;-7.2571;299.19324434097365;210.87001437307572
7.39;-7.2;299.19324434097365;210.87001437307572
7.31;-7.2;299.19324434097365;210.87001437307572
7.26;-7.0857;299.19324434097365;210.87001437307572
7.2;-7.0571;299.19324434097365;210.87001437307572
7.16;-6.9714;299.19324434097365;210.87001437307572
7.08;-6.9714;299.19324434097365;210.87001437307572
7.03;-6.8857;299.19324434097365;210.87001437307572
6.95;-6.8;299.19324434097365;210.87001437307572
6.88;-6.8;299.19324434097365;210.87001437307572
6.83;-6.6857;299.19324434097365;210.87001437307572
6.77;-6.6;299.19324434097365;210.87001437307572
6.72;-6.5143;299.19324434097365;210.87001437307572
6.67;-6.4571;299.19324434097365;210.87001437307572
6.63;-6.4;299.19324434097365;210.87001437307572
6.58;-6.3714;299.19324434097365;210.87001437307572
6.53;-6.3143;299.19324434097365;210.87001437307572
6.46;-6.3143;299.19324434097365;210.87001437307572
6.39;-6.2857;299.19324434097365;210.87001437307572
6.34;-6.2286;299.19324434097365;210.87001437307572
6.28;-6.1429;299.19324434097365;210.87001437307572
6.21;-6.1143;299.19324434097365;210.87001437307572
6.15;-6.0;299.19324434097365;210.87001437307572
6.08;-5.9143;299.19324434097365;210.87001437307572
6.03;-5.8857;299.19324434097365;210.87001437307572
5.93;-5.8286;299.19324434097365;210.87001437307572
5.14;-5.7714;299.19324434097365;210.87001437307572
179.22;-5.7143;299.19324434097365;210.87001437307572
166.42;-5.5714;299.19324434097365;210.87001437307572
153.62;-5.4857;299.19324434097365;210.87001437307572
140.82;-5.4857;299.19324434097365;210.87001437307572
117.78;-5.4857;299.19324434097365;210.87001437307572
107.54;-5.4;299.19324434097365;210.87001437307572
94.74;-5.3429;299.19324434097365;210.87001437307572
81.94;-5.2857;299.19324434097365;210.87001437307572
64.02;-5.2571;299.19324434097365;210.87001437307572
51.22;-5.1429;299.19324434097365;210.87001437307572
35.86;-5.1714;299.19324434097365;210.87001437307572
20.5;-5.1143;299.19324434097365;210.87001437307572
10.25;-5.0286;299.19324434097365;210.87001437307572
652.81;-4.9714;299.19324434097365;210.87001437307572
637.45;-4.8857;299.19324434097365;210.87001437307572
627.21;-4.8857;299.19324434097365;210.87001437307572
614.41;-4.8;299.19324434097365;210.87001437307572
599.05;-4.7429;299.19324434097365;210.87001437307572
586.25;-4.7143;299.19324434097365;210.87001437307572
568.33;-4.7143;299.19324434097365;210.87001437307572
558.09;-4.6571;299.19324434097365;210.87001437307572
545.29;-4.5714;299.19324434097365;210.87001437307572
532.49;-4.4857;299.19324434097365;210.87001437307572
517.13;-4.4857;299.19324434097365;210.87001437307572
501.77;-4.4286;299.19324434097365;210.87001437307572
494.09;-4.3429;299.19324434097365;210.87001437307572
481.29;-4.3429;299.19324434097365;210.87001437307572
468.49;-4.2286;299.19324434097365;210.87001437307572
450.57;-4.2286;299.19324434097365;210.87001437307572
432.65;-4.1429;299.19324434097365;210.87001437307572
422.41;-4.0857;299.19324434097365;210.87001437307572
404.49;-4.0286;299.19324434097365;210.87001437307572
389.13;-4.0286;299.19324434097365;210.87001437307572
373.77;-3.9429;299.19324434097365;210.87001437307572
360.97;-3.8571;299.19324434097365;210.87001437307572
345.61;-3.7714;299.19324434097365;210.87001437307572
340.49;-3.7429;299.19324434097365;210.87001437307572
327.69;-3.6857;299.19324434097365;210.87001437307572
314.89;-3.6571;299.19324434097365;210.87001437307572
302.09;-3.5714;299.19324434097365;210.87001437307572
291.85;-3.5429;299.19324434097365;210.87001437307572
281.61;-3.5714;299.19324434097365;210.87001437307572
271.37;-3.5143;299.19324434097365;210.87001437307572
256.01;-3.4286;299.19324434097365;210.87001437307572
245.77;-3.3429;299.19324434097365;210.87001437307572
232.97;-3.4;299.19324434097365;210.87001437307572
212.49;-3.3714;299.19324434097365;210.87001437307572
202.25;-3.2571;299.19324434097365;210.87001437307572
192.01;-3.2286;299.19324434097365;210.87001437307572
176.65;-3.1429;299.19324434097365;210.87001437307572
166.41;-3.0857;299.19324434097365;210.87001437307572
151.05;-3.0571;299.19324434097365;210.87001437307572
145.93;-3.0286;299.19324434097365;210.87001437307572
130.57;-3.0286;299.19324434097365;210.87001437307572
125.45;-2.8857;299.19324434097365;210.87001437307572
107.53;-2.8571;299.19324434097365;210.87001437307572
97.29;-2.8571;299.19324434097365;210.87001437307572
87.05;-2.8286;299.19324434097365;210.87001437307572
76.81;-2.7429;299.19324434097365;210.87001437307572
64.01;-2.7429;299.19324434097365;210.87001437307572
51.21;-2.7143;299.19324434097365;210.87001437307572
43.53;-2.6286;299.19324434097365;210.87001437307572
30.73;-2.6571;299.19324434097365;210.87001437307572
17.93;-2.6;299.19324434097365;210.87001437307572
7.68;-2.6;299.19324434097365;210.87001437307572
647.68;-2.5143;299.19324434097365;210.87001437307572
640.0;-2.3714;299.19324434097365;210.87001437307572
632.32;-2.4;299.19324434097365;210.87001437307572
627.2;-2.3143;299.19324434097365;210.87001437307572
614.4;-2.2857;299.19324434097365;210.87001437307572
601.6;-2.2286;299.19324434097365;210.87001437307572
591.36;-2.3143;299.19324434097365;210.87001437307572
583.68;-2.2286;299.19324434097365;210.87001437307572
565.76;-2.1429;299.19324434097365;210.87001437307572
555.52;-2.1429;299.19324434097365;210.87001437307572
545.28;-2.0286;299.19324434097365;210.87001437307572
535.04;-2.0286;299.19324434097365;210.87001437307572
527.36;-1.9143;299.19324434097365;210.87001437307572
514.56;-1.8857;299.19324434097365;210.87001437307572
506.88;-1.8857;299.19324434097365;210.87001437307572
496.64;-1.7714;299.19324434097365;210.87001437307572
486.4;-1.8286;299.19324434097365;210.87001437307572
476.16;-1.8;299.19324434097365;210.87001437307572
463.36;-1.7143;299.19324434097365;210.87001437307572
453.12;-1.7429;299.19324434097365;210.87001437307572
445.44;-1.6857;299.19324434097365;210.87001437307572
435.2;-1.5714;299.19324434097365;210.87001437307572
427.52;-1.5429;299.19324434097365;210.87001437307572
419.84;-1.5429;299.19324434097365;210.87001437307572
414.72;-1.5143;299.19324434097365;210.87001437307572
404.48;-1.4571;299.19324434097365;210.87001437307572
399.36;-1.4857;299.19324434097365;210.87001437307572
394.24;-1.4286;299.19324434097365;210.87001437307572
384.0;-1.4286;299.19324434097365;210.87001437307572
371.2;-1.3714;299.19324434097365;210.87001437307572
363.52;-1.2857;299.19324434097365;210.87001437307572
353.28;-1.3714;299.19324434097365;210.87001437307572
345.6;-1.2286;299.19324434097365;210.87001437307572
332.8;-1.1714;299.19324434097365;210.87001437307572
322.56;-1.1143;299.19324434097365;210.87001437307572
314.88;-1.1714;299.19324434097365;210.87001437307572
307.2;-1.1143;299.19324434097365;210.87001437307572
296.96;-1.0571;299.19324434097365;210.87001437307572
286.72;-0.9714;299.19324434097365;210.87001437307572
279.04;-0.9143;299.19324434097365;210.87001437307572
271.36;-0.9714;299.19324434097365;210.87001437307572
263.68;-0.8571;299.19324434097365;210.87001437307572
256.0;-0.9143;299.19324434097365;210.87001437307572
250.88;-0.8;299.19324434097365;210.87001437307572
243.2;-0.8857;299.19324434097365;210.87001437307572
238.08;-0.8;299.19324434097365;210.87001437307572
230.4;-0.7143;299.19324434097365;210.87001437307572
225.28;-0.7714;299.19324434097365;210.87001437307572
217.6;-0.8;299.19324434097365;210.87001437307572
212.48;-0.7143;299.19324434097365;210.87001437307572
204.8;-0.6857;299.19324434097365;210.87001437307572
197.12;-0.6286;299.19324434097365;210.87001437307572
194.56;-0.6286;299.19324434097365;210.87001437307572
184.32;-0.6571;299.19324434097365;210.87001437307572
179.2;-0.6;299.19324434097365;210.87001437307572
174.08;-0.5714;299.19324434097365;210.87001437307572
168.96;-0.5714;299.19324434097365;210.87001437307572
163.84;-0.5429;299.19324434097365;210.87001437307572
156.16;-0.5143;299.19324434097365;210.87001437307572
145.92;-0.4286;299.19324434097365;210.87001437307572
138.24;-0.4857;299.19324434097365;210.87001437307572
133.12;-0.4571;299.19324434097365;210.87001437307572
125.44;-0.4;299.19324434097365;210.87001437307572
117.76;-0.3143;299.19324434097365;210.87001437307572
112.64;-0.3714;299.19324434097365;210.87001437307572
110.08;-0.2286;299.19324434097365;210.87001437307572
107.52;-0.2857;299.19324434097365;210.87001437307572
110.08;-0.2857;299.19324434097365;210.87001437307572
107.52;-0.2286;299.19324434097365;210.87001437307572
102.4;-0.2857;299.19324434097365;210.87001437307572
97.28;-0.3429;299.19324434097365;210.87001437307572
89.6;-0.3429;299.19324434097365;210.87001437307572
84.48;-0.3429;299.19324434097365;210.87001437307572
76.8;-0.3714;299.19324434097365;210.87001437307572
71.68;-0.1429;299.19324434097365;210.87001437307572
66.56;-0.1714;299.19324434097365;210.87001437307572
58.88;-0.1429;299.19324434097365;210.87001437307572
53.76;-0.1714;299.19324434097365;210.87001437307572
48.64;-0.0571;299.19324434097365;210.87001437307572
40.96;-0.0857;299.19324434097365;210.87001437307572
35.84;0.0;299.19324434097365;210.87001437307572
30.72;0.0286;299.19324434097365;210.87001437307572
28.16;0.0857;299.19324434097365;210.87001437307572
25.6;0.0857;299.19324434097365;210.87001437307572
30.72;0.0857;299.19324434097365;210.87001437307572
35.84;0.2571;299.19324434097365;210.87001437307572
53.76;0.3714;299.19324434097365;210.87001437307572
79.36;0.6;299.19324434097365;210.87001437307572
115.2;0.6286;299.19324434097365;210.87001437307572
158.72;0.6571;299.19324434097365;210.87001437307572
209.92;0.7714;299.19324434097365;210.87001437307572
266.24;1.0286;299.19324434097365;210.87001437307572
332.8;1.1714;299.19324434097365;210.87001437307572
412.16;1.4286;299.19324434097365;210.87001437307572
499.2;1.6857;299.19324434097365;210.87001437307572
596.49;2.0286;299.19324434097365;210.87001437307572
51.21;2.3429;299.19324434097365;210.87001437307572
168.97;2.6857;299.19324434097365;210.87001437307572
314.89;3.0857;299.19324434097365;210.87001437307572
471.05;3.4;299.19324434097365;210.87001437307572
640.02;3.7714;299.19324434097365;210.87001437307572
171.54;4.2857;299.19324434097365;210.87001437307572
366.1;4.7714;299.19324434097365;210.87001437307572
578.59;5.3429;299.19324434097365;210.87001437307572
145.95;6.0;299.19324434097365;210.87001437307572
376.35;6.6857;299.19324434097365;210.87001437307572
634.92;7.4571;299.19324434097365;210.87001437307572
235.56;8.2;299.19324434097365;210.87001437307572
496.69;9.0857;299.19324434097365;210.87001437307572
140.85;9.8571;299.19324434097365;210.87001437307572
427.58;10.8571;299.19324434097365;210.87001437307572
84.54;11.8286;299.19324434097365;210.87001437307572
384.07;12.8;299.19324434097365;210.87001437307572
43.59;13.8286;299.19324434097365;210.87001437307572
371.28;14.8857;299.19324434097365;210.87001437307572
46.16;16.0571;299.19324434097365;210.87001437307572
399.45;17.2;299.19324434097365;210.87001437307572
112.73;18.4286;299.19324434097365;210.87001437307572
466.02;19.6;299.19324434097365;210.87001437307572
158.82;20.8;299.19324434097365;210.87001437307572
512.11;22.0;299.19324434097365;210.87001437307572
207.47;23.2571;299.19324434097365;210.87001437307572
583.8;24.4571;299.19324434097365;210.87001437307572
302.21;25.7429;299.19324434097365;210.87001437307572
10.37;27.1143;299.19324434097365;210.87001437307572
373.9;28.3714;299.19324434097365;210.87001437307572
76.94;29.6857;299.19324434097365;210.87001437307572
443.03;31.0571;299.19324434097365;210.87001437307572
169.11;32.3714;299.19324434097365;210.87001437307572
530.08;33.5429;299.19324434097365;210.87001437307572
248.48;34.9429;299.19324434097365;210.87001437307572
573.61;36.2857;299.19324434097365;210.87001437307572
292.01;37.4857;299.19324434097365;210.87001437307572
650.42;38.8857;299.19324434097365;210.87001437307572
353.46;40.1714;299.19324434097365;210.87001437307572
645.31;41.5429;299.19324434097365;210.87001437307572
327.88;42.8286;299.19324434097365;210.87001437307572
36.04;44.2286;299.19324434097365;210.87001437307572
399.57;45.5429;299.19324434097365;210.87001437307572
18.13;46.6857;299.19324434097365;210.87001437307572
322.77;47.8286;299.19324434097365;210.87001437307572
632.54;49.0571;299.19324434097365;210.87001437307572
297.18;50.2857;299.19324434097365;210.87001437307572
624.87;51.4571;299.19324434097365;210.87001437307572
251.11;52.7429;299.19324434097365;210.87001437307572
545.52;53.8571;299.19324434097365;210.87001437307572
176.88;55.4;299.19324434097365;210.87001437307572
484.09;56.3429;299.19324434097365;210.87001437307572
141.05;57.4571;299.19324434097365;210.87001437307572
412.42;58.8;299.19324434097365;210.87001437307572
51.46;60.2571;299.19324434097365;210.87001437307572
348.42;61.6;299.19324434097365;210.87001437307572
596.75;62.6;299.19324434097365;210.87001437307572
248.59;63.8;299.19324434097365;210.87001437307572
484.12;65.1429;299.19324434097365;210.87001437307572
102.68;66.7429;299.19324434097365;210.87001437307572
397.09;67.3429;299.19324434097365;210.87001437307572
54.05;68.6;299.19324434097365;210.87001437307572
430.38;69.9714;299.19324434097365;210.87001437307572
112.94;71.0571;299.19324434097365;210.87001437307572
348.47;71.9429;299.19324434097365;210.87001437307572
51.51;73.2857;299.19324434097365;210.87001437307572
412.47;74.7714;299.19324434097365;210.87001437307572
607.04;75.9143;299.19324434097365;210.87001437307572
161.6;77.0286;299.19324434097365;210.87001437307572
409.93;78.2857;299.19324434097365;210.87001437307572
59.21;79.4571;299.19324434097365;210.87001437307572
361.29;81.0286;299.19324434097365;210.87001437307572
594.26;81.9429;299.19324434097365;210.87001437307572
192.34;82.3714;299.19324434097365;210.87001437307572
425.31;83.2857;299.19324434097365;210.87001437307572
15.71;83.9143;299.19324434097365;210.87001437307572
258.91;85.0286;299.19324434097365;210.87001437307572
522.6;86.2857;299.19324434097365;210.87001437307572
192.36;87.5143;299.19324434097365;210.87001437307572
422.77;88.7429;299.19324434097365;210.87001437307572
0.37;90.3714;299.19324434097365;210.87001437307572
197.49;91.4571;299.19324434097365;210.87001437307572
371.58;91.5429;299.19324434097365;210.87001437307572
23.42;91.5143;299.19324434097365;210.87001437307572
338.3;92.9429;299.19324434097365;210.87001437307572
607.11;93.8286;299.19324434097365;210.87001437307572
174.47;95.7143;299.19324434097365;210.87001437307572
415.12;96.2571;299.19324434097365;210.87001437307572
54.16;97.4286;299.19324434097365;210.87001437307572
440.73;98.9143;299.19324434097365;210.87001437307572
207.77;100.2571;299.19324434097365;210.87001437307572
563.62;100.2857;299.19324434097365;210.87001437307572
74.66;100.9714;299.19324434097365;210.87001437307572
353.7;102.2571;299.19324434097365;210.87001437307572
561.07;103.8286;299.19324434097365;210.87001437307572
5.55;104.4286;299.19324434097365;210.87001437307572
315.31;106.4857;299.19324434097365;210.87001437307572
427.95;107.6857;299.19324434097365;210.87001437307572
427.95;108.3143;299.19324434097365;210.87001437307572
530.36;108.2;299.19324434097365;210.87001437307572
276.92;109.2571;299.19324434097365;210.87001437307572
532.93;110.0857;299.19324434097365;210.87001437307572
284.61;110.8857;299.19324434097365;210.87001437307572
637.9;112.5143;299.19324434097365;210.87001437307572
215.5;112.4857;299.19324434097365;210.87001437307572
435.67;114.1429;299.19324434097365;210.87001437307572
187.35;114.7143;299.19324434097365;210.87001437307572
614.87;115.7714;299.19324434097365;210.87001437307572
604.64;116.6857;299.19324434097365;210.87001437307572
54.24;117.2571;299.19324434097365;210.87001437307572
184.8;119.5429;299.19324434097365;210.87001437307572
530.41;120.5143;299.19324434097365;210.87001437307572
166.89;120.7714;299.19324434097365;210.87001437307572
648.18;121.7143;299.19324434097365;210.87001437307572
79.86;123.2;299.19324434097365;210.87001437307572
271.86;124.4857;299.19324434097365;210.87001437307572
369.14;125.3143;299.19324434097365;210.87001437307572
558.59;124.9429;299.19324434097365;210.87001437307572
184.83;125.8286;299.19324434097365;210.87001437307572
614.92;126.5714;299.19324434097365;210.87001437307572
85.0;127.0571;299.19324434097365;210.87001437307572
297.48;128.0571;299.19324434097365;210.87001437307572
471.56;128.8571;299.19324434097365;210.87001437307572
604.69;131.0857;299.19324434097365;210.87001437307572
271.89;132.0286;299.19324434097365;210.87001437307572
376.86;131.7429;299.19324434097365;210.87001437307572
49.18;133.1143;299.19324434097365;210.87001437307572
397.35;133.0571;299.19324434097365;210.87001437307572
218.15;133.9143;299.19324434097365;210.87001437307572
379.43;133.8571;299.19324434097365;210.87001437307572
484.4;135.5429;299.19324434097365;210.87001437307572
33.84;136.7143;299.19324434097365;210.87001437307572
279.6;140.1429;299.19324434097365;210.87001437307572
387.12;139.8286;299.19324434097365;210.87001437307572
343.6;139.8571;299.19324434097365;210.87001437307572
584.25;141.2571;299.19324434097365;210.87001437307572
310.34;140.9714;299.19324434097365;210.87001437307572
120.9;142.2286;299.19324434097365;210.87001437307572
307.78;143.8571;299.19324434097365;210.87001437307572
481.86;142.2286;299.19324434097365;210.87001437307572
627.79;144.2857;299.19324434097365;210.87001437307572
51.79;145.2;299.19324434097365;210.87001437307572
123.47;147.0571;299.19324434097365;210.87001437307572
202.83;147.2571;299.19324434097365;210.87001437307572
341.07;147.0857;299.19324434097365;210.87001437307572
556.12;147.9143;299.19324434097365;210.87001437307572
23.64;148.0857;299.19324434097365;210.87001437307572
264.28;148.1714;299.19324434097365;210.87001437307572
579.17;149.6286;299.19324434097365;210.87001437307572
85.09;151.5143;299.19324434097365;210.87001437307572
284.77;152.4857;299.19324434097365;210.87001437307572
399.97;153.4857;299.19324434097365;210.87001437307572
556.14;155.1714;299.19324434097365;210.87001437307572
44.14;155.1714;299.19324434097365;210.87001437307572
205.42;155.6;299.19324434097365;210.87001437307572
348.78;154.6286;299.19324434097365;210.87001437307572
484.46;156.4;299.19324434097365;210.87001437307572
392.3;155.2571;299.19324434097365;210.87001437307572
653.42;156.6286;299.19324434097365;210.87001437307572
638.07;156.8;299.19324434097365;210.87001437307572
233.6;158.1714;299.19324434097365;210.87001437307572
131.2;160.7429;299.19324434097365;210.87001437307572
85.12;162.2;299.19324434097365;210.87001437307572
151.68;161.5714;299.19324434097365;210.87001437307572
97.93;161.2;299.19324434097365;210.87001437307572
115.85;163.4857;299.19324434097365;210.87001437307572
366.74;165.4;299.19324434097365;210.87001437307572
33.94;166.1429;299.19324434097365;210.87001437307572
348.82;166.4571;299.19324434097365;210.87001437307572
504.98;167.3714;299.19324434097365;210.87001437307572
512.66;168.5143;299.19324434097365;210.87001437307572
515.22;170.2286;299.19324434097365;210.87001437307572
551.06;170.8571;299.19324434097365;210.87001437307572
330.9;171.8571;299.19324434097365;210.87001437307572
305.3;171.5429;299.19324434097365;210.87001437307572
233.62;172.7143;299.19324434097365;210.87001437307572
522.91;172.2571;299.19324434097365;210.87001437307572
289.95;172.2286;299.19324434097365;210.87001437307572
617.64;171.1143;299.19324434097365;210.87001437307572
128.69;168.3429;299.19324434097365;210.87001437307572
62.13;168.4857;299.19324434097365;210.87001437307572
330.93;171.1143;299.19324434097365;210.87001437307572
351.41;173.1429;299.19324434097365;210.87001437307572
543.41;172.6571;299.19324434097365;210.87001437307572
481.97;177.1143;299.19324434097365;210.87001437307572
346.3;178.6857;299.19324434097365;210.87001437307572
59.57;177.7714;299.19324434097365;210.87001437307572
530.61;178.8;299.19324434097365;210.87001437307572
330.93;178.3429;299.19324434097365;210.87001437307572
415.41;177.8;299.19324434097365;210.87001437307572
533.18;179.6857;299.19324434097365;210.87001437307572
364.23;179.8286;299.19324434097365;210.87001437307572
80.07;178.4286;299.19324434097365;210.87001437307572
225.99;178.6857;299.19324434097365;210.87001437307572
428.24;179.2;299.19324434097365;210.87001437307572
41.68;181.4286;299.19324434097365;210.87001437307572
92.88;182.9429;299.19324434097365;210.87001437307572
167.11;182.6;299.19324434097365;210.87001437307572
400.07;182.7429;299.19324434097365;210.87001437307572
571.59;183.2;299.19324434097365;210.87001437307572
648.39;184.8;299.19324434097365;210.87001437307572
530.63;184.2857;299.19324434097365;210.87001437307572
643.28;182.8857;299.19324434097365;210.87001437307572
266.97;182.8571;299.19324434097365;210.87001437307572
80.09;184.8286;299.19324434097365;210.87001437307572
246.5;183.6571;299.19324434097365;210.87001437307572
80.1;185.0286;299.19324434097365;210.87001437307572
364.26;183.8571;299.19324434097365;210.87001437307572
274.66;184.8;299.19324434097365;210.87001437307572
241.38;185.8857;299.19324434097365;210.87001437307572
259.3;186.0857;299.19324434097365;210.87001437307572
607.47;187.6571;299.19324434097365;210.87001437307572
330.99;189.2857;299.19324434097365;210.87001437307572
200.43;189.3714;299.19324434097365;210.87001437307572
185.07;187.6857;299.19324434097365;210.87001437307572
443.63;189.4571;299.19324434097365;210.87001437307572
558.84;189.4;299.19324434097365;210.87001437307572
208.12;190.5714;299.19324434097365;210.87001437307572
139.0;190.5143;299.19324434097365;210.87001437307572
92.91;190.8286;299.19324434097365;210.87001437307572
448.75;190.2857;299.19324434097365;210.87001437307572
617.71;192.1143;299.19324434097365;210.87001437307572
622.84;193.1143;299.19324434097365;210.87001437307572
612.61;192.5143;299.19324434097365;210.87001437307572
333.57;191.9429;299.19324434097365;210.87001437307572
325.89;190.4571;299.19324434097365;210.87001437307572
407.81;192.6857;299.19324434097365;210.87001437307572
643.33;191.5143;299.19324434097365;210.87001437307572
359.18;193.7429;299.19324434097365;210.87001437307572
228.62;192.2857;299.19324434097365;210.87001437307572
354.07;192.2286;299.19324434097365;210.87001437307572
90.39;193.4;299.19324434097365;210.87001437307572
44.31;194.2857;299.19324434097365;210.87001437307572
26.39;194.9143;299.19324434097365;210.87001437307572
115.99;193.5143;299.19324434097365;210.87001437307572
246.56;194.5714;299.19324434097365;210.87001437307572
64.8;197.5429;299.19324434097365;210.87001437307572
100.63;197.2286;299.19324434097365;210.87001437307572
543.52;194.5429;299.19324434097365;210.87001437307572
23.83;197.4;299.19324434097365;210.87001437307572
210.71;197.4571;299.19324434097365;210.87001437307572
423.19;199.6286;299.19324434097365;210.87001437307572
512.8;199.0;299.19324434097365;210.87001437307572
80.16;199.0;299.19324434097365;210.87001437307572
633.12;197.5143;299.19324434097365;210.87001437307572
205.6;199.6;299.19324434097365;210.87001437307572
103.2;197.9714;299.19324434097365;210.87001437307572
520.48;197.8571;299.19324434097365;210.87001437307572
553.76;199.0571;299.19324434097365;210.87001437307572
461.6;197.2571;299.19324434097365;210.87001437307572
359.2;195.5143;299.19324434097365;210.87001437307572
123.69;202.4857;299.19324434097365;210.87001437307572
82.73;200.3429;299.19324434097365;210.87001437307572
402.72;202.3429;299.19324434097365;210.87001437307572
528.16;199.7714;299.19324434097365;210.87001437307572
67.36;199.2857;299.19324434097365;210.87001437307572
400.17;197.0571;299.19324434097365;210.87001437307572
52.01;201.2571;299.19324434097365;210.87001437307572
92.97;200.7429;299.19324434097365;210.87001437307572
359.21;196.9143;299.19324434097365;210.87001437307572
436.01;198.8286;299.19324434097365;210.87001437307572
520.5;201.1143;299.19324434097365;210.87001437307572
223.54;199.1714;299.19324434097365;210.87001437307572
287.54;200.3714;299.19324434097365;210.87001437307572
290.1;202.2857;299.19324434097365;210.87001437307572
441.14;202.0286;299.19324434097365;210.87001437307572
553.78;201.8571;299.19324434097365;210.87001437307572
374.57;202.7714;299.19324434097365;210.87001437307572
553.78;203.1143;299.19324434097365;210.87001437307572
653.63;204.0571;299.19324434097365;210.87001437307572
576.82;205.2286;299.19324434097365;210.87001437307572
599.87;203.9143;299.19324434097365;210.87001437307572
172.35;204.3429;299.19324434097365;210.87001437307572
428.35;203.4857;299.19324434097365;210.87001437307572
397.63;203.5714;299.19324434097365;210.87001437307572
372.03;204.7429;299.19324434097365;210.87001437307572
272.2;204.2;299.19324434097365;210.87001437307572
131.4;205.2;299.19324434097365;210.87001437307572
292.67;205.9429;299.19324434097365;210.87001437307572
484.67;204.6286;299.19324434097365;210.87001437307572
292.67;206.1143;299.19324434097365;210.87001437307572
543.56;205.7714;299.19324434097365;210.87001437307572
210.76;209.7429;299.19324434097365;210.87001437307572
482.13;209.7429;299.19324434097365;210.87001437307572
282.45;204.7143;299.19324434097365;210.87001437307572
167.25;207.9143;299.19324434097365;210.87001437307572
100.68;204.3143;299.19324434097365;210.87001437307572
605.01;205.8571;299.19324434097365;210.87001437307572
154.45;211.3143;299.19324434097365;210.87001437307572
144.21;211.6286;299.19324434097365;210.87001437307572
100.69;212.8571;299.19324434097365;210.87001437307572
23.89;210.6;299.19324434097365;210.87001437307572
218.45;210.0571;299.19324434097365;210.87001437307572
566.62;208.4571;299.19324434097365;210.87001437307572
392.54;209.6857;299.19324434097365;210.87001437307572
331.1;209.5143;299.19324434097365;210.87001437307572
325.97;209.8857;299.19324434097365;210.87001437307572
546.13;209.3429;299.19324434097365;210.87001437307572
287.57;210.7429;299.19324434097365;210.87001437307572
254.3;213.9143;299.19324434097365;210.87001437307572
8.55;211.4286;299.19324434097365;210.87001437307572
200.55;211.6286;299.19324434097365;210.87001437307572
103.26;210.2;299.19324434097365;210.87001437307572
651.1;213.2571;299.19324434097365;210.87001437307572
185.18;211.1429;299.19324434097365;210.87001437307572
210.78;212.2;299.19324434097365;210.87001437307572
479.59;208.7429;299.19324434097365;210.87001437307572
364.39;215.4286;299.19324434097365;210.87001437307572
558.96;213.9143;299.19324434097365;210.87001437307572
52.07;215.2286;299.19324434097365;210.87001437307572
269.67;214.2;299.19324434097365;210.87001437307572
241.51;217.2;299.19324434097365;210.87001437307572
366.95;212.8857;299.19324434097365;210.87001437307572
635.75;217.1143;299.19324434097365;210.87001437307572
502.63;215.0286;299.19324434097365;210.87001437307572
477.03;212.8286;299.19324434097365;210.87001437307572
295.27;209.3429;299.19324434097365;210.87001437307572
584.56;219.5143;299.19324434097365;210.87001437307572
131.44;217.7143;299.19324434097365;210.87001437307572
382.33;216.2857;299.19324434097365;210.87001437307572
205.69;212.2;299.19324434097365;210.87001437307572
441.21;216.2857;299.19324434097365;210.87001437307572
477.05;216.5429;299.19324434097365;210.87001437307572
489.85;219.6571;299.19324434097365;210.87001437307572
428.41;219.5429;299.19324434097365;210.87001437307572
369.53;219.4286;299.19324434097365;210.87001437307572
180.1;219.6571;299.19324434097365;210.87001437307572
105.86;219.6286;299.19324434097365;210.87001437307572
279.93;219.6286;299.19324434097365;210.87001437307572
551.29;219.4857;299.19324434097365;210.87001437307572
512.9;217.8286;299.19324434097365;210.87001437307572
215.94;218.0;299.19324434097365;210.87001437307572
290.18;219.4286;299.19324434097365;210.87001437307572
231.3;219.2571;299.19324434097365;210.87001437307572
223.62;219.5429;299.19324434097365;210.87001437307572
192.9;219.6286;299.19324434097365;210.87001437307572
241.54;219.4857;299.19324434097365;210.87001437307572
67.46;219.4571;299.19324434097365;210.87001437307572
310.66;219.6857;299.19324434097365;210.87001437307572
230.87;219.5714;299.19324434097365;210.87001437307572
231.95;219.6857;299.19324434097365;210.87001437307572
232.04;219.5714;299.19324434097365;210.87001437307572
232.67;219.6286;299.19324434097365;210.87001437307572
234.17;219.6857;299.19324434097365;210.87001437307572
234.96;219.7429;299.19324434097365;210.87001437307572
235.33;219.6857;299.19324434097365;210.87001437307572
235.72;219.6286;299.19324434097365;210.87001437307572
234.75;219.6857;299.19324434097365;210.87001437307572
236.1;219.4571;299.19324434097365;210.87001437307572
236.6;219.9429;299.19324434097365;210.87001437307572
235.31;219.8857;299.19324434097365;210.87001437307572
233.94;219.4857;299.19324434097365;210.87001437307572
233.12;219.7429;299.19324434097365;210.87001437307572
233.32;219.8857;299.19324434097365;210.87001437307572
232.34;220.0286;299.19324434097365;210.87001437307572
231.16;219.9429;299.19324434097365;210.87001437307572
230.67;219.8;299.19324434097365;210.87001437307572
231.94;219.7714;299.19324434097365;210.87001437307572
231.49;219.7429;299.19324434097365;210.87001437307572
231.6;219.9429;299.19324434097365;210.87001437307572
232.01;219.5429;299.19324434097365;210.87001437307572
230.72;219.6286;299.19324434097365;210.87001437307572
229.35;219.6571;299.19324434097365;210.87001437307572
226.77;219.6;299.19324434097365;210.87001437307572
226.88;219.5143;299.19324434097365;210.87001437307572
228.04;217.6857;299.19324434097365;210.87001437307572
227.1;219.6857;299.19324434097365;210.87001437307572
225.75;219.5429;299.19324434097365;210.87001437307572
222.5;217.0857;299.19324434097365;210.87001437307572
220.74;218.7429;299.19324434097365;210.87001437307572
218.72;219.5714;299.19324434097365;210.87001437307572
219.85;219.6286;299.19324434097365;210.87001437307572
219.5;217.4571;299.19324434097365;210.87001437307572
217.59;214.6571;299.19324434097365;210.87001437307572
214.97;216.0857;299.19324434097365;210.87001437307572
213.58;208.1429;299.19324434097365;210.87001437307572
214.77;214.9714;299.19324434097365;210.87001437307572
215.21;212.1143;299.19324434097365;210.87001437307572
214.01;212.7143;299.19324434097365;210.87001437307572
214.71;208.1143;299.19324434097365;210.87001437307572
214.49;206.0571;299.19324434097365;210.87001437307572
213.58;207.8286;299.19324434097365;210.87001437307572
212.97;207.4;299.19324434097365;210.87001437307572
212.68;208.0;299.19324434097365;210.87001437307572
212.89;207.2857;299.19324434097365;210.87001437307572
212.36;206.6286;299.19324434097365;210.87001437307572
211.19;205.5429;299.19324434097365;210.87001437307572
208.51;205.9143;299.19324434097365;210.87001437307572
207.84;203.1143;299.19324434097365;210.87001437307572
206.79;205.2571;299.19324434097365;210.87001437307572
204.69;205.0571;299.19324434097365;210.87001437307572
204.91;202.4857;299.19324434097365;210.87001437307572
205.38;202.6571;299.19324434097365;210.87001437307572
205.51;200.6857;299.19324434097365;210.87001437307572
205.31;200.8;299.19324434097365;210.87001437307572
204.29;196.8;299.19324434097365;210.87001437307572
203.2;199.2286;299.19324434097365;210.87001437307572
202.29;196.2;299.19324434097365;210.87001437307572
201.31;199.2286;299.19324434097365;210.87001437307572
201.42;198.5143;299.19324434097365;210.87001437307572
200.88;196.8;299.19324434097365;210.87001437307572
200.5;198.3714;299.19324434097365;210.87001437307572
200.47;195.2286;299.19324434097365;210.87001437307572
198.77;195.3143;299.19324434097365;210.87001437307572
196.29;194.4857;299.19324434097365;210.87001437307572
195.52;194.9429;299.19324434097365;210.87001437307572
194.47;195.3429;299.19324434097365;210.87001437307572
193.89;195.5429;299.19324434097365;210.87001437307572
193.39;193.0857;299.19324434097365;210.87001437307572
194.03;191.4857;299.19324434097365;210.87001437307572
192.85;191.0571;299.19324434097365;210.87001437307572
192.51;192.9429;299.19324434097365;210.87001437307572
191.82;192.3714;299.19324434097365;210.87001437307572
190.45;191.0;299.19324434097365;210.87001437307572
187.0;191.2;299.19324434097365;210.87001437307572
186.0;188.7429;299.19324434097365;210.87001437307572
186.99;187.0;299.19324434097365;210.87001437307572
188.84;188.5429;299.19324434097365;210.87001437307572
187.04;188.0;299.19324434097365;210.87001437307572
186.02;184.9429;299.19324434097365;210.87001437307572
185.16;183.8;299.19324434097365;210.87001437307572
184.49;185.0857;299.19324434097365;210.87001437307572
183.84;187.6857;299.19324434097365;210.87001437307572
181.96;183.6571;299.19324434097365;210.87001437307572
181.98;183.4286;299.19324434097365;210.87001437307572
180.25;182.0571;299.19324434097365;210.87001437307572
181.32;180.6857;299.19324434097365;210.87001437307572
182.95;179.7143;299.19324434097365;210.87001437307572
184.45;180.6571;299.19324434097365;210.87001437307572
183.98;181.6857;299.19324434097365;210.87001437307572
181.64;182.0857;299.19324434097365;210.87001437307572
180.45;181.4571;299.19324434097365;210.87001437307572
177.95;181.9714;299.19324434097365;210.87001437307572
176.78;182.3143;299.19324434097365;210.87001437307572
176.04;183.6286;299.19324434097365;210.87001437307572
177.65;180.5429;299.19324434097365;210.87001437307572
178.16;181.0571;299.19324434097365;210.87001437307572
177.27;179.8857;299.19324434097365;210.87001437307572
175.88;176.7143;299.19324434097365;210.87001437307572
173.99;176.6;299.19324434097365;210.87001437307572
173.24;177.9714;299.19324434097365;210.87001437307572
172.99;178.1143;299.19324434097365;210.87001437307572
171.9;175.0571;299.19324434097365;210.87001437307572
171.41;176.0;299.19324434097365;210.87001437307572
172.89;175.0857;299.19324434097365;210.87001437307572
172.16;173.8571;299.19324434097365;210.87001437307572
170.33;172.7143;299.19324434097365;210.87001437307572
170.87;172.7143;299.19324434097365;210.87001437307572
170.12;172.1429;299.19324434097365;210.87001437307572
168.45;172.6286;299.19324434097365;210.87001437307572
168.03;174.0857;299.19324434097365;210.87001437307572
167.61;172.8286;299.19324434097365;210.87001437307572
167.58;171.0;299.19324434097365;210.87001437307572
168.92;171.0571;299.19324434097365;210.87001437307572
169.63;170.0857;299.19324434097365;210.87001437307572
167.58;166.8571;299.19324434097365;210.87001437307572
166.71;167.5714;299.19324434097365;210.87001437307572
165.35;165.0;299.19324434097365;210.87001437307572
164.26;164.5714;299.19324434097365;210.87001437307572
163.28;166.7714;299.19324434097365;210.87001437307572
162.56;165.7429;299.19324434097365;210.87001437307572
163.54;164.9429;299.19324434097365;210.87001437307572
163.82;165.0571;299.19324434097365;210.87001437307572
163.98;164.4571;299.19324434097365;210.87001437307572
164.41;163.2;299.19324434097365;210.87001437307572
163.22;160.1714;299.19324434097365;210.87001437307572
161.17;159.9429;299.19324434097365;210.87001437307572
158.68;160.8;299.19324434097365;210.87001437307572
158.39;161.4286;299.19324434097365;210.87001437307572
156.47;162.0286;299.19324434097365;210.87001437307572
156.34;160.7143;299.19324434097365;210.87001437307572
157.45;160.0571;299.19324434097365;210.87001437307572
158.13;159.9429;299.19324434097365;210.87001437307572
158.49;158.3143;299.19324434097365;210.87001437307572
157.44;155.4286;299.19324434097365;210.87001437307572
155.96;153.6571;299.19324434097365;210.87001437307572
154.65;155.5429;299.19324434097365;210.87001437307572
153.25;155.4571;299.19324434097365;210.87001437307572
154.19;156.9714;299.19324434097365;210.87001437307572
153.23;154.3429;299.19324434097365;210.87001437307572
152.35;151.5429;299.19324434097365;210.87001437307572
152.72;151.2;299.19324434097365;210.87001437307572
152.32;148.4857;299.19324434097365;210.87001437307572
152.9;150.8286;299.19324434097365;210.87001437307572
152.83;150.5429;299.19324434097365;210.87001437307572
152.23;148.9143;299.19324434097365;210.87001437307572
151.38;148.0286;299.19324434097365;210.87001437307572
150.42;149.3714;299.19324434097365;210.87001437307572
149.47;148.0;299.19324434097365;210.87001437307572
149.04;148.3143;299.19324434097365;210.87001437307572
147.01;148.8857;299.19324434097365;210.87001437307572
146.43;149.1143;299.19324434097365;210.87001437307572
146.42;147.1714;299.19324434097365;210.87001437307572
146.24;146.5429;299.19324434097365;210.87001437307572
145.13;145.1714;299.19324434097365;210.87001437307572
146.23;145.0857;299.19324434097365;210.87001437307572
146.73;142.3714;299.19324434097365;210.87001437307572
147.77;143.8;299.19324434097365;210.87001437307572
146.89;143.0857;299.19324434097365;210.87001437307572
144.9;142.8286;299.19324434097365;210.87001437307572
144.93;142.9429;299.19324434097365;210.87001437307572
145.31;144.1143;299.19324434097365;210.87001437307572
145.31;144.5143;299.19324434097365;210.87001437307572
145.0;143.4286;299.19324434097365;210.87001437307572
144.31;142.2;299.19324434097365;210.87001437307572
143.73;142.3429;299.19324434097365;210.87001437307572
142.52;142.0;299.19324434097365;210.87001437307572
141.96;140.9714;299.19324434097365;210.87001437307572
140.72;140.7429;299.19324434097365;210.87001437307572
141.44;141.4571;299.19324434097365;210.87001437307572
141.87;141.1429;299.19324434097365;210.87001437307572
141.63;139.9429;299.19324434097365;210.87001437307572
141.3;137.5429;299.19324434097365;210.87001437307572
140.72;136.7714;299.19324434097365;210.87001437307572
139.49;137.1714;299.19324434097365;210.87001437307572
138.6;137.3714;299.19324434097365;210.87001437307572
137.91;138.0571;299.19324434097365;210.87001437307572
137.7;138.3143;299.19324434097365;210.87001437307572
137.89;137.6;299.19324434097365;210.87001437307572
138.17;137.5143;299.19324434097365;210.87001437307572
138.1;135.6;299.19324434097365;210.87001437307572
137.23;134.2286;299.19324434097365;210.87001437307572
135.39;133.7714;299.19324434097365;210.87001437307572
134.84;134.7143;299.19324434097365;210.87001437307572
134.29;134.8;299.19324434097365;210.87001437307572
132.98;134.0;299.19324434097365;210.87001437307572
131.88;133.2286;299.19324434097365;210.87001437307572
131.19;132.4286;299.19324434097365;210.87001437307572
131.42;131.2;299.19324434097365;210.87001437307572
131.24;130.9714;299.19324434097365;210.87001437307572
129.84;130.3143;299.19324434097365;210.87001437307572
129.46;128.4571;299.19324434097365;210.87001437307572
129.53;128.1143;299.19324434097365;210.87001437307572
129.23;128.1143;299.19324434097365;210.87001437307572
128.38;128.1714;299.19324434097365;210.87001437307572
126.82;127.0571;299.19324434097365;210.87001437307572
128.31;127.8571;299.19324434097365;210.87001437307572
129.43;127.8571;299.19324434097365;210.87001437307572
128.89;127.2;299.19324434097365;210.87001437307572
128.34;124.7143;299.19324434097365;210.87001437307572
128.04;124.2857;299.19324434097365;210.87001437307572
127.21;126.4571;299.19324434097365;210.87001437307572
127.52;127.4857;299.19324434097365;210.87001437307572
127.85;126.6;299.19324434097365;210.87001437307572
127.41;125.8857;299.19324434097365;210.87001437307572
126.89;126.0571;299.19324434097365;210.87001437307572
126.42;125.4857;299.19324434097365;210.87001437307572
126.71;124.7143;299.19324434097365;210.87001437307572
125.87;125.9714;299.19324434097365;210.87001437307572
125.08;125.2;299.19324434097365;210.87001437307572
125.27;124.0;299.19324434097365;210.87001437307572
125.24;123.5143;299.19324434097365;210.87001437307572
124.7;123.5429;299.19324434097365;210.87001437307572
123.8;123.4;299.19324434097365;210.87001437307572
123.82;123.6286;299.19324434097365;210.87001437307572
123.35;122.7429;299.19324434097365;210.87001437307572
122.66;121.8857;299.19324434097365;210.87001437307572
121.61;122.1714;299.19324434097365;210.87001437307572
120.91;121.5714;299.19324434097365;210.87001437307572
119.99;121.8;299.19324434097365;210.87001437307572
118.22;120.7714;299.19324434097365;210.87001437307572
117.12;119.4571;299.19324434097365;210.87001437307572
117.08;119.9429;299.19324434097365;210.87001437307572
117.07;119.4857;299.19324434097365;210.87001437307572
116.72;118.9714;299.19324434097365;210.87001437307572
117.27;117.7714;299.19324434097365;210.87001437307572
117.48;115.3429;299.19324434097365;210.87001437307572
116.86;116.8857;299.19324434097365;210.87001437307572
116.6;116.6;299.19324434097365;210.87001437307572
117.01;116.0;299.19324434097365;210.87001437307572
117.91;117.3429;299.19324434097365;210.87001437307572
117.78;117.3429;299.19324434097365;210.87001437307572
117.37;115.6857;299.19324434097365;210.87001437307572
116.93;116.3143;299.19324434097365;210.87001437307572
116.24;116.3429;299.19324434097365;210.87001437307572
115.8;116.5143;299.19324434097365;210.87001437307572
115.6;115.9429;299.19324434097365;210.87001437307572
115.27;115.5143;299.19324434097365;210.87001437307572
114.38;115.0571;299.19324434097365;210.87001437307572
113.92;113.6571;299.19324434097365;210.87001437307572
113.46;113.2857;299.19324434097365;210.87001437307572
112.83;113.9143;299.19324434097365;210.87001437307572
112.41;112.8571;299.19324434097365;210.87001437307572
112.54;112.9143;299.19324434097365;210.87001437307572
112.53;111.7143;299.19324434097365;210.87001437307572
112.76;111.6857;299.19324434097365;210.87001437307572
112.11;110.4857;299.19324434097365;210.87001437307572
110.93;109.5143;299.19324434097365;210.87001437307572
110.76;110.1143;299.19324434097365;210.87001437307572
111.25;109.3429;299.19324434097365;210.87001437307572
110.52;110.0286;299.19324434097365;210.87001437307572
110.71;109.8571;299.19324434097365;210.87001437307572
110.42;108.2;299.19324434097365;210.87001437307572
109.54;107.3429;299.19324434097365;210.87001437307572
109.1;108.9143;299.19324434097365;210.87001437307572
108.93;107.1714;299.19324434097365;210.87001437307572
108.68;107.8286;299.19324434097365;210.87001437307572
107.91;108.2286;299.19324434097365;210.87001437307572
107.26;107.4286;299.19324434097365;210.87001437307572
107.37;106.6571;299.19324434097365;210.87001437307572
107.9;105.6;299.19324434097365;210.87001437307572
107.96;105.8571;299.19324434097365;210.87001437307572
107.17;104.8286;299.19324434097365;210.87001437307572
107.51;104.8857;299.19324434097365;210.87001437307572
107.21;104.9714;299.19324434097365;210.87001437307572
106.21;105.6857;299.19324434097365;210.87001437307572
105.29;105.1143;299.19324434097365;210.87001437307572
103.85;104.0286;299.19324434097365;210.87001437307572
103.29;105.1143;299.19324434097365;210.87001437307572
103.94;105.1143;299.19324434097365;210.87001437307572
104.39;103.5429;299.19324434097365;210.87001437307572
103.71;102.6571;299.19324434097365;210.87001437307572
103.0;102.2857;299.19324434097365;210.87001437307572
102.62;99.4286;299.19324434097365;210.87001437307572
103.02;101.2857;299.19324434097365;210.87001437307572
103.42;101.7429;299.19324434097365;210.87001437307572
103.94;101.4857;299.19324434097365;210.87001437307572
103.25;101.2571;299.19324434097365;210.87001437307572
102.4;100.6286;299.19324434097365;210.87001437307572
101.61;100.3714;299.19324434097365;210.87001437307572
101.05;101.1143;299.19324434097365;210.87001437307572
101.08;101.8;299.19324434097365;210.87001437307572
100.93;100.6857;299.19324434097365;210.87001437307572
100.63;100.1429;299.19324434097365;210.87001437307572
100.58;98.7714;299.19324434097365;210.87001437307572
100.8;98.4857;299.19324434097365;210.87001437307572
99.91;98.0857;299.19324434097365;210.87001437307572
98.69;97.7143;299.19324434097365;210.87001437307572
97.88;97.3429;299.19324434097365;210.87001437307572
98.45;97.3429;299.19324434097365;210.87001437307572
98.86;98.0571;299.19324434097365;210.87001437307572
98.6;97.9143;299.19324434097365;210.87001437307572
97.75;96.4286;299.19324434097365;210.87001437307572
96.96;96.2571;299.19324434097365;210.87001437307572
96.64;97.1143;299.19324434097365;210.87001437307572
96.68;96.8;299.19324434097365;210.87001437307572
96.45;95.9429;299.19324434097365;210.87001437307572
95.43;94.6571;299.19324434097365;210.87001437307572
94.89;94.3429;299.19324434097365;210.87001437307572
94.64;94.1714;299.19324434097365;210.87001437307572
94.99;94.1714;299.19324434097365;210.87001437307572
94.84;94.5429;299.19324434097365;210.87001437307572
94.65;94.2;299.19324434097365;210.87001437307572
94.43;92.8857;299.19324434097365;210.87001437307572
94.57;92.0571;299.19324434097365;210.87001437307572
94.59;91.7714;299.19324434097365;210.87001437307572
93.8;92.2571;299.19324434097365;210.87001437307572
92.93;92.3714;299.19324434097365;210.87001437307572
93.02;91.4857;299.19324434097365;210.87001437307572
92.79;93.1143;299.19324434097365;210.87001437307572
92.27;92.8571;299.19324434097365;210.87001437307572
91.66;92.4571;299.19324434097365;210.87001437307572
91.24;90.9429;299.19324434097365;210.87001437307572
91.5;91.1143;299.19324434097365;210.87001437307572
91.44;90.7714;299.19324434097365;210.87001437307572
91.2;89.2286;299.19324434097365;210.87001437307572
90.72;90.2571;299.19324434097365;210.87001437307572
90.24;89.2;299.19324434097365;210.87001437307572
90.51;90.2571;299.19324434097365;210.87001437307572
90.38;89.7714;299.19324434097365;210.87001437307572
90.63;88.5143;299.19324434097365;210.87001437307572
90.57;89.3143;299.19324434097365;210.87001437307572
90.07;88.7714;299.19324434097365;210.87001437307572
89.18;89.5143;299.19324434097365;210.87001437307572
88.16;89.3714;299.19324434097365;210.87001437307572
87.63;89.2571;299.19324434097365;210.87001437307572
88.11;89.0286;299.19324434097365;210.87001437307572
88.77;88.2857;299.19324434097365;210.87001437307572
89.13;87.7714;299.19324434097365;210.87001437307572
88.77;85.8;299.19324434097365;210.87001437307572
87.78;85.3714;299.19324434097365;210.87001437307572
86.82;86.5714;299.19324434097365;210.87001437307572
86.48;87.6571;299.19324434097365;210.87001437307572
87.0;87.6857;299.19324434097365;210.87001437307572
87.47;87.7143;299.19324434097365;210.87001437307572
87.12;85.5143;299.19324434097365;210.87001437307572
86.61;83.8;299.19324434097365;210.87001437307572
85.83;84.7429;299.19324434097365;210.87001437307572
85.31;84.7429;299.19324434097365;210.87001437307572
84.78;85.3714;299.19324434097365;210.87001437307572
85.12;84.3143;299.19324434097365;210.87001437307572
85.07;84.4571;299.19324434097365;210.87001437307572
85.27;84.5714;299.19324434097365;210.87001437307572
85.32;82.9429;299.19324434097365;210.87001437307572
84.93;82.2857;299.19324434097365;210.87001437307572
84.68;82.6571;299.19324434097365;210.87001437307572
84.3;83.0286;299.19324434097365;210.87001437307572
84.26;84.2571;299.19324434097365;210.87001437307572
84.16;85.3429;299.19324434097365;210.87001437307572
83.93;83.5143;299.19324434097365;210.87001437307572
83.56;82.0286;299.19324434097365;210.87001437307572
83.24;82.0571;299.19324434097365;210.87001437307572
82.95;82.0857;299.19324434097365;210.87001437307572
82.68;82.1429;299.19324434097365;210.87001437307572
82.51;81.6;299.19324434097365;210.87001437307572
82.76;81.3714;299.19324434097365;210.87001437307572
82.79;80.8857;299.19324434097365;210.87001437307572
82.06;79.8857;299.19324434097365;210.87001437307572
81.67;79.2286;299.19324434097365;210.87001437307572
81.79;79.3429;299.19324434097365;210.87001437307572
81.74;80.4571;299.19324434097365;210.87001437307572
81.64;79.8571;299.19324434097365;210.87001437307572
81.31;78.6571;299.19324434097365;210.87001437307572
81.25;78.2286;299.19324434097365;210.87001437307572
81.07;78.2286;299.19324434097365;210.87001437307572
80.84;78.4857;299.19324434097365;210.87001437307572
80.29;79.0286;299.19324434097365;210.87001437307572
79.58;78.6857;299.19324434097365;210.87001437307572
79.03;79.2857;299.19324434097365;210.87001437307572
78.19;79.0857;299.19324434097365;210.87001437307572
77.75;79.4286;299.19324434097365;210.87001437307572
77.77;79.4857;299.19324434097365;210.87001437307572
78.07;79.0857;299.19324434097365;210.87001437307572
78.04;77.7714;299.19324434097365;210.87001437307572
78.14;76.5714;299.19324434097365;210.87001437307572
78.09;75.8571;299.19324434097365;210.87001437307572
78.1;76.0;299.19324434097365;210.87001437307572
77.94;76.9143;299.19324434097365;210.87001437307572
77.75;76.8857;299.19324434097365;210.87001437307572
77.32;76.4286;299.19324434097365;210.87001437307572
76.67;76.7714;299.19324434097365;210.87001437307572
76.68;76.9143;299.19324434097365;210.87001437307572
76.84;77.2286;299.19324434097365;210.87001437307572
76.74;76.9714;299.19324434097365;210.87001437307572
76.06;76.6571;299.19324434097365;210.87001437307572
75.88;75.3143;299.19324434097365;210.87001437307572
76.0;74.7143;299.19324434097365;210.87001437307572
76.14;74.5714;299.19324434097365;210.87001437307572
75.71;74.5143;299.19324434097365;210.87001437307572
75.43;74.0571;299.19324434097365;210.87001437307572
75.08;73.6857;299.19324434097365;210.87001437307572
74.47;74.1143;299.19324434097365;210.87001437307572
74.1;73.8286;299.19324434097365;210.87001437307572
74.11;73.3714;299.19324434097365;210.87001437307572
73.45;72.8286;299.19324434097365;210.87001437307572
72.95;72.7714;299.19324434097365;210.87001437307572
72.8;72.7714;299.19324434097365;210.87001437307572
72.59;72.6286;299.19324434097365;210.87001437307572
72.26;72.2571;299.19324434097365;210.87001437307572
72.55;72.1143;299.19324434097365;210.87001437307572
72.51;70.9429;299.19324434097365;210.87001437307572
72.21;71.1429;299.19324434097365;210.87001437307572
71.91;71.5143;299.19324434097365;210.87001437307572
71.59;70.9714;299.19324434097365;210.87001437307572
71.41;71.0286;299.19324434097365;210.87001437307572
71.31;71.6286;299.19324434097365;210.87001437307572
70.82;70.6;299.19324434097365;210.87001437307572
70.6;70.4571;299.19324434097365;210.87001437307572
70.55;69.8;299.19324434097365;210.87001437307572
70.58;69.4857;299.19324434097365;210.87001437307572
70.82;69.6;299.19324434097365;210.87001437307572
70.85;68.9714;299.19324434097365;210.87001437307572
70.61;69.2857;299.19324434097365;210.87001437307572
70.23;69.6857;299.19324434097365;210.87001437307572
69.95;70.0857;299.19324434097365;210.87001437307572
69.63;69.9143;299.19324434097365;210.87001437307572
69.32;69.6571;299.19324434097365;210.87001437307572
69.05;69.0857;299.19324434097365;210.87001437307572
68.51;69.0857;299.19324434097365;210.87001437307572
68.01;69.1429;299.19324434097365;210.87001437307572
67.88;68.6857;299.19324434097365;210.87001437307572
68.06;67.6857;299.19324434097365;210.87001437307572
67.97;66.9429;299.19324434097365;210.87001437307572
67.7;66.9714;299.19324434097365;210.87001437307572
67.75;66.8286;299.19324434097365;210.87001437307572
68.01;66.7429;299.19324434097365;210.87001437307572
68.15;67.1143;299.19324434097365;210.87001437307572
68.41;67.1714;299.19324434097365;210.87001437307572
68.0;66.1714;299.19324434097365;210.87001437307572
67.48;65.8286;299.19324434097365;210.87001437307572
67.02;66.1143;299.19324434097365;210.87001437307572
66.44;66.5714;299.19324434097365;210.87001437307572
66.13;67.0571;299.19324434097365;210.87001437307572
66.36;66.8286;299.19324434097365;210.87001437307572
66.18;65.8857;299.19324434097365;210.87001437307572
65.99;65.2857;299.19324434097365;210.87001437307572
66.06;64.4571;299.19324434097365;210.87001437307572
65.88;63.6857;299.19324434097365;210.87001437307572
65.8;63.9714;299.19324434097365;210.87001437307572
65.47;63.8286;299.19324434097365;210.87001437307572
65.11;64.0571;299.19324434097365;210.87001437307572
65.04;64.2286;299.19324434097365;210.87001437307572
64.91;64.4857;299.19324434097365;210.87001437307572
64.93;64.0571;299.19324434097365;210.87001437307572
64.96;63.7429;299.19324434097365;210.87001437307572
64.95;63.0;299.19324434097365;210.87001437307572
64.7;63.2286;299.19324434097365;210.87001437307572
64.42;63.2857;299.19324434097365;210.87001437307572
63.96;63.7143;299.19324434097365;210.87001437307572
63.54;63.5429;299.19324434097365;210.87001437307572
62.87;63.6286;299.19324434097365;210.87001437307572
62.77;63.2857;299.19324434097365;210.87001437307572
62.53;62.7143;299.19324434097365;210.87001437307572
62.65;61.8286;299.19324434097365;210.87001437307572
62.42;61.6286;299.19324434097365;210.87001437307572
62.59;60.9143;299.19324434097365;210.87001437307572
62.52;60.6857;299.19324434097365;210.87001437307572
62.32;61.1429;299.19324434097365;210.87001437307572
62.11;60.9714;299.19324434097365;210.87001437307572
61.77;60.5429;299.19324434097365;210.87001437307572
61.45;60.0286;299.19324434097365;210.87001437307572
61.35;59.8857;299.19324434097365;210.87001437307572
61.02;59.8857;299.19324434097365;210.87001437307572
60.74;60.3714;299.19324434097365;210.87001437307572
60.77;60.3143;299.19324434097365;210.87001437307572
60.76;60.2286;299.19324434097365;210.87001437307572
60.9;59.6286;299.19324434097365;210.87001437307572
60.97;58.9143;299.19324434097365;210.87001437307572
60.7;58.4286;299.19324434097365;210.87001437307572
60.13;58.3429;299.19324434097365;210.87001437307572
59.87;58.3143;299.19324434097365;210.87001437307572
59.21;58.6857;299.19324434097365;210.87001437307572
58.7;58.6571;299.19324434097365;210.87001437307572
58.49;58.6;299.19324434097365;210.87001437307572
58.09;57.7714;299.19324434097365;210.87001437307572
58.08;57.0857;299.19324434097365;210.87001437307572
58.2;56.6;299.19324434097365;210.87001437307572
58.3;56.2857;299.19324434097365;210.87001437307572
58.56;56.1714;299.19324434097365;210.87001437307572
58.45;55.9429;299.19324434097365;210.87001437307572
58.34;56.2286;299.19324434097365;210.87001437307572
58.26;56.1143;299.19324434097365;210.87001437307572
58.06;56.1143;299.19324434097365;210.87001437307572
57.99;56.5143;299.19324434097365;210.87001437307572
57.91;56.4857;299.19324434097365;210.87001437307572
57.48;56.1429;299.19324434097365;210.87001437307572
57.14;55.8857;299.19324434097365;210.87001437307572
56.49;55.4;299.19324434097365;210.87001437307572
56.26;55.4;299.19324434097365;210.87001437307572
56.15;55.5143;299.19324434097365;210.87001437307572
56.27;55.7429;299.19324434097365;210.87001437307572
56.22;55.4;299.19324434097365;210.87001437307572
56.18;54.5714;299.19324434097365;210.87001437307572
55.88;54.0286;299.19324434097365;210.87001437307572
55.76;54.2571;299.19324434097365;210.87001437307572
55.81;54.2571;299.19324434097365;210.87001437307572
55.48;54.5429;299.19324434097365;210.87001437307572
55.26;54.2;299.19324434097365;210.87001437307572
53.97;53.9429;299.19324434097365;210.87001437307572
322.77;54.0286;299.19324434097365;210.87001437307572
197.33;53.9714;299.19324434097365;210.87001437307572
125.65;53.6286;299.19324434097365;210.87001437307572
69.33;53.4286;299.19324434097365;210.87001437307572
59.09;53.4857;299.19324434097365;210.87001437307572
33.49;53.3714;299.19324434097365;210.87001437307572
59.09;52.6857;299.19324434097365;210.87001437307572
2.76;52.1143;299.19324434097365;210.87001437307572
550.6;52.0286;299.19324434097365;210.87001437307572
530.12;51.8286;299.19324434097365;210.87001437307572
522.44;52.0286;299.19324434097365;210.87001437307572
402.12;52.2286;299.19324434097365;210.87001437307572
292.04;52.1143;299.19324434097365;210.87001437307572
361.16;51.7143;299.19324434097365;210.87001437307572
307.4;51.0857;299.19324434097365;210.87001437307572
220.36;50.9143;299.19324434097365;210.87001437307572
148.68;50.5143;299.19324434097365;210.87001437307572
77.0;50.5714;299.19324434097365;210.87001437307572
5.31;50.7143;299.19324434097365;210.87001437307572
629.95;50.1429;299.19324434097365;210.87001437307572
588.99;49.7429;299.19324434097365;210.87001437307572
571.07;49.7429;299.19324434097365;210.87001437307572
553.15;49.4;299.19324434097365;210.87001437307572
501.95;49.3143;299.19324434097365;210.87001437307572
440.51;49.2857;299.19324434097365;210.87001437307572
435.39;49.2;299.19324434097365;210.87001437307572
445.63;49.0571;299.19324434097365;210.87001437307572
512.19;48.8286;299.19324434097365;210.87001437307572
468.67;48.4571;299.19324434097365;210.87001437307572
501.95;48.4857;299.19324434097365;210.87001437307572
440.51;48.7429;299.19324434097365;210.87001437307572
386.75;48.6286;299.19324434097365;210.87001437307572
343.23;48.8;299.19324434097365;210.87001437307572
266.43;48.7143;299.19324434097365;210.87001437307572
156.35;48.6286;299.19324434097365;210.87001437307572
30.9;48.4571;299.19324434097365;210.87001437307572
627.38;48.4571;299.19324434097365;210.87001437307572
586.42;48.3714;299.19324434097365;210.87001437307572
450.74;48.2286;299.19324434097365;210.87001437307572
363.7;48.0;299.19324434097365;210.87001437307572
320.18;47.2286;299.19324434097365;210.87001437307572
327.86;47.3429;299.19324434097365;210.87001437307572
371.38;47.3429;299.19324434097365;210.87001437307572
420.02;47.1143;299.19324434097365;210.87001437307572
384.18;46.6;299.19324434097365;210.87001437307572
373.94;46.4;299.19324434097365;210.87001437307572
381.62;46.0857;299.19324434097365;210.87001437307572
338.1;46.3143;299.19324434097365;210.87001437307572
309.94;46.2;299.19324434097365;210.87001437307572
258.74;45.9429;299.19324434097365;210.87001437307572
197.3;45.8286;299.19324434097365;210.87001437307572
189.62;45.8;299.19324434097365;210.87001437307572
120.5;45.6857;299.19324434097365;210.87001437307572
107.7;45.7429;299.19324434097365;210.87001437307572
74.41;45.6286;299.19324434097365;210.87001437307572
632.49;45.3143;299.19324434097365;210.87001437307572
581.29;45.3429;299.19324434097365;210.87001437307572
553.13;44.9143;299.19324434097365;210.87001437307572
573.61;45.0;299.19324434097365;210.87001437307572
548.01;44.8857;299.19324434097365;210.87001437307572
514.73;44.6571;299.19324434097365;210.87001437307572
420.01;44.3714;299.19324434097365;210.87001437307572
350.89;44.2286;299.19324434097365;210.87001437307572
271.53;44.2857;299.19324434097365;210.87001437307572
217.77;44.3143;299.19324434097365;210.87001437307572
164.01;44.2;299.19324434097365;210.87001437307572
92.33;43.8571;299.19324434097365;210.87001437307572
43.69;43.3143;299.19324434097365;210.87001437307572
100.01;43.1714;299.19324434097365;210.87001437307572
71.84;43.1429;299.19324434097365;210.87001437307572
642.72;42.9143;299.19324434097365;210.87001437307572
591.52;42.7429;299.19324434097365;210.87001437307572
532.64;42.5429;299.19324434097365;210.87001437307572
494.24;42.8286;299.19324434097365;210.87001437307572
499.36;42.6857;299.19324434097365;210.87001437307572
499.36;42.2571;299.19324434097365;210.87001437307572
471.2;42.2286;299.19324434097365;210.87001437307572
458.4;42.2286;299.19324434097365;210.87001437307572
317.6;41.8571;299.19324434097365;210.87001437307572
322.72;41.6857;299.19324434097365;210.87001437307572
284.32;41.8571;299.19324434097365;210.87001437307572
245.92;41.7714;299.19324434097365;210.87001437307572
197.28;41.5143;299.19324434097365;210.87001437307572
146.08;41.3143;299.19324434097365;210.87001437307572
140.96;41.1714;299.19324434097365;210.87001437307572
197.28;41.2286;299.19324434097365;210.87001437307572
199.84;40.8857;299.19324434097365;210.87001437307572
164.0;40.6286;299.19324434097365;210.87001437307572
158.88;40.4857;299.19324434097365;210.87001437307572
125.6;40.5143;299.19324434097365;210.87001437307572
107.68;40.7714;299.19324434097365;210.87001437307572
97.44;40.7714;299.19324434097365;210.87001437307572
117.92;40.5714;299.19324434097365;210.87001437307572
38.55;40.4;299.19324434097365;210.87001437307572
637.59;40.3429;299.19324434097365;210.87001437307572
491.67;40.2571;299.19324434097365;210.87001437307572
381.59;40.0286;299.19324434097365;210.87001437307572
399.51;39.8571;299.19324434097365;210.87001437307572
332.95;39.5714;299.19324434097365;210.87001437307572
194.71;39.5429;299.19324434097365;210.87001437307572
156.31;39.2286;299.19324434097365;210.87001437307572
123.03;38.7429;299.19324434097365;210.87001437307572
79.51;38.5429;299.19324434097365;210.87001437307572
89.75;38.4;299.19324434097365;210.87001437307572
53.9;37.9714;299.19324434097365;210.87001437307572
645.27;37.9143;299.19324434097365;210.87001437307572
33.43;37.8286;299.19324434097365;210.87001437307572
28.3;37.7714;299.19324434097365;210.87001437307572
606.86;37.5714;299.19324434097365;210.87001437307572
594.06;37.4857;299.19324434097365;210.87001437307572
486.54;37.1429;299.19324434097365;210.87001437307572
494.22;37.1714;299.19324434097365;210.87001437307572
530.06;37.2;299.19324434097365;210.87001437307572
537.74;36.8857;299.19324434097365;210.87001437307572
496.78;36.6286;299.19324434097365;210.87001437307572
473.74;36.7143;299.19324434097365;210.87001437307572
463.5;36.7429;299.19324434097365;210.87001437307572
386.7;36.7143;299.19324434097365;210.87001437307572
348.3;36.4571;299.19324434097365;210.87001437307572
391.82;36.5143;299.19324434097365;210.87001437307572
373.9;36.2286;299.19324434097365;210.87001437307572
376.46;36.1429;299.19324434097365;210.87001437307572
402.06;35.9714;299.19324434097365;210.87001437307572
402.06;35.8286;299.19324434097365;210.87001437307572
371.34;36.0857;299.19324434097365;210.87001437307572
297.1;36.2;299.19324434097365;210.87001437307572
217.74;36.1714;299.19324434097365;210.87001437307572
163.98;36.2571;299.19324434097365;210.87001437307572
120.46;36.2;299.19324434097365;210.87001437307572
76.94;35.9429;299.19324434097365;210.87001437307572
59.01;35.5429;299.19324434097365;210.87001437307572
560.77;35.3143;299.19324434097365;210.87001437307572
586.37;35.0857;299.19324434097365;210.87001437307572
571.01;35.0571;299.19324434097365;210.87001437307572
491.65;34.8857;299.19324434097365;210.87001437307572
402.05;34.6571;299.19324434097365;210.87001437307572
458.37;34.4;299.19324434097365;210.87001437307572
427.65;34.2857;299.19324434097365;210.87001437307572
407.17;34.1143;299.19324434097365;210.87001437307572
412.29;33.8571;299.19324434097365;210.87001437307572
381.57;33.7143;299.19324434097365;210.87001437307572
396.93;33.6571;299.19324434097365;210.87001437307572
386.69;33.5714;299.19324434097365;210.87001437307572
317.57;33.4857;299.19324434097365;210.87001437307572
251.01;33.2857;299.19324434097365;210.87001437307572
233.09;33.0286;299.19324434097365;210.87001437307572
263.81;33.0;299.19324434097365;210.87001437307572
299.65;33.1143;299.19324434097365;210.87001437307572
304.77;33.2;299.19324434097365;210.87001437307572
299.65;33.0286;299.19324434097365;210.87001437307572
281.73;32.9143;299.19324434097365;210.87001437307572
230.53;32.8286;299.19324434097365;210.87001437307572
133.25;32.8286;299.19324434097365;210.87001437307572
64.13;32.8571;299.19324434097365;210.87001437307572
46.21;32.9143;299.19324434097365;210.87001437307572
28.28;32.8;299.19324434097365;210.87001437307572
642.68;32.6571;299.19324434097365;210.87001437307572
581.24;32.2571;299.19324434097365;210.87001437307572
504.44;32.0571;299.19324434097365;210.87001437307572
440.44;31.9143;299.19324434097365;210.87001437307572
407.16;31.8571;299.19324434097365;210.87001437307572
381.56;31.6286;299.19324434097365;210.87001437307572
366.2;31.3714;299.19324434097365;210.87001437307572
348.28;31.1714;299.19324434097365;210.87001437307572
325.24;30.8857;299.19324434097365;210.87001437307572
268.92;30.8286;299.19324434097365;210.87001437307572
204.92;30.8;299.19324434097365;210.87001437307572
151.16;30.7714;299.19324434097365;210.87001437307572
156.28;30.7714;299.19324434097365;210.87001437307572
123.0;30.6;299.19324434097365;210.87001437307572
115.32;30.4571;299.19324434097365;210.87001437307572
79.48;30.2286;299.19324434097365;210.87001437307572
66.68;30.0286;299.19324434097365;210.87001437307572
71.8;29.7429;299.19324434097365;210.87001437307572
20.59;29.7429;299.19324434097365;210.87001437307572
632.43;29.5143;299.19324434097365;210.87001437307572
601.71;29.5143;299.19324434097365;210.87001437307572
558.19;29.3714;299.19324434097365;210.87001437307572
501.87;29.3714;299.19324434097365;210.87001437307572
458.35;29.2571;299.19324434097365;210.87001437307572
442.99;29.1143;299.19324434097365;210.87001437307572
430.19;28.9429;299.19324434097365;210.87001437307572
391.79;28.7714;299.19324434097365;210.87001437307572
373.87;28.5143;299.19324434097365;210.87001437307572
373.87;28.3429;299.19324434097365;210.87001437307572
345.71;28.3429;299.19324434097365;210.87001437307572
297.07;28.2857;299.19324434097365;210.87001437307572
238.19;28.1429;299.19324434097365;210.87001437307572
210.03;28.1714;299.19324434097365;210.87001437307572
181.87;28.0571;299.19324434097365;210.87001437307572
192.11;27.9429;299.19324434097365;210.87001437307572
171.63;27.8;299.19324434097365;210.87001437307572
156.27;27.5714;299.19324434097365;210.87001437307572
122.99;27.2857;299.19324434097365;210.87001437307572
110.19;27.3143;299.19324434097365;210.87001437307572
74.35;27.3143;299.19324434097365;210.87001437307572
69.23;27.2571;299.19324434097365;210.87001437307572
15.46;27.1429;299.19324434097365;210.87001437307572
609.38;27.0;299.19324434097365;210.87001437307572
565.86;26.9143;299.19324434097365;210.87001437307572
537.7;26.9143;299.19324434097365;210.87001437307572
522.34;27.0;299.19324434097365;210.87001437307572
491.62;26.7714;299.19324434097365;210.87001437307572
455.78;26.5429;299.19324434097365;210.87001437307572
414.82;26.3143;299.19324434097365;210.87001437307572
402.02;26.1429;299.19324434097365;210.87001437307572
353.38;26.0286;299.19324434097365;210.87001437307572
348.26;25.9429;299.19324434097365;210.87001437307572
312.42;25.8;299.19324434097365;210.87001437307572
271.46;25.4857;299.19324434097365;210.87001437307572
248.42;25.4571;299.19324434097365;210.87001437307572
238.18;25.4571;299.19324434097365;210.87001437307572
184.42;25.4286;299.19324434097365;210.87001437307572
130.66;25.2286;299.19324434097365;210.87001437307572
94.82;25.0571;299.19324434097365;210.87001437307572
82.02;24.9714;299.19324434097365;210.87001437307572
66.66;24.8857;299.19324434097365;210.87001437307572
51.3;24.6;299.19324434097365;210.87001437307572
28.25;24.3714;299.19324434097365;210.87001437307572
632.41;24.2286;299.19324434097365;210.87001437307572
614.49;24.2571;299.19324434097365;210.87001437307572
601.69;24.2857;299.19324434097365;210.87001437307572
576.09;24.2;299.19324434097365;210.87001437307572
563.29;23.9714;299.19324434097365;210.87001437307572
535.13;23.8571;299.19324434097365;210.87001437307572
509.53;23.6857;299.19324434097365;210.87001437307572
483.93;23.7143;299.19324434097365;210.87001437307572
478.81;23.7143;299.19324434097365;210.87001437307572
468.57;23.5714;299.19324434097365;210.87001437307572
437.85;23.4857;299.19324434097365;210.87001437307572
394.33;23.3143;299.19324434097365;210.87001437307572
353.37;23.2;299.19324434097365;210.87001437307572
309.85;23.2286;299.19324434097365;210.87001437307572
274.01;23.2286;299.19324434097365;210.87001437307572
263.77;23.0286;299.19324434097365;210.87001437307572
261.21;23.0;299.19324434097365;210.87001437307572
245.85;22.8;299.19324434097365;210.87001437307572
225.37;22.6286;299.19324434097365;210.87001437307572
197.21;22.4286;299.19324434097365;210.87001437307572
161.37;22.4571;299.19324434097365;210.87001437307572
140.89;22.5429;299.19324434097365;210.87001437307572
128.09;22.4286;299.19324434097365;210.87001437307572
112.73;22.2857;299.19324434097365;210.87001437307572
99.93;22.1714;299.19324434097365;210.87001437307572
76.89;22.1429;299.19324434097365;210.87001437307572
56.41;22.0;299.19324434097365;210.87001437307572
46.17;21.9714;299.19324434097365;210.87001437307572
43.61;21.9714;299.19324434097365;210.87001437307572
23.13;21.8286;299.19324434097365;210.87001437307572
10.33;21.6857;299.19324434097365;210.87001437307572
2.64;21.6286;299.19324434097365;210.87001437307572
634.96;21.6286;299.19324434097365;210.87001437307572
596.56;21.6286;299.19324434097365;210.87001437307572
570.96;21.5429;299.19324434097365;210.87001437307572
524.88;21.4571;299.19324434097365;210.87001437307572
496.72;21.3429;299.19324434097365;210.87001437307572
445.52;21.2857;299.19324434097365;210.87001437307572
399.44;21.2;299.19324434097365;210.87001437307572
368.72;21.0571;299.19324434097365;210.87001437307572
350.8;20.9143;299.19324434097365;210.87001437307572
335.44;20.7429;299.19324434097365;210.87001437307572
304.72;20.5143;299.19324434097365;210.87001437307572
279.12;20.4;299.19324434097365;210.87001437307572
243.28;20.2857;299.19324434097365;210.87001437307572
202.32;20.2286;299.19324434097365;210.87001437307572
176.72;20.1714;299.19324434097365;210.87001437307572
161.36;20.0571;299.19324434097365;210.87001437307572
151.12;19.9429;299.19324434097365;210.87001437307572
138.32;19.8;299.19324434097365;210.87001437307572
107.6;19.6286;299.19324434097365;210.87001437307572
84.56;19.6286;299.19324434097365;210.87001437307572
48.72;19.5143;299.19324434097365;210.87001437307572
15.43;19.5143;299.19324434097365;210.87001437307572
652.87;19.4286;299.19324434097365;210.87001437307572
622.15;19.2857;299.19324434097365;210.87001437307572
599.11;19.2;299.19324434097365;210.87001437307572
563.27;19.1143;299.19324434097365;210.87001437307572
532.55;19.0286;299.19324434097365;210.87001437307572
512.07;18.9429;299.19324434097365;210.87001437307572
496.71;18.7429;299.19324434097365;210.87001437307572
491.59;18.6857;299.19324434097365;210.87001437307572
476.23;18.5429;299.19324434097365;210.87001437307572
453.19;18.4857;299.19324434097365;210.87001437307572
417.35;18.3714;299.19324434097365;210.87001437307572
376.39;18.3429;299.19324434097365;210.87001437307572
358.47;18.3714;299.19324434097365;210.87001437307572
340.55;18.2286;299.19324434097365;210.87001437307572
320.07;18.1429;299.19324434097365;210.87001437307572
304.71;17.9143;299.19324434097365;210.87001437307572
273.99;17.8;299.19324434097365;210.87001437307572
238.15;17.7714;299.19324434097365;210.87001437307572
227.91;17.6857;299.19324434097365;210.87001437307572
181.83;17.6286;299.19324434097365;210.87001437307572
161.35;17.5714;299.19324434097365;210.87001437307572
143.43;17.4;299.19324434097365;210.87001437307572
128.07;17.2857;299.19324434097365;210.87001437307572
92.23;17.1714;299.19324434097365;210.87001437307572
76.87;17.0857;299.19324434097365;210.87001437307572
48.71;16.9714;299.19324434097365;210.87001437307572
10.3;16.9429;299.19324434097365;210.87001437307572
642.62;16.8286;299.19324434097365;210.87001437307572
622.14;16.7429;299.19324434097365;210.87001437307572
611.9;16.7143;299.19324434097365;210.87001437307572
573.5;16.5143;299.19324434097365;210.87001437307572
545.34;16.4286;299.19324434097365;210.87001437307572
522.3;16.4;299.19324434097365;210.87001437307572
491.58;16.3143;299.19324434097365;210.87001437307572
478.78;16.1714;299.19324434097365;210.87001437307572
440.38;16.0286;299.19324434097365;210.87001437307572
432.7;15.9143;299.19324434097365;210.87001437307572
412.22;15.8571;299.19324434097365;210.87001437307572
381.5;15.7429;299.19324434097365;210.87001437307572
361.02;15.6857;299.19324434097365;210.87001437307572
314.94;15.5714;299.19324434097365;210.87001437307572
309.82;15.5143;299.19324434097365;210.87001437307572
271.42;15.4857;299.19324434097365;210.87001437307572
263.74;15.4;299.19324434097365;210.87001437307572
222.78;15.2571;299.19324434097365;210.87001437307572
212.54;15.1143;299.19324434097365;210.87001437307572
174.14;15.0286;299.19324434097365;210.87001437307572
171.58;14.9714;299.19324434097365;210.87001437307572
140.86;14.8857;299.19324434097365;210.87001437307572
112.7;14.8;299.19324434097365;210.87001437307572
99.9;14.6286;299.19324434097365;210.87001437307572
58.94;14.5714;299.19324434097365;210.87001437307572
56.38;14.6;299.19324434097365;210.87001437307572
15.41;14.4857;299.19324434097365;210.87001437307572
647.73;14.2857;299.19324434097365;210.87001437307572
637.49;14.2571;299.19324434097365;210.87001437307572
606.77;14.2;299.19324434097365;210.87001437307572
583.73;14.1714;299.19324434097365;210.87001437307572
558.13;14.0;299.19324434097365;210.87001437307572
550.45;13.8857;299.19324434097365;210.87001437307572
514.61;13.7714;299.19324434097365;210.87001437307572
494.13;13.7429;299.19324434097365;210.87001437307572
489.01;13.6571;299.19324434097365;210.87001437307572
465.97;13.6;299.19324434097365;210.87001437307572
450.61;13.4857;299.19324434097365;210.87001437307572
414.77;13.3429;299.19324434097365;210.87001437307572
394.29;13.3143;299.19324434097365;210.87001437307572
373.81;13.3143;299.19324434097365;210.87001437307572
355.89;13.2;299.19324434097365;210.87001437307572
330.29;13.1143;299.19324434097365;210.87001437307572
307.25;13.0571;299.19324434097365;210.87001437307572
279.09;13.0;299.19324434097365;210.87001437307572
256.05;12.9143;299.19324434097365;210.87001437307572
235.57;12.8;299.19324434097365;210.87001437307572
220.21;12.6857;299.19324434097365;210.87001437307572
189.49;12.6571;299.19324434097365;210.87001437307572
181.81;12.5429;299.19324434097365;210.87001437307572
145.97;12.4857;299.19324434097365;210.87001437307572
117.81;12.3714;299.19324434097365;210.87001437307572
102.45;12.3429;299.19324434097365;210.87001437307572
87.09;12.2;299.19324434097365;210.87001437307572
69.17;12.1143;299.19324434097365;210.87001437307572
41.01;12.0;299.19324434097365;210.87001437307572
15.4;11.9143;299.19324434097365;210.87001437307572
652.84;11.9143;299.19324434097365;210.87001437307572
632.36;11.8;299.19324434097365;210.87001437307572
622.12;11.8;299.19324434097365;210.87001437307572
611.88;11.6571;299.19324434097365;210.87001437307572
591.4;11.5143;299.19324434097365;210.87001437307572
565.8;11.4571;299.19324434097365;210.87001437307572
542.76;11.4286;299.19324434097365;210.87001437307572
517.16;11.4;299.19324434097365;210.87001437307572
499.24;11.3143;299.19324434097365;210.87001437307572
463.4;11.2571;299.19324434097365;210.87001437307572
435.24;11.1429;299.19324434097365;210.87001437307572
407.08;11.0571;299.19324434097365;210.87001437307572
391.72;10.9429;299.19324434097365;210.87001437307572
371.24;10.8;299.19324434097365;210.87001437307572
353.32;10.7143;299.19324434097365;210.87001437307572
332.84;10.6286;299.19324434097365;210.87001437307572
325.16;10.5143;299.19324434097365;210.87001437307572
302.12;10.4286;299.19324434097365;210.87001437307572
286.76;10.4857;299.19324434097365;210.87001437307572
253.48;10.3714;299.19324434097365;210.87001437307572
240.68;10.3714;299.19324434097365;210.87001437307572
220.2;10.2286;299.19324434097365;210.87001437307572
197.16;10.2;299.19324434097365;210.87001437307572
174.12;10.0857;299.19324434097365;210.87001437307572
151.08;10.0286;299.19324434097365;210.87001437307572
135.72;9.9714;299.19324434097365;210.87001437307572
120.36;9.8857;299.19324434097365;210.87001437307572
102.44;9.8;299.19324434097365;210.87001437307572
87.08;9.7429;299.19324434097365;210.87001437307572
64.04;9.6857;299.19324434097365;210.87001437307572
46.12;9.5714;299.19324434097365;210.87001437307572
30.76;9.5429;299.19324434097365;210.87001437307572
10.27;9.4571;299.19324434097365;210.87001437307572
640.03;9.4571;299.19324434097365;210.87001437307572
614.43;9.3429;299.19324434097365;210.87001437307572
601.63;9.2571;299.19324434097365;210.87001437307572
570.91;9.2286;299.19324434097365;210.87001437307572
550.43;9.1429;299.19324434097365;210.87001437307572
524.83;9.0571;299.19324434097365;210.87001437307572
504.35;8.9714;299.19324434097365;210.87001437307572
488.99;8.8571;299.19324434097365;210.87001437307572
491.55;8.7714;299.19324434097365;210.87001437307572
455.71;8.7429;299.19324434097365;210.87001437307572
435.23;8.6571;299.19324434097365;210.87001437307572
419.87;8.6;299.19324434097365;210.87001437307572
419.87;8.5429;299.19324434097365;210.87001437307572
381.47;8.5143;299.19324434097365;210.87001437307572
363.55;8.4286;299.19324434097365;210.87001437307572
345.63;8.3429;299.19324434097365;210.87001437307572
327.71;8.2857;299.19324434097365;210.87001437307572
304.67;8.2286;299.19324434097365;210.87001437307572
281.63;8.1143;299.19324434097365;210.87001437307572
261.15;8.0857;299.19324434097365;210.87001437307572
235.55;8.0286;299.19324434097365;210.87001437307572
222.75;7.9429;299.19324434097365;210.87001437307572
199.71;7.8286;299.19324434097365;210.87001437307572
186.91;7.7714;299.19324434097365;210.87001437307572
148.51;7.6571;299.19324434097365;210.87001437307572
143.39;7.5714;299.19324434097365;210.87001437307572
122.91;7.5429;299.19324434097365;210.87001437307572
102.43;7.4857;299.19324434097365;210.87001437307572
79.39;7.4286;299.19324434097365;210.87001437307572
61.47;7.3429;299.19324434097365;210.87001437307572
40.99;7.2571;299.19324434097365;210.87001437307572
23.07;7.1714;299.19324434097365;210.87001437307572
12.83;7.0857;299.19324434097365;210.87001437307572
0.02;7.0;299.19324434097365;210.87001437307572
634.9;6.9429;299.19324434097365;210.87001437307572
616.98;6.9143;299.19324434097365;210.87001437307572
601.62;6.8286;299.19324434097365;210.87001437307572
583.7;6.8286;299.19324434097365;210.87001437307572
558.1;6.7714;299.19324434097365;210.87001437307572
542.74;6.6857;299.19324434097365;210.87001437307572
522.26;6.6;299.19324434097365;210.87001437307572
509.46;6.5429;299.19324434097365;210.87001437307572
496.66;6.4286;299.19324434097365;210.87001437307572
476.18;6.3429;299.19324434097365;210.87001437307572
445.46;6.2857;299.19324434097365;210.87001437307572
430.1;6.2857;299.19324434097365;210.87001437307572
412.18;6.2;299.19324434097365;210.87001437307572
399.38;6.1714;299.19324434097365;210.87001437307572
381.46;6.0571;299.19324434097365;210.87001437307572
366.1;6.0;299.19324434097365;210.87001437307572
348.18;5.8571;299.19324434097365;210.87001437307572
335.38;5.8857;299.19324434097365;210.87001437307572
317.46;5.8;299.19324434097365;210.87001437307572
307.22;5.8;299.19324434097365;210.87001437307572
286.74;5.6571;299.19324434097365;210.87001437307572
273.94;5.6857;299.19324434097365;210.87001437307572
258.58;5.5429;299.19324434097365;210.87001437307572
240.66;5.5143;299.19324434097365;210.87001437307572
230.42;5.4286;299.19324434097365;210.87001437307572
204.82;5.4;299.19324434097365;210.87001437307572
174.1;5.3429;299.19324434097365;210.87001437307572
171.54;5.3143;299.19324434097365;210.87001437307572
161.3;5.2571;299.19324434097365;210.87001437307572
145.94;5.1714;299.19324434097365;210.87001437307572
133.14;5.1143;299.19324434097365;210.87001437307572
107.54;4.9714;299.19324434097365;210.87001437307572
94.74;4.9714;299.19324434097365;210.87001437307572
76.82;4.9143;299.19324434097365;210.87001437307572
61.46;4.8857;299.19324434097365;210.87001437307572
51.22;4.8;299.19324434097365;210.87001437307572
30.74;4.7143;299.19324434097365;210.87001437307572
17.94;4.7143;299.19324434097365;210.87001437307572
0.01;4.6571;299.19324434097365;210.87001437307572
645.13;4.6;299.19324434097365;210.87001437307572
629.77;4.4857;299.19324434097365;210.87001437307572
609.29;4.4571;299.19324434097365;210.87001437307572
593.93;4.4571;299.19324434097365;210.87001437307572
581.13;4.3429;299.19324434097365;210.87001437307572
565.77;4.3714;299.19324434097365;210.87001437307572
545.29;4.2857;299.19324434097365;210.87001437307572
537.61;4.1714;299.19324434097365;210.87001437307572
514.57;4.0857;299.19324434097365;210.87001437307572
499.21;4.0857;299.19324434097365;210.87001437307572
483.85;4.0;299.19324434097365;210.87001437307572
471.05;3.9714;299.19324434097365;210.87001437307572
450.57;3.9429;299.19324434097365;210.87001437307572
442.89;3.8571;299.19324434097365;210.87001437307572
435.21;3.8;299.19324434097365;210.87001437307572
432.65;3.7143;299.19324434097365;210.87001437307572
404.49;3.6857;299.19324434097365;210.87001437307572
389.13;3.6286;299.19324434097365;210.87001437307572
371.21;3.6286;299.19324434097365;210.87001437307572
360.97;3.6286;299.19324434097365;210.87001437307572
345.61;3.5714;299.19324434097365;210.87001437307572
327.69;3.5143;299.19324434097365;210.87001437307572
309.77;3.4286;299.19324434097365;210.87001437307572
294.41;3.3714;299.19324434097365;210.87001437307572
279.05;3.3429;299.19324434097365;210.87001437307572
261.13;3.2571;299.19324434097365;210.87001437307572
245.77;3.1429;299.19324434097365;210.87001437307572
227.85;3.0857;299.19324434097365;210.87001437307572
220.17;3.0571;299.19324434097365;210.87001437307572
202.25;2.9429;299.19324434097365;210.87001437307572
189.45;2.9143;299.19324434097365;210.87001437307572
163.85;2.8857;299.19324434097365;210.87001437307572
158.73;2.8571;299.19324434097365;210.87001437307572
143.37;2.8286;299.19324434097365;210.87001437307572
128.01;2.7429;299.19324434097365;210.87001437307572
104.97;2.7143;299.19324434097365;210.87001437307572
2.89;2.6286;299.19324434097365;210.87001437307572
2.86;2.5714;299.19324434097365;210.87001437307572
2.82;2.4571;299.19324434097365;210.87001437307572
2.78;2.4571;299.19324434097365;210.87001437307572
2.73;2.4571;299.19324434097365;210.87001437307572
2.69;2.4571;299.19324434097365;210.87001437307572
2.63;2.3143;299.19324434097365;210.87001437307572
2.56;2.2857;299.19324434097365;210.87001437307572
2.5;2.3143;299.19324434097365;210.87001437307572
2.45;2.3143;299.19324434097365;210.87001437307572
2.39;2.1714;299.19324434097365;210.87001437307572
2.35;2.1429;299.19324434097365;210.87001437307572
2.3;2.0857;299.19324434097365;210.87001437307572
2.27;2.0;299.19324434097365;210.87001437307572
2.2;1.9429;299.19324434097365;210.87001437307572
2.17;1.9143;299.19324434097365;210.87001437307572
2.12;1.8286;299.19324434097365;210.87001437307572
2.08;1.8286;299.19324434097365;210.87001437307572
2.01;1.8;299.19324434097365;210.87001437307572
2.0;1.8;299.19324434097365;210.87001437307572
1.96;1.6857;299.19324434097365;210.87001437307572
1.92;1.6857;299.19324434097365;210.87001437307572
1.89;1.6857;299.19324434097365;210.87001437307572
1.83;1.5143;299.19324434097365;210.87001437307572
1.78;1.5429;299.19324434097365;210.87001437307572
1.75;1.4857;299.19324434097365;210.87001437307572
1.7;1.4857;299.19324434097365;210.87001437307572
1.68;1.4286;299.19324434097365;210.87001437307572
1.65;1.4286;299.19324434097365;210.87001437307572
1.61;1.3143;299.19324434097365;210.87001437307572
1.58;1.2857;299.19324434097365;210.87001437307572
1.51;1.3143;299.19324434097365;210.87001437307572
1.45;1.2286;299.19324434097365;210.87001437307572
1.42;1.2286;299.19324434097365;210.87001437307572
1.38;1.2286;299.19324434097365;210.87001437307572
1.34;1.1143;299.19324434097365;210.87001437307572
1.31;1.0857;299.19324434097365;210.87001437307572
1.27;0.9429;299.19324434097365;210.87001437307572
1.23;0.9429;299.19324434097365;210.87001437307572
1.21;0.8857;299.19324434097365;210.87001437307572
1.17;0.9714;299.19324434097365;210.87001437307572
1.12;0.9429;299.19324434097365;210.87001437307572
1.1;0.9429;299.19324434097365;210.87001437307572
1.07;0.9143;299.19324434097365;210.87001437307572
1.04;0.8286;299.19324434097365;210.87001437307572
1.01;0.8571;299.19324434097365;210.87001437307572
0.97;0.7143;299.19324434097365;210.87001437307572
0.93;0.6857;299.19324434097365;210.87001437307572
0.91;0.6857;299.19324434097365;210.87001437307572
0.89;0.6857;299.19324434097365;210.87001437307572
0.86;0.7429;299.19324434097365;210.87001437307572
0.82;0.5714;299.19324434097365;210.87001437307572
0.79;0.4857;299.19324434097365;210.87001437307572
0.77;0.5714;299.19324434097365;210.87001437307572
0.74;0.6;299.19324434097365;210.87001437307572
0.71;0.6;299.19324434097365;210.87001437307572
0.69;0.5143;299.19324434097365;210.87001437307572
0.67;0.4857;299.19324434097365;210.87001437307572
0.64;0.4571;299.19324434097365;210.87001437307572
0.63;0.4571;299.19324434097365;210.87001437307572
0.61;0.3429;299.19324434097365;210.87001437307572
0.59;0.4;299.19324434097365;210.87001437307572
0.56;0.4;299.19324434097365;210.87001437307572
0.56;0.3714;299.19324434097365;210.87001437307572
0.54;0.4;299.19324434097365;210.87001437307572
0.53;0.3714;299.19324434097365;210.87001437307572
0.51;0.3714;299.19324434097365;210.87001437307572
0.47;0.2571;299.19324434097365;210.87001437307572
0.44;0.4;299.19324434097365;210.87001437307572
0.4;0.3143;299.19324434097365;210.87001437307572
0.38;0.2286;299.19324434097365;210.87001437307572
0.36;0.3429;299.19324434097365;210.87001437307572
0.35;0.3143;299.19324434097365;210.87001437307572
0.34;0.2;299.19324434097365;210.87001437307572
0.34;0.0571;299.19324434097365;210.87001437307572
0.32;0.0571;299.19324434097365;210.87001437307572
0.3;0.1714;299.19324434097365;210.87001437307572
0.3;0.1429;299.19324434097365;210.87001437307572
0.29;0.1429;299.19324434097365;210.87001437307572
0.28;0.1714;299.19324434097365;210.87001437307572
0.29;0.1714;299.19324434097365;210.87001437307572
0.28;0.1714;299.19324434097365;210.87001437307572
0.27;0.1429;299.19324434097365;210.87001437307572
0.27;0.1429;299.19324434097365;210.87001437307572
0.27;0.1714;299.19324434097365;210.87001437307572
0.27;0.1429;299.19324434097365;210.87001437307572
0.27;0.2286;299.19324434097365;210.87001437307572
0.27;0.1714;299.19324434097365;210.87001437307572
0.26;0.0857;299.19324434097365;210.87001437307572
0.25;0.2;299.19324434097365;210.87001437307572
0.25;0.2571;299.19324434097365;210.87001437307572
0.25;0.2;299.19324434097365;210.87001437307572
0.24;0.1429;299.19324434097365;210.87001437307572
0.23;0.0857;299.19324434097365;210.87001437307572
0.23;0.1429;299.19324434097365;210.87001437307572
0.22;0.2;299.19324434097365;210.87001437307572
0.22;0.1429;299.19324434097365;210.87001437307572
0.21;0.1429;299.19324434097365;210.87001437307572
0.2;0.1429;299.19324434097365;210.87001437307572
0.2;0.1714;299.19324434097365;210.87001437307572
0.19;0.1143;299.19324434097365;210.87001437307572
0.2;0.0857;299.19324434097365;210.87001437307572
0.2;0.1429;299.19324434097365;210.87001437307572
0.19;0.0857;299.19324434097365;210.87001437307572
0.19;0.0857;299.19324434097365;210.87001437307572
0.19;0.1143;299.19324434097365;210.87001437307572
0.18;0.1429;299.19324434097365;210.87001437307572
0.18;0.2;299.19324434097365;210.87001437307572
0.17;0.1143;299.19324434097365;210.87001437307572
0.17;0.0857;299.19324434097365;210.87001437307572
0.17;0.0857;299.19324434097365;210.87001437307572
0.17;0.0286;299.19324434097365;210.87001437307572
0.17;0.0286;299.19324434097365;210.87001437307572
0.17;0.0286;299.19324434097365;210.87001437307572
0.17;0.0286;299.19324434097365;210.87001437307572
0.16;0.1429;299.19324434097365;210.87001437307572
0.16;0.2;299.19324434097365;210.87001437307572
0.16;0.2;299.19324434097365;210.87001437307572
0.16;0.1714;299.19324434097365;210.87001437307572
0.16;0.2286;299.19324434097365;210.87001437307572
0.16;0.0857;299.19324434097365;210.87001437307572
0.15;0.1143;299.19324434097365;210.87001437307572
0.15;0.0857;299.19324434097365;210.87001437307572
0.14;0.1143;299.19324434097365;210.87001437307572
0.14;0.0857;299.19324434097365;210.87001437307572
0.14;0.1429;299.19324434097365;210.87001437307572
0.13;0.0857;299.19324434097365;210.87001437307572
0.14;0.0;299.19324434097365;210.87001437307572
0.14;0.0857;299.19324434097365;210.87001437307572
0.14;0.1429;299.19324434097365;210.87001437307572
0.14;0.0857;299.19324434097365;210.87001437307572
0.15;0.0857;299.19324434097365;210.87001437307572
0.15;0.0286;299.19324434097365;210.87001437307572
0.14;0.1429;299.19324434097365;210.87001437307572
0.15;0.1429;299.19324434097365;210.87001437307572
0.15;0.2;299.19324434097365;210.87001437307572
0.14;0.0857;299.19324434097365;210.87001437307572
0.14;0.1714;299.19324434097365;210.87001437307572
0.13;0.0857;299.19324434097365;210.87001437307572
0.13;0.0857;299.19324434097365;210.87001437307572
0.13;0.1714;299.19324434097365;210.87001437307572
0.12;0.1143;299.19324434097365;210.87001437307572
0.12;0.0;299.19324434097365;210.87001437307572
0.12;0.0;299.19324434097365;210.87001437307572
0.12;0.0286;299.19324434097365;210.87001437307572
0.12;0.0286;299.19324434097365;210.87001437307572
0.12;0.1429;299.19324434097365;210.87001437307572
0.12;0.0;299.19324434097365;210.87001437307572
0.12;0.1143;299.19324434097365;210.87001437307572
0.12;0.1429;299.19324434097365;210.87001437307572
0.13;0.0286;299.19324434097365;210.87001437307572
0.13;-0.0286;299.19324434097365;210.87001437307572
0.12;0.0857;299.19324434097365;210.87001437307572
0.12;0.0286;299.19324434097365;210.87001437307572
0.11;0.0286;299.19324434097365;210.87001437307572
0.11;0.0857;299.19324434097365;210.87001437307572
0.11;0.0571;299.19324434097365;210.87001437307572
0.1;-0.0286;299.19324434097365;210.87001437307572
0.1;0.0;299.19324434097365;210.87001437307572
0.1;0.0286;299.19324434097365;210.87001437307572
0.1;0.0286;299.19324434097365;210.87001437307572
0.1;0.0857;299.19324434097365;210.87001437307572
0.1;-0.0571;299.19324434097365;210.87001437307572
0.1;0.0857;299.19324434097365;210.87001437307572
0.11;0.0571;299.19324434097365;210.87001437307572
0.1;0.1143;299.19324434097365;210.87001437307572
0.1;0.0857;299.19324434097365;210.87001437307572
0.1;0.0286;299.19324434097365;210.87001437307572
0.1;0.1143;299.19324434097365;210.87001437307572
0.1;0.0857;299.19324434097365;210.87001437307572
0.1;0.0;299.19324434097365;210.87001437307572
0.1;0.0857;299.19324434097365;210.87001437307572
0.1;0.0286;299.19324434097365;210.87001437307572
0.1;0.0;299.19324434097365;210.87001437307572
0.1;-0.0571;299.19324434097365;210.87001437307572
0.1;0.0571;299.19324434097365;210.87001437307572
0.09;0.0857;299.19324434097365;210.87001437307572
0.1;0.1143;299.19324434097365;210.87001437307572
0.09;0.0286;299.19324434097365;210.87001437307572
0.09;-0.0571;299.19324434097365;210.87001437307572
0.09;-0.0571;299.19324434097365;210.87001437307572
0.09;0.0286;299.19324434097365;210.87001437307572
0.1;0.1714;299.19324434097365;210.87001437307572
0.1;0.1143;299.19324434097365;210.87001437307572
0.1;-0.0571;299.19324434097365;210.87001437307572
0.1;0.0286;299.19324434097365;210.87001437307572
0.1;0.1143;299.19324434097365;210.87001437307572
0.1;0.1714;299.19324434097365;210.87001437307572
0.1;0.1143;299.19324434097365;210.87001437307572
0.1;0.0571;299.19324434097365;210.87001437307572
0.1;0.0286;299.19324434097365;210.87001437307572
0.1;-0.0286;299.19324434097365;210.87001437307572
0.09;0.0571;299.19324434097365;210.87001437307572
0.09;0.0286;299.19324434097365;210.87001437307572
0.1;0.0571;299.19324434097365;210.87001437307572
0.1;0.0857;299.19324434097365;210.87001437307572
0.1;0.0857;299.19324434097365;210.87001437307572
0.1;0.0;299.19324434097365;210.87001437307572
0.1;0.0;299.19324434097365;210.87001437307572
0.1;0.0571;299.19324434097365;210.87001437307572
0.1;0.0857;299.19324434097365;210.87001437307572
0.1;0.1714;299.19324434097365;210.87001437307572
0.1;0.2;299.19324434097365;210.87001437307572
0.09;0.0286;299.19324434097365;210.87001437307572
0.1;0.0286;299.19324434097365;210.87001437307572
0.09;0.0286;299.19324434097365;210.87001437307572
0.1;0.0;299.19324434097365;210.87001437307572
0.09;0.0571;299.19324434097365;210.87001437307572
0.09;0.0857;299.19324434097365;210.87001437307572
0.09;-0.0286;299.19324434097365;210.87001437307572
0.09;0.0571;299.19324434097365;210.87001437307572
0.09;0.0857;299.19324434097365;210.87001437307572
0.09;0.0286;299.19324434097365;210.87001437307572
0.09;0.0286;299.19324434097365;210.87001437307572
0.08;0.1429;299.19324434097365;210.87001437307572
0.09;0.1143;299.19324434097365;210.87001437307572
0.08;0.1429;299.19324434097365;210.87001437307572
0.08;0.0857;299.19324434097365;210.87001437307572
0.09;0.0571;299.19324434097365;210.87001437307572
0.09;0.0;299.19324434097365;210.87001437307572
0.08;-0.0571;299.19324434097365;210.87001437307572
0.09;0.1143;299.19324434097365;210.87001437307572
0.09;0.1143;299.19324434097365;210.87001437307572
0.09;0.0571;299.19324434097365;210.87001437307572
0.09;0.0857;299.19324434097365;210.87001437307572
0.08;0.0857;299.19324434097365;210.87001437307572
0.08;0.0;299.19324434097365;210.87001437307572
0.08;0.0857;299.19324434097365;210.87001437307572
0.08;0.0571;299.19324434097365;210.87001437307572
0.08;0.0571;299.19324434097365;210.87001437307572
0.08;0.0286;299.19324434097365;210.87001437307572
0.08;0.1143;299.19324434097365;210.87001437307572
0.08;0.0286;299.19324434097365;210.87001437307572
0.08;-0.0286;299.19324434097365;210.87001437307572
0.08;0.0;299.19324434097365;210.87001437307572
0.08;-0.0286;299.19324434097365;210.87001437307572
0.08;0.0;299.19324434097365;210.87001437307572
0.08;0.0286;299.19324434097365;210.87001437307572
0.08;0.0571;299.19324434097365;210.87001437307572
0.08;0.1429;299.19324434097365;210.87001437307572
0.09;0.0286;299.19324434097365;210.87001437307572
0.08;0.0571;299.19324434097365;210.87001437307572
0.08;0.1429;299.19324434097365;210.87001437307572
0.08;0.1429;299.19324434097365;210.87001437307572
0.09;0.1429;299.19324434097365;210.87001437307572
0.08;0.1143;299.19324434097365;210.87001437307572
0.08;-0.0286;299.19324434097365;210.87001437307572
0.08;0.0286;299.19324434097365;210.87001437307572
0.08;0.0286;299.19324434097365;210.87001437307572
0.08;0.0571;299.19324434097365;210.87001437307572
0.07;0.0286;299.19324434097365;210.87001437307572
0.07;0.0;299.19324434097365;210.87001437307572
0.07;0.0;299.19324434097365;210.87001437307572
0.07;-0.0286;299.19324434097365;210.87001437307572
