SF-A-022;Sensirion;RMSE;MAE
11.48;-10.9429;300.67256980723664;213.26694572489163
11.42;-10.9143;300.67256980723664;213.26694572489163
11.34;-10.8;300.67256980723664;213.26694572489163
11.24;-10.8;300.67256980723664;213.26694572489163
11.19;-10.7429;300.67256980723664;213.26694572489163
11.08;-10.6571;300.67256980723664;213.26694572489163
11.01;-10.6;300.67256980723664;213.26694572489163
10.98;-10.5143;300.67256980723664;213.26694572489163
10.9;-10.4571;300.67256980723664;213.26694572489163
10.83;-10.4286;300.67256980723664;213.26694572489163
10.76;-10.3143;300.67256980723664;213.26694572489163
10.69;-10.2571;300.67256980723664;213.26694572489163
10.67;-10.1714;300.67256980723664;213.26694572489163
10.6;-10.1429;300.67256980723664;213.26694572489163
10.56;-10.1429;300.67256980723664;213.26694572489163
10.52;-10.0571;300.67256980723664;213.26694572489163
10.54;-10.0286;300.67256980723664;213.26694572489163
10.46;-10.0286;300.67256980723664;213.26694572489163
10.42;-9.9429;300.67256980723664;213.26694572489163
10.4;-9.9143;300.67256980723664;213.26694572489163
10.35;-9.8571;300.67256980723664;213.26694572489163
10.36;-9.8857;300.67256980723664;213.26694572489163
10.34;-9.8;300.67256980723664;213.26694572489163
10.36;-9.8571;300.67256980723664;213.26694572489163
10.41;-9.9429;300.67256980723664;213.26694572489163
10.47;-9.9143;300.67256980723664;213.26694572489163
10.63;-10.0571;300.67256980723664;213.26694572489163
10.78;-10.2857;300.67256980723664;213.26694572489163
10.98;-10.4857;300.67256980723664;213.26694572489163
11.24;-10.6857;300.67256980723664;213.26694572489163
11.49;-10.9429;300.67256980723664;213.26694572489163
11.75;-11.2;300.67256980723664;213.26694572489163
12.07;-11.4857;300.67256980723664;213.26694572489163
12.42;-11.8;300.67256980723664;213.26694572489163
12.83;-12.2286;300.67256980723664;213.26694572489163
13.29;-12.6;300.67256980723664;213.26694572489163
13.78;-13.1429;300.67256980723664;213.26694572489163
14.32;-13.6571;300.67256980723664;213.26694572489163
14.87;-14.2857;300.67256980723664;213.26694572489163
15.52;-14.8;300.67256980723664;213.26694572489163
16.15;-15.4;300.67256980723664;213.26694572489163
16.88;-16.1429;300.67256980723664;213.26694572489163
17.62;-16.7714;300.67256980723664;213.26694572489163
18.43;-17.6286;300.67256980723664;213.26694572489163
19.28;-18.3429;300.67256980723664;213.26694572489163
20.15;-19.1429;300.67256980723664;213.26694572489163
21.03;-19.9714;300.67256980723664;213.26694572489163
22.01;-20.8571;300.67256980723664;213.26694572489163
23.1;-21.8;300.67256980723664;213.26694572489163
24.18;-22.8;300.67256980723664;213.26694572489163
25.28;-23.8;300.67256980723664;213.26694572489163
26.43;-24.8286;300.67256980723664;213.26694572489163
27.62;-25.8857;300.67256980723664;213.26694572489163
28.85;-27.0571;300.67256980723664;213.26694572489163
30.05;-28.1143;300.67256980723664;213.26694572489163
31.28;-29.4286;300.67256980723664;213.26694572489163
32.5;-30.5429;300.67256980723664;213.26694572489163
33.66;-31.6571;300.67256980723664;213.26694572489163
34.95;-32.8857;300.67256980723664;213.26694572489163
36.24;-34.0571;300.67256980723664;213.26694572489163
37.65;-35.4;300.67256980723664;213.26694572489163
39.05;-36.7429;300.67256980723664;213.26694572489163
40.26;-38.0286;300.67256980723664;213.26694572489163
41.64;-39.4286;300.67256980723664;213.26694572489163
42.99;-40.6286;300.67256980723664;213.26694572489163
44.34;-41.8286;300.67256980723664;213.26694572489163
45.91;-43.2;300.67256980723664;213.26694572489163
47.16;-44.3714;300.67256980723664;213.26694572489163
48.5;-45.8857;300.67256980723664;213.26694572489163
49.92;-47.3143;300.67256980723664;213.26694572489163
50.97;-48.5143;300.67256980723664;213.26694572489163
52.33;-49.8571;300.67256980723664;213.26694572489163
53.71;-51.1429;300.67256980723664;213.26694572489163
54.74;-52.3143;300.67256980723664;213.26694572489163
55.88;-53.6571;300.67256980723664;213.26694572489163
57.3;-54.6857;300.67256980723664;213.26694572489163
58.65;-55.8;300.67256980723664;213.26694572489163
60.11;-57.4571;300.67256980723664;213.26694572489163
61.25;-58.7429;300.67256980723664;213.26694572489163
62.59;-59.5714;300.67256980723664;213.26694572489163
63.99;-61.0;300.67256980723664;213.26694572489163
65.4;-62.1429;300.67256980723664;213.26694572489163
66.64;-63.6571;300.67256980723664;213.26694572489163
68.1;-65.1143;300.67256980723664;213.26694572489163
69.2;-66.5429;300.67256980723664;213.26694572489163
70.48;-67.9429;300.67256980723664;213.26694572489163
71.85;-68.8;300.67256980723664;213.26694572489163
72.89;-70.5143;300.67256980723664;213.26694572489163
74.44;-72.0571;300.67256980723664;213.26694572489163
76.02;-73.2857;300.67256980723664;213.26694572489163
77.79;-74.8571;300.67256980723664;213.26694572489163
79.28;-76.5714;300.67256980723664;213.26694572489163
80.69;-77.9714;300.67256980723664;213.26694572489163
82.25;-79.2571;300.67256980723664;213.26694572489163
83.59;-80.8571;300.67256980723664;213.26694572489163
84.71;-82.2286;300.67256980723664;213.26694572489163
85.85;-83.7429;300.67256980723664;213.26694572489163
86.82;-84.0571;300.67256980723664;213.26694572489163
87.67;-84.8571;300.67256980723664;213.26694572489163
88.95;-86.0571;300.67256980723664;213.26694572489163
90.56;-86.9143;300.67256980723664;213.26694572489163
91.65;-88.3429;300.67256980723664;213.26694572489163
93.51;-90.2857;300.67256980723664;213.26694572489163
94.92;-91.3143;300.67256980723664;213.26694572489163
96.23;-92.1714;300.67256980723664;213.26694572489163
97.11;-93.8;300.67256980723664;213.26694572489163
98.42;-94.7429;300.67256980723664;213.26694572489163
100.16;-96.2571;300.67256980723664;213.26694572489163
101.54;-97.3429;300.67256980723664;213.26694572489163
102.38;-99.5143;300.67256980723664;213.26694572489163
104.29;-100.4571;300.67256980723664;213.26694572489163
105.3;-101.3429;300.67256980723664;213.26694572489163
106.41;-103.0857;300.67256980723664;213.26694572489163
107.95;-103.1714;300.67256980723664;213.26694572489163
108.96;-104.8286;300.67256980723664;213.26694572489163
110.7;-106.5429;300.67256980723664;213.26694572489163
111.59;-107.6;300.67256980723664;213.26694572489163
112.7;-109.0286;300.67256980723664;213.26694572489163
114.3;-110.2;300.67256980723664;213.26694572489163
115.68;-110.9429;300.67256980723664;213.26694572489163
117.05;-112.3714;300.67256980723664;213.26694572489163
118.14;-113.5714;300.67256980723664;213.26694572489163
119.53;-114.1429;300.67256980723664;213.26694572489163
121.04;-116.2571;300.67256980723664;213.26694572489163
121.68;-117.6286;300.67256980723664;213.26694572489163
121.86;-118.2571;300.67256980723664;213.26694572489163
122.68;-119.6286;300.67256980723664;213.26694572489163
124.38;-120.1429;300.67256980723664;213.26694572489163
125.8;-120.4286;300.67256980723664;213.26694572489163
127.31;-121.5143;300.67256980723664;213.26694572489163
128.62;-123.2;300.67256980723664;213.26694572489163
129.4;-125.2286;300.67256980723664;213.26694572489163
130.1;-126.5714;300.67256980723664;213.26694572489163
131.23;-127.2571;300.67256980723664;213.26694572489163
133.0;-128.6571;300.67256980723664;213.26694572489163
134.15;-129.9714;300.67256980723664;213.26694572489163
135.72;-131.3714;300.67256980723664;213.26694572489163
136.9;-133.2;300.67256980723664;213.26694572489163
138.24;-134.7143;300.67256980723664;213.26694572489163
138.61;-135.2286;300.67256980723664;213.26694572489163
139.95;-136.2857;300.67256980723664;213.26694572489163
141.16;-136.7714;300.67256980723664;213.26694572489163
142.43;-137.9714;300.67256980723664;213.26694572489163
143.79;-138.3429;300.67256980723664;213.26694572489163
145.35;-139.6286;300.67256980723664;213.26694572489163
146.83;-141.0;300.67256980723664;213.26694572489163
147.08;-142.4286;300.67256980723664;213.26694572489163
147.68;-143.0857;300.67256980723664;213.26694572489163
148.49;-143.6286;300.67256980723664;213.26694572489163
149.64;-144.6571;300.67256980723664;213.26694572489163
150.7;-146.9143;300.67256980723664;213.26694572489163
152.03;-147.9714;300.67256980723664;213.26694572489163
153.62;-148.9429;300.67256980723664;213.26694572489163
154.72;-150.7143;300.67256980723664;213.26694572489163
156.59;-151.1143;300.67256980723664;213.26694572489163
157.96;-151.8857;300.67256980723664;213.26694572489163
158.79;-154.4;300.67256980723664;213.26694572489163
159.96;-155.3143;300.67256980723664;213.26694572489163
159.83;-156.2571;300.67256980723664;213.26694572489163
160.36;-157.2857;300.67256980723664;213.26694572489163
161.35;-156.5714;300.67256980723664;213.26694572489163
162.66;-157.5143;300.67256980723664;213.26694572489163
164.53;-158.5143;300.67256980723664;213.26694572489163
165.6;-159.5714;300.67256980723664;213.26694572489163
166.71;-160.6571;300.67256980723664;213.26694572489163
167.15;-161.8857;300.67256980723664;213.26694572489163
167.72;-163.5714;300.67256980723664;213.26694572489163
167.59;-163.3714;300.67256980723664;213.26694572489163
168.38;-163.0857;300.67256980723664;213.26694572489163
170.0;-164.2;300.67256980723664;213.26694572489163
171.43;-164.8286;300.67256980723664;213.26694572489163
172.39;-166.2286;300.67256980723664;213.26694572489163
173.28;-167.4286;300.67256980723664;213.26694572489163
173.97;-169.0571;300.67256980723664;213.26694572489163
174.13;-168.4;300.67256980723664;213.26694572489163
175.59;-169.5714;300.67256980723664;213.26694572489163
177.9;-170.1143;300.67256980723664;213.26694572489163
179.19;-171.1143;300.67256980723664;213.26694572489163
180.02;-171.6286;300.67256980723664;213.26694572489163
180.24;-174.4857;300.67256980723664;213.26694572489163
180.82;-174.3143;300.67256980723664;213.26694572489163
181.04;-175.7714;300.67256980723664;213.26694572489163
181.82;-176.6857;300.67256980723664;213.26694572489163
182.6;-175.7714;300.67256980723664;213.26694572489163
183.24;-176.6857;300.67256980723664;213.26694572489163
183.96;-178.0857;300.67256980723664;213.26694572489163
184.87;-178.0;300.67256980723664;213.26694572489163
185.71;-179.4286;300.67256980723664;213.26694572489163
186.27;-180.1429;300.67256980723664;213.26694572489163
187.25;-179.2;300.67256980723664;213.26694572489163
188.46;-181.7714;300.67256980723664;213.26694572489163
188.79;-181.3429;300.67256980723664;213.26694572489163
189.48;-181.7143;300.67256980723664;213.26694572489163
190.84;-183.2286;300.67256980723664;213.26694572489163
191.12;-183.4;300.67256980723664;213.26694572489163
192.08;-186.1143;300.67256980723664;213.26694572489163
192.0;-187.5714;300.67256980723664;213.26694572489163
193.89;-186.4571;300.67256980723664;213.26694572489163
193.8;-188.2571;300.67256980723664;213.26694572489163
194.83;-188.0;300.67256980723664;213.26694572489163
195.52;-188.6;300.67256980723664;213.26694572489163
197.4;-190.1429;300.67256980723664;213.26694572489163
197.99;-190.6286;300.67256980723664;213.26694572489163
199.48;-191.0857;300.67256980723664;213.26694572489163
198.82;-193.1143;300.67256980723664;213.26694572489163
199.88;-192.2857;300.67256980723664;213.26694572489163
199.32;-192.8;300.67256980723664;213.26694572489163
200.56;-194.3429;300.67256980723664;213.26694572489163
200.66;-193.0857;300.67256980723664;213.26694572489163
201.34;-194.7143;300.67256980723664;213.26694572489163
201.91;-194.4857;300.67256980723664;213.26694572489163
202.4;-195.6857;300.67256980723664;213.26694572489163
204.31;-196.7429;300.67256980723664;213.26694572489163
205.29;-196.3714;300.67256980723664;213.26694572489163
206.62;-197.9429;300.67256980723664;213.26694572489163
207.6;-199.0571;300.67256980723664;213.26694572489163
207.02;-200.2286;300.67256980723664;213.26694572489163
207.12;-197.9429;300.67256980723664;213.26694572489163
207.31;-199.7429;300.67256980723664;213.26694572489163
207.09;-199.8;300.67256980723664;213.26694572489163
209.29;-202.3143;300.67256980723664;213.26694572489163
210.79;-200.2571;300.67256980723664;213.26694572489163
212.04;-201.6;300.67256980723664;213.26694572489163
212.89;-204.9429;300.67256980723664;213.26694572489163
213.37;-206.3429;300.67256980723664;213.26694572489163
213.04;-206.8286;300.67256980723664;213.26694572489163
213.29;-205.1143;300.67256980723664;213.26694572489163
215.06;-207.2286;300.67256980723664;213.26694572489163
215.55;-208.0571;300.67256980723664;213.26694572489163
216.36;-206.7429;300.67256980723664;213.26694572489163
214.73;-208.8286;300.67256980723664;213.26694572489163
215.65;-208.5429;300.67256980723664;213.26694572489163
216.3;-207.0286;300.67256980723664;213.26694572489163
217.9;-208.0857;300.67256980723664;213.26694572489163
218.56;-209.6;300.67256980723664;213.26694572489163
218.78;-209.4571;300.67256980723664;213.26694572489163
220.19;-209.6;300.67256980723664;213.26694572489163
221.37;-212.5143;300.67256980723664;213.26694572489163
220.52;-212.8857;300.67256980723664;213.26694572489163
218.44;-215.0;300.67256980723664;213.26694572489163
220.3;-213.0857;300.67256980723664;213.26694572489163
222.25;-211.4857;300.67256980723664;213.26694572489163
223.62;-213.1714;300.67256980723664;213.26694572489163
223.04;-214.8571;300.67256980723664;213.26694572489163
223.54;-216.4286;300.67256980723664;213.26694572489163
224.65;-214.9714;300.67256980723664;213.26694572489163
225.5;-214.2571;300.67256980723664;213.26694572489163
226.76;-215.9429;300.67256980723664;213.26694572489163
226.64;-216.2857;300.67256980723664;213.26694572489163
227.44;-216.6286;300.67256980723664;213.26694572489163
228.99;-216.7143;300.67256980723664;213.26694572489163
229.46;-216.6571;300.67256980723664;213.26694572489163
229.48;-217.7429;300.67256980723664;213.26694572489163
231.29;-218.2;300.67256980723664;213.26694572489163
231.84;-217.8571;300.67256980723664;213.26694572489163
231.84;-217.8286;300.67256980723664;213.26694572489163
231.27;-217.4571;300.67256980723664;213.26694572489163
232.45;-217.7429;300.67256980723664;213.26694572489163
232.77;-218.3714;300.67256980723664;213.26694572489163
231.45;-218.8571;300.67256980723664;213.26694572489163
231.5;-218.9429;300.67256980723664;213.26694572489163
232.08;-217.5429;300.67256980723664;213.26694572489163
234.0;-218.1714;300.67256980723664;213.26694572489163
235.26;-218.8857;300.67256980723664;213.26694572489163
236.18;-219.2857;300.67256980723664;213.26694572489163
236.65;-219.0;300.67256980723664;213.26694572489163
237.16;-219.6571;300.67256980723664;213.26694572489163
235.67;-219.8857;300.67256980723664;213.26694572489163
236.35;-219.2286;300.67256980723664;213.26694572489163
237.13;-219.9143;300.67256980723664;213.26694572489163
237.44;-219.9143;300.67256980723664;213.26694572489163
237.1;-219.8;300.67256980723664;213.26694572489163
235.84;-218.9429;300.67256980723664;213.26694572489163
238.28;-219.9143;300.67256980723664;213.26694572489163
240.72;-219.9143;300.67256980723664;213.26694572489163
241.42;-219.9143;300.67256980723664;213.26694572489163
241.07;-219.9143;300.67256980723664;213.26694572489163
240.79;-219.9143;300.67256980723664;213.26694572489163
241.77;-219.9429;300.67256980723664;213.26694572489163
239.55;-219.9429;300.67256980723664;213.26694572489163
240.78;-219.9429;300.67256980723664;213.26694572489163
243.05;-219.9429;300.67256980723664;213.26694572489163
243.0;-219.9429;300.67256980723664;213.26694572489163
241.98;-219.9143;300.67256980723664;213.26694572489163
241.8;-219.9429;300.67256980723664;213.26694572489163
242.66;-219.9143;300.67256980723664;213.26694572489163
244.38;-219.9143;300.67256980723664;213.26694572489163
244.46;-219.9143;300.67256980723664;213.26694572489163
244.03;-219.9429;300.67256980723664;213.26694572489163
242.52;-219.9429;300.67256980723664;213.26694572489163
243.87;-219.9429;300.67256980723664;213.26694572489163
244.56;-219.9143;300.67256980723664;213.26694572489163
245.38;-219.9143;300.67256980723664;213.26694572489163
246.29;-219.9714;300.67256980723664;213.26694572489163
247.51;-219.9714;300.67256980723664;213.26694572489163
248.78;-219.9714;300.67256980723664;213.26694572489163
248.95;-219.9429;300.67256980723664;213.26694572489163
249.34;-219.9429;300.67256980723664;213.26694572489163
247.54;-219.9714;300.67256980723664;213.26694572489163
247.72;-219.9429;300.67256980723664;213.26694572489163
248.31;-219.9714;300.67256980723664;213.26694572489163
248.3;-219.9429;300.67256980723664;213.26694572489163
249.68;-219.9429;300.67256980723664;213.26694572489163
249.66;-219.9714;300.67256980723664;213.26694572489163
249.9;-219.9714;300.67256980723664;213.26694572489163
249.85;-219.9714;300.67256980723664;213.26694572489163
250.1;-219.9714;300.67256980723664;213.26694572489163
251.5;-219.9429;300.67256980723664;213.26694572489163
251.44;-219.9714;300.67256980723664;213.26694572489163
251.71;-220.0;300.67256980723664;213.26694572489163
252.89;-220.0;300.67256980723664;213.26694572489163
253.09;-219.9714;300.67256980723664;213.26694572489163
253.72;-219.9714;300.67256980723664;213.26694572489163
252.79;-220.0;300.67256980723664;213.26694572489163
254.62;-219.9714;300.67256980723664;213.26694572489163
255.64;-220.0;300.67256980723664;213.26694572489163
254.73;-220.0;300.67256980723664;213.26694572489163
255.61;-220.0;300.67256980723664;213.26694572489163
255.52;-220.0;300.67256980723664;213.26694572489163
255.74;-220.0;300.67256980723664;213.26694572489163
256.12;-220.0;300.67256980723664;213.26694572489163
255.32;-220.0;300.67256980723664;213.26694572489163
256.16;-220.0;300.67256980723664;213.26694572489163
255.87;-220.0;300.67256980723664;213.26694572489163
255.75;-220.0;300.67256980723664;213.26694572489163
256.94;-220.0;300.67256980723664;213.26694572489163
257.18;-220.0;300.67256980723664;213.26694572489163
258.72;-219.9714;300.67256980723664;213.26694572489163
259.78;-220.0;300.67256980723664;213.26694572489163
259.96;-220.0;300.67256980723664;213.26694572489163
259.92;-220.0;300.67256980723664;213.26694572489163
261.29;-220.0;300.67256980723664;213.26694572489163
260.75;-220.0;300.67256980723664;213.26694572489163
260.64;-220.0;300.67256980723664;213.26694572489163
261.01;-220.0;300.67256980723664;213.26694572489163
261.78;-220.0;300.67256980723664;213.26694572489163
264.34;-220.0;300.67256980723664;213.26694572489163
265.26;-220.0;300.67256980723664;213.26694572489163
262.87;-220.0;300.67256980723664;213.26694572489163
262.32;-220.0;300.67256980723664;213.26694572489163
260.88;-220.0;300.67256980723664;213.26694572489163
261.54;-220.0;300.67256980723664;213.26694572489163
262.96;-220.0;300.67256980723664;213.26694572489163
264.1;-220.0;300.67256980723664;213.26694572489163
263.83;-220.0;300.67256980723664;213.26694572489163
263.91;-220.0;300.67256980723664;213.26694572489163
264.08;-220.0;300.67256980723664;213.26694572489163
264.46;-220.0;300.67256980723664;213.26694572489163
265.4;-220.0;300.67256980723664;213.26694572489163
265.64;-220.0;300.67256980723664;213.26694572489163
266.78;-220.0;300.67256980723664;213.26694572489163
268.7;-220.0;300.67256980723664;213.26694572489163
268.4;-220.0;300.67256980723664;213.26694572489163
267.9;-220.0;300.67256980723664;213.26694572489163
267.97;-220.0;300.67256980723664;213.26694572489163
266.03;-220.0;300.67256980723664;213.26694572489163
267.02;-220.0;300.67256980723664;213.26694572489163
267.73;-220.0;300.67256980723664;213.26694572489163
267.59;-220.0;300.67256980723664;213.26694572489163
265.46;-220.0;300.67256980723664;213.26694572489163
264.64;-220.0;300.67256980723664;213.26694572489163
265.23;-220.0;300.67256980723664;213.26694572489163
268.49;-220.0;300.67256980723664;213.26694572489163
270.42;-220.0;300.67256980723664;213.26694572489163
269.53;-220.0;300.67256980723664;213.26694572489163
269.03;-220.0;300.67256980723664;213.26694572489163
270.12;-220.0;300.67256980723664;213.26694572489163
272.34;-220.0;300.67256980723664;213.26694572489163
271.82;-220.0;300.67256980723664;213.26694572489163
271.76;-220.0;300.67256980723664;213.26694572489163
271.58;-220.0;300.67256980723664;213.26694572489163
271.53;-220.0;300.67256980723664;213.26694572489163
272.15;-220.0;300.67256980723664;213.26694572489163
272.58;-220.0;300.67256980723664;213.26694572489163
273.83;-220.0;300.67256980723664;213.26694572489163
273.18;-220.0;300.67256980723664;213.26694572489163
272.14;-220.0;300.67256980723664;213.26694572489163
272.27;-220.0;300.67256980723664;213.26694572489163
273.66;-220.0;300.67256980723664;213.26694572489163
272.97;-220.0;300.67256980723664;213.26694572489163
273.58;-220.0;300.67256980723664;213.26694572489163
274.25;-220.0;300.67256980723664;213.26694572489163
276.15;-220.0;300.67256980723664;213.26694572489163
274.98;-220.0;300.67256980723664;213.26694572489163
275.89;-220.0;300.67256980723664;213.26694572489163
276.27;-220.0;300.67256980723664;213.26694572489163
276.41;-220.0;300.67256980723664;213.26694572489163
275.72;-220.0;300.67256980723664;213.26694572489163
276.14;-220.0;300.67256980723664;213.26694572489163
277.52;-220.0;300.67256980723664;213.26694572489163
277.77;-220.0;300.67256980723664;213.26694572489163
276.42;-220.0;300.67256980723664;213.26694572489163
276.06;-220.0;300.67256980723664;213.26694572489163
277.59;-220.0;300.67256980723664;213.26694572489163
278.29;-220.0;300.67256980723664;213.26694572489163
277.08;-220.0;300.67256980723664;213.26694572489163
275.0;-220.0;300.67256980723664;213.26694572489163
273.39;-220.0;300.67256980723664;213.26694572489163
273.41;-220.0;300.67256980723664;213.26694572489163
272.84;-220.0;300.67256980723664;213.26694572489163
270.56;-220.0;300.67256980723664;213.26694572489163
269.38;-220.0;300.67256980723664;213.26694572489163
268.52;-220.0;300.67256980723664;213.26694572489163
268.85;-220.0;300.67256980723664;213.26694572489163
267.87;-220.0;300.67256980723664;213.26694572489163
266.81;-220.0;300.67256980723664;213.26694572489163
266.49;-220.0;300.67256980723664;213.26694572489163
266.07;-220.0;300.67256980723664;213.26694572489163
263.92;-220.0;300.67256980723664;213.26694572489163
263.91;-220.0;300.67256980723664;213.26694572489163
263.55;-220.0;300.67256980723664;213.26694572489163
264.23;-220.0;300.67256980723664;213.26694572489163
262.7;-220.0;300.67256980723664;213.26694572489163
260.19;-220.0;300.67256980723664;213.26694572489163
258.45;-220.0;300.67256980723664;213.26694572489163
258.19;-220.0;300.67256980723664;213.26694572489163
256.85;-219.9714;300.67256980723664;213.26694572489163
255.72;-220.0;300.67256980723664;213.26694572489163
253.15;-220.0;300.67256980723664;213.26694572489163
255.28;-219.9714;300.67256980723664;213.26694572489163
255.23;-219.9714;300.67256980723664;213.26694572489163
255.66;-220.0;300.67256980723664;213.26694572489163
255.76;-220.0;300.67256980723664;213.26694572489163
254.32;-220.0;300.67256980723664;213.26694572489163
251.66;-219.9714;300.67256980723664;213.26694572489163
250.4;-220.0;300.67256980723664;213.26694572489163
250.87;-219.9714;300.67256980723664;213.26694572489163
249.72;-219.9714;300.67256980723664;213.26694572489163
247.59;-219.9714;300.67256980723664;213.26694572489163
246.68;-219.9714;300.67256980723664;213.26694572489163
246.68;-219.9714;300.67256980723664;213.26694572489163
245.97;-219.9429;300.67256980723664;213.26694572489163
243.12;-219.9429;300.67256980723664;213.26694572489163
243.41;-219.9429;300.67256980723664;213.26694572489163
243.4;-219.9429;300.67256980723664;213.26694572489163
244.56;-219.9429;300.67256980723664;213.26694572489163
242.05;-219.9429;300.67256980723664;213.26694572489163
240.22;-219.9429;300.67256980723664;213.26694572489163
241.23;-219.9429;300.67256980723664;213.26694572489163
241.31;-219.9143;300.67256980723664;213.26694572489163
240.55;-219.9429;300.67256980723664;213.26694572489163
240.76;-219.9143;300.67256980723664;213.26694572489163
238.67;-219.9143;300.67256980723664;213.26694572489163
237.93;-219.8286;300.67256980723664;213.26694572489163
237.21;-219.2;300.67256980723664;213.26694572489163
235.1;-219.9143;300.67256980723664;213.26694572489163
234.35;-219.8571;300.67256980723664;213.26694572489163
233.51;-218.2571;300.67256980723664;213.26694572489163
232.53;-218.1143;300.67256980723664;213.26694572489163
231.53;-217.4286;300.67256980723664;213.26694572489163
229.88;-216.8571;300.67256980723664;213.26694572489163
229.85;-218.1429;300.67256980723664;213.26694572489163
230.68;-217.8571;300.67256980723664;213.26694572489163
231.21;-217.0571;300.67256980723664;213.26694572489163
231.0;-217.4571;300.67256980723664;213.26694572489163
230.46;-217.9429;300.67256980723664;213.26694572489163
229.82;-217.8;300.67256980723664;213.26694572489163
228.21;-217.6;300.67256980723664;213.26694572489163
228.04;-217.0286;300.67256980723664;213.26694572489163
228.09;-216.5429;300.67256980723664;213.26694572489163
228.23;-216.4571;300.67256980723664;213.26694572489163
228.18;-216.9143;300.67256980723664;213.26694572489163
226.96;-216.6571;300.67256980723664;213.26694572489163
224.84;-215.8286;300.67256980723664;213.26694572489163
223.79;-216.3429;300.67256980723664;213.26694572489163
223.72;-215.7429;300.67256980723664;213.26694572489163
222.31;-214.1714;300.67256980723664;213.26694572489163
221.78;-214.6571;300.67256980723664;213.26694572489163
220.97;-212.8;300.67256980723664;213.26694572489163
221.35;-212.5429;300.67256980723664;213.26694572489163
220.62;-213.2857;300.67256980723664;213.26694572489163
218.96;-213.1143;300.67256980723664;213.26694572489163
218.95;-212.4;300.67256980723664;213.26694572489163
219.07;-211.9429;300.67256980723664;213.26694572489163
218.92;-214.6;300.67256980723664;213.26694572489163
218.3;-212.2286;300.67256980723664;213.26694572489163
216.99;-209.9429;300.67256980723664;213.26694572489163
214.6;-210.5143;300.67256980723664;213.26694572489163
212.7;-206.3143;300.67256980723664;213.26694572489163
213.63;-206.5143;300.67256980723664;213.26694572489163
213.81;-207.1429;300.67256980723664;213.26694572489163
212.44;-207.5143;300.67256980723664;213.26694572489163
211.0;-203.8286;300.67256980723664;213.26694572489163
210.12;-206.0286;300.67256980723664;213.26694572489163
210.03;-204.0286;300.67256980723664;213.26694572489163
210.21;-201.7714;300.67256980723664;213.26694572489163
209.13;-202.3143;300.67256980723664;213.26694572489163
208.84;-201.6571;300.67256980723664;213.26694572489163
208.78;-200.5714;300.67256980723664;213.26694572489163
207.99;-200.8;300.67256980723664;213.26694572489163
207.38;-201.3143;300.67256980723664;213.26694572489163
206.67;-199.5714;300.67256980723664;213.26694572489163
206.04;-200.2286;300.67256980723664;213.26694572489163
204.23;-197.7429;300.67256980723664;213.26694572489163
205.13;-197.5714;300.67256980723664;213.26694572489163
204.1;-198.8857;300.67256980723664;213.26694572489163
203.08;-196.1429;300.67256980723664;213.26694572489163
202.92;-196.3143;300.67256980723664;213.26694572489163
202.19;-196.4857;300.67256980723664;213.26694572489163
200.45;-195.0857;300.67256980723664;213.26694572489163
494.85;-195.9714;300.67256980723664;213.26694572489163
300.29;-195.4286;300.67256980723664;213.26694572489163
392.45;-193.4;300.67256980723664;213.26694572489163
3.33;-194.6;300.67256980723664;213.26694572489163
187.65;-193.0857;300.67256980723664;213.26694572489163
49.4;-191.9429;300.67256980723664;213.26694572489163
648.44;-192.2857;300.67256980723664;213.26694572489163
412.92;-190.2571;300.67256980723664;213.26694572489163
64.75;-191.3714;300.67256980723664;213.26694572489163
553.72;-189.3429;300.67256980723664;213.26694572489163
249.07;-190.2857;300.67256980723664;213.26694572489163
576.75;-190.0;300.67256980723664;213.26694572489163
364.27;-187.7143;300.67256980723664;213.26694572489163
113.39;-188.9429;300.67256980723664;213.26694572489163
190.19;-189.5714;300.67256980723664;213.26694572489163
46.82;-186.6286;300.67256980723664;213.26694572489163
622.82;-187.8;300.67256980723664;213.26694572489163
330.98;-187.2857;300.67256980723664;213.26694572489163
90.34;-185.4571;300.67256980723664;213.26694572489163
54.49;-184.3143;300.67256980723664;213.26694572489163
348.89;-185.3143;300.67256980723664;213.26694572489163
330.97;-185.4;300.67256980723664;213.26694572489163
72.41;-184.1429;300.67256980723664;213.26694572489163
177.37;-184.0571;300.67256980723664;213.26694572489163
290.01;-183.8571;300.67256980723664;213.26694572489163
34.0;-183.4571;300.67256980723664;213.26694572489163
589.52;-181.8286;300.67256980723664;213.26694572489163
315.59;-179.2286;300.67256980723664;213.26694572489163
576.71;-179.6;300.67256980723664;213.26694572489163
397.51;-180.9714;300.67256980723664;213.26694572489163
515.27;-180.2571;300.67256980723664;213.26694572489163
208.06;-180.0571;300.67256980723664;213.26694572489163
615.11;-178.8857;300.67256980723664;213.26694572489163
77.51;-179.4;300.67256980723664;213.26694572489163
64.7;-178.3143;300.67256980723664;213.26694572489163
556.22;-176.6571;300.67256980723664;213.26694572489163
566.46;-177.0857;300.67256980723664;213.26694572489163
464.06;-177.3429;300.67256980723664;213.26694572489163
246.45;-176.4286;300.67256980723664;213.26694572489163
569.01;-176.4;300.67256980723664;213.26694572489163
461.49;-175.3714;300.67256980723664;213.26694572489163
492.21;-175.1714;300.67256980723664;213.26694572489163
397.49;-174.5714;300.67256980723664;213.26694572489163
210.61;-174.1714;300.67256980723664;213.26694572489163
26.28;-173.0857;300.67256980723664;213.26694572489163
389.8;-173.7714;300.67256980723664;213.26694572489163
574.12;-172.0;300.67256980723664;213.26694572489163
394.92;-172.9714;300.67256980723664;213.26694572489163
279.72;-172.2571;300.67256980723664;213.26694572489163
218.28;-170.4571;300.67256980723664;213.26694572489163
21.15;-171.6;300.67256980723664;213.26694572489163
515.23;-170.5429;300.67256980723664;213.26694572489163
310.43;-170.4857;300.67256980723664;213.26694572489163
126.11;-171.2571;300.67256980723664;213.26694572489163
225.95;-170.5714;300.67256980723664;213.26694572489163
274.59;-169.4286;300.67256980723664;213.26694572489163
246.43;-169.3143;300.67256980723664;213.26694572489163
126.1;-168.0571;300.67256980723664;213.26694572489163
571.54;-167.9143;300.67256980723664;213.26694572489163
538.26;-166.7143;300.67256980723664;213.26694572489163
420.5;-166.4;300.67256980723664;213.26694572489163
443.54;-166.7143;300.67256980723664;213.26694572489163
348.82;-166.5714;300.67256980723664;213.26694572489163
72.33;-167.3143;300.67256980723664;213.26694572489163
586.89;-166.6571;300.67256980723664;213.26694572489163
558.73;-165.6286;300.67256980723664;213.26694572489163
325.77;-166.4286;300.67256980723664;213.26694572489163
41.6;-165.1143;300.67256980723664;213.26694572489163
499.84;-164.6;300.67256980723664;213.26694572489163
312.96;-165.0571;300.67256980723664;213.26694572489163
223.36;-162.8857;300.67256980723664;213.26694572489163
333.44;-164.7143;300.67256980723664;213.26694572489163
243.84;-162.7143;300.67256980723664;213.26694572489163
92.79;-161.9143;300.67256980723664;213.26694572489163
543.35;-161.7429;300.67256980723664;213.26694572489163
412.79;-160.3714;300.67256980723664;213.26694572489163
443.51;-160.0857;300.67256980723664;213.26694572489163
412.79;-160.2286;300.67256980723664;213.26694572489163
325.75;-160.8571;300.67256980723664;213.26694572489163
13.42;-160.3714;300.67256980723664;213.26694572489163
512.62;-159.2286;300.67256980723664;213.26694572489163
463.98;-158.8;300.67256980723664;213.26694572489163
543.34;-158.1429;300.67256980723664;213.26694572489163
348.78;-158.7143;300.67256980723664;213.26694572489163
92.78;-158.0857;300.67256980723664;213.26694572489163
95.34;-158.0857;300.67256980723664;213.26694572489163
69.73;-157.3714;300.67256980723664;213.26694572489163
597.09;-155.3714;300.67256980723664;213.26694572489163
507.49;-156.7143;300.67256980723664;213.26694572489163
266.85;-155.9429;300.67256980723664;213.26694572489163
241.24;-155.6286;300.67256980723664;213.26694572489163
653.4;-154.6;300.67256980723664;213.26694572489163
535.64;-155.3143;300.67256980723664;213.26694572489163
558.68;-155.2857;300.67256980723664;213.26694572489163
394.84;-154.1429;300.67256980723664;213.26694572489163
338.52;-154.1429;300.67256980723664;213.26694572489163
387.16;-154.4857;300.67256980723664;213.26694572489163
246.36;-153.7143;300.67256980723664;213.26694572489163
31.31;-152.0571;300.67256980723664;213.26694572489163
538.19;-151.6857;300.67256980723664;213.26694572489163
499.79;-152.0571;300.67256980723664;213.26694572489163
261.71;-153.7429;300.67256980723664;213.26694572489163
49.22;-151.6;300.67256980723664;213.26694572489163
589.39;-151.9429;300.67256980723664;213.26694572489163
31.3;-151.3429;300.67256980723664;213.26694572489163
620.1;-151.0286;300.67256980723664;213.26694572489163
453.7;-150.9143;300.67256980723664;213.26694572489163
358.98;-149.4857;300.67256980723664;213.26694572489163
172.1;-148.6571;300.67256980723664;213.26694572489163
102.97;-146.8571;300.67256980723664;213.26694572489163
640.57;-148.3714;300.67256980723664;213.26694572489163
382.01;-147.9143;300.67256980723664;213.26694572489163
294.97;-148.1143;300.67256980723664;213.26694572489163
33.84;-146.6857;300.67256980723664;213.26694572489163
576.56;-145.7714;300.67256980723664;213.26694572489163
399.92;-145.5714;300.67256980723664;213.26694572489163
553.52;-145.3143;300.67256980723664;213.26694572489163
591.92;-145.5143;300.67256980723664;213.26694572489163
638.0;-145.7714;300.67256980723664;213.26694572489163
512.56;-143.4857;300.67256980723664;213.26694572489163
379.44;-142.2571;300.67256980723664;213.26694572489163
341.04;-141.1429;300.67256980723664;213.26694572489163
241.2;-142.9143;300.67256980723664;213.26694572489163
189.99;-142.8571;300.67256980723664;213.26694572489163
648.23;-143.1429;300.67256980723664;213.26694572489163
461.35;-143.2286;300.67256980723664;213.26694572489163
202.79;-142.5429;300.67256980723664;213.26694572489163
36.39;-141.9714;300.67256980723664;213.26694572489163
44.07;-143.0571;300.67256980723664;213.26694572489163
123.43;-142.0;300.67256980723664;213.26694572489163
251.43;-142.2571;300.67256980723664;213.26694572489163
85.02;-141.4571;300.67256980723664;213.26694572489163
627.74;-140.4286;300.67256980723664;213.26694572489163
469.02;-139.4286;300.67256980723664;213.26694572489163
320.54;-139.6286;300.67256980723664;213.26694572489163
195.1;-138.4571;300.67256980723664;213.26694572489163
210.46;-140.1429;300.67256980723664;213.26694572489163
169.5;-138.4;300.67256980723664;213.26694572489163
38.93;-137.3714;300.67256980723664;213.26694572489163
384.53;-137.9429;300.67256980723664;213.26694572489163
125.96;-136.9143;300.67256980723664;213.26694572489163
609.8;-135.7429;300.67256980723664;213.26694572489163
602.13;-137.0857;300.67256980723664;213.26694572489163
59.4;-136.7429;300.67256980723664;213.26694572489163
607.24;-135.6857;300.67256980723664;213.26694572489163
430.6;-134.8571;300.67256980723664;213.26694572489163
584.21;-134.7143;300.67256980723664;213.26694572489163
69.64;-134.1429;300.67256980723664;213.26694572489163
476.68;-134.0857;300.67256980723664;213.26694572489163
284.68;-133.2286;300.67256980723664;213.26694572489163
256.52;-132.8571;300.67256980723664;213.26694572489163
169.48;-132.0286;300.67256980723664;213.26694572489163
148.99;-132.9429;300.67256980723664;213.26694572489163
568.83;-132.6286;300.67256980723664;213.26694572489163
381.95;-131.7429;300.67256980723664;213.26694572489163
300.03;-131.3714;300.67256980723664;213.26694572489163
256.51;-129.9714;300.67256980723664;213.26694572489163
113.15;-130.6;300.67256980723664;213.26694572489163
182.27;-130.5714;300.67256980723664;213.26694572489163
87.54;-130.0857;300.67256980723664;213.26694572489163
489.46;-129.9714;300.67256980723664;213.26694572489163
492.03;-129.7714;300.67256980723664;213.26694572489163
3.06;-129.3429;300.67256980723664;213.26694572489163
517.62;-129.0571;300.67256980723664;213.26694572489163
486.9;-128.3714;300.67256980723664;213.26694572489163
471.54;-128.8857;300.67256980723664;213.26694572489163
440.82;-128.6857;300.67256980723664;213.26694572489163
384.5;-125.6857;300.67256980723664;213.26694572489163
300.02;-127.1143;300.67256980723664;213.26694572489163
228.34;-127.6;300.67256980723664;213.26694572489163
56.81;-126.9714;300.67256980723664;213.26694572489163
241.13;-126.8286;300.67256980723664;213.26694572489163
125.93;-127.0;300.67256980723664;213.26694572489163
125.93;-126.8;300.67256980723664;213.26694572489163
102.89;-126.7429;300.67256980723664;213.26694572489163
87.53;-125.9714;300.67256980723664;213.26694572489163
26.09;-124.7143;300.67256980723664;213.26694572489163
5.6;-123.9429;300.67256980723664;213.26694572489163
627.69;-122.3714;300.67256980723664;213.26694572489163
33.76;-122.5429;300.67256980723664;213.26694572489163
576.48;-122.8;300.67256980723664;213.26694572489163
276.95;-123.3429;300.67256980723664;213.26694572489163
637.91;-121.8571;300.67256980723664;213.26694572489163
640.48;-122.7143;300.67256980723664;213.26694572489163
97.76;-123.3429;300.67256980723664;213.26694572489163
125.91;-123.4571;300.67256980723664;213.26694572489163
607.19;-122.6;300.67256980723664;213.26694572489163
509.91;-121.4286;300.67256980723664;213.26694572489163
448.47;-119.8286;300.67256980723664;213.26694572489163
484.31;-120.4286;300.67256980723664;213.26694572489163
463.83;-120.5714;300.67256980723664;213.26694572489163
266.71;-120.5143;300.67256980723664;213.26694572489163
49.11;-120.8857;300.67256980723664;213.26694572489163
18.39;-119.6571;300.67256980723664;213.26694572489163
23.5;-118.6286;300.67256980723664;213.26694572489163
591.82;-119.2;300.67256980723664;213.26694572489163
407.5;-119.2;300.67256980723664;213.26694572489163
363.98;-118.6286;300.67256980723664;213.26694572489163
325.58;-116.3714;300.67256980723664;213.26694572489163
389.58;-116.1143;300.67256980723664;213.26694572489163
376.78;-116.8;300.67256980723664;213.26694572489163
320.45;-116.8857;300.67256980723664;213.26694572489163
648.14;-116.4857;300.67256980723664;213.26694572489163
59.34;-116.1714;300.67256980723664;213.26694572489163
61.89;-115.5429;300.67256980723664;213.26694572489163
627.65;-115.3429;300.67256980723664;213.26694572489163
471.49;-116.6857;300.67256980723664;213.26694572489163
376.77;-116.8571;300.67256980723664;213.26694572489163
282.05;-115.2857;300.67256980723664;213.26694572489163
259.01;-114.3429;300.67256980723664;213.26694572489163
207.81;-114.6571;300.67256980723664;213.26694572489163
61.89;-114.6571;300.67256980723664;213.26694572489163
90.04;-114.1714;300.67256980723664;213.26694572489163
499.64;-114.2;300.67256980723664;213.26694572489163
371.64;-113.3714;300.67256980723664;213.26694572489163
266.68;-112.8857;300.67256980723664;213.26694572489163
189.88;-112.3429;300.67256980723664;213.26694572489163
110.52;-111.5143;300.67256980723664;213.26694572489163
192.44;-110.9429;300.67256980723664;213.26694572489163
128.44;-110.7429;300.67256980723664;213.26694572489163
105.39;-110.4286;300.67256980723664;213.26694572489163
617.39;-110.5143;300.67256980723664;213.26694572489163
402.35;-110.5143;300.67256980723664;213.26694572489163
248.75;-110.0;300.67256980723664;213.26694572489163
284.59;-109.8;300.67256980723664;213.26694572489163
120.75;-110.6286;300.67256980723664;213.26694572489163
79.79;-110.3143;300.67256980723664;213.26694572489163
5.55;-109.0857;300.67256980723664;213.26694572489163
56.74;-109.3429;300.67256980723664;213.26694572489163
650.66;-108.7429;300.67256980723664;213.26694572489163
604.58;-108.4286;300.67256980723664;213.26694572489163
494.5;-107.9429;300.67256980723664;213.26694572489163
343.46;-106.8571;300.67256980723664;213.26694572489163
397.22;-107.4;300.67256980723664;213.26694572489163
425.38;-106.8571;300.67256980723664;213.26694572489163
305.06;-107.4286;300.67256980723664;213.26694572489163
105.38;-106.3714;300.67256980723664;213.26694572489163
18.33;-106.7429;300.67256980723664;213.26694572489163
527.77;-106.2;300.67256980723664;213.26694572489163
381.85;-106.2857;300.67256980723664;213.26694572489163
427.93;-104.8571;300.67256980723664;213.26694572489163
448.41;-104.8571;300.67256980723664;213.26694572489163
269.21;-104.6286;300.67256980723664;213.26694572489163
276.89;-103.9143;300.67256980723664;213.26694572489163
294.81;-104.6286;300.67256980723664;213.26694572489163
279.45;-103.9714;300.67256980723664;213.26694572489163
205.21;-103.7429;300.67256980723664;213.26694572489163
179.61;-103.5143;300.67256980723664;213.26694572489163
5.52;-103.1714;300.67256980723664;213.26694572489163
617.37;-102.6857;300.67256980723664;213.26694572489163
13.2;-102.4;300.67256980723664;213.26694572489163
642.96;-103.0571;300.67256980723664;213.26694572489163
458.64;-102.0;300.67256980723664;213.26694572489163
279.44;-102.9429;300.67256980723664;213.26694572489163
243.6;-102.1143;300.67256980723664;213.26694572489163
253.84;-101.9143;300.67256980723664;213.26694572489163
279.44;-100.8857;300.67256980723664;213.26694572489163
307.6;-100.7714;300.67256980723664;213.26694572489163
297.36;-99.7143;300.67256980723664;213.26694572489163
84.87;-100.1429;300.67256980723664;213.26694572489163
625.03;-100.5714;300.67256980723664;213.26694572489163
581.51;-100.4571;300.67256980723664;213.26694572489163
479.11;-100.3714;300.67256980723664;213.26694572489163
366.47;-100.4286;300.67256980723664;213.26694572489163
322.95;-99.4857;300.67256980723664;213.26694572489163
315.27;-99.9143;300.67256980723664;213.26694572489163
310.15;-99.1429;300.67256980723664;213.26694572489163
243.59;-99.0571;300.67256980723664;213.26694572489163
115.59;-98.0;300.67256980723664;213.26694572489163
130.95;-98.3143;300.67256980723664;213.26694572489163
166.79;-98.2286;300.67256980723664;213.26694572489163
5.5;-98.5714;300.67256980723664;213.26694572489163
433.02;-98.6857;300.67256980723664;213.26694572489163
504.7;-97.1143;300.67256980723664;213.26694572489163
650.63;-97.6286;300.67256980723664;213.26694572489163
72.06;-96.4;300.67256980723664;213.26694572489163
632.7;-96.5429;300.67256980723664;213.26694572489163
379.26;-97.0857;300.67256980723664;213.26694572489163
276.86;-96.3143;300.67256980723664;213.26694572489163
233.34;-96.2286;300.67256980723664;213.26694572489163
77.17;-96.4857;300.67256980723664;213.26694572489163
609.65;-96.3143;300.67256980723664;213.26694572489163
502.13;-96.2286;300.67256980723664;213.26694572489163
348.53;-96.2571;300.67256980723664;213.26694572489163
340.85;-94.9714;300.67256980723664;213.26694572489163
338.29;-94.6571;300.67256980723664;213.26694572489163
266.61;-94.2571;300.67256980723664;213.26694572489163
258.93;-93.0286;300.67256980723664;213.26694572489163
233.33;-92.7143;300.67256980723664;213.26694572489163
258.93;-92.8286;300.67256980723664;213.26694572489163
243.57;-92.8857;300.67256980723664;213.26694572489163
177.01;-92.7143;300.67256980723664;213.26694572489163
77.17;-92.6571;300.67256980723664;213.26694572489163
43.89;-93.0571;300.67256980723664;213.26694572489163
59.24;-93.0571;300.67256980723664;213.26694572489163
622.44;-92.7429;300.67256980723664;213.26694572489163
578.92;-92.4571;300.67256980723664;213.26694572489163
499.56;-92.6286;300.67256980723664;213.26694572489163
443.24;-91.7714;300.67256980723664;213.26694572489163
479.08;-91.8857;300.67256980723664;213.26694572489163
343.4;-92.2857;300.67256980723664;213.26694572489163
358.76;-92.1429;300.67256980723664;213.26694572489163
340.84;-92.0;300.67256980723664;213.26694572489163
297.32;-91.4857;300.67256980723664;213.26694572489163
274.28;-90.8;300.67256980723664;213.26694572489163
217.96;-90.8286;300.67256980723664;213.26694572489163
115.56;-90.5429;300.67256980723664;213.26694572489163
123.24;-89.9714;300.67256980723664;213.26694572489163
15.71;-90.6286;300.67256980723664;213.26694572489163
637.79;-91.1429;300.67256980723664;213.26694572489163
555.87;-90.5429;300.67256980723664;213.26694572489163
310.11;-90.8286;300.67256980723664;213.26694572489163
238.43;-90.4286;300.67256980723664;213.26694572489163
92.5;-90.2571;300.67256980723664;213.26694572489163
653.14;-90.0286;300.67256980723664;213.26694572489163
571.22;-89.9429;300.67256980723664;213.26694572489163
415.06;-89.5143;300.67256980723664;213.26694572489163
353.62;-88.1429;300.67256980723664;213.26694572489163
269.14;-88.3429;300.67256980723664;213.26694572489163
325.46;-87.6571;300.67256980723664;213.26694572489163
404.82;-87.6;300.67256980723664;213.26694572489163
368.98;-87.3143;300.67256980723664;213.26694572489163
297.3;-86.9143;300.67256980723664;213.26694572489163
151.38;-86.0571;300.67256980723664;213.26694572489163
84.82;-85.9429;300.67256980723664;213.26694572489163
51.53;-86.0571;300.67256980723664;213.26694572489163
612.17;-86.2286;300.67256980723664;213.26694572489163
507.21;-86.2;300.67256980723664;213.26694572489163
502.09;-85.3429;300.67256980723664;213.26694572489163
438.09;-85.2286;300.67256980723664;213.26694572489163
473.93;-85.4857;300.67256980723664;213.26694572489163
466.25;-85.9429;300.67256980723664;213.26694572489163
422.73;-85.6857;300.67256980723664;213.26694572489163
415.05;-84.4;300.67256980723664;213.26694572489163
304.97;-83.7714;300.67256980723664;213.26694572489163
274.25;-84.3429;300.67256980723664;213.26694572489163
276.81;-84.4571;300.67256980723664;213.26694572489163
299.85;-84.3429;300.67256980723664;213.26694572489163
264.01;-84.4857;300.67256980723664;213.26694572489163
77.12;-83.8;300.67256980723664;213.26694572489163
560.96;-84.2571;300.67256980723664;213.26694572489163
473.92;-83.6857;300.67256980723664;213.26694572489163
450.88;-83.2286;300.67256980723664;213.26694572489163
430.4;-83.6286;300.67256980723664;213.26694572489163
312.64;-83.3429;300.67256980723664;213.26694572489163
228.16;-83.0857;300.67256980723664;213.26694572489163
200.0;-81.6857;300.67256980723664;213.26694572489163
256.32;-81.2;300.67256980723664;213.26694572489163
230.72;-81.2286;300.67256980723664;213.26694572489163
194.88;-81.2571;300.67256980723664;213.26694572489163
184.64;-81.2857;300.67256980723664;213.26694572489163
148.8;-81.1429;300.67256980723664;213.26694572489163
56.64;-80.2286;300.67256980723664;213.26694572489163
18.23;-80.7714;300.67256980723664;213.26694572489163
578.87;-81.0286;300.67256980723664;213.26694572489163
448.31;-80.6857;300.67256980723664;213.26694572489163
445.75;-80.1714;300.67256980723664;213.26694572489163
391.99;-80.1429;300.67256980723664;213.26694572489163
304.95;-79.9429;300.67256980723664;213.26694572489163
312.63;-79.4;300.67256980723664;213.26694572489163
312.63;-79.1143;300.67256980723664;213.26694572489163
284.47;-78.8857;300.67256980723664;213.26694572489163
261.43;-78.5143;300.67256980723664;213.26694572489163
248.63;-78.8286;300.67256980723664;213.26694572489163
202.55;-78.7714;300.67256980723664;213.26694572489163
141.11;-78.7714;300.67256980723664;213.26694572489163
100.15;-78.3143;300.67256980723664;213.26694572489163
156.47;-78.5429;300.67256980723664;213.26694572489163
120.62;-78.3429;300.67256980723664;213.26694572489163
630.06;-78.0571;300.67256980723664;213.26694572489163
555.82;-77.9143;300.67256980723664;213.26694572489163
560.94;-76.9429;300.67256980723664;213.26694572489163
430.38;-77.3714;300.67256980723664;213.26694572489163
325.42;-77.6857;300.67256980723664;213.26694572489163
217.9;-77.1143;300.67256980723664;213.26694572489163
194.86;-77.0286;300.67256980723664;213.26694572489163
110.38;-76.9143;300.67256980723664;213.26694572489163
156.46;-77.0571;300.67256980723664;213.26694572489163
133.42;-76.8286;300.67256980723664;213.26694572489163
31.02;-75.9429;300.67256980723664;213.26694572489163
25.89;-75.6;300.67256980723664;213.26694572489163
635.18;-75.3429;300.67256980723664;213.26694572489163
18.21;-75.3143;300.67256980723664;213.26694572489163
578.85;-74.7143;300.67256980723664;213.26694572489163
532.77;-74.8286;300.67256980723664;213.26694572489163
486.69;-74.4286;300.67256980723664;213.26694572489163
425.25;-74.6571;300.67256980723664;213.26694572489163
389.41;-74.4571;300.67256980723664;213.26694572489163
368.93;-74.6286;300.67256980723664;213.26694572489163
351.01;-74.1714;300.67256980723664;213.26694572489163
320.29;-74.4857;300.67256980723664;213.26694572489163
263.97;-73.9429;300.67256980723664;213.26694572489163
174.37;-73.6857;300.67256980723664;213.26694572489163
161.57;-73.7714;300.67256980723664;213.26694572489163
48.93;-73.3143;300.67256980723664;213.26694572489163
20.76;-73.4571;300.67256980723664;213.26694572489163
627.48;-73.0286;300.67256980723664;213.26694572489163
555.8;-73.0571;300.67256980723664;213.26694572489163
560.92;-72.8571;300.67256980723664;213.26694572489163
532.76;-72.2857;300.67256980723664;213.26694572489163
494.36;-71.9429;300.67256980723664;213.26694572489163
417.56;-71.7143;300.67256980723664;213.26694572489163
294.68;-71.4857;300.67256980723664;213.26694572489163
199.96;-71.5714;300.67256980723664;213.26694572489163
174.36;-71.5143;300.67256980723664;213.26694572489163
146.2;-71.7714;300.67256980723664;213.26694572489163
148.76;-71.6857;300.67256980723664;213.26694572489163
130.84;-71.6571;300.67256980723664;213.26694572489163
79.63;-70.8857;300.67256980723664;213.26694572489163
619.79;-70.2;300.67256980723664;213.26694572489163
591.63;-69.8;300.67256980723664;213.26694572489163
645.4;-69.6286;300.67256980723664;213.26694572489163
5.39;-69.3429;300.67256980723664;213.26694572489163
617.23;-69.6857;300.67256980723664;213.26694572489163
560.91;-70.0;300.67256980723664;213.26694572489163
414.99;-69.3714;300.67256980723664;213.26694572489163
274.19;-68.8857;300.67256980723664;213.26694572489163
302.35;-69.1429;300.67256980723664;213.26694572489163
251.15;-69.2571;300.67256980723664;213.26694572489163
179.47;-69.1714;300.67256980723664;213.26694572489163
115.47;-68.8;300.67256980723664;213.26694572489163
120.59;-68.4857;300.67256980723664;213.26694572489163
61.71;-67.7429;300.67256980723664;213.26694572489163
74.5;-67.8571;300.67256980723664;213.26694572489163
627.46;-67.8286;300.67256980723664;213.26694572489163
576.26;-67.4857;300.67256980723664;213.26694572489163
504.58;-67.1714;300.67256980723664;213.26694572489163
453.38;-67.7143;300.67256980723664;213.26694572489163
350.98;-67.7143;300.67256980723664;213.26694572489163
284.42;-67.7143;300.67256980723664;213.26694572489163
212.74;-67.1429;300.67256980723664;213.26694572489163
171.78;-66.7714;300.67256980723664;213.26694572489163
158.98;-66.3714;300.67256980723664;213.26694572489163
130.82;-65.8857;300.67256980723664;213.26694572489163
123.14;-65.7714;300.67256980723664;213.26694572489163
112.9;-65.8857;300.67256980723664;213.26694572489163
71.94;-65.4571;300.67256980723664;213.26694572489163
64.26;-65.2857;300.67256980723664;213.26694572489163
51.46;-65.2857;300.67256980723664;213.26694572489163
2.82;-65.5429;300.67256980723664;213.26694572489163
18.17;-65.3143;300.67256980723664;213.26694572489163
640.25;-64.8;300.67256980723664;213.26694572489163
550.65;-64.7714;300.67256980723664;213.26694572489163
453.37;-64.9143;300.67256980723664;213.26694572489163
417.53;-64.8286;300.67256980723664;213.26694572489163
363.77;-64.9429;300.67256980723664;213.26694572489163
330.49;-64.8857;300.67256980723664;213.26694572489163
286.97;-64.8857;300.67256980723664;213.26694572489163
228.09;-64.1714;300.67256980723664;213.26694572489163
158.97;-63.8571;300.67256980723664;213.26694572489163
138.48;-63.4571;300.67256980723664;213.26694572489163
630.0;-63.3429;300.67256980723664;213.26694572489163
599.28;-63.6286;300.67256980723664;213.26694572489163
583.92;-63.3429;300.67256980723664;213.26694572489163
555.76;-63.1429;300.67256980723664;213.26694572489163
548.08;-62.8857;300.67256980723664;213.26694572489163
527.6;-62.4571;300.67256980723664;213.26694572489163
504.56;-61.9429;300.67256980723664;213.26694572489163
461.04;-61.7429;300.67256980723664;213.26694572489163
407.28;-61.7714;300.67256980723664;213.26694572489163
361.2;-61.6286;300.67256980723664;213.26694572489163
384.24;-61.5714;300.67256980723664;213.26694572489163
356.08;-61.4857;300.67256980723664;213.26694572489163
327.92;-61.5714;300.67256980723664;213.26694572489163
304.88;-61.3429;300.67256980723664;213.26694572489163
246.0;-61.0;300.67256980723664;213.26694572489163
228.08;-60.9143;300.67256980723664;213.26694572489163
205.04;-61.1429;300.67256980723664;213.26694572489163
164.08;-61.2;300.67256980723664;213.26694572489163
133.36;-61.0286;300.67256980723664;213.26694572489163
115.44;-60.6;300.67256980723664;213.26694572489163
92.4;-60.6;300.67256980723664;213.26694572489163
38.63;-60.4;300.67256980723664;213.26694572489163
635.11;-60.5714;300.67256980723664;213.26694572489163
612.07;-60.3429;300.67256980723664;213.26694572489163
601.83;-60.0571;300.67256980723664;213.26694572489163
545.51;-59.8286;300.67256980723664;213.26694572489163
491.75;-59.7429;300.67256980723664;213.26694572489163
466.15;-59.6286;300.67256980723664;213.26694572489163
412.39;-59.5143;300.67256980723664;213.26694572489163
338.15;-59.4857;300.67256980723664;213.26694572489163
297.19;-59.3143;300.67256980723664;213.26694572489163
279.27;-59.1143;300.67256980723664;213.26694572489163
235.75;-59.1714;300.67256980723664;213.26694572489163
207.59;-59.0;300.67256980723664;213.26694572489163
141.03;-58.6286;300.67256980723664;213.26694572489163
120.55;-58.4571;300.67256980723664;213.26694572489163
33.51;-58.1143;300.67256980723664;213.26694572489163
25.82;-57.9143;300.67256980723664;213.26694572489163
650.46;-57.8286;300.67256980723664;213.26694572489163
586.46;-57.9143;300.67256980723664;213.26694572489163
540.38;-57.6571;300.67256980723664;213.26694572489163
542.94;-57.4;300.67256980723664;213.26694572489163
481.5;-57.1143;300.67256980723664;213.26694572489163
425.18;-57.0;300.67256980723664;213.26694572489163
350.94;-57.1714;300.67256980723664;213.26694572489163
307.42;-56.7143;300.67256980723664;213.26694572489163
327.9;-56.5714;300.67256980723664;213.26694572489163
276.7;-56.6571;300.67256980723664;213.26694572489163
57.05;-56.5143;300.67256980723664;213.26694572489163
56.9;-56.2571;300.67256980723664;213.26694572489163
56.76;-55.8857;300.67256980723664;213.26694572489163
56.68;-56.0;300.67256980723664;213.26694572489163
56.57;-55.9143;300.67256980723664;213.26694572489163
56.57;-55.7143;300.67256980723664;213.26694572489163
56.4;-55.5714;300.67256980723664;213.26694572489163
56.18;-55.4286;300.67256980723664;213.26694572489163
55.99;-55.2286;300.67256980723664;213.26694572489163
55.91;-55.1143;300.67256980723664;213.26694572489163
55.72;-55.1714;300.67256980723664;213.26694572489163
55.74;-54.9714;300.67256980723664;213.26694572489163
55.47;-54.9429;300.67256980723664;213.26694572489163
55.29;-54.8571;300.67256980723664;213.26694572489163
55.0;-54.5429;300.67256980723664;213.26694572489163
54.95;-54.4286;300.67256980723664;213.26694572489163
54.62;-54.4;300.67256980723664;213.26694572489163
54.65;-54.2286;300.67256980723664;213.26694572489163
54.66;-54.1714;300.67256980723664;213.26694572489163
54.52;-53.9429;300.67256980723664;213.26694572489163
54.25;-53.5143;300.67256980723664;213.26694572489163
54.01;-53.3429;300.67256980723664;213.26694572489163
53.87;-53.4286;300.67256980723664;213.26694572489163
53.65;-53.2286;300.67256980723664;213.26694572489163
53.48;-53.0286;300.67256980723664;213.26694572489163
53.39;-53.0;300.67256980723664;213.26694572489163
53.32;-52.7714;300.67256980723664;213.26694572489163
53.09;-52.7714;300.67256980723664;213.26694572489163
52.91;-52.7143;300.67256980723664;213.26694572489163
52.81;-52.4571;300.67256980723664;213.26694572489163
52.78;-52.3714;300.67256980723664;213.26694572489163
52.59;-52.1143;300.67256980723664;213.26694572489163
52.39;-51.9429;300.67256980723664;213.26694572489163
52.27;-51.8;300.67256980723664;213.26694572489163
52.33;-51.7143;300.67256980723664;213.26694572489163
52.09;-51.5714;300.67256980723664;213.26694572489163
51.78;-51.4571;300.67256980723664;213.26694572489163
51.77;-51.4;300.67256980723664;213.26694572489163
51.38;-51.0857;300.67256980723664;213.26694572489163
51.09;-50.7143;300.67256980723664;213.26694572489163
51.05;-50.7143;300.67256980723664;213.26694572489163
50.91;-50.7143;300.67256980723664;213.26694572489163
50.86;-50.6;300.67256980723664;213.26694572489163
50.73;-50.3429;300.67256980723664;213.26694572489163
50.57;-50.3429;300.67256980723664;213.26694572489163
50.63;-50.1143;300.67256980723664;213.26694572489163
50.58;-49.6286;300.67256980723664;213.26694572489163
50.51;-49.5143;300.67256980723664;213.26694572489163
50.37;-49.5143;300.67256980723664;213.26694572489163
50.23;-49.4;300.67256980723664;213.26694572489163
50.03;-49.3714;300.67256980723664;213.26694572489163
49.86;-49.2857;300.67256980723664;213.26694572489163
49.65;-49.2;300.67256980723664;213.26694572489163
49.49;-49.2571;300.67256980723664;213.26694572489163
49.27;-49.0286;300.67256980723664;213.26694572489163
49.13;-48.8;300.67256980723664;213.26694572489163
49.01;-48.6857;300.67256980723664;213.26694572489163
48.85;-48.5429;300.67256980723664;213.26694572489163
48.82;-48.2286;300.67256980723664;213.26694572489163
48.71;-48.0857;300.67256980723664;213.26694572489163
48.61;-47.9714;300.67256980723664;213.26694572489163
48.47;-47.9429;300.67256980723664;213.26694572489163
48.2;-47.6857;300.67256980723664;213.26694572489163
48.05;-47.7143;300.67256980723664;213.26694572489163
47.96;-47.5429;300.67256980723664;213.26694572489163
47.97;-47.6;300.67256980723664;213.26694572489163
47.95;-47.4857;300.67256980723664;213.26694572489163
47.83;-47.5143;300.67256980723664;213.26694572489163
47.54;-47.2286;300.67256980723664;213.26694572489163
47.43;-47.0;300.67256980723664;213.26694572489163
47.37;-46.7429;300.67256980723664;213.26694572489163
47.18;-46.6857;300.67256980723664;213.26694572489163
46.95;-46.6571;300.67256980723664;213.26694572489163
46.85;-46.6571;300.67256980723664;213.26694572489163
46.72;-46.6286;300.67256980723664;213.26694572489163
46.66;-46.4286;300.67256980723664;213.26694572489163
46.69;-46.3143;300.67256980723664;213.26694572489163
46.48;-46.0857;300.67256980723664;213.26694572489163
46.38;-45.9143;300.67256980723664;213.26694572489163
46.27;-45.6857;300.67256980723664;213.26694572489163
46.04;-45.5429;300.67256980723664;213.26694572489163
45.84;-45.4857;300.67256980723664;213.26694572489163
45.77;-45.4;300.67256980723664;213.26694572489163
45.65;-45.3429;300.67256980723664;213.26694572489163
45.61;-45.2286;300.67256980723664;213.26694572489163
45.51;-45.1429;300.67256980723664;213.26694572489163
45.32;-44.9429;300.67256980723664;213.26694572489163
45.22;-44.9143;300.67256980723664;213.26694572489163
45.27;-44.5429;300.67256980723664;213.26694572489163
45.1;-44.6;300.67256980723664;213.26694572489163
45.01;-44.4857;300.67256980723664;213.26694572489163
44.77;-44.3429;300.67256980723664;213.26694572489163
44.69;-44.1429;300.67256980723664;213.26694572489163
44.5;-44.1429;300.67256980723664;213.26694572489163
44.24;-43.9143;300.67256980723664;213.26694572489163
44.17;-43.9714;300.67256980723664;213.26694572489163
44.25;-43.9714;300.67256980723664;213.26694572489163
44.16;-43.7429;300.67256980723664;213.26694572489163
44.0;-43.8286;300.67256980723664;213.26694572489163
43.7;-43.5143;300.67256980723664;213.26694572489163
43.67;-43.1714;300.67256980723664;213.26694572489163
43.52;-43.1143;300.67256980723664;213.26694572489163
43.43;-43.0;300.67256980723664;213.26694572489163
43.22;-42.9143;300.67256980723664;213.26694572489163
43.07;-42.9714;300.67256980723664;213.26694572489163
42.84;-42.8857;300.67256980723664;213.26694572489163
42.66;-42.6857;300.67256980723664;213.26694572489163
42.63;-42.5429;300.67256980723664;213.26694572489163
42.51;-42.3143;300.67256980723664;213.26694572489163
42.27;-42.2571;300.67256980723664;213.26694572489163
42.06;-42.1429;300.67256980723664;213.26694572489163
41.82;-41.9714;300.67256980723664;213.26694572489163
41.8;-41.6;300.67256980723664;213.26694572489163
41.59;-41.3429;300.67256980723664;213.26694572489163
41.64;-41.2571;300.67256980723664;213.26694572489163
41.64;-41.2857;300.67256980723664;213.26694572489163
41.37;-41.0857;300.67256980723664;213.26694572489163
41.24;-40.8857;300.67256980723664;213.26694572489163
41.11;-40.6857;300.67256980723664;213.26694572489163
40.97;-40.6286;300.67256980723664;213.26694572489163
40.87;-40.4857;300.67256980723664;213.26694572489163
40.75;-40.4;300.67256980723664;213.26694572489163
40.7;-40.2;300.67256980723664;213.26694572489163
40.55;-40.1143;300.67256980723664;213.26694572489163
40.42;-39.9714;300.67256980723664;213.26694572489163
40.24;-39.7714;300.67256980723664;213.26694572489163
40.36;-39.8286;300.67256980723664;213.26694572489163
40.15;-39.6857;300.67256980723664;213.26694572489163
39.99;-39.5143;300.67256980723664;213.26694572489163
39.85;-39.2857;300.67256980723664;213.26694572489163
39.67;-39.2571;300.67256980723664;213.26694572489163
39.49;-39.2857;300.67256980723664;213.26694572489163
39.63;-39.2571;300.67256980723664;213.26694572489163
39.39;-39.2;300.67256980723664;213.26694572489163
39.27;-39.0857;300.67256980723664;213.26694572489163
39.18;-38.9429;300.67256980723664;213.26694572489163
39.18;-38.7143;300.67256980723664;213.26694572489163
39.03;-38.5143;300.67256980723664;213.26694572489163
38.83;-38.5714;300.67256980723664;213.26694572489163
38.68;-38.4571;300.67256980723664;213.26694572489163
38.64;-38.2571;300.67256980723664;213.26694572489163
38.5;-38.1143;300.67256980723664;213.26694572489163
38.27;-38.1143;300.67256980723664;213.26694572489163
38.11;-38.0857;300.67256980723664;213.26694572489163
37.98;-38.0857;300.67256980723664;213.26694572489163
37.86;-37.9143;300.67256980723664;213.26694572489163
37.7;-37.8571;300.67256980723664;213.26694572489163
37.61;-37.7143;300.67256980723664;213.26694572489163
37.49;-37.4571;300.67256980723664;213.26694572489163
37.28;-37.2286;300.67256980723664;213.26694572489163
37.24;-37.2;300.67256980723664;213.26694572489163
37.1;-37.0571;300.67256980723664;213.26694572489163
36.93;-36.9143;300.67256980723664;213.26694572489163
36.78;-36.7429;300.67256980723664;213.26694572489163
36.58;-36.5429;300.67256980723664;213.26694572489163
36.34;-36.5143;300.67256980723664;213.26694572489163
36.32;-36.3143;300.67256980723664;213.26694572489163
36.41;-36.1714;300.67256980723664;213.26694572489163
36.34;-36.1429;300.67256980723664;213.26694572489163
36.24;-36.0;300.67256980723664;213.26694572489163
36.05;-35.9429;300.67256980723664;213.26694572489163
35.86;-35.8;300.67256980723664;213.26694572489163
35.72;-35.7429;300.67256980723664;213.26694572489163
35.63;-35.6571;300.67256980723664;213.26694572489163
35.56;-35.5714;300.67256980723664;213.26694572489163
35.45;-35.4;300.67256980723664;213.26694572489163
35.4;-35.2571;300.67256980723664;213.26694572489163
35.34;-35.0571;300.67256980723664;213.26694572489163
35.28;-34.9714;300.67256980723664;213.26694572489163
35.2;-34.8;300.67256980723664;213.26694572489163
34.99;-34.7714;300.67256980723664;213.26694572489163
34.89;-34.6857;300.67256980723664;213.26694572489163
34.75;-34.5143;300.67256980723664;213.26694572489163
34.65;-34.4571;300.67256980723664;213.26694572489163
34.49;-34.4;300.67256980723664;213.26694572489163
34.25;-34.3714;300.67256980723664;213.26694572489163
34.18;-34.3143;300.67256980723664;213.26694572489163
34.15;-34.2;300.67256980723664;213.26694572489163
34.14;-34.0571;300.67256980723664;213.26694572489163
33.98;-34.0286;300.67256980723664;213.26694572489163
33.89;-34.0286;300.67256980723664;213.26694572489163
33.87;-33.8;300.67256980723664;213.26694572489163
33.72;-33.6;300.67256980723664;213.26694572489163
33.66;-33.4;300.67256980723664;213.26694572489163
33.49;-33.4;300.67256980723664;213.26694572489163
33.32;-33.2571;300.67256980723664;213.26694572489163
33.31;-33.1143;300.67256980723664;213.26694572489163
33.1;-33.0;300.67256980723664;213.26694572489163
33.03;-32.9143;300.67256980723664;213.26694572489163
33.04;-32.8;300.67256980723664;213.26694572489163
32.93;-32.6286;300.67256980723664;213.26694572489163
32.84;-32.4571;300.67256980723664;213.26694572489163
32.69;-32.3429;300.67256980723664;213.26694572489163
32.54;-32.3714;300.67256980723664;213.26694572489163
32.33;-32.1714;300.67256980723664;213.26694572489163
32.04;-32.0857;300.67256980723664;213.26694572489163
32.07;-31.9714;300.67256980723664;213.26694572489163
31.98;-31.8571;300.67256980723664;213.26694572489163
31.95;-31.7143;300.67256980723664;213.26694572489163
31.89;-31.6;300.67256980723664;213.26694572489163
31.78;-31.3714;300.67256980723664;213.26694572489163
31.63;-31.3429;300.67256980723664;213.26694572489163
31.7;-31.1429;300.67256980723664;213.26694572489163
31.55;-31.0857;300.67256980723664;213.26694572489163
31.32;-30.9429;300.67256980723664;213.26694572489163
31.34;-30.8286;300.67256980723664;213.26694572489163
31.15;-30.8571;300.67256980723664;213.26694572489163
31.13;-30.8;300.67256980723664;213.26694572489163
31.06;-30.8;300.67256980723664;213.26694572489163
30.86;-30.7143;300.67256980723664;213.26694572489163
30.84;-30.5429;300.67256980723664;213.26694572489163
30.58;-30.4571;300.67256980723664;213.26694572489163
30.46;-30.4286;300.67256980723664;213.26694572489163
30.3;-30.3429;300.67256980723664;213.26694572489163
30.23;-30.0857;300.67256980723664;213.26694572489163
30.04;-30.0571;300.67256980723664;213.26694572489163
29.94;-29.8857;300.67256980723664;213.26694572489163
29.86;-29.9429;300.67256980723664;213.26694572489163
29.83;-29.8286;300.67256980723664;213.26694572489163
29.92;-29.5714;300.67256980723664;213.26694572489163
29.86;-29.5143;300.67256980723664;213.26694572489163
29.69;-29.4571;300.67256980723664;213.26694572489163
29.44;-29.3714;300.67256980723664;213.26694572489163
29.39;-29.1429;300.67256980723664;213.26694572489163
29.36;-29.0286;300.67256980723664;213.26694572489163
29.27;-29.0;300.67256980723664;213.26694572489163
29.06;-28.9714;300.67256980723664;213.26694572489163
29.06;-28.9143;300.67256980723664;213.26694572489163
29.05;-28.8;300.67256980723664;213.26694572489163
28.91;-28.5714;300.67256980723664;213.26694572489163
28.89;-28.4571;300.67256980723664;213.26694572489163
28.79;-28.3714;300.67256980723664;213.26694572489163
28.57;-28.3143;300.67256980723664;213.26694572489163
28.46;-28.2;300.67256980723664;213.26694572489163
28.41;-28.2286;300.67256980723664;213.26694572489163
28.2;-28.1143;300.67256980723664;213.26694572489163
28.07;-28.0286;300.67256980723664;213.26694572489163
28.05;-27.8857;300.67256980723664;213.26694572489163
27.94;-27.8;300.67256980723664;213.26694572489163
27.85;-27.6286;300.67256980723664;213.26694572489163
27.68;-27.4571;300.67256980723664;213.26694572489163
27.57;-27.4571;300.67256980723664;213.26694572489163
27.51;-27.2857;300.67256980723664;213.26694572489163
27.4;-27.2;300.67256980723664;213.26694572489163
27.36;-27.0857;300.67256980723664;213.26694572489163
27.2;-26.8857;300.67256980723664;213.26694572489163
27.05;-26.8;300.67256980723664;213.26694572489163
26.92;-26.6857;300.67256980723664;213.26694572489163
26.78;-26.5429;300.67256980723664;213.26694572489163
26.78;-26.4857;300.67256980723664;213.26694572489163
26.61;-26.4;300.67256980723664;213.26694572489163
26.59;-26.3143;300.67256980723664;213.26694572489163
26.43;-26.1714;300.67256980723664;213.26694572489163
26.26;-26.1143;300.67256980723664;213.26694572489163
26.01;-25.8857;300.67256980723664;213.26694572489163
25.95;-25.9143;300.67256980723664;213.26694572489163
25.88;-25.7714;300.67256980723664;213.26694572489163
25.91;-25.7143;300.67256980723664;213.26694572489163
25.88;-25.6;300.67256980723664;213.26694572489163
25.75;-25.4571;300.67256980723664;213.26694572489163
25.64;-25.3429;300.67256980723664;213.26694572489163
25.41;-25.2;300.67256980723664;213.26694572489163
25.29;-25.1143;300.67256980723664;213.26694572489163
25.2;-25.1143;300.67256980723664;213.26694572489163
25.15;-25.0857;300.67256980723664;213.26694572489163
25.19;-24.9143;300.67256980723664;213.26694572489163
25.08;-24.7714;300.67256980723664;213.26694572489163
25.02;-24.6571;300.67256980723664;213.26694572489163
24.92;-24.5714;300.67256980723664;213.26694572489163
24.83;-24.3714;300.67256980723664;213.26694572489163
24.68;-24.2857;300.67256980723664;213.26694572489163
24.63;-24.1714;300.67256980723664;213.26694572489163
24.62;-24.1429;300.67256980723664;213.26694572489163
24.58;-24.1143;300.67256980723664;213.26694572489163
24.42;-23.9714;300.67256980723664;213.26694572489163
24.31;-23.9143;300.67256980723664;213.26694572489163
24.22;-23.7714;300.67256980723664;213.26694572489163
24.14;-23.6857;300.67256980723664;213.26694572489163
24.0;-23.6;300.67256980723664;213.26694572489163
23.84;-23.5143;300.67256980723664;213.26694572489163
23.77;-23.5143;300.67256980723664;213.26694572489163
23.66;-23.4;300.67256980723664;213.26694572489163
23.63;-23.3143;300.67256980723664;213.26694572489163
23.49;-23.1429;300.67256980723664;213.26694572489163
23.35;-23.0857;300.67256980723664;213.26694572489163
23.3;-23.0286;300.67256980723664;213.26694572489163
23.11;-22.8571;300.67256980723664;213.26694572489163
23.03;-22.7143;300.67256980723664;213.26694572489163
22.94;-22.7143;300.67256980723664;213.26694572489163
22.85;-22.5714;300.67256980723664;213.26694572489163
22.7;-22.4857;300.67256980723664;213.26694572489163
22.57;-22.4286;300.67256980723664;213.26694572489163
22.62;-22.3429;300.67256980723664;213.26694572489163
22.49;-22.2286;300.67256980723664;213.26694572489163
22.43;-22.0571;300.67256980723664;213.26694572489163
22.34;-21.9714;300.67256980723664;213.26694572489163
22.24;-21.8571;300.67256980723664;213.26694572489163
22.09;-21.8286;300.67256980723664;213.26694572489163
22.11;-21.7714;300.67256980723664;213.26694572489163
22.02;-21.6571;300.67256980723664;213.26694572489163
21.94;-21.6571;300.67256980723664;213.26694572489163
21.83;-21.4857;300.67256980723664;213.26694572489163
21.7;-21.4857;300.67256980723664;213.26694572489163
21.66;-21.3429;300.67256980723664;213.26694572489163
21.6;-21.3143;300.67256980723664;213.26694572489163
21.58;-21.2571;300.67256980723664;213.26694572489163
21.49;-21.0857;300.67256980723664;213.26694572489163
21.32;-21.0857;300.67256980723664;213.26694572489163
21.21;-20.9143;300.67256980723664;213.26694572489163
21.17;-20.8857;300.67256980723664;213.26694572489163
21.12;-20.8286;300.67256980723664;213.26694572489163
21.01;-20.7714;300.67256980723664;213.26694572489163
20.91;-20.6571;300.67256980723664;213.26694572489163
20.79;-20.6286;300.67256980723664;213.26694572489163
20.69;-20.4;300.67256980723664;213.26694572489163
20.59;-20.3429;300.67256980723664;213.26694572489163
20.5;-20.3143;300.67256980723664;213.26694572489163
20.39;-20.2286;300.67256980723664;213.26694572489163
20.29;-20.2;300.67256980723664;213.26694572489163
20.19;-20.0857;300.67256980723664;213.26694572489163
20.04;-19.9143;300.67256980723664;213.26694572489163
19.98;-19.9143;300.67256980723664;213.26694572489163
19.88;-19.7143;300.67256980723664;213.26694572489163
19.77;-19.6571;300.67256980723664;213.26694572489163
19.68;-19.6286;300.67256980723664;213.26694572489163
19.6;-19.4;300.67256980723664;213.26694572489163
19.45;-19.2857;300.67256980723664;213.26694572489163
19.34;-19.2857;300.67256980723664;213.26694572489163
19.31;-19.1429;300.67256980723664;213.26694572489163
19.22;-19.0857;300.67256980723664;213.26694572489163
19.09;-19.0857;300.67256980723664;213.26694572489163
18.99;-18.9429;300.67256980723664;213.26694572489163
18.89;-18.8571;300.67256980723664;213.26694572489163
18.82;-18.7143;300.67256980723664;213.26694572489163
18.77;-18.6;300.67256980723664;213.26694572489163
18.69;-18.5143;300.67256980723664;213.26694572489163
18.63;-18.4286;300.67256980723664;213.26694572489163
18.6;-18.3429;300.67256980723664;213.26694572489163
18.54;-18.3143;300.67256980723664;213.26694572489163
18.39;-18.2286;300.67256980723664;213.26694572489163
18.3;-18.1143;300.67256980723664;213.26694572489163
18.21;-18.0857;300.67256980723664;213.26694572489163
18.1;-18.0286;300.67256980723664;213.26694572489163
18.11;-17.9429;300.67256980723664;213.26694572489163
18.03;-17.8857;300.67256980723664;213.26694572489163
17.88;-17.7429;300.67256980723664;213.26694572489163
17.82;-17.6857;300.67256980723664;213.26694572489163
17.69;-17.5714;300.67256980723664;213.26694572489163
17.6;-17.4857;300.67256980723664;213.26694572489163
17.52;-17.4286;300.67256980723664;213.26694572489163
17.45;-17.3714;300.67256980723664;213.26694572489163
17.37;-17.2857;300.67256980723664;213.26694572489163
17.21;-17.1429;300.67256980723664;213.26694572489163
17.09;-17.0571;300.67256980723664;213.26694572489163
17.0;-16.9714;300.67256980723664;213.26694572489163
16.91;-16.9143;300.67256980723664;213.26694572489163
16.79;-16.7714;300.67256980723664;213.26694572489163
16.77;-16.7143;300.67256980723664;213.26694572489163
16.74;-16.6286;300.67256980723664;213.26694572489163
16.62;-16.5429;300.67256980723664;213.26694572489163
16.51;-16.4286;300.67256980723664;213.26694572489163
16.39;-16.3143;300.67256980723664;213.26694572489163
16.36;-16.1714;300.67256980723664;213.26694572489163
16.2;-16.1714;300.67256980723664;213.26694572489163
16.15;-16.1143;300.67256980723664;213.26694572489163
16.06;-16.0286;300.67256980723664;213.26694572489163
16.01;-15.9714;300.67256980723664;213.26694572489163
15.92;-15.9143;300.67256980723664;213.26694572489163
15.88;-15.7429;300.67256980723664;213.26694572489163
15.76;-15.6571;300.67256980723664;213.26694572489163
15.66;-15.5714;300.67256980723664;213.26694572489163
15.56;-15.4857;300.67256980723664;213.26694572489163
15.5;-15.4286;300.67256980723664;213.26694572489163
15.35;-15.3429;300.67256980723664;213.26694572489163
15.35;-15.2857;300.67256980723664;213.26694572489163
15.24;-15.2286;300.67256980723664;213.26694572489163
15.16;-15.1143;300.67256980723664;213.26694572489163
15.05;-14.9714;300.67256980723664;213.26694572489163
14.89;-14.8857;300.67256980723664;213.26694572489163
14.89;-14.8286;300.67256980723664;213.26694572489163
14.76;-14.7429;300.67256980723664;213.26694572489163
14.71;-14.6571;300.67256980723664;213.26694572489163
14.66;-14.6;300.67256980723664;213.26694572489163
14.52;-14.4857;300.67256980723664;213.26694572489163
14.44;-14.4;300.67256980723664;213.26694572489163
14.47;-14.2857;300.67256980723664;213.26694572489163
14.3;-14.2;300.67256980723664;213.26694572489163
14.21;-14.1714;300.67256980723664;213.26694572489163
14.15;-14.0286;300.67256980723664;213.26694572489163
14.12;-13.9714;300.67256980723664;213.26694572489163
13.99;-13.8857;300.67256980723664;213.26694572489163
13.87;-13.9143;300.67256980723664;213.26694572489163
13.8;-13.8286;300.67256980723664;213.26694572489163
13.71;-13.7143;300.67256980723664;213.26694572489163
13.57;-13.6;300.67256980723664;213.26694572489163
13.51;-13.5429;300.67256980723664;213.26694572489163
13.45;-13.4571;300.67256980723664;213.26694572489163
13.36;-13.3143;300.67256980723664;213.26694572489163
13.32;-13.2;300.67256980723664;213.26694572489163
13.22;-13.1714;300.67256980723664;213.26694572489163
13.14;-13.0857;300.67256980723664;213.26694572489163
13.08;-13.0;300.67256980723664;213.26694572489163
13.05;-12.8857;300.67256980723664;213.26694572489163
12.96;-12.8857;300.67256980723664;213.26694572489163
12.87;-12.8286;300.67256980723664;213.26694572489163
12.78;-12.7714;300.67256980723664;213.26694572489163
12.69;-12.6286;300.67256980723664;213.26694572489163
12.62;-12.5714;300.67256980723664;213.26694572489163
12.58;-12.4857;300.67256980723664;213.26694572489163
12.5;-12.4;300.67256980723664;213.26694572489163
12.45;-12.3143;300.67256980723664;213.26694572489163
12.35;-12.2571;300.67256980723664;213.26694572489163
12.28;-12.1429;300.67256980723664;213.26694572489163
12.22;-12.0286;300.67256980723664;213.26694572489163
12.14;-11.9429;300.67256980723664;213.26694572489163
12.06;-11.9714;300.67256980723664;213.26694572489163
11.98;-11.9143;300.67256980723664;213.26694572489163
11.91;-11.8286;300.67256980723664;213.26694572489163
11.85;-11.7714;300.67256980723664;213.26694572489163
11.82;-11.6857;300.67256980723664;213.26694572489163
11.82;-11.5714;300.67256980723664;213.26694572489163
11.74;-11.6;300.67256980723664;213.26694572489163
11.6;-11.5143;300.67256980723664;213.26694572489163
11.53;-11.4;300.67256980723664;213.26694572489163
11.43;-11.3714;300.67256980723664;213.26694572489163
11.34;-11.3143;300.67256980723664;213.26694572489163
11.26;-11.2571;300.67256980723664;213.26694572489163
11.19;-11.2286;300.67256980723664;213.26694572489163
11.14;-11.1429;300.67256980723664;213.26694572489163
11.02;-11.0;300.67256980723664;213.26694572489163
10.98;-10.9143;300.67256980723664;213.26694572489163
10.89;-10.8286;300.67256980723664;213.26694572489163
10.82;-10.7714;300.67256980723664;213.26694572489163
10.73;-10.6857;300.67256980723664;213.26694572489163
10.62;-10.6571;300.67256980723664;213.26694572489163
10.57;-10.5429;300.67256980723664;213.26694572489163
10.49;-10.4571;300.67256980723664;213.26694572489163
10.45;-10.4286;300.67256980723664;213.26694572489163
10.37;-10.3429;300.67256980723664;213.26694572489163
10.3;-10.2286;300.67256980723664;213.26694572489163
10.26;-10.2;300.67256980723664;213.26694572489163
10.17;-10.0857;300.67256980723664;213.26694572489163
10.11;-10.0286;300.67256980723664;213.26694572489163
10.01;-9.9714;300.67256980723664;213.26694572489163
9.94;-9.9429;300.67256980723664;213.26694572489163
9.9;-9.8571;300.67256980723664;213.26694572489163
9.81;-9.8;300.67256980723664;213.26694572489163
9.77;-9.7143;300.67256980723664;213.26694572489163
9.67;-9.6857;300.67256980723664;213.26694572489163
9.58;-9.5714;300.67256980723664;213.26694572489163
9.5;-9.4857;300.67256980723664;213.26694572489163
9.45;-9.4286;300.67256980723664;213.26694572489163
9.4;-9.4;300.67256980723664;213.26694572489163
9.35;-9.3429;300.67256980723664;213.26694572489163
9.29;-9.2857;300.67256980723664;213.26694572489163
9.19;-9.2;300.67256980723664;213.26694572489163
9.13;-9.0857;300.67256980723664;213.26694572489163
9.09;-8.9714;300.67256980723664;213.26694572489163
9.03;-8.9714;300.67256980723664;213.26694572489163
8.97;-8.9143;300.67256980723664;213.26694572489163
8.9;-8.8286;300.67256980723664;213.26694572489163
8.83;-8.8;300.67256980723664;213.26694572489163
8.76;-8.7429;300.67256980723664;213.26694572489163
8.71;-8.6286;300.67256980723664;213.26694572489163
8.65;-8.6286;300.67256980723664;213.26694572489163
8.6;-8.5714;300.67256980723664;213.26694572489163
8.53;-8.5429;300.67256980723664;213.26694572489163
8.45;-8.4571;300.67256980723664;213.26694572489163
8.38;-8.4;300.67256980723664;213.26694572489163
8.31;-8.2857;300.67256980723664;213.26694572489163
8.25;-8.2571;300.67256980723664;213.26694572489163
8.2;-8.2286;300.67256980723664;213.26694572489163
8.15;-8.1714;300.67256980723664;213.26694572489163
8.07;-8.1143;300.67256980723664;213.26694572489163
8.04;-8.0;300.67256980723664;213.26694572489163
7.98;-7.9714;300.67256980723664;213.26694572489163
7.91;-7.8286;300.67256980723664;213.26694572489163
7.84;-7.8;300.67256980723664;213.26694572489163
7.76;-7.7143;300.67256980723664;213.26694572489163
7.68;-7.6857;300.67256980723664;213.26694572489163
7.63;-7.6571;300.67256980723664;213.26694572489163
7.56;-7.5714;300.67256980723664;213.26694572489163
7.5;-7.5143;300.67256980723664;213.26694572489163
7.42;-7.4286;300.67256980723664;213.26694572489163
7.35;-7.4;300.67256980723664;213.26694572489163
7.29;-7.2857;300.67256980723664;213.26694572489163
7.24;-7.2286;300.67256980723664;213.26694572489163
7.16;-7.1429;300.67256980723664;213.26694572489163
7.13;-7.1143;300.67256980723664;213.26694572489163
7.07;-7.0;300.67256980723664;213.26694572489163
7.01;-7.0;300.67256980723664;213.26694572489163
6.96;-6.8571;300.67256980723664;213.26694572489163
6.88;-6.8571;300.67256980723664;213.26694572489163
6.84;-6.8571;300.67256980723664;213.26694572489163
6.77;-6.8;300.67256980723664;213.26694572489163
6.71;-6.7143;300.67256980723664;213.26694572489163
6.67;-6.7143;300.67256980723664;213.26694572489163
6.6;-6.6;300.67256980723664;213.26694572489163
6.55;-6.5143;300.67256980723664;213.26694572489163
5.14;-6.4286;300.67256980723664;213.26694572489163
330.26;-6.3714;300.67256980723664;213.26694572489163
314.9;-6.3714;300.67256980723664;213.26694572489163
294.42;-6.3429;300.67256980723664;213.26694572489163
279.06;-6.2571;300.67256980723664;213.26694572489163
271.38;-6.1714;300.67256980723664;213.26694572489163
256.02;-6.1429;300.67256980723664;213.26694572489163
235.54;-6.0857;300.67256980723664;213.26694572489163
220.18;-6.0;300.67256980723664;213.26694572489163
204.82;-5.8571;300.67256980723664;213.26694572489163
192.02;-5.8;300.67256980723664;213.26694572489163
179.22;-5.8286;300.67256980723664;213.26694572489163
168.98;-5.8;300.67256980723664;213.26694572489163
151.06;-5.6857;300.67256980723664;213.26694572489163
143.38;-5.6571;300.67256980723664;213.26694572489163
130.58;-5.6571;300.67256980723664;213.26694572489163
110.1;-5.5143;300.67256980723664;213.26694572489163
94.74;-5.4571;300.67256980723664;213.26694572489163
79.38;-5.4286;300.67256980723664;213.26694572489163
66.58;-5.3714;300.67256980723664;213.26694572489163
48.66;-5.2857;300.67256980723664;213.26694572489163
38.42;-5.2857;300.67256980723664;213.26694572489163
25.62;-5.2857;300.67256980723664;213.26694572489163
15.37;-5.1714;300.67256980723664;213.26694572489163
652.81;-5.1143;300.67256980723664;213.26694572489163
645.13;-5.0286;300.67256980723664;213.26694572489163
624.65;-5.0;300.67256980723664;213.26694572489163
611.85;-4.9429;300.67256980723664;213.26694572489163
596.49;-4.9143;300.67256980723664;213.26694572489163
581.13;-4.8571;300.67256980723664;213.26694572489163
570.89;-4.8286;300.67256980723664;213.26694572489163
558.09;-4.7143;300.67256980723664;213.26694572489163
545.29;-4.7143;300.67256980723664;213.26694572489163
537.61;-4.6286;300.67256980723664;213.26694572489163
524.81;-4.5714;300.67256980723664;213.26694572489163
509.45;-4.5143;300.67256980723664;213.26694572489163
491.53;-4.5429;300.67256980723664;213.26694572489163
476.17;-4.4857;300.67256980723664;213.26694572489163
465.93;-4.4;300.67256980723664;213.26694572489163
450.57;-4.4;300.67256980723664;213.26694572489163
435.21;-4.3143;300.67256980723664;213.26694572489163
422.41;-4.2571;300.67256980723664;213.26694572489163
409.61;-4.1714;300.67256980723664;213.26694572489163
401.93;-4.1143;300.67256980723664;213.26694572489163
394.25;-4.0571;300.67256980723664;213.26694572489163
381.45;-4.0;300.67256980723664;213.26694572489163
363.53;-3.9714;300.67256980723664;213.26694572489163
348.17;-3.9143;300.67256980723664;213.26694572489163
335.37;-3.8571;300.67256980723664;213.26694572489163
322.57;-3.8571;300.67256980723664;213.26694572489163
307.21;-3.8571;300.67256980723664;213.26694572489163
291.85;-3.7714;300.67256980723664;213.26694572489163
281.61;-3.7143;300.67256980723664;213.26694572489163
266.25;-3.6571;300.67256980723664;213.26694572489163
253.45;-3.6;300.67256980723664;213.26694572489163
243.21;-3.5714;300.67256980723664;213.26694572489163
230.41;-3.5429;300.67256980723664;213.26694572489163
212.49;-3.4286;300.67256980723664;213.26694572489163
194.57;-3.3714;300.67256980723664;213.26694572489163
186.89;-3.3143;300.67256980723664;213.26694572489163
171.53;-3.3143;300.67256980723664;213.26694572489163
163.85;-3.2857;300.67256980723664;213.26694572489163
156.17;-3.2;300.67256980723664;213.26694572489163
143.37;-3.1143;300.67256980723664;213.26694572489163
130.57;-3.0571;300.67256980723664;213.26694572489163
122.89;-3.0286;300.67256980723664;213.26694572489163
107.53;-3.0;300.67256980723664;213.26694572489163
97.29;-3.0;300.67256980723664;213.26694572489163
89.61;-2.9143;300.67256980723664;213.26694572489163
79.37;-2.9429;300.67256980723664;213.26694572489163
64.01;-2.8571;300.67256980723664;213.26694572489163
53.77;-2.8286;300.67256980723664;213.26694572489163
40.97;-2.7714;300.67256980723664;213.26694572489163
25.61;-2.7429;300.67256980723664;213.26694572489163
12.81;-2.7429;300.67256980723664;213.26694572489163
2.56;-2.6571;300.67256980723664;213.26694572489163
647.68;-2.6286;300.67256980723664;213.26694572489163
634.88;-2.6;300.67256980723664;213.26694572489163
622.08;-2.5143;300.67256980723664;213.26694572489163
609.28;-2.4286;300.67256980723664;213.26694572489163
599.04;-2.3714;300.67256980723664;213.26694572489163
586.24;-2.2286;300.67256980723664;213.26694572489163
576.0;-2.2;300.67256980723664;213.26694572489163
563.2;-2.2857;300.67256980723664;213.26694572489163
552.96;-2.2;300.67256980723664;213.26694572489163
545.28;-2.1143;300.67256980723664;213.26694572489163
535.04;-2.1143;300.67256980723664;213.26694572489163
524.8;-2.0571;300.67256980723664;213.26694572489163
514.56;-2.0286;300.67256980723664;213.26694572489163
504.32;-1.9714;300.67256980723664;213.26694572489163
494.08;-1.8857;300.67256980723664;213.26694572489163
483.84;-1.9429;300.67256980723664;213.26694572489163
476.16;-1.9143;300.67256980723664;213.26694572489163
463.36;-1.8286;300.67256980723664;213.26694572489163
455.68;-1.8286;300.67256980723664;213.26694572489163
448.0;-1.7714;300.67256980723664;213.26694572489163
440.32;-1.7143;300.67256980723664;213.26694572489163
430.08;-1.7143;300.67256980723664;213.26694572489163
424.96;-1.6286;300.67256980723664;213.26694572489163
419.84;-1.6;300.67256980723664;213.26694572489163
409.6;-1.6;300.67256980723664;213.26694572489163
399.36;-1.5429;300.67256980723664;213.26694572489163
389.12;-1.4571;300.67256980723664;213.26694572489163
378.88;-1.4857;300.67256980723664;213.26694572489163
368.64;-1.4571;300.67256980723664;213.26694572489163
360.96;-1.4857;300.67256980723664;213.26694572489163
353.28;-1.4286;300.67256980723664;213.26694572489163
345.6;-1.4;300.67256980723664;213.26694572489163
335.36;-1.3429;300.67256980723664;213.26694572489163
330.24;-1.2571;300.67256980723664;213.26694572489163
322.56;-1.2;300.67256980723664;213.26694572489163
314.88;-1.0857;300.67256980723664;213.26694572489163
304.64;-1.1143;300.67256980723664;213.26694572489163
294.4;-1.1429;300.67256980723664;213.26694572489163
284.16;-1.1429;300.67256980723664;213.26694572489163
276.48;-1.0857;300.67256980723664;213.26694572489163
268.8;-1.1143;300.67256980723664;213.26694572489163
261.12;-0.9714;300.67256980723664;213.26694572489163
256.0;-1.0286;300.67256980723664;213.26694572489163
253.44;-0.9714;300.67256980723664;213.26694572489163
245.76;-0.8571;300.67256980723664;213.26694572489163
238.08;-0.8857;300.67256980723664;213.26694572489163
227.84;-0.9143;300.67256980723664;213.26694572489163
220.16;-0.7143;300.67256980723664;213.26694572489163
207.36;-0.7714;300.67256980723664;213.26694572489163
202.24;-0.8286;300.67256980723664;213.26694572489163
199.68;-0.8286;300.67256980723664;213.26694572489163
194.56;-0.7429;300.67256980723664;213.26694572489163
189.44;-0.6571;300.67256980723664;213.26694572489163
181.76;-0.6;300.67256980723664;213.26694572489163
174.08;-0.6571;300.67256980723664;213.26694572489163
166.4;-0.5714;300.67256980723664;213.26694572489163
158.72;-0.6;300.67256980723664;213.26694572489163
148.48;-0.5714;300.67256980723664;213.26694572489163
140.8;-0.5714;300.67256980723664;213.26694572489163
130.56;-0.5143;300.67256980723664;213.26694572489163
117.76;-0.5429;300.67256980723664;213.26694572489163
104.96;-0.4857;300.67256980723664;213.26694572489163
97.28;-0.4286;300.67256980723664;213.26694572489163
89.6;-0.4286;300.67256980723664;213.26694572489163
79.36;-0.4;300.67256980723664;213.26694572489163
69.12;-0.2857;300.67256980723664;213.26694572489163
56.32;-0.2;300.67256980723664;213.26694572489163
43.52;-0.1714;300.67256980723664;213.26694572489163
35.84;-0.1143;300.67256980723664;213.26694572489163
33.28;-0.0857;300.67256980723664;213.26694572489163
35.84;-0.0286;300.67256980723664;213.26694572489163
51.2;0.0;300.67256980723664;213.26694572489163
84.48;0.1429;300.67256980723664;213.26694572489163
133.12;0.1714;300.67256980723664;213.26694572489163
192.0;0.3429;300.67256980723664;213.26694572489163
253.44;0.4857;300.67256980723664;213.26694572489163
322.56;0.5714;300.67256980723664;213.26694572489163
399.36;0.8857;300.67256980723664;213.26694572489163
488.96;1.0571;300.67256980723664;213.26694572489163
588.81;1.3143;300.67256980723664;213.26694572489163
40.97;1.5429;300.67256980723664;213.26694572489163
166.41;1.9143;300.67256980723664;213.26694572489163
309.77;2.1714;300.67256980723664;213.26694572489163
468.49;2.4;300.67256980723664;213.26694572489163
637.46;2.8;300.67256980723664;213.26694572489163
166.42;3.1143;300.67256980723664;213.26694572489163
363.54;3.4571;300.67256980723664;213.26694572489163
578.59;3.9143;300.67256980723664;213.26694572489163
135.71;4.4286;300.67256980723664;213.26694572489163
376.35;4.9429;300.67256980723664;213.26694572489163
619.56;5.5429;300.67256980723664;213.26694572489163
212.52;6.1429;300.67256980723664;213.26694572489163
473.65;6.8571;300.67256980723664;213.26694572489163
102.45;7.5714;300.67256980723664;213.26694572489163
399.42;8.4;300.67256980723664;213.26694572489163
43.58;9.1429;300.67256980723664;213.26694572489163
350.78;10.1143;300.67256980723664;213.26694572489163
637.51;11.0286;300.67256980723664;213.26694572489163
307.27;11.9714;300.67256980723664;213.26694572489163
640.08;12.9714;300.67256980723664;213.26694572489163
343.13;14.0571;300.67256980723664;213.26694572489163
61.53;15.1429;300.67256980723664;213.26694572489163
404.58;16.2857;300.67256980723664;213.26694572489163
92.26;17.4286;300.67256980723664;213.26694572489163
435.31;18.5429;300.67256980723664;213.26694572489163
130.67;19.6857;300.67256980723664;213.26694572489163
489.08;20.9714;300.67256980723664;213.26694572489163
217.72;22.2;300.67256980723664;213.26694572489163
581.25;23.4;300.67256980723664;213.26694572489163
268.93;24.6286;300.67256980723664;213.26694572489163
645.26;25.8571;300.67256980723664;213.26694572489163
343.19;27.0857;300.67256980723664;213.26694572489163
92.31;28.5143;300.67256980723664;213.26694572489163
420.0;29.8;300.67256980723664;213.26694572489163
92.32;31.1143;300.67256980723664;213.26694572489163
435.37;32.4;300.67256980723664;213.26694572489163
135.85;33.6857;300.67256980723664;213.26694572489163
458.42;34.9429;300.67256980723664;213.26694572489163
164.02;36.3143;300.67256980723664;213.26694572489163
545.47;37.7143;300.67256980723664;213.26694572489163
202.43;39.0;300.67256980723664;213.26694572489163
542.92;40.3143;300.67256980723664;213.26694572489163
240.84;41.5429;300.67256980723664;213.26694572489163
527.57;42.8;300.67256980723664;213.26694572489163
187.09;44.1429;300.67256980723664;213.26694572489163
514.78;45.3714;300.67256980723664;213.26694572489163
181.98;46.6571;300.67256980723664;213.26694572489163
448.23;47.8857;300.67256980723664;213.26694572489163
102.63;49.1429;300.67256980723664;213.26694572489163
414.96;50.2857;300.67256980723664;213.26694572489163
51.44;51.3143;300.67256980723664;213.26694572489163
310.0;52.4857;300.67256980723664;213.26694572489163
617.21;53.7714;300.67256980723664;213.26694572489163
297.21;55.1714;300.67256980723664;213.26694572489163
614.66;56.4571;300.67256980723664;213.26694572489163
228.1;57.6571;300.67256980723664;213.26694572489163
514.83;59.0286;300.67256980723664;213.26694572489163
212.75;60.5714;300.67256980723664;213.26694572489163
417.56;61.9143;300.67256980723664;213.26694572489163
48.92;63.4286;300.67256980723664;213.26694572489163
381.72;64.6;300.67256980723664;213.26694572489163
635.17;65.7429;300.67256980723664;213.26694572489163
333.09;66.9714;300.67256980723664;213.26694572489163
614.7;68.3143;300.67256980723664;213.26694572489163
256.3;69.5714;300.67256980723664;213.26694572489163
594.23;70.9143;300.67256980723664;213.26694572489163
297.27;72.3714;300.67256980723664;213.26694572489163
522.56;73.2571;300.67256980723664;213.26694572489163
125.76;74.3143;300.67256980723664;213.26694572489163
361.28;75.9143;300.67256980723664;213.26694572489163
617.29;77.2;300.67256980723664;213.26694572489163
194.89;78.2571;300.67256980723664;213.26694572489163
399.69;78.8571;300.67256980723664;213.26694572489163
622.42;79.2857;300.67256980723664;213.26694572489163
389.47;80.4857;300.67256980723664;213.26694572489163
54.11;81.5429;300.67256980723664;213.26694572489163
302.43;82.3714;300.67256980723664;213.26694572489163
571.24;83.7429;300.67256980723664;213.26694572489163
269.16;84.3429;300.67256980723664;213.26694572489163
573.81;85.9143;300.67256980723664;213.26694572489163
177.01;86.7143;300.67256980723664;213.26694572489163
299.89;88.5143;300.67256980723664;213.26694572489163
425.33;89.6;300.67256980723664;213.26694572489163
576.38;90.8571;300.67256980723664;213.26694572489163
133.5;91.4571;300.67256980723664;213.26694572489163
481.67;92.5143;300.67256980723664;213.26694572489163
51.59;93.1429;300.67256980723664;213.26694572489163
171.91;94.1143;300.67256980723664;213.26694572489163
581.52;95.2;300.67256980723664;213.26694572489163
317.84;95.4286;300.67256980723664;213.26694572489163
555.93;97.3143;300.67256980723664;213.26694572489163
31.13;97.5429;300.67256980723664;213.26694572489163
264.09;98.4286;300.67256980723664;213.26694572489163
461.21;99.8857;300.67256980723664;213.26694572489163
540.57;100.9429;300.67256980723664;213.26694572489163
614.82;101.7429;300.67256980723664;213.26694572489163
225.71;101.7714;300.67256980723664;213.26694572489163
5.55;103.1714;300.67256980723664;213.26694572489163
289.72;104.4571;300.67256980723664;213.26694572489163
31.16;105.1143;300.67256980723664;213.26694572489163
489.41;106.6857;300.67256980723664;213.26694572489163
123.33;107.0;300.67256980723664;213.26694572489163
374.21;107.4286;300.67256980723664;213.26694572489163
617.42;109.0857;300.67256980723664;213.26694572489163
148.94;110.0;300.67256980723664;213.26694572489163
348.63;110.8857;300.67256980723664;213.26694572489163
115.67;110.6857;300.67256980723664;213.26694572489163
251.35;112.7714;300.67256980723664;213.26694572489163
468.96;113.9714;300.67256980723664;213.26694572489163
110.56;114.6286;300.67256980723664;213.26694572489163
381.92;115.4571;300.67256980723664;213.26694572489163
548.33;116.7714;300.67256980723664;213.26694572489163
105.45;117.9714;300.67256980723664;213.26694572489163
276.97;119.2;300.67256980723664;213.26694572489163
550.9;119.6;300.67256980723664;213.26694572489163
379.38;120.2571;300.67256980723664;213.26694572489163
497.14;121.1429;300.67256980723664;213.26694572489163
558.59;122.8;300.67256980723664;213.26694572489163
128.51;123.1143;300.67256980723664;213.26694572489163
312.83;123.9714;300.67256980723664;213.26694572489163
522.76;125.1143;300.67256980723664;213.26694572489163
210.44;126.4286;300.67256980723664;213.26694572489163
410.13;126.4857;300.67256980723664;213.26694572489163
161.81;128.3714;300.67256980723664;213.26694572489163
533.02;128.4286;300.67256980723664;213.26694572489163
292.38;129.2286;300.67256980723664;213.26694572489163
507.42;129.1714;300.67256980723664;213.26694572489163
584.22;130.3429;300.67256980723664;213.26694572489163
481.83;131.4;300.67256980723664;213.26694572489163
36.39;132.7714;300.67256980723664;213.26694572489163
279.59;133.9143;300.67256980723664;213.26694572489163
461.35;134.2286;300.67256980723664;213.26694572489163
545.84;137.8;300.67256980723664;213.26694572489163
49.2;137.4286;300.67256980723664;213.26694572489163
387.13;136.9714;300.67256980723664;213.26694572489163
3.13;137.5714;300.67256980723664;213.26694572489163
356.41;137.7714;300.67256980723664;213.26694572489163
277.05;140.1714;300.67256980723664;213.26694572489163
289.85;140.8857;300.67256980723664;213.26694572489163
387.14;141.0286;300.67256980723664;213.26694572489163
33.86;141.0857;300.67256980723664;213.26694572489163
177.22;141.6286;300.67256980723664;213.26694572489163
302.66;142.2286;300.67256980723664;213.26694572489163
251.46;143.3429;300.67256980723664;213.26694572489163
581.71;143.4857;300.67256980723664;213.26694572489163
174.67;144.4857;300.67256980723664;213.26694572489163
487.0;145.9143;300.67256980723664;213.26694572489163
126.04;145.3143;300.67256980723664;213.26694572489163
394.84;146.4;300.67256980723664;213.26694572489163
497.25;145.6571;300.67256980723664;213.26694572489163
243.81;148.2857;300.67256980723664;213.26694572489163
591.97;149.4286;300.67256980723664;213.26694572489163
558.69;149.8;300.67256980723664;213.26694572489163
438.37;149.7143;300.67256980723664;213.26694572489163
538.22;151.4286;300.67256980723664;213.26694572489163
79.98;152.6571;300.67256980723664;213.26694572489163
149.1;152.4857;300.67256980723664;213.26694572489163
402.55;155.6286;300.67256980723664;213.26694572489163
108.15;156.2857;300.67256980723664;213.26694572489163
566.39;154.9429;300.67256980723664;213.26694572489163
643.19;156.2857;300.67256980723664;213.26694572489163
627.84;158.5714;300.67256980723664;213.26694572489163
190.08;158.3143;300.67256980723664;213.26694572489163
74.88;157.8571;300.67256980723664;213.26694572489163
39.04;158.1429;300.67256980723664;213.26694572489163
374.41;159.1143;300.67256980723664;213.26694572489163
82.57;160.9429;300.67256980723664;213.26694572489163
164.49;162.3714;300.67256980723664;213.26694572489163
36.49;162.7714;300.67256980723664;213.26694572489163
282.26;164.2571;300.67256980723664;213.26694572489163
18.58;165.3714;300.67256980723664;213.26694572489163
348.82;165.2286;300.67256980723664;213.26694572489163
251.54;165.8571;300.67256980723664;213.26694572489163
225.94;167.1714;300.67256980723664;213.26694572489163
412.82;165.5714;300.67256980723664;213.26694572489163
648.35;166.4;300.67256980723664;213.26694572489163
330.91;167.2571;300.67256980723664;213.26694572489163
563.87;169.0857;300.67256980723664;213.26694572489163
310.43;169.2571;300.67256980723664;213.26694572489163
453.8;169.2286;300.67256980723664;213.26694572489163
430.77;170.8857;300.67256980723664;213.26694572489163
100.53;172.1143;300.67256980723664;213.26694572489163
213.17;171.1143;300.67256980723664;213.26694572489163
356.53;171.8857;300.67256980723664;213.26694572489163
389.81;172.1143;300.67256980723664;213.26694572489163
538.3;169.5714;300.67256980723664;213.26694572489163
366.78;173.0;300.67256980723664;213.26694572489163
515.26;176.9429;300.67256980723664;213.26694572489163
633.03;176.0;300.67256980723664;213.26694572489163
5.82;176.7429;300.67256980723664;213.26694572489163
266.94;178.7429;300.67256980723664;213.26694572489163
151.74;178.5714;300.67256980723664;213.26694572489163
494.79;177.9714;300.67256980723664;213.26694572489163
476.87;178.4;300.67256980723664;213.26694572489163
576.71;180.3429;300.67256980723664;213.26694572489163
448.71;180.5143;300.67256980723664;213.26694572489163
474.32;180.4571;300.67256980723664;213.26694572489163
259.28;180.7714;300.67256980723664;213.26694572489163
241.36;179.4857;300.67256980723664;213.26694572489163
272.08;180.1143;300.67256980723664;213.26694572489163
277.2;182.6571;300.67256980723664;213.26694572489163
492.25;184.0571;300.67256980723664;213.26694572489163
77.53;183.4857;300.67256980723664;213.26694572489163
228.57;183.4;300.67256980723664;213.26694572489163
62.17;184.7143;300.67256980723664;213.26694572489163
138.97;185.2857;300.67256980723664;213.26694572489163
525.53;185.3714;300.67256980723664;213.26694572489163
645.86;183.4571;300.67256980723664;213.26694572489163
187.62;184.6571;300.67256980723664;213.26694572489163
418.03;185.9714;300.67256980723664;213.26694572489163
77.55;186.2571;300.67256980723664;213.26694572489163
246.51;185.8;300.67256980723664;213.26694572489163
471.79;186.5429;300.67256980723664;213.26694572489163
528.11;187.8286;300.67256980723664;213.26694572489163
505.07;187.2857;300.67256980723664;213.26694572489163
297.71;186.6286;300.67256980723664;213.26694572489163
103.16;189.1714;300.67256980723664;213.26694572489163
98.03;190.0571;300.67256980723664;213.26694572489163
535.79;191.1429;300.67256980723664;213.26694572489163
231.15;191.2286;300.67256980723664;213.26694572489163
433.4;191.1429;300.67256980723664;213.26694572489163
494.85;190.9714;300.67256980723664;213.26694572489163
169.73;189.6;300.67256980723664;213.26694572489163
597.26;188.5143;300.67256980723664;213.26694572489163
331.01;189.9143;300.67256980723664;213.26694572489163
653.57;190.2286;300.67256980723664;213.26694572489163
602.37;188.5714;300.67256980723664;213.26694572489163
423.17;190.6;300.67256980723664;213.26694572489163
592.14;193.1714;300.67256980723664;213.26694572489163
333.57;193.6286;300.67256980723664;213.26694572489163
461.58;193.9714;300.67256980723664;213.26694572489163
197.9;195.1714;300.67256980723664;213.26694572489163
34.06;195.9429;300.67256980723664;213.26694572489163
272.14;195.0571;300.67256980723664;213.26694572489163
433.42;195.7429;300.67256980723664;213.26694572489163
41.74;195.4571;300.67256980723664;213.26694572489163
208.14;193.4286;300.67256980723664;213.26694572489163
354.06;192.8571;300.67256980723664;213.26694572489163
476.95;193.5714;300.67256980723664;213.26694572489163
348.95;194.1429;300.67256980723664;213.26694572489163
576.8;195.3714;300.67256980723664;213.26694572489163
98.07;196.1143;300.67256980723664;213.26694572489163
566.55;195.2;300.67256980723664;213.26694572489163
441.11;195.1143;300.67256980723664;213.26694572489163
482.08;197.0286;300.67256980723664;213.26694572489163
144.16;196.7714;300.67256980723664;213.26694572489163
400.16;197.3429;300.67256980723664;213.26694572489163
361.76;198.9429;300.67256980723664;213.26694572489163
430.88;199.2286;300.67256980723664;213.26694572489163
364.32;197.7714;300.67256980723664;213.26694572489163
264.48;197.4571;300.67256980723664;213.26694572489163
410.41;197.1429;300.67256980723664;213.26694572489163
46.89;201.5429;300.67256980723664;213.26694572489163
308.01;201.1714;300.67256980723664;213.26694572489163
284.96;196.6;300.67256980723664;213.26694572489163
633.12;200.1143;300.67256980723664;213.26694572489163
423.21;201.7143;300.67256980723664;213.26694572489163
441.14;198.3143;300.67256980723664;213.26694572489163
377.14;199.0571;300.67256980723664;213.26694572489163
256.82;199.7714;300.67256980723664;213.26694572489163
292.66;200.9143;300.67256980723664;213.26694572489163
469.3;202.2;300.67256980723664;213.26694572489163
328.5;203.2571;300.67256980723664;213.26694572489163
356.66;200.8;300.67256980723664;213.26694572489163
149.3;202.0857;300.67256980723664;213.26694572489163
274.75;207.0;300.67256980723664;213.26694572489163
180.03;203.2857;300.67256980723664;213.26694572489163
407.87;201.5429;300.67256980723664;213.26694572489163
558.92;204.7429;300.67256980723664;213.26694572489163
72.51;201.9143;300.67256980723664;213.26694572489163
167.23;204.4857;300.67256980723664;213.26694572489163
167.23;204.0857;300.67256980723664;213.26694572489163
397.64;203.1714;300.67256980723664;213.26694572489163
108.36;204.4286;300.67256980723664;213.26694572489163
85.31;202.9714;300.67256980723664;213.26694572489163
443.71;204.0857;300.67256980723664;213.26694572489163
315.71;204.5429;300.67256980723664;213.26694572489163
576.84;203.6571;300.67256980723664;213.26694572489163
141.64;204.2857;300.67256980723664;213.26694572489163
387.4;207.9429;300.67256980723664;213.26694572489163
592.21;208.0286;300.67256980723664;213.26694572489163
16.2;203.9143;300.67256980723664;213.26694572489163
453.96;205.5143;300.67256980723664;213.26694572489163
587.08;205.7143;300.67256980723664;213.26694572489163
361.81;208.8286;300.67256980723664;213.26694572489163
36.69;209.2;300.67256980723664;213.26694572489163
90.45;208.6857;300.67256980723664;213.26694572489163
118.62;207.1429;300.67256980723664;213.26694572489163
69.98;210.6857;300.67256980723664;213.26694572489163
85.34;212.8;300.67256980723664;213.26694572489163
131.42;212.9429;300.67256980723664;213.26694572489163
23.89;207.5714;300.67256980723664;213.26694572489163
395.08;209.4;300.67256980723664;213.26694572489163
628.05;210.6;300.67256980723664;213.26694572489163
215.9;205.6571;300.67256980723664;213.26694572489163
80.22;213.0857;300.67256980723664;213.26694572489163
564.06;212.0857;300.67256980723664;213.26694572489163
382.29;209.4857;300.67256980723664;213.26694572489163
487.25;213.3143;300.67256980723664;213.26694572489163
359.25;213.8286;300.67256980723664;213.26694572489163
471.9;210.9143;300.67256980723664;213.26694572489163
456.55;212.0571;300.67256980723664;213.26694572489163
77.67;210.0286;300.67256980723664;213.26694572489163
110.95;208.7429;300.67256980723664;213.26694572489163
105.83;214.2857;300.67256980723664;213.26694572489163
574.31;209.6;300.67256980723664;213.26694572489163
479.59;208.5714;300.67256980723664;213.26694572489163
200.55;204.7143;300.67256980723664;213.26694572489163
16.23;215.5714;300.67256980723664;213.26694572489163
305.51;212.9429;300.67256980723664;213.26694572489163
361.83;217.3429;300.67256980723664;213.26694572489163
333.67;218.8286;300.67256980723664;213.26694572489163
405.35;214.4857;300.67256980723664;213.26694572489163
566.64;217.6;300.67256980723664;213.26694572489163
277.36;213.8;300.67256980723664;213.26694572489163
617.84;216.4857;300.67256980723664;213.26694572489163
267.12;218.4857;300.67256980723664;213.26694572489163
272.23;218.4;300.67256980723664;213.26694572489163
446.31;219.5143;300.67256980723664;213.26694572489163
103.27;217.2857;300.67256980723664;213.26694572489163
487.28;219.4857;300.67256980723664;213.26694572489163
305.53;217.1429;300.67256980723664;213.26694572489163
6.01;219.1429;300.67256980723664;213.26694572489163
82.8;217.3714;300.67256980723664;213.26694572489163
566.64;219.6571;300.67256980723664;213.26694572489163
415.61;212.6857;300.67256980723664;213.26694572489163
3.45;216.6857;300.67256980723664;213.26694572489163
128.89;219.4857;300.67256980723664;213.26694572489163
44.4;218.0857;300.67256980723664;213.26694572489163
451.45;219.4857;300.67256980723664;213.26694572489163
113.53;215.9714;300.67256980723664;213.26694572489163
530.81;218.3143;300.67256980723664;213.26694572489163
587.13;214.6857;300.67256980723664;213.26694572489163
525.7;218.7714;300.67256980723664;213.26694572489163
98.18;218.3429;300.67256980723664;213.26694572489163
438.66;219.5143;300.67256980723664;213.26694572489163
551.3;217.5429;300.67256980723664;213.26694572489163
615.3;219.6;300.67256980723664;213.26694572489163
323.46;219.6;300.67256980723664;213.26694572489163
95.62;219.5714;300.67256980723664;213.26694572489163
241.53;219.7143;300.67256980723664;213.26694572489163
553.85;219.5143;300.67256980723664;213.26694572489163
653.7;217.2;300.67256980723664;213.26694572489163
210.82;219.6857;300.67256980723664;213.26694572489163
232.58;215.4286;300.67256980723664;213.26694572489163
232.72;219.5143;300.67256980723664;213.26694572489163
231.32;219.3714;300.67256980723664;213.26694572489163
232.16;219.6;300.67256980723664;213.26694572489163
233.7;219.5429;300.67256980723664;213.26694572489163
233.28;219.6571;300.67256980723664;213.26694572489163
234.46;219.6857;300.67256980723664;213.26694572489163
235.51;219.6857;300.67256980723664;213.26694572489163
234.84;219.8857;300.67256980723664;213.26694572489163
233.21;219.7143;300.67256980723664;213.26694572489163
231.04;219.7714;300.67256980723664;213.26694572489163
228.99;219.4857;300.67256980723664;213.26694572489163
228.93;219.7714;300.67256980723664;213.26694572489163
229.45;219.6857;300.67256980723664;213.26694572489163
230.06;219.6;300.67256980723664;213.26694572489163
227.38;219.7429;300.67256980723664;213.26694572489163
227.58;219.7429;300.67256980723664;213.26694572489163
225.99;219.7143;300.67256980723664;213.26694572489163
221.82;219.7143;300.67256980723664;213.26694572489163
219.65;219.6857;300.67256980723664;213.26694572489163
221.36;219.6571;300.67256980723664;213.26694572489163
223.65;219.7714;300.67256980723664;213.26694572489163
222.01;219.5429;300.67256980723664;213.26694572489163
221.08;219.0571;300.67256980723664;213.26694572489163
220.19;210.7143;300.67256980723664;213.26694572489163
220.61;216.5143;300.67256980723664;213.26694572489163
219.5;215.4857;300.67256980723664;213.26694572489163
218.81;215.4857;300.67256980723664;213.26694572489163
218.49;214.1143;300.67256980723664;213.26694572489163
217.5;216.0286;300.67256980723664;213.26694572489163
216.07;216.0571;300.67256980723664;213.26694572489163
218.31;214.7714;300.67256980723664;213.26694572489163
217.43;213.3429;300.67256980723664;213.26694572489163
216.41;219.4857;300.67256980723664;213.26694572489163
214.39;215.0571;300.67256980723664;213.26694572489163
211.96;215.5429;300.67256980723664;213.26694572489163
211.34;210.2286;300.67256980723664;213.26694572489163
210.4;208.6286;300.67256980723664;213.26694572489163
209.01;210.0571;300.67256980723664;213.26694572489163
209.15;206.5143;300.67256980723664;213.26694572489163
209.01;209.2;300.67256980723664;213.26694572489163
208.48;210.2857;300.67256980723664;213.26694572489163
207.61;205.0;300.67256980723664;213.26694572489163
204.89;204.9143;300.67256980723664;213.26694572489163
205.17;204.6857;300.67256980723664;213.26694572489163
203.75;202.1143;300.67256980723664;213.26694572489163
205.35;202.0286;300.67256980723664;213.26694572489163
206.61;202.9429;300.67256980723664;213.26694572489163
204.58;201.6571;300.67256980723664;213.26694572489163
203.58;199.5429;300.67256980723664;213.26694572489163
201.89;202.5429;300.67256980723664;213.26694572489163
202.08;197.7714;300.67256980723664;213.26694572489163
202.9;197.1429;300.67256980723664;213.26694572489163
202.24;196.1714;300.67256980723664;213.26694572489163
201.18;198.1429;300.67256980723664;213.26694572489163
199.35;200.1429;300.67256980723664;213.26694572489163
197.25;197.6286;300.67256980723664;213.26694572489163
197.09;195.0571;300.67256980723664;213.26694572489163
196.07;195.7714;300.67256980723664;213.26694572489163
195.57;195.2286;300.67256980723664;213.26694572489163
194.92;196.6571;300.67256980723664;213.26694572489163
194.92;197.2857;300.67256980723664;213.26694572489163
193.0;195.6857;300.67256980723664;213.26694572489163
192.77;194.1143;300.67256980723664;213.26694572489163
192.79;192.3429;300.67256980723664;213.26694572489163
192.68;192.5429;300.67256980723664;213.26694572489163
192.46;192.7714;300.67256980723664;213.26694572489163
191.89;192.0286;300.67256980723664;213.26694572489163
192.18;191.6;300.67256980723664;213.26694572489163
189.79;190.9714;300.67256980723664;213.26694572489163
189.49;191.0571;300.67256980723664;213.26694572489163
188.77;189.8571;300.67256980723664;213.26694572489163
188.84;188.8857;300.67256980723664;213.26694572489163
188.05;188.6;300.67256980723664;213.26694572489163
188.46;189.8286;300.67256980723664;213.26694572489163
187.36;189.4286;300.67256980723664;213.26694572489163
185.75;188.7429;300.67256980723664;213.26694572489163
185.15;187.3714;300.67256980723664;213.26694572489163
183.86;187.2857;300.67256980723664;213.26694572489163
183.74;186.2571;300.67256980723664;213.26694572489163
182.61;186.4571;300.67256980723664;213.26694572489163
182.31;186.5429;300.67256980723664;213.26694572489163
181.67;186.9429;300.67256980723664;213.26694572489163
180.17;185.9429;300.67256980723664;213.26694572489163
179.32;184.0286;300.67256980723664;213.26694572489163
178.48;184.3429;300.67256980723664;213.26694572489163
180.87;183.5714;300.67256980723664;213.26694572489163
180.17;181.5143;300.67256980723664;213.26694572489163
178.49;180.5714;300.67256980723664;213.26694572489163
177.38;180.7143;300.67256980723664;213.26694572489163
177.81;181.1429;300.67256980723664;213.26694572489163
177.33;180.4;300.67256980723664;213.26694572489163
176.64;178.7429;300.67256980723664;213.26694572489163
174.11;176.5429;300.67256980723664;213.26694572489163
173.49;179.8571;300.67256980723664;213.26694572489163
174.44;180.5714;300.67256980723664;213.26694572489163
174.17;177.6;300.67256980723664;213.26694572489163
174.4;177.6857;300.67256980723664;213.26694572489163
174.69;178.3714;300.67256980723664;213.26694572489163
174.07;177.1429;300.67256980723664;213.26694572489163
173.2;177.1429;300.67256980723664;213.26694572489163
170.93;175.5429;300.67256980723664;213.26694572489163
168.56;174.5714;300.67256980723664;213.26694572489163
168.29;175.1714;300.67256980723664;213.26694572489163
168.86;173.8286;300.67256980723664;213.26694572489163
169.03;172.4857;300.67256980723664;213.26694572489163
168.37;170.8571;300.67256980723664;213.26694572489163
167.29;172.8857;300.67256980723664;213.26694572489163
167.16;170.3429;300.67256980723664;213.26694572489163
166.8;167.7714;300.67256980723664;213.26694572489163
164.55;166.6;300.67256980723664;213.26694572489163
164.18;167.0857;300.67256980723664;213.26694572489163
164.79;164.7143;300.67256980723664;213.26694572489163
164.59;165.2571;300.67256980723664;213.26694572489163
164.1;165.8286;300.67256980723664;213.26694572489163
162.65;165.5143;300.67256980723664;213.26694572489163
162.45;165.2571;300.67256980723664;213.26694572489163
161.27;165.4;300.67256980723664;213.26694572489163
161.13;162.0;300.67256980723664;213.26694572489163
160.73;164.1714;300.67256980723664;213.26694572489163
160.31;164.4286;300.67256980723664;213.26694572489163
159.02;165.6571;300.67256980723664;213.26694572489163
160.39;167.1143;300.67256980723664;213.26694572489163
160.43;164.6571;300.67256980723664;213.26694572489163
160.14;163.8;300.67256980723664;213.26694572489163
158.72;162.9143;300.67256980723664;213.26694572489163
158.43;161.3714;300.67256980723664;213.26694572489163
157.82;159.8;300.67256980723664;213.26694572489163
158.38;159.3429;300.67256980723664;213.26694572489163
158.13;156.3143;300.67256980723664;213.26694572489163
156.86;158.4571;300.67256980723664;213.26694572489163
154.98;156.6571;300.67256980723664;213.26694572489163
154.37;156.3714;300.67256980723664;213.26694572489163
154.59;155.3429;300.67256980723664;213.26694572489163
154.2;155.4;300.67256980723664;213.26694572489163
154.29;154.1429;300.67256980723664;213.26694572489163
153.63;153.8;300.67256980723664;213.26694572489163
151.36;153.8286;300.67256980723664;213.26694572489163
151.1;151.9429;300.67256980723664;213.26694572489163
151.04;149.4571;300.67256980723664;213.26694572489163
150.06;151.4;300.67256980723664;213.26694572489163
150.2;150.8571;300.67256980723664;213.26694572489163
148.63;150.1143;300.67256980723664;213.26694572489163
148.28;149.9429;300.67256980723664;213.26694572489163
147.81;150.6571;300.67256980723664;213.26694572489163
148.91;149.0857;300.67256980723664;213.26694572489163
148.78;148.3429;300.67256980723664;213.26694572489163
148.6;149.7143;300.67256980723664;213.26694572489163
148.11;146.2571;300.67256980723664;213.26694572489163
148.24;146.8571;300.67256980723664;213.26694572489163
146.86;143.9429;300.67256980723664;213.26694572489163
145.75;143.6857;300.67256980723664;213.26694572489163
144.89;143.0286;300.67256980723664;213.26694572489163
144.18;144.4;300.67256980723664;213.26694572489163
143.98;145.6;300.67256980723664;213.26694572489163
143.57;144.3714;300.67256980723664;213.26694572489163
143.7;144.7714;300.67256980723664;213.26694572489163
143.57;144.3143;300.67256980723664;213.26694572489163
142.37;143.1714;300.67256980723664;213.26694572489163
140.8;141.7429;300.67256980723664;213.26694572489163
141.12;140.2857;300.67256980723664;213.26694572489163
139.81;138.5143;300.67256980723664;213.26694572489163
139.13;139.7714;300.67256980723664;213.26694572489163
138.37;140.0571;300.67256980723664;213.26694572489163
137.67;138.8571;300.67256980723664;213.26694572489163
138.68;139.9143;300.67256980723664;213.26694572489163
139.31;137.7429;300.67256980723664;213.26694572489163
139.37;136.9714;300.67256980723664;213.26694572489163
139.78;138.2571;300.67256980723664;213.26694572489163
139.03;137.9143;300.67256980723664;213.26694572489163
137.93;136.8857;300.67256980723664;213.26694572489163
137.32;136.7429;300.67256980723664;213.26694572489163
136.73;135.5429;300.67256980723664;213.26694572489163
135.98;135.8571;300.67256980723664;213.26694572489163
134.62;136.2857;300.67256980723664;213.26694572489163
135.14;136.4286;300.67256980723664;213.26694572489163
135.18;136.8;300.67256980723664;213.26694572489163
134.93;135.9429;300.67256980723664;213.26694572489163
134.48;134.7143;300.67256980723664;213.26694572489163
134.56;134.2857;300.67256980723664;213.26694572489163
134.32;133.2571;300.67256980723664;213.26694572489163
133.68;132.2;300.67256980723664;213.26694572489163
132.48;130.4857;300.67256980723664;213.26694572489163
132.07;131.7714;300.67256980723664;213.26694572489163
132.34;132.4;300.67256980723664;213.26694572489163
132.96;131.7429;300.67256980723664;213.26694572489163
132.58;130.7143;300.67256980723664;213.26694572489163
131.87;130.6286;300.67256980723664;213.26694572489163
130.93;131.1143;300.67256980723664;213.26694572489163
131.03;129.3714;300.67256980723664;213.26694572489163
130.96;128.4286;300.67256980723664;213.26694572489163
129.83;129.0;300.67256980723664;213.26694572489163
129.25;130.4857;300.67256980723664;213.26694572489163
130.14;129.7143;300.67256980723664;213.26694572489163
130.2;129.2;300.67256980723664;213.26694572489163
129.46;127.6;300.67256980723664;213.26694572489163
128.68;127.5429;300.67256980723664;213.26694572489163
127.17;127.4857;300.67256980723664;213.26694572489163
125.54;127.6571;300.67256980723664;213.26694572489163
125.24;127.4857;300.67256980723664;213.26694572489163
124.32;125.8857;300.67256980723664;213.26694572489163
124.83;126.0;300.67256980723664;213.26694572489163
125.27;126.6;300.67256980723664;213.26694572489163
124.74;126.5429;300.67256980723664;213.26694572489163
122.72;125.4571;300.67256980723664;213.26694572489163
122.64;124.0571;300.67256980723664;213.26694572489163
122.66;123.0;300.67256980723664;213.26694572489163
121.51;122.8857;300.67256980723664;213.26694572489163
121.41;120.5714;300.67256980723664;213.26694572489163
121.53;121.5143;300.67256980723664;213.26694572489163
120.76;121.9714;300.67256980723664;213.26694572489163
120.39;122.3714;300.67256980723664;213.26694572489163
121.21;119.7714;300.67256980723664;213.26694572489163
122.02;120.1143;300.67256980723664;213.26694572489163
121.94;120.8;300.67256980723664;213.26694572489163
120.97;118.7143;300.67256980723664;213.26694572489163
119.69;119.6571;300.67256980723664;213.26694572489163
118.37;119.3714;300.67256980723664;213.26694572489163
118.53;118.0286;300.67256980723664;213.26694572489163
117.57;118.2;300.67256980723664;213.26694572489163
116.68;119.5714;300.67256980723664;213.26694572489163
116.76;120.4;300.67256980723664;213.26694572489163
116.4;118.9714;300.67256980723664;213.26694572489163
116.42;117.5143;300.67256980723664;213.26694572489163
116.87;117.5714;300.67256980723664;213.26694572489163
116.35;116.0;300.67256980723664;213.26694572489163
116.17;116.9714;300.67256980723664;213.26694572489163
115.67;115.2571;300.67256980723664;213.26694572489163
114.89;114.0857;300.67256980723664;213.26694572489163
115.5;114.7429;300.67256980723664;213.26694572489163
115.35;113.8286;300.67256980723664;213.26694572489163
114.75;113.9714;300.67256980723664;213.26694572489163
113.71;114.6;300.67256980723664;213.26694572489163
113.34;114.9143;300.67256980723664;213.26694572489163
113.62;115.0;300.67256980723664;213.26694572489163
113.46;113.9429;300.67256980723664;213.26694572489163
113.19;113.3714;300.67256980723664;213.26694572489163
112.31;113.6286;300.67256980723664;213.26694572489163
111.56;112.9429;300.67256980723664;213.26694572489163
111.46;112.6286;300.67256980723664;213.26694572489163
111.45;111.1714;300.67256980723664;213.26694572489163
111.26;111.5429;300.67256980723664;213.26694572489163
111.21;110.2857;300.67256980723664;213.26694572489163
111.02;109.8;300.67256980723664;213.26694572489163
111.19;110.6286;300.67256980723664;213.26694572489163
110.64;109.8571;300.67256980723664;213.26694572489163
110.56;110.2571;300.67256980723664;213.26694572489163
109.97;110.0286;300.67256980723664;213.26694572489163
108.95;109.2571;300.67256980723664;213.26694572489163
108.43;108.4857;300.67256980723664;213.26694572489163
108.19;108.6571;300.67256980723664;213.26694572489163
106.92;107.9714;300.67256980723664;213.26694572489163
106.28;108.0857;300.67256980723664;213.26694572489163
107.47;106.8571;300.67256980723664;213.26694572489163
107.96;107.4286;300.67256980723664;213.26694572489163
107.74;106.8857;300.67256980723664;213.26694572489163
107.32;105.8857;300.67256980723664;213.26694572489163
106.85;106.4286;300.67256980723664;213.26694572489163
106.43;105.3429;300.67256980723664;213.26694572489163
105.4;103.6;300.67256980723664;213.26694572489163
104.88;104.6286;300.67256980723664;213.26694572489163
105.21;106.0286;300.67256980723664;213.26694572489163
105.39;105.6;300.67256980723664;213.26694572489163
105.15;105.4857;300.67256980723664;213.26694572489163
104.58;105.6571;300.67256980723664;213.26694572489163
104.82;104.4571;300.67256980723664;213.26694572489163
104.02;104.5143;300.67256980723664;213.26694572489163
102.81;102.0286;300.67256980723664;213.26694572489163
102.23;102.0;300.67256980723664;213.26694572489163
101.17;101.8286;300.67256980723664;213.26694572489163
100.63;102.8571;300.67256980723664;213.26694572489163
100.46;101.8;300.67256980723664;213.26694572489163
101.15;101.6571;300.67256980723664;213.26694572489163
101.05;102.1143;300.67256980723664;213.26694572489163
101.68;101.7429;300.67256980723664;213.26694572489163
101.5;100.0;300.67256980723664;213.26694572489163
100.79;99.5714;300.67256980723664;213.26694572489163
100.27;98.3714;300.67256980723664;213.26694572489163
99.93;99.0571;300.67256980723664;213.26694572489163
99.97;98.3143;300.67256980723664;213.26694572489163
99.46;99.3429;300.67256980723664;213.26694572489163
99.62;98.4571;300.67256980723664;213.26694572489163
99.55;100.3714;300.67256980723664;213.26694572489163
99.98;99.9429;300.67256980723664;213.26694572489163
99.36;98.2286;300.67256980723664;213.26694572489163
98.4;97.0857;300.67256980723664;213.26694572489163
97.68;96.3429;300.67256980723664;213.26694572489163
96.53;96.2;300.67256980723664;213.26694572489163
95.69;95.3714;300.67256980723664;213.26694572489163
95.26;96.9143;300.67256980723664;213.26694572489163
95.28;97.0857;300.67256980723664;213.26694572489163
94.63;97.7429;300.67256980723664;213.26694572489163
95.25;97.9714;300.67256980723664;213.26694572489163
95.27;96.4857;300.67256980723664;213.26694572489163
94.96;94.9714;300.67256980723664;213.26694572489163
94.76;93.8;300.67256980723664;213.26694572489163
95.23;92.7714;300.67256980723664;213.26694572489163
95.27;92.5429;300.67256980723664;213.26694572489163
94.79;93.3714;300.67256980723664;213.26694572489163
93.64;92.6286;300.67256980723664;213.26694572489163
93.07;94.4857;300.67256980723664;213.26694572489163
93.3;93.5143;300.67256980723664;213.26694572489163
92.98;92.0;300.67256980723664;213.26694572489163
92.49;91.8571;300.67256980723664;213.26694572489163
91.8;92.6286;300.67256980723664;213.26694572489163
92.09;93.3429;300.67256980723664;213.26694572489163
92.84;92.0571;300.67256980723664;213.26694572489163
93.1;90.6857;300.67256980723664;213.26694572489163
93.27;90.2;300.67256980723664;213.26694572489163
92.93;90.5429;300.67256980723664;213.26694572489163
92.21;90.2857;300.67256980723664;213.26694572489163
91.8;89.3429;300.67256980723664;213.26694572489163
91.75;89.2571;300.67256980723664;213.26694572489163
91.49;90.1429;300.67256980723664;213.26694572489163
91.02;91.3429;300.67256980723664;213.26694572489163
90.22;91.0;300.67256980723664;213.26694572489163
89.98;90.6857;300.67256980723664;213.26694572489163
90.76;90.2;300.67256980723664;213.26694572489163
91.1;89.8286;300.67256980723664;213.26694572489163
90.71;90.2571;300.67256980723664;213.26694572489163
89.71;90.4;300.67256980723664;213.26694572489163
89.1;90.0286;300.67256980723664;213.26694572489163
88.64;88.7143;300.67256980723664;213.26694572489163
87.94;87.3429;300.67256980723664;213.26694572489163
87.0;87.5714;300.67256980723664;213.26694572489163
87.57;88.7714;300.67256980723664;213.26694572489163
87.74;88.8571;300.67256980723664;213.26694572489163
87.1;87.7714;300.67256980723664;213.26694572489163
86.9;86.7429;300.67256980723664;213.26694572489163
86.63;86.4286;300.67256980723664;213.26694572489163
86.85;86.0286;300.67256980723664;213.26694572489163
87.06;85.6857;300.67256980723664;213.26694572489163
87.19;84.6286;300.67256980723664;213.26694572489163
86.9;85.7143;300.67256980723664;213.26694572489163
86.39;85.5143;300.67256980723664;213.26694572489163
85.71;84.1714;300.67256980723664;213.26694572489163
84.78;84.3429;300.67256980723664;213.26694572489163
84.1;84.2286;300.67256980723664;213.26694572489163
83.62;85.3429;300.67256980723664;213.26694572489163
83.79;85.8857;300.67256980723664;213.26694572489163
84.24;85.8286;300.67256980723664;213.26694572489163
84.2;84.5143;300.67256980723664;213.26694572489163
84.13;84.0;300.67256980723664;213.26694572489163
84.07;83.5143;300.67256980723664;213.26694572489163
84.26;82.2;300.67256980723664;213.26694572489163
84.1;81.6;300.67256980723664;213.26694572489163
83.89;81.1429;300.67256980723664;213.26694572489163
83.14;81.4571;300.67256980723664;213.26694572489163
82.62;82.2857;300.67256980723664;213.26694572489163
82.04;81.9429;300.67256980723664;213.26694572489163
81.23;81.8857;300.67256980723664;213.26694572489163
80.97;82.5143;300.67256980723664;213.26694572489163
80.38;82.3429;300.67256980723664;213.26694572489163
79.88;81.6286;300.67256980723664;213.26694572489163
80.29;81.3714;300.67256980723664;213.26694572489163
80.59;81.7429;300.67256980723664;213.26694572489163
81.02;81.0571;300.67256980723664;213.26694572489163
80.99;80.6286;300.67256980723664;213.26694572489163
81.01;79.9429;300.67256980723664;213.26694572489163
80.75;79.8857;300.67256980723664;213.26694572489163
80.61;79.0857;300.67256980723664;213.26694572489163
80.63;77.5143;300.67256980723664;213.26694572489163
80.55;78.0857;300.67256980723664;213.26694572489163
80.29;78.8;300.67256980723664;213.26694572489163
80.13;78.8571;300.67256980723664;213.26694572489163
79.82;78.8286;300.67256980723664;213.26694572489163
79.03;78.4286;300.67256980723664;213.26694572489163
78.56;78.5714;300.67256980723664;213.26694572489163
78.39;78.6571;300.67256980723664;213.26694572489163
78.34;78.2857;300.67256980723664;213.26694572489163
78.28;78.1714;300.67256980723664;213.26694572489163
78.1;78.2571;300.67256980723664;213.26694572489163
78.12;78.7143;300.67256980723664;213.26694572489163
77.82;78.3143;300.67256980723664;213.26694572489163
77.18;77.1143;300.67256980723664;213.26694572489163
77.14;77.0857;300.67256980723664;213.26694572489163
76.96;76.7143;300.67256980723664;213.26694572489163
76.84;76.8857;300.67256980723664;213.26694572489163
76.55;76.6857;300.67256980723664;213.26694572489163
76.19;75.7429;300.67256980723664;213.26694572489163
75.92;75.2857;300.67256980723664;213.26694572489163
75.64;75.4571;300.67256980723664;213.26694572489163
75.25;74.8;300.67256980723664;213.26694572489163
74.84;75.1429;300.67256980723664;213.26694572489163
74.4;75.1429;300.67256980723664;213.26694572489163
73.87;75.2286;300.67256980723664;213.26694572489163
73.45;74.7714;300.67256980723664;213.26694572489163
73.74;74.5143;300.67256980723664;213.26694572489163
73.95;74.1429;300.67256980723664;213.26694572489163
73.84;74.1143;300.67256980723664;213.26694572489163
73.67;74.1714;300.67256980723664;213.26694572489163
73.51;73.4857;300.67256980723664;213.26694572489163
73.32;73.0857;300.67256980723664;213.26694572489163
72.77;73.0286;300.67256980723664;213.26694572489163
72.33;71.7143;300.67256980723664;213.26694572489163
71.98;72.6857;300.67256980723664;213.26694572489163
71.87;73.0;300.67256980723664;213.26694572489163
72.23;72.8;300.67256980723664;213.26694572489163
72.3;72.7143;300.67256980723664;213.26694572489163
72.33;72.2286;300.67256980723664;213.26694572489163
71.96;72.3143;300.67256980723664;213.26694572489163
71.93;71.7714;300.67256980723664;213.26694572489163
71.7;71.1143;300.67256980723664;213.26694572489163
71.37;70.6571;300.67256980723664;213.26694572489163
71.21;70.4571;300.67256980723664;213.26694572489163
70.83;70.6857;300.67256980723664;213.26694572489163
70.23;70.4571;300.67256980723664;213.26694572489163
69.93;70.7143;300.67256980723664;213.26694572489163
69.74;70.4286;300.67256980723664;213.26694572489163
69.84;70.7714;300.67256980723664;213.26694572489163
69.78;70.3714;300.67256980723664;213.26694572489163
69.51;69.7714;300.67256980723664;213.26694572489163
69.29;69.7143;300.67256980723664;213.26694572489163
68.8;69.5143;300.67256980723664;213.26694572489163
68.31;68.7143;300.67256980723664;213.26694572489163
67.95;68.1143;300.67256980723664;213.26694572489163
67.77;68.3714;300.67256980723664;213.26694572489163
67.88;68.2;300.67256980723664;213.26694572489163
67.62;67.8857;300.67256980723664;213.26694572489163
67.62;68.2571;300.67256980723664;213.26694572489163
67.53;67.6;300.67256980723664;213.26694572489163
67.35;66.7429;300.67256980723664;213.26694572489163
67.07;65.8857;300.67256980723664;213.26694572489163
66.65;65.5429;300.67256980723664;213.26694572489163
66.62;65.7429;300.67256980723664;213.26694572489163
66.25;65.7714;300.67256980723664;213.26694572489163
66.12;65.4286;300.67256980723664;213.26694572489163
65.86;65.6571;300.67256980723664;213.26694572489163
65.69;65.8286;300.67256980723664;213.26694572489163
65.49;65.5143;300.67256980723664;213.26694572489163
65.46;64.3714;300.67256980723664;213.26694572489163
65.39;63.9143;300.67256980723664;213.26694572489163
65.43;64.1429;300.67256980723664;213.26694572489163
65.62;64.0286;300.67256980723664;213.26694572489163
65.43;63.8286;300.67256980723664;213.26694572489163
65.05;63.5429;300.67256980723664;213.26694572489163
64.6;63.2;300.67256980723664;213.26694572489163
64.39;63.4286;300.67256980723664;213.26694572489163
64.31;63.5714;300.67256980723664;213.26694572489163
63.93;62.7429;300.67256980723664;213.26694572489163
63.75;63.0;300.67256980723664;213.26694572489163
63.79;63.2;300.67256980723664;213.26694572489163
64.04;62.8857;300.67256980723664;213.26694572489163
63.88;62.8;300.67256980723664;213.26694572489163
63.69;62.5714;300.67256980723664;213.26694572489163
63.66;62.5143;300.67256980723664;213.26694572489163
63.41;62.7143;300.67256980723664;213.26694572489163
62.98;62.3143;300.67256980723664;213.26694572489163
62.6;61.3714;300.67256980723664;213.26694572489163
62.31;61.6571;300.67256980723664;213.26694572489163
62.17;62.1714;300.67256980723664;213.26694572489163
62.01;62.5143;300.67256980723664;213.26694572489163
62.16;62.3714;300.67256980723664;213.26694572489163
61.8;61.6857;300.67256980723664;213.26694572489163
61.24;61.2286;300.67256980723664;213.26694572489163
60.84;60.5429;300.67256980723664;213.26694572489163
60.91;60.0571;300.67256980723664;213.26694572489163
60.76;59.8571;300.67256980723664;213.26694572489163
60.59;59.9714;300.67256980723664;213.26694572489163
60.69;59.8857;300.67256980723664;213.26694572489163
60.72;59.7143;300.67256980723664;213.26694572489163
60.33;59.4286;300.67256980723664;213.26694572489163
59.99;59.0571;300.67256980723664;213.26694572489163
59.78;59.1714;300.67256980723664;213.26694572489163
59.65;58.7714;300.67256980723664;213.26694572489163
59.57;58.5143;300.67256980723664;213.26694572489163
59.55;58.7714;300.67256980723664;213.26694572489163
59.57;59.1429;300.67256980723664;213.26694572489163
59.6;59.0;300.67256980723664;213.26694572489163
59.38;58.3429;300.67256980723664;213.26694572489163
59.2;57.6;300.67256980723664;213.26694572489163
58.88;57.7429;300.67256980723664;213.26694572489163
58.47;57.2286;300.67256980723664;213.26694572489163
58.22;56.6286;300.67256980723664;213.26694572489163
57.82;56.8;300.67256980723664;213.26694572489163
57.71;57.0571;300.67256980723664;213.26694572489163
57.48;57.7714;300.67256980723664;213.26694572489163
57.6;57.3143;300.67256980723664;213.26694572489163
57.87;56.8;300.67256980723664;213.26694572489163
57.89;56.4571;300.67256980723664;213.26694572489163
57.6;55.9429;300.67256980723664;213.26694572489163
57.03;55.8571;300.67256980723664;213.26694572489163
56.4;55.3429;300.67256980723664;213.26694572489163
56.37;55.3143;300.67256980723664;213.26694572489163
56.18;55.0857;300.67256980723664;213.26694572489163
56.2;55.2857;300.67256980723664;213.26694572489163
56.27;55.4857;300.67256980723664;213.26694572489163
56.11;55.6857;300.67256980723664;213.26694572489163
55.59;55.3714;300.67256980723664;213.26694572489163
55.07;54.6571;300.67256980723664;213.26694572489163
54.73;54.0286;300.67256980723664;213.26694572489163
54.48;53.9143;300.67256980723664;213.26694572489163
54.64;53.8571;300.67256980723664;213.26694572489163
54.75;54.1714;300.67256980723664;213.26694572489163
54.55;54.0;300.67256980723664;213.26694572489163
54.56;53.8857;300.67256980723664;213.26694572489163
54.35;53.5429;300.67256980723664;213.26694572489163
54.31;52.8286;300.67256980723664;213.26694572489163
54.05;52.7714;300.67256980723664;213.26694572489163
51.4;52.5714;300.67256980723664;213.26694572489163
484.04;52.9429;300.67256980723664;213.26694572489163
412.36;53.0;300.67256980723664;213.26694572489163
315.08;52.8;300.67256980723664;213.26694572489163
243.4;52.5714;300.67256980723664;213.26694572489163
266.44;52.1429;300.67256980723664;213.26694572489163
253.64;52.2857;300.67256980723664;213.26694572489163
269.0;52.1714;300.67256980723664;213.26694572489163
286.92;51.6;300.67256980723664;213.26694572489163
286.92;51.1143;300.67256980723664;213.26694572489163
343.24;50.7429;300.67256980723664;213.26694572489163
358.6;50.7714;300.67256980723664;213.26694572489163
320.2;50.4571;300.67256980723664;213.26694572489163
274.12;50.6;300.67256980723664;213.26694572489163
189.64;50.7143;300.67256980723664;213.26694572489163
148.68;50.7714;300.67256980723664;213.26694572489163
123.07;50.6;300.67256980723664;213.26694572489163
642.75;50.6;300.67256980723664;213.26694572489163
545.47;50.9143;300.67256980723664;213.26694572489163
583.87;50.6571;300.67256980723664;213.26694572489163
555.71;50.4286;300.67256980723664;213.26694572489163
460.99;50.2857;300.67256980723664;213.26694572489163
389.31;49.9714;300.67256980723664;213.26694572489163
299.71;49.8286;300.67256980723664;213.26694572489163
271.55;49.9429;300.67256980723664;213.26694572489163
215.23;49.2571;300.67256980723664;213.26694572489163
217.79;48.9143;300.67256980723664;213.26694572489163
199.87;49.3429;300.67256980723664;213.26694572489163
161.47;49.2857;300.67256980723664;213.26694572489163
102.59;49.1143;300.67256980723664;213.26694572489163
43.7;48.7143;300.67256980723664;213.26694572489163
652.98;48.4;300.67256980723664;213.26694572489163
588.98;48.0857;300.67256980723664;213.26694572489163
599.22;47.8857;300.67256980723664;213.26694572489163
555.7;47.7714;300.67256980723664;213.26694572489163
558.26;47.6;300.67256980723664;213.26694572489163
568.5;47.5143;300.67256980723664;213.26694572489163
558.26;47.2571;300.67256980723664;213.26694572489163
473.78;47.1429;300.67256980723664;213.26694572489163
412.34;47.0;300.67256980723664;213.26694572489163
345.78;46.8;300.67256980723664;213.26694572489163
302.26;46.8286;300.67256980723664;213.26694572489163
279.22;46.7143;300.67256980723664;213.26694572489163
261.3;46.7714;300.67256980723664;213.26694572489163
235.7;46.7143;300.67256980723664;213.26694572489163
215.22;46.8286;300.67256980723664;213.26694572489163
233.14;46.5429;300.67256980723664;213.26694572489163
279.22;46.3429;300.67256980723664;213.26694572489163
271.54;46.1429;300.67256980723664;213.26694572489163
238.26;46.1714;300.67256980723664;213.26694572489163
166.58;46.1714;300.67256980723664;213.26694572489163
71.85;46.0286;300.67256980723664;213.26694572489163
617.13;45.8571;300.67256980723664;213.26694572489163
486.57;45.8857;300.67256980723664;213.26694572489163
361.13;45.6857;300.67256980723664;213.26694572489163
315.05;45.7714;300.67256980723664;213.26694572489163
325.29;45.5714;300.67256980723664;213.26694572489163
345.77;45.4;300.67256980723664;213.26694572489163
350.89;45.1143;300.67256980723664;213.26694572489163
348.33;44.9143;300.67256980723664;213.26694572489163
279.21;44.6857;300.67256980723664;213.26694572489163
181.93;44.2;300.67256980723664;213.26694572489163
120.49;43.7714;300.67256980723664;213.26694572489163
64.17;43.6857;300.67256980723664;213.26694572489163
76.97;43.8;300.67256980723664;213.26694572489163
12.96;43.9429;300.67256980723664;213.26694572489163
568.48;43.9429;300.67256980723664;213.26694572489163
530.08;43.8286;300.67256980723664;213.26694572489163
532.64;43.6;300.67256980723664;213.26694572489163
548.0;43.3714;300.67256980723664;213.26694572489163
507.04;43.0571;300.67256980723664;213.26694572489163
414.88;42.8286;300.67256980723664;213.26694572489163
335.52;42.7143;300.67256980723664;213.26694572489163
284.32;42.4857;300.67256980723664;213.26694572489163
263.84;42.1714;300.67256980723664;213.26694572489163
245.92;42.1714;300.67256980723664;213.26694572489163
245.92;42.1143;300.67256980723664;213.26694572489163
233.12;42.0857;300.67256980723664;213.26694572489163
161.44;41.8571;300.67256980723664;213.26694572489163
199.84;41.5143;300.67256980723664;213.26694572489163
248.48;41.2571;300.67256980723664;213.26694572489163
230.56;40.9714;300.67256980723664;213.26694572489163
174.24;41.0286;300.67256980723664;213.26694572489163
125.6;40.8857;300.67256980723664;213.26694572489163
59.03;40.7714;300.67256980723664;213.26694572489163
617.11;40.6857;300.67256980723664;213.26694572489163
606.87;40.4;300.67256980723664;213.26694572489163
581.27;40.2286;300.67256980723664;213.26694572489163
540.31;40.2286;300.67256980723664;213.26694572489163
512.15;40.0857;300.67256980723664;213.26694572489163
522.39;40.0;300.67256980723664;213.26694572489163
512.15;40.0571;300.67256980723664;213.26694572489163
550.55;40.0;300.67256980723664;213.26694572489163
517.27;39.8857;300.67256980723664;213.26694572489163
443.03;39.9429;300.67256980723664;213.26694572489163
386.71;39.9714;300.67256980723664;213.26694572489163
338.07;39.8286;300.67256980723664;213.26694572489163
322.71;39.5429;300.67256980723664;213.26694572489163
266.39;39.4286;300.67256980723664;213.26694572489163
245.91;39.1143;300.67256980723664;213.26694572489163
212.63;39.0286;300.67256980723664;213.26694572489163
151.19;38.9714;300.67256980723664;213.26694572489163
140.95;38.6286;300.67256980723664;213.26694572489163
135.83;38.1143;300.67256980723664;213.26694572489163
51.34;38.2286;300.67256980723664;213.26694572489163
632.46;38.2286;300.67256980723664;213.26694572489163
645.26;38.1714;300.67256980723664;213.26694572489163
647.82;37.9143;300.67256980723664;213.26694572489163
629.9;37.7714;300.67256980723664;213.26694572489163
617.1;37.5429;300.67256980723664;213.26694572489163
640.14;37.7429;300.67256980723664;213.26694572489163
622.22;37.6571;300.67256980723664;213.26694572489163
573.58;37.4571;300.67256980723664;213.26694572489163
563.34;37.1714;300.67256980723664;213.26694572489163
496.78;37.1429;300.67256980723664;213.26694572489163
455.82;37.2571;300.67256980723664;213.26694572489163
437.9;36.9429;300.67256980723664;213.26694572489163
376.46;36.7143;300.67256980723664;213.26694572489163
304.78;36.8286;300.67256980723664;213.26694572489163
251.02;36.8857;300.67256980723664;213.26694572489163
153.74;36.7714;300.67256980723664;213.26694572489163
112.78;36.5714;300.67256980723664;213.26694572489163
92.3;36.2857;300.67256980723664;213.26694572489163
94.86;36.0857;300.67256980723664;213.26694572489163
74.38;36.2;300.67256980723664;213.26694572489163
105.1;35.9714;300.67256980723664;213.26694572489163
146.06;35.5714;300.67256980723664;213.26694572489163
105.1;35.2857;300.67256980723664;213.26694572489163
30.85;35.2;300.67256980723664;213.26694572489163
614.53;35.2286;300.67256980723664;213.26694572489163
553.09;35.2286;300.67256980723664;213.26694572489163
542.85;35.0286;300.67256980723664;213.26694572489163
522.37;34.9429;300.67256980723664;213.26694572489163
483.97;34.7143;300.67256980723664;213.26694572489163
476.29;34.8;300.67256980723664;213.26694572489163
443.01;34.7143;300.67256980723664;213.26694572489163
363.65;34.5429;300.67256980723664;213.26694572489163
353.41;34.2571;300.67256980723664;213.26694572489163
353.41;34.0857;300.67256980723664;213.26694572489163
340.61;33.9714;300.67256980723664;213.26694572489163
271.49;33.9429;300.67256980723664;213.26694572489163
251.01;33.8286;300.67256980723664;213.26694572489163
217.73;33.5143;300.67256980723664;213.26694572489163
192.13;33.3429;300.67256980723664;213.26694572489163
161.41;33.3143;300.67256980723664;213.26694572489163
125.57;33.2;300.67256980723664;213.26694572489163
107.65;32.9714;300.67256980723664;213.26694572489163
89.73;32.9714;300.67256980723664;213.26694572489163
41.08;32.7143;300.67256980723664;213.26694572489163
647.8;32.5714;300.67256980723664;213.26694572489163
637.57;32.5714;300.67256980723664;213.26694572489163
12.93;32.5143;300.67256980723664;213.26694572489163
15.49;32.2571;300.67256980723664;213.26694572489163
18.04;32.2286;300.67256980723664;213.26694572489163
629.88;32.0286;300.67256980723664;213.26694572489163
594.04;31.7143;300.67256980723664;213.26694572489163
568.44;31.5714;300.67256980723664;213.26694572489163
553.08;31.5143;300.67256980723664;213.26694572489163
496.76;31.6;300.67256980723664;213.26694572489163
437.88;31.7143;300.67256980723664;213.26694572489163
384.12;31.7143;300.67256980723664;213.26694572489163
366.2;31.5714;300.67256980723664;213.26694572489163
307.32;31.4857;300.67256980723664;213.26694572489163
284.28;31.3429;300.67256980723664;213.26694572489163
227.96;31.2286;300.67256980723664;213.26694572489163
181.88;31.2286;300.67256980723664;213.26694572489163
169.08;30.9714;300.67256980723664;213.26694572489163
128.12;30.7429;300.67256980723664;213.26694572489163
99.96;30.4286;300.67256980723664;213.26694572489163
79.48;30.4;300.67256980723664;213.26694572489163
43.63;30.3143;300.67256980723664;213.26694572489163
640.11;30.1143;300.67256980723664;213.26694572489163
609.39;30.0857;300.67256980723664;213.26694572489163
599.15;29.9143;300.67256980723664;213.26694572489163
565.87;29.6571;300.67256980723664;213.26694572489163
506.99;29.4857;300.67256980723664;213.26694572489163
453.23;29.5143;300.67256980723664;213.26694572489163
394.35;29.4286;300.67256980723664;213.26694572489163
404.59;29.3143;300.67256980723664;213.26694572489163
366.19;29.2;300.67256980723664;213.26694572489163
309.87;29.1143;300.67256980723664;213.26694572489163
294.51;29.0;300.67256980723664;213.26694572489163
271.47;28.8571;300.67256980723664;213.26694572489163
243.31;28.6857;300.67256980723664;213.26694572489163
233.07;28.6;300.67256980723664;213.26694572489163
199.79;28.4857;300.67256980723664;213.26694572489163
163.95;28.2286;300.67256980723664;213.26694572489163
122.99;28.0857;300.67256980723664;213.26694572489163
133.23;27.9429;300.67256980723664;213.26694572489163
138.35;27.8571;300.67256980723664;213.26694572489163
125.55;27.7714;300.67256980723664;213.26694572489163
84.59;27.5714;300.67256980723664;213.26694572489163
58.99;27.5714;300.67256980723664;213.26694572489163
15.46;27.5429;300.67256980723664;213.26694572489163
645.22;27.2571;300.67256980723664;213.26694572489163
611.94;27.1714;300.67256980723664;213.26694572489163
591.46;27.2;300.67256980723664;213.26694572489163
563.3;27.2286;300.67256980723664;213.26694572489163
563.3;27.1714;300.67256980723664;213.26694572489163
524.9;27.0571;300.67256980723664;213.26694572489163
509.54;26.9143;300.67256980723664;213.26694572489163
466.02;26.7714;300.67256980723664;213.26694572489163
448.1;26.7143;300.67256980723664;213.26694572489163
409.7;26.4857;300.67256980723664;213.26694572489163
376.42;26.3714;300.67256980723664;213.26694572489163
314.98;26.2286;300.67256980723664;213.26694572489163
317.54;26.2857;300.67256980723664;213.26694572489163
304.74;26.0857;300.67256980723664;213.26694572489163
274.02;25.9143;300.67256980723664;213.26694572489163
233.06;25.8286;300.67256980723664;213.26694572489163
240.74;25.7143;300.67256980723664;213.26694572489163
220.26;25.5714;300.67256980723664;213.26694572489163
202.34;25.4;300.67256980723664;213.26694572489163
199.78;25.2286;300.67256980723664;213.26694572489163
163.94;25.2857;300.67256980723664;213.26694572489163
169.06;25.1429;300.67256980723664;213.26694572489163
117.86;25.0;300.67256980723664;213.26694572489163
99.94;24.9714;300.67256980723664;213.26694572489163
74.34;24.9143;300.67256980723664;213.26694572489163
28.26;24.8286;300.67256980723664;213.26694572489163
10.33;24.6857;300.67256980723664;213.26694572489163
642.65;24.6571;300.67256980723664;213.26694572489163
624.73;24.6286;300.67256980723664;213.26694572489163
581.21;24.4857;300.67256980723664;213.26694572489163
540.25;24.4;300.67256980723664;213.26694572489163
512.09;24.1429;300.67256980723664;213.26694572489163
483.93;24.0857;300.67256980723664;213.26694572489163
476.25;23.9714;300.67256980723664;213.26694572489163
437.85;23.9714;300.67256980723664;213.26694572489163
412.25;23.7429;300.67256980723664;213.26694572489163
386.65;23.6857;300.67256980723664;213.26694572489163
363.61;23.5143;300.67256980723664;213.26694572489163
361.05;23.3429;300.67256980723664;213.26694572489163
335.45;23.3143;300.67256980723664;213.26694572489163
314.97;23.2286;300.67256980723664;213.26694572489163
289.37;23.1714;300.67256980723664;213.26694572489163
243.29;23.0286;300.67256980723664;213.26694572489163
212.57;22.8857;300.67256980723664;213.26694572489163
199.77;22.7429;300.67256980723664;213.26694572489163
169.05;22.7714;300.67256980723664;213.26694572489163
133.21;22.7143;300.67256980723664;213.26694572489163
110.17;22.6571;300.67256980723664;213.26694572489163
94.81;22.4857;300.67256980723664;213.26694572489163
56.41;22.3429;300.67256980723664;213.26694572489163
20.56;22.2286;300.67256980723664;213.26694572489163
647.76;22.1143;300.67256980723664;213.26694572489163
624.72;22.0;300.67256980723664;213.26694572489163
596.56;21.9143;300.67256980723664;213.26694572489163
563.28;21.7143;300.67256980723664;213.26694572489163
560.72;21.6857;300.67256980723664;213.26694572489163
550.48;21.6286;300.67256980723664;213.26694572489163
535.12;21.4857;300.67256980723664;213.26694572489163
501.84;21.3714;300.67256980723664;213.26694572489163
463.44;21.2286;300.67256980723664;213.26694572489163
425.04;21.0571;300.67256980723664;213.26694572489163
384.08;20.9714;300.67256980723664;213.26694572489163
348.24;20.9714;300.67256980723664;213.26694572489163
309.84;20.9143;300.67256980723664;213.26694572489163
284.24;20.8857;300.67256980723664;213.26694572489163
258.64;20.8286;300.67256980723664;213.26694572489163
240.72;20.6286;300.67256980723664;213.26694572489163
220.24;20.4857;300.67256980723664;213.26694572489163
184.4;20.3429;300.67256980723664;213.26694572489163
151.12;20.2286;300.67256980723664;213.26694572489163
146.0;19.9714;300.67256980723664;213.26694572489163
120.4;19.8286;300.67256980723664;213.26694572489163
115.28;19.8286;300.67256980723664;213.26694572489163
87.12;19.8;300.67256980723664;213.26694572489163
76.88;19.7429;300.67256980723664;213.26694572489163
48.72;19.5714;300.67256980723664;213.26694572489163
33.36;19.4571;300.67256980723664;213.26694572489163
10.31;19.3714;300.67256980723664;213.26694572489163
640.07;19.2571;300.67256980723664;213.26694572489163
624.71;19.2571;300.67256980723664;213.26694572489163
606.79;19.2;300.67256980723664;213.26694572489163
563.27;19.1429;300.67256980723664;213.26694572489163
545.35;19.1143;300.67256980723664;213.26694572489163
512.07;19.0857;300.67256980723664;213.26694572489163
506.95;18.9714;300.67256980723664;213.26694572489163
486.47;18.8286;300.67256980723664;213.26694572489163
465.99;18.8286;300.67256980723664;213.26694572489163
427.59;18.7429;300.67256980723664;213.26694572489163
376.39;18.6571;300.67256980723664;213.26694572489163
335.43;18.5143;300.67256980723664;213.26694572489163
314.95;18.4;300.67256980723664;213.26694572489163
307.27;18.2857;300.67256980723664;213.26694572489163
266.31;18.2286;300.67256980723664;213.26694572489163
248.39;18.2;300.67256980723664;213.26694572489163
233.03;18.0857;300.67256980723664;213.26694572489163
225.35;17.8;300.67256980723664;213.26694572489163
212.55;17.7143;300.67256980723664;213.26694572489163
181.83;17.5714;300.67256980723664;213.26694572489163
179.27;17.4857;300.67256980723664;213.26694572489163
148.55;17.4571;300.67256980723664;213.26694572489163
115.27;17.3429;300.67256980723664;213.26694572489163
107.59;17.3429;300.67256980723664;213.26694572489163
74.31;17.2857;300.67256980723664;213.26694572489163
79.43;17.2;300.67256980723664;213.26694572489163
38.47;17.1714;300.67256980723664;213.26694572489163
5.18;17.1143;300.67256980723664;213.26694572489163
619.58;16.9714;300.67256980723664;213.26694572489163
573.5;16.9429;300.67256980723664;213.26694572489163
555.58;16.7714;300.67256980723664;213.26694572489163
517.18;16.7429;300.67256980723664;213.26694572489163
496.7;16.6286;300.67256980723664;213.26694572489163
463.42;16.5714;300.67256980723664;213.26694572489163
453.18;16.5143;300.67256980723664;213.26694572489163
417.34;16.2857;300.67256980723664;213.26694572489163
404.54;16.1143;300.67256980723664;213.26694572489163
363.58;16.0;300.67256980723664;213.26694572489163
335.42;15.8571;300.67256980723664;213.26694572489163
309.82;15.7714;300.67256980723664;213.26694572489163
281.66;15.7143;300.67256980723664;213.26694572489163
263.74;15.7143;300.67256980723664;213.26694572489163
227.9;15.5714;300.67256980723664;213.26694572489163
202.3;15.4857;300.67256980723664;213.26694572489163
176.7;15.3143;300.67256980723664;213.26694572489163
156.22;15.1714;300.67256980723664;213.26694572489163
148.54;15.1429;300.67256980723664;213.26694572489163
117.82;15.0286;300.67256980723664;213.26694572489163
94.78;14.9714;300.67256980723664;213.26694572489163
56.38;14.8286;300.67256980723664;213.26694572489163
48.7;14.7143;300.67256980723664;213.26694572489163
51.26;14.5429;300.67256980723664;213.26694572489163
33.34;14.5143;300.67256980723664;213.26694572489163
2.61;14.5143;300.67256980723664;213.26694572489163
629.81;14.4571;300.67256980723664;213.26694572489163
619.57;14.3143;300.67256980723664;213.26694572489163
588.85;14.2;300.67256980723664;213.26694572489163
560.69;14.1429;300.67256980723664;213.26694572489163
537.65;14.1429;300.67256980723664;213.26694572489163
519.73;14.0857;300.67256980723664;213.26694572489163
499.25;14.0571;300.67256980723664;213.26694572489163
486.45;13.9143;300.67256980723664;213.26694572489163
465.97;13.8;300.67256980723664;213.26694572489163
440.37;13.6571;300.67256980723664;213.26694572489163
419.89;13.6571;300.67256980723664;213.26694572489163
401.97;13.6;300.67256980723664;213.26694572489163
373.81;13.4857;300.67256980723664;213.26694572489163
353.33;13.4;300.67256980723664;213.26694572489163
325.17;13.3143;300.67256980723664;213.26694572489163
307.25;13.2;300.67256980723664;213.26694572489163
281.65;13.1429;300.67256980723664;213.26694572489163
253.49;13.0857;300.67256980723664;213.26694572489163
230.45;13.0;300.67256980723664;213.26694572489163
212.53;12.9429;300.67256980723664;213.26694572489163
192.05;12.8571;300.67256980723664;213.26694572489163
166.45;12.7714;300.67256980723664;213.26694572489163
148.53;12.6857;300.67256980723664;213.26694572489163
138.29;12.5429;300.67256980723664;213.26694572489163
125.49;12.4571;300.67256980723664;213.26694572489163
107.57;12.3429;300.67256980723664;213.26694572489163
84.53;12.2571;300.67256980723664;213.26694572489163
79.41;12.2;300.67256980723664;213.26694572489163
76.85;12.1429;300.67256980723664;213.26694572489163
38.45;12.1143;300.67256980723664;213.26694572489163
5.16;12.0571;300.67256980723664;213.26694572489163
629.8;11.9714;300.67256980723664;213.26694572489163
601.64;11.9429;300.67256980723664;213.26694572489163
583.72;11.9143;300.67256980723664;213.26694572489163
555.56;11.8286;300.67256980723664;213.26694572489163
532.52;11.7429;300.67256980723664;213.26694572489163
522.28;11.6571;300.67256980723664;213.26694572489163
494.12;11.5714;300.67256980723664;213.26694572489163
471.08;11.4286;300.67256980723664;213.26694572489163
465.96;11.2857;300.67256980723664;213.26694572489163
432.68;11.2286;300.67256980723664;213.26694572489163
417.32;11.1143;300.67256980723664;213.26694572489163
399.4;11.0857;300.67256980723664;213.26694572489163
378.92;11.0286;300.67256980723664;213.26694572489163
363.56;10.9714;300.67256980723664;213.26694572489163
335.4;10.8857;300.67256980723664;213.26694572489163
320.04;10.8286;300.67256980723664;213.26694572489163
289.32;10.7714;300.67256980723664;213.26694572489163
268.84;10.6286;300.67256980723664;213.26694572489163
248.36;10.5429;300.67256980723664;213.26694572489163
217.64;10.5143;300.67256980723664;213.26694572489163
194.6;10.4571;300.67256980723664;213.26694572489163
174.12;10.3714;300.67256980723664;213.26694572489163
151.08;10.2857;300.67256980723664;213.26694572489163
133.16;10.2286;300.67256980723664;213.26694572489163
117.8;10.0857;300.67256980723664;213.26694572489163
97.32;10.0;300.67256980723664;213.26694572489163
76.84;9.9143;300.67256980723664;213.26694572489163
58.92;9.7714;300.67256980723664;213.26694572489163
41.0;9.7429;300.67256980723664;213.26694572489163
25.64;9.6571;300.67256980723664;213.26694572489163
2.59;9.6286;300.67256980723664;213.26694572489163
632.35;9.5429;300.67256980723664;213.26694572489163
609.31;9.5429;300.67256980723664;213.26694572489163
586.27;9.4286;300.67256980723664;213.26694572489163
565.79;9.3429;300.67256980723664;213.26694572489163
542.75;9.2857;300.67256980723664;213.26694572489163
524.83;9.2857;300.67256980723664;213.26694572489163
509.47;9.1714;300.67256980723664;213.26694572489163
488.99;9.0;300.67256980723664;213.26694572489163
465.95;8.9429;300.67256980723664;213.26694572489163
448.03;8.9429;300.67256980723664;213.26694572489163
427.55;8.8;300.67256980723664;213.26694572489163
414.75;8.7429;300.67256980723664;213.26694572489163
396.83;8.6286;300.67256980723664;213.26694572489163
381.47;8.6;300.67256980723664;213.26694572489163
371.23;8.5714;300.67256980723664;213.26694572489163
353.31;8.4571;300.67256980723664;213.26694572489163
330.27;8.4;300.67256980723664;213.26694572489163
317.47;8.2857;300.67256980723664;213.26694572489163
299.55;8.2;300.67256980723664;213.26694572489163
276.51;8.2;300.67256980723664;213.26694572489163
261.15;8.1143;300.67256980723664;213.26694572489163
238.11;8.1429;300.67256980723664;213.26694572489163
227.87;8.1143;300.67256980723664;213.26694572489163
202.27;8.0286;300.67256980723664;213.26694572489163
174.11;7.9429;300.67256980723664;213.26694572489163
156.19;7.8;300.67256980723664;213.26694572489163
138.27;7.7714;300.67256980723664;213.26694572489163
112.67;7.7143;300.67256980723664;213.26694572489163
94.75;7.6286;300.67256980723664;213.26694572489163
84.51;7.6286;300.67256980723664;213.26694572489163
66.59;7.5429;300.67256980723664;213.26694572489163
46.11;7.4286;300.67256980723664;213.26694572489163
30.75;7.3143;300.67256980723664;213.26694572489163
15.38;7.2;300.67256980723664;213.26694572489163
650.26;7.1714;300.67256980723664;213.26694572489163
632.34;7.1143;300.67256980723664;213.26694572489163
611.86;7.0571;300.67256980723664;213.26694572489163
599.06;7.0571;300.67256980723664;213.26694572489163
586.26;7.0;300.67256980723664;213.26694572489163
573.46;6.9429;300.67256980723664;213.26694572489163
558.1;6.8286;300.67256980723664;213.26694572489163
540.18;6.8286;300.67256980723664;213.26694572489163
524.82;6.7429;300.67256980723664;213.26694572489163
506.9;6.6;300.67256980723664;213.26694572489163
486.42;6.5714;300.67256980723664;213.26694572489163
465.94;6.5429;300.67256980723664;213.26694572489163
445.46;6.4857;300.67256980723664;213.26694572489163
424.98;6.4286;300.67256980723664;213.26694572489163
404.5;6.4;300.67256980723664;213.26694572489163
386.58;6.2571;300.67256980723664;213.26694572489163
373.78;6.2571;300.67256980723664;213.26694572489163
358.42;6.1143;300.67256980723664;213.26694572489163
335.38;6.0857;300.67256980723664;213.26694572489163
317.46;5.9714;300.67256980723664;213.26694572489163
304.66;5.8857;300.67256980723664;213.26694572489163
284.18;5.8571;300.67256980723664;213.26694572489163
271.38;5.7714;300.67256980723664;213.26694572489163
250.9;5.7143;300.67256980723664;213.26694572489163
235.54;5.7143;300.67256980723664;213.26694572489163
215.06;5.5714;300.67256980723664;213.26694572489163
199.7;5.5714;300.67256980723664;213.26694572489163
186.9;5.4857;300.67256980723664;213.26694572489163
168.98;5.4571;300.67256980723664;213.26694572489163
156.18;5.3429;300.67256980723664;213.26694572489163
140.82;5.2857;300.67256980723664;213.26694572489163
122.9;5.2286;300.67256980723664;213.26694572489163
107.54;5.1429;300.67256980723664;213.26694572489163
87.06;5.0571;300.67256980723664;213.26694572489163
64.02;5.0286;300.67256980723664;213.26694572489163
43.54;5.0286;300.67256980723664;213.26694572489163
28.18;4.9429;300.67256980723664;213.26694572489163
17.94;4.8857;300.67256980723664;213.26694572489163
2.57;4.8286;300.67256980723664;213.26694572489163
642.57;4.8;300.67256980723664;213.26694572489163
624.65;4.6857;300.67256980723664;213.26694572489163
604.17;4.5714;300.67256980723664;213.26694572489163
588.81;4.5143;300.67256980723664;213.26694572489163
573.45;4.4286;300.67256980723664;213.26694572489163
558.09;4.4571;300.67256980723664;213.26694572489163
550.41;4.4;300.67256980723664;213.26694572489163
535.05;4.3714;300.67256980723664;213.26694572489163
517.13;4.2857;300.67256980723664;213.26694572489163
501.77;4.1714;300.67256980723664;213.26694572489163
483.85;4.1143;300.67256980723664;213.26694572489163
468.49;4.0857;300.67256980723664;213.26694572489163
458.25;4.0571;300.67256980723664;213.26694572489163
442.89;3.9429;300.67256980723664;213.26694572489163
432.65;4.0286;300.67256980723664;213.26694572489163
422.41;3.9143;300.67256980723664;213.26694572489163
409.61;3.8286;300.67256980723664;213.26694572489163
396.81;3.7429;300.67256980723664;213.26694572489163
386.57;3.7429;300.67256980723664;213.26694572489163
368.65;3.6857;300.67256980723664;213.26694572489163
348.17;3.6286;300.67256980723664;213.26694572489163
335.37;3.6;300.67256980723664;213.26694572489163
320.01;3.5714;300.67256980723664;213.26694572489163
299.53;3.5429;300.67256980723664;213.26694572489163
286.73;3.4857;300.67256980723664;213.26694572489163
271.37;3.4;300.67256980723664;213.26694572489163
253.45;3.3429;300.67256980723664;213.26694572489163
245.77;3.2571;300.67256980723664;213.26694572489163
230.41;3.2286;300.67256980723664;213.26694572489163
217.61;3.1429;300.67256980723664;213.26694572489163
212.49;3.1429;300.67256980723664;213.26694572489163
194.57;3.0571;300.67256980723664;213.26694572489163
174.09;3.0;300.67256980723664;213.26694572489163
156.17;3.0286;300.67256980723664;213.26694572489163
145.93;2.8857;300.67256980723664;213.26694572489163
128.01;2.8857;300.67256980723664;213.26694572489163
115.21;2.8286;300.67256980723664;213.26694572489163
107.53;2.7714;300.67256980723664;213.26694572489163
99.85;2.7714;300.67256980723664;213.26694572489163
2.85;2.6571;300.67256980723664;213.26694572489163
2.81;2.5714;300.67256980723664;213.26694572489163
2.72;2.5143;300.67256980723664;213.26694572489163
2.68;2.5429;300.67256980723664;213.26694572489163
2.62;2.4571;300.67256980723664;213.26694572489163
2.59;2.5143;300.67256980723664;213.26694572489163
2.54;2.4857;300.67256980723664;213.26694572489163
2.47;2.3714;300.67256980723664;213.26694572489163
2.42;2.2857;300.67256980723664;213.26694572489163
2.36;2.2571;300.67256980723664;213.26694572489163
2.32;2.2571;300.67256980723664;213.26694572489163
2.24;2.1429;300.67256980723664;213.26694572489163
2.19;2.1143;300.67256980723664;213.26694572489163
2.14;2.1143;300.67256980723664;213.26694572489163
2.08;1.9714;300.67256980723664;213.26694572489163
2.06;2.0;300.67256980723664;213.26694572489163
2.02;1.9143;300.67256980723664;213.26694572489163
1.97;1.7714;300.67256980723664;213.26694572489163
1.94;1.8;300.67256980723664;213.26694572489163
1.91;1.7143;300.67256980723664;213.26694572489163
1.88;1.6571;300.67256980723664;213.26694572489163
1.85;1.6286;300.67256980723664;213.26694572489163
1.79;1.6286;300.67256980723664;213.26694572489163
1.74;1.5143;300.67256980723664;213.26694572489163
1.71;1.5143;300.67256980723664;213.26694572489163
1.67;1.5714;300.67256980723664;213.26694572489163
1.62;1.5429;300.67256980723664;213.26694572489163
1.57;1.4;300.67256980723664;213.26694572489163
1.52;1.5429;300.67256980723664;213.26694572489163
1.47;1.4857;300.67256980723664;213.26694572489163
1.43;1.2857;300.67256980723664;213.26694572489163
1.4;1.2857;300.67256980723664;213.26694572489163
1.37;1.2571;300.67256980723664;213.26694572489163
1.33;1.1429;300.67256980723664;213.26694572489163
1.29;1.2;300.67256980723664;213.26694572489163
1.25;1.1429;300.67256980723664;213.26694572489163
1.22;1.0571;300.67256980723664;213.26694572489163
1.18;1.0;300.67256980723664;213.26694572489163
1.14;1.0;300.67256980723664;213.26694572489163
1.11;0.9714;300.67256980723664;213.26694572489163
1.07;0.9714;300.67256980723664;213.26694572489163
1.04;0.9429;300.67256980723664;213.26694572489163
1.01;0.8571;300.67256980723664;213.26694572489163
0.98;0.8;300.67256980723664;213.26694572489163
0.94;0.8857;300.67256980723664;213.26694572489163
0.91;0.7714;300.67256980723664;213.26694572489163
0.88;0.8286;300.67256980723664;213.26694572489163
0.87;0.7429;300.67256980723664;213.26694572489163
0.85;0.6857;300.67256980723664;213.26694572489163
0.81;0.6;300.67256980723664;213.26694572489163
0.78;0.6857;300.67256980723664;213.26694572489163
0.75;0.6286;300.67256980723664;213.26694572489163
0.72;0.6286;300.67256980723664;213.26694572489163
0.7;0.5429;300.67256980723664;213.26694572489163
0.69;0.5714;300.67256980723664;213.26694572489163
0.67;0.5429;300.67256980723664;213.26694572489163
0.65;0.5714;300.67256980723664;213.26694572489163
0.61;0.5143;300.67256980723664;213.26694572489163
0.58;0.4571;300.67256980723664;213.26694572489163
0.55;0.3714;300.67256980723664;213.26694572489163
0.52;0.3714;300.67256980723664;213.26694572489163
0.5;0.4;300.67256980723664;213.26694572489163
0.48;0.4571;300.67256980723664;213.26694572489163
0.46;0.5143;300.67256980723664;213.26694572489163
0.44;0.3714;300.67256980723664;213.26694572489163
0.43;0.3143;300.67256980723664;213.26694572489163
0.41;0.3143;300.67256980723664;213.26694572489163
0.4;0.2571;300.67256980723664;213.26694572489163
0.39;0.1714;300.67256980723664;213.26694572489163
0.36;0.2571;300.67256980723664;213.26694572489163
0.35;0.2571;300.67256980723664;213.26694572489163
0.33;0.2286;300.67256980723664;213.26694572489163
0.32;0.2571;300.67256980723664;213.26694572489163
0.32;0.2571;300.67256980723664;213.26694572489163
0.31;0.2286;300.67256980723664;213.26694572489163
0.3;0.2;300.67256980723664;213.26694572489163
0.29;0.1429;300.67256980723664;213.26694572489163
0.3;0.1143;300.67256980723664;213.26694572489163
0.29;0.1143;300.67256980723664;213.26694572489163
0.28;0.2;300.67256980723664;213.26694572489163
0.28;0.1714;300.67256980723664;213.26694572489163
0.27;0.1714;300.67256980723664;213.26694572489163
0.27;0.2286;300.67256980723664;213.26694572489163
0.25;0.2;300.67256980723664;213.26694572489163
0.25;0.1714;300.67256980723664;213.26694572489163
0.25;0.2;300.67256980723664;213.26694572489163
0.24;0.1429;300.67256980723664;213.26694572489163
0.24;0.1143;300.67256980723664;213.26694572489163
0.24;0.2;300.67256980723664;213.26694572489163
0.24;0.1714;300.67256980723664;213.26694572489163
0.24;0.1143;300.67256980723664;213.26694572489163
0.23;0.1143;300.67256980723664;213.26694572489163
0.23;0.0286;300.67256980723664;213.26694572489163
0.22;0.1714;300.67256980723664;213.26694572489163
0.21;0.1714;300.67256980723664;213.26694572489163
0.2;0.1714;300.67256980723664;213.26694572489163
0.2;0.2857;300.67256980723664;213.26694572489163
0.19;0.0571;300.67256980723664;213.26694572489163
0.19;0.0857;300.67256980723664;213.26694572489163
0.18;0.1429;300.67256980723664;213.26694572489163
0.19;0.2;300.67256980723664;213.26694572489163
0.18;0.0286;300.67256980723664;213.26694572489163
0.18;0.0286;300.67256980723664;213.26694572489163
0.18;0.2286;300.67256980723664;213.26694572489163
0.18;0.0571;300.67256980723664;213.26694572489163
0.19;-0.0286;300.67256980723664;213.26694572489163
0.19;0.0571;300.67256980723664;213.26694572489163
0.19;0.2286;300.67256980723664;213.26694572489163
0.19;0.1429;300.67256980723664;213.26694572489163
0.18;0.0571;300.67256980723664;213.26694572489163
0.17;0.0286;300.67256980723664;213.26694572489163
0.18;0.1429;300.67256980723664;213.26694572489163
0.18;0.1143;300.67256980723664;213.26694572489163
0.19;0.1429;300.67256980723664;213.26694572489163
0.18;0.1714;300.67256980723664;213.26694572489163
0.18;0.2286;300.67256980723664;213.26694572489163
0.18;0.2;300.67256980723664;213.26694572489163
0.18;0.1429;300.67256980723664;213.26694572489163
0.17;0.0286;300.67256980723664;213.26694572489163
0.17;0.1429;300.67256980723664;213.26694572489163
0.17;0.2;300.67256980723664;213.26694572489163
0.16;0.1714;300.67256980723664;213.26694572489163
0.16;0.1143;300.67256980723664;213.26694572489163
0.17;0.0571;300.67256980723664;213.26694572489163
0.17;0.1143;300.67256980723664;213.26694572489163
0.17;0.0857;300.67256980723664;213.26694572489163
0.16;0.2;300.67256980723664;213.26694572489163
0.15;0.1429;300.67256980723664;213.26694572489163
0.16;0.0857;300.67256980723664;213.26694572489163
0.16;0.1714;300.67256980723664;213.26694572489163
0.16;-0.0286;300.67256980723664;213.26694572489163
0.15;0.1143;300.67256980723664;213.26694572489163
0.15;0.0857;300.67256980723664;213.26694572489163
0.15;0.1143;300.67256980723664;213.26694572489163
0.15;0.0;300.67256980723664;213.26694572489163
0.15;0.0571;300.67256980723664;213.26694572489163
0.15;0.1429;300.67256980723664;213.26694572489163
0.14;0.2;300.67256980723664;213.26694572489163
0.13;0.1143;300.67256980723664;213.26694572489163
0.13;0.1143;300.67256980723664;213.26694572489163
0.13;0.0286;300.67256980723664;213.26694572489163
0.13;0.0857;300.67256980723664;213.26694572489163
0.12;0.1714;300.67256980723664;213.26694572489163
0.12;0.1429;300.67256980723664;213.26694572489163
0.13;0.0571;300.67256980723664;213.26694572489163
0.13;0.0286;300.67256980723664;213.26694572489163
0.12;0.0286;300.67256980723664;213.26694572489163
0.13;0.0857;300.67256980723664;213.26694572489163
0.13;0.2;300.67256980723664;213.26694572489163
0.13;0.0571;300.67256980723664;213.26694572489163
0.13;0.0286;300.67256980723664;213.26694572489163
0.13;-0.0286;300.67256980723664;213.26694572489163
0.14;0.1143;300.67256980723664;213.26694572489163
0.14;0.0286;300.67256980723664;213.26694572489163
0.14;0.1143;300.67256980723664;213.26694572489163
0.14;0.0857;300.67256980723664;213.26694572489163
0.14;0.1429;300.67256980723664;213.26694572489163
0.14;0.0857;300.67256980723664;213.26694572489163
0.14;0.0857;300.67256980723664;213.26694572489163
0.14;0.1429;300.67256980723664;213.26694572489163
0.13;0.0571;300.67256980723664;213.26694572489163
0.13;0.2;300.67256980723664;213.26694572489163
0.12;0.0857;300.67256980723664;213.26694572489163
0.13;0.0571;300.67256980723664;213.26694572489163
0.12;0.1714;300.67256980723664;213.26694572489163
0.12;0.1429;300.67256980723664;213.26694572489163
0.12;0.0571;300.67256980723664;213.26694572489163
0.12;0.0286;300.67256980723664;213.26694572489163
0.11;-0.0857;300.67256980723664;213.26694572489163
0.12;0.0571;300.67256980723664;213.26694572489163
0.11;0.0286;300.67256980723664;213.26694572489163
0.11;0.0857;300.67256980723664;213.26694572489163
0.11;0.0857;300.67256980723664;213.26694572489163
0.11;0.0571;300.67256980723664;213.26694572489163
0.11;-0.0571;300.67256980723664;213.26694572489163
0.11;-0.0286;300.67256980723664;213.26694572489163
0.12;0.0857;300.67256980723664;213.26694572489163
0.12;0.0857;300.67256980723664;213.26694572489163
0.13;0.0571;300.67256980723664;213.26694572489163
0.12;0.0571;300.67256980723664;213.26694572489163
0.11;0.0286;300.67256980723664;213.26694572489163
0.11;0.0286;300.67256980723664;213.26694572489163
0.1;0.1143;300.67256980723664;213.26694572489163
0.11;0.1429;300.67256980723664;213.26694572489163
0.1;0.2857;300.67256980723664;213.26694572489163
0.1;0.2571;300.67256980723664;213.26694572489163
0.1;0.1429;300.67256980723664;213.26694572489163
0.1;0.0;300.67256980723664;213.26694572489163
0.1;0.0;300.67256980723664;213.26694572489163
0.1;0.0;300.67256980723664;213.26694572489163
0.1;0.0;300.67256980723664;213.26694572489163
0.1;0.0286;300.67256980723664;213.26694572489163
0.1;0.1143;300.67256980723664;213.26694572489163
0.11;0.0;300.67256980723664;213.26694572489163
0.1;0.0571;300.67256980723664;213.26694572489163
0.1;-0.0286;300.67256980723664;213.26694572489163
0.1;0.0;300.67256980723664;213.26694572489163
0.1;0.0571;300.67256980723664;213.26694572489163
0.1;0.1714;300.67256980723664;213.26694572489163
0.1;0.0857;300.67256980723664;213.26694572489163
0.1;0.0571;300.67256980723664;213.26694572489163
0.1;0.0571;300.67256980723664;213.26694572489163
0.1;0.1143;300.67256980723664;213.26694572489163
0.1;0.0286;300.67256980723664;213.26694572489163
0.09;0.0;300.67256980723664;213.26694572489163
0.09;0.1143;300.67256980723664;213.26694572489163
0.09;0.0857;300.67256980723664;213.26694572489163
0.1;-0.0571;300.67256980723664;213.26694572489163
0.1;0.0;300.67256980723664;213.26694572489163
0.1;0.1143;300.67256980723664;213.26694572489163
0.09;0.0857;300.67256980723664;213.26694572489163
0.1;0.0286;300.67256980723664;213.26694572489163
0.1;0.0571;300.67256980723664;213.26694572489163
0.1;0.0857;300.67256980723664;213.26694572489163
0.09;0.0857;300.67256980723664;213.26694572489163
0.1;0.1143;300.67256980723664;213.26694572489163
0.09;0.1143;300.67256980723664;213.26694572489163
0.1;0.0571;300.67256980723664;213.26694572489163
0.1;0.1143;300.67256980723664;213.26694572489163
0.1;-0.0286;300.67256980723664;213.26694572489163
0.1;0.0;300.67256980723664;213.26694572489163
0.1;0.0857;300.67256980723664;213.26694572489163
0.11;0.1143;300.67256980723664;213.26694572489163
0.11;0.1429;300.67256980723664;213.26694572489163
0.1;0.0857;300.67256980723664;213.26694572489163
0.1;0.0857;300.67256980723664;213.26694572489163
0.1;0.0286;300.67256980723664;213.26694572489163
0.1;0.0286;300.67256980723664;213.26694572489163
0.1;0.1714;300.67256980723664;213.26694572489163
0.09;0.1429;300.67256980723664;213.26694572489163
0.1;0.0857;300.67256980723664;213.26694572489163
0.1;0.0286;300.67256980723664;213.26694572489163
0.1;0.0;300.67256980723664;213.26694572489163
0.1;-0.0571;300.67256980723664;213.26694572489163
0.1;-0.0286;300.67256980723664;213.26694572489163
0.1;0.0286;300.67256980723664;213.26694572489163
0.09;0.1429;300.67256980723664;213.26694572489163
0.09;0.0857;300.67256980723664;213.26694572489163
0.09;0.0857;300.67256980723664;213.26694572489163
0.09;0.1429;300.67256980723664;213.26694572489163
0.09;0.1714;300.67256980723664;213.26694572489163
0.09;0.1143;300.67256980723664;213.26694572489163
0.09;-0.0286;300.67256980723664;213.26694572489163
0.09;-0.0286;300.67256980723664;213.26694572489163
0.09;0.0286;300.67256980723664;213.26694572489163
0.09;0.0286;300.67256980723664;213.26694572489163
0.09;0.0571;300.67256980723664;213.26694572489163
0.09;0.0286;300.67256980723664;213.26694572489163
0.09;0.0571;300.67256980723664;213.26694572489163
0.08;0.0286;300.67256980723664;213.26694572489163
0.08;0.0286;300.67256980723664;213.26694572489163
0.08;0.0857;300.67256980723664;213.26694572489163
0.08;0.0857;300.67256980723664;213.26694572489163
0.09;0.0857;300.67256980723664;213.26694572489163
