SF-A-022;Sensirion;RMSE;MAE
-5.375;-7.6286;11.617868075229126;6.778230672782875
-5.5625;-7.6;11.617868075229126;6.778230672782875
-5.8125;-7.5714;11.617868075229126;6.778230672782875
-5.75;-7.4857;11.617868075229126;6.778230672782875
-5.75;-7.4857;11.617868075229126;6.778230672782875
-5.875;-7.4;11.617868075229126;6.778230672782875
-6.125;-7.3714;11.617868075229126;6.778230672782875
-6.25;-7.3429;11.617868075229126;6.778230672782875
-5.9375;-7.3143;11.617868075229126;6.778230672782875
-5.3125;-7.3143;11.617868075229126;6.778230672782875
-5.0;-7.2857;11.617868075229126;6.778230672782875
-4.8125;-7.2;11.617868075229126;6.778230672782875
-4.3125;-7.2;11.617868075229126;6.778230672782875
-3.75;-7.1429;11.617868075229126;6.778230672782875
-3.375;-7.1143;11.617868075229126;6.778230672782875
-3.1875;-7.0857;11.617868075229126;6.778230672782875
-3.1875;-7.0857;11.617868075229126;6.778230672782875
-3.1875;-7.0286;11.617868075229126;6.778230672782875
-3.3125;-7.0286;11.617868075229126;6.778230672782875
-3.75;-7.0;11.617868075229126;6.778230672782875
-4.375;-6.9143;11.617868075229126;6.778230672782875
-4.5625;-6.9429;11.617868075229126;6.778230672782875
-3.75;-6.8857;11.617868075229126;6.778230672782875
-2.375;-6.8857;11.617868075229126;6.778230672782875
-2.125;-6.9429;11.617868075229126;6.778230672782875
-3.1875;-6.9429;11.617868075229126;6.778230672782875
-4.3125;-6.9714;11.617868075229126;6.778230672782875
-4.9375;-7.0857;11.617868075229126;6.778230672782875
-4.875;-7.1143;11.617868075229126;6.778230672782875
-4.3125;-7.2571;11.617868075229126;6.778230672782875
-4.125;-7.3429;11.617868075229126;6.778230672782875
-4.375;-7.4286;11.617868075229126;6.778230672782875
-4.75;-7.5143;11.617868075229126;6.778230672782875
-5.0;-7.7143;11.617868075229126;6.778230672782875
-5.0625;-7.9143;11.617868075229126;6.778230672782875
-5.25;-8.2;11.617868075229126;6.778230672782875
-5.4375;-8.4286;11.617868075229126;6.778230672782875
-5.5625;-8.7714;11.617868075229126;6.778230672782875
-5.5625;-8.9429;11.617868075229126;6.778230672782875
-5.5;-9.4571;11.617868075229126;6.778230672782875
-5.625;-9.6571;11.617868075229126;6.778230672782875
-5.9375;-10.3429;11.617868075229126;6.778230672782875
-6.3125;-10.7714;11.617868075229126;6.778230672782875
-6.625;-11.1429;11.617868075229126;6.778230672782875
-6.9375;-11.7143;11.617868075229126;6.778230672782875
-7.125;-12.2;11.617868075229126;6.778230672782875
-7.25;-12.7714;11.617868075229126;6.778230672782875
-7.25;-13.1429;11.617868075229126;6.778230672782875
-7.25;-13.7143;11.617868075229126;6.778230672782875
-7.25;-14.1714;11.617868075229126;6.778230672782875
-7.25;-14.7143;11.617868075229126;6.778230672782875
-7.6875;-15.3429;11.617868075229126;6.778230672782875
-8.625;-15.8286;11.617868075229126;6.778230672782875
-9.625;-16.4;11.617868075229126;6.778230672782875
-10.4375;-16.9714;11.617868075229126;6.778230672782875
-11.0625;-18.1714;11.617868075229126;6.778230672782875
-11.75;-18.5429;11.617868075229126;6.778230672782875
-12.25;-19.2286;11.617868075229126;6.778230672782875
-12.4375;-19.8571;11.617868075229126;6.778230672782875
-12.625;-20.6286;11.617868075229126;6.778230672782875
-13.0625;-21.4;11.617868075229126;6.778230672782875
-13.875;-22.0571;11.617868075229126;6.778230672782875
-15.0;-22.6857;11.617868075229126;6.778230672782875
-16.0625;-23.4;11.617868075229126;6.778230672782875
-17.0;-24.2857;11.617868075229126;6.778230672782875
-17.8125;-24.6571;11.617868075229126;6.778230672782875
-18.375;-25.6;11.617868075229126;6.778230672782875
-18.6875;-25.9714;11.617868075229126;6.778230672782875
-19.0;-26.8571;11.617868075229126;6.778230672782875
-19.625;-27.5143;11.617868075229126;6.778230672782875
-20.625;-28.4286;11.617868075229126;6.778230672782875
-21.6875;-28.7714;11.617868075229126;6.778230672782875
-22.5;-29.4571;11.617868075229126;6.778230672782875
-23.125;-30.1714;11.617868075229126;6.778230672782875
-23.625;-30.8286;11.617868075229126;6.778230672782875
-24.1875;-31.3714;11.617868075229126;6.778230672782875
-24.8125;-32.1143;11.617868075229126;6.778230672782875
-25.375;-32.7714;11.617868075229126;6.778230672782875
-25.6875;-33.4286;11.617868075229126;6.778230672782875
-25.8125;-34.1429;11.617868075229126;6.778230672782875
-25.8125;-35.0571;11.617868075229126;6.778230672782875
-25.75;-35.6286;11.617868075229126;6.778230672782875
-25.75;-36.2;11.617868075229126;6.778230672782875
-26.1875;-37.7143;11.617868075229126;6.778230672782875
-27.75;-38.1429;11.617868075229126;6.778230672782875
-29.625;-38.6857;11.617868075229126;6.778230672782875
-31.3125;-39.4571;11.617868075229126;6.778230672782875
-32.75;-40.4286;11.617868075229126;6.778230672782875
-33.9375;-40.9714;11.617868075229126;6.778230672782875
-34.8125;-41.6;11.617868075229126;6.778230672782875
-35.3125;-42.2571;11.617868075229126;6.778230672782875
-36.0625;-43.0571;11.617868075229126;6.778230672782875
-36.75;-43.6286;11.617868075229126;6.778230672782875
-36.8125;-44.8571;11.617868075229126;6.778230672782875
-36.8125;-45.4571;11.617868075229126;6.778230672782875
-37.0625;-46.1714;11.617868075229126;6.778230672782875
-37.625;-46.5143;11.617868075229126;6.778230672782875
-38.0;-46.9714;11.617868075229126;6.778230672782875
-38.1875;-47.5143;11.617868075229126;6.778230672782875
-38.8125;-48.1429;11.617868075229126;6.778230672782875
-39.625;-48.6286;11.617868075229126;6.778230672782875
-40.4375;-49.4857;11.617868075229126;6.778230672782875
-41.25;-50.5714;11.617868075229126;6.778230672782875
-42.1875;-51.2;11.617868075229126;6.778230672782875
-43.3125;-52.3714;11.617868075229126;6.778230672782875
-44.1875;-52.6857;11.617868075229126;6.778230672782875
-44.8125;-53.3143;11.617868075229126;6.778230672782875
-45.4375;-53.9714;11.617868075229126;6.778230672782875
-46.0;-54.7429;11.617868075229126;6.778230672782875
-46.25;-55.2857;11.617868075229126;6.778230672782875
-46.3125;-55.4857;11.617868075229126;6.778230672782875
-46.3125;-55.9143;11.617868075229126;6.778230672782875
-46.25;-56.6571;11.617868075229126;6.778230672782875
-46.25;-57.3143;11.617868075229126;6.778230672782875
-46.125;-57.7714;11.617868075229126;6.778230672782875
-46.4375;-58.6857;11.617868075229126;6.778230672782875
-47.75;-58.9143;11.617868075229126;6.778230672782875
-49.4375;-59.7714;11.617868075229126;6.778230672782875
-50.625;-60.3714;11.617868075229126;6.778230672782875
-51.3125;-60.2571;11.617868075229126;6.778230672782875
-52.125;-60.7714;11.617868075229126;6.778230672782875
-53.1875;-60.9143;11.617868075229126;6.778230672782875
-54.25;-62.1143;11.617868075229126;6.778230672782875
-55.25;-63.2286;11.617868075229126;6.778230672782875
-56.3125;-63.4286;11.617868075229126;6.778230672782875
-57.25;-63.6286;11.617868075229126;6.778230672782875
-57.375;-65.0286;11.617868075229126;6.778230672782875
-56.9375;-65.5143;11.617868075229126;6.778230672782875
-56.4375;-65.5714;11.617868075229126;6.778230672782875
-56.125;-66.5143;11.617868075229126;6.778230672782875
-56.375;-66.2286;11.617868075229126;6.778230672782875
-57.0;-66.6857;11.617868075229126;6.778230672782875
-58.0;-67.8571;11.617868075229126;6.778230672782875
-59.0625;-68.2857;11.617868075229126;6.778230672782875
-59.4375;-68.5429;11.617868075229126;6.778230672782875
-58.875;-69.0857;11.617868075229126;6.778230672782875
-58.625;-69.4;11.617868075229126;6.778230672782875
-59.125;-70.6;11.617868075229126;6.778230672782875
-60.0625;-71.4857;11.617868075229126;6.778230672782875
-61.5;-71.6286;11.617868075229126;6.778230672782875
-62.875;-72.0857;11.617868075229126;6.778230672782875
-63.625;-72.8571;11.617868075229126;6.778230672782875
-63.875;-72.6;11.617868075229126;6.778230672782875
-63.875;-72.9429;11.617868075229126;6.778230672782875
-63.8125;-73.4571;11.617868075229126;6.778230672782875
-63.6875;-74.3714;11.617868075229126;6.778230672782875
-63.5625;-74.5429;11.617868075229126;6.778230672782875
-63.4375;-74.8571;11.617868075229126;6.778230672782875
-63.6875;-75.2571;11.617868075229126;6.778230672782875
-64.25;-76.3429;11.617868075229126;6.778230672782875
-64.5;-76.8286;11.617868075229126;6.778230672782875
-64.375;-77.3143;11.617868075229126;6.778230672782875
-64.8125;-77.3429;11.617868075229126;6.778230672782875
-66.375;-78.1143;11.617868075229126;6.778230672782875
-68.375;-79.0286;11.617868075229126;6.778230672782875
-69.25;-79.7429;11.617868075229126;6.778230672782875
-68.9375;-79.6571;11.617868075229126;6.778230672782875
-68.75;-80.1143;11.617868075229126;6.778230672782875
-69.0;-80.1714;11.617868075229126;6.778230672782875
-69.4375;-80.5429;11.617868075229126;6.778230672782875
-69.75;-82.0857;11.617868075229126;6.778230672782875
-70.0;-82.4571;11.617868075229126;6.778230672782875
-70.6875;-83.0;11.617868075229126;6.778230672782875
-71.5;-83.0286;11.617868075229126;6.778230672782875
-72.0625;-83.0571;11.617868075229126;6.778230672782875
-72.0625;-84.2286;11.617868075229126;6.778230672782875
-71.9375;-84.8571;11.617868075229126;6.778230672782875
-72.3125;-85.2286;11.617868075229126;6.778230672782875
-72.8125;-85.0857;11.617868075229126;6.778230672782875
-73.125;-87.0286;11.617868075229126;6.778230672782875
-73.9375;-87.8286;11.617868075229126;6.778230672782875
-75.625;-87.8857;11.617868075229126;6.778230672782875
-77.3125;-88.0286;11.617868075229126;6.778230672782875
-78.25;-88.1429;11.617868075229126;6.778230672782875
-78.5625;-88.7714;11.617868075229126;6.778230672782875
-78.5625;-89.1714;11.617868075229126;6.778230672782875
-78.4375;-89.1429;11.617868075229126;6.778230672782875
-78.375;-89.8857;11.617868075229126;6.778230672782875
-77.9375;-89.9429;11.617868075229126;6.778230672782875
-77.1875;-90.3429;11.617868075229126;6.778230672782875
-77.0625;-91.3714;11.617868075229126;6.778230672782875
-77.75;-90.9714;11.617868075229126;6.778230672782875
-78.6875;-91.7714;11.617868075229126;6.778230672782875
-79.0625;-92.4286;11.617868075229126;6.778230672782875
-79.1875;-92.9429;11.617868075229126;6.778230672782875
-79.25;-92.4857;11.617868075229126;6.778230672782875
-79.3125;-93.1714;11.617868075229126;6.778230672782875
-79.625;-94.0286;11.617868075229126;6.778230672782875
-80.125;-94.8286;11.617868075229126;6.778230672782875
-80.5625;-95.1714;11.617868075229126;6.778230672782875
-80.8125;-95.8286;11.617868075229126;6.778230672782875
-81.0625;-95.1714;11.617868075229126;6.778230672782875
-81.4375;-95.0571;11.617868075229126;6.778230672782875
-81.875;-96.7714;11.617868075229126;6.778230672782875
-82.3125;-97.0286;11.617868075229126;6.778230672782875
-82.6875;-96.8286;11.617868075229126;6.778230672782875
-82.75;-97.1714;11.617868075229126;6.778230672782875
-82.6875;-97.2;11.617868075229126;6.778230672782875
-82.9375;-97.3429;11.617868075229126;6.778230672782875
-83.0625;-98.0571;11.617868075229126;6.778230672782875
-83.5;-99.0286;11.617868075229126;6.778230672782875
-84.25;-99.3714;11.617868075229126;6.778230672782875
-84.75;-99.2857;11.617868075229126;6.778230672782875
-84.875;-99.4;11.617868075229126;6.778230672782875
-84.75;-99.7429;11.617868075229126;6.778230672782875
-84.5;-100.5714;11.617868075229126;6.778230672782875
-84.25;-99.8857;11.617868075229126;6.778230672782875
-84.0625;-100.7143;11.617868075229126;6.778230672782875
-84.0625;-101.4;11.617868075229126;6.778230672782875
-84.0625;-100.5429;11.617868075229126;6.778230672782875
-84.0625;-101.9429;11.617868075229126;6.778230672782875
-84.5625;-102.0571;11.617868075229126;6.778230672782875
-85.5625;-101.9429;11.617868075229126;6.778230672782875
-86.75;-101.6286;11.617868075229126;6.778230672782875
-87.8125;-102.2286;11.617868075229126;6.778230672782875
-87.8125;-103.0;11.617868075229126;6.778230672782875
-87.1875;-104.6286;11.617868075229126;6.778230672782875
-87.0;-105.0571;11.617868075229126;6.778230672782875
-87.0625;-105.3429;11.617868075229126;6.778230672782875
-87.0625;-105.0857;11.617868075229126;6.778230672782875
-87.375;-106.5143;11.617868075229126;6.778230672782875
-88.1875;-106.8571;11.617868075229126;6.778230672782875
-88.875;-108.4;11.617868075229126;6.778230672782875
-89.625;-107.5143;11.617868075229126;6.778230672782875
-90.375;-108.4857;11.617868075229126;6.778230672782875
-90.9375;-107.5143;11.617868075229126;6.778230672782875
-91.5;-106.2286;11.617868075229126;6.778230672782875
-91.9375;-108.4;11.617868075229126;6.778230672782875
-91.5625;-107.6286;11.617868075229126;6.778230672782875
-91.1875;-107.6857;11.617868075229126;6.778230672782875
-91.625;-109.0857;11.617868075229126;6.778230672782875
-92.875;-109.8571;11.617868075229126;6.778230672782875
-94.4375;-108.4571;11.617868075229126;6.778230672782875
-95.3125;-109.6857;11.617868075229126;6.778230672782875
-95.1875;-108.6571;11.617868075229126;6.778230672782875
-94.0625;-108.9143;11.617868075229126;6.778230672782875
-91.8125;-109.8;11.617868075229126;6.778230672782875
-89.375;-111.6857;11.617868075229126;6.778230672782875
-87.875;-111.3429;11.617868075229126;6.778230672782875
-87.25;-110.4286;11.617868075229126;6.778230672782875
-87.1875;-110.9429;11.617868075229126;6.778230672782875
-87.3125;-111.7714;11.617868075229126;6.778230672782875
-87.9375;-111.8857;11.617868075229126;6.778230672782875
-90.3125;-111.8571;11.617868075229126;6.778230672782875
-94.3125;-111.1143;11.617868075229126;6.778230672782875
-97.5625;-113.7714;11.617868075229126;6.778230672782875
-98.1875;-113.1429;11.617868075229126;6.778230672782875
-96.875;-113.8;11.617868075229126;6.778230672782875
-95.9375;-112.2;11.617868075229126;6.778230672782875
-96.875;-113.4286;11.617868075229126;6.778230672782875
-97.9375;-113.3429;11.617868075229126;6.778230672782875
-98.1875;-115.0286;11.617868075229126;6.778230672782875
-98.8125;-114.6857;11.617868075229126;6.778230672782875
-99.625;-115.4571;11.617868075229126;6.778230672782875
-99.9375;-117.5429;11.617868075229126;6.778230672782875
-100.0;-117.0286;11.617868075229126;6.778230672782875
-100.1875;-116.0;11.617868075229126;6.778230672782875
-100.0;-115.1714;11.617868075229126;6.778230672782875
-99.3125;-115.8571;11.617868075229126;6.778230672782875
-99.6875;-117.6286;11.617868075229126;6.778230672782875
-101.5625;-118.8286;11.617868075229126;6.778230672782875
-103.5;-116.8571;11.617868075229126;6.778230672782875
-104.3125;-117.5714;11.617868075229126;6.778230672782875
-103.9375;-116.5429;11.617868075229126;6.778230672782875
-102.625;-117.8571;11.617868075229126;6.778230672782875
-101.25;-118.1429;11.617868075229126;6.778230672782875
-100.3125;-119.4;11.617868075229126;6.778230672782875
-100.25;-118.2;11.617868075229126;6.778230672782875
-100.875;-119.6286;11.617868075229126;6.778230672782875
-101.625;-118.0857;11.617868075229126;6.778230672782875
-102.125;-120.1714;11.617868075229126;6.778230672782875
-102.375;-118.9429;11.617868075229126;6.778230672782875
-102.375;-121.1143;11.617868075229126;6.778230672782875
-102.375;-120.8286;11.617868075229126;6.778230672782875
-102.5625;-119.7714;11.617868075229126;6.778230672782875
-102.875;-121.2286;11.617868075229126;6.778230672782875
-102.75;-121.4286;11.617868075229126;6.778230672782875
-102.25;-121.6571;11.617868075229126;6.778230672782875
-102.1875;-122.8286;11.617868075229126;6.778230672782875
-102.6875;-121.1429;11.617868075229126;6.778230672782875
-103.8125;-121.8857;11.617868075229126;6.778230672782875
-105.5;-122.9429;11.617868075229126;6.778230672782875
-106.75;-124.0857;11.617868075229126;6.778230672782875
-106.75;-123.8571;11.617868075229126;6.778230672782875
-105.9375;-124.0571;11.617868075229126;6.778230672782875
-105.3125;-123.6286;11.617868075229126;6.778230672782875
-105.4375;-123.8857;11.617868075229126;6.778230672782875
-105.875;-123.0571;11.617868075229126;6.778230672782875
-106.0;-124.0857;11.617868075229126;6.778230672782875
-105.25;-124.8571;11.617868075229126;6.778230672782875
-104.625;-126.1143;11.617868075229126;6.778230672782875
-104.875;-126.0286;11.617868075229126;6.778230672782875
-105.3125;-124.8;11.617868075229126;6.778230672782875
-105.8125;-126.0;11.617868075229126;6.778230672782875
-106.5625;-127.2857;11.617868075229126;6.778230672782875
-107.125;-126.8571;11.617868075229126;6.778230672782875
-107.1875;-126.6286;11.617868075229126;6.778230672782875
-107.375;-126.7143;11.617868075229126;6.778230672782875
-107.4375;-126.4;11.617868075229126;6.778230672782875
-107.125;-127.5429;11.617868075229126;6.778230672782875
-106.75;-126.1714;11.617868075229126;6.778230672782875
-106.5;-126.0857;11.617868075229126;6.778230672782875
-106.4375;-127.5143;11.617868075229126;6.778230672782875
-106.375;-126.3143;11.617868075229126;6.778230672782875
-106.4375;-127.4;11.617868075229126;6.778230672782875
-106.4375;-127.2;11.617868075229126;6.778230672782875
-106.5;-126.9143;11.617868075229126;6.778230672782875
-107.1875;-128.6857;11.617868075229126;6.778230672782875
-108.75;-127.8857;11.617868075229126;6.778230672782875
-109.875;-128.2286;11.617868075229126;6.778230672782875
-110.4375;-128.8857;11.617868075229126;6.778230672782875
-111.3125;-129.0286;11.617868075229126;6.778230672782875
-111.625;-128.3429;11.617868075229126;6.778230672782875
-110.6875;-129.5143;11.617868075229126;6.778230672782875
-109.3125;-130.1429;11.617868075229126;6.778230672782875
-108.375;-129.4857;11.617868075229126;6.778230672782875
-108.25;-129.0;11.617868075229126;6.778230672782875
-109.125;-130.7143;11.617868075229126;6.778230672782875
-110.375;-130.5714;11.617868075229126;6.778230672782875
-110.5625;-129.4286;11.617868075229126;6.778230672782875
-109.5625;-130.3714;11.617868075229126;6.778230672782875
-108.75;-130.7143;11.617868075229126;6.778230672782875
-108.3125;-131.2;11.617868075229126;6.778230672782875
-107.8125;-131.1429;11.617868075229126;6.778230672782875
-107.875;-131.4;11.617868075229126;6.778230672782875
-109.0;-131.8;11.617868075229126;6.778230672782875
-110.5625;-130.6571;11.617868075229126;6.778230672782875
-111.75;-130.5429;11.617868075229126;6.778230672782875
-112.1875;-132.1143;11.617868075229126;6.778230672782875
-112.0625;-132.3143;11.617868075229126;6.778230672782875
-112.125;-130.3429;11.617868075229126;6.778230672782875
-112.5;-132.6857;11.617868075229126;6.778230672782875
-113.125;-133.4;11.617868075229126;6.778230672782875
-113.875;-133.8571;11.617868075229126;6.778230672782875
-114.3125;-132.9714;11.617868075229126;6.778230672782875
-114.5;-132.7143;11.617868075229126;6.778230672782875
-114.5;-130.4286;11.617868075229126;6.778230672782875
-114.5;-133.6857;11.617868075229126;6.778230672782875
-114.1875;-133.8286;11.617868075229126;6.778230672782875
-113.3125;-134.1714;11.617868075229126;6.778230672782875
-112.6875;-133.8286;11.617868075229126;6.778230672782875
-112.5625;-134.4857;11.617868075229126;6.778230672782875
-112.4375;-131.8;11.617868075229126;6.778230672782875
-113.1875;-132.2571;11.617868075229126;6.778230672782875
-114.6875;-133.6857;11.617868075229126;6.778230672782875
-115.625;-133.5714;11.617868075229126;6.778230672782875
-115.6875;-134.5714;11.617868075229126;6.778230672782875
-115.6875;-134.0;11.617868075229126;6.778230672782875
-116.0625;-130.6857;11.617868075229126;6.778230672782875
-116.25;-135.5143;11.617868075229126;6.778230672782875
-115.8125;-134.4571;11.617868075229126;6.778230672782875
-114.625;-135.6286;11.617868075229126;6.778230672782875
-113.375;-134.7143;11.617868075229126;6.778230672782875
-113.0625;-135.0286;11.617868075229126;6.778230672782875
-113.8125;-133.8857;11.617868075229126;6.778230672782875
-115.3125;-134.3143;11.617868075229126;6.778230672782875
-116.75;-136.6571;11.617868075229126;6.778230672782875
-117.4375;-134.9714;11.617868075229126;6.778230672782875
-117.3125;-135.0571;11.617868075229126;6.778230672782875
-117.25;-135.7143;11.617868075229126;6.778230672782875
-117.75;-137.2286;11.617868075229126;6.778230672782875
-118.6875;-136.4;11.617868075229126;6.778230672782875
-119.0625;-136.6286;11.617868075229126;6.778230672782875
-118.375;-137.2286;11.617868075229126;6.778230672782875
-117.4375;-137.9714;11.617868075229126;6.778230672782875
-117.0;-137.8286;11.617868075229126;6.778230672782875
-116.875;-137.1429;11.617868075229126;6.778230672782875
-116.9375;-137.0286;11.617868075229126;6.778230672782875
-117.0;-137.7429;11.617868075229126;6.778230672782875
-117.0625;-137.9429;11.617868075229126;6.778230672782875
-117.25;-135.7143;11.617868075229126;6.778230672782875
-117.6875;-137.5714;11.617868075229126;6.778230672782875
-118.125;-137.0571;11.617868075229126;6.778230672782875
-118.875;-137.1714;11.617868075229126;6.778230672782875
-119.25;-137.1429;11.617868075229126;6.778230672782875
-119.125;-137.6571;11.617868075229126;6.778230672782875
-119.25;-136.9429;11.617868075229126;6.778230672782875
-119.6875;-137.5429;11.617868075229126;6.778230672782875
-119.9375;-139.6571;11.617868075229126;6.778230672782875
-119.9375;-137.0857;11.617868075229126;6.778230672782875
-120.3125;-138.7429;11.617868075229126;6.778230672782875
-120.8125;-138.3714;11.617868075229126;6.778230672782875
-120.875;-137.4286;11.617868075229126;6.778230672782875
-120.875;-136.5143;11.617868075229126;6.778230672782875
-120.5625;-136.8571;11.617868075229126;6.778230672782875
-119.625;-135.8857;11.617868075229126;6.778230672782875
-118.9375;-134.4286;11.617868075229126;6.778230672782875
-119.125;-135.0;11.617868075229126;6.778230672782875
-119.8125;-133.9714;11.617868075229126;6.778230672782875
-120.5;-134.9143;11.617868075229126;6.778230672782875
-121.1875;-134.9429;11.617868075229126;6.778230672782875
-122.0;-134.1143;11.617868075229126;6.778230672782875
-122.5625;-133.4571;11.617868075229126;6.778230672782875
-122.125;-134.6571;11.617868075229126;6.778230672782875
-121.0;-132.8857;11.617868075229126;6.778230672782875
-120.4375;-133.4857;11.617868075229126;6.778230672782875
-120.4375;-132.7143;11.617868075229126;6.778230672782875
-120.375;-133.2;11.617868075229126;6.778230672782875
-120.375;-131.9429;11.617868075229126;6.778230672782875
-120.375;-133.1429;11.617868075229126;6.778230672782875
-120.375;-132.2571;11.617868075229126;6.778230672782875
-120.375;-131.6286;11.617868075229126;6.778230672782875
-120.375;-132.1429;11.617868075229126;6.778230672782875
-120.75;-131.7714;11.617868075229126;6.778230672782875
-121.375;-129.8571;11.617868075229126;6.778230672782875
-121.5;-131.0286;11.617868075229126;6.778230672782875
-121.1875;-130.2286;11.617868075229126;6.778230672782875
-120.5625;-129.0571;11.617868075229126;6.778230672782875
-119.75;-128.9143;11.617868075229126;6.778230672782875
-119.375;-129.4;11.617868075229126;6.778230672782875
-119.5625;-129.3429;11.617868075229126;6.778230672782875
-119.9375;-129.0857;11.617868075229126;6.778230672782875
-120.5;-128.8286;11.617868075229126;6.778230672782875
-121.0625;-127.7714;11.617868075229126;6.778230672782875
-121.5;-127.5143;11.617868075229126;6.778230672782875
-121.625;-127.4;11.617868075229126;6.778230672782875
-121.5625;-126.5429;11.617868075229126;6.778230672782875
-121.1875;-127.5714;11.617868075229126;6.778230672782875
-120.1875;-125.5429;11.617868075229126;6.778230672782875
-119.3125;-125.1714;11.617868075229126;6.778230672782875
-119.1875;-124.8286;11.617868075229126;6.778230672782875
-119.875;-121.8571;11.617868075229126;6.778230672782875
-120.375;-124.4286;11.617868075229126;6.778230672782875
-120.375;-125.1429;11.617868075229126;6.778230672782875
-120.625;-125.1429;11.617868075229126;6.778230672782875
-120.8125;-123.9429;11.617868075229126;6.778230672782875
-120.1875;-124.3143;11.617868075229126;6.778230672782875
-118.875;-123.7143;11.617868075229126;6.778230672782875
-117.0625;-122.9429;11.617868075229126;6.778230672782875
-115.1875;-122.3429;11.617868075229126;6.778230672782875
-114.0625;-122.5143;11.617868075229126;6.778230672782875
-113.5625;-121.5714;11.617868075229126;6.778230672782875
-113.5625;-121.3143;11.617868075229126;6.778230672782875
-113.625;-122.5143;11.617868075229126;6.778230672782875
-114.1875;-121.6857;11.617868075229126;6.778230672782875
-115.125;-119.6286;11.617868075229126;6.778230672782875
-115.3125;-119.8;11.617868075229126;6.778230672782875
-115.0;-119.7714;11.617868075229126;6.778230672782875
-115.0625;-119.4286;11.617868075229126;6.778230672782875
-115.5625;-119.6571;11.617868075229126;6.778230672782875
-115.875;-118.8857;11.617868075229126;6.778230672782875
-116.0;-120.2571;11.617868075229126;6.778230672782875
-115.625;-120.1714;11.617868075229126;6.778230672782875
-114.4375;-119.3429;11.617868075229126;6.778230672782875
-112.8125;-116.9714;11.617868075229126;6.778230672782875
-111.4375;-118.1714;11.617868075229126;6.778230672782875
-111.0;-118.2571;11.617868075229126;6.778230672782875
-111.5625;-118.0571;11.617868075229126;6.778230672782875
-112.6875;-117.0286;11.617868075229126;6.778230672782875
-113.0;-115.8;11.617868075229126;6.778230672782875
-111.625;-116.1714;11.617868075229126;6.778230672782875
-110.125;-115.3714;11.617868075229126;6.778230672782875
-109.3125;-114.8571;11.617868075229126;6.778230672782875
-108.75;-114.5143;11.617868075229126;6.778230672782875
-108.5625;-115.3714;11.617868075229126;6.778230672782875
-109.0625;-115.6286;11.617868075229126;6.778230672782875
-110.375;-114.8857;11.617868075229126;6.778230672782875
-111.6875;-113.6;11.617868075229126;6.778230672782875
-111.75;-113.3429;11.617868075229126;6.778230672782875
-110.375;-115.3429;11.617868075229126;6.778230672782875
-108.5;-113.2286;11.617868075229126;6.778230672782875
-106.875;-112.1429;11.617868075229126;6.778230672782875
-106.0;-112.3429;11.617868075229126;6.778230672782875
-105.6875;-112.2;11.617868075229126;6.778230672782875
-105.6875;-111.7143;11.617868075229126;6.778230672782875
-105.8125;-112.6571;11.617868075229126;6.778230672782875
-106.4375;-113.3714;11.617868075229126;6.778230672782875
-107.8125;-111.8571;11.617868075229126;6.778230672782875
-108.75;-111.6571;11.617868075229126;6.778230672782875
-108.375;-111.8;11.617868075229126;6.778230672782875
-107.0;-111.6286;11.617868075229126;6.778230672782875
-105.5625;-111.0;11.617868075229126;6.778230672782875
-105.125;-110.8571;11.617868075229126;6.778230672782875
-105.75;-110.7429;11.617868075229126;6.778230672782875
-106.625;-110.5714;11.617868075229126;6.778230672782875
-106.9375;-110.1714;11.617868075229126;6.778230672782875
-106.4375;-110.2;11.617868075229126;6.778230672782875
-105.6875;-109.7429;11.617868075229126;6.778230672782875
-105.1875;-108.3429;11.617868075229126;6.778230672782875
-104.8125;-108.5714;11.617868075229126;6.778230672782875
-104.0625;-109.4571;11.617868075229126;6.778230672782875
-102.9375;-108.3714;11.617868075229126;6.778230672782875
-101.9375;-107.8;11.617868075229126;6.778230672782875
-101.5625;-108.8;11.617868075229126;6.778230672782875
-101.5;-108.2571;11.617868075229126;6.778230672782875
-101.5;-108.5714;11.617868075229126;6.778230672782875
-101.6875;-108.4;11.617868075229126;6.778230672782875
-102.3125;-105.3143;11.617868075229126;6.778230672782875
-103.1875;-106.3714;11.617868075229126;6.778230672782875
-103.625;-106.2571;11.617868075229126;6.778230672782875
-103.4375;-105.6571;11.617868075229126;6.778230672782875
-102.4375;-106.0571;11.617868075229126;6.778230672782875
-101.375;-105.4857;11.617868075229126;6.778230672782875
-100.9375;-105.1429;11.617868075229126;6.778230672782875
-100.875;-105.8;11.617868075229126;6.778230672782875
-100.9375;-104.7714;11.617868075229126;6.778230672782875
-101.0625;-103.3429;11.617868075229126;6.778230672782875
-101.125;-104.8857;11.617868075229126;6.778230672782875
-101.375;-103.7429;11.617868075229126;6.778230672782875
-101.75;-103.3429;11.617868075229126;6.778230672782875
-101.3125;-102.8571;11.617868075229126;6.778230672782875
-99.625;-103.2857;11.617868075229126;6.778230672782875
-98.1875;-103.6;11.617868075229126;6.778230672782875
-98.125;-103.2;11.617868075229126;6.778230672782875
-98.375;-101.8857;11.617868075229126;6.778230672782875
-98.625;-101.6286;11.617868075229126;6.778230672782875
-99.6875;-102.2286;11.617868075229126;6.778230672782875
-100.8125;-101.9714;11.617868075229126;6.778230672782875
-101.0625;-101.7143;11.617868075229126;6.778230672782875
-100.625;-101.4286;11.617868075229126;6.778230672782875
-99.9375;-100.8286;11.617868075229126;6.778230672782875
-98.9375;-100.8;11.617868075229126;6.778230672782875
-97.5;-101.0;11.617868075229126;6.778230672782875
-96.25;-101.3143;11.617868075229126;6.778230672782875
-95.9375;-100.7143;11.617868075229126;6.778230672782875
-96.25;-100.0857;11.617868075229126;6.778230672782875
-96.625;-100.4857;11.617868075229126;6.778230672782875
-96.8125;-99.1143;11.617868075229126;6.778230672782875
-97.25;-98.0857;11.617868075229126;6.778230672782875
-97.625;-99.4286;11.617868075229126;6.778230672782875
-96.9375;-98.7714;11.617868075229126;6.778230672782875
-95.625;-98.4286;11.617868075229126;6.778230672782875
-95.0625;-98.4286;11.617868075229126;6.778230672782875
-95.8125;-97.5143;11.617868075229126;6.778230672782875
-97.3125;-97.4571;11.617868075229126;6.778230672782875
-98.6875;-99.1429;11.617868075229126;6.778230672782875
-99.4375;-98.1429;11.617868075229126;6.778230672782875
-99.6875;-97.1143;11.617868075229126;6.778230672782875
-99.6875;-96.9429;11.617868075229126;6.778230672782875
-99.625;-97.6286;11.617868075229126;6.778230672782875
-98.875;-96.6571;11.617868075229126;6.778230672782875
-97.125;-96.9429;11.617868075229126;6.778230672782875
-95.25;-96.6;11.617868075229126;6.778230672782875
-94.0625;-95.3714;11.617868075229126;6.778230672782875
-93.625;-95.4571;11.617868075229126;6.778230672782875
-93.75;-96.0857;11.617868075229126;6.778230672782875
-93.8125;-95.9143;11.617868075229126;6.778230672782875
-93.125;-95.2;11.617868075229126;6.778230672782875
-92.125;-96.2;11.617868075229126;6.778230672782875
-91.375;-95.7143;11.617868075229126;6.778230672782875
-90.9375;-95.6571;11.617868075229126;6.778230672782875
-90.875;-95.2286;11.617868075229126;6.778230672782875
-91.1875;-95.7429;11.617868075229126;6.778230672782875
-91.0;-94.5429;11.617868075229126;6.778230672782875
-90.1875;-94.9143;11.617868075229126;6.778230672782875
-89.5;-93.6571;11.617868075229126;6.778230672782875
-89.5;-93.0286;11.617868075229126;6.778230672782875
-90.0625;-92.9714;11.617868075229126;6.778230672782875
-90.4375;-92.9429;11.617868075229126;6.778230672782875
-90.5625;-92.4857;11.617868075229126;6.778230672782875
-91.0625;-92.8571;11.617868075229126;6.778230672782875
-91.8125;-93.3143;11.617868075229126;6.778230672782875
-92.125;-93.0286;11.617868075229126;6.778230672782875
-91.625;-93.1714;11.617868075229126;6.778230672782875
-90.1875;-92.6;11.617868075229126;6.778230672782875
-88.25;-92.8;11.617868075229126;6.778230672782875
-86.9375;-91.9143;11.617868075229126;6.778230672782875
-86.4375;-92.1429;11.617868075229126;6.778230672782875
-86.375;-91.3143;11.617868075229126;6.778230672782875
-86.5625;-91.0286;11.617868075229126;6.778230672782875
-86.6875;-91.5143;11.617868075229126;6.778230672782875
-86.75;-91.1429;11.617868075229126;6.778230672782875
-86.9375;-91.2;11.617868075229126;6.778230672782875
-87.375;-92.0;11.617868075229126;6.778230672782875
-88.25;-92.0857;11.617868075229126;6.778230672782875
-89.5;-90.7714;11.617868075229126;6.778230672782875
-90.0;-89.4286;11.617868075229126;6.778230672782875
-89.1875;-89.4;11.617868075229126;6.778230672782875
-87.9375;-89.2571;11.617868075229126;6.778230672782875
-87.3125;-88.6286;11.617868075229126;6.778230672782875
-87.375;-88.4571;11.617868075229126;6.778230672782875
-87.5;-88.8;11.617868075229126;6.778230672782875
-87.5;-88.8;11.617868075229126;6.778230672782875
-87.75;-88.7714;11.617868075229126;6.778230672782875
-88.0;-88.8286;11.617868075229126;6.778230672782875
-87.5625;-88.3429;11.617868075229126;6.778230672782875
-86.3125;-87.3714;11.617868075229126;6.778230672782875
-85.25;-87.7143;11.617868075229126;6.778230672782875
-84.9375;-87.5143;11.617868075229126;6.778230672782875
-85.0625;-86.8;11.617868075229126;6.778230672782875
-85.0625;-88.0571;11.617868075229126;6.778230672782875
-84.6875;-89.0286;11.617868075229126;6.778230672782875
-84.5625;-86.7143;11.617868075229126;6.778230672782875
-84.875;-86.8571;11.617868075229126;6.778230672782875
-85.375;-87.7143;11.617868075229126;6.778230672782875
-85.9375;-88.1714;11.617868075229126;6.778230672782875
-86.4375;-87.1714;11.617868075229126;6.778230672782875
-86.6875;-86.0571;11.617868075229126;6.778230672782875
-86.8125;-86.6286;11.617868075229126;6.778230672782875
-86.875;-86.4571;11.617868075229126;6.778230672782875
-86.9375;-85.8;11.617868075229126;6.778230672782875
-86.9375;-85.8286;11.617868075229126;6.778230672782875
-86.9375;-85.0286;11.617868075229126;6.778230672782875
-86.9375;-85.1429;11.617868075229126;6.778230672782875
-86.9375;-85.2571;11.617868075229126;6.778230672782875
-86.6875;-85.2;11.617868075229126;6.778230672782875
-85.625;-84.9429;11.617868075229126;6.778230672782875
-84.375;-84.6;11.617868075229126;6.778230672782875
-83.6875;-84.6;11.617868075229126;6.778230672782875
-83.5625;-83.5143;11.617868075229126;6.778230672782875
-83.625;-84.1143;11.617868075229126;6.778230672782875
-83.5;-84.6286;11.617868075229126;6.778230672782875
-83.125;-84.6857;11.617868075229126;6.778230672782875
-83.0625;-84.7429;11.617868075229126;6.778230672782875
-83.1875;-83.8857;11.617868075229126;6.778230672782875
-83.625;-83.1714;11.617868075229126;6.778230672782875
-83.9375;-83.2;11.617868075229126;6.778230672782875
-83.8125;-83.2286;11.617868075229126;6.778230672782875
-83.3125;-83.1714;11.617868075229126;6.778230672782875
-82.875;-82.4571;11.617868075229126;6.778230672782875
-82.6875;-82.3429;11.617868075229126;6.778230672782875
-82.4375;-82.5429;11.617868075229126;6.778230672782875
-81.6875;-81.4857;11.617868075229126;6.778230672782875
-80.4375;-81.8857;11.617868075229126;6.778230672782875
-79.375;-81.9429;11.617868075229126;6.778230672782875
-79.8125;-81.2571;11.617868075229126;6.778230672782875
-81.5;-81.1714;11.617868075229126;6.778230672782875
-82.875;-80.9714;11.617868075229126;6.778230672782875
-83.3125;-81.2857;11.617868075229126;6.778230672782875
-83.3125;-81.3143;11.617868075229126;6.778230672782875
-83.1875;-81.8857;11.617868075229126;6.778230672782875
-83.0;-81.5143;11.617868075229126;6.778230672782875
-82.875;-80.6571;11.617868075229126;6.778230672782875
-82.8125;-80.2286;11.617868075229126;6.778230672782875
-82.8125;-80.5429;11.617868075229126;6.778230672782875
-82.8125;-80.9714;11.617868075229126;6.778230672782875
-82.625;-79.9714;11.617868075229126;6.778230672782875
-82.125;-79.4;11.617868075229126;6.778230672782875
-81.375;-80.0286;11.617868075229126;6.778230672782875
-80.75;-80.0286;11.617868075229126;6.778230672782875
-80.4375;-79.4286;11.617868075229126;6.778230672782875
-80.0;-79.6;11.617868075229126;6.778230672782875
-79.0;-79.7429;11.617868075229126;6.778230672782875
-77.625;-79.7714;11.617868075229126;6.778230672782875
-76.5;-79.1429;11.617868075229126;6.778230672782875
-76.375;-78.5143;11.617868075229126;6.778230672782875
-77.5;-78.0857;11.617868075229126;6.778230672782875
-78.875;-78.7143;11.617868075229126;6.778230672782875
-79.75;-78.4857;11.617868075229126;6.778230672782875
-79.875;-78.0286;11.617868075229126;6.778230672782875
-79.125;-77.7429;11.617868075229126;6.778230672782875
-78.375;-78.5143;11.617868075229126;6.778230672782875
-78.0;-77.9429;11.617868075229126;6.778230672782875
-77.4375;-77.5143;11.617868075229126;6.778230672782875
-76.875;-76.6857;11.617868075229126;6.778230672782875
-76.625;-77.0286;11.617868075229126;6.778230672782875
-76.9375;-77.1714;11.617868075229126;6.778230672782875
-77.375;-77.1714;11.617868075229126;6.778230672782875
-77.875;-76.4;11.617868075229126;6.778230672782875
-78.5;-76.1429;11.617868075229126;6.778230672782875
-78.4375;-76.7429;11.617868075229126;6.778230672782875
-77.1875;-76.9714;11.617868075229126;6.778230672782875
-76.1875;-76.4857;11.617868075229126;6.778230672782875
-75.9375;-76.6;11.617868075229126;6.778230672782875
-76.0625;-76.2;11.617868075229126;6.778230672782875
-76.1875;-75.8286;11.617868075229126;6.778230672782875
-76.375;-75.7143;11.617868075229126;6.778230672782875
-76.4375;-75.2571;11.617868075229126;6.778230672782875
-76.375;-75.4286;11.617868075229126;6.778230672782875
-76.125;-75.7429;11.617868075229126;6.778230672782875
-75.9375;-74.9429;11.617868075229126;6.778230672782875
-75.3125;-74.7714;11.617868075229126;6.778230672782875
-74.6875;-74.4286;11.617868075229126;6.778230672782875
-74.8125;-74.5143;11.617868075229126;6.778230672782875
-75.1875;-73.8857;11.617868075229126;6.778230672782875
-75.0;-74.2857;11.617868075229126;6.778230672782875
-74.1875;-74.6;11.617868075229126;6.778230672782875
-73.4375;-74.0286;11.617868075229126;6.778230672782875
-73.3125;-73.5143;11.617868075229126;6.778230672782875
-73.3125;-73.2286;11.617868075229126;6.778230672782875
-73.0;-73.2857;11.617868075229126;6.778230672782875
-72.4375;-73.1429;11.617868075229126;6.778230672782875
-72.125;-73.1714;11.617868075229126;6.778230672782875
-72.25;-73.2857;11.617868075229126;6.778230672782875
-72.5;-73.2571;11.617868075229126;6.778230672782875
-72.75;-72.8857;11.617868075229126;6.778230672782875
-72.25;-73.5143;11.617868075229126;6.778230672782875
-71.0;-72.6571;11.617868075229126;6.778230672782875
-69.6875;-72.1714;11.617868075229126;6.778230672782875
-69.25;-72.1143;11.617868075229126;6.778230672782875
-70.0625;-72.4286;11.617868075229126;6.778230672782875
-71.0625;-72.2857;11.617868075229126;6.778230672782875
-71.5;-71.8571;11.617868075229126;6.778230672782875
-71.5625;-71.7429;11.617868075229126;6.778230672782875
-71.375;-71.2286;11.617868075229126;6.778230672782875
-71.0;-70.9714;11.617868075229126;6.778230672782875
-70.75;-70.9143;11.617868075229126;6.778230672782875
-70.625;-70.6857;11.617868075229126;6.778230672782875
-70.625;-70.8286;11.617868075229126;6.778230672782875
-70.625;-70.5429;11.617868075229126;6.778230672782875
-70.5;-70.2571;11.617868075229126;6.778230672782875
-70.375;-70.1429;11.617868075229126;6.778230672782875
-70.375;-69.7429;11.617868075229126;6.778230672782875
-70.375;-69.4;11.617868075229126;6.778230672782875
-69.8125;-69.6286;11.617868075229126;6.778230672782875
-68.9375;-69.8286;11.617868075229126;6.778230672782875
-68.6875;-69.3714;11.617868075229126;6.778230672782875
-69.0625;-69.0857;11.617868075229126;6.778230672782875
-69.3125;-69.0571;11.617868075229126;6.778230672782875
-69.4375;-69.4857;11.617868075229126;6.778230672782875
-69.375;-69.4286;11.617868075229126;6.778230672782875
-69.0;-69.4;11.617868075229126;6.778230672782875
-68.625;-69.4571;11.617868075229126;6.778230672782875
-68.875;-69.0571;11.617868075229126;6.778230672782875
-69.4375;-68.7714;11.617868075229126;6.778230672782875
-69.4375;-68.5429;11.617868075229126;6.778230672782875
-69.1875;-67.8571;11.617868075229126;6.778230672782875
-69.125;-68.2286;11.617868075229126;6.778230672782875
-69.5625;-68.1714;11.617868075229126;6.778230672782875
-69.8125;-68.1714;11.617868075229126;6.778230672782875
-69.1875;-67.8286;11.617868075229126;6.778230672782875
-68.125;-67.8286;11.617868075229126;6.778230672782875
-67.5625;-67.1143;11.617868075229126;6.778230672782875
-67.8125;-67.5429;11.617868075229126;6.778230672782875
-68.375;-67.3143;11.617868075229126;6.778230672782875
-69.0;-66.9143;11.617868075229126;6.778230672782875
-69.6875;-67.8286;11.617868075229126;6.778230672782875
-70.5;-67.4857;11.617868075229126;6.778230672782875
-71.0;-67.4857;11.617868075229126;6.778230672782875
-71.1875;-67.5714;11.617868075229126;6.778230672782875
-71.25;-67.1143;11.617868075229126;6.778230672782875
-71.1875;-67.2;11.617868075229126;6.778230672782875
-70.75;-66.9714;11.617868075229126;6.778230672782875
-69.4375;-66.4;11.617868075229126;6.778230672782875
-67.875;-66.0571;11.617868075229126;6.778230672782875
-66.75;-66.4286;11.617868075229126;6.778230672782875
-66.1875;-65.9429;11.617868075229126;6.778230672782875
-66.0625;-65.4857;11.617868075229126;6.778230672782875
-66.375;-65.8;11.617868075229126;6.778230672782875
-66.6875;-65.7143;11.617868075229126;6.778230672782875
-66.9375;-65.7714;11.617868075229126;6.778230672782875
-67.4375;-65.7714;11.617868075229126;6.778230672782875
-67.4375;-65.6;11.617868075229126;6.778230672782875
-66.25;-65.0571;11.617868075229126;6.778230672782875
-64.875;-64.4857;11.617868075229126;6.778230672782875
-64.4375;-64.9429;11.617868075229126;6.778230672782875
-64.6875;-64.8571;11.617868075229126;6.778230672782875
-65.5625;-64.9714;11.617868075229126;6.778230672782875
-66.5;-64.9714;11.617868075229126;6.778230672782875
-66.8125;-65.0;11.617868075229126;6.778230672782875
-66.5;-64.3714;11.617868075229126;6.778230672782875
-65.5625;-64.5714;11.617868075229126;6.778230672782875
-64.0625;-64.1714;11.617868075229126;6.778230672782875
-62.6875;-63.8;11.617868075229126;6.778230672782875
-62.0;-63.7429;11.617868075229126;6.778230672782875
-62.1875;-63.4;11.617868075229126;6.778230672782875
-62.9375;-63.3143;11.617868075229126;6.778230672782875
-63.75;-63.2;11.617868075229126;6.778230672782875
-64.3125;-63.0857;11.617868075229126;6.778230672782875
-64.5;-63.1714;11.617868075229126;6.778230672782875
-64.4375;-63.1143;11.617868075229126;6.778230672782875
-64.375;-62.8;11.617868075229126;6.778230672782875
-64.3125;-62.2571;11.617868075229126;6.778230672782875
-64.25;-62.2857;11.617868075229126;6.778230672782875
-64.3125;-62.2286;11.617868075229126;6.778230672782875
-64.3125;-62.1143;11.617868075229126;6.778230672782875
-63.875;-62.6;11.617868075229126;6.778230672782875
-62.9375;-62.0;11.617868075229126;6.778230672782875
-61.9375;-62.1714;11.617868075229126;6.778230672782875
-61.5625;-61.7429;11.617868075229126;6.778230672782875
-61.75;-61.5429;11.617868075229126;6.778230672782875
-62.1875;-61.7143;11.617868075229126;6.778230672782875
-63.25;-60.9429;11.617868075229126;6.778230672782875
-64.4375;-61.2286;11.617868075229126;6.778230672782875
-64.6875;-61.5429;11.617868075229126;6.778230672782875
-64.0625;-61.0857;11.617868075229126;6.778230672782875
-63.375;-61.0286;11.617868075229126;6.778230672782875
-62.8125;-61.2571;11.617868075229126;6.778230672782875
-61.8125;-60.8857;11.617868075229126;6.778230672782875
-61.0;-61.3143;11.617868075229126;6.778230672782875
-61.125;-61.2;11.617868075229126;6.778230672782875
-62.375;-60.7143;11.617868075229126;6.778230672782875
-63.4375;-60.6857;11.617868075229126;6.778230672782875
-63.1875;-60.4857;11.617868075229126;6.778230672782875
-62.5;-60.4857;11.617868075229126;6.778230672782875
-62.0625;-60.5429;11.617868075229126;6.778230672782875
-62.25;-59.7714;11.617868075229126;6.778230672782875
-62.5625;-59.7143;11.617868075229126;6.778230672782875
-62.1875;-59.4857;11.617868075229126;6.778230672782875
-61.25;-59.6857;11.617868075229126;6.778230672782875
-60.4375;-59.8;11.617868075229126;6.778230672782875
-60.125;-59.9143;11.617868075229126;6.778230672782875
-60.0;-59.8286;11.617868075229126;6.778230672782875
-60.0625;-59.6286;11.617868075229126;6.778230672782875
-60.125;-58.8571;11.617868075229126;6.778230672782875
-60.1875;-59.4;11.617868075229126;6.778230672782875
-60.125;-59.2571;11.617868075229126;6.778230672782875
-59.9375;-58.7714;11.617868075229126;6.778230672782875
-59.625;-58.9714;11.617868075229126;6.778230672782875
-59.375;-58.5714;11.617868075229126;6.778230672782875
-59.375;-58.4571;11.617868075229126;6.778230672782875
-59.5625;-59.0571;11.617868075229126;6.778230672782875
-59.875;-58.7143;11.617868075229126;6.778230672782875
-60.3125;-58.7143;11.617868075229126;6.778230672782875
-60.8125;-58.7714;11.617868075229126;6.778230672782875
-60.875;-58.0857;11.617868075229126;6.778230672782875
-60.1875;-57.8571;11.617868075229126;6.778230672782875
-59.4375;-58.2;11.617868075229126;6.778230672782875
-59.3125;-58.2857;11.617868075229126;6.778230672782875
-59.6875;-58.2286;11.617868075229126;6.778230672782875
-60.125;-58.1714;11.617868075229126;6.778230672782875
-59.875;-57.6857;11.617868075229126;6.778230672782875
-58.5625;-57.3143;11.617868075229126;6.778230672782875
-57.0;-57.5143;11.617868075229126;6.778230672782875
-55.6875;-56.7714;11.617868075229126;6.778230672782875
-55.1875;-57.2;11.617868075229126;6.778230672782875
-55.875;-56.6571;11.617868075229126;6.778230672782875
-57.0625;-56.8286;11.617868075229126;6.778230672782875
-57.75;-56.5714;11.617868075229126;6.778230672782875
-57.75;-56.2857;11.617868075229126;6.778230672782875
-57.375;-56.4;11.617868075229126;6.778230672782875
-57.0;-56.2857;11.617868075229126;6.778230672782875
-56.8125;-56.2286;11.617868075229126;6.778230672782875
-56.6875;-56.2857;11.617868075229126;6.778230672782875
-56.625;-56.2286;11.617868075229126;6.778230672782875
-56.625;-56.0;11.617868075229126;6.778230672782875
-56.625;-55.7429;11.617868075229126;6.778230672782875
-56.625;-55.8571;11.617868075229126;6.778230672782875
-56.8125;-55.6;11.617868075229126;6.778230672782875
-57.0;-55.8286;11.617868075229126;6.778230672782875
-56.75;-55.8;11.617868075229126;6.778230672782875
-56.0;-55.5714;11.617868075229126;6.778230672782875
-54.875;-55.3143;11.617868075229126;6.778230672782875
-54.125;-54.9714;11.617868075229126;6.778230672782875
-54.75;-55.2857;11.617868075229126;6.778230672782875
-56.25;-55.1714;11.617868075229126;6.778230672782875
-57.5;-54.8857;11.617868075229126;6.778230672782875
-58.3125;-54.9714;11.617868075229126;6.778230672782875
-58.375;-54.8571;11.617868075229126;6.778230672782875
-57.75;-54.6286;11.617868075229126;6.778230672782875
-56.875;-54.6571;11.617868075229126;6.778230672782875
-56.25;-54.4571;11.617868075229126;6.778230672782875
-56.125;-54.0857;11.617868075229126;6.778230672782875
-55.75;-53.9429;11.617868075229126;6.778230672782875
-55.0;-53.9143;11.617868075229126;6.778230672782875
-53.875;-53.8571;11.617868075229126;6.778230672782875
-52.5625;-53.8286;11.617868075229126;6.778230672782875
-52.125;-53.5429;11.617868075229126;6.778230672782875
-53.4375;-53.6571;11.617868075229126;6.778230672782875
-55.4375;-53.8;11.617868075229126;6.778230672782875
-56.8125;-53.6857;11.617868075229126;6.778230672782875
-56.875;-53.5714;11.617868075229126;6.778230672782875
-56.0;-53.4;11.617868075229126;6.778230672782875
-55.0;-53.3429;11.617868075229126;6.778230672782875
-54.375;-53.2286;11.617868075229126;6.778230672782875
-54.1875;-53.1429;11.617868075229126;6.778230672782875
-54.1875;-52.8571;11.617868075229126;6.778230672782875
-54.3125;-52.3714;11.617868075229126;6.778230672782875
-54.375;-52.5143;11.617868075229126;6.778230672782875
-54.375;-52.2571;11.617868075229126;6.778230672782875
-54.3125;-52.3714;11.617868075229126;6.778230672782875
-54.0625;-52.0;11.617868075229126;6.778230672782875
-54.0625;-52.0571;11.617868075229126;6.778230672782875
-54.4375;-52.1714;11.617868075229126;6.778230672782875
-54.9375;-52.1714;11.617868075229126;6.778230672782875
-54.5;-51.9143;11.617868075229126;6.778230672782875
-53.3125;-51.8571;11.617868075229126;6.778230672782875
-52.5625;-51.7714;11.617868075229126;6.778230672782875
-52.875;-51.8;11.617868075229126;6.778230672782875
-53.5625;-51.5143;11.617868075229126;6.778230672782875
-53.625;-51.4286;11.617868075229126;6.778230672782875
-52.9375;-51.0286;11.617868075229126;6.778230672782875
-52.5625;-50.9143;11.617868075229126;6.778230672782875
-52.6875;-50.9429;11.617868075229126;6.778230672782875
-52.75;-50.6;11.617868075229126;6.778230672782875
-52.6875;-50.6857;11.617868075229126;6.778230672782875
-52.5;-50.7429;11.617868075229126;6.778230672782875
-52.3125;-50.7714;11.617868075229126;6.778230672782875
-52.125;-50.4286;11.617868075229126;6.778230672782875
-52.0625;-50.5429;11.617868075229126;6.778230672782875
-52.125;-50.2286;11.617868075229126;6.778230672782875
-52.1875;-50.4571;11.617868075229126;6.778230672782875
-52.125;-50.3143;11.617868075229126;6.778230672782875
-52.25;-50.0;11.617868075229126;6.778230672782875
-52.375;-50.1429;11.617868075229126;6.778230672782875
-52.1875;-49.7714;11.617868075229126;6.778230672782875
-51.625;-49.7714;11.617868075229126;6.778230672782875
-51.0;-49.4;11.617868075229126;6.778230672782875
-50.6875;-49.6286;11.617868075229126;6.778230672782875
-50.5;-49.5429;11.617868075229126;6.778230672782875
-50.5;-49.4;11.617868075229126;6.778230672782875
-50.5;-49.6571;11.617868075229126;6.778230672782875
-50.3125;-49.4571;11.617868075229126;6.778230672782875
-49.75;-49.2857;11.617868075229126;6.778230672782875
-49.25;-48.9714;11.617868075229126;6.778230672782875
-49.1875;-48.8;11.617868075229126;6.778230672782875
-49.5;-48.8857;11.617868075229126;6.778230672782875
-50.0;-48.3143;11.617868075229126;6.778230672782875
-50.4375;-48.0571;11.617868075229126;6.778230672782875
-51.0;-47.8;11.617868075229126;6.778230672782875
-51.875;-48.0286;11.617868075229126;6.778230672782875
-52.5;-48.0571;11.617868075229126;6.778230672782875
-52.0625;-48.0;11.617868075229126;6.778230672782875
-51.0625;-47.6286;11.617868075229126;6.778230672782875
-50.6875;-47.7429;11.617868075229126;6.778230672782875
-51.0625;-47.5429;11.617868075229126;6.778230672782875
-51.5;-47.3429;11.617868075229126;6.778230672782875
-51.375;-47.0571;11.617868075229126;6.778230672782875
-50.6875;-47.0286;11.617868075229126;6.778230672782875
-49.6875;-47.0286;11.617868075229126;6.778230672782875
-48.6875;-47.1429;11.617868075229126;6.778230672782875
-48.0;-47.0;11.617868075229126;6.778230672782875
-47.75;-46.9143;11.617868075229126;6.778230672782875
-47.9375;-46.7429;11.617868075229126;6.778230672782875
-48.625;-46.4;11.617868075229126;6.778230672782875
-48.9375;-46.4857;11.617868075229126;6.778230672782875
-48.6875;-46.2857;11.617868075229126;6.778230672782875
-48.6875;-46.3429;11.617868075229126;6.778230672782875
-49.5625;-46.3714;11.617868075229126;6.778230672782875
-50.6875;-46.3143;11.617868075229126;6.778230672782875
-51.4375;-46.5143;11.617868075229126;6.778230672782875
-51.75;-46.0286;11.617868075229126;6.778230672782875
-51.8125;-45.9429;11.617868075229126;6.778230672782875
-51.8125;-45.9714;11.617868075229126;6.778230672782875
-51.3125;-45.6571;11.617868075229126;6.778230672782875
-50.375;-45.4286;11.617868075229126;6.778230672782875
-49.625;-45.3143;11.617868075229126;6.778230672782875
-48.875;-45.1714;11.617868075229126;6.778230672782875
-47.8125;-45.0286;11.617868075229126;6.778230672782875
-46.6875;-45.1429;11.617868075229126;6.778230672782875
-46.25;-45.0286;11.617868075229126;6.778230672782875
-46.5;-45.3143;11.617868075229126;6.778230672782875
-47.0;-45.1143;11.617868075229126;6.778230672782875
-47.4375;-45.1143;11.617868075229126;6.778230672782875
-48.3125;-45.0;11.617868075229126;6.778230672782875
-49.4375;-44.6286;11.617868075229126;6.778230672782875
-49.8125;-44.4857;11.617868075229126;6.778230672782875
-48.6875;-44.6571;11.617868075229126;6.778230672782875
-46.4375;-44.6286;11.617868075229126;6.778230672782875
-44.5;-44.6571;11.617868075229126;6.778230672782875
-44.3125;-44.6286;11.617868075229126;6.778230672782875
-45.3125;-44.5714;11.617868075229126;6.778230672782875
-46.6875;-44.6;11.617868075229126;6.778230672782875
-48.25;-44.2571;11.617868075229126;6.778230672782875
-48.875;-44.0857;11.617868075229126;6.778230672782875
-48.125;-43.7429;11.617868075229126;6.778230672782875
-46.6875;-43.8857;11.617868075229126;6.778230672782875
-45.5625;-43.5429;11.617868075229126;6.778230672782875
-45.75;-43.3429;11.617868075229126;6.778230672782875
-46.625;-43.2857;11.617868075229126;6.778230672782875
-47.0625;-43.2857;11.617868075229126;6.778230672782875
-47.125;-43.3429;11.617868075229126;6.778230672782875
-47.0625;-43.4;11.617868075229126;6.778230672782875
-46.9375;-43.4286;11.617868075229126;6.778230672782875
-46.875;-43.4;11.617868075229126;6.778230672782875
-46.8125;-42.9429;11.617868075229126;6.778230672782875
-46.625;-42.7429;11.617868075229126;6.778230672782875
-46.125;-42.8;11.617868075229126;6.778230672782875
-45.8125;-42.6857;11.617868075229126;6.778230672782875
-45.875;-42.8286;11.617868075229126;6.778230672782875
-45.875;-42.6286;11.617868075229126;6.778230672782875
-45.625;-42.6286;11.617868075229126;6.778230672782875
-45.4375;-42.3714;11.617868075229126;6.778230672782875
-45.3125;-42.3143;11.617868075229126;6.778230672782875
-45.25;-42.1714;11.617868075229126;6.778230672782875
-45.0625;-41.9143;11.617868075229126;6.778230672782875
-44.5625;-41.7714;11.617868075229126;6.778230672782875
-44.125;-41.8;11.617868075229126;6.778230672782875
-44.125;-42.0;11.617868075229126;6.778230672782875
-44.125;-41.9714;11.617868075229126;6.778230672782875
-44.0;-41.9143;11.617868075229126;6.778230672782875
-44.0;-41.4857;11.617868075229126;6.778230672782875
-44.125;-41.3714;11.617868075229126;6.778230672782875
-43.9375;-41.2571;11.617868075229126;6.778230672782875
-43.5;-41.1429;11.617868075229126;6.778230672782875
-43.4375;-41.1143;11.617868075229126;6.778230672782875
-43.875;-40.9714;11.617868075229126;6.778230672782875
-44.0;-41.1714;11.617868075229126;6.778230672782875
-43.75;-41.1714;11.617868075229126;6.778230672782875
-43.4375;-40.9714;11.617868075229126;6.778230672782875
-43.25;-40.6286;11.617868075229126;6.778230672782875
-43.125;-40.6571;11.617868075229126;6.778230672782875
-43.375;-40.6;11.617868075229126;6.778230672782875
-43.8125;-40.6;11.617868075229126;6.778230672782875
-44.1875;-40.6;11.617868075229126;6.778230672782875
-44.375;-40.5429;11.617868075229126;6.778230672782875
-44.4375;-40.4571;11.617868075229126;6.778230672782875
-44.375;-40.3714;11.617868075229126;6.778230672782875
-44.25;-40.2286;11.617868075229126;6.778230672782875
-43.875;-40.2;11.617868075229126;6.778230672782875
-43.5;-40.2;11.617868075229126;6.778230672782875
-43.5;-40.0857;11.617868075229126;6.778230672782875
-43.375;-40.0;11.617868075229126;6.778230672782875
-42.8125;-39.9143;11.617868075229126;6.778230672782875
-42.25;-39.9714;11.617868075229126;6.778230672782875
-41.6875;-39.8571;11.617868075229126;6.778230672782875
-41.0;-39.7143;11.617868075229126;6.778230672782875
-40.4375;-39.7143;11.617868075229126;6.778230672782875
-40.3125;-39.8;11.617868075229126;6.778230672782875
-41.0;-39.7714;11.617868075229126;6.778230672782875
-42.125;-39.5714;11.617868075229126;6.778230672782875
-42.9375;-39.5714;11.617868075229126;6.778230672782875
-43.25;-39.4286;11.617868075229126;6.778230672782875
-43.125;-39.2571;11.617868075229126;6.778230672782875
-42.4375;-39.0571;11.617868075229126;6.778230672782875
-41.4375;-38.9429;11.617868075229126;6.778230672782875
-40.4375;-38.8857;11.617868075229126;6.778230672782875
-40.0;-39.0;11.617868075229126;6.778230672782875
-39.9375;-38.9429;11.617868075229126;6.778230672782875
-39.875;-38.8571;11.617868075229126;6.778230672782875
-39.8125;-38.7429;11.617868075229126;6.778230672782875
-40.0625;-38.7429;11.617868075229126;6.778230672782875
-40.375;-38.6;11.617868075229126;6.778230672782875
-40.5625;-38.3714;11.617868075229126;6.778230672782875
-40.5;-38.2;11.617868075229126;6.778230672782875
-40.3125;-38.2;11.617868075229126;6.778230672782875
-40.1875;-37.8571;11.617868075229126;6.778230672782875
-40.0625;-37.8;11.617868075229126;6.778230672782875
-40.0625;-37.8286;11.617868075229126;6.778230672782875
-40.0625;-37.8857;11.617868075229126;6.778230672782875
-40.0;-37.6286;11.617868075229126;6.778230672782875
-40.0;-37.6571;11.617868075229126;6.778230672782875
-40.0;-37.7143;11.617868075229126;6.778230672782875
-40.0625;-37.8571;11.617868075229126;6.778230672782875
-40.1875;-37.7143;11.617868075229126;6.778230672782875
-40.5;-37.6286;11.617868075229126;6.778230672782875
-40.625;-37.4857;11.617868075229126;6.778230672782875
-40.5;-37.1714;11.617868075229126;6.778230672782875
-40.25;-37.2286;11.617868075229126;6.778230672782875
-40.0625;-37.0286;11.617868075229126;6.778230672782875
-40.125;-37.2286;11.617868075229126;6.778230672782875
-40.0625;-37.2;11.617868075229126;6.778230672782875
-39.3125;-37.3143;11.617868075229126;6.778230672782875
-38.375;-37.0286;11.617868075229126;6.778230672782875
-37.625;-36.8286;11.617868075229126;6.778230672782875
-36.9375;-36.6571;11.617868075229126;6.778230672782875
-36.6875;-36.3429;11.617868075229126;6.778230672782875
-36.8125;-36.3429;11.617868075229126;6.778230672782875
-37.3125;-36.2571;11.617868075229126;6.778230672782875
-38.4375;-36.4571;11.617868075229126;6.778230672782875
-39.625;-36.5143;11.617868075229126;6.778230672782875
-40.1875;-36.2286;11.617868075229126;6.778230672782875
-40.0;-36.2571;11.617868075229126;6.778230672782875
-39.5625;-36.0857;11.617868075229126;6.778230672782875
-38.6875;-36.0;11.617868075229126;6.778230672782875
-37.875;-35.8571;11.617868075229126;6.778230672782875
-37.8125;-35.7714;11.617868075229126;6.778230672782875
-38.375;-35.6857;11.617868075229126;6.778230672782875
-38.9375;-35.7429;11.617868075229126;6.778230672782875
-39.25;-35.6;11.617868075229126;6.778230672782875
-39.375;-35.5714;11.617868075229126;6.778230672782875
-39.375;-35.4857;11.617868075229126;6.778230672782875
-39.4375;-35.3714;11.617868075229126;6.778230672782875
-39.625;-35.3429;11.617868075229126;6.778230672782875
-39.625;-35.3429;11.617868075229126;6.778230672782875
-39.0625;-35.4286;11.617868075229126;6.778230672782875
-38.0625;-35.3143;11.617868075229126;6.778230672782875
-37.625;-35.4;11.617868075229126;6.778230672782875
-37.5;-35.2;11.617868075229126;6.778230672782875
-37.375;-34.9143;11.617868075229126;6.778230672782875
-37.5;-34.7429;11.617868075229126;6.778230672782875
-37.875;-34.6571;11.617868075229126;6.778230672782875
-37.75;-34.5143;11.617868075229126;6.778230672782875
-37.1875;-34.6286;11.617868075229126;6.778230672782875
-36.75;-34.5143;11.617868075229126;6.778230672782875
-36.5;-34.5429;11.617868075229126;6.778230672782875
-36.375;-34.4571;11.617868075229126;6.778230672782875
-36.4375;-34.3714;11.617868075229126;6.778230672782875
-36.5625;-34.4286;11.617868075229126;6.778230672782875
-36.8125;-34.3429;11.617868075229126;6.778230672782875
-37.0625;-34.2286;11.617868075229126;6.778230672782875
-37.375;-34.0857;11.617868075229126;6.778230672782875
-37.5625;-33.8857;11.617868075229126;6.778230672782875
-37.125;-33.8857;11.617868075229126;6.778230672782875
-36.0625;-33.8857;11.617868075229126;6.778230672782875
-35.125;-33.8;11.617868075229126;6.778230672782875
-34.9375;-33.4571;11.617868075229126;6.778230672782875
-35.3125;-33.4571;11.617868075229126;6.778230672782875
-35.625;-33.5714;11.617868075229126;6.778230672782875
-35.625;-33.5143;11.617868075229126;6.778230672782875
-35.5625;-33.4;11.617868075229126;6.778230672782875
-35.4375;-33.3143;11.617868075229126;6.778230672782875
-35.4375;-33.3143;11.617868075229126;6.778230672782875
-35.375;-33.1143;11.617868075229126;6.778230672782875
-35.5;-33.1714;11.617868075229126;6.778230672782875
-35.8125;-32.9714;11.617868075229126;6.778230672782875
-35.9375;-32.8857;11.617868075229126;6.778230672782875
-35.6875;-32.7429;11.617868075229126;6.778230672782875
-35.375;-32.8;11.617868075229126;6.778230672782875
-35.1875;-32.6857;11.617868075229126;6.778230672782875
-34.75;-32.6857;11.617868075229126;6.778230672782875
-34.1875;-32.5714;11.617868075229126;6.778230672782875
-33.4375;-32.4;11.617868075229126;6.778230672782875
-32.625;-32.3429;11.617868075229126;6.778230672782875
-32.1875;-32.2857;11.617868075229126;6.778230672782875
-32.5;-32.0571;11.617868075229126;6.778230672782875
-32.9375;-32.0857;11.617868075229126;6.778230672782875
-33.375;-31.9714;11.617868075229126;6.778230672782875
-33.8125;-32.0;11.617868075229126;6.778230672782875
-34.0625;-31.9714;11.617868075229126;6.778230672782875
-33.9375;-31.6;11.617868075229126;6.778230672782875
-33.4375;-31.6857;11.617868075229126;6.778230672782875
-33.0625;-31.7714;11.617868075229126;6.778230672782875
-33.125;-31.6286;11.617868075229126;6.778230672782875
-33.5;-31.4857;11.617868075229126;6.778230672782875
-33.875;-31.5429;11.617868075229126;6.778230672782875
-33.9375;-31.6571;11.617868075229126;6.778230672782875
-33.9375;-31.5714;11.617868075229126;6.778230672782875
-34.0;-31.4;11.617868075229126;6.778230672782875
-33.875;-31.2571;11.617868075229126;6.778230672782875
-33.3125;-31.2286;11.617868075229126;6.778230672782875
-32.5625;-31.1429;11.617868075229126;6.778230672782875
-32.0625;-30.9143;11.617868075229126;6.778230672782875
-31.8125;-30.8;11.617868075229126;6.778230672782875
-31.8125;-30.8857;11.617868075229126;6.778230672782875
-31.8125;-30.8286;11.617868075229126;6.778230672782875
-32.0;-30.8286;11.617868075229126;6.778230672782875
-32.5625;-30.6857;11.617868075229126;6.778230672782875
-33.1875;-30.4857;11.617868075229126;6.778230672782875
-33.3125;-30.5429;11.617868075229126;6.778230672782875
-32.9375;-30.4;11.617868075229126;6.778230672782875
-32.4375;-30.3429;11.617868075229126;6.778230672782875
-32.0;-30.1714;11.617868075229126;6.778230672782875
-31.3125;-30.0857;11.617868075229126;6.778230672782875
-30.875;-30.2;11.617868075229126;6.778230672782875
-31.3125;-30.0286;11.617868075229126;6.778230672782875
-31.9375;-30.1143;11.617868075229126;6.778230672782875
-32.0;-30.0286;11.617868075229126;6.778230672782875
-31.5625;-29.8571;11.617868075229126;6.778230672782875
-31.25;-29.8;11.617868075229126;6.778230672782875
-31.5625;-29.6857;11.617868075229126;6.778230672782875
-32.1875;-29.6;11.617868075229126;6.778230672782875
-32.4375;-29.5714;11.617868075229126;6.778230672782875
-31.8125;-29.5143;11.617868075229126;6.778230672782875
-30.75;-29.3429;11.617868075229126;6.778230672782875
-30.125;-29.3714;11.617868075229126;6.778230672782875
-30.25;-29.4;11.617868075229126;6.778230672782875
-30.75;-29.3714;11.617868075229126;6.778230672782875
-31.1875;-29.4286;11.617868075229126;6.778230672782875
-31.25;-29.4;11.617868075229126;6.778230672782875
-30.8125;-29.3143;11.617868075229126;6.778230672782875
-30.625;-29.2286;11.617868075229126;6.778230672782875
-30.9375;-29.2571;11.617868075229126;6.778230672782875
-31.4375;-29.2571;11.617868075229126;6.778230672782875
-31.8125;-29.0286;11.617868075229126;6.778230672782875
-32.0;-28.7714;11.617868075229126;6.778230672782875
-32.0625;-28.7143;11.617868075229126;6.778230672782875
-32.0625;-28.7429;11.617868075229126;6.778230672782875
-31.9375;-28.6286;11.617868075229126;6.778230672782875
-31.625;-28.6857;11.617868075229126;6.778230672782875
-31.125;-28.5143;11.617868075229126;6.778230672782875
-30.875;-28.4571;11.617868075229126;6.778230672782875
-30.5;-28.4571;11.617868075229126;6.778230672782875
-29.8125;-28.2571;11.617868075229126;6.778230672782875
-29.3125;-28.2;11.617868075229126;6.778230672782875
-29.1875;-28.2;11.617868075229126;6.778230672782875
-29.5625;-28.1429;11.617868075229126;6.778230672782875
-30.0625;-28.0286;11.617868075229126;6.778230672782875
-30.5625;-27.8571;11.617868075229126;6.778230672782875
-31.0625;-27.7143;11.617868075229126;6.778230672782875
-31.3125;-27.8857;11.617868075229126;6.778230672782875
-31.0625;-27.8571;11.617868075229126;6.778230672782875
-30.25;-27.7143;11.617868075229126;6.778230672782875
-29.4375;-27.5714;11.617868075229126;6.778230672782875
-29.125;-27.6571;11.617868075229126;6.778230672782875
-29.625;-27.4857;11.617868075229126;6.778230672782875
-30.375;-27.4571;11.617868075229126;6.778230672782875
-30.8125;-27.4857;11.617868075229126;6.778230672782875
-30.9375;-27.4857;11.617868075229126;6.778230672782875
-30.4375;-27.3714;11.617868075229126;6.778230672782875
-29.5;-27.2;11.617868075229126;6.778230672782875
-28.9375;-27.0571;11.617868075229126;6.778230672782875
-29.0625;-26.9143;11.617868075229126;6.778230672782875
-29.4375;-26.8571;11.617868075229126;6.778230672782875
-29.3125;-26.8286;11.617868075229126;6.778230672782875
-28.8125;-26.6571;11.617868075229126;6.778230672782875
-28.375;-26.4857;11.617868075229126;6.778230672782875
-28.1875;-26.5143;11.617868075229126;6.778230672782875
-28.0625;-26.3429;11.617868075229126;6.778230672782875
-28.0625;-26.3143;11.617868075229126;6.778230672782875
-28.0;-26.2857;11.617868075229126;6.778230672782875
-27.8125;-26.2286;11.617868075229126;6.778230672782875
-27.6875;-26.3143;11.617868075229126;6.778230672782875
-27.6875;-26.2286;11.617868075229126;6.778230672782875
-27.4375;-26.1429;11.617868075229126;6.778230672782875
-27.3125;-26.0286;11.617868075229126;6.778230672782875
-27.5625;-25.8286;11.617868075229126;6.778230672782875
-28.1875;-25.7714;11.617868075229126;6.778230672782875
-28.5625;-25.7714;11.617868075229126;6.778230672782875
-28.4375;-25.5714;11.617868075229126;6.778230672782875
-28.0625;-25.6286;11.617868075229126;6.778230672782875
-27.5625;-25.5429;11.617868075229126;6.778230672782875
-27.1875;-25.4;11.617868075229126;6.778230672782875
-27.0;-25.2857;11.617868075229126;6.778230672782875
-26.9375;-25.3714;11.617868075229126;6.778230672782875
-27.1875;-25.4286;11.617868075229126;6.778230672782875
-27.25;-25.2;11.617868075229126;6.778230672782875
-26.8125;-25.2571;11.617868075229126;6.778230672782875
-26.25;-25.1143;11.617868075229126;6.778230672782875
-25.8125;-25.0571;11.617868075229126;6.778230672782875
-26.125;-24.8857;11.617868075229126;6.778230672782875
-26.625;-24.8857;11.617868075229126;6.778230672782875
-26.6875;-24.8571;11.617868075229126;6.778230672782875
-26.5625;-24.7143;11.617868075229126;6.778230672782875
-26.8125;-24.6571;11.617868075229126;6.778230672782875
-27.1875;-24.7143;11.617868075229126;6.778230672782875
-27.75;-24.7429;11.617868075229126;6.778230672782875
-28.1875;-24.5714;11.617868075229126;6.778230672782875
-28.4375;-24.5143;11.617868075229126;6.778230672782875
-28.5625;-24.4286;11.617868075229126;6.778230672782875
-28.5625;-24.4;11.617868075229126;6.778230672782875
-28.5;-24.2571;11.617868075229126;6.778230672782875
-28.1875;-24.1714;11.617868075229126;6.778230672782875
-27.3125;-24.1714;11.617868075229126;6.778230672782875
-26.0625;-24.1429;11.617868075229126;6.778230672782875
-25.1875;-24.0;11.617868075229126;6.778230672782875
-24.8125;-23.8857;11.617868075229126;6.778230672782875
-25.0;-23.7143;11.617868075229126;6.778230672782875
-25.375;-23.6571;11.617868075229126;6.778230672782875
-25.625;-23.4857;11.617868075229126;6.778230672782875
-25.5;-23.5429;11.617868075229126;6.778230672782875
-25.0;-23.5143;11.617868075229126;6.778230672782875
-24.5;-23.4571;11.617868075229126;6.778230672782875
-24.5625;-23.4857;11.617868075229126;6.778230672782875
-24.75;-23.3429;11.617868075229126;6.778230672782875
-25.0;-23.2571;11.617868075229126;6.778230672782875
-25.375;-23.2857;11.617868075229126;6.778230672782875
-25.6875;-23.3143;11.617868075229126;6.778230672782875
-25.5;-23.2571;11.617868075229126;6.778230672782875
-24.8125;-23.2;11.617868075229126;6.778230672782875
-24.1875;-23.1143;11.617868075229126;6.778230672782875
-23.875;-23.1143;11.617868075229126;6.778230672782875
-24.0;-23.0571;11.617868075229126;6.778230672782875
-24.5625;-22.9143;11.617868075229126;6.778230672782875
-25.1875;-22.7714;11.617868075229126;6.778230672782875
-25.0625;-22.7143;11.617868075229126;6.778230672782875
-24.5;-22.6571;11.617868075229126;6.778230672782875
-23.75;-22.6;11.617868075229126;6.778230672782875
-23.0;-22.5714;11.617868075229126;6.778230672782875
-22.5625;-22.4286;11.617868075229126;6.778230672782875
-22.3125;-22.5143;11.617868075229126;6.778230672782875
-22.3125;-22.4571;11.617868075229126;6.778230672782875
-22.3125;-22.3714;11.617868075229126;6.778230672782875
-22.375;-22.3143;11.617868075229126;6.778230672782875
-22.5625;-22.2;11.617868075229126;6.778230672782875
-23.125;-22.0;11.617868075229126;6.778230672782875
-23.875;-22.2;11.617868075229126;6.778230672782875
-24.125;-22.0286;11.617868075229126;6.778230672782875
-23.5;-21.8571;11.617868075229126;6.778230672782875
-22.875;-21.8571;11.617868075229126;6.778230672782875
-22.5625;-21.7429;11.617868075229126;6.778230672782875
-22.4375;-21.8;11.617868075229126;6.778230672782875
-22.4375;-21.7143;11.617868075229126;6.778230672782875
-22.375;-21.5714;11.617868075229126;6.778230672782875
-22.6875;-21.5143;11.617868075229126;6.778230672782875
-23.3125;-21.4571;11.617868075229126;6.778230672782875
-23.5625;-21.4571;11.617868075229126;6.778230672782875
-23.125;-21.4857;11.617868075229126;6.778230672782875
-22.625;-21.4286;11.617868075229126;6.778230672782875
-22.6875;-21.4571;11.617868075229126;6.778230672782875
-23.0;-21.2857;11.617868075229126;6.778230672782875
-23.1875;-21.2;11.617868075229126;6.778230672782875
-23.375;-21.1429;11.617868075229126;6.778230672782875
-23.4375;-21.0857;11.617868075229126;6.778230672782875
-23.375;-21.0;11.617868075229126;6.778230672782875
-23.1875;-20.8857;11.617868075229126;6.778230672782875
-22.875;-20.8571;11.617868075229126;6.778230672782875
-22.5625;-20.6857;11.617868075229126;6.778230672782875
-22.1875;-20.6857;11.617868075229126;6.778230672782875
-22.125;-20.5429;11.617868075229126;6.778230672782875
-22.6875;-20.5143;11.617868075229126;6.778230672782875
-23.4375;-20.4286;11.617868075229126;6.778230672782875
-24.0;-20.3429;11.617868075229126;6.778230672782875
-24.25;-20.3714;11.617868075229126;6.778230672782875
-24.25;-20.2;11.617868075229126;6.778230672782875
-24.25;-20.2;11.617868075229126;6.778230672782875
-24.0625;-20.2;11.617868075229126;6.778230672782875
-23.5;-20.1143;11.617868075229126;6.778230672782875
-22.75;-20.0571;11.617868075229126;6.778230672782875
-22.4375;-20.0286;11.617868075229126;6.778230672782875
-22.6875;-19.9714;11.617868075229126;6.778230672782875
-22.875;-19.8571;11.617868075229126;6.778230672782875
-22.6875;-19.8571;11.617868075229126;6.778230672782875
-22.25;-19.7714;11.617868075229126;6.778230672782875
-22.0;-19.6857;11.617868075229126;6.778230672782875
-22.0625;-19.6571;11.617868075229126;6.778230672782875
-22.1875;-19.6;11.617868075229126;6.778230672782875
-22.0625;-19.6286;11.617868075229126;6.778230672782875
-21.6875;-19.4857;11.617868075229126;6.778230672782875
-21.25;-19.4571;11.617868075229126;6.778230672782875
-20.9375;-19.4286;11.617868075229126;6.778230672782875
-20.5625;-19.4286;11.617868075229126;6.778230672782875
-20.4375;-19.3429;11.617868075229126;6.778230672782875
-20.8125;-19.3143;11.617868075229126;6.778230672782875
-21.1875;-19.3714;11.617868075229126;6.778230672782875
-20.875;-19.3429;11.617868075229126;6.778230672782875
-19.8125;-19.3429;11.617868075229126;6.778230672782875
-19.0625;-19.2286;11.617868075229126;6.778230672782875
-19.0625;-19.1143;11.617868075229126;6.778230672782875
-19.625;-19.0857;11.617868075229126;6.778230672782875
-20.1875;-19.0286;11.617868075229126;6.778230672782875
-20.5;-18.9429;11.617868075229126;6.778230672782875
-20.625;-18.8;11.617868075229126;6.778230672782875
-20.75;-18.8;11.617868075229126;6.778230672782875
-20.8125;-18.7429;11.617868075229126;6.778230672782875
-20.8125;-18.6286;11.617868075229126;6.778230672782875
-20.8125;-18.6;11.617868075229126;6.778230672782875
-20.8125;-18.6571;11.617868075229126;6.778230672782875
-20.6875;-18.5714;11.617868075229126;6.778230672782875
-20.3125;-18.5429;11.617868075229126;6.778230672782875
-19.8125;-18.4;11.617868075229126;6.778230672782875
-19.25;-18.3714;11.617868075229126;6.778230672782875
-19.0625;-18.3143;11.617868075229126;6.778230672782875
-19.375;-18.2857;11.617868075229126;6.778230672782875
-19.875;-18.2;11.617868075229126;6.778230672782875
-19.9375;-18.0571;11.617868075229126;6.778230672782875
-19.5625;-17.9714;11.617868075229126;6.778230672782875
-19.3125;-17.8857;11.617868075229126;6.778230672782875
-19.375;-17.9143;11.617868075229126;6.778230672782875
-19.4375;-17.9143;11.617868075229126;6.778230672782875
-19.3125;-17.8286;11.617868075229126;6.778230672782875
-19.1875;-17.7714;11.617868075229126;6.778230672782875
-19.1875;-17.7714;11.617868075229126;6.778230672782875
-19.1875;-17.7143;11.617868075229126;6.778230672782875
-19.125;-17.6286;11.617868075229126;6.778230672782875
-19.0625;-17.6;11.617868075229126;6.778230672782875
-19.0;-17.5143;11.617868075229126;6.778230672782875
-19.125;-17.4;11.617868075229126;6.778230672782875
-19.0625;-17.4286;11.617868075229126;6.778230672782875
-18.625;-17.3714;11.617868075229126;6.778230672782875
-18.25;-17.3143;11.617868075229126;6.778230672782875
-18.25;-17.1429;11.617868075229126;6.778230672782875
-18.625;-17.1429;11.617868075229126;6.778230672782875
-19.125;-17.0571;11.617868075229126;6.778230672782875
-19.5625;-16.9714;11.617868075229126;6.778230672782875
-19.75;-16.9143;11.617868075229126;6.778230672782875
-19.8125;-16.9143;11.617868075229126;6.778230672782875
-19.8125;-16.8;11.617868075229126;6.778230672782875
-19.75;-16.6857;11.617868075229126;6.778230672782875
-19.75;-16.4857;11.617868075229126;6.778230672782875
-19.5625;-16.4857;11.617868075229126;6.778230672782875
-19.125;-16.4286;11.617868075229126;6.778230672782875
-18.75;-16.4286;11.617868075229126;6.778230672782875
-18.625;-16.4;11.617868075229126;6.778230672782875
-18.5;-16.3429;11.617868075229126;6.778230672782875
-18.3125;-16.2286;11.617868075229126;6.778230672782875
-18.1875;-16.2857;11.617868075229126;6.778230672782875
-18.1875;-16.2;11.617868075229126;6.778230672782875
-18.125;-16.1429;11.617868075229126;6.778230672782875
-17.875;-16.1143;11.617868075229126;6.778230672782875
-17.5;-16.0857;11.617868075229126;6.778230672782875
-17.125;-16.0;11.617868075229126;6.778230672782875
-16.875;-15.9429;11.617868075229126;6.778230672782875
-16.9375;-15.8;11.617868075229126;6.778230672782875
-17.1875;-15.7429;11.617868075229126;6.778230672782875
-17.375;-15.6286;11.617868075229126;6.778230672782875
-17.0;-15.4857;11.617868075229126;6.778230672782875
-16.6875;-15.5429;11.617868075229126;6.778230672782875
-16.9375;-15.5429;11.617868075229126;6.778230672782875
-17.125;-15.4571;11.617868075229126;6.778230672782875
-16.875;-15.4857;11.617868075229126;6.778230672782875
-16.5625;-15.4286;11.617868075229126;6.778230672782875
-16.4375;-15.3714;11.617868075229126;6.778230672782875
-16.5625;-15.2857;11.617868075229126;6.778230672782875
-16.75;-15.2;11.617868075229126;6.778230672782875
-16.625;-15.0571;11.617868075229126;6.778230672782875
-16.5;-15.0857;11.617868075229126;6.778230672782875
-16.5;-14.8571;11.617868075229126;6.778230672782875
-16.5;-14.8;11.617868075229126;6.778230672782875
-16.5625;-14.7429;11.617868075229126;6.778230672782875
-16.5625;-14.6857;11.617868075229126;6.778230672782875
-16.625;-14.6286;11.617868075229126;6.778230672782875
-16.5;-14.6;11.617868075229126;6.778230672782875
-16.375;-14.6;11.617868075229126;6.778230672782875
-16.1875;-14.5429;11.617868075229126;6.778230672782875
-15.875;-14.5143;11.617868075229126;6.778230672782875
-15.625;-14.4857;11.617868075229126;6.778230672782875
-15.625;-14.3714;11.617868075229126;6.778230672782875
-15.75;-14.4571;11.617868075229126;6.778230672782875
-15.9375;-14.3714;11.617868075229126;6.778230672782875
-15.9375;-14.2857;11.617868075229126;6.778230672782875
-15.75;-14.2571;11.617868075229126;6.778230672782875
-15.75;-14.1714;11.617868075229126;6.778230672782875
-15.8125;-14.2;11.617868075229126;6.778230672782875
-15.75;-14.1429;11.617868075229126;6.778230672782875
-15.5625;-14.0286;11.617868075229126;6.778230672782875
-15.75;-14.0286;11.617868075229126;6.778230672782875
-16.0625;-13.9714;11.617868075229126;6.778230672782875
-16.1875;-13.9429;11.617868075229126;6.778230672782875
-16.375;-13.8857;11.617868075229126;6.778230672782875
-16.5;-13.8571;11.617868075229126;6.778230672782875
-16.3125;-13.9143;11.617868075229126;6.778230672782875
-15.9375;-13.8286;11.617868075229126;6.778230672782875
-15.5625;-13.7429;11.617868075229126;6.778230672782875
-15.3125;-13.6857;11.617868075229126;6.778230672782875
-14.9375;-13.6286;11.617868075229126;6.778230672782875
-14.5625;-13.4857;11.617868075229126;6.778230672782875
-14.25;-13.4857;11.617868075229126;6.778230672782875
-14.0625;-13.4571;11.617868075229126;6.778230672782875
-14.0;-13.4286;11.617868075229126;6.778230672782875
-14.0;-13.3714;11.617868075229126;6.778230672782875
-14.0625;-13.3429;11.617868075229126;6.778230672782875
-14.0625;-13.3714;11.617868075229126;6.778230672782875
-14.125;-13.2857;11.617868075229126;6.778230672782875
-14.125;-13.1714;11.617868075229126;6.778230672782875
-14.125;-13.0286;11.617868075229126;6.778230672782875
-13.8125;-13.1143;11.617868075229126;6.778230672782875
-13.375;-13.0286;11.617868075229126;6.778230672782875
-13.0625;-12.9429;11.617868075229126;6.778230672782875
-13.1875;-12.8286;11.617868075229126;6.778230672782875
-13.6875;-12.8286;11.617868075229126;6.778230672782875
-14.25;-12.8857;11.617868075229126;6.778230672782875
-14.625;-12.8286;11.617868075229126;6.778230672782875
-14.5625;-12.7714;11.617868075229126;6.778230672782875
-14.3125;-12.6571;11.617868075229126;6.778230672782875
-14.3125;-12.6;11.617868075229126;6.778230672782875
-14.125;-12.5429;11.617868075229126;6.778230672782875
-13.5625;-12.5143;11.617868075229126;6.778230672782875
-12.9375;-12.4;11.617868075229126;6.778230672782875
-12.8125;-12.3714;11.617868075229126;6.778230672782875
-13.0625;-12.3429;11.617868075229126;6.778230672782875
-13.375;-12.2857;11.617868075229126;6.778230672782875
-13.9375;-12.2;11.617868075229126;6.778230672782875
-14.5;-12.2;11.617868075229126;6.778230672782875
-14.5;-12.2;11.617868075229126;6.778230672782875
-14.0625;-12.1429;11.617868075229126;6.778230672782875
-13.3125;-12.1143;11.617868075229126;6.778230672782875
-12.5625;-12.0286;11.617868075229126;6.778230672782875
-12.1875;-12.0;11.617868075229126;6.778230672782875
-12.1875;-11.9714;11.617868075229126;6.778230672782875
-12.25;-11.8571;11.617868075229126;6.778230672782875
-12.25;-11.7714;11.617868075229126;6.778230672782875
-12.25;-11.7429;11.617868075229126;6.778230672782875
-12.25;-11.7143;11.617868075229126;6.778230672782875
-12.25;-11.6286;11.617868075229126;6.778230672782875
-12.1875;-11.5714;11.617868075229126;6.778230672782875
-12.3125;-11.5714;11.617868075229126;6.778230672782875
-12.625;-11.4857;11.617868075229126;6.778230672782875
-12.9375;-11.4857;11.617868075229126;6.778230672782875
-13.125;-11.4571;11.617868075229126;6.778230672782875
-13.125;-11.4;11.617868075229126;6.778230672782875
-12.6875;-11.3714;11.617868075229126;6.778230672782875
-12.0;-11.3143;11.617868075229126;6.778230672782875
-11.5625;-11.2571;11.617868075229126;6.778230672782875
-11.5625;-11.2286;11.617868075229126;6.778230672782875
-11.875;-11.2;11.617868075229126;6.778230672782875
-12.3125;-11.1429;11.617868075229126;6.778230672782875
-12.6875;-11.1429;11.617868075229126;6.778230672782875
-12.8125;-11.1143;11.617868075229126;6.778230672782875
-12.5;-11.0286;11.617868075229126;6.778230672782875
-11.875;-11.0;11.617868075229126;6.778230672782875
-11.375;-10.8857;11.617868075229126;6.778230672782875
-11.25;-10.8;11.617868075229126;6.778230672782875
-11.625;-10.8;11.617868075229126;6.778230672782875
-12.25;-10.7429;11.617868075229126;6.778230672782875
-12.5;-10.6286;11.617868075229126;6.778230672782875
-12.0625;-10.6857;11.617868075229126;6.778230672782875
-11.4375;-10.6286;11.617868075229126;6.778230672782875
-11.3125;-10.5714;11.617868075229126;6.778230672782875
-11.6875;-10.5714;11.617868075229126;6.778230672782875
-12.1875;-10.5143;11.617868075229126;6.778230672782875
-12.3125;-10.5143;11.617868075229126;6.778230672782875
-12.125;-10.4286;11.617868075229126;6.778230672782875
-11.8125;-10.3429;11.617868075229126;6.778230672782875
-11.5;-10.3714;11.617868075229126;6.778230672782875
-11.375;-10.3429;11.617868075229126;6.778230672782875
-11.375;-10.2571;11.617868075229126;6.778230672782875
-11.375;-10.2571;11.617868075229126;6.778230672782875
-11.3125;-10.2286;11.617868075229126;6.778230672782875
-11.0625;-10.2;11.617868075229126;6.778230672782875
-10.875;-10.0857;11.617868075229126;6.778230672782875
-10.6875;-10.0857;11.617868075229126;6.778230672782875
-10.5625;-10.0571;11.617868075229126;6.778230672782875
-10.875;-9.9714;11.617868075229126;6.778230672782875
-11.25;-9.9429;11.617868075229126;6.778230672782875
-11.1875;-9.8857;11.617868075229126;6.778230672782875
-11.0;-9.8571;11.617868075229126;6.778230672782875
-10.9375;-9.8;11.617868075229126;6.778230672782875
-10.8125;-9.7429;11.617868075229126;6.778230672782875
-10.625;-9.7143;11.617868075229126;6.778230672782875
-10.6875;-9.6857;11.617868075229126;6.778230672782875
-11.0625;-9.6286;11.617868075229126;6.778230672782875
-11.0625;-9.6;11.617868075229126;6.778230672782875
-10.75;-9.5143;11.617868075229126;6.778230672782875
-10.3125;-9.4857;11.617868075229126;6.778230672782875
-10.125;-9.4;11.617868075229126;6.778230672782875
-10.25;-9.4571;11.617868075229126;6.778230672782875
-10.4375;-9.4286;11.617868075229126;6.778230672782875
-10.5;-9.3714;11.617868075229126;6.778230672782875
-10.5625;-9.2571;11.617868075229126;6.778230672782875
-10.5625;-9.2571;11.617868075229126;6.778230672782875
-10.0625;-9.2571;11.617868075229126;6.778230672782875
-9.4375;-9.2;11.617868075229126;6.778230672782875
-9.1875;-9.1714;11.617868075229126;6.778230672782875
-9.375;-9.0857;11.617868075229126;6.778230672782875
-9.75;-9.0857;11.617868075229126;6.778230672782875
-10.0;-9.0286;11.617868075229126;6.778230672782875
-10.1875;-9.0;11.617868075229126;6.778230672782875
-10.1875;-8.9143;11.617868075229126;6.778230672782875
-10.1875;-8.8857;11.617868075229126;6.778230672782875
-10.1875;-8.8;11.617868075229126;6.778230672782875
-10.0625;-8.8;11.617868075229126;6.778230672782875
-9.625;-8.7714;11.617868075229126;6.778230672782875
-9.0;-8.7429;11.617868075229126;6.778230672782875
-8.375;-8.6571;11.617868075229126;6.778230672782875
-8.0625;-8.6286;11.617868075229126;6.778230672782875
-8.125;-8.5714;11.617868075229126;6.778230672782875
-8.5;-8.6;11.617868075229126;6.778230672782875
-9.1875;-8.5429;11.617868075229126;6.778230672782875
-9.5625;-8.4857;11.617868075229126;6.778230672782875
-9.25;-8.4857;11.617868075229126;6.778230672782875
-8.5;-8.3714;11.617868075229126;6.778230672782875
-7.8125;-8.3714;11.617868075229126;6.778230672782875
-7.4375;-8.3143;11.617868075229126;6.778230672782875
-7.625;-8.2571;11.617868075229126;6.778230672782875
-8.0625;-8.2;11.617868075229126;6.778230672782875
-8.4375;-8.1714;11.617868075229126;6.778230672782875
-8.3125;-8.1143;11.617868075229126;6.778230672782875
-7.6875;-8.0571;11.617868075229126;6.778230672782875
-7.25;-8.0571;11.617868075229126;6.778230672782875
-7.5;-8.0571;11.617868075229126;6.778230672782875
-7.9375;-8.0;11.617868075229126;6.778230672782875
-8.0625;-7.9429;11.617868075229126;6.778230672782875
-7.9375;-7.9143;11.617868075229126;6.778230672782875
-7.8125;-7.9143;11.617868075229126;6.778230672782875
-8.0;-7.8857;11.617868075229126;6.778230672782875
-8.3125;-7.8286;11.617868075229126;6.778230672782875
-8.625;-7.7714;11.617868075229126;6.778230672782875
-8.8125;-7.7429;11.617868075229126;6.778230672782875
-8.875;-7.6571;11.617868075229126;6.778230672782875
-8.875;-7.6286;11.617868075229126;6.778230672782875
-8.875;-7.6571;11.617868075229126;6.778230672782875
-8.8125;-7.6;11.617868075229126;6.778230672782875
-8.625;-7.5143;11.617868075229126;6.778230672782875
-8.5;-7.4;11.617868075229126;6.778230672782875
-8.3125;-7.4;11.617868075229126;6.778230672782875
-8.0;-7.4;11.617868075229126;6.778230672782875
-7.9375;-7.3429;11.617868075229126;6.778230672782875
-8.125;-7.3429;11.617868075229126;6.778230672782875
-8.3125;-7.2571;11.617868075229126;6.778230672782875
-8.3125;-7.2286;11.617868075229126;6.778230672782875
-8.375;-7.1143;11.617868075229126;6.778230672782875
-8.5;-7.1429;11.617868075229126;6.778230672782875
-8.3125;-7.0857;11.617868075229126;6.778230672782875
-7.875;-7.0571;11.617868075229126;6.778230672782875
-7.375;-7.0286;11.617868075229126;6.778230672782875
-6.9375;-7.0286;11.617868075229126;6.778230672782875
-6.5625;-6.9429;11.617868075229126;6.778230672782875
-6.375;-6.8857;11.617868075229126;6.778230672782875
-6.5625;-6.8571;11.617868075229126;6.778230672782875
-7.0;-6.8286;11.617868075229126;6.778230672782875
-7.375;-6.7429;11.617868075229126;6.778230672782875
-7.5;-6.7429;11.617868075229126;6.778230672782875
-7.3125;-6.7143;11.617868075229126;6.778230672782875
-7.0;-6.7143;11.617868075229126;6.778230672782875
-6.8125;-6.6571;11.617868075229126;6.778230672782875
-6.8125;-6.6286;11.617868075229126;6.778230672782875
-7.0;-6.5429;11.617868075229126;6.778230672782875
-7.375;-6.5429;11.617868075229126;6.778230672782875
-7.8125;-6.4857;11.617868075229126;6.778230672782875
-8.0625;-6.5143;11.617868075229126;6.778230672782875
-8.125;-6.4;11.617868075229126;6.778230672782875
-8.1875;-6.4286;11.617868075229126;6.778230672782875
-8.125;-6.3714;11.617868075229126;6.778230672782875
-8.0;-6.3143;11.617868075229126;6.778230672782875
-7.5;-6.2857;11.617868075229126;6.778230672782875
-6.625;-6.2286;11.617868075229126;6.778230672782875
-6.125;-6.2;11.617868075229126;6.778230672782875
-6.125;-6.1714;11.617868075229126;6.778230672782875
-6.25;-6.1429;11.617868075229126;6.778230672782875
-6.25;-6.1143;11.617868075229126;6.778230672782875
-6.1875;-6.0857;11.617868075229126;6.778230672782875
-5.9375;-6.0;11.617868075229126;6.778230672782875
-5.5;-5.9714;11.617868075229126;6.778230672782875
-5.125;-5.9429;11.617868075229126;6.778230672782875
-5.1875;-5.9143;11.617868075229126;6.778230672782875
-5.5625;-5.8571;11.617868075229126;6.778230672782875
-6.0625;-5.8286;11.617868075229126;6.778230672782875
-6.25;-5.8;11.617868075229126;6.778230672782875
-6.25;-5.8;11.617868075229126;6.778230672782875
-6.3125;-5.7714;11.617868075229126;6.778230672782875
-6.5;-5.6857;11.617868075229126;6.778230672782875
-6.5625;-5.6571;11.617868075229126;6.778230672782875
-6.3125;-5.6571;11.617868075229126;6.778230672782875
-5.625;-5.6;11.617868075229126;6.778230672782875
-4.6875;-5.5714;11.617868075229126;6.778230672782875
-4.125;-5.5143;11.617868075229126;6.778230672782875
-4.375;-5.4857;11.617868075229126;6.778230672782875
-5.0;-5.4;11.617868075229126;6.778230672782875
-5.5;-5.4;11.617868075229126;6.778230672782875
-5.6875;-5.3143;11.617868075229126;6.778230672782875
-5.6875;-5.3429;11.617868075229126;6.778230672782875
-5.625;-5.2571;11.617868075229126;6.778230672782875
-5.5625;-5.2;11.617868075229126;6.778230672782875
-5.5625;-5.2286;11.617868075229126;6.778230672782875
-5.5;-5.2286;11.617868075229126;6.778230672782875
-5.5;-5.1429;11.617868075229126;6.778230672782875
-5.5625;-5.1714;11.617868075229126;6.778230672782875
-5.5625;-5.0571;11.617868075229126;6.778230672782875
-5.4375;-5.0571;11.617868075229126;6.778230672782875
-5.0625;-5.0286;11.617868075229126;6.778230672782875
-4.6875;-4.9714;11.617868075229126;6.778230672782875
-4.6875;-4.9143;11.617868075229126;6.778230672782875
-4.9375;-4.8857;11.617868075229126;6.778230672782875
-5.125;-4.9143;11.617868075229126;6.778230672782875
-4.875;-4.8571;11.617868075229126;6.778230672782875
-4.375;-4.7714;11.617868075229126;6.778230672782875
-4.0;-4.8;11.617868075229126;6.778230672782875
-4.0625;-4.7143;11.617868075229126;6.778230672782875
-4.3125;-4.6857;11.617868075229126;6.778230672782875
-4.25;-4.6571;11.617868075229126;6.778230672782875
-3.75;-4.6286;11.617868075229126;6.778230672782875
-3.375;-4.5714;11.617868075229126;6.778230672782875
-3.3125;-4.6;11.617868075229126;6.778230672782875
-3.4375;-4.5429;11.617868075229126;6.778230672782875
-3.8125;-4.4857;11.617868075229126;6.778230672782875
-4.375;-4.4571;11.617868075229126;6.778230672782875
-4.4375;-4.4286;11.617868075229126;6.778230672782875
-4.0625;-4.4;11.617868075229126;6.778230672782875
-3.625;-4.3714;11.617868075229126;6.778230672782875
-3.375;-4.3429;11.617868075229126;6.778230672782875
-3.4375;-4.2286;11.617868075229126;6.778230672782875
-3.75;-4.2571;11.617868075229126;6.778230672782875
-4.125;-4.2;11.617868075229126;6.778230672782875
-4.3125;-4.2;11.617868075229126;6.778230672782875
-4.4375;-4.1714;11.617868075229126;6.778230672782875
-4.4375;-4.1429;11.617868075229126;6.778230672782875
-4.4375;-4.1143;11.617868075229126;6.778230672782875
-4.4375;-4.1143;11.617868075229126;6.778230672782875
-4.375;-4.0286;11.617868075229126;6.778230672782875
-4.3125;-4.0286;11.617868075229126;6.778230672782875
-4.1875;-3.9429;11.617868075229126;6.778230672782875
-4.0625;-3.9429;11.617868075229126;6.778230672782875
-3.9375;-3.9429;11.617868075229126;6.778230672782875
-3.9375;-3.9143;11.617868075229126;6.778230672782875
-3.875;-3.8286;11.617868075229126;6.778230672782875
-3.75;-3.7714;11.617868075229126;6.778230672782875
-3.5;-3.8286;11.617868075229126;6.778230672782875
-3.5625;-3.7429;11.617868075229126;6.778230672782875
-3.75;-3.6857;11.617868075229126;6.778230672782875
-4.0;-3.6286;11.617868075229126;6.778230672782875
-4.0;-3.6286;11.617868075229126;6.778230672782875
-3.5;-3.4857;11.617868075229126;6.778230672782875
-2.625;-3.4286;11.617868075229126;6.778230672782875
-2.1875;-3.3429;11.617868075229126;6.778230672782875
-2.5;-3.2286;11.617868075229126;6.778230672782875
-2.9375;-3.1429;11.617868075229126;6.778230672782875
-3.1875;-3.0571;11.617868075229126;6.778230672782875
-3.0625;-2.9429;11.617868075229126;6.778230672782875
-2.6875;-2.7714;11.617868075229126;6.778230672782875
-2.4375;-2.6571;11.617868075229126;6.778230672782875
-2.0;-2.5429;11.617868075229126;6.778230672782875
-1.25;-2.2571;11.617868075229126;6.778230672782875
-0.5;-2.1143;11.617868075229126;6.778230672782875
-0.0625;-1.8571;11.617868075229126;6.778230672782875
0.0625;-1.5143;11.617868075229126;6.778230672782875
0.125;-1.2286;11.617868075229126;6.778230672782875
0.0625;-0.8571;11.617868075229126;6.778230672782875
0.0;-0.4286;11.617868075229126;6.778230672782875
-0.25;-0.0286;11.617868075229126;6.778230672782875
-1.1875;0.5429;11.617868075229126;6.778230672782875
-2.0;1.1714;11.617868075229126;6.778230672782875
-1.875;1.7143;11.617868075229126;6.778230672782875
-1.1875;2.2286;11.617868075229126;6.778230672782875
-0.5;2.6286;11.617868075229126;6.778230672782875
-0.125;3.1429;11.617868075229126;6.778230672782875
-0.1875;3.6286;11.617868075229126;6.778230672782875
-0.8125;4.1143;11.617868075229126;6.778230672782875
-1.625;4.7143;11.617868075229126;6.778230672782875
-2.125;5.2286;11.617868075229126;6.778230672782875
-2.3125;5.8571;11.617868075229126;6.778230672782875
-1.9375;6.5143;11.617868075229126;6.778230672782875
-1.125;7.1429;11.617868075229126;6.778230672782875
-0.5625;7.9429;11.617868075229126;6.778230672782875
-0.375;8.6;11.617868075229126;6.778230672782875
-0.375;9.3714;11.617868075229126;6.778230672782875
-0.5625;10.1429;11.617868075229126;6.778230672782875
-0.875;10.8571;11.617868075229126;6.778230672782875
-1.0;11.7143;11.617868075229126;6.778230672782875
-0.875;12.4571;11.617868075229126;6.778230672782875
-0.5;13.2286;11.617868075229126;6.778230672782875
-0.1875;14.0571;11.617868075229126;6.778230672782875
0.0;14.8286;11.617868075229126;6.778230672782875
0.0;15.6857;11.617868075229126;6.778230672782875
-0.0625;16.5143;11.617868075229126;6.778230672782875
-0.3125;17.2571;11.617868075229126;6.778230672782875
-0.375;17.9714;11.617868075229126;6.778230672782875
-0.25;18.8857;11.617868075229126;6.778230672782875
-0.125;19.8;11.617868075229126;6.778230672782875
0.0;20.6286;11.617868075229126;6.778230672782875
0.0;21.3714;11.617868075229126;6.778230672782875
0.0;22.1714;11.617868075229126;6.778230672782875
0.0;23.2;11.617868075229126;6.778230672782875
0.0;23.8;11.617868075229126;6.778230672782875
0.0;24.6;11.617868075229126;6.778230672782875
0.0;25.2571;11.617868075229126;6.778230672782875
0.1875;26.1429;11.617868075229126;6.778230672782875
0.25;26.9429;11.617868075229126;6.778230672782875
0.3125;27.7714;11.617868075229126;6.778230672782875
0.5625;28.4571;11.617868075229126;6.778230672782875
0.75;29.2;11.617868075229126;6.778230672782875
0.8125;29.8571;11.617868075229126;6.778230672782875
0.8125;30.5429;11.617868075229126;6.778230672782875
0.8125;31.2857;11.617868075229126;6.778230672782875
0.875;31.8857;11.617868075229126;6.778230672782875
1.0625;32.5429;11.617868075229126;6.778230672782875
1.375;33.1714;11.617868075229126;6.778230672782875
2.0;34.1429;11.617868075229126;6.778230672782875
2.6875;34.7429;11.617868075229126;6.778230672782875
2.6875;35.4857;11.617868075229126;6.778230672782875
1.875;36.1714;11.617868075229126;6.778230672782875
1.1875;36.9143;11.617868075229126;6.778230672782875
1.5;37.6571;11.617868075229126;6.778230672782875
2.375;38.2571;11.617868075229126;6.778230672782875
3.1875;38.8;11.617868075229126;6.778230672782875
4.0;39.2571;11.617868075229126;6.778230672782875
4.5;40.0571;11.617868075229126;6.778230672782875
4.625;40.7143;11.617868075229126;6.778230672782875
4.375;41.5143;11.617868075229126;6.778230672782875
4.125;42.3143;11.617868075229126;6.778230672782875
3.9375;42.9429;11.617868075229126;6.778230672782875
3.875;43.3714;11.617868075229126;6.778230672782875
3.875;44.0286;11.617868075229126;6.778230672782875
3.875;44.8286;11.617868075229126;6.778230672782875
3.9375;45.4;11.617868075229126;6.778230672782875
4.125;45.8857;11.617868075229126;6.778230672782875
4.375;46.7143;11.617868075229126;6.778230672782875
4.8125;47.0857;11.617868075229126;6.778230672782875
5.5625;47.8571;11.617868075229126;6.778230672782875
6.5625;48.4;11.617868075229126;6.778230672782875
7.6875;49.0;11.617868075229126;6.778230672782875
8.8125;49.3714;11.617868075229126;6.778230672782875
9.625;49.9714;11.617868075229126;6.778230672782875
10.3125;50.3143;11.617868075229126;6.778230672782875
10.9375;51.1143;11.617868075229126;6.778230672782875
11.625;51.5143;11.617868075229126;6.778230672782875
12.3125;51.9143;11.617868075229126;6.778230672782875
12.9375;52.7714;11.617868075229126;6.778230672782875
13.5625;53.4;11.617868075229126;6.778230672782875
14.1875;53.9429;11.617868075229126;6.778230672782875
14.75;54.7429;11.617868075229126;6.778230672782875
15.25;54.7429;11.617868075229126;6.778230672782875
15.6875;55.8;11.617868075229126;6.778230672782875
16.0625;56.3714;11.617868075229126;6.778230672782875
16.5625;57.0;11.617868075229126;6.778230672782875
17.25;57.5143;11.617868075229126;6.778230672782875
18.0;58.0286;11.617868075229126;6.778230672782875
18.75;58.7143;11.617868075229126;6.778230672782875
19.5625;59.0286;11.617868075229126;6.778230672782875
20.3125;59.4571;11.617868075229126;6.778230672782875
20.875;59.7429;11.617868075229126;6.778230672782875
21.25;59.6286;11.617868075229126;6.778230672782875
21.375;60.4571;11.617868075229126;6.778230672782875
21.375;61.0;11.617868075229126;6.778230672782875
21.375;61.7714;11.617868075229126;6.778230672782875
21.3125;62.5143;11.617868075229126;6.778230672782875
21.375;63.6;11.617868075229126;6.778230672782875
21.9375;64.0857;11.617868075229126;6.778230672782875
23.4375;64.4571;11.617868075229126;6.778230672782875
25.1875;65.0857;11.617868075229126;6.778230672782875
26.6875;65.2571;11.617868075229126;6.778230672782875
27.6875;66.0286;11.617868075229126;6.778230672782875
28.375;67.2286;11.617868075229126;6.778230672782875
28.9375;67.5714;11.617868075229126;6.778230672782875
29.5;67.5143;11.617868075229126;6.778230672782875
30.0;67.4571;11.617868075229126;6.778230672782875
30.5625;67.6857;11.617868075229126;6.778230672782875
31.1875;68.7429;11.617868075229126;6.778230672782875
31.8125;69.4286;11.617868075229126;6.778230672782875
32.5;71.3143;11.617868075229126;6.778230672782875
33.1875;71.0286;11.617868075229126;6.778230672782875
33.875;70.8286;11.617868075229126;6.778230672782875
34.4375;71.0857;11.617868075229126;6.778230672782875
35.0625;71.8;11.617868075229126;6.778230672782875
35.625;72.2571;11.617868075229126;6.778230672782875
36.0625;72.4;11.617868075229126;6.778230672782875
36.5625;72.9429;11.617868075229126;6.778230672782875
37.0625;73.8571;11.617868075229126;6.778230672782875
37.625;74.0857;11.617868075229126;6.778230672782875
38.25;74.0;11.617868075229126;6.778230672782875
38.9375;74.4286;11.617868075229126;6.778230672782875
39.75;75.0857;11.617868075229126;6.778230672782875
40.5625;75.0857;11.617868075229126;6.778230672782875
41.25;76.9143;11.617868075229126;6.778230672782875
41.5625;77.6571;11.617868075229126;6.778230672782875
41.6875;78.6286;11.617868075229126;6.778230672782875
41.625;78.6;11.617868075229126;6.778230672782875
41.625;79.5714;11.617868075229126;6.778230672782875
41.625;79.7143;11.617868075229126;6.778230672782875
42.125;79.7143;11.617868075229126;6.778230672782875
43.4375;80.2571;11.617868075229126;6.778230672782875
45.125;80.0286;11.617868075229126;6.778230672782875
46.375;80.8857;11.617868075229126;6.778230672782875
47.125;81.0;11.617868075229126;6.778230672782875
47.625;81.3714;11.617868075229126;6.778230672782875
48.125;81.0286;11.617868075229126;6.778230672782875
48.875;81.4857;11.617868075229126;6.778230672782875
49.625;81.8286;11.617868075229126;6.778230672782875
50.125;81.8857;11.617868075229126;6.778230672782875
50.5;83.2;11.617868075229126;6.778230672782875
50.875;84.0857;11.617868075229126;6.778230672782875
51.25;84.0;11.617868075229126;6.778230672782875
51.6875;84.3714;11.617868075229126;6.778230672782875
52.1875;84.6;11.617868075229126;6.778230672782875
52.8125;84.0;11.617868075229126;6.778230672782875
53.375;84.9714;11.617868075229126;6.778230672782875
53.625;85.7143;11.617868075229126;6.778230672782875
53.75;86.2286;11.617868075229126;6.778230672782875
53.9375;86.6857;11.617868075229126;6.778230672782875
54.1875;84.5714;11.617868075229126;6.778230672782875
54.625;85.4286;11.617868075229126;6.778230672782875
55.125;85.8857;11.617868075229126;6.778230672782875
55.6875;86.0857;11.617868075229126;6.778230672782875
56.25;86.9143;11.617868075229126;6.778230672782875
56.75;89.0857;11.617868075229126;6.778230672782875
57.0;89.4857;11.617868075229126;6.778230672782875
57.0;88.7714;11.617868075229126;6.778230672782875
57.0;89.9143;11.617868075229126;6.778230672782875
56.9375;91.0857;11.617868075229126;6.778230672782875
56.9375;91.2857;11.617868075229126;6.778230672782875
57.0;90.6286;11.617868075229126;6.778230672782875
57.625;91.4857;11.617868075229126;6.778230672782875
58.8125;91.4286;11.617868075229126;6.778230672782875
59.9375;90.8286;11.617868075229126;6.778230672782875
60.75;92.3143;11.617868075229126;6.778230672782875
61.3125;90.8571;11.617868075229126;6.778230672782875
62.0;90.4857;11.617868075229126;6.778230672782875
62.6875;92.6286;11.617868075229126;6.778230672782875
63.4375;92.8;11.617868075229126;6.778230672782875
64.1875;93.1714;11.617868075229126;6.778230672782875
64.75;94.1429;11.617868075229126;6.778230672782875
65.0;93.1143;11.617868075229126;6.778230672782875
65.25;92.6;11.617868075229126;6.778230672782875
65.6875;94.8286;11.617868075229126;6.778230672782875
66.375;96.3429;11.617868075229126;6.778230672782875
67.0625;98.2;11.617868075229126;6.778230672782875
67.5625;97.4;11.617868075229126;6.778230672782875
67.625;98.1429;11.617868075229126;6.778230672782875
67.5625;97.6571;11.617868075229126;6.778230672782875
67.5;98.8286;11.617868075229126;6.778230672782875
67.625;98.7429;11.617868075229126;6.778230672782875
68.3125;99.0;11.617868075229126;6.778230672782875
69.375;99.0;11.617868075229126;6.778230672782875
70.5;99.0857;11.617868075229126;6.778230672782875
71.25;100.1429;11.617868075229126;6.778230672782875
71.5625;100.3143;11.617868075229126;6.778230672782875
71.75;100.8286;11.617868075229126;6.778230672782875
71.9375;101.0286;11.617868075229126;6.778230672782875
72.0;100.8286;11.617868075229126;6.778230672782875
72.0625;100.2286;11.617868075229126;6.778230672782875
72.0625;101.6571;11.617868075229126;6.778230672782875
72.0625;101.5714;11.617868075229126;6.778230672782875
72.0;102.2571;11.617868075229126;6.778230672782875
72.25;102.6286;11.617868075229126;6.778230672782875
72.9375;103.7143;11.617868075229126;6.778230672782875
74.0;103.6571;11.617868075229126;6.778230672782875
75.0;104.4857;11.617868075229126;6.778230672782875
75.5;105.0571;11.617868075229126;6.778230672782875
75.8125;104.2571;11.617868075229126;6.778230672782875
76.1875;104.5429;11.617868075229126;6.778230672782875
76.5;105.3714;11.617868075229126;6.778230672782875
76.5625;104.8857;11.617868075229126;6.778230672782875
76.375;105.8571;11.617868075229126;6.778230672782875
76.0625;106.3714;11.617868075229126;6.778230672782875
76.0;106.3714;11.617868075229126;6.778230672782875
76.25;106.6857;11.617868075229126;6.778230672782875
76.3125;106.8286;11.617868075229126;6.778230672782875
76.25;106.8571;11.617868075229126;6.778230672782875
76.3125;106.7143;11.617868075229126;6.778230672782875
76.3125;107.3143;11.617868075229126;6.778230672782875
76.375;107.8;11.617868075229126;6.778230672782875
76.6875;107.9143;11.617868075229126;6.778230672782875
77.375;108.7143;11.617868075229126;6.778230672782875
78.5625;109.0571;11.617868075229126;6.778230672782875
80.0;108.8286;11.617868075229126;6.778230672782875
81.125;109.0571;11.617868075229126;6.778230672782875
81.875;109.5429;11.617868075229126;6.778230672782875
82.25;109.2;11.617868075229126;6.778230672782875
82.25;109.4;11.617868075229126;6.778230672782875
82.125;110.2286;11.617868075229126;6.778230672782875
81.9375;110.8286;11.617868075229126;6.778230672782875
81.875;111.4571;11.617868075229126;6.778230672782875
81.8125;112.0571;11.617868075229126;6.778230672782875
81.8125;111.2571;11.617868075229126;6.778230672782875
81.625;110.9714;11.617868075229126;6.778230672782875
81.6875;112.0;11.617868075229126;6.778230672782875
82.875;111.7429;11.617868075229126;6.778230672782875
84.3125;111.5429;11.617868075229126;6.778230672782875
84.4375;112.1714;11.617868075229126;6.778230672782875
83.25;112.6857;11.617868075229126;6.778230672782875
82.0;112.6;11.617868075229126;6.778230672782875
82.0625;113.5429;11.617868075229126;6.778230672782875
83.375;113.5429;11.617868075229126;6.778230672782875
84.875;114.2571;11.617868075229126;6.778230672782875
85.9375;114.0286;11.617868075229126;6.778230672782875
86.8125;113.1714;11.617868075229126;6.778230672782875
87.5;114.7429;11.617868075229126;6.778230672782875
87.8125;115.3714;11.617868075229126;6.778230672782875
88.25;114.9714;11.617868075229126;6.778230672782875
88.875;115.4571;11.617868075229126;6.778230672782875
89.3125;116.2571;11.617868075229126;6.778230672782875
88.9375;115.6571;11.617868075229126;6.778230672782875
88.25;115.1143;11.617868075229126;6.778230672782875
88.0625;115.4;11.617868075229126;6.778230672782875
88.3125;116.2;11.617868075229126;6.778230672782875
88.625;116.3143;11.617868075229126;6.778230672782875
89.125;116.8571;11.617868075229126;6.778230672782875
89.8125;116.0857;11.617868075229126;6.778230672782875
90.5625;115.8857;11.617868075229126;6.778230672782875
91.0;116.3143;11.617868075229126;6.778230672782875
90.9375;117.0857;11.617868075229126;6.778230672782875
90.5625;117.6;11.617868075229126;6.778230672782875
90.1875;117.9714;11.617868075229126;6.778230672782875
90.0;117.5714;11.617868075229126;6.778230672782875
89.9375;117.6;11.617868075229126;6.778230672782875
89.9375;118.3714;11.617868075229126;6.778230672782875
89.9375;118.8571;11.617868075229126;6.778230672782875
90.125;119.7429;11.617868075229126;6.778230672782875
90.75;118.6;11.617868075229126;6.778230672782875
91.875;117.7143;11.617868075229126;6.778230672782875
92.9375;118.4286;11.617868075229126;6.778230672782875
93.5;118.6571;11.617868075229126;6.778230672782875
93.6875;119.1143;11.617868075229126;6.778230672782875
93.5625;119.4;11.617868075229126;6.778230672782875
93.375;120.2857;11.617868075229126;6.778230672782875
93.0625;120.8;11.617868075229126;6.778230672782875
93.125;120.9714;11.617868075229126;6.778230672782875
94.0625;120.1429;11.617868075229126;6.778230672782875
95.375;119.7429;11.617868075229126;6.778230672782875
96.25;119.5429;11.617868075229126;6.778230672782875
96.3125;119.6857;11.617868075229126;6.778230672782875
95.6875;121.0;11.617868075229126;6.778230672782875
94.75;121.8857;11.617868075229126;6.778230672782875
94.625;122.3714;11.617868075229126;6.778230672782875
95.4375;121.9143;11.617868075229126;6.778230672782875
96.4375;121.8286;11.617868075229126;6.778230672782875
97.1875;123.0857;11.617868075229126;6.778230672782875
97.1875;122.3429;11.617868075229126;6.778230672782875
96.625;122.5143;11.617868075229126;6.778230672782875
96.125;122.1143;11.617868075229126;6.778230672782875
96.3125;122.2857;11.617868075229126;6.778230672782875
96.8125;123.1429;11.617868075229126;6.778230672782875
96.9375;123.9714;11.617868075229126;6.778230672782875
96.6875;124.0571;11.617868075229126;6.778230672782875
96.4375;123.0571;11.617868075229126;6.778230672782875
96.25;123.7714;11.617868075229126;6.778230672782875
96.1875;123.3143;11.617868075229126;6.778230672782875
96.1875;124.0;11.617868075229126;6.778230672782875
96.375;124.3429;11.617868075229126;6.778230672782875
96.9375;123.9429;11.617868075229126;6.778230672782875
97.8125;125.0857;11.617868075229126;6.778230672782875
98.625;125.2286;11.617868075229126;6.778230672782875
99.125;124.4571;11.617868075229126;6.778230672782875
99.8125;124.3429;11.617868075229126;6.778230672782875
100.6875;125.0857;11.617868075229126;6.778230672782875
100.9375;124.9143;11.617868075229126;6.778230672782875
100.5625;124.9143;11.617868075229126;6.778230672782875
100.1875;124.3429;11.617868075229126;6.778230672782875
100.125;125.2;11.617868075229126;6.778230672782875
100.25;125.3143;11.617868075229126;6.778230672782875
100.25;126.5714;11.617868075229126;6.778230672782875
100.375;126.2571;11.617868075229126;6.778230672782875
100.625;125.1714;11.617868075229126;6.778230672782875
101.0625;125.5143;11.617868075229126;6.778230672782875
101.5625;125.7429;11.617868075229126;6.778230672782875
101.9375;126.5143;11.617868075229126;6.778230672782875
102.25;125.1714;11.617868075229126;6.778230672782875
102.625;125.3143;11.617868075229126;6.778230672782875
102.6875;126.3714;11.617868075229126;6.778230672782875
102.5625;127.6571;11.617868075229126;6.778230672782875
102.375;127.8857;11.617868075229126;6.778230672782875
102.1875;127.3714;11.617868075229126;6.778230672782875
102.1875;126.9143;11.617868075229126;6.778230672782875
102.1875;126.5429;11.617868075229126;6.778230672782875
102.0625;126.8857;11.617868075229126;6.778230672782875
101.9375;127.0286;11.617868075229126;6.778230672782875
101.875;128.0;11.617868075229126;6.778230672782875
101.875;128.7143;11.617868075229126;6.778230672782875
101.875;128.4857;11.617868075229126;6.778230672782875
101.875;128.9714;11.617868075229126;6.778230672782875
102.0625;128.7429;11.617868075229126;6.778230672782875
102.625;129.2286;11.617868075229126;6.778230672782875
103.3125;129.0;11.617868075229126;6.778230672782875
104.0;128.6;11.617868075229126;6.778230672782875
104.4375;128.8571;11.617868075229126;6.778230672782875
104.5;129.4286;11.617868075229126;6.778230672782875
104.1875;129.2;11.617868075229126;6.778230672782875
103.8125;130.0571;11.617868075229126;6.778230672782875
103.4375;130.3143;11.617868075229126;6.778230672782875
103.375;129.8286;11.617868075229126;6.778230672782875
103.8125;129.7714;11.617868075229126;6.778230672782875
104.3125;130.0571;11.617868075229126;6.778230672782875
104.6875;129.8857;11.617868075229126;6.778230672782875
105.0;130.2857;11.617868075229126;6.778230672782875
105.375;130.5429;11.617868075229126;6.778230672782875
105.75;131.5714;11.617868075229126;6.778230672782875
106.25;132.2571;11.617868075229126;6.778230672782875
106.5625;131.4286;11.617868075229126;6.778230672782875
106.5;131.6857;11.617868075229126;6.778230672782875
106.1875;131.7714;11.617868075229126;6.778230672782875
105.5;132.4857;11.617868075229126;6.778230672782875
104.8125;133.0;11.617868075229126;6.778230672782875
104.5;132.3714;11.617868075229126;6.778230672782875
104.6875;133.2571;11.617868075229126;6.778230672782875
104.9375;133.7429;11.617868075229126;6.778230672782875
105.125;134.0571;11.617868075229126;6.778230672782875
105.4375;133.4571;11.617868075229126;6.778230672782875
105.8125;133.4;11.617868075229126;6.778230672782875
106.0625;134.1143;11.617868075229126;6.778230672782875
106.1875;133.7143;11.617868075229126;6.778230672782875
106.1875;132.1143;11.617868075229126;6.778230672782875
106.1875;133.0571;11.617868075229126;6.778230672782875
106.1875;132.8286;11.617868075229126;6.778230672782875
106.375;133.2857;11.617868075229126;6.778230672782875
106.6875;133.8571;11.617868075229126;6.778230672782875
106.875;133.7429;11.617868075229126;6.778230672782875
106.875;133.3143;11.617868075229126;6.778230672782875
107.0;133.0857;11.617868075229126;6.778230672782875
107.5;134.2857;11.617868075229126;6.778230672782875
107.875;134.0571;11.617868075229126;6.778230672782875
107.75;134.8857;11.617868075229126;6.778230672782875
107.5625;135.4;11.617868075229126;6.778230672782875
107.75;134.7143;11.617868075229126;6.778230672782875
108.5;134.5429;11.617868075229126;6.778230672782875
109.1875;134.0571;11.617868075229126;6.778230672782875
109.3125;134.5143;11.617868075229126;6.778230672782875
108.8125;134.5143;11.617868075229126;6.778230672782875
108.4375;134.6286;11.617868075229126;6.778230672782875
108.5;134.2571;11.617868075229126;6.778230672782875
109.0;134.3143;11.617868075229126;6.778230672782875
109.3125;133.7429;11.617868075229126;6.778230672782875
109.1875;133.2;11.617868075229126;6.778230672782875
108.8125;131.5143;11.617868075229126;6.778230672782875
108.875;132.8857;11.617868075229126;6.778230672782875
109.125;131.4;11.617868075229126;6.778230672782875
109.4375;131.2571;11.617868075229126;6.778230672782875
109.75;131.3429;11.617868075229126;6.778230672782875
110.125;131.6857;11.617868075229126;6.778230672782875
110.5;130.2857;11.617868075229126;6.778230672782875
110.8125;129.3429;11.617868075229126;6.778230672782875
110.9375;128.5714;11.617868075229126;6.778230672782875
111.0;128.8286;11.617868075229126;6.778230672782875
110.9375;129.0;11.617868075229126;6.778230672782875
110.9375;127.1143;11.617868075229126;6.778230672782875
110.9375;128.2;11.617868075229126;6.778230672782875
110.9375;128.4857;11.617868075229126;6.778230672782875
111.0;127.9714;11.617868075229126;6.778230672782875
111.25;126.8571;11.617868075229126;6.778230672782875
111.9375;126.7714;11.617868075229126;6.778230672782875
112.625;126.2;11.617868075229126;6.778230672782875
112.875;125.2857;11.617868075229126;6.778230672782875
112.1875;124.5429;11.617868075229126;6.778230672782875
111.0625;124.6857;11.617868075229126;6.778230672782875
110.375;124.2;11.617868075229126;6.778230672782875
110.8125;124.1714;11.617868075229126;6.778230672782875
112.125;123.0;11.617868075229126;6.778230672782875
113.25;122.4286;11.617868075229126;6.778230672782875
113.625;123.6;11.617868075229126;6.778230672782875
113.1875;122.3429;11.617868075229126;6.778230672782875
112.4375;122.6571;11.617868075229126;6.778230672782875
111.9375;121.5143;11.617868075229126;6.778230672782875
112.0625;121.2;11.617868075229126;6.778230672782875
112.75;121.0286;11.617868075229126;6.778230672782875
113.3125;119.7143;11.617868075229126;6.778230672782875
113.1875;119.7714;11.617868075229126;6.778230672782875
112.8125;120.0857;11.617868075229126;6.778230672782875
112.5625;119.7143;11.617868075229126;6.778230672782875
112.625;119.4286;11.617868075229126;6.778230672782875
112.875;119.0;11.617868075229126;6.778230672782875
113.25;119.5429;11.617868075229126;6.778230672782875
113.625;117.8571;11.617868075229126;6.778230672782875
113.875;117.2286;11.617868075229126;6.778230672782875
113.9375;116.7143;11.617868075229126;6.778230672782875
113.9375;117.4857;11.617868075229126;6.778230672782875
113.9375;115.4286;11.617868075229126;6.778230672782875
113.9375;114.8571;11.617868075229126;6.778230672782875
113.875;114.9143;11.617868075229126;6.778230672782875
113.6875;115.7143;11.617868075229126;6.778230672782875
113.5;115.3143;11.617868075229126;6.778230672782875
113.3125;114.8286;11.617868075229126;6.778230672782875
113.3125;114.9143;11.617868075229126;6.778230672782875
113.75;114.0571;11.617868075229126;6.778230672782875
114.375;113.1429;11.617868075229126;6.778230672782875
114.5;112.3143;11.617868075229126;6.778230672782875
113.9375;112.8;11.617868075229126;6.778230672782875
113.25;112.4;11.617868075229126;6.778230672782875
113.0;113.4857;11.617868075229126;6.778230672782875
113.3125;112.6;11.617868075229126;6.778230672782875
113.875;112.8;11.617868075229126;6.778230672782875
114.0625;111.9714;11.617868075229126;6.778230672782875
113.6875;110.6286;11.617868075229126;6.778230672782875
112.625;109.8571;11.617868075229126;6.778230672782875
111.125;110.3429;11.617868075229126;6.778230672782875
109.6875;109.6;11.617868075229126;6.778230672782875
108.5;110.2286;11.617868075229126;6.778230672782875
108.0;109.5714;11.617868075229126;6.778230672782875
108.5625;109.5143;11.617868075229126;6.778230672782875
109.875;108.6571;11.617868075229126;6.778230672782875
110.8125;108.5429;11.617868075229126;6.778230672782875
110.75;108.5429;11.617868075229126;6.778230672782875
110.0625;108.1429;11.617868075229126;6.778230672782875
109.125;107.7714;11.617868075229126;6.778230672782875
108.1875;106.3429;11.617868075229126;6.778230672782875
107.625;106.7429;11.617868075229126;6.778230672782875
107.3125;106.0857;11.617868075229126;6.778230672782875
107.25;105.2;11.617868075229126;6.778230672782875
107.3125;105.0857;11.617868075229126;6.778230672782875
107.375;104.2286;11.617868075229126;6.778230672782875
107.375;103.6286;11.617868075229126;6.778230672782875
107.0625;103.5429;11.617868075229126;6.778230672782875
106.5625;104.9143;11.617868075229126;6.778230672782875
106.375;103.8857;11.617868075229126;6.778230672782875
106.5625;104.1714;11.617868075229126;6.778230672782875
106.375;103.8286;11.617868075229126;6.778230672782875
106.0625;102.6286;11.617868075229126;6.778230672782875
106.1875;103.5429;11.617868075229126;6.778230672782875
106.25;102.9714;11.617868075229126;6.778230672782875
105.875;101.6571;11.617868075229126;6.778230672782875
105.625;101.4;11.617868075229126;6.778230672782875
105.3125;100.8286;11.617868075229126;6.778230672782875
104.625;101.3714;11.617868075229126;6.778230672782875
103.75;100.9143;11.617868075229126;6.778230672782875
102.875;101.5143;11.617868075229126;6.778230672782875
102.375;100.3714;11.617868075229126;6.778230672782875
102.6875;100.8;11.617868075229126;6.778230672782875
103.375;100.6;11.617868075229126;6.778230672782875
103.5625;99.4571;11.617868075229126;6.778230672782875
103.375;99.1429;11.617868075229126;6.778230672782875
102.9375;98.9429;11.617868075229126;6.778230672782875
102.3125;97.8286;11.617868075229126;6.778230672782875
101.9375;97.1714;11.617868075229126;6.778230672782875
102.0625;97.2;11.617868075229126;6.778230672782875
102.0;98.2857;11.617868075229126;6.778230672782875
101.75;98.6;11.617868075229126;6.778230672782875
101.6875;98.2286;11.617868075229126;6.778230672782875
101.875;98.1143;11.617868075229126;6.778230672782875
102.0625;96.6857;11.617868075229126;6.778230672782875
102.1875;96.9714;11.617868075229126;6.778230672782875
102.25;95.2286;11.617868075229126;6.778230672782875
102.25;95.0286;11.617868075229126;6.778230672782875
101.9375;95.3714;11.617868075229126;6.778230672782875
101.0625;94.5429;11.617868075229126;6.778230672782875
99.625;94.6286;11.617868075229126;6.778230672782875
98.1875;95.4286;11.617868075229126;6.778230672782875
97.3125;94.3143;11.617868075229126;6.778230672782875
97.0625;93.8;11.617868075229126;6.778230672782875
97.25;93.7143;11.617868075229126;6.778230672782875
97.3125;93.9429;11.617868075229126;6.778230672782875
97.0;94.0286;11.617868075229126;6.778230672782875
96.75;93.2;11.617868075229126;6.778230672782875
96.5;92.6571;11.617868075229126;6.778230672782875
95.8125;91.8571;11.617868075229126;6.778230672782875
95.1875;92.2;11.617868075229126;6.778230672782875
94.625;92.5143;11.617868075229126;6.778230672782875
94.125;92.5143;11.617868075229126;6.778230672782875
94.1875;93.0571;11.617868075229126;6.778230672782875
94.6875;92.1429;11.617868075229126;6.778230672782875
94.8125;91.3429;11.617868075229126;6.778230672782875
94.5;90.8286;11.617868075229126;6.778230672782875
94.125;90.9429;11.617868075229126;6.778230672782875
94.0;91.4857;11.617868075229126;6.778230672782875
94.125;90.6286;11.617868075229126;6.778230672782875
94.25;90.3714;11.617868075229126;6.778230672782875
94.3125;90.2;11.617868075229126;6.778230672782875
94.375;89.5143;11.617868075229126;6.778230672782875
94.3125;89.5714;11.617868075229126;6.778230672782875
93.75;88.6857;11.617868075229126;6.778230672782875
93.0;88.3429;11.617868075229126;6.778230672782875
92.5625;87.6571;11.617868075229126;6.778230672782875
92.3125;87.9429;11.617868075229126;6.778230672782875
92.3125;87.5143;11.617868075229126;6.778230672782875
92.3125;87.0286;11.617868075229126;6.778230672782875
92.25;85.8857;11.617868075229126;6.778230672782875
91.9375;85.1429;11.617868075229126;6.778230672782875
91.6875;85.9714;11.617868075229126;6.778230672782875
91.5;84.1143;11.617868075229126;6.778230672782875
91.0;85.6571;11.617868075229126;6.778230672782875
90.4375;85.5429;11.617868075229126;6.778230672782875
90.3125;84.9143;11.617868075229126;6.778230672782875
90.625;83.9714;11.617868075229126;6.778230672782875
90.4375;84.1429;11.617868075229126;6.778230672782875
89.6875;83.9143;11.617868075229126;6.778230672782875
88.875;82.2857;11.617868075229126;6.778230672782875
88.25;82.9714;11.617868075229126;6.778230672782875
88.1875;82.2571;11.617868075229126;6.778230672782875
88.3125;82.0857;11.617868075229126;6.778230672782875
88.1875;84.8857;11.617868075229126;6.778230672782875
87.8125;84.4286;11.617868075229126;6.778230672782875
87.625;83.3714;11.617868075229126;6.778230672782875
87.875;82.3143;11.617868075229126;6.778230672782875
88.0;83.0571;11.617868075229126;6.778230672782875
87.875;83.2;11.617868075229126;6.778230672782875
87.625;83.3143;11.617868075229126;6.778230672782875
87.1875;82.6286;11.617868075229126;6.778230672782875
86.5625;81.7143;11.617868075229126;6.778230672782875
85.8125;80.7143;11.617868075229126;6.778230672782875
85.375;80.4571;11.617868075229126;6.778230672782875
85.4375;81.2571;11.617868075229126;6.778230672782875
85.625;81.7714;11.617868075229126;6.778230672782875
85.75;81.9429;11.617868075229126;6.778230672782875
85.8125;81.5143;11.617868075229126;6.778230672782875
85.8125;80.2;11.617868075229126;6.778230672782875
85.8125;79.9143;11.617868075229126;6.778230672782875
85.8125;81.2;11.617868075229126;6.778230672782875
85.6875;81.2;11.617868075229126;6.778230672782875
85.3125;80.6;11.617868075229126;6.778230672782875
84.6875;79.2571;11.617868075229126;6.778230672782875
84.0;77.4286;11.617868075229126;6.778230672782875
83.5;77.1143;11.617868075229126;6.778230672782875
83.0;77.7429;11.617868075229126;6.778230672782875
82.5625;77.0571;11.617868075229126;6.778230672782875
82.0625;76.7143;11.617868075229126;6.778230672782875
81.75;76.5429;11.617868075229126;6.778230672782875
81.75;76.2571;11.617868075229126;6.778230672782875
81.9375;77.2;11.617868075229126;6.778230672782875
82.0;77.2571;11.617868075229126;6.778230672782875
81.75;77.9143;11.617868075229126;6.778230672782875
81.4375;76.9143;11.617868075229126;6.778230672782875
81.1875;75.8286;11.617868075229126;6.778230672782875
81.0;75.7429;11.617868075229126;6.778230672782875
81.0;76.3143;11.617868075229126;6.778230672782875
81.0;75.2286;11.617868075229126;6.778230672782875
80.9375;76.6857;11.617868075229126;6.778230672782875
80.875;76.0857;11.617868075229126;6.778230672782875
80.6875;76.2857;11.617868075229126;6.778230672782875
80.5625;76.5429;11.617868075229126;6.778230672782875
80.4375;77.1429;11.617868075229126;6.778230672782875
79.875;76.8286;11.617868075229126;6.778230672782875
79.0625;77.2;11.617868075229126;6.778230672782875
78.3125;76.2;11.617868075229126;6.778230672782875
77.6875;75.1714;11.617868075229126;6.778230672782875
77.125;75.4;11.617868075229126;6.778230672782875
76.875;73.9429;11.617868075229126;6.778230672782875
76.8125;73.4;11.617868075229126;6.778230672782875
76.8125;73.9429;11.617868075229126;6.778230672782875
76.875;72.9143;11.617868075229126;6.778230672782875
76.9375;73.6571;11.617868075229126;6.778230672782875
76.875;73.2857;11.617868075229126;6.778230672782875
76.3125;72.5429;11.617868075229126;6.778230672782875
75.3125;73.2857;11.617868075229126;6.778230672782875
74.3125;73.8;11.617868075229126;6.778230672782875
73.8125;74.0857;11.617868075229126;6.778230672782875
74.1875;73.6857;11.617868075229126;6.778230672782875
75.0;74.0;11.617868075229126;6.778230672782875
75.5;73.2857;11.617868075229126;6.778230672782875
75.25;74.1429;11.617868075229126;6.778230672782875
74.5625;73.1143;11.617868075229126;6.778230672782875
74.1875;73.0286;11.617868075229126;6.778230672782875
74.375;73.0857;11.617868075229126;6.778230672782875
74.875;71.6857;11.617868075229126;6.778230672782875
75.3125;70.2;11.617868075229126;6.778230672782875
75.25;71.7143;11.617868075229126;6.778230672782875
74.6875;71.3429;11.617868075229126;6.778230672782875
73.875;70.8571;11.617868075229126;6.778230672782875
73.1875;70.0286;11.617868075229126;6.778230672782875
72.9375;69.0857;11.617868075229126;6.778230672782875
73.0625;70.0286;11.617868075229126;6.778230672782875
73.1875;70.7714;11.617868075229126;6.778230672782875
73.1875;70.5143;11.617868075229126;6.778230672782875
73.0;70.4;11.617868075229126;6.778230672782875
72.75;70.4571;11.617868075229126;6.778230672782875
72.5;70.5429;11.617868075229126;6.778230672782875
72.1875;69.1429;11.617868075229126;6.778230672782875
72.0625;69.0286;11.617868075229126;6.778230672782875
72.0;69.5714;11.617868075229126;6.778230672782875
72.0;70.5143;11.617868075229126;6.778230672782875
72.0;69.0857;11.617868075229126;6.778230672782875
72.0;67.5143;11.617868075229126;6.778230672782875
72.0625;67.5714;11.617868075229126;6.778230672782875
71.8125;67.8;11.617868075229126;6.778230672782875
71.1875;69.2286;11.617868075229126;6.778230672782875
70.625;68.5429;11.617868075229126;6.778230672782875
70.375;68.3429;11.617868075229126;6.778230672782875
70.5;68.2;11.617868075229126;6.778230672782875
70.8125;67.8857;11.617868075229126;6.778230672782875
70.625;67.4286;11.617868075229126;6.778230672782875
70.0625;67.4857;11.617868075229126;6.778230672782875
69.6875;67.1714;11.617868075229126;6.778230672782875
69.75;66.6571;11.617868075229126;6.778230672782875
69.875;66.6571;11.617868075229126;6.778230672782875
69.6875;66.5143;11.617868075229126;6.778230672782875
69.25;66.0571;11.617868075229126;6.778230672782875
68.75;66.3429;11.617868075229126;6.778230672782875
68.6875;65.5714;11.617868075229126;6.778230672782875
68.9375;64.9429;11.617868075229126;6.778230672782875
69.375;65.0857;11.617868075229126;6.778230672782875
69.6875;65.2857;11.617868075229126;6.778230672782875
69.6875;64.7143;11.617868075229126;6.778230672782875
69.25;64.2286;11.617868075229126;6.778230672782875
68.4375;63.9714;11.617868075229126;6.778230672782875
67.5625;64.0857;11.617868075229126;6.778230672782875
66.75;63.6286;11.617868075229126;6.778230672782875
66.25;64.0;11.617868075229126;6.778230672782875
66.4375;64.6;11.617868075229126;6.778230672782875
67.1875;64.4571;11.617868075229126;6.778230672782875
68.0;64.2286;11.617868075229126;6.778230672782875
68.5;64.3429;11.617868075229126;6.778230672782875
68.75;64.0857;11.617868075229126;6.778230672782875
68.8125;63.9429;11.617868075229126;6.778230672782875
68.75;63.9714;11.617868075229126;6.778230672782875
68.3125;64.5143;11.617868075229126;6.778230672782875
67.3125;64.0;11.617868075229126;6.778230672782875
66.5625;63.2286;11.617868075229126;6.778230672782875
66.5;62.0571;11.617868075229126;6.778230672782875
66.5;62.1714;11.617868075229126;6.778230672782875
66.0;61.4286;11.617868075229126;6.778230672782875
65.1875;61.9714;11.617868075229126;6.778230672782875
64.3125;62.6571;11.617868075229126;6.778230672782875
63.625;62.1143;11.617868075229126;6.778230672782875
63.6875;62.0;11.617868075229126;6.778230672782875
64.1875;61.7714;11.617868075229126;6.778230672782875
64.375;62.0286;11.617868075229126;6.778230672782875
64.0625;62.1714;11.617868075229126;6.778230672782875
63.75;62.2286;11.617868075229126;6.778230672782875
63.8125;62.1714;11.617868075229126;6.778230672782875
63.8125;62.1429;11.617868075229126;6.778230672782875
63.5625;61.5714;11.617868075229126;6.778230672782875
63.3125;60.9429;11.617868075229126;6.778230672782875
63.4375;60.5143;11.617868075229126;6.778230672782875
63.5625;60.3143;11.617868075229126;6.778230672782875
63.25;59.6;11.617868075229126;6.778230672782875
62.6875;59.4571;11.617868075229126;6.778230672782875
62.5625;59.5143;11.617868075229126;6.778230672782875
62.6875;59.8857;11.617868075229126;6.778230672782875
62.6875;59.2286;11.617868075229126;6.778230672782875
62.375;58.4857;11.617868075229126;6.778230672782875
61.875;58.6571;11.617868075229126;6.778230672782875
61.375;58.7429;11.617868075229126;6.778230672782875
61.125;58.5714;11.617868075229126;6.778230672782875
61.0;58.0857;11.617868075229126;6.778230672782875
61.0;58.1429;11.617868075229126;6.778230672782875
61.0625;58.2286;11.617868075229126;6.778230672782875
61.125;58.3429;11.617868075229126;6.778230672782875
61.1875;58.0;11.617868075229126;6.778230672782875
60.8125;57.3714;11.617868075229126;6.778230672782875
60.1875;57.5429;11.617868075229126;6.778230672782875
59.5;57.6571;11.617868075229126;6.778230672782875
58.9375;58.0571;11.617868075229126;6.778230672782875
58.6875;58.2;11.617868075229126;6.778230672782875
58.625;58.0571;11.617868075229126;6.778230672782875
58.5625;57.6286;11.617868075229126;6.778230672782875
58.5;56.8857;11.617868075229126;6.778230672782875
58.5;56.8857;11.617868075229126;6.778230672782875
58.6875;56.6857;11.617868075229126;6.778230672782875
59.0;56.4571;11.617868075229126;6.778230672782875
59.125;56.0286;11.617868075229126;6.778230672782875
59.0;55.8571;11.617868075229126;6.778230672782875
58.8125;55.2286;11.617868075229126;6.778230672782875
58.5625;55.2857;11.617868075229126;6.778230672782875
58.1875;55.3143;11.617868075229126;6.778230672782875
57.9375;54.9714;11.617868075229126;6.778230672782875
57.875;55.0857;11.617868075229126;6.778230672782875
57.8125;54.8571;11.617868075229126;6.778230672782875
57.75;54.5714;11.617868075229126;6.778230672782875
57.75;55.0;11.617868075229126;6.778230672782875
57.4375;55.0571;11.617868075229126;6.778230672782875
57.0;54.5143;11.617868075229126;6.778230672782875
56.75;53.7143;11.617868075229126;6.778230672782875
56.8125;54.0571;11.617868075229126;6.778230672782875
57.0625;53.7429;11.617868075229126;6.778230672782875
57.3125;54.0857;11.617868075229126;6.778230672782875
57.4375;53.7143;11.617868075229126;6.778230672782875
57.4375;53.6571;11.617868075229126;6.778230672782875
57.4375;53.0286;11.617868075229126;6.778230672782875
57.375;53.6286;11.617868075229126;6.778230672782875
57.0;53.7429;11.617868075229126;6.778230672782875
56.5;53.5429;11.617868075229126;6.778230672782875
56.1875;53.0857;11.617868075229126;6.778230672782875
56.1875;52.2;11.617868075229126;6.778230672782875
56.25;52.3714;11.617868075229126;6.778230672782875
56.25;52.6286;11.617868075229126;6.778230672782875
56.25;52.5143;11.617868075229126;6.778230672782875
56.0625;51.9143;11.617868075229126;6.778230672782875
55.6875;51.8;11.617868075229126;6.778230672782875
55.25;51.5429;11.617868075229126;6.778230672782875
54.875;51.7714;11.617868075229126;6.778230672782875
54.6875;52.0286;11.617868075229126;6.778230672782875
54.5625;51.7714;11.617868075229126;6.778230672782875
54.5;51.4;11.617868075229126;6.778230672782875
54.3125;51.4286;11.617868075229126;6.778230672782875
54.125;51.6;11.617868075229126;6.778230672782875
53.9375;51.5429;11.617868075229126;6.778230672782875
53.875;51.5429;11.617868075229126;6.778230672782875
53.875;50.8286;11.617868075229126;6.778230672782875
53.75;50.6286;11.617868075229126;6.778230672782875
53.5625;50.5143;11.617868075229126;6.778230672782875
53.3125;50.5143;11.617868075229126;6.778230672782875
53.0;50.9143;11.617868075229126;6.778230672782875
52.75;50.5714;11.617868075229126;6.778230672782875
52.5625;50.8571;11.617868075229126;6.778230672782875
52.625;51.0857;11.617868075229126;6.778230672782875
52.8125;50.8857;11.617868075229126;6.778230672782875
53.0;50.1714;11.617868075229126;6.778230672782875
53.125;49.7429;11.617868075229126;6.778230672782875
53.1875;50.2;11.617868075229126;6.778230672782875
53.1875;50.0;11.617868075229126;6.778230672782875
53.0625;49.6286;11.617868075229126;6.778230672782875
52.875;49.3429;11.617868075229126;6.778230672782875
52.5625;49.1714;11.617868075229126;6.778230672782875
52.25;49.7714;11.617868075229126;6.778230672782875
52.0;49.2571;11.617868075229126;6.778230672782875
51.75;48.9143;11.617868075229126;6.778230672782875
51.5625;48.7143;11.617868075229126;6.778230672782875
51.625;48.2571;11.617868075229126;6.778230672782875
51.75;48.0857;11.617868075229126;6.778230672782875
51.6875;48.0286;11.617868075229126;6.778230672782875
51.3125;48.2286;11.617868075229126;6.778230672782875
50.75;48.2857;11.617868075229126;6.778230672782875
50.1875;48.4571;11.617868075229126;6.778230672782875
49.9375;48.8;11.617868075229126;6.778230672782875
49.875;48.3429;11.617868075229126;6.778230672782875
49.8125;48.3143;11.617868075229126;6.778230672782875
49.8125;47.8286;11.617868075229126;6.778230672782875
49.9375;47.4;11.617868075229126;6.778230672782875
50.0625;47.7143;11.617868075229126;6.778230672782875
49.9375;48.2571;11.617868075229126;6.778230672782875
49.5;47.5143;11.617868075229126;6.778230672782875
49.1875;47.0286;11.617868075229126;6.778230672782875
49.0;46.7429;11.617868075229126;6.778230672782875
48.875;46.8286;11.617868075229126;6.778230672782875
49.0;46.9714;11.617868075229126;6.778230672782875
49.1875;47.0286;11.617868075229126;6.778230672782875
49.125;46.7429;11.617868075229126;6.778230672782875
49.0;47.0857;11.617868075229126;6.778230672782875
48.875;47.0857;11.617868075229126;6.778230672782875
48.75;46.7429;11.617868075229126;6.778230672782875
48.75;46.2857;11.617868075229126;6.778230672782875
48.75;46.0571;11.617868075229126;6.778230672782875
48.9375;45.6857;11.617868075229126;6.778230672782875
49.1875;45.3714;11.617868075229126;6.778230672782875
49.0625;45.5714;11.617868075229126;6.778230672782875
48.375;45.6286;11.617868075229126;6.778230672782875
47.5625;45.1714;11.617868075229126;6.778230672782875
47.125;44.8286;11.617868075229126;6.778230672782875
47.0;45.0;11.617868075229126;6.778230672782875
47.0625;45.2286;11.617868075229126;6.778230672782875
47.125;45.1143;11.617868075229126;6.778230672782875
47.25;44.8286;11.617868075229126;6.778230672782875
47.375;44.6857;11.617868075229126;6.778230672782875
47.5625;44.5714;11.617868075229126;6.778230672782875
47.625;44.9429;11.617868075229126;6.778230672782875
47.4375;45.1429;11.617868075229126;6.778230672782875
47.0625;45.3714;11.617868075229126;6.778230672782875
46.5625;45.2571;11.617868075229126;6.778230672782875
46.125;44.8857;11.617868075229126;6.778230672782875
45.875;44.7143;11.617868075229126;6.778230672782875
45.625;44.4;11.617868075229126;6.778230672782875
45.5625;44.1429;11.617868075229126;6.778230672782875
45.875;43.7714;11.617868075229126;6.778230672782875
46.3125;43.8857;11.617868075229126;6.778230672782875
46.5;43.8;11.617868075229126;6.778230672782875
46.375;43.7714;11.617868075229126;6.778230672782875
46.125;43.2;11.617868075229126;6.778230672782875
45.875;43.1714;11.617868075229126;6.778230672782875
45.375;43.2;11.617868075229126;6.778230672782875
44.9375;43.2;11.617868075229126;6.778230672782875
44.625;43.2;11.617868075229126;6.778230672782875
44.5;43.0;11.617868075229126;6.778230672782875
44.5;42.8286;11.617868075229126;6.778230672782875
44.5625;42.6857;11.617868075229126;6.778230672782875
44.375;42.9429;11.617868075229126;6.778230672782875
43.75;42.9429;11.617868075229126;6.778230672782875
43.3125;42.6857;11.617868075229126;6.778230672782875
43.5625;42.4286;11.617868075229126;6.778230672782875
44.125;42.0571;11.617868075229126;6.778230672782875
44.75;41.9714;11.617868075229126;6.778230672782875
45.0625;42.3143;11.617868075229126;6.778230672782875
44.9375;42.0857;11.617868075229126;6.778230672782875
44.75;41.9714;11.617868075229126;6.778230672782875
44.5;41.8857;11.617868075229126;6.778230672782875
44.0;41.5714;11.617868075229126;6.778230672782875
43.25;41.7429;11.617868075229126;6.778230672782875
42.625;41.6571;11.617868075229126;6.778230672782875
42.4375;41.2286;11.617868075229126;6.778230672782875
42.3125;40.7714;11.617868075229126;6.778230672782875
42.125;40.7714;11.617868075229126;6.778230672782875
41.875;40.7143;11.617868075229126;6.778230672782875
41.75;40.5143;11.617868075229126;6.778230672782875
41.9375;40.3429;11.617868075229126;6.778230672782875
42.4375;40.1714;11.617868075229126;6.778230672782875
42.875;40.2;11.617868075229126;6.778230672782875
42.9375;40.1429;11.617868075229126;6.778230672782875
42.6875;39.8571;11.617868075229126;6.778230672782875
42.0625;39.6286;11.617868075229126;6.778230672782875
41.3125;39.5714;11.617868075229126;6.778230672782875
40.6875;39.6;11.617868075229126;6.778230672782875
40.4375;39.4286;11.617868075229126;6.778230672782875
40.4375;39.3714;11.617868075229126;6.778230672782875
40.5625;39.1714;11.617868075229126;6.778230672782875
40.6875;39.4571;11.617868075229126;6.778230672782875
40.6875;39.6286;11.617868075229126;6.778230672782875
40.75;39.6857;11.617868075229126;6.778230672782875
40.6875;38.7714;11.617868075229126;6.778230672782875
40.5;38.4857;11.617868075229126;6.778230672782875
40.125;38.7143;11.617868075229126;6.778230672782875
39.6875;39.0286;11.617868075229126;6.778230672782875
39.5;38.8571;11.617868075229126;6.778230672782875
39.5625;38.7429;11.617868075229126;6.778230672782875
39.6875;38.7143;11.617868075229126;6.778230672782875
39.8125;38.8286;11.617868075229126;6.778230672782875
39.875;38.5429;11.617868075229126;6.778230672782875
40.0;38.0571;11.617868075229126;6.778230672782875
40.0;37.7429;11.617868075229126;6.778230672782875
39.75;37.8286;11.617868075229126;6.778230672782875
39.3125;38.2286;11.617868075229126;6.778230672782875
38.8125;38.2;11.617868075229126;6.778230672782875
38.5;38.1143;11.617868075229126;6.778230672782875
38.375;38.0857;11.617868075229126;6.778230672782875
38.5;37.8286;11.617868075229126;6.778230672782875
38.6875;37.6286;11.617868075229126;6.778230672782875
38.8125;37.4857;11.617868075229126;6.778230672782875
38.8125;37.1429;11.617868075229126;6.778230672782875
38.5625;37.0571;11.617868075229126;6.778230672782875
38.25;36.9429;11.617868075229126;6.778230672782875
38.0625;36.9714;11.617868075229126;6.778230672782875
38.0625;36.7714;11.617868075229126;6.778230672782875
38.0625;37.2;11.617868075229126;6.778230672782875
37.8125;36.9714;11.617868075229126;6.778230672782875
37.5625;36.8;11.617868075229126;6.778230672782875
37.375;36.8286;11.617868075229126;6.778230672782875
37.3125;36.8857;11.617868075229126;6.778230672782875
37.3125;36.6;11.617868075229126;6.778230672782875
37.3125;36.5714;11.617868075229126;6.778230672782875
37.3125;36.4286;11.617868075229126;6.778230672782875
37.3125;36.4571;11.617868075229126;6.778230672782875
37.25;36.5429;11.617868075229126;6.778230672782875
37.0625;36.1714;11.617868075229126;6.778230672782875
36.9375;36.1714;11.617868075229126;6.778230672782875
36.9375;35.6857;11.617868075229126;6.778230672782875
36.9375;35.5429;11.617868075229126;6.778230672782875
36.8125;35.4286;11.617868075229126;6.778230672782875
36.4375;35.3429;11.617868075229126;6.778230672782875
36.125;35.1429;11.617868075229126;6.778230672782875
35.9375;34.8;11.617868075229126;6.778230672782875
35.875;34.8286;11.617868075229126;6.778230672782875
35.8125;34.8286;11.617868075229126;6.778230672782875
35.75;34.6;11.617868075229126;6.778230672782875
35.625;34.7714;11.617868075229126;6.778230672782875
35.5625;34.7143;11.617868075229126;6.778230672782875
35.5625;34.7429;11.617868075229126;6.778230672782875
35.5;34.4857;11.617868075229126;6.778230672782875
35.375;34.2571;11.617868075229126;6.778230672782875
35.25;34.2;11.617868075229126;6.778230672782875
35.25;34.0286;11.617868075229126;6.778230672782875
35.1875;34.1429;11.617868075229126;6.778230672782875
35.125;33.9429;11.617868075229126;6.778230672782875
35.0625;33.8;11.617868075229126;6.778230672782875
34.9375;33.7143;11.617868075229126;6.778230672782875
34.875;33.8;11.617868075229126;6.778230672782875
34.8125;34.1143;11.617868075229126;6.778230672782875
34.875;34.0857;11.617868075229126;6.778230672782875
34.9375;33.9143;11.617868075229126;6.778230672782875
35.0;33.8857;11.617868075229126;6.778230672782875
35.0625;33.5143;11.617868075229126;6.778230672782875
35.0625;33.4286;11.617868075229126;6.778230672782875
35.0625;33.4571;11.617868075229126;6.778230672782875
34.9375;33.2857;11.617868075229126;6.778230672782875
34.625;32.9143;11.617868075229126;6.778230672782875
34.3125;33.0286;11.617868075229126;6.778230672782875
34.0;32.5714;11.617868075229126;6.778230672782875
33.625;32.4;11.617868075229126;6.778230672782875
33.1875;32.2857;11.617868075229126;6.778230672782875
33.0625;31.9429;11.617868075229126;6.778230672782875
33.3125;31.8;11.617868075229126;6.778230672782875
33.6875;32.1714;11.617868075229126;6.778230672782875
33.8125;32.1714;11.617868075229126;6.778230672782875
33.6875;32.1714;11.617868075229126;6.778230672782875
33.4375;32.3714;11.617868075229126;6.778230672782875
33.125;32.3143;11.617868075229126;6.778230672782875
32.8125;32.2286;11.617868075229126;6.778230672782875
32.5625;31.8571;11.617868075229126;6.778230672782875
32.5;31.3714;11.617868075229126;6.778230672782875
32.4375;31.2857;11.617868075229126;6.778230672782875
32.5625;31.1429;11.617868075229126;6.778230672782875
32.875;31.0857;11.617868075229126;6.778230672782875
33.125;31.1143;11.617868075229126;6.778230672782875
33.125;31.1429;11.617868075229126;6.778230672782875
32.9375;31.1714;11.617868075229126;6.778230672782875
32.75;30.9429;11.617868075229126;6.778230672782875
32.625;30.7429;11.617868075229126;6.778230672782875
32.5;30.4571;11.617868075229126;6.778230672782875
32.3125;30.4571;11.617868075229126;6.778230672782875
32.125;30.2857;11.617868075229126;6.778230672782875
32.0;30.2857;11.617868075229126;6.778230672782875
31.9375;30.3143;11.617868075229126;6.778230672782875
31.9375;30.2286;11.617868075229126;6.778230672782875
31.9375;30.1714;11.617868075229126;6.778230672782875
31.9375;30.1143;11.617868075229126;6.778230672782875
31.9375;29.8857;11.617868075229126;6.778230672782875
31.75;29.8571;11.617868075229126;6.778230672782875
31.5;29.6857;11.617868075229126;6.778230672782875
31.25;29.6286;11.617868075229126;6.778230672782875
31.0625;30.0;11.617868075229126;6.778230672782875
30.9375;30.2571;11.617868075229126;6.778230672782875
30.6875;30.3143;11.617868075229126;6.778230672782875
30.4375;30.1714;11.617868075229126;6.778230672782875
30.375;29.8857;11.617868075229126;6.778230672782875
30.5;29.8;11.617868075229126;6.778230672782875
30.5625;29.7143;11.617868075229126;6.778230672782875
30.5625;29.8571;11.617868075229126;6.778230672782875
30.5625;29.8286;11.617868075229126;6.778230672782875
30.5;29.6857;11.617868075229126;6.778230672782875
30.3125;29.5143;11.617868075229126;6.778230672782875
30.0;29.2;11.617868075229126;6.778230672782875
29.8125;28.9714;11.617868075229126;6.778230672782875
29.6875;28.6286;11.617868075229126;6.778230672782875
29.875;28.4857;11.617868075229126;6.778230672782875
30.125;28.4857;11.617868075229126;6.778230672782875
30.3125;28.4857;11.617868075229126;6.778230672782875
30.4375;28.4;11.617868075229126;6.778230672782875
30.5;28.0286;11.617868075229126;6.778230672782875
30.4375;27.9143;11.617868075229126;6.778230672782875
30.0625;28.0286;11.617868075229126;6.778230672782875
29.6875;27.8;11.617868075229126;6.778230672782875
29.375;27.7429;11.617868075229126;6.778230672782875
29.125;27.4857;11.617868075229126;6.778230672782875
29.0;27.5143;11.617868075229126;6.778230672782875
29.0;27.4857;11.617868075229126;6.778230672782875
29.0;27.6571;11.617868075229126;6.778230672782875
29.0;27.5143;11.617868075229126;6.778230672782875
29.0625;27.3143;11.617868075229126;6.778230672782875
29.0;27.0571;11.617868075229126;6.778230672782875
28.8125;27.0286;11.617868075229126;6.778230672782875
28.5625;27.1143;11.617868075229126;6.778230672782875
28.5;27.0;11.617868075229126;6.778230672782875
28.5;27.0;11.617868075229126;6.778230672782875
28.6875;27.0571;11.617868075229126;6.778230672782875
28.8125;27.0857;11.617868075229126;6.778230672782875
28.8125;27.0571;11.617868075229126;6.778230672782875
28.4375;26.9714;11.617868075229126;6.778230672782875
27.9375;26.7143;11.617868075229126;6.778230672782875
27.5;26.5429;11.617868075229126;6.778230672782875
27.25;26.4571;11.617868075229126;6.778230672782875
27.25;26.2571;11.617868075229126;6.778230672782875
27.375;26.0286;11.617868075229126;6.778230672782875
27.5625;26.1429;11.617868075229126;6.778230672782875
27.5625;26.0286;11.617868075229126;6.778230672782875
27.3125;25.9429;11.617868075229126;6.778230672782875
27.0625;25.8286;11.617868075229126;6.778230672782875
26.875;25.8857;11.617868075229126;6.778230672782875
26.75;25.7143;11.617868075229126;6.778230672782875
26.6875;25.5714;11.617868075229126;6.778230672782875
26.625;25.5143;11.617868075229126;6.778230672782875
26.625;25.3714;11.617868075229126;6.778230672782875
26.5625;25.3429;11.617868075229126;6.778230672782875
26.5625;25.0857;11.617868075229126;6.778230672782875
26.5625;24.9429;11.617868075229126;6.778230672782875
26.625;24.9714;11.617868075229126;6.778230672782875
26.625;24.8857;11.617868075229126;6.778230672782875
26.625;24.9143;11.617868075229126;6.778230672782875
26.6875;24.8;11.617868075229126;6.778230672782875
26.6875;24.8571;11.617868075229126;6.778230672782875
26.6875;24.9429;11.617868075229126;6.778230672782875
26.8125;24.8571;11.617868075229126;6.778230672782875
26.8125;24.7429;11.617868075229126;6.778230672782875
26.6875;24.5714;11.617868075229126;6.778230672782875
26.4375;24.6286;11.617868075229126;6.778230672782875
26.3125;24.4571;11.617868075229126;6.778230672782875
26.1875;24.5143;11.617868075229126;6.778230672782875
26.1875;24.4571;11.617868075229126;6.778230672782875
26.125;24.2571;11.617868075229126;6.778230672782875
26.0625;24.2286;11.617868075229126;6.778230672782875
25.9375;24.3143;11.617868075229126;6.778230672782875
25.625;24.3714;11.617868075229126;6.778230672782875
25.3125;24.4;11.617868075229126;6.778230672782875
25.1875;24.2286;11.617868075229126;6.778230672782875
25.3125;24.0286;11.617868075229126;6.778230672782875
25.375;23.9143;11.617868075229126;6.778230672782875
25.3125;23.8286;11.617868075229126;6.778230672782875
25.1875;23.6571;11.617868075229126;6.778230672782875
25.0;23.6286;11.617868075229126;6.778230672782875
24.8125;23.5429;11.617868075229126;6.778230672782875
24.6875;23.3143;11.617868075229126;6.778230672782875
24.5625;23.1429;11.617868075229126;6.778230672782875
24.5;23.1429;11.617868075229126;6.778230672782875
24.5;23.0857;11.617868075229126;6.778230672782875
24.5;23.0571;11.617868075229126;6.778230672782875
24.5625;22.8857;11.617868075229126;6.778230672782875
24.5;22.8571;11.617868075229126;6.778230672782875
24.5;22.7714;11.617868075229126;6.778230672782875
24.4375;22.6;11.617868075229126;6.778230672782875
24.4375;22.8;11.617868075229126;6.778230672782875
24.375;22.6571;11.617868075229126;6.778230672782875
24.375;22.4286;11.617868075229126;6.778230672782875
24.375;22.4286;11.617868075229126;6.778230672782875
24.25;22.3429;11.617868075229126;6.778230672782875
24.1875;22.2;11.617868075229126;6.778230672782875
24.125;22.1143;11.617868075229126;6.778230672782875
24.0625;22.1714;11.617868075229126;6.778230672782875
23.9375;21.9714;11.617868075229126;6.778230672782875
23.8125;21.8;11.617868075229126;6.778230672782875
23.625;21.9143;11.617868075229126;6.778230672782875
23.4375;21.8571;11.617868075229126;6.778230672782875
23.25;21.8286;11.617868075229126;6.778230672782875
23.1875;21.6571;11.617868075229126;6.778230672782875
23.1875;21.6;11.617868075229126;6.778230672782875
23.25;21.3714;11.617868075229126;6.778230672782875
23.25;21.3714;11.617868075229126;6.778230672782875
23.125;21.3714;11.617868075229126;6.778230672782875
22.875;21.3429;11.617868075229126;6.778230672782875
22.6875;21.3714;11.617868075229126;6.778230672782875
22.5625;21.6;11.617868075229126;6.778230672782875
22.5;21.6857;11.617868075229126;6.778230672782875
22.4375;21.5429;11.617868075229126;6.778230672782875
22.375;21.5714;11.617868075229126;6.778230672782875
22.3125;21.3143;11.617868075229126;6.778230672782875
22.1875;21.0571;11.617868075229126;6.778230672782875
22.125;20.8857;11.617868075229126;6.778230672782875
22.1875;20.8571;11.617868075229126;6.778230672782875
22.3125;20.7714;11.617868075229126;6.778230672782875
22.4375;20.8286;11.617868075229126;6.778230672782875
22.5;20.7143;11.617868075229126;6.778230672782875
22.5625;20.6;11.617868075229126;6.778230672782875
22.5625;20.5714;11.617868075229126;6.778230672782875
22.5625;20.3429;11.617868075229126;6.778230672782875
22.5625;20.0857;11.617868075229126;6.778230672782875
22.5;19.9714;11.617868075229126;6.778230672782875
22.375;20.0;11.617868075229126;6.778230672782875
22.125;19.8857;11.617868075229126;6.778230672782875
21.875;19.7429;11.617868075229126;6.778230672782875
21.8125;19.6857;11.617868075229126;6.778230672782875
21.8125;19.6286;11.617868075229126;6.778230672782875
21.8125;19.6571;11.617868075229126;6.778230672782875
21.875;19.6571;11.617868075229126;6.778230672782875
21.8125;19.4286;11.617868075229126;6.778230672782875
21.625;19.4;11.617868075229126;6.778230672782875
21.3125;19.4;11.617868075229126;6.778230672782875
21.125;19.4857;11.617868075229126;6.778230672782875
21.125;19.4286;11.617868075229126;6.778230672782875
21.125;19.2286;11.617868075229126;6.778230672782875
21.0625;19.2286;11.617868075229126;6.778230672782875
21.0;19.0571;11.617868075229126;6.778230672782875
20.9375;19.0286;11.617868075229126;6.778230672782875
20.875;18.9429;11.617868075229126;6.778230672782875
20.875;18.7429;11.617868075229126;6.778230672782875
20.8125;18.8;11.617868075229126;6.778230672782875
20.75;18.6;11.617868075229126;6.778230672782875
20.6875;18.5429;11.617868075229126;6.778230672782875
20.625;18.6857;11.617868075229126;6.778230672782875
20.625;18.4857;11.617868075229126;6.778230672782875
20.5625;18.6;11.617868075229126;6.778230672782875
20.5625;18.4;11.617868075229126;6.778230672782875
20.5;18.3143;11.617868075229126;6.778230672782875
20.375;18.2286;11.617868075229126;6.778230672782875
20.3125;18.0286;11.617868075229126;6.778230672782875
20.25;18.1143;11.617868075229126;6.778230672782875
20.25;18.0286;11.617868075229126;6.778230672782875
20.25;17.9429;11.617868075229126;6.778230672782875
20.25;17.9143;11.617868075229126;6.778230672782875
20.1875;17.8;11.617868075229126;6.778230672782875
20.0625;17.8;11.617868075229126;6.778230672782875
20.0;17.7143;11.617868075229126;6.778230672782875
19.875;17.7143;11.617868075229126;6.778230672782875
19.6875;17.6857;11.617868075229126;6.778230672782875
19.4375;17.4571;11.617868075229126;6.778230672782875
19.3125;17.4571;11.617868075229126;6.778230672782875
19.3125;17.3429;11.617868075229126;6.778230672782875
19.3125;17.3143;11.617868075229126;6.778230672782875
19.375;17.1429;11.617868075229126;6.778230672782875
19.5;17.0571;11.617868075229126;6.778230672782875
19.6875;17.0286;11.617868075229126;6.778230672782875
19.75;16.9143;11.617868075229126;6.778230672782875
19.75;16.9429;11.617868075229126;6.778230672782875
19.5625;16.8286;11.617868075229126;6.778230672782875
19.25;16.8571;11.617868075229126;6.778230672782875
18.9375;16.7143;11.617868075229126;6.778230672782875
18.6875;16.6571;11.617868075229126;6.778230672782875
18.625;16.6571;11.617868075229126;6.778230672782875
18.75;16.6;11.617868075229126;6.778230672782875
18.9375;16.5714;11.617868075229126;6.778230672782875
19.0;16.3714;11.617868075229126;6.778230672782875
19.0;16.4;11.617868075229126;6.778230672782875
18.8125;16.2857;11.617868075229126;6.778230672782875
18.4375;16.3714;11.617868075229126;6.778230672782875
18.125;16.3143;11.617868075229126;6.778230672782875
17.9375;16.3429;11.617868075229126;6.778230672782875
17.8125;16.2286;11.617868075229126;6.778230672782875
17.8125;16.1429;11.617868075229126;6.778230672782875
17.8125;16.0286;11.617868075229126;6.778230672782875
17.8125;15.8571;11.617868075229126;6.778230672782875
17.875;15.8571;11.617868075229126;6.778230672782875
17.875;15.7714;11.617868075229126;6.778230672782875
17.875;15.6571;11.617868075229126;6.778230672782875
17.8125;15.5429;11.617868075229126;6.778230672782875
17.8125;15.4571;11.617868075229126;6.778230672782875
17.8125;15.4571;11.617868075229126;6.778230672782875
17.75;15.3714;11.617868075229126;6.778230672782875
17.6875;15.2857;11.617868075229126;6.778230672782875
17.5625;15.3429;11.617868075229126;6.778230672782875
17.375;15.1714;11.617868075229126;6.778230672782875
17.3125;15.2286;11.617868075229126;6.778230672782875
17.25;15.2;11.617868075229126;6.778230672782875
17.3125;15.0857;11.617868075229126;6.778230672782875
17.3125;14.9429;11.617868075229126;6.778230672782875
17.125;14.9429;11.617868075229126;6.778230672782875
16.9375;14.8286;11.617868075229126;6.778230672782875
16.8125;14.8;11.617868075229126;6.778230672782875
16.875;14.7429;11.617868075229126;6.778230672782875
16.9375;14.7143;11.617868075229126;6.778230672782875
17.0625;14.6571;11.617868075229126;6.778230672782875
17.0625;14.6571;11.617868075229126;6.778230672782875
16.9375;14.6;11.617868075229126;6.778230672782875
16.75;14.6286;11.617868075229126;6.778230672782875
16.5625;14.4286;11.617868075229126;6.778230672782875
16.5;14.4286;11.617868075229126;6.778230672782875
16.4375;14.3429;11.617868075229126;6.778230672782875
16.375;14.2857;11.617868075229126;6.778230672782875
16.375;14.2;11.617868075229126;6.778230672782875
16.3125;14.1714;11.617868075229126;6.778230672782875
16.3125;14.0857;11.617868075229126;6.778230672782875
16.3125;14.0286;11.617868075229126;6.778230672782875
16.3125;13.9714;11.617868075229126;6.778230672782875
16.375;13.9429;11.617868075229126;6.778230672782875
16.375;13.8571;11.617868075229126;6.778230672782875
16.25;13.7429;11.617868075229126;6.778230672782875
16.0;13.6857;11.617868075229126;6.778230672782875
15.9375;13.6;11.617868075229126;6.778230672782875
15.875;13.5429;11.617868075229126;6.778230672782875
15.8125;13.5429;11.617868075229126;6.778230672782875
15.75;13.5714;11.617868075229126;6.778230672782875
15.75;13.4571;11.617868075229126;6.778230672782875
15.6875;13.4571;11.617868075229126;6.778230672782875
15.625;13.3714;11.617868075229126;6.778230672782875
15.5;13.2571;11.617868075229126;6.778230672782875
15.4375;13.2571;11.617868075229126;6.778230672782875
15.4375;13.2;11.617868075229126;6.778230672782875
15.4375;13.0571;11.617868075229126;6.778230672782875
15.4375;13.0;11.617868075229126;6.778230672782875
15.3125;12.9429;11.617868075229126;6.778230672782875
15.25;13.0286;11.617868075229126;6.778230672782875
15.125;13.0286;11.617868075229126;6.778230672782875
15.125;12.9429;11.617868075229126;6.778230672782875
15.1875;12.8571;11.617868075229126;6.778230672782875
15.1875;12.7714;11.617868075229126;6.778230672782875
15.1875;12.7429;11.617868075229126;6.778230672782875
15.1875;12.6286;11.617868075229126;6.778230672782875
15.125;12.6286;11.617868075229126;6.778230672782875
15.0;12.5714;11.617868075229126;6.778230672782875
14.875;12.5143;11.617868075229126;6.778230672782875
14.875;12.4857;11.617868075229126;6.778230672782875
14.9375;12.4286;11.617868075229126;6.778230672782875
14.9375;12.2857;11.617868075229126;6.778230672782875
14.9375;12.1714;11.617868075229126;6.778230672782875
15.0;12.0857;11.617868075229126;6.778230672782875
14.9375;12.0286;11.617868075229126;6.778230672782875
14.875;12.0286;11.617868075229126;6.778230672782875
14.6875;12.0;11.617868075229126;6.778230672782875
14.5;12.0;11.617868075229126;6.778230672782875
14.375;11.9429;11.617868075229126;6.778230672782875
14.3125;11.8571;11.617868075229126;6.778230672782875
14.3125;11.8;11.617868075229126;6.778230672782875
14.3125;11.7714;11.617868075229126;6.778230672782875
14.1875;11.7714;11.617868075229126;6.778230672782875
14.0;11.7429;11.617868075229126;6.778230672782875
13.875;11.6857;11.617868075229126;6.778230672782875
13.8125;11.5714;11.617868075229126;6.778230672782875
13.8125;11.5714;11.617868075229126;6.778230672782875
13.875;11.4857;11.617868075229126;6.778230672782875
13.875;11.4571;11.617868075229126;6.778230672782875
13.875;11.4;11.617868075229126;6.778230672782875
13.75;11.3429;11.617868075229126;6.778230672782875
13.6875;11.2286;11.617868075229126;6.778230672782875
13.6875;11.2571;11.617868075229126;6.778230672782875
13.6875;11.1714;11.617868075229126;6.778230672782875
13.6875;11.1143;11.617868075229126;6.778230672782875
13.5625;10.9714;11.617868075229126;6.778230672782875
13.4375;10.9143;11.617868075229126;6.778230672782875
13.375;10.9429;11.617868075229126;6.778230672782875
13.375;10.8286;11.617868075229126;6.778230672782875
13.375;10.8;11.617868075229126;6.778230672782875
13.375;10.6857;11.617868075229126;6.778230672782875
13.3125;10.6571;11.617868075229126;6.778230672782875
13.3125;10.6571;11.617868075229126;6.778230672782875
13.3125;10.6;11.617868075229126;6.778230672782875
13.25;10.5429;11.617868075229126;6.778230672782875
13.25;10.4286;11.617868075229126;6.778230672782875
13.25;10.3143;11.617868075229126;6.778230672782875
13.25;10.2571;11.617868075229126;6.778230672782875
13.1875;10.3143;11.617868075229126;6.778230672782875
13.0625;10.2857;11.617868075229126;6.778230672782875
12.9375;10.2;11.617868075229126;6.778230672782875
12.8125;10.2;11.617868075229126;6.778230672782875
12.6875;10.1714;11.617868075229126;6.778230672782875
12.6875;10.1429;11.617868075229126;6.778230672782875
12.625;10.1143;11.617868075229126;6.778230672782875
12.5625;10.0571;11.617868075229126;6.778230672782875
12.4375;10.0;11.617868075229126;6.778230672782875
12.4375;9.9429;11.617868075229126;6.778230672782875
12.4375;9.8571;11.617868075229126;6.778230672782875
12.5;9.8;11.617868075229126;6.778230672782875
12.5;9.7714;11.617868075229126;6.778230672782875
12.5;9.7143;11.617868075229126;6.778230672782875
12.4375;9.6857;11.617868075229126;6.778230672782875
12.3125;9.6286;11.617868075229126;6.778230672782875
12.1875;9.6286;11.617868075229126;6.778230672782875
12.0625;9.5429;11.617868075229126;6.778230672782875
12.0625;9.4857;11.617868075229126;6.778230672782875
12.0625;9.4857;11.617868075229126;6.778230672782875
12.0625;9.3714;11.617868075229126;6.778230672782875
12.0;9.3143;11.617868075229126;6.778230672782875
11.9375;9.2571;11.617868075229126;6.778230672782875
11.875;9.2286;11.617868075229126;6.778230672782875
11.875;9.2;11.617868075229126;6.778230672782875
11.9375;9.1429;11.617868075229126;6.778230672782875
11.9375;9.0286;11.617868075229126;6.778230672782875
11.9375;8.9714;11.617868075229126;6.778230672782875
12.0;8.9143;11.617868075229126;6.778230672782875
12.0;8.9143;11.617868075229126;6.778230672782875
11.9375;8.8857;11.617868075229126;6.778230672782875
11.875;8.8;11.617868075229126;6.778230672782875
11.75;8.7143;11.617868075229126;6.778230672782875
11.625;8.7143;11.617868075229126;6.778230672782875
11.5625;8.6857;11.617868075229126;6.778230672782875
11.5;8.6;11.617868075229126;6.778230672782875
11.4375;8.5429;11.617868075229126;6.778230672782875
11.375;8.5143;11.617868075229126;6.778230672782875
11.375;8.4571;11.617868075229126;6.778230672782875
11.375;8.3714;11.617868075229126;6.778230672782875
11.4375;8.3714;11.617868075229126;6.778230672782875
11.4375;8.3143;11.617868075229126;6.778230672782875
11.375;8.2286;11.617868075229126;6.778230672782875
11.3125;8.2;11.617868075229126;6.778230672782875
11.1875;8.2571;11.617868075229126;6.778230672782875
11.0;8.1143;11.617868075229126;6.778230672782875
10.875;8.1143;11.617868075229126;6.778230672782875
10.875;8.0857;11.617868075229126;6.778230672782875
10.9375;8.0;11.617868075229126;6.778230672782875
11.0;7.9429;11.617868075229126;6.778230672782875
10.875;7.9429;11.617868075229126;6.778230672782875
10.75;7.8286;11.617868075229126;6.778230672782875
10.6875;7.7714;11.617868075229126;6.778230672782875
10.6875;7.7429;11.617868075229126;6.778230672782875
10.625;7.7143;11.617868075229126;6.778230672782875
10.625;7.7143;11.617868075229126;6.778230672782875
10.6875;7.6286;11.617868075229126;6.778230672782875
10.75;7.5714;11.617868075229126;6.778230672782875
10.75;7.5429;11.617868075229126;6.778230672782875
10.8125;7.5143;11.617868075229126;6.778230672782875
10.8125;7.4571;11.617868075229126;6.778230672782875
10.8125;7.4;11.617868075229126;6.778230672782875
10.75;7.3714;11.617868075229126;6.778230672782875
10.625;7.3143;11.617868075229126;6.778230672782875
10.4375;7.2571;11.617868075229126;6.778230672782875
10.3125;7.2;11.617868075229126;6.778230672782875
10.25;7.1714;11.617868075229126;6.778230672782875
10.1875;7.0571;11.617868075229126;6.778230672782875
10.125;7.0286;11.617868075229126;6.778230672782875
10.1875;7.0;11.617868075229126;6.778230672782875
10.1875;7.0;11.617868075229126;6.778230672782875
10.1875;6.9143;11.617868075229126;6.778230672782875
10.125;6.9143;11.617868075229126;6.778230672782875
10.0625;6.8286;11.617868075229126;6.778230672782875
10.0;6.8;11.617868075229126;6.778230672782875
9.9375;6.7429;11.617868075229126;6.778230672782875
9.9375;6.6857;11.617868075229126;6.778230672782875
9.9375;6.6571;11.617868075229126;6.778230672782875
10.0;6.6571;11.617868075229126;6.778230672782875
9.9375;6.5714;11.617868075229126;6.778230672782875
9.875;6.5429;11.617868075229126;6.778230672782875
9.875;6.4571;11.617868075229126;6.778230672782875
9.8125;6.4;11.617868075229126;6.778230672782875
9.75;6.3143;11.617868075229126;6.778230672782875
9.6875;6.2571;11.617868075229126;6.778230672782875
9.6875;6.2857;11.617868075229126;6.778230672782875
9.6875;6.2571;11.617868075229126;6.778230672782875
9.625;6.2;11.617868075229126;6.778230672782875
9.6875;6.0857;11.617868075229126;6.778230672782875
9.6875;6.0857;11.617868075229126;6.778230672782875
9.75;6.0857;11.617868075229126;6.778230672782875
9.75;6.0;11.617868075229126;6.778230672782875
9.8125;5.9714;11.617868075229126;6.778230672782875
9.8125;5.9714;11.617868075229126;6.778230672782875
9.75;5.8571;11.617868075229126;6.778230672782875
9.625;5.8286;11.617868075229126;6.778230672782875
9.4375;5.8;11.617868075229126;6.778230672782875
9.25;5.8286;11.617868075229126;6.778230672782875
9.125;5.7143;11.617868075229126;6.778230672782875
9.0625;5.6571;11.617868075229126;6.778230672782875
9.0;5.6;11.617868075229126;6.778230672782875
8.9375;5.6;11.617868075229126;6.778230672782875
8.9375;5.5714;11.617868075229126;6.778230672782875
9.0;5.4857;11.617868075229126;6.778230672782875
9.0;5.4286;11.617868075229126;6.778230672782875
9.0;5.4;11.617868075229126;6.778230672782875
9.0;5.4286;11.617868075229126;6.778230672782875
8.9375;5.3143;11.617868075229126;6.778230672782875
8.6875;5.2857;11.617868075229126;6.778230672782875
8.4375;5.3143;11.617868075229126;6.778230672782875
8.375;5.2857;11.617868075229126;6.778230672782875
8.4375;5.2571;11.617868075229126;6.778230672782875
8.5;5.2571;11.617868075229126;6.778230672782875
8.4375;5.1714;11.617868075229126;6.778230672782875
8.4375;5.0857;11.617868075229126;6.778230672782875
8.4375;5.0857;11.617868075229126;6.778230672782875
8.5;5.0286;11.617868075229126;6.778230672782875
8.4375;5.0286;11.617868075229126;6.778230672782875
8.3125;5.0;11.617868075229126;6.778230672782875
8.25;4.9429;11.617868075229126;6.778230672782875
8.25;4.9714;11.617868075229126;6.778230672782875
8.3125;4.8571;11.617868075229126;6.778230672782875
8.3125;4.8571;11.617868075229126;6.778230672782875
8.3125;4.8286;11.617868075229126;6.778230672782875
8.375;4.7714;11.617868075229126;6.778230672782875
8.375;4.7714;11.617868075229126;6.778230672782875
8.3125;4.6571;11.617868075229126;6.778230672782875
8.25;4.6286;11.617868075229126;6.778230672782875
8.0625;4.6571;11.617868075229126;6.778230672782875
7.875;4.5429;11.617868075229126;6.778230672782875
7.75;4.5143;11.617868075229126;6.778230672782875
7.75;4.5429;11.617868075229126;6.778230672782875
7.75;4.4857;11.617868075229126;6.778230672782875
7.625;4.4286;11.617868075229126;6.778230672782875
7.4375;4.4;11.617868075229126;6.778230672782875
7.3125;4.4;11.617868075229126;6.778230672782875
7.3125;4.2571;11.617868075229126;6.778230672782875
7.375;4.2857;11.617868075229126;6.778230672782875
7.5;4.2286;11.617868075229126;6.778230672782875
7.4375;4.2571;11.617868075229126;6.778230672782875
7.4375;4.1714;11.617868075229126;6.778230672782875
7.3125;4.1429;11.617868075229126;6.778230672782875
7.0625;4.0286;11.617868075229126;6.778230672782875
6.8125;4.0286;11.617868075229126;6.778230672782875
6.6875;4.0286;11.617868075229126;6.778230672782875
6.6875;3.9714;11.617868075229126;6.778230672782875
6.875;3.9429;11.617868075229126;6.778230672782875
7.1875;3.9143;11.617868075229126;6.778230672782875
7.125;3.9143;11.617868075229126;6.778230672782875
6.9375;3.8286;11.617868075229126;6.778230672782875
6.8125;3.8286;11.617868075229126;6.778230672782875
6.6875;3.7429;11.617868075229126;6.778230672782875
6.75;3.7143;11.617868075229126;6.778230672782875
6.8125;3.7429;11.617868075229126;6.778230672782875
6.9375;3.7143;11.617868075229126;6.778230672782875
6.9375;3.6286;11.617868075229126;6.778230672782875
7.0;3.6286;11.617868075229126;6.778230672782875
7.0;3.5429;11.617868075229126;6.778230672782875
6.9375;3.5429;11.617868075229126;6.778230672782875
6.8125;3.5714;11.617868075229126;6.778230672782875
6.5625;3.4857;11.617868075229126;6.778230672782875
6.25;3.4286;11.617868075229126;6.778230672782875
6.125;3.4571;11.617868075229126;6.778230672782875
6.125;3.4286;11.617868075229126;6.778230672782875
6.0625;3.4;11.617868075229126;6.778230672782875
6.0;3.2571;11.617868075229126;6.778230672782875
6.0;3.2;11.617868075229126;6.778230672782875
6.0625;3.2286;11.617868075229126;6.778230672782875
6.1875;3.2;11.617868075229126;6.778230672782875
6.25;3.2;11.617868075229126;6.778230672782875
6.25;3.1429;11.617868075229126;6.778230672782875
6.25;3.0857;11.617868075229126;6.778230672782875
6.25;3.0857;11.617868075229126;6.778230672782875
6.125;3.0571;11.617868075229126;6.778230672782875
5.9375;3.0571;11.617868075229126;6.778230672782875
5.75;2.9429;11.617868075229126;6.778230672782875
5.4375;2.9714;11.617868075229126;6.778230672782875
5.1875;2.9143;11.617868075229126;6.778230672782875
5.125;2.8857;11.617868075229126;6.778230672782875
5.375;2.8571;11.617868075229126;6.778230672782875
5.625;2.8286;11.617868075229126;6.778230672782875
5.8125;2.8;11.617868075229126;6.778230672782875
6.0;2.8571;11.617868075229126;6.778230672782875
5.9375;2.7714;11.617868075229126;6.778230672782875
5.75;2.7429;11.617868075229126;6.778230672782875
5.4375;2.6571;11.617868075229126;6.778230672782875
5.1875;2.6571;11.617868075229126;6.778230672782875
5.125;2.6857;11.617868075229126;6.778230672782875
5.125;2.5429;11.617868075229126;6.778230672782875
5.125;2.5429;11.617868075229126;6.778230672782875
5.125;2.5429;11.617868075229126;6.778230672782875
5.0625;2.4286;11.617868075229126;6.778230672782875
5.0;2.4857;11.617868075229126;6.778230672782875
4.875;2.4286;11.617868075229126;6.778230672782875
4.8125;2.4571;11.617868075229126;6.778230672782875
4.875;2.4;11.617868075229126;6.778230672782875
4.875;2.3429;11.617868075229126;6.778230672782875
4.8125;2.2571;11.617868075229126;6.778230672782875
4.75;2.3143;11.617868075229126;6.778230672782875
4.75;2.2857;11.617868075229126;6.778230672782875
4.75;2.2;11.617868075229126;6.778230672782875
4.6875;2.1714;11.617868075229126;6.778230672782875
4.625;2.2;11.617868075229126;6.778230672782875
4.6875;2.1429;11.617868075229126;6.778230672782875
4.75;2.1143;11.617868075229126;6.778230672782875
4.8125;2.1143;11.617868075229126;6.778230672782875
4.9375;2.0857;11.617868075229126;6.778230672782875
5.125;2.0286;11.617868075229126;6.778230672782875
5.125;2.0286;11.617868075229126;6.778230672782875
5.0;2.0286;11.617868075229126;6.778230672782875
4.8125;1.9429;11.617868075229126;6.778230672782875
4.5;1.8857;11.617868075229126;6.778230672782875
4.3125;1.9143;11.617868075229126;6.778230672782875
4.25;1.8571;11.617868075229126;6.778230672782875
4.375;1.8571;11.617868075229126;6.778230672782875
4.625;1.7714;11.617868075229126;6.778230672782875
4.8125;1.8;11.617868075229126;6.778230672782875
4.875;1.7143;11.617868075229126;6.778230672782875
4.875;1.7429;11.617868075229126;6.778230672782875
4.875;1.7143;11.617868075229126;6.778230672782875
4.875;1.6286;11.617868075229126;6.778230672782875
4.875;1.5429;11.617868075229126;6.778230672782875
4.8125;1.6;11.617868075229126;6.778230672782875
4.5;1.6;11.617868075229126;6.778230672782875
4.125;1.6;11.617868075229126;6.778230672782875
4.0625;1.4857;11.617868075229126;6.778230672782875
4.25;1.4857;11.617868075229126;6.778230672782875
4.5625;1.4857;11.617868075229126;6.778230672782875
4.625;1.5143;11.617868075229126;6.778230672782875
4.5;1.4571;11.617868075229126;6.778230672782875
4.25;1.3429;11.617868075229126;6.778230672782875
4.125;1.3714;11.617868075229126;6.778230672782875
4.0625;1.2857;11.617868075229126;6.778230672782875
4.0625;1.3143;11.617868075229126;6.778230672782875
4.1875;1.2857;11.617868075229126;6.778230672782875
4.3125;1.2857;11.617868075229126;6.778230672782875
4.3125;1.3429;11.617868075229126;6.778230672782875
4.0625;1.2571;11.617868075229126;6.778230672782875
4.0625;1.2286;11.617868075229126;6.778230672782875
4.1875;1.1714;11.617868075229126;6.778230672782875
4.375;1.2;11.617868075229126;6.778230672782875
4.4375;1.1429;11.617868075229126;6.778230672782875
4.3125;1.0857;11.617868075229126;6.778230672782875
4.125;1.1429;11.617868075229126;6.778230672782875
3.9375;1.0857;11.617868075229126;6.778230672782875
3.8125;1.0286;11.617868075229126;6.778230672782875
3.8125;1.0;11.617868075229126;6.778230672782875
3.8125;1.0;11.617868075229126;6.778230672782875
4.0;1.0286;11.617868075229126;6.778230672782875
4.1875;0.9714;11.617868075229126;6.778230672782875
4.375;0.9429;11.617868075229126;6.778230672782875
4.4375;0.8571;11.617868075229126;6.778230672782875
4.4375;0.8857;11.617868075229126;6.778230672782875
4.4375;0.8286;11.617868075229126;6.778230672782875
4.3125;0.8857;11.617868075229126;6.778230672782875
4.0;0.8571;11.617868075229126;6.778230672782875
3.75;0.8286;11.617868075229126;6.778230672782875
3.625;0.8286;11.617868075229126;6.778230672782875
3.75;0.8;11.617868075229126;6.778230672782875
3.75;0.7143;11.617868075229126;6.778230672782875
3.6875;0.7429;11.617868075229126;6.778230672782875
3.8125;0.7714;11.617868075229126;6.778230672782875
3.875;0.7143;11.617868075229126;6.778230672782875
3.75;0.7429;11.617868075229126;6.778230672782875
3.75;0.6;11.617868075229126;6.778230672782875
3.75;0.6571;11.617868075229126;6.778230672782875
3.75;0.6857;11.617868075229126;6.778230672782875
3.75;0.6286;11.617868075229126;6.778230672782875
3.625;0.6571;11.617868075229126;6.778230672782875
3.5;0.5714;11.617868075229126;6.778230672782875
3.3125;0.5714;11.617868075229126;6.778230672782875
3.3125;0.4857;11.617868075229126;6.778230672782875
3.5;0.4;11.617868075229126;6.778230672782875
3.6875;0.5429;11.617868075229126;6.778230672782875
3.8125;0.5143;11.617868075229126;6.778230672782875
3.875;0.5143;11.617868075229126;6.778230672782875
4.0;0.4286;11.617868075229126;6.778230672782875
4.0625;0.4286;11.617868075229126;6.778230672782875
3.875;0.4286;11.617868075229126;6.778230672782875
3.5625;0.3714;11.617868075229126;6.778230672782875
3.375;0.4;11.617868075229126;6.778230672782875
3.25;0.3429;11.617868075229126;6.778230672782875
3.1875;0.4286;11.617868075229126;6.778230672782875
3.1875;0.3429;11.617868075229126;6.778230672782875
3.1875;0.3429;11.617868075229126;6.778230672782875
3.1875;0.2286;11.617868075229126;6.778230672782875
3.25;0.4;11.617868075229126;6.778230672782875
3.3125;0.3429;11.617868075229126;6.778230672782875
3.5;0.2571;11.617868075229126;6.778230672782875
3.5625;0.2857;11.617868075229126;6.778230672782875
3.4375;0.2571;11.617868075229126;6.778230672782875
3.25;0.2286;11.617868075229126;6.778230672782875
3.0;0.2857;11.617868075229126;6.778230672782875
2.8125;0.2857;11.617868075229126;6.778230672782875
2.875;0.2571;11.617868075229126;6.778230672782875
3.125;0.3143;11.617868075229126;6.778230672782875
3.25;0.1143;11.617868075229126;6.778230672782875
3.375;0.2286;11.617868075229126;6.778230672782875
3.4375;0.1714;11.617868075229126;6.778230672782875
3.5;0.2571;11.617868075229126;6.778230672782875
3.4375;0.2;11.617868075229126;6.778230672782875
3.4375;0.1429;11.617868075229126;6.778230672782875
3.4375;0.2571;11.617868075229126;6.778230672782875
3.375;0.1714;11.617868075229126;6.778230672782875
3.3125;0.2;11.617868075229126;6.778230672782875
3.1875;0.1429;11.617868075229126;6.778230672782875
3.25;0.2857;11.617868075229126;6.778230672782875
3.4375;0.2857;11.617868075229126;6.778230672782875
3.625;0.1714;11.617868075229126;6.778230672782875
3.625;0.2286;11.617868075229126;6.778230672782875
3.5;0.2286;11.617868075229126;6.778230672782875
3.4375;0.1714;11.617868075229126;6.778230672782875
3.4375;0.1714;11.617868075229126;6.778230672782875
3.625;0.1429;11.617868075229126;6.778230672782875
3.75;0.1714;11.617868075229126;6.778230672782875
3.875;0.2286;11.617868075229126;6.778230672782875
3.875;0.2571;11.617868075229126;6.778230672782875
3.875;0.1429;11.617868075229126;6.778230672782875
3.5;0.1429;11.617868075229126;6.778230672782875
2.6875;0.1429;11.617868075229126;6.778230672782875
2.25;0.1714;11.617868075229126;6.778230672782875
2.125;0.2;11.617868075229126;6.778230672782875
2.1875;0.1714;11.617868075229126;6.778230672782875
2.375;0.1714;11.617868075229126;6.778230672782875
2.3125;0.2571;11.617868075229126;6.778230672782875
2.3125;0.1714;11.617868075229126;6.778230672782875
2.25;0.2;11.617868075229126;6.778230672782875
2.1875;0.1714;11.617868075229126;6.778230672782875
2.5;0.1143;11.617868075229126;6.778230672782875
2.8125;0.2;11.617868075229126;6.778230672782875
3.0;0.0857;11.617868075229126;6.778230672782875
3.25;0.0571;11.617868075229126;6.778230672782875
3.4375;0.1429;11.617868075229126;6.778230672782875
3.1875;0.0571;11.617868075229126;6.778230672782875
2.5625;0.2;11.617868075229126;6.778230672782875
2.25;0.1429;11.617868075229126;6.778230672782875
2.3125;0.2286;11.617868075229126;6.778230672782875
2.5;0.1143;11.617868075229126;6.778230672782875
2.875;0.0571;11.617868075229126;6.778230672782875
3.1875;0.0857;11.617868075229126;6.778230672782875
3.4375;0.0857;11.617868075229126;6.778230672782875
3.6875;0.1429;11.617868075229126;6.778230672782875
3.6875;0.1429;11.617868075229126;6.778230672782875
3.5625;0.0286;11.617868075229126;6.778230672782875
3.5;0.0571;11.617868075229126;6.778230672782875
3.5;0.1143;11.617868075229126;6.778230672782875
3.5;0.2;11.617868075229126;6.778230672782875
3.5;0.1143;11.617868075229126;6.778230672782875
3.5;0.1714;11.617868075229126;6.778230672782875
3.5625;0.0571;11.617868075229126;6.778230672782875
3.5;0.0571;11.617868075229126;6.778230672782875
3.1875;0.0571;11.617868075229126;6.778230672782875
2.4375;0.2286;11.617868075229126;6.778230672782875
2.0625;0.0571;11.617868075229126;6.778230672782875
2.375;0.1429;11.617868075229126;6.778230672782875
2.9375;0.0;11.617868075229126;6.778230672782875
3.25;0.0857;11.617868075229126;6.778230672782875
3.1875;0.1429;11.617868075229126;6.778230672782875
2.875;0.0857;11.617868075229126;6.778230672782875
2.375;0.1429;11.617868075229126;6.778230672782875
1.9375;0.1429;11.617868075229126;6.778230672782875
1.8125;0.0857;11.617868075229126;6.778230672782875
2.0;0.1143;11.617868075229126;6.778230672782875
2.0625;0.0857;11.617868075229126;6.778230672782875
2.0625;0.1714;11.617868075229126;6.778230672782875
2.3125;0.0571;11.617868075229126;6.778230672782875
2.6875;0.0;11.617868075229126;6.778230672782875
3.0625;0.0857;11.617868075229126;6.778230672782875
3.5;0.0857;11.617868075229126;6.778230672782875
3.6875;0.1143;11.617868075229126;6.778230672782875
3.5625;0.1429;11.617868075229126;6.778230672782875
3.25;0.1143;11.617868075229126;6.778230672782875
3.0625;0.1714;11.617868075229126;6.778230672782875
2.8125;0.1143;11.617868075229126;6.778230672782875
2.625;0.0;11.617868075229126;6.778230672782875
2.75;0.1143;11.617868075229126;6.778230672782875
3.0625;0.0286;11.617868075229126;6.778230672782875
3.375;0.0286;11.617868075229126;6.778230672782875
3.5;0.0571;11.617868075229126;6.778230672782875
3.5625;-0.0286;11.617868075229126;6.778230672782875
3.5625;0.0286;11.617868075229126;6.778230672782875
3.5;0.1143;11.617868075229126;6.778230672782875
3.375;0.0286;11.617868075229126;6.778230672782875
3.1875;0.0286;11.617868075229126;6.778230672782875
3.0;0.0571;11.617868075229126;6.778230672782875
2.9375;0.1143;11.617868075229126;6.778230672782875
2.9375;0.0286;11.617868075229126;6.778230672782875
2.9375;0.1143;11.617868075229126;6.778230672782875
2.875;0.0571;11.617868075229126;6.778230672782875
2.75;0.0571;11.617868075229126;6.778230672782875
2.6875;0.0857;11.617868075229126;6.778230672782875
2.75;0.1429;11.617868075229126;6.778230672782875
2.4375;0.0571;11.617868075229126;6.778230672782875
2.0;0.0571;11.617868075229126;6.778230672782875
1.75;0.0571;11.617868075229126;6.778230672782875
2.0;0.0571;11.617868075229126;6.778230672782875
2.375;0.0286;11.617868075229126;6.778230672782875
2.125;0.0571;11.617868075229126;6.778230672782875
1.6875;0.0;11.617868075229126;6.778230672782875
1.9375;0.0857;11.617868075229126;6.778230672782875
2.5625;0.0286;11.617868075229126;6.778230672782875
3.0625;0.1143;11.617868075229126;6.778230672782875
