SF-A-022;Sensirion;RMSE;MAE
-5.875;-6.3143;7.504431356548425;5.522652193509615
-5.6875;-6.1714;7.504431356548425;5.522652193509615
-5.375;-6.2;7.504431356548425;5.522652193509615
-4.75;-6.1714;7.504431356548425;5.522652193509615
-4.1875;-6.1429;7.504431356548425;5.522652193509615
-3.8125;-6.0857;7.504431356548425;5.522652193509615
-3.6875;-6.0571;7.504431356548425;5.522652193509615
-3.8125;-6.0286;7.504431356548425;5.522652193509615
-4.0625;-5.9714;7.504431356548425;5.522652193509615
-4.3125;-5.9143;7.504431356548425;5.522652193509615
-4.4375;-5.8571;7.504431356548425;5.522652193509615
-4.5;-5.8286;7.504431356548425;5.522652193509615
-4.6875;-5.8;7.504431356548425;5.522652193509615
-5.0;-5.8286;7.504431356548425;5.522652193509615
-5.0;-5.7429;7.504431356548425;5.522652193509615
-4.5;-5.7429;7.504431356548425;5.522652193509615
-3.5;-5.7429;7.504431356548425;5.522652193509615
-1.875;-5.6857;7.504431356548425;5.522652193509615
-0.75;-5.6857;7.504431356548425;5.522652193509615
-1.3125;-5.6286;7.504431356548425;5.522652193509615
-2.625;-5.6286;7.504431356548425;5.522652193509615
-3.5;-5.6286;7.504431356548425;5.522652193509615
-4.0;-5.5429;7.504431356548425;5.522652193509615
-4.25;-5.6;7.504431356548425;5.522652193509615
-4.25;-5.6;7.504431356548425;5.522652193509615
-3.875;-5.6571;7.504431356548425;5.522652193509615
-3.4375;-5.6857;7.504431356548425;5.522652193509615
-3.1875;-5.7714;7.504431356548425;5.522652193509615
-3.0625;-5.8286;7.504431356548425;5.522652193509615
-3.0;-5.9143;7.504431356548425;5.522652193509615
-3.0625;-6.0286;7.504431356548425;5.522652193509615
-3.0;-6.1429;7.504431356548425;5.522652193509615
-3.0;-6.3143;7.504431356548425;5.522652193509615
-3.0;-6.4286;7.504431356548425;5.522652193509615
-3.125;-6.6857;7.504431356548425;5.522652193509615
-3.25;-6.8857;7.504431356548425;5.522652193509615
-3.375;-7.1143;7.504431356548425;5.522652193509615
-3.5625;-7.2857;7.504431356548425;5.522652193509615
-3.6875;-7.5714;7.504431356548425;5.522652193509615
-4.0625;-7.8571;7.504431356548425;5.522652193509615
-4.5;-8.1429;7.504431356548425;5.522652193509615
-4.9375;-8.4571;7.504431356548425;5.522652193509615
-5.25;-8.8286;7.504431356548425;5.522652193509615
-5.4375;-9.1714;7.504431356548425;5.522652193509615
-5.625;-9.6286;7.504431356548425;5.522652193509615
-5.875;-10.0286;7.504431356548425;5.522652193509615
-6.125;-10.4286;7.504431356548425;5.522652193509615
-6.3125;-10.8;7.504431356548425;5.522652193509615
-6.5;-11.3143;7.504431356548425;5.522652193509615
-6.8125;-11.7714;7.504431356548425;5.522652193509615
-7.3125;-12.2286;7.504431356548425;5.522652193509615
-8.0;-12.7429;7.504431356548425;5.522652193509615
-8.625;-13.3429;7.504431356548425;5.522652193509615
-9.0625;-13.8571;7.504431356548425;5.522652193509615
-9.3125;-14.3429;7.504431356548425;5.522652193509615
-9.75;-14.9429;7.504431356548425;5.522652193509615
-10.375;-15.6286;7.504431356548425;5.522652193509615
-10.875;-16.2857;7.504431356548425;5.522652193509615
-11.1875;-17.0286;7.504431356548425;5.522652193509615
-11.3125;-17.5429;7.504431356548425;5.522652193509615
-11.3125;-18.2;7.504431356548425;5.522652193509615
-11.25;-18.8857;7.504431356548425;5.522652193509615
-11.25;-19.5714;7.504431356548425;5.522652193509615
-11.3125;-20.2;7.504431356548425;5.522652193509615
-11.875;-20.8;7.504431356548425;5.522652193509615
-13.5;-21.5429;7.504431356548425;5.522652193509615
-15.8125;-22.2857;7.504431356548425;5.522652193509615
-17.625;-23.0;7.504431356548425;5.522652193509615
-18.4375;-23.6286;7.504431356548425;5.522652193509615
-18.8125;-24.4;7.504431356548425;5.522652193509615
-19.125;-25.1714;7.504431356548425;5.522652193509615
-19.3125;-25.7714;7.504431356548425;5.522652193509615
-19.75;-26.5143;7.504431356548425;5.522652193509615
-20.8125;-27.2;7.504431356548425;5.522652193509615
-22.1875;-28.0;7.504431356548425;5.522652193509615
-23.75;-28.6571;7.504431356548425;5.522652193509615
-25.125;-29.1714;7.504431356548425;5.522652193509615
-25.875;-29.8286;7.504431356548425;5.522652193509615
-26.25;-30.6571;7.504431356548425;5.522652193509615
-26.4375;-31.3714;7.504431356548425;5.522652193509615
-26.6875;-32.0286;7.504431356548425;5.522652193509615
-27.25;-32.8286;7.504431356548425;5.522652193509615
-27.8125;-33.5143;7.504431356548425;5.522652193509615
-28.5625;-34.1714;7.504431356548425;5.522652193509615
-29.625;-34.8857;7.504431356548425;5.522652193509615
-30.75;-35.5143;7.504431356548425;5.522652193509615
-31.375;-36.1714;7.504431356548425;5.522652193509615
-31.75;-36.9143;7.504431356548425;5.522652193509615
-32.3125;-37.5714;7.504431356548425;5.522652193509615
-33.0625;-38.3143;7.504431356548425;5.522652193509615
-33.6875;-38.9714;7.504431356548425;5.522652193509615
-34.0625;-39.5143;7.504431356548425;5.522652193509615
-34.125;-40.1143;7.504431356548425;5.522652193509615
-34.125;-41.1143;7.504431356548425;5.522652193509615
-34.125;-41.6;7.504431356548425;5.522652193509615
-34.125;-42.3429;7.504431356548425;5.522652193509615
-34.625;-43.2857;7.504431356548425;5.522652193509615
-36.125;-43.7143;7.504431356548425;5.522652193509615
-37.9375;-44.2857;7.504431356548425;5.522652193509615
-39.75;-45.0286;7.504431356548425;5.522652193509615
-41.25;-45.7714;7.504431356548425;5.522652193509615
-41.9375;-46.1714;7.504431356548425;5.522652193509615
-42.0625;-47.0857;7.504431356548425;5.522652193509615
-42.125;-47.5714;7.504431356548425;5.522652193509615
-42.5;-48.0571;7.504431356548425;5.522652193509615
-43.1875;-48.7714;7.504431356548425;5.522652193509615
-43.875;-49.2571;7.504431356548425;5.522652193509615
-44.3125;-49.8571;7.504431356548425;5.522652193509615
-44.8125;-50.7143;7.504431356548425;5.522652193509615
-45.5625;-51.1714;7.504431356548425;5.522652193509615
-46.25;-51.8;7.504431356548425;5.522652193509615
-47.0625;-52.2857;7.504431356548425;5.522652193509615
-47.75;-52.8286;7.504431356548425;5.522652193509615
-48.25;-53.1429;7.504431356548425;5.522652193509615
-49.0;-53.6857;7.504431356548425;5.522652193509615
-49.75;-54.3714;7.504431356548425;5.522652193509615
-50.1875;-54.6571;7.504431356548425;5.522652193509615
-50.5625;-55.4286;7.504431356548425;5.522652193509615
-50.75;-56.0571;7.504431356548425;5.522652193509615
-50.6875;-57.0571;7.504431356548425;5.522652193509615
-50.8125;-57.1429;7.504431356548425;5.522652193509615
-51.5625;-58.0857;7.504431356548425;5.522652193509615
-52.5;-58.9714;7.504431356548425;5.522652193509615
-53.125;-59.1429;7.504431356548425;5.522652193509615
-53.375;-59.7714;7.504431356548425;5.522652193509615
-53.4375;-59.7429;7.504431356548425;5.522652193509615
-53.375;-59.9714;7.504431356548425;5.522652193509615
-53.5;-61.1143;7.504431356548425;5.522652193509615
-54.3125;-61.5143;7.504431356548425;5.522652193509615
-55.875;-62.3429;7.504431356548425;5.522652193509615
-57.25;-63.2286;7.504431356548425;5.522652193509615
-57.625;-62.6571;7.504431356548425;5.522652193509615
-57.5625;-63.3143;7.504431356548425;5.522652193509615
-57.625;-64.1429;7.504431356548425;5.522652193509615
-57.6875;-64.2571;7.504431356548425;5.522652193509615
-57.875;-65.3714;7.504431356548425;5.522652193509615
-58.625;-66.3714;7.504431356548425;5.522652193509615
-59.5625;-66.5429;7.504431356548425;5.522652193509615
-60.1875;-66.8286;7.504431356548425;5.522652193509615
-60.625;-67.4;7.504431356548425;5.522652193509615
-61.5;-67.7143;7.504431356548425;5.522652193509615
-62.625;-68.0857;7.504431356548425;5.522652193509615
-63.125;-69.2857;7.504431356548425;5.522652193509615
-62.9375;-69.0857;7.504431356548425;5.522652193509615
-62.6875;-69.8571;7.504431356548425;5.522652193509615
-62.3125;-70.0857;7.504431356548425;5.522652193509615
-61.5;-71.3714;7.504431356548425;5.522652193509615
-61.125;-71.4571;7.504431356548425;5.522652193509615
-61.6875;-72.0857;7.504431356548425;5.522652193509615
-62.9375;-72.2571;7.504431356548425;5.522652193509615
-64.375;-72.7143;7.504431356548425;5.522652193509615
-65.625;-73.2286;7.504431356548425;5.522652193509615
-66.5625;-73.3714;7.504431356548425;5.522652193509615
-67.0;-74.2286;7.504431356548425;5.522652193509615
-66.9375;-75.0286;7.504431356548425;5.522652193509615
-66.8125;-75.5714;7.504431356548425;5.522652193509615
-66.625;-75.6857;7.504431356548425;5.522652193509615
-66.5625;-76.3429;7.504431356548425;5.522652193509615
-66.5;-76.8571;7.504431356548425;5.522652193509615
-66.8125;-77.5143;7.504431356548425;5.522652193509615
-67.8125;-76.8286;7.504431356548425;5.522652193509615
-68.8125;-78.3143;7.504431356548425;5.522652193509615
-69.375;-78.9714;7.504431356548425;5.522652193509615
-69.8125;-79.4286;7.504431356548425;5.522652193509615
-70.625;-79.5429;7.504431356548425;5.522652193509615
-71.8125;-79.7143;7.504431356548425;5.522652193509615
-72.8125;-80.5714;7.504431356548425;5.522652193509615
-73.125;-80.8857;7.504431356548425;5.522652193509615
-73.0;-81.8;7.504431356548425;5.522652193509615
-72.75;-81.8857;7.504431356548425;5.522652193509615
-72.625;-82.6571;7.504431356548425;5.522652193509615
-72.5;-82.3429;7.504431356548425;5.522652193509615
-72.25;-83.2;7.504431356548425;5.522652193509615
-72.25;-83.5143;7.504431356548425;5.522652193509615
-73.1875;-83.7143;7.504431356548425;5.522652193509615
-74.875;-84.1429;7.504431356548425;5.522652193509615
-76.1875;-84.0571;7.504431356548425;5.522652193509615
-76.875;-84.6857;7.504431356548425;5.522652193509615
-76.9375;-84.8286;7.504431356548425;5.522652193509615
-76.3125;-85.2;7.504431356548425;5.522652193509615
-75.4375;-86.0571;7.504431356548425;5.522652193509615
-75.1875;-86.3143;7.504431356548425;5.522652193509615
-76.125;-86.8286;7.504431356548425;5.522652193509615
-77.375;-87.1429;7.504431356548425;5.522652193509615
-78.125;-88.2571;7.504431356548425;5.522652193509615
-78.625;-88.6857;7.504431356548425;5.522652193509615
-79.25;-89.2571;7.504431356548425;5.522652193509615
-79.625;-88.2;7.504431356548425;5.522652193509615
-79.8125;-88.8;7.504431356548425;5.522652193509615
-79.8125;-90.1429;7.504431356548425;5.522652193509615
-79.8125;-90.4;7.504431356548425;5.522652193509615
-79.8125;-89.9429;7.504431356548425;5.522652193509615
-80.0;-90.7429;7.504431356548425;5.522652193509615
-80.5;-91.2857;7.504431356548425;5.522652193509615
-81.3125;-91.6571;7.504431356548425;5.522652193509615
-81.875;-91.0857;7.504431356548425;5.522652193509615
-81.9375;-91.6571;7.504431356548425;5.522652193509615
-81.875;-92.3714;7.504431356548425;5.522652193509615
-82.0;-92.4286;7.504431356548425;5.522652193509615
-82.5;-93.5714;7.504431356548425;5.522652193509615
-83.1875;-93.7143;7.504431356548425;5.522652193509615
-83.4375;-94.5429;7.504431356548425;5.522652193509615
-83.4375;-94.8;7.504431356548425;5.522652193509615
-83.3125;-95.3714;7.504431356548425;5.522652193509615
-83.0625;-95.5714;7.504431356548425;5.522652193509615
-83.0;-95.4857;7.504431356548425;5.522652193509615
-83.5;-96.2;7.504431356548425;5.522652193509615
-84.25;-96.7429;7.504431356548425;5.522652193509615
-85.1875;-96.7143;7.504431356548425;5.522652193509615
-86.6875;-97.1429;7.504431356548425;5.522652193509615
-87.9375;-97.2857;7.504431356548425;5.522652193509615
-88.1875;-97.4286;7.504431356548425;5.522652193509615
-88.0;-98.0;7.504431356548425;5.522652193509615
-87.75;-98.8;7.504431356548425;5.522652193509615
-87.3125;-99.1143;7.504431356548425;5.522652193509615
-86.875;-97.9143;7.504431356548425;5.522652193509615
-86.9375;-97.4571;7.504431356548425;5.522652193509615
-87.25;-98.8;7.504431356548425;5.522652193509615
-87.4375;-100.1714;7.504431356548425;5.522652193509615
-87.5625;-100.7143;7.504431356548425;5.522652193509615
-87.5625;-100.6571;7.504431356548425;5.522652193509615
-87.5625;-100.6286;7.504431356548425;5.522652193509615
-87.5625;-100.5714;7.504431356548425;5.522652193509615
-87.5;-101.1714;7.504431356548425;5.522652193509615
-87.5625;-102.3429;7.504431356548425;5.522652193509615
-88.3125;-102.9429;7.504431356548425;5.522652193509615
-89.625;-103.7429;7.504431356548425;5.522652193509615
-91.5;-103.4286;7.504431356548425;5.522652193509615
-93.5;-103.6857;7.504431356548425;5.522652193509615
-94.4375;-104.7714;7.504431356548425;5.522652193509615
-94.3125;-105.2286;7.504431356548425;5.522652193509615
-94.0625;-105.3429;7.504431356548425;5.522652193509615
-93.4375;-106.5714;7.504431356548425;5.522652193509615
-92.8125;-105.6571;7.504431356548425;5.522652193509615
-92.625;-105.6571;7.504431356548425;5.522652193509615
-92.625;-105.6286;7.504431356548425;5.522652193509615
-92.125;-106.0857;7.504431356548425;5.522652193509615
-91.5625;-106.3714;7.504431356548425;5.522652193509615
-91.875;-106.7429;7.504431356548425;5.522652193509615
-92.75;-105.4857;7.504431356548425;5.522652193509615
-93.625;-106.8857;7.504431356548425;5.522652193509615
-94.125;-107.5143;7.504431356548425;5.522652193509615
-93.9375;-109.7429;7.504431356548425;5.522652193509615
-93.9375;-109.7429;7.504431356548425;5.522652193509615
-94.375;-107.9714;7.504431356548425;5.522652193509615
-94.9375;-107.7429;7.504431356548425;5.522652193509615
-95.375;-108.7429;7.504431356548425;5.522652193509615
-96.125;-109.0857;7.504431356548425;5.522652193509615
-97.8125;-109.6;7.504431356548425;5.522652193509615
-99.5625;-109.5714;7.504431356548425;5.522652193509615
-100.625;-110.8;7.504431356548425;5.522652193509615
-101.0625;-111.7429;7.504431356548425;5.522652193509615
-101.0625;-111.6571;7.504431356548425;5.522652193509615
-101.0;-112.1429;7.504431356548425;5.522652193509615
-100.875;-110.3143;7.504431356548425;5.522652193509615
-100.25;-111.2;7.504431356548425;5.522652193509615
-99.1875;-111.0571;7.504431356548425;5.522652193509615
-98.25;-111.4857;7.504431356548425;5.522652193509615
-97.8125;-112.0;7.504431356548425;5.522652193509615
-98.375;-112.0571;7.504431356548425;5.522652193509615
-99.875;-112.5143;7.504431356548425;5.522652193509615
-101.5;-114.0571;7.504431356548425;5.522652193509615
-102.25;-114.3714;7.504431356548425;5.522652193509615
-101.5;-114.1714;7.504431356548425;5.522652193509615
-100.3125;-113.4;7.504431356548425;5.522652193509615
-99.625;-111.9143;7.504431356548425;5.522652193509615
-99.625;-113.0571;7.504431356548425;5.522652193509615
-100.25;-115.2;7.504431356548425;5.522652193509615
-101.4375;-116.7714;7.504431356548425;5.522652193509615
-102.5625;-117.0;7.504431356548425;5.522652193509615
-103.0625;-115.9714;7.504431356548425;5.522652193509615
-103.0625;-115.6286;7.504431356548425;5.522652193509615
-102.5;-117.3143;7.504431356548425;5.522652193509615
-101.875;-117.5429;7.504431356548425;5.522652193509615
-101.625;-116.7429;7.504431356548425;5.522652193509615
-101.5625;-117.7429;7.504431356548425;5.522652193509615
-102.3125;-117.0;7.504431356548425;5.522652193509615
-103.75;-116.8;7.504431356548425;5.522652193509615
-104.9375;-117.3143;7.504431356548425;5.522652193509615
-105.3125;-117.5714;7.504431356548425;5.522652193509615
-105.1875;-118.9429;7.504431356548425;5.522652193509615
-105.0;-119.2571;7.504431356548425;5.522652193509615
-104.9375;-118.6286;7.504431356548425;5.522652193509615
-104.9375;-118.0571;7.504431356548425;5.522652193509615
-104.9375;-118.4571;7.504431356548425;5.522652193509615
-104.9375;-120.0286;7.504431356548425;5.522652193509615
-104.9375;-118.6857;7.504431356548425;5.522652193509615
-104.6875;-119.5143;7.504431356548425;5.522652193509615
-103.875;-119.5143;7.504431356548425;5.522652193509615
-103.1875;-119.9429;7.504431356548425;5.522652193509615
-102.875;-120.1143;7.504431356548425;5.522652193509615
-102.75;-120.0;7.504431356548425;5.522652193509615
-103.375;-119.5143;7.504431356548425;5.522652193509615
-105.0625;-120.5429;7.504431356548425;5.522652193509615
-107.1875;-122.3143;7.504431356548425;5.522652193509615
-108.4375;-123.1429;7.504431356548425;5.522652193509615
-108.25;-124.0;7.504431356548425;5.522652193509615
-107.125;-122.8857;7.504431356548425;5.522652193509615
-105.8125;-121.6857;7.504431356548425;5.522652193509615
-104.75;-122.6571;7.504431356548425;5.522652193509615
-104.625;-122.1714;7.504431356548425;5.522652193509615
-105.4375;-122.3714;7.504431356548425;5.522652193509615
-106.0625;-122.7714;7.504431356548425;5.522652193509615
-106.4375;-122.5429;7.504431356548425;5.522652193509615
-106.625;-122.5429;7.504431356548425;5.522652193509615
-106.8125;-122.9429;7.504431356548425;5.522652193509615
-107.75;-123.4286;7.504431356548425;5.522652193509615
-108.625;-123.0;7.504431356548425;5.522652193509615
-109.125;-123.7429;7.504431356548425;5.522652193509615
-109.5625;-124.7143;7.504431356548425;5.522652193509615
-109.625;-124.1714;7.504431356548425;5.522652193509615
-109.0;-123.6571;7.504431356548425;5.522652193509615
-108.1875;-122.9714;7.504431356548425;5.522652193509615
-107.875;-123.8286;7.504431356548425;5.522652193509615
-108.125;-122.8571;7.504431356548425;5.522652193509615
-108.5;-123.0;7.504431356548425;5.522652193509615
-108.6875;-125.5714;7.504431356548425;5.522652193509615
-108.8125;-124.6571;7.504431356548425;5.522652193509615
-108.8125;-125.1429;7.504431356548425;5.522652193509615
-108.875;-125.9714;7.504431356548425;5.522652193509615
-109.4375;-125.5714;7.504431356548425;5.522652193509615
-110.625;-126.9143;7.504431356548425;5.522652193509615
-111.375;-126.1714;7.504431356548425;5.522652193509615
-111.3125;-126.7714;7.504431356548425;5.522652193509615
-110.9375;-127.9143;7.504431356548425;5.522652193509615
-110.75;-126.6;7.504431356548425;5.522652193509615
-111.625;-126.8571;7.504431356548425;5.522652193509615
-113.25;-127.8286;7.504431356548425;5.522652193509615
-114.0;-126.2286;7.504431356548425;5.522652193509615
-113.4375;-127.2571;7.504431356548425;5.522652193509615
-112.6875;-127.9143;7.504431356548425;5.522652193509615
-112.3125;-127.5714;7.504431356548425;5.522652193509615
-111.5625;-128.1143;7.504431356548425;5.522652193509615
-110.8125;-126.6857;7.504431356548425;5.522652193509615
-111.0;-126.5714;7.504431356548425;5.522652193509615
-111.6875;-129.0571;7.504431356548425;5.522652193509615
-111.9375;-129.8286;7.504431356548425;5.522652193509615
-111.6875;-129.8286;7.504431356548425;5.522652193509615
-111.625;-129.3429;7.504431356548425;5.522652193509615
-111.875;-130.2;7.504431356548425;5.522652193509615
-112.75;-128.6;7.504431356548425;5.522652193509615
-113.3125;-131.2;7.504431356548425;5.522652193509615
-112.9375;-130.4;7.504431356548425;5.522652193509615
-112.125;-130.1714;7.504431356548425;5.522652193509615
-111.4375;-128.9714;7.504431356548425;5.522652193509615
-111.0625;-129.0857;7.504431356548425;5.522652193509615
-111.125;-130.3429;7.504431356548425;5.522652193509615
-111.3125;-130.9143;7.504431356548425;5.522652193509615
-111.4375;-131.0857;7.504431356548425;5.522652193509615
-111.5625;-129.6571;7.504431356548425;5.522652193509615
-111.5625;-130.4571;7.504431356548425;5.522652193509615
-111.875;-130.1143;7.504431356548425;5.522652193509615
-112.3125;-131.6;7.504431356548425;5.522652193509615
-112.5625;-133.3429;7.504431356548425;5.522652193509615
-113.0625;-132.1429;7.504431356548425;5.522652193509615
-114.0625;-133.4;7.504431356548425;5.522652193509615
-114.8125;-133.8;7.504431356548425;5.522652193509615
-115.25;-132.5714;7.504431356548425;5.522652193509615
-116.0;-130.8;7.504431356548425;5.522652193509615
-116.25;-133.2;7.504431356548425;5.522652193509615
-115.5625;-133.0286;7.504431356548425;5.522652193509615
-114.875;-132.8571;7.504431356548425;5.522652193509615
-114.6875;-132.2;7.504431356548425;5.522652193509615
-115.3125;-133.8571;7.504431356548425;5.522652193509615
-116.875;-132.6571;7.504431356548425;5.522652193509615
-117.9375;-132.5429;7.504431356548425;5.522652193509615
-117.5;-134.3429;7.504431356548425;5.522652193509615
-116.5;-135.2571;7.504431356548425;5.522652193509615
-115.9375;-133.5714;7.504431356548425;5.522652193509615
-116.0625;-133.4857;7.504431356548425;5.522652193509615
-116.5;-134.3714;7.504431356548425;5.522652193509615
-117.0625;-132.8286;7.504431356548425;5.522652193509615
-118.1875;-134.5429;7.504431356548425;5.522652193509615
-119.5625;-134.4571;7.504431356548425;5.522652193509615
-120.625;-131.8571;7.504431356548425;5.522652193509615
-121.125;-135.5429;7.504431356548425;5.522652193509615
-121.0;-134.7429;7.504431356548425;5.522652193509615
-120.8125;-136.0571;7.504431356548425;5.522652193509615
-120.875;-135.4;7.504431356548425;5.522652193509615
-121.0;-135.4571;7.504431356548425;5.522652193509615
-121.125;-135.6571;7.504431356548425;5.522652193509615
-121.1875;-134.6857;7.504431356548425;5.522652193509615
-121.1875;-136.4571;7.504431356548425;5.522652193509615
-120.75;-135.7143;7.504431356548425;5.522652193509615
-119.875;-136.6857;7.504431356548425;5.522652193509615
-119.375;-136.6571;7.504431356548425;5.522652193509615
-118.75;-136.0286;7.504431356548425;5.522652193509615
-118.125;-134.7143;7.504431356548425;5.522652193509615
-118.5625;-135.5429;7.504431356548425;5.522652193509615
-119.5625;-136.8571;7.504431356548425;5.522652193509615
-120.0;-136.5714;7.504431356548425;5.522652193509615
-120.0;-138.6286;7.504431356548425;5.522652193509615
-120.25;-138.2;7.504431356548425;5.522652193509615
-120.8125;-138.2571;7.504431356548425;5.522652193509615
-120.875;-138.4286;7.504431356548425;5.522652193509615
-120.125;-138.5429;7.504431356548425;5.522652193509615
-119.4375;-137.8;7.504431356548425;5.522652193509615
-119.8125;-139.2;7.504431356548425;5.522652193509615
-121.5;-137.9143;7.504431356548425;5.522652193509615
-123.0;-139.4;7.504431356548425;5.522652193509615
-122.75;-137.7429;7.504431356548425;5.522652193509615
-121.6875;-137.9429;7.504431356548425;5.522652193509615
-121.125;-138.2;7.504431356548425;5.522652193509615
-121.1875;-137.3429;7.504431356548425;5.522652193509615
-122.0625;-137.2;7.504431356548425;5.522652193509615
-123.125;-138.5429;7.504431356548425;5.522652193509615
-123.5625;-137.9714;7.504431356548425;5.522652193509615
-123.3125;-138.0;7.504431356548425;5.522652193509615
-122.8125;-137.7714;7.504431356548425;5.522652193509615
-122.6875;-138.5714;7.504431356548425;5.522652193509615
-122.9375;-137.7429;7.504431356548425;5.522652193509615
-123.25;-136.8571;7.504431356548425;5.522652193509615
-123.4375;-135.6286;7.504431356548425;5.522652193509615
-123.5;-135.9429;7.504431356548425;5.522652193509615
-123.5;-135.2;7.504431356548425;5.522652193509615
-123.5;-135.1143;7.504431356548425;5.522652193509615
-123.375;-135.4;7.504431356548425;5.522652193509615
-122.875;-135.5714;7.504431356548425;5.522652193509615
-121.9375;-133.7429;7.504431356548425;5.522652193509615
-121.0;-135.3714;7.504431356548425;5.522652193509615
-120.5625;-133.4857;7.504431356548425;5.522652193509615
-120.25;-132.8286;7.504431356548425;5.522652193509615
-119.6875;-132.8571;7.504431356548425;5.522652193509615
-119.125;-133.2;7.504431356548425;5.522652193509615
-118.5;-131.8;7.504431356548425;5.522652193509615
-117.5625;-132.5429;7.504431356548425;5.522652193509615
-116.625;-131.3143;7.504431356548425;5.522652193509615
-116.5625;-129.9429;7.504431356548425;5.522652193509615
-117.25;-131.1143;7.504431356548425;5.522652193509615
-117.875;-131.7143;7.504431356548425;5.522652193509615
-118.1875;-130.6571;7.504431356548425;5.522652193509615
-118.3125;-130.2286;7.504431356548425;5.522652193509615
-118.75;-131.6;7.504431356548425;5.522652193509615
-118.8125;-130.8857;7.504431356548425;5.522652193509615
-117.25;-130.2857;7.504431356548425;5.522652193509615
-115.25;-130.3714;7.504431356548425;5.522652193509615
-113.5625;-129.8286;7.504431356548425;5.522652193509615
-112.0;-129.3714;7.504431356548425;5.522652193509615
-111.0625;-129.2571;7.504431356548425;5.522652193509615
-111.125;-129.6;7.504431356548425;5.522652193509615
-112.5625;-129.0286;7.504431356548425;5.522652193509615
-114.8125;-128.1714;7.504431356548425;5.522652193509615
-116.5625;-127.8571;7.504431356548425;5.522652193509615
-117.4375;-126.8571;7.504431356548425;5.522652193509615
-117.75;-128.0571;7.504431356548425;5.522652193509615
-117.6875;-128.2857;7.504431356548425;5.522652193509615
-117.5625;-127.0;7.504431356548425;5.522652193509615
-117.625;-126.1143;7.504431356548425;5.522652193509615
-117.0625;-125.4571;7.504431356548425;5.522652193509615
-114.5625;-125.6286;7.504431356548425;5.522652193509615
-111.25;-125.4857;7.504431356548425;5.522652193509615
-109.125;-126.5143;7.504431356548425;5.522652193509615
-108.3125;-126.0857;7.504431356548425;5.522652193509615
-108.75;-124.4857;7.504431356548425;5.522652193509615
-110.1875;-124.1143;7.504431356548425;5.522652193509615
-110.875;-123.2857;7.504431356548425;5.522652193509615
-110.4375;-122.0571;7.504431356548425;5.522652193509615
-109.9375;-122.2857;7.504431356548425;5.522652193509615
-109.25;-122.8;7.504431356548425;5.522652193509615
-108.3125;-123.1429;7.504431356548425;5.522652193509615
-107.3125;-121.9429;7.504431356548425;5.522652193509615
-106.75;-121.8571;7.504431356548425;5.522652193509615
-107.125;-120.5143;7.504431356548425;5.522652193509615
-108.0;-121.0571;7.504431356548425;5.522652193509615
-108.125;-119.8857;7.504431356548425;5.522652193509615
-107.875;-120.7143;7.504431356548425;5.522652193509615
-107.8125;-120.9714;7.504431356548425;5.522652193509615
-107.5625;-120.0857;7.504431356548425;5.522652193509615
-107.3125;-120.3714;7.504431356548425;5.522652193509615
-107.25;-120.6;7.504431356548425;5.522652193509615
-107.125;-119.6857;7.504431356548425;5.522652193509615
-106.8125;-119.8286;7.504431356548425;5.522652193509615
-106.0;-117.9143;7.504431356548425;5.522652193509615
-104.8125;-117.9714;7.504431356548425;5.522652193509615
-103.8125;-118.1143;7.504431356548425;5.522652193509615
-103.3125;-119.0857;7.504431356548425;5.522652193509615
-103.1875;-118.6857;7.504431356548425;5.522652193509615
-103.1875;-117.9429;7.504431356548425;5.522652193509615
-103.25;-116.6571;7.504431356548425;5.522652193509615
-103.4375;-116.6857;7.504431356548425;5.522652193509615
-103.9375;-116.5143;7.504431356548425;5.522652193509615
-105.0625;-114.8571;7.504431356548425;5.522652193509615
-106.375;-117.5714;7.504431356548425;5.522652193509615
-106.625;-117.6857;7.504431356548425;5.522652193509615
-105.875;-116.2286;7.504431356548425;5.522652193509615
-105.0;-115.4;7.504431356548425;5.522652193509615
-104.25;-115.1143;7.504431356548425;5.522652193509615
-103.75;-114.9714;7.504431356548425;5.522652193509615
-103.3125;-116.5714;7.504431356548425;5.522652193509615
-102.9375;-116.2571;7.504431356548425;5.522652193509615
-103.0625;-115.2;7.504431356548425;5.522652193509615
-103.875;-115.0857;7.504431356548425;5.522652193509615
-104.5625;-114.8857;7.504431356548425;5.522652193509615
-104.75;-113.5143;7.504431356548425;5.522652193509615
-104.5;-113.0286;7.504431356548425;5.522652193509615
-103.5;-113.8857;7.504431356548425;5.522652193509615
-102.0;-112.9429;7.504431356548425;5.522652193509615
-100.6875;-112.0286;7.504431356548425;5.522652193509615
-100.0625;-110.6571;7.504431356548425;5.522652193509615
-100.125;-110.1429;7.504431356548425;5.522652193509615
-100.4375;-111.8857;7.504431356548425;5.522652193509615
-100.625;-110.8;7.504431356548425;5.522652193509615
-100.5;-111.3143;7.504431356548425;5.522652193509615
-100.1875;-112.1714;7.504431356548425;5.522652193509615
-99.3125;-111.1429;7.504431356548425;5.522652193509615
-97.9375;-111.5714;7.504431356548425;5.522652193509615
-96.8125;-111.0;7.504431356548425;5.522652193509615
-96.1875;-110.5714;7.504431356548425;5.522652193509615
-96.0;-109.1429;7.504431356548425;5.522652193509615
-96.0;-108.7429;7.504431356548425;5.522652193509615
-96.125;-108.9429;7.504431356548425;5.522652193509615
-96.3125;-109.6;7.504431356548425;5.522652193509615
-97.0;-109.0857;7.504431356548425;5.522652193509615
-97.875;-108.2571;7.504431356548425;5.522652193509615
-98.75;-108.1143;7.504431356548425;5.522652193509615
-99.6875;-107.9714;7.504431356548425;5.522652193509615
-100.3125;-107.2857;7.504431356548425;5.522652193509615
-100.4375;-106.6286;7.504431356548425;5.522652193509615
-99.9375;-107.4571;7.504431356548425;5.522652193509615
-98.6875;-107.7714;7.504431356548425;5.522652193509615
-97.5625;-106.1143;7.504431356548425;5.522652193509615
-96.6875;-106.5714;7.504431356548425;5.522652193509615
-96.0625;-105.8857;7.504431356548425;5.522652193509615
-96.25;-106.6;7.504431356548425;5.522652193509615
-96.875;-107.4571;7.504431356548425;5.522652193509615
-97.0625;-107.7429;7.504431356548425;5.522652193509615
-96.75;-107.2;7.504431356548425;5.522652193509615
-96.0625;-105.0571;7.504431356548425;5.522652193509615
-95.125;-104.3143;7.504431356548425;5.522652193509615
-93.75;-105.2857;7.504431356548425;5.522652193509615
-92.5;-105.1429;7.504431356548425;5.522652193509615
-92.4375;-104.8286;7.504431356548425;5.522652193509615
-93.75;-105.3714;7.504431356548425;5.522652193509615
-95.125;-105.4857;7.504431356548425;5.522652193509615
-95.5;-105.5429;7.504431356548425;5.522652193509615
-94.5625;-104.7429;7.504431356548425;5.522652193509615
-92.75;-104.4857;7.504431356548425;5.522652193509615
-90.9375;-104.2571;7.504431356548425;5.522652193509615
-89.8125;-102.4;7.504431356548425;5.522652193509615
-89.375;-103.3143;7.504431356548425;5.522652193509615
-89.3125;-103.4857;7.504431356548425;5.522652193509615
-89.375;-102.8286;7.504431356548425;5.522652193509615
-89.5;-102.6;7.504431356548425;5.522652193509615
-90.0;-101.4;7.504431356548425;5.522652193509615
-90.9375;-102.7429;7.504431356548425;5.522652193509615
-91.6875;-102.0286;7.504431356548425;5.522652193509615
-92.375;-101.8;7.504431356548425;5.522652193509615
-93.125;-102.9143;7.504431356548425;5.522652193509615
-93.5625;-102.5143;7.504431356548425;5.522652193509615
-93.5;-99.8571;7.504431356548425;5.522652193509615
-93.0625;-101.4;7.504431356548425;5.522652193509615
-92.125;-100.2571;7.504431356548425;5.522652193509615
-90.875;-100.2;7.504431356548425;5.522652193509615
-90.375;-100.2286;7.504431356548425;5.522652193509615
-90.3125;-99.2857;7.504431356548425;5.522652193509615
-90.1875;-99.9714;7.504431356548425;5.522652193509615
-90.3125;-100.1143;7.504431356548425;5.522652193509615
-90.4375;-98.4;7.504431356548425;5.522652193509615
-90.125;-99.1143;7.504431356548425;5.522652193509615
-89.75;-99.9714;7.504431356548425;5.522652193509615
-89.1875;-100.0857;7.504431356548425;5.522652193509615
-88.5625;-99.6857;7.504431356548425;5.522652193509615
-88.0;-98.4286;7.504431356548425;5.522652193509615
-87.6875;-98.0571;7.504431356548425;5.522652193509615
-87.375;-98.3429;7.504431356548425;5.522652193509615
-87.25;-97.5429;7.504431356548425;5.522652193509615
-87.5625;-97.7143;7.504431356548425;5.522652193509615
-88.3125;-96.8286;7.504431356548425;5.522652193509615
-89.25;-96.8286;7.504431356548425;5.522652193509615
-90.0625;-96.4286;7.504431356548425;5.522652193509615
-90.5;-96.6;7.504431356548425;5.522652193509615
-90.6875;-97.0;7.504431356548425;5.522652193509615
-90.6875;-96.4857;7.504431356548425;5.522652193509615
-90.625;-96.8;7.504431356548425;5.522652193509615
-90.5625;-95.4857;7.504431356548425;5.522652193509615
-90.375;-94.4571;7.504431356548425;5.522652193509615
-89.9375;-94.5429;7.504431356548425;5.522652193509615
-89.4375;-94.1714;7.504431356548425;5.522652193509615
-88.375;-95.1429;7.504431356548425;5.522652193509615
-86.5;-94.6857;7.504431356548425;5.522652193509615
-84.8125;-95.1714;7.504431356548425;5.522652193509615
-83.875;-94.6571;7.504431356548425;5.522652193509615
-83.8125;-94.4286;7.504431356548425;5.522652193509615
-84.6875;-95.3429;7.504431356548425;5.522652193509615
-86.0625;-94.1429;7.504431356548425;5.522652193509615
-86.5625;-93.8;7.504431356548425;5.522652193509615
-86.3125;-94.2571;7.504431356548425;5.522652193509615
-85.6875;-94.4;7.504431356548425;5.522652193509615
-84.75;-94.1714;7.504431356548425;5.522652193509615
-83.5625;-93.1714;7.504431356548425;5.522652193509615
-82.8125;-92.2857;7.504431356548425;5.522652193509615
-82.4375;-91.5429;7.504431356548425;5.522652193509615
-82.25;-92.3143;7.504431356548425;5.522652193509615
-82.3125;-92.8286;7.504431356548425;5.522652193509615
-82.8125;-92.6857;7.504431356548425;5.522652193509615
-83.625;-91.5714;7.504431356548425;5.522652193509615
-84.4375;-92.4857;7.504431356548425;5.522652193509615
-84.6875;-92.0;7.504431356548425;5.522652193509615
-84.625;-91.6571;7.504431356548425;5.522652193509615
-84.3125;-91.6;7.504431356548425;5.522652193509615
-83.5;-91.0571;7.504431356548425;5.522652193509615
-82.375;-91.3429;7.504431356548425;5.522652193509615
-81.375;-91.2857;7.504431356548425;5.522652193509615
-80.875;-91.0;7.504431356548425;5.522652193509615
-80.6875;-91.5429;7.504431356548425;5.522652193509615
-80.6875;-90.2;7.504431356548425;5.522652193509615
-80.75;-89.6857;7.504431356548425;5.522652193509615
-81.0625;-90.0286;7.504431356548425;5.522652193509615
-81.875;-90.0857;7.504431356548425;5.522652193509615
-82.6875;-89.8286;7.504431356548425;5.522652193509615
-82.625;-88.7714;7.504431356548425;5.522652193509615
-81.625;-89.0;7.504431356548425;5.522652193509615
-80.625;-89.4857;7.504431356548425;5.522652193509615
-80.5625;-89.1429;7.504431356548425;5.522652193509615
-81.3125;-88.7429;7.504431356548425;5.522652193509615
-82.0625;-89.0286;7.504431356548425;5.522652193509615
-82.625;-88.9143;7.504431356548425;5.522652193509615
-82.9375;-89.1143;7.504431356548425;5.522652193509615
-82.875;-88.1714;7.504431356548425;5.522652193509615
-82.25;-88.6;7.504431356548425;5.522652193509615
-81.375;-87.7714;7.504431356548425;5.522652193509615
-81.0;-87.4286;7.504431356548425;5.522652193509615
-81.5;-86.7429;7.504431356548425;5.522652193509615
-82.3125;-87.1714;7.504431356548425;5.522652193509615
-82.6875;-87.0571;7.504431356548425;5.522652193509615
-82.3125;-87.6;7.504431356548425;5.522652193509615
-81.75;-87.2857;7.504431356548425;5.522652193509615
-81.0625;-86.2286;7.504431356548425;5.522652193509615
-80.375;-86.2571;7.504431356548425;5.522652193509615
-80.1875;-85.6857;7.504431356548425;5.522652193509615
-80.375;-85.0857;7.504431356548425;5.522652193509615
-80.375;-85.6571;7.504431356548425;5.522652193509615
-79.6875;-86.6;7.504431356548425;5.522652193509615
-78.6875;-86.3714;7.504431356548425;5.522652193509615
-77.6875;-86.8857;7.504431356548425;5.522652193509615
-77.125;-86.6286;7.504431356548425;5.522652193509615
-76.9375;-85.9429;7.504431356548425;5.522652193509615
-76.9375;-86.0857;7.504431356548425;5.522652193509615
-77.0;-85.1143;7.504431356548425;5.522652193509615
-76.9375;-84.6;7.504431356548425;5.522652193509615
-76.875;-84.6286;7.504431356548425;5.522652193509615
-77.4375;-84.1143;7.504431356548425;5.522652193509615
-78.375;-84.8286;7.504431356548425;5.522652193509615
-79.125;-83.9714;7.504431356548425;5.522652193509615
-78.8125;-84.8571;7.504431356548425;5.522652193509615
-77.6875;-84.4;7.504431356548425;5.522652193509615
-77.0;-84.3429;7.504431356548425;5.522652193509615
-77.1875;-84.4286;7.504431356548425;5.522652193509615
-77.4375;-85.2571;7.504431356548425;5.522652193509615
-77.125;-83.8;7.504431356548425;5.522652193509615
-76.5625;-83.8571;7.504431356548425;5.522652193509615
-76.0625;-82.0286;7.504431356548425;5.522652193509615
-75.5625;-82.6857;7.504431356548425;5.522652193509615
-75.25;-83.4286;7.504431356548425;5.522652193509615
-75.3125;-83.3714;7.504431356548425;5.522652193509615
-75.375;-83.2286;7.504431356548425;5.522652193509615
-75.3125;-82.9714;7.504431356548425;5.522652193509615
-75.0625;-82.1143;7.504431356548425;5.522652193509615
-74.75;-81.3143;7.504431356548425;5.522652193509615
-74.3125;-82.2286;7.504431356548425;5.522652193509615
-73.875;-82.0857;7.504431356548425;5.522652193509615
-73.8125;-81.6857;7.504431356548425;5.522652193509615
-74.1875;-81.4;7.504431356548425;5.522652193509615
-74.5;-81.6857;7.504431356548425;5.522652193509615
-74.9375;-81.1714;7.504431356548425;5.522652193509615
-75.6875;-80.3714;7.504431356548425;5.522652193509615
-76.5;-80.6857;7.504431356548425;5.522652193509615
-77.0625;-80.7714;7.504431356548425;5.522652193509615
-77.25;-80.7429;7.504431356548425;5.522652193509615
-77.3125;-80.0571;7.504431356548425;5.522652193509615
-77.25;-79.7714;7.504431356548425;5.522652193509615
-77.125;-79.3714;7.504431356548425;5.522652193509615
-76.5;-78.9714;7.504431356548425;5.522652193509615
-75.125;-79.2857;7.504431356548425;5.522652193509615
-73.3125;-80.3714;7.504431356548425;5.522652193509615
-72.0;-79.4571;7.504431356548425;5.522652193509615
-71.9375;-79.3143;7.504431356548425;5.522652193509615
-72.5625;-78.9714;7.504431356548425;5.522652193509615
-73.6875;-79.6286;7.504431356548425;5.522652193509615
-74.375;-79.0571;7.504431356548425;5.522652193509615
-73.6875;-78.4286;7.504431356548425;5.522652193509615
-72.6875;-78.2286;7.504431356548425;5.522652193509615
-72.25;-78.7429;7.504431356548425;5.522652193509615
-72.625;-78.1429;7.504431356548425;5.522652193509615
-73.0625;-78.3143;7.504431356548425;5.522652193509615
-73.0625;-78.2571;7.504431356548425;5.522652193509615
-73.0625;-76.5429;7.504431356548425;5.522652193509615
-73.0625;-76.5714;7.504431356548425;5.522652193509615
-72.875;-77.5714;7.504431356548425;5.522652193509615
-72.0625;-76.7143;7.504431356548425;5.522652193509615
-71.3125;-77.0286;7.504431356548425;5.522652193509615
-71.625;-77.3429;7.504431356548425;5.522652193509615
-72.4375;-77.3143;7.504431356548425;5.522652193509615
-72.6875;-76.8286;7.504431356548425;5.522652193509615
-72.1875;-76.3429;7.504431356548425;5.522652193509615
-71.25;-76.1429;7.504431356548425;5.522652193509615
-70.4375;-76.6571;7.504431356548425;5.522652193509615
-70.3125;-76.8286;7.504431356548425;5.522652193509615
-70.5625;-76.4571;7.504431356548425;5.522652193509615
-70.8125;-76.0571;7.504431356548425;5.522652193509615
-71.0;-75.8571;7.504431356548425;5.522652193509615
-71.0625;-75.9429;7.504431356548425;5.522652193509615
-71.0625;-75.1143;7.504431356548425;5.522652193509615
-71.0625;-75.2857;7.504431356548425;5.522652193509615
-71.0;-75.2286;7.504431356548425;5.522652193509615
-70.8125;-75.5429;7.504431356548425;5.522652193509615
-70.375;-74.8571;7.504431356548425;5.522652193509615
-70.125;-74.4571;7.504431356548425;5.522652193509615
-70.1875;-74.0286;7.504431356548425;5.522652193509615
-69.9375;-73.9143;7.504431356548425;5.522652193509615
-69.25;-74.3429;7.504431356548425;5.522652193509615
-68.6875;-73.3714;7.504431356548425;5.522652193509615
-67.9375;-73.1714;7.504431356548425;5.522652193509615
-67.6875;-73.5714;7.504431356548425;5.522652193509615
-68.5;-73.4;7.504431356548425;5.522652193509615
-69.75;-73.0286;7.504431356548425;5.522652193509615
-70.8125;-72.2286;7.504431356548425;5.522652193509615
-71.1875;-72.7714;7.504431356548425;5.522652193509615
-70.625;-73.2571;7.504431356548425;5.522652193509615
-69.5625;-73.1143;7.504431356548425;5.522652193509615
-68.375;-72.4286;7.504431356548425;5.522652193509615
-67.3125;-72.1143;7.504431356548425;5.522652193509615
-66.8125;-71.4;7.504431356548425;5.522652193509615
-67.0;-71.5714;7.504431356548425;5.522652193509615
-67.3125;-72.0571;7.504431356548425;5.522652193509615
-67.5;-72.0;7.504431356548425;5.522652193509615
-67.3125;-71.4286;7.504431356548425;5.522652193509615
-67.0;-71.7429;7.504431356548425;5.522652193509615
-67.25;-71.5714;7.504431356548425;5.522652193509615
-67.5625;-71.5429;7.504431356548425;5.522652193509615
-67.5;-71.6286;7.504431356548425;5.522652193509615
-67.375;-71.4286;7.504431356548425;5.522652193509615
-67.25;-70.7714;7.504431356548425;5.522652193509615
-67.125;-70.8857;7.504431356548425;5.522652193509615
-67.125;-70.4857;7.504431356548425;5.522652193509615
-66.8125;-70.1143;7.504431356548425;5.522652193509615
-66.0;-70.0857;7.504431356548425;5.522652193509615
-65.0;-70.7429;7.504431356548425;5.522652193509615
-64.5625;-70.2;7.504431356548425;5.522652193509615
-64.875;-70.1429;7.504431356548425;5.522652193509615
-65.3125;-70.1143;7.504431356548425;5.522652193509615
-65.4375;-70.0;7.504431356548425;5.522652193509615
-65.125;-69.3143;7.504431356548425;5.522652193509615
-64.4375;-69.2571;7.504431356548425;5.522652193509615
-64.0;-69.3429;7.504431356548425;5.522652193509615
-64.0625;-69.2857;7.504431356548425;5.522652193509615
-64.0;-68.8286;7.504431356548425;5.522652193509615
-63.875;-69.1143;7.504431356548425;5.522652193509615
-64.3125;-69.2857;7.504431356548425;5.522652193509615
-64.875;-69.0857;7.504431356548425;5.522652193509615
-65.0;-68.2571;7.504431356548425;5.522652193509615
-64.875;-68.2;7.504431356548425;5.522652193509615
-64.8125;-68.0571;7.504431356548425;5.522652193509615
-64.75;-67.9714;7.504431356548425;5.522652193509615
-64.4375;-68.1143;7.504431356548425;5.522652193509615
-63.75;-68.9143;7.504431356548425;5.522652193509615
-63.375;-68.7714;7.504431356548425;5.522652193509615
-63.375;-67.7714;7.504431356548425;5.522652193509615
-63.0625;-67.6857;7.504431356548425;5.522652193509615
-62.1875;-67.7143;7.504431356548425;5.522652193509615
-61.8125;-66.7714;7.504431356548425;5.522652193509615
-62.3125;-66.7714;7.504431356548425;5.522652193509615
-63.25;-67.2571;7.504431356548425;5.522652193509615
-63.875;-66.7143;7.504431356548425;5.522652193509615
-64.1875;-66.8857;7.504431356548425;5.522652193509615
-64.3125;-66.8286;7.504431356548425;5.522652193509615
-64.25;-66.8286;7.504431356548425;5.522652193509615
-63.875;-66.4286;7.504431356548425;5.522652193509615
-62.8125;-66.5714;7.504431356548425;5.522652193509615
-61.625;-66.5714;7.504431356548425;5.522652193509615
-61.1875;-66.3143;7.504431356548425;5.522652193509615
-61.4375;-65.9143;7.504431356548425;5.522652193509615
-61.625;-65.5429;7.504431356548425;5.522652193509615
-61.5;-65.6;7.504431356548425;5.522652193509615
-61.1875;-65.4857;7.504431356548425;5.522652193509615
-60.75;-65.6857;7.504431356548425;5.522652193509615
-60.4375;-65.3429;7.504431356548425;5.522652193509615
-60.625;-65.0857;7.504431356548425;5.522652193509615
-61.3125;-65.4571;7.504431356548425;5.522652193509615
-61.75;-64.8857;7.504431356548425;5.522652193509615
-61.5625;-64.3429;7.504431356548425;5.522652193509615
-61.25;-65.0;7.504431356548425;5.522652193509615
-60.8125;-65.2;7.504431356548425;5.522652193509615
-59.8125;-64.4;7.504431356548425;5.522652193509615
-58.9375;-64.0286;7.504431356548425;5.522652193509615
-58.8125;-64.0571;7.504431356548425;5.522652193509615
-59.375;-64.0857;7.504431356548425;5.522652193509615
-60.3125;-64.6;7.504431356548425;5.522652193509615
-60.875;-64.0286;7.504431356548425;5.522652193509615
-61.125;-63.6857;7.504431356548425;5.522652193509615
-61.25;-63.3714;7.504431356548425;5.522652193509615
-60.875;-62.5143;7.504431356548425;5.522652193509615
-60.375;-62.4857;7.504431356548425;5.522652193509615
-60.125;-63.1429;7.504431356548425;5.522652193509615
-60.25;-63.0857;7.504431356548425;5.522652193509615
-60.4375;-63.0;7.504431356548425;5.522652193509615
-60.5625;-63.3143;7.504431356548425;5.522652193509615
-60.625;-62.7429;7.504431356548425;5.522652193509615
-60.625;-62.2286;7.504431356548425;5.522652193509615
-60.5625;-62.4571;7.504431356548425;5.522652193509615
-60.25;-61.9429;7.504431356548425;5.522652193509615
-59.5;-62.2857;7.504431356548425;5.522652193509615
-58.4375;-62.3143;7.504431356548425;5.522652193509615
-57.25;-62.0286;7.504431356548425;5.522652193509615
-56.4375;-62.4571;7.504431356548425;5.522652193509615
-56.5;-62.2857;7.504431356548425;5.522652193509615
-57.375;-61.6286;7.504431356548425;5.522652193509615
-58.25;-61.8;7.504431356548425;5.522652193509615
-58.875;-61.6857;7.504431356548425;5.522652193509615
-59.3125;-61.2286;7.504431356548425;5.522652193509615
-59.125;-61.6571;7.504431356548425;5.522652193509615
-58.125;-61.0571;7.504431356548425;5.522652193509615
-57.0625;-61.0;7.504431356548425;5.522652193509615
-56.8125;-61.3143;7.504431356548425;5.522652193509615
-57.1875;-60.8857;7.504431356548425;5.522652193509615
-58.0625;-61.1429;7.504431356548425;5.522652193509615
-58.875;-61.4286;7.504431356548425;5.522652193509615
-59.125;-60.9143;7.504431356548425;5.522652193509615
-58.9375;-61.0286;7.504431356548425;5.522652193509615
-58.5625;-60.9429;7.504431356548425;5.522652193509615
-57.5625;-60.4286;7.504431356548425;5.522652193509615
-56.0625;-60.2857;7.504431356548425;5.522652193509615
-55.0;-60.1429;7.504431356548425;5.522652193509615
-54.875;-59.7429;7.504431356548425;5.522652193509615
-55.0;-59.7143;7.504431356548425;5.522652193509615
-55.0;-58.8;7.504431356548425;5.522652193509615
-54.9375;-59.0571;7.504431356548425;5.522652193509615
-54.9375;-59.1429;7.504431356548425;5.522652193509615
-54.9375;-59.1429;7.504431356548425;5.522652193509615
-54.9375;-59.2571;7.504431356548425;5.522652193509615
-54.9375;-59.2857;7.504431356548425;5.522652193509615
-54.9375;-59.2286;7.504431356548425;5.522652193509615
-54.875;-59.1429;7.504431356548425;5.522652193509615
-55.0625;-58.9143;7.504431356548425;5.522652193509615
-55.6875;-58.8857;7.504431356548425;5.522652193509615
-56.3125;-59.0857;7.504431356548425;5.522652193509615
-56.5;-58.3429;7.504431356548425;5.522652193509615
-56.125;-58.4857;7.504431356548425;5.522652193509615
-55.4375;-58.4286;7.504431356548425;5.522652193509615
-54.9375;-58.6571;7.504431356548425;5.522652193509615
-54.8125;-58.2571;7.504431356548425;5.522652193509615
-54.8125;-57.6286;7.504431356548425;5.522652193509615
-54.5625;-58.2286;7.504431356548425;5.522652193509615
-54.4375;-57.9143;7.504431356548425;5.522652193509615
-54.6875;-57.7143;7.504431356548425;5.522652193509615
-55.0625;-57.9429;7.504431356548425;5.522652193509615
-55.125;-57.7714;7.504431356548425;5.522652193509615
-54.75;-57.8286;7.504431356548425;5.522652193509615
-54.375;-57.4286;7.504431356548425;5.522652193509615
-54.25;-57.0571;7.504431356548425;5.522652193509615
-54.25;-57.0571;7.504431356548425;5.522652193509615
-54.0625;-56.4286;7.504431356548425;5.522652193509615
-53.8125;-57.0571;7.504431356548425;5.522652193509615
-53.6875;-56.8857;7.504431356548425;5.522652193509615
-53.6875;-56.9714;7.504431356548425;5.522652193509615
-53.6875;-57.0;7.504431356548425;5.522652193509615
-53.6875;-56.6857;7.504431356548425;5.522652193509615
-53.75;-56.7714;7.504431356548425;5.522652193509615
-53.8125;-56.2;7.504431356548425;5.522652193509615
-53.9375;-56.1429;7.504431356548425;5.522652193509615
-53.9375;-55.9429;7.504431356548425;5.522652193509615
-54.0;-55.8571;7.504431356548425;5.522652193509615
-54.0;-56.0857;7.504431356548425;5.522652193509615
-53.9375;-56.0857;7.504431356548425;5.522652193509615
-53.625;-56.0857;7.504431356548425;5.522652193509615
-52.75;-55.6286;7.504431356548425;5.522652193509615
-51.625;-55.5429;7.504431356548425;5.522652193509615
-50.6875;-55.6857;7.504431356548425;5.522652193509615
-50.5;-55.4571;7.504431356548425;5.522652193509615
-51.125;-55.4571;7.504431356548425;5.522652193509615
-52.0625;-55.2286;7.504431356548425;5.522652193509615
-52.9375;-55.2;7.504431356548425;5.522652193509615
-53.375;-55.0571;7.504431356548425;5.522652193509615
-53.1875;-55.1714;7.504431356548425;5.522652193509615
-52.625;-54.9143;7.504431356548425;5.522652193509615
-52.0625;-54.5714;7.504431356548425;5.522652193509615
-51.6875;-54.7143;7.504431356548425;5.522652193509615
-51.375;-54.1429;7.504431356548425;5.522652193509615
-51.125;-54.3143;7.504431356548425;5.522652193509615
-51.25;-54.2571;7.504431356548425;5.522652193509615
-51.5;-54.3429;7.504431356548425;5.522652193509615
-51.625;-54.3143;7.504431356548425;5.522652193509615
-51.4375;-53.9714;7.504431356548425;5.522652193509615
-50.625;-53.9429;7.504431356548425;5.522652193509615
-49.625;-53.5143;7.504431356548425;5.522652193509615
-49.0625;-53.6;7.504431356548425;5.522652193509615
-49.4375;-53.3714;7.504431356548425;5.522652193509615
-50.6875;-53.5429;7.504431356548425;5.522652193509615
-52.0625;-53.2;7.504431356548425;5.522652193509615
-53.1875;-52.9143;7.504431356548425;5.522652193509615
-54.0625;-53.1714;7.504431356548425;5.522652193509615
-54.4375;-52.4571;7.504431356548425;5.522652193509615
-54.5625;-52.6857;7.504431356548425;5.522652193509615
-54.5625;-52.7429;7.504431356548425;5.522652193509615
-54.5;-52.6286;7.504431356548425;5.522652193509615
-53.9375;-52.5714;7.504431356548425;5.522652193509615
-52.5;-52.4;7.504431356548425;5.522652193509615
-50.875;-52.4;7.504431356548425;5.522652193509615
-49.875;-52.1714;7.504431356548425;5.522652193509615
-49.1875;-52.2571;7.504431356548425;5.522652193509615
-49.0;-52.1714;7.504431356548425;5.522652193509615
-49.25;-51.9714;7.504431356548425;5.522652193509615
-49.375;-51.8857;7.504431356548425;5.522652193509615
-48.9375;-52.0857;7.504431356548425;5.522652193509615
-48.5;-51.6286;7.504431356548425;5.522652193509615
-48.6875;-51.8;7.504431356548425;5.522652193509615
-49.3125;-51.6857;7.504431356548425;5.522652193509615
-50.0;-51.6;7.504431356548425;5.522652193509615
-50.5625;-51.6857;7.504431356548425;5.522652193509615
-50.5625;-51.2857;7.504431356548425;5.522652193509615
-50.0625;-51.3714;7.504431356548425;5.522652193509615
-49.3125;-51.3429;7.504431356548425;5.522652193509615
-48.6875;-51.1429;7.504431356548425;5.522652193509615
-48.25;-50.9714;7.504431356548425;5.522652193509615
-48.25;-50.5429;7.504431356548425;5.522652193509615
-48.6875;-50.3429;7.504431356548425;5.522652193509615
-48.9375;-50.7143;7.504431356548425;5.522652193509615
-48.3125;-50.6571;7.504431356548425;5.522652193509615
-47.5625;-50.7714;7.504431356548425;5.522652193509615
-47.25;-50.5429;7.504431356548425;5.522652193509615
-47.25;-50.2857;7.504431356548425;5.522652193509615
-47.8125;-50.0;7.504431356548425;5.522652193509615
-48.6875;-50.1143;7.504431356548425;5.522652193509615
-49.375;-49.8571;7.504431356548425;5.522652193509615
-49.6875;-49.5429;7.504431356548425;5.522652193509615
-49.75;-49.6857;7.504431356548425;5.522652193509615
-49.6875;-49.7714;7.504431356548425;5.522652193509615
-49.4375;-49.7429;7.504431356548425;5.522652193509615
-48.9375;-49.5429;7.504431356548425;5.522652193509615
-48.25;-49.4571;7.504431356548425;5.522652193509615
-47.3125;-49.2857;7.504431356548425;5.522652193509615
-46.125;-49.3143;7.504431356548425;5.522652193509615
-45.3125;-49.0;7.504431356548425;5.522652193509615
-45.1875;-49.1714;7.504431356548425;5.522652193509615
-45.8125;-49.1143;7.504431356548425;5.522652193509615
-46.6875;-49.1714;7.504431356548425;5.522652193509615
-47.25;-49.0;7.504431356548425;5.522652193509615
-47.3125;-49.0857;7.504431356548425;5.522652193509615
-47.5;-48.7429;7.504431356548425;5.522652193509615
-48.0;-48.4571;7.504431356548425;5.522652193509615
-48.4375;-48.3714;7.504431356548425;5.522652193509615
-48.3125;-48.4;7.504431356548425;5.522652193509615
-47.5;-48.2571;7.504431356548425;5.522652193509615
-46.5;-48.3714;7.504431356548425;5.522652193509615
-45.75;-48.0571;7.504431356548425;5.522652193509615
-45.3125;-47.9429;7.504431356548425;5.522652193509615
-45.3125;-47.8286;7.504431356548425;5.522652193509615
-45.75;-47.7429;7.504431356548425;5.522652193509615
-46.25;-48.0;7.504431356548425;5.522652193509615
-46.5625;-47.8;7.504431356548425;5.522652193509615
-46.4375;-47.6857;7.504431356548425;5.522652193509615
-45.875;-47.8857;7.504431356548425;5.522652193509615
-45.0;-47.4571;7.504431356548425;5.522652193509615
-44.3125;-47.3714;7.504431356548425;5.522652193509615
-44.0;-47.1714;7.504431356548425;5.522652193509615
-43.875;-47.0571;7.504431356548425;5.522652193509615
-43.9375;-46.6571;7.504431356548425;5.522652193509615
-43.9375;-46.6;7.504431356548425;5.522652193509615
-44.0;-46.4857;7.504431356548425;5.522652193509615
-44.0625;-46.8286;7.504431356548425;5.522652193509615
-44.0625;-46.7143;7.504431356548425;5.522652193509615
-43.9375;-46.8286;7.504431356548425;5.522652193509615
-44.1875;-46.9143;7.504431356548425;5.522652193509615
-44.9375;-46.8;7.504431356548425;5.522652193509615
-45.25;-46.3429;7.504431356548425;5.522652193509615
-44.625;-46.4286;7.504431356548425;5.522652193509615
-43.6875;-46.2857;7.504431356548425;5.522652193509615
-43.1875;-46.2;7.504431356548425;5.522652193509615
-43.0625;-45.9143;7.504431356548425;5.522652193509615
-43.0625;-46.0571;7.504431356548425;5.522652193509615
-43.375;-45.7429;7.504431356548425;5.522652193509615
-43.6875;-45.4;7.504431356548425;5.522652193509615
-43.75;-45.4571;7.504431356548425;5.522652193509615
-43.75;-45.6286;7.504431356548425;5.522652193509615
-43.75;-45.5143;7.504431356548425;5.522652193509615
-43.75;-45.2571;7.504431356548425;5.522652193509615
-43.3125;-45.2857;7.504431356548425;5.522652193509615
-42.75;-45.0571;7.504431356548425;5.522652193509615
-42.3125;-44.9429;7.504431356548425;5.522652193509615
-41.6875;-45.0;7.504431356548425;5.522652193509615
-41.375;-45.1429;7.504431356548425;5.522652193509615
-42.0;-44.8571;7.504431356548425;5.522652193509615
-42.8125;-44.8;7.504431356548425;5.522652193509615
-43.375;-44.6571;7.504431356548425;5.522652193509615
-43.6875;-44.5714;7.504431356548425;5.522652193509615
-43.8125;-44.3714;7.504431356548425;5.522652193509615
-43.75;-44.3429;7.504431356548425;5.522652193509615
-43.75;-44.5714;7.504431356548425;5.522652193509615
-43.6875;-44.4;7.504431356548425;5.522652193509615
-43.625;-44.2857;7.504431356548425;5.522652193509615
-43.625;-44.0286;7.504431356548425;5.522652193509615
-43.5;-44.0;7.504431356548425;5.522652193509615
-43.0;-44.2286;7.504431356548425;5.522652193509615
-42.5;-44.0;7.504431356548425;5.522652193509615
-42.0;-43.8;7.504431356548425;5.522652193509615
-41.4375;-43.4571;7.504431356548425;5.522652193509615
-41.0625;-43.4;7.504431356548425;5.522652193509615
-41.25;-43.6571;7.504431356548425;5.522652193509615
-41.5625;-43.6;7.504431356548425;5.522652193509615
-41.4375;-43.8857;7.504431356548425;5.522652193509615
-41.125;-43.9143;7.504431356548425;5.522652193509615
-40.75;-43.5143;7.504431356548425;5.522652193509615
-40.5625;-43.1714;7.504431356548425;5.522652193509615
-40.6875;-43.1429;7.504431356548425;5.522652193509615
-41.0625;-42.9143;7.504431356548425;5.522652193509615
-41.3125;-42.7429;7.504431356548425;5.522652193509615
-41.125;-42.8286;7.504431356548425;5.522652193509615
-40.875;-42.6857;7.504431356548425;5.522652193509615
-41.0;-42.6857;7.504431356548425;5.522652193509615
-41.5;-42.6;7.504431356548425;5.522652193509615
-42.25;-42.4286;7.504431356548425;5.522652193509615
-42.875;-42.5429;7.504431356548425;5.522652193509615
-42.8125;-42.5714;7.504431356548425;5.522652193509615
-41.75;-42.5143;7.504431356548425;5.522652193509615
-40.5625;-42.2857;7.504431356548425;5.522652193509615
-40.25;-42.2857;7.504431356548425;5.522652193509615
-40.375;-42.0857;7.504431356548425;5.522652193509615
-40.1875;-41.9143;7.504431356548425;5.522652193509615
-39.75;-41.7714;7.504431356548425;5.522652193509615
-39.375;-41.9143;7.504431356548425;5.522652193509615
-39.1875;-41.7143;7.504431356548425;5.522652193509615
-39.125;-41.7429;7.504431356548425;5.522652193509615
-39.1875;-41.7714;7.504431356548425;5.522652193509615
-39.3125;-41.6571;7.504431356548425;5.522652193509615
-39.625;-41.4857;7.504431356548425;5.522652193509615
-39.9375;-41.3429;7.504431356548425;5.522652193509615
-39.9375;-41.1429;7.504431356548425;5.522652193509615
-39.6875;-41.0571;7.504431356548425;5.522652193509615
-39.25;-41.1429;7.504431356548425;5.522652193509615
-38.6875;-41.0286;7.504431356548425;5.522652193509615
-38.4375;-40.9714;7.504431356548425;5.522652193509615
-38.75;-40.7143;7.504431356548425;5.522652193509615
-39.25;-40.6571;7.504431356548425;5.522652193509615
-39.5625;-40.5714;7.504431356548425;5.522652193509615
-39.5;-40.4857;7.504431356548425;5.522652193509615
-38.875;-40.3143;7.504431356548425;5.522652193509615
-38.375;-40.4;7.504431356548425;5.522652193509615
-38.5625;-40.2286;7.504431356548425;5.522652193509615
-38.875;-40.1714;7.504431356548425;5.522652193509615
-38.8125;-40.1143;7.504431356548425;5.522652193509615
-38.9375;-39.9429;7.504431356548425;5.522652193509615
-39.3125;-39.8571;7.504431356548425;5.522652193509615
-39.5;-39.6286;7.504431356548425;5.522652193509615
-39.4375;-39.4;7.504431356548425;5.522652193509615
-39.125;-39.4286;7.504431356548425;5.522652193509615
-38.5;-39.4571;7.504431356548425;5.522652193509615
-37.875;-39.3429;7.504431356548425;5.522652193509615
-37.5625;-39.4571;7.504431356548425;5.522652193509615
-37.625;-39.5714;7.504431356548425;5.522652193509615
-37.75;-39.4571;7.504431356548425;5.522652193509615
-37.5;-39.2;7.504431356548425;5.522652193509615
-37.25;-39.2;7.504431356548425;5.522652193509615
-37.125;-39.3143;7.504431356548425;5.522652193509615
-37.0625;-39.1143;7.504431356548425;5.522652193509615
-37.0625;-38.8571;7.504431356548425;5.522652193509615
-37.1875;-38.8286;7.504431356548425;5.522652193509615
-37.25;-38.6857;7.504431356548425;5.522652193509615
-36.75;-38.4286;7.504431356548425;5.522652193509615
-36.0;-38.5143;7.504431356548425;5.522652193509615
-35.625;-38.3429;7.504431356548425;5.522652193509615
-35.5625;-38.4857;7.504431356548425;5.522652193509615
-35.75;-38.3714;7.504431356548425;5.522652193509615
-36.0;-38.2857;7.504431356548425;5.522652193509615
-35.9375;-38.2;7.504431356548425;5.522652193509615
-35.5;-38.0571;7.504431356548425;5.522652193509615
-35.1875;-38.0;7.504431356548425;5.522652193509615
-35.375;-38.0286;7.504431356548425;5.522652193509615
-35.9375;-38.0;7.504431356548425;5.522652193509615
-36.375;-37.7429;7.504431356548425;5.522652193509615
-36.4375;-37.6857;7.504431356548425;5.522652193509615
-36.25;-37.5143;7.504431356548425;5.522652193509615
-36.0;-37.5143;7.504431356548425;5.522652193509615
-35.75;-37.4857;7.504431356548425;5.522652193509615
-35.375;-37.4;7.504431356548425;5.522652193509615
-34.9375;-37.2571;7.504431356548425;5.522652193509615
-34.5625;-36.9714;7.504431356548425;5.522652193509615
-34.3125;-37.2;7.504431356548425;5.522652193509615
-34.125;-37.0857;7.504431356548425;5.522652193509615
-34.4375;-36.8571;7.504431356548425;5.522652193509615
-34.9375;-36.8857;7.504431356548425;5.522652193509615
-35.1875;-36.9143;7.504431356548425;5.522652193509615
-35.375;-36.9143;7.504431356548425;5.522652193509615
-35.5625;-36.6571;7.504431356548425;5.522652193509615
-35.6875;-36.5714;7.504431356548425;5.522652193509615
-35.75;-36.4286;7.504431356548425;5.522652193509615
-35.75;-36.3429;7.504431356548425;5.522652193509615
-35.75;-36.5143;7.504431356548425;5.522652193509615
-35.75;-36.4286;7.504431356548425;5.522652193509615
-35.5;-36.4571;7.504431356548425;5.522652193509615
-34.8125;-36.1429;7.504431356548425;5.522652193509615
-34.0625;-36.0;7.504431356548425;5.522652193509615
-33.5625;-35.9714;7.504431356548425;5.522652193509615
-33.5;-36.0857;7.504431356548425;5.522652193509615
-34.125;-35.8;7.504431356548425;5.522652193509615
-34.8125;-35.5714;7.504431356548425;5.522652193509615
-34.9375;-35.6286;7.504431356548425;5.522652193509615
-34.625;-35.6;7.504431356548425;5.522652193509615
-34.125;-35.7143;7.504431356548425;5.522652193509615
-33.3125;-35.5714;7.504431356548425;5.522652193509615
-32.625;-35.4571;7.504431356548425;5.522652193509615
-32.3125;-35.3143;7.504431356548425;5.522652193509615
-32.125;-35.2;7.504431356548425;5.522652193509615
-32.125;-35.0286;7.504431356548425;5.522652193509615
-32.375;-34.9429;7.504431356548425;5.522652193509615
-32.5;-34.8;7.504431356548425;5.522652193509615
-32.625;-34.6857;7.504431356548425;5.522652193509615
-32.9375;-34.7714;7.504431356548425;5.522652193509615
-33.1875;-34.7714;7.504431356548425;5.522652193509615
-33.25;-34.6286;7.504431356548425;5.522652193509615
-33.0625;-34.5714;7.504431356548425;5.522652193509615
-32.875;-34.5714;7.504431356548425;5.522652193509615
-32.4375;-34.4857;7.504431356548425;5.522652193509615
-31.8125;-34.2857;7.504431356548425;5.522652193509615
-31.375;-34.0286;7.504431356548425;5.522652193509615
-31.375;-34.0857;7.504431356548425;5.522652193509615
-31.4375;-34.0;7.504431356548425;5.522652193509615
-31.5625;-34.0857;7.504431356548425;5.522652193509615
-31.625;-34.0571;7.504431356548425;5.522652193509615
-31.6875;-34.0286;7.504431356548425;5.522652193509615
-31.75;-33.9143;7.504431356548425;5.522652193509615
-31.875;-33.9714;7.504431356548425;5.522652193509615
-31.625;-33.6571;7.504431356548425;5.522652193509615
-31.3125;-33.6571;7.504431356548425;5.522652193509615
-31.3125;-33.7429;7.504431356548425;5.522652193509615
-31.3125;-33.5714;7.504431356548425;5.522652193509615
-30.875;-33.5714;7.504431356548425;5.522652193509615
-29.9375;-33.5143;7.504431356548425;5.522652193509615
-29.1875;-33.5143;7.504431356548425;5.522652193509615
-29.25;-33.3143;7.504431356548425;5.522652193509615
-29.9375;-33.1714;7.504431356548425;5.522652193509615
-30.6875;-33.2;7.504431356548425;5.522652193509615
-31.3125;-33.0286;7.504431356548425;5.522652193509615
-31.5625;-32.8;7.504431356548425;5.522652193509615
-31.1875;-32.7143;7.504431356548425;5.522652193509615
-30.625;-32.7714;7.504431356548425;5.522652193509615
-30.5;-32.6857;7.504431356548425;5.522652193509615
-30.875;-32.8571;7.504431356548425;5.522652193509615
-31.3125;-32.6857;7.504431356548425;5.522652193509615
-31.25;-32.6;7.504431356548425;5.522652193509615
-30.875;-32.4571;7.504431356548425;5.522652193509615
-30.5;-32.3429;7.504431356548425;5.522652193509615
-30.5;-32.2286;7.504431356548425;5.522652193509615
-30.5;-32.0571;7.504431356548425;5.522652193509615
-30.3125;-31.8857;7.504431356548425;5.522652193509615
-30.0625;-31.9143;7.504431356548425;5.522652193509615
-29.625;-31.8571;7.504431356548425;5.522652193509615
-29.25;-32.0571;7.504431356548425;5.522652193509615
-28.9375;-31.7429;7.504431356548425;5.522652193509615
-28.875;-31.7143;7.504431356548425;5.522652193509615
-28.8125;-31.6857;7.504431356548425;5.522652193509615
-28.875;-31.3714;7.504431356548425;5.522652193509615
-29.125;-31.2857;7.504431356548425;5.522652193509615
-29.625;-31.3714;7.504431356548425;5.522652193509615
-29.9375;-31.3714;7.504431356548425;5.522652193509615
-29.8125;-31.2286;7.504431356548425;5.522652193509615
-29.6875;-31.1429;7.504431356548425;5.522652193509615
-29.6875;-31.1714;7.504431356548425;5.522652193509615
-29.75;-30.9143;7.504431356548425;5.522652193509615
-29.875;-30.7429;7.504431356548425;5.522652193509615
-29.6875;-30.7429;7.504431356548425;5.522652193509615
-29.3125;-30.6286;7.504431356548425;5.522652193509615
-28.9375;-30.5143;7.504431356548425;5.522652193509615
-28.6875;-30.4;7.504431356548425;5.522652193509615
-28.8125;-30.3714;7.504431356548425;5.522652193509615
-28.9375;-30.3714;7.504431356548425;5.522652193509615
-28.75;-30.4571;7.504431356548425;5.522652193509615
-28.4375;-30.3429;7.504431356548425;5.522652193509615
-28.375;-30.1143;7.504431356548425;5.522652193509615
-28.5625;-30.0571;7.504431356548425;5.522652193509615
-28.875;-29.9714;7.504431356548425;5.522652193509615
-29.0;-30.0286;7.504431356548425;5.522652193509615
-28.875;-30.2;7.504431356548425;5.522652193509615
-28.3125;-29.9714;7.504431356548425;5.522652193509615
-28.125;-29.9429;7.504431356548425;5.522652193509615
-28.25;-29.7714;7.504431356548425;5.522652193509615
-28.1875;-29.6571;7.504431356548425;5.522652193509615
-28.3125;-29.6;7.504431356548425;5.522652193509615
-28.9375;-29.5143;7.504431356548425;5.522652193509615
-29.75;-29.5143;7.504431356548425;5.522652193509615
-30.25;-29.5714;7.504431356548425;5.522652193509615
-30.5;-29.3429;7.504431356548425;5.522652193509615
-30.5625;-29.2857;7.504431356548425;5.522652193509615
-30.5;-29.0857;7.504431356548425;5.522652193509615
-30.25;-29.1429;7.504431356548425;5.522652193509615
-29.4375;-29.0286;7.504431356548425;5.522652193509615
-28.4375;-28.9143;7.504431356548425;5.522652193509615
-27.625;-28.8286;7.504431356548425;5.522652193509615
-27.4375;-28.7714;7.504431356548425;5.522652193509615
-27.625;-28.8286;7.504431356548425;5.522652193509615
-27.625;-28.6286;7.504431356548425;5.522652193509615
-27.375;-28.5714;7.504431356548425;5.522652193509615
-26.9375;-28.4286;7.504431356548425;5.522652193509615
-26.25;-28.4286;7.504431356548425;5.522652193509615
-25.6875;-28.3714;7.504431356548425;5.522652193509615
-25.5;-28.2571;7.504431356548425;5.522652193509615
-25.9375;-28.1429;7.504431356548425;5.522652193509615
-26.375;-28.0286;7.504431356548425;5.522652193509615
-26.5625;-28.1143;7.504431356548425;5.522652193509615
-26.6875;-28.0286;7.504431356548425;5.522652193509615
-27.0625;-27.9143;7.504431356548425;5.522652193509615
-27.625;-27.8857;7.504431356548425;5.522652193509615
-28.0;-27.7143;7.504431356548425;5.522652193509615
-27.75;-27.7714;7.504431356548425;5.522652193509615
-27.1875;-27.7714;7.504431356548425;5.522652193509615
-26.625;-27.8;7.504431356548425;5.522652193509615
-26.125;-27.7429;7.504431356548425;5.522652193509615
-25.75;-27.6;7.504431356548425;5.522652193509615
-25.75;-27.4;7.504431356548425;5.522652193509615
-26.125;-27.3429;7.504431356548425;5.522652193509615
-26.5625;-27.2;7.504431356548425;5.522652193509615
-26.8125;-27.2571;7.504431356548425;5.522652193509615
-26.9375;-27.1714;7.504431356548425;5.522652193509615
-26.9375;-27.2571;7.504431356548425;5.522652193509615
-26.875;-27.2;7.504431356548425;5.522652193509615
-26.875;-27.1429;7.504431356548425;5.522652193509615
-26.6875;-27.0571;7.504431356548425;5.522652193509615
-26.25;-26.9143;7.504431356548425;5.522652193509615
-25.5625;-26.8286;7.504431356548425;5.522652193509615
-24.75;-26.6571;7.504431356548425;5.522652193509615
-24.25;-26.5714;7.504431356548425;5.522652193509615
-24.0;-26.5714;7.504431356548425;5.522652193509615
-23.9375;-26.5143;7.504431356548425;5.522652193509615
-24.125;-26.2571;7.504431356548425;5.522652193509615
-24.75;-26.2286;7.504431356548425;5.522652193509615
-25.1875;-26.0857;7.504431356548425;5.522652193509615
-25.1875;-25.9143;7.504431356548425;5.522652193509615
-24.625;-25.8571;7.504431356548425;5.522652193509615
-23.875;-25.8857;7.504431356548425;5.522652193509615
-23.5;-25.8;7.504431356548425;5.522652193509615
-23.5;-25.8571;7.504431356548425;5.522652193509615
-23.5625;-25.7714;7.504431356548425;5.522652193509615
-23.625;-25.6857;7.504431356548425;5.522652193509615
-23.875;-25.5714;7.504431356548425;5.522652193509615
-24.3125;-25.5714;7.504431356548425;5.522652193509615
-24.625;-25.5429;7.504431356548425;5.522652193509615
-24.6875;-25.6;7.504431356548425;5.522652193509615
-24.375;-25.5143;7.504431356548425;5.522652193509615
-23.875;-25.4571;7.504431356548425;5.522652193509615
-23.25;-25.3143;7.504431356548425;5.522652193509615
-23.0625;-25.3429;7.504431356548425;5.522652193509615
-23.375;-25.3429;7.504431356548425;5.522652193509615
-23.9375;-25.4286;7.504431356548425;5.522652193509615
-24.3125;-25.3714;7.504431356548425;5.522652193509615
-24.4375;-25.2286;7.504431356548425;5.522652193509615
-24.5;-25.1429;7.504431356548425;5.522652193509615
-24.5;-25.0;7.504431356548425;5.522652193509615
-24.4375;-24.9143;7.504431356548425;5.522652193509615
-24.375;-24.9429;7.504431356548425;5.522652193509615
-24.1875;-24.7429;7.504431356548425;5.522652193509615
-23.8125;-24.7429;7.504431356548425;5.522652193509615
-23.5625;-24.6571;7.504431356548425;5.522652193509615
-23.5625;-24.5143;7.504431356548425;5.522652193509615
-23.3125;-24.5143;7.504431356548425;5.522652193509615
-23.0;-24.4286;7.504431356548425;5.522652193509615
-22.875;-24.2571;7.504431356548425;5.522652193509615
-22.5;-24.2286;7.504431356548425;5.522652193509615
-22.0625;-24.0857;7.504431356548425;5.522652193509615
-21.9375;-24.1429;7.504431356548425;5.522652193509615
-22.1875;-24.1143;7.504431356548425;5.522652193509615
-22.5625;-23.9714;7.504431356548425;5.522652193509615
-22.5625;-23.9143;7.504431356548425;5.522652193509615
-22.375;-23.8;7.504431356548425;5.522652193509615
-22.25;-23.6571;7.504431356548425;5.522652193509615
-22.1875;-23.6;7.504431356548425;5.522652193509615
-21.9375;-23.6857;7.504431356548425;5.522652193509615
-21.875;-23.5714;7.504431356548425;5.522652193509615
-22.0625;-23.5429;7.504431356548425;5.522652193509615
-22.25;-23.4857;7.504431356548425;5.522652193509615
-22.0625;-23.4286;7.504431356548425;5.522652193509615
-21.5625;-23.3143;7.504431356548425;5.522652193509615
-21.3125;-23.1714;7.504431356548425;5.522652193509615
-21.375;-23.1429;7.504431356548425;5.522652193509615
-21.5625;-23.1143;7.504431356548425;5.522652193509615
-21.3125;-23.0857;7.504431356548425;5.522652193509615
-20.8125;-22.9714;7.504431356548425;5.522652193509615
-20.4375;-23.0286;7.504431356548425;5.522652193509615
-20.25;-23.0;7.504431356548425;5.522652193509615
-20.1875;-22.9714;7.504431356548425;5.522652193509615
-20.1875;-23.0;7.504431356548425;5.522652193509615
-20.3125;-22.8571;7.504431356548425;5.522652193509615
-20.5;-22.7714;7.504431356548425;5.522652193509615
-20.6875;-22.6286;7.504431356548425;5.522652193509615
-20.5625;-22.5429;7.504431356548425;5.522652193509615
-19.8125;-22.5714;7.504431356548425;5.522652193509615
-19.125;-22.4857;7.504431356548425;5.522652193509615
-19.125;-22.3429;7.504431356548425;5.522652193509615
-19.625;-22.2286;7.504431356548425;5.522652193509615
-20.0625;-22.2286;7.504431356548425;5.522652193509615
-20.5;-22.1429;7.504431356548425;5.522652193509615
-20.8125;-22.0286;7.504431356548425;5.522652193509615
-20.8125;-22.0;7.504431356548425;5.522652193509615
-20.6875;-21.9429;7.504431356548425;5.522652193509615
-20.6875;-21.9143;7.504431356548425;5.522652193509615
-20.75;-21.8286;7.504431356548425;5.522652193509615
-20.625;-21.7714;7.504431356548425;5.522652193509615
-20.4375;-21.7429;7.504431356548425;5.522652193509615
-20.25;-21.7143;7.504431356548425;5.522652193509615
-20.25;-21.6;7.504431356548425;5.522652193509615
-20.5;-21.5143;7.504431356548425;5.522652193509615
-20.8125;-21.4571;7.504431356548425;5.522652193509615
-20.9375;-21.4286;7.504431356548425;5.522652193509615
-20.75;-21.3714;7.504431356548425;5.522652193509615
-20.375;-21.3429;7.504431356548425;5.522652193509615
-20.1875;-21.1714;7.504431356548425;5.522652193509615
-20.375;-21.1429;7.504431356548425;5.522652193509615
-21.0;-21.1714;7.504431356548425;5.522652193509615
-21.625;-21.0571;7.504431356548425;5.522652193509615
-22.0625;-20.9714;7.504431356548425;5.522652193509615
-22.25;-20.9714;7.504431356548425;5.522652193509615
-22.25;-20.9714;7.504431356548425;5.522652193509615
-22.25;-20.9429;7.504431356548425;5.522652193509615
-22.0625;-20.9429;7.504431356548425;5.522652193509615
-21.4375;-20.7429;7.504431356548425;5.522652193509615
-20.3125;-20.7714;7.504431356548425;5.522652193509615
-19.125;-20.6857;7.504431356548425;5.522652193509615
-18.25;-20.6571;7.504431356548425;5.522652193509615
-18.0625;-20.6;7.504431356548425;5.522652193509615
-18.375;-20.4571;7.504431356548425;5.522652193509615
-18.5625;-20.4286;7.504431356548425;5.522652193509615
-18.5625;-20.4;7.504431356548425;5.522652193509615
-18.625;-20.2857;7.504431356548425;5.522652193509615
-18.5625;-20.2;7.504431356548425;5.522652193509615
-18.5;-20.1714;7.504431356548425;5.522652193509615
-18.5;-20.0857;7.504431356548425;5.522652193509615
-18.5;-20.0857;7.504431356548425;5.522652193509615
-18.375;-19.9143;7.504431356548425;5.522652193509615
-18.25;-19.7714;7.504431356548425;5.522652193509615
-18.125;-19.7143;7.504431356548425;5.522652193509615
-18.1875;-19.6286;7.504431356548425;5.522652193509615
-18.375;-19.6286;7.504431356548425;5.522652193509615
-18.625;-19.6286;7.504431356548425;5.522652193509615
-19.0625;-19.6286;7.504431356548425;5.522652193509615
-19.25;-19.6;7.504431356548425;5.522652193509615
-19.125;-19.5429;7.504431356548425;5.522652193509615
-18.6875;-19.4;7.504431356548425;5.522652193509615
-18.125;-19.3143;7.504431356548425;5.522652193509615
-17.5625;-19.2571;7.504431356548425;5.522652193509615
-17.0625;-19.1429;7.504431356548425;5.522652193509615
-16.5625;-19.1143;7.504431356548425;5.522652193509615
-16.3125;-19.0857;7.504431356548425;5.522652193509615
-16.25;-19.0857;7.504431356548425;5.522652193509615
-16.25;-19.0857;7.504431356548425;5.522652193509615
-16.3125;-18.9714;7.504431356548425;5.522652193509615
-16.5;-18.8571;7.504431356548425;5.522652193509615
-17.0;-18.8;7.504431356548425;5.522652193509615
-17.75;-18.7143;7.504431356548425;5.522652193509615
-17.9375;-18.6571;7.504431356548425;5.522652193509615
-17.75;-18.5714;7.504431356548425;5.522652193509615
-17.375;-18.5714;7.504431356548425;5.522652193509615
-16.8125;-18.5429;7.504431356548425;5.522652193509615
-16.25;-18.4571;7.504431356548425;5.522652193509615
-16.1875;-18.4857;7.504431356548425;5.522652193509615
-16.6875;-18.4571;7.504431356548425;5.522652193509615
-17.25;-18.3429;7.504431356548425;5.522652193509615
-17.625;-18.3143;7.504431356548425;5.522652193509615
-17.6875;-18.2;7.504431356548425;5.522652193509615
-17.25;-18.2;7.504431356548425;5.522652193509615
-16.625;-18.2286;7.504431356548425;5.522652193509615
-16.1875;-18.2;7.504431356548425;5.522652193509615
-16.0625;-18.0571;7.504431356548425;5.522652193509615
-15.875;-17.9429;7.504431356548425;5.522652193509615
-15.9375;-17.9714;7.504431356548425;5.522652193509615
-16.375;-17.9143;7.504431356548425;5.522652193509615
-16.75;-17.9143;7.504431356548425;5.522652193509615
-16.8125;-17.8857;7.504431356548425;5.522652193509615
-16.5625;-17.8571;7.504431356548425;5.522652193509615
-16.4375;-17.8286;7.504431356548425;5.522652193509615
-16.3125;-17.8571;7.504431356548425;5.522652193509615
-15.875;-17.6857;7.504431356548425;5.522652193509615
-15.4375;-17.6571;7.504431356548425;5.522652193509615
-15.1875;-17.5143;7.504431356548425;5.522652193509615
-15.125;-17.5143;7.504431356548425;5.522652193509615
-15.125;-17.4286;7.504431356548425;5.522652193509615
-15.1875;-17.4571;7.504431356548425;5.522652193509615
-15.1875;-17.3429;7.504431356548425;5.522652193509615
-15.375;-17.2286;7.504431356548425;5.522652193509615
-15.5;-17.2286;7.504431356548425;5.522652193509615
-15.125;-17.2;7.504431356548425;5.522652193509615
-14.875;-17.1714;7.504431356548425;5.522652193509615
-15.0;-17.0286;7.504431356548425;5.522652193509615
-15.3125;-17.0286;7.504431356548425;5.522652193509615
-15.5625;-17.0286;7.504431356548425;5.522652193509615
-15.5;-16.9143;7.504431356548425;5.522652193509615
-15.3125;-16.9143;7.504431356548425;5.522652193509615
-15.0625;-16.7429;7.504431356548425;5.522652193509615
-14.875;-16.6286;7.504431356548425;5.522652193509615
-14.75;-16.5714;7.504431356548425;5.522652193509615
-15.125;-16.4571;7.504431356548425;5.522652193509615
-15.5;-16.4;7.504431356548425;5.522652193509615
-15.5625;-16.2;7.504431356548425;5.522652193509615
-15.375;-16.2;7.504431356548425;5.522652193509615
-14.9375;-16.1429;7.504431356548425;5.522652193509615
-14.625;-16.0571;7.504431356548425;5.522652193509615
-14.5625;-15.9429;7.504431356548425;5.522652193509615
-14.75;-15.9143;7.504431356548425;5.522652193509615
-14.625;-15.8;7.504431356548425;5.522652193509615
-14.375;-15.7714;7.504431356548425;5.522652193509615
-14.625;-15.7429;7.504431356548425;5.522652193509615
-15.0;-15.7143;7.504431356548425;5.522652193509615
-15.0625;-15.6;7.504431356548425;5.522652193509615
-14.75;-15.5714;7.504431356548425;5.522652193509615
-14.3125;-15.5429;7.504431356548425;5.522652193509615
-14.0;-15.4286;7.504431356548425;5.522652193509615
-13.8125;-15.4286;7.504431356548425;5.522652193509615
-13.75;-15.4286;7.504431356548425;5.522652193509615
-13.8125;-15.3714;7.504431356548425;5.522652193509615
-13.8125;-15.3143;7.504431356548425;5.522652193509615
-13.75;-15.2857;7.504431356548425;5.522652193509615
-13.5625;-15.1714;7.504431356548425;5.522652193509615
-13.25;-15.1429;7.504431356548425;5.522652193509615
-13.0;-15.0286;7.504431356548425;5.522652193509615
-12.8125;-15.0571;7.504431356548425;5.522652193509615
-12.875;-15.0;7.504431356548425;5.522652193509615
-13.125;-14.9714;7.504431356548425;5.522652193509615
-13.375;-14.8857;7.504431356548425;5.522652193509615
-13.4375;-14.7714;7.504431356548425;5.522652193509615
-13.375;-14.6857;7.504431356548425;5.522652193509615
-13.1875;-14.6571;7.504431356548425;5.522652193509615
-13.0625;-14.6571;7.504431356548425;5.522652193509615
-13.0;-14.6286;7.504431356548425;5.522652193509615
-12.6875;-14.5143;7.504431356548425;5.522652193509615
-12.375;-14.5143;7.504431356548425;5.522652193509615
-12.375;-14.4286;7.504431356548425;5.522652193509615
-12.5;-14.3714;7.504431356548425;5.522652193509615
-12.625;-14.3429;7.504431356548425;5.522652193509615
-12.625;-14.2857;7.504431356548425;5.522652193509615
-12.5625;-14.1429;7.504431356548425;5.522652193509615
-12.4375;-14.0571;7.504431356548425;5.522652193509615
-12.4375;-14.1143;7.504431356548425;5.522652193509615
-12.6875;-14.0;7.504431356548425;5.522652193509615
-13.0;-13.9429;7.504431356548425;5.522652193509615
-13.125;-13.8571;7.504431356548425;5.522652193509615
-12.875;-13.8571;7.504431356548425;5.522652193509615
-12.1875;-13.8286;7.504431356548425;5.522652193509615
-11.375;-13.8;7.504431356548425;5.522652193509615
-10.875;-13.7429;7.504431356548425;5.522652193509615
-10.625;-13.6857;7.504431356548425;5.522652193509615
-10.5625;-13.6571;7.504431356548425;5.522652193509615
-10.625;-13.6857;7.504431356548425;5.522652193509615
-10.8125;-13.7143;7.504431356548425;5.522652193509615
-11.375;-13.6571;7.504431356548425;5.522652193509615
-12.0;-13.6857;7.504431356548425;5.522652193509615
-12.25;-13.5714;7.504431356548425;5.522652193509615
-12.125;-13.5143;7.504431356548425;5.522652193509615
-12.125;-13.4286;7.504431356548425;5.522652193509615
-12.1875;-13.4;7.504431356548425;5.522652193509615
-12.125;-13.3429;7.504431356548425;5.522652193509615
-12.0;-13.3143;7.504431356548425;5.522652193509615
-11.9375;-13.1714;7.504431356548425;5.522652193509615
-12.0625;-13.1429;7.504431356548425;5.522652193509615
-12.1875;-13.0571;7.504431356548425;5.522652193509615
-11.875;-13.0;7.504431356548425;5.522652193509615
-11.125;-13.0;7.504431356548425;5.522652193509615
-10.5625;-12.9714;7.504431356548425;5.522652193509615
-10.3125;-12.9429;7.504431356548425;5.522652193509615
-10.3125;-12.9714;7.504431356548425;5.522652193509615
-10.1875;-12.8857;7.504431356548425;5.522652193509615
-10.0625;-12.8;7.504431356548425;5.522652193509615
-10.1875;-12.8;7.504431356548425;5.522652193509615
-10.625;-12.7429;7.504431356548425;5.522652193509615
-11.1875;-12.6571;7.504431356548425;5.522652193509615
-11.4375;-12.5714;7.504431356548425;5.522652193509615
-11.0625;-12.6;7.504431356548425;5.522652193509615
-10.5625;-12.5714;7.504431356548425;5.522652193509615
-10.4375;-12.4857;7.504431356548425;5.522652193509615
-10.625;-12.4571;7.504431356548425;5.522652193509615
-10.75;-12.4;7.504431356548425;5.522652193509615
-10.875;-12.3714;7.504431356548425;5.522652193509615
-10.875;-12.2857;7.504431356548425;5.522652193509615
-10.875;-12.2286;7.504431356548425;5.522652193509615
-10.875;-12.1429;7.504431356548425;5.522652193509615
-10.875;-12.0857;7.504431356548425;5.522652193509615
-11.0;-12.0571;7.504431356548425;5.522652193509615
-11.125;-12.0;7.504431356548425;5.522652193509615
-11.0625;-11.9429;7.504431356548425;5.522652193509615
-10.9375;-11.9143;7.504431356548425;5.522652193509615
-10.5625;-11.8571;7.504431356548425;5.522652193509615
-10.0;-11.8;7.504431356548425;5.522652193509615
-9.625;-11.7429;7.504431356548425;5.522652193509615
-9.4375;-11.7429;7.504431356548425;5.522652193509615
-9.5625;-11.7429;7.504431356548425;5.522652193509615
-10.0625;-11.6857;7.504431356548425;5.522652193509615
-10.4375;-11.5429;7.504431356548425;5.522652193509615
-10.4375;-11.5143;7.504431356548425;5.522652193509615
-9.9375;-11.4857;7.504431356548425;5.522652193509615
-9.3125;-11.4571;7.504431356548425;5.522652193509615
-9.0;-11.4571;7.504431356548425;5.522652193509615
-9.0625;-11.4;7.504431356548425;5.522652193509615
-9.4375;-11.3429;7.504431356548425;5.522652193509615
-9.5625;-11.3429;7.504431356548425;5.522652193509615
-9.3125;-11.2571;7.504431356548425;5.522652193509615
-9.1875;-11.2286;7.504431356548425;5.522652193509615
-9.1875;-11.2;7.504431356548425;5.522652193509615
-9.0;-11.1714;7.504431356548425;5.522652193509615
-8.75;-11.1429;7.504431356548425;5.522652193509615
-8.5;-11.0571;7.504431356548425;5.522652193509615
-8.625;-11.0;7.504431356548425;5.522652193509615
-9.1875;-10.9714;7.504431356548425;5.522652193509615
-9.8125;-10.9429;7.504431356548425;5.522652193509615
-10.1875;-10.8571;7.504431356548425;5.522652193509615
-10.375;-10.8286;7.504431356548425;5.522652193509615
-10.375;-10.7714;7.504431356548425;5.522652193509615
-10.375;-10.7429;7.504431356548425;5.522652193509615
-10.3125;-10.7143;7.504431356548425;5.522652193509615
-10.1875;-10.6571;7.504431356548425;5.522652193509615
-9.9375;-10.6286;7.504431356548425;5.522652193509615
-9.4375;-10.5714;7.504431356548425;5.522652193509615
-8.875;-10.5143;7.504431356548425;5.522652193509615
-8.375;-10.4571;7.504431356548425;5.522652193509615
-8.125;-10.4;7.504431356548425;5.522652193509615
-7.875;-10.3429;7.504431356548425;5.522652193509615
-7.6875;-10.2857;7.504431356548425;5.522652193509615
-7.5625;-10.3429;7.504431356548425;5.522652193509615
-7.4375;-10.2286;7.504431356548425;5.522652193509615
-7.1875;-10.2;7.504431356548425;5.522652193509615
-6.9375;-10.1714;7.504431356548425;5.522652193509615
-6.8125;-10.0857;7.504431356548425;5.522652193509615
-6.9375;-10.0571;7.504431356548425;5.522652193509615
-7.25;-10.0286;7.504431356548425;5.522652193509615
-7.75;-9.9429;7.504431356548425;5.522652193509615
-8.0;-9.9143;7.504431356548425;5.522652193509615
-7.875;-9.8571;7.504431356548425;5.522652193509615
-7.4375;-9.8;7.504431356548425;5.522652193509615
-7.25;-9.7714;7.504431356548425;5.522652193509615
-7.5;-9.7714;7.504431356548425;5.522652193509615
-7.9375;-9.6857;7.504431356548425;5.522652193509615
-8.25;-9.6857;7.504431356548425;5.522652193509615
-8.375;-9.5714;7.504431356548425;5.522652193509615
-8.25;-9.5429;7.504431356548425;5.522652193509615
-7.8125;-9.5714;7.504431356548425;5.522652193509615
-7.3125;-9.4286;7.504431356548425;5.522652193509615
-6.9375;-9.4286;7.504431356548425;5.522652193509615
-6.8125;-9.4;7.504431356548425;5.522652193509615
-6.75;-9.3429;7.504431356548425;5.522652193509615
-6.8125;-9.3143;7.504431356548425;5.522652193509615
-6.8125;-9.2571;7.504431356548425;5.522652193509615
-6.875;-9.1714;7.504431356548425;5.522652193509615
-7.25;-9.1429;7.504431356548425;5.522652193509615
-7.75;-9.1429;7.504431356548425;5.522652193509615
-7.9375;-9.1143;7.504431356548425;5.522652193509615
-7.625;-9.0857;7.504431356548425;5.522652193509615
-6.9375;-8.9714;7.504431356548425;5.522652193509615
-6.0625;-8.9714;7.504431356548425;5.522652193509615
-5.4375;-8.9429;7.504431356548425;5.522652193509615
-5.625;-8.9429;7.504431356548425;5.522652193509615
-6.3125;-8.9143;7.504431356548425;5.522652193509615
-7.0;-8.8571;7.504431356548425;5.522652193509615
-7.1875;-8.7714;7.504431356548425;5.522652193509615
-7.125;-8.6857;7.504431356548425;5.522652193509615
-7.0;-8.6571;7.504431356548425;5.522652193509615
-7.0;-8.6571;7.504431356548425;5.522652193509615
-7.125;-8.5714;7.504431356548425;5.522652193509615
-7.0;-8.5714;7.504431356548425;5.522652193509615
-6.3125;-8.5143;7.504431356548425;5.522652193509615
-5.75;-8.5429;7.504431356548425;5.522652193509615
-5.6875;-8.4571;7.504431356548425;5.522652193509615
-5.9375;-8.4286;7.504431356548425;5.522652193509615
-6.25;-8.3714;7.504431356548425;5.522652193509615
-6.375;-8.3429;7.504431356548425;5.522652193509615
-6.25;-8.3143;7.504431356548425;5.522652193509615
-5.875;-8.2857;7.504431356548425;5.522652193509615
-5.5625;-8.2286;7.504431356548425;5.522652193509615
-5.3125;-8.1714;7.504431356548425;5.522652193509615
-5.25;-8.0857;7.504431356548425;5.522652193509615
-5.25;-8.0857;7.504431356548425;5.522652193509615
-5.25;-8.0571;7.504431356548425;5.522652193509615
-5.25;-8.0571;7.504431356548425;5.522652193509615
-5.25;-8.0;7.504431356548425;5.522652193509615
-5.125;-7.9143;7.504431356548425;5.522652193509615
-5.0625;-7.9143;7.504431356548425;5.522652193509615
-5.3125;-7.8857;7.504431356548425;5.522652193509615
-5.75;-7.8286;7.504431356548425;5.522652193509615
-6.0625;-7.7714;7.504431356548425;5.522652193509615
-5.875;-7.7143;7.504431356548425;5.522652193509615
-5.625;-7.6857;7.504431356548425;5.522652193509615
-5.5625;-7.6571;7.504431356548425;5.522652193509615
-5.4375;-7.6;7.504431356548425;5.522652193509615
-5.0;-7.4857;7.504431356548425;5.522652193509615
-4.5625;-7.4857;7.504431356548425;5.522652193509615
-4.375;-7.4571;7.504431356548425;5.522652193509615
-4.4375;-7.4571;7.504431356548425;5.522652193509615
-4.6875;-7.4;7.504431356548425;5.522652193509615
-5.0;-7.3714;7.504431356548425;5.522652193509615
-5.1875;-7.3143;7.504431356548425;5.522652193509615
-5.25;-7.2571;7.504431356548425;5.522652193509615
-5.125;-7.1714;7.504431356548425;5.522652193509615
-4.8125;-7.2;7.504431356548425;5.522652193509615
-4.375;-7.1429;7.504431356548425;5.522652193509615
-4.0;-7.1143;7.504431356548425;5.522652193509615
-3.6875;-7.1143;7.504431356548425;5.522652193509615
-3.625;-7.0571;7.504431356548425;5.522652193509615
-4.125;-7.0286;7.504431356548425;5.522652193509615
-4.75;-6.9429;7.504431356548425;5.522652193509615
-4.75;-6.9429;7.504431356548425;5.522652193509615
-4.4375;-6.8857;7.504431356548425;5.522652193509615
-4.125;-6.8571;7.504431356548425;5.522652193509615
-3.9375;-6.8286;7.504431356548425;5.522652193509615
-3.875;-6.7429;7.504431356548425;5.522652193509615
-3.875;-6.7429;7.504431356548425;5.522652193509615
-3.875;-6.6571;7.504431356548425;5.522652193509615
-3.875;-6.6286;7.504431356548425;5.522652193509615
-4.0625;-6.6;7.504431356548425;5.522652193509615
-4.25;-6.5143;7.504431356548425;5.522652193509615
-4.375;-6.4571;7.504431356548425;5.522652193509615
-4.1875;-6.4571;7.504431356548425;5.522652193509615
-3.875;-6.3714;7.504431356548425;5.522652193509615
-3.75;-6.4286;7.504431356548425;5.522652193509615
-4.0;-6.3143;7.504431356548425;5.522652193509615
-4.25;-6.3143;7.504431356548425;5.522652193509615
-4.3125;-6.2857;7.504431356548425;5.522652193509615
-4.3125;-6.2;7.504431356548425;5.522652193509615
-4.4375;-6.2;7.504431356548425;5.522652193509615
-4.3125;-6.1429;7.504431356548425;5.522652193509615
-3.8125;-6.1143;7.504431356548425;5.522652193509615
-3.0;-6.0857;7.504431356548425;5.522652193509615
-2.625;-6.0286;7.504431356548425;5.522652193509615
-2.8125;-6.0286;7.504431356548425;5.522652193509615
-3.0;-5.9429;7.504431356548425;5.522652193509615
-3.3125;-5.8857;7.504431356548425;5.522652193509615
-3.875;-5.8571;7.504431356548425;5.522652193509615
-4.3125;-5.8571;7.504431356548425;5.522652193509615
-4.5;-5.7429;7.504431356548425;5.522652193509615
-4.4375;-5.7143;7.504431356548425;5.522652193509615
-3.875;-5.6857;7.504431356548425;5.522652193509615
-2.875;-5.6857;7.504431356548425;5.522652193509615
-2.375;-5.6286;7.504431356548425;5.522652193509615
-2.5;-5.5429;7.504431356548425;5.522652193509615
-2.875;-5.5143;7.504431356548425;5.522652193509615
-3.125;-5.5429;7.504431356548425;5.522652193509615
-3.25;-5.4857;7.504431356548425;5.522652193509615
-3.25;-5.4286;7.504431356548425;5.522652193509615
-3.3125;-5.4;7.504431356548425;5.522652193509615
-2.9375;-5.3429;7.504431356548425;5.522652193509615
-2.1875;-5.4286;7.504431356548425;5.522652193509615
-1.625;-5.3714;7.504431356548425;5.522652193509615
-1.5625;-5.3714;7.504431356548425;5.522652193509615
-1.1875;-5.2571;7.504431356548425;5.522652193509615
-0.6875;-5.2571;7.504431356548425;5.522652193509615
-0.375;-5.2286;7.504431356548425;5.522652193509615
-0.5625;-5.2;7.504431356548425;5.522652193509615
-1.3125;-5.1429;7.504431356548425;5.522652193509615
-2.0625;-5.1429;7.504431356548425;5.522652193509615
-2.0625;-5.1429;7.504431356548425;5.522652193509615
-1.375;-5.0571;7.504431356548425;5.522652193509615
-0.4375;-5.0286;7.504431356548425;5.522652193509615
0.3125;-5.0857;7.504431356548425;5.522652193509615
0.25;-4.9429;7.504431356548425;5.522652193509615
-0.5625;-4.9429;7.504431356548425;5.522652193509615
-1.0;-4.8857;7.504431356548425;5.522652193509615
-0.75;-4.8571;7.504431356548425;5.522652193509615
-0.5625;-4.8286;7.504431356548425;5.522652193509615
-0.625;-4.8;7.504431356548425;5.522652193509615
-0.625;-4.8;7.504431356548425;5.522652193509615
-0.375;-4.7143;7.504431356548425;5.522652193509615
-0.4375;-4.6857;7.504431356548425;5.522652193509615
-0.9375;-4.6286;7.504431356548425;5.522652193509615
-1.0;-4.6286;7.504431356548425;5.522652193509615
-0.625;-4.5429;7.504431356548425;5.522652193509615
-0.25;-4.6;7.504431356548425;5.522652193509615
0.0;-4.5143;7.504431356548425;5.522652193509615
0.0;-4.5429;7.504431356548425;5.522652193509615
0.0625;-4.4857;7.504431356548425;5.522652193509615
-0.3125;-4.4;7.504431356548425;5.522652193509615
-1.125;-4.4;7.504431356548425;5.522652193509615
-1.3125;-4.4;7.504431356548425;5.522652193509615
-0.8125;-4.3429;7.504431356548425;5.522652193509615
-0.1875;-4.2857;7.504431356548425;5.522652193509615
0.125;-4.2857;7.504431356548425;5.522652193509615
0.25;-4.2857;7.504431356548425;5.522652193509615
-0.125;-4.2;7.504431356548425;5.522652193509615
-0.9375;-4.1714;7.504431356548425;5.522652193509615
-1.1875;-4.2;7.504431356548425;5.522652193509615
-0.6875;-4.0857;7.504431356548425;5.522652193509615
0.0;-4.0571;7.504431356548425;5.522652193509615
0.375;-4.0286;7.504431356548425;5.522652193509615
0.5;-4.0286;7.504431356548425;5.522652193509615
0.375;-4.0;7.504431356548425;5.522652193509615
0.375;-3.9143;7.504431356548425;5.522652193509615
0.25;-3.9143;7.504431356548425;5.522652193509615
0.1875;-3.9143;7.504431356548425;5.522652193509615
0.25;-3.8;7.504431356548425;5.522652193509615
0.1875;-3.8;7.504431356548425;5.522652193509615
0.1875;-3.6571;7.504431356548425;5.522652193509615
0.3125;-3.6857;7.504431356548425;5.522652193509615
0.5625;-3.6571;7.504431356548425;5.522652193509615
1.25;-3.5714;7.504431356548425;5.522652193509615
2.1875;-3.4;7.504431356548425;5.522652193509615
2.5625;-3.3429;7.504431356548425;5.522652193509615
2.0;-3.3143;7.504431356548425;5.522652193509615
1.25;-3.1714;7.504431356548425;5.522652193509615
0.8125;-3.0857;7.504431356548425;5.522652193509615
0.625;-2.9714;7.504431356548425;5.522652193509615
0.5625;-2.8571;7.504431356548425;5.522652193509615
0.625;-2.7429;7.504431356548425;5.522652193509615
0.5625;-2.6;7.504431356548425;5.522652193509615
0.3125;-2.3429;7.504431356548425;5.522652193509615
0.0625;-2.1143;7.504431356548425;5.522652193509615
0.25;-1.9429;7.504431356548425;5.522652193509615
1.0;-1.6571;7.504431356548425;5.522652193509615
1.6875;-1.3714;7.504431356548425;5.522652193509615
2.0;-1.0;7.504431356548425;5.522652193509615
2.3125;-0.6571;7.504431356548425;5.522652193509615
2.5;-0.1429;7.504431356548425;5.522652193509615
2.5625;0.4;7.504431356548425;5.522652193509615
2.8125;0.9429;7.504431356548425;5.522652193509615
3.25;1.3429;7.504431356548425;5.522652193509615
3.75;1.8857;7.504431356548425;5.522652193509615
4.25;2.5429;7.504431356548425;5.522652193509615
4.5;2.9143;7.504431356548425;5.522652193509615
4.3125;3.4571;7.504431356548425;5.522652193509615
4.125;3.8857;7.504431356548425;5.522652193509615
4.1875;4.4;7.504431356548425;5.522652193509615
4.3125;4.9714;7.504431356548425;5.522652193509615
4.5625;5.5143;7.504431356548425;5.522652193509615
4.875;6.2;7.504431356548425;5.522652193509615
5.125;6.8;7.504431356548425;5.522652193509615
5.3125;7.4571;7.504431356548425;5.522652193509615
5.5;8.2286;7.504431356548425;5.522652193509615
5.875;8.9714;7.504431356548425;5.522652193509615
6.625;9.6571;7.504431356548425;5.522652193509615
7.5625;10.4571;7.504431356548425;5.522652193509615
8.5;11.2286;7.504431356548425;5.522652193509615
9.0625;12.0571;7.504431356548425;5.522652193509615
9.25;12.8857;7.504431356548425;5.522652193509615
9.3125;13.6;7.504431356548425;5.522652193509615
9.25;14.4571;7.504431356548425;5.522652193509615
9.1875;15.3143;7.504431356548425;5.522652193509615
9.25;16.1714;7.504431356548425;5.522652193509615
9.8125;16.8857;7.504431356548425;5.522652193509615
11.4375;17.6;7.504431356548425;5.522652193509615
13.3125;18.5143;7.504431356548425;5.522652193509615
14.8125;19.2857;7.504431356548425;5.522652193509615
15.75;20.1143;7.504431356548425;5.522652193509615
16.375;20.8857;7.504431356548425;5.522652193509615
16.875;21.6286;7.504431356548425;5.522652193509615
17.375;22.4857;7.504431356548425;5.522652193509615
18.0625;23.2571;7.504431356548425;5.522652193509615
18.75;24.1714;7.504431356548425;5.522652193509615
19.5;24.9429;7.504431356548425;5.522652193509615
20.125;25.6571;7.504431356548425;5.522652193509615
20.75;26.4286;7.504431356548425;5.522652193509615
21.4375;27.0857;7.504431356548425;5.522652193509615
22.125;27.7429;7.504431356548425;5.522652193509615
22.875;28.6;7.504431356548425;5.522652193509615
23.5625;29.3429;7.504431356548425;5.522652193509615
24.1875;30.1714;7.504431356548425;5.522652193509615
24.625;30.9429;7.504431356548425;5.522652193509615
25.125;31.5143;7.504431356548425;5.522652193509615
25.6875;32.4;7.504431356548425;5.522652193509615
26.3125;33.0857;7.504431356548425;5.522652193509615
26.9375;33.7714;7.504431356548425;5.522652193509615
27.625;34.2857;7.504431356548425;5.522652193509615
28.3125;35.1143;7.504431356548425;5.522652193509615
28.9375;35.8571;7.504431356548425;5.522652193509615
29.4375;36.6;7.504431356548425;5.522652193509615
29.625;37.1429;7.504431356548425;5.522652193509615
29.6875;37.9143;7.504431356548425;5.522652193509615
29.6875;38.4571;7.504431356548425;5.522652193509615
29.625;38.9714;7.504431356548425;5.522652193509615
29.625;39.6857;7.504431356548425;5.522652193509615
30.1875;40.4857;7.504431356548425;5.522652193509615
31.5625;41.3714;7.504431356548425;5.522652193509615
33.25;41.8286;7.504431356548425;5.522652193509615
34.5;42.4857;7.504431356548425;5.522652193509615
35.5;43.3143;7.504431356548425;5.522652193509615
36.25;43.9143;7.504431356548425;5.522652193509615
36.875;44.5429;7.504431356548425;5.522652193509615
37.3125;45.1143;7.504431356548425;5.522652193509615
37.8125;45.8286;7.504431356548425;5.522652193509615
38.375;46.5143;7.504431356548425;5.522652193509615
39.0625;47.0;7.504431356548425;5.522652193509615
39.6875;47.8286;7.504431356548425;5.522652193509615
40.25;48.6571;7.504431356548425;5.522652193509615
40.875;49.2571;7.504431356548425;5.522652193509615
41.4375;49.6;7.504431356548425;5.522652193509615
42.0;50.3429;7.504431356548425;5.522652193509615
42.6875;50.7429;7.504431356548425;5.522652193509615
43.375;51.3429;7.504431356548425;5.522652193509615
44.0;52.1429;7.504431356548425;5.522652193509615
44.6875;52.3714;7.504431356548425;5.522652193509615
45.3125;53.3143;7.504431356548425;5.522652193509615
45.875;53.5714;7.504431356548425;5.522652193509615
46.4375;54.2;7.504431356548425;5.522652193509615
47.0;54.6286;7.504431356548425;5.522652193509615
47.5625;55.1429;7.504431356548425;5.522652193509615
48.0625;56.0286;7.504431356548425;5.522652193509615
48.4375;56.6;7.504431356548425;5.522652193509615
48.625;57.2;7.504431356548425;5.522652193509615
48.6875;57.7714;7.504431356548425;5.522652193509615
48.6875;58.2571;7.504431356548425;5.522652193509615
48.625;58.8;7.504431356548425;5.522652193509615
48.6875;59.0857;7.504431356548425;5.522652193509615
49.25;59.1714;7.504431356548425;5.522652193509615
50.5625;59.8857;7.504431356548425;5.522652193509615
52.0625;60.5429;7.504431356548425;5.522652193509615
53.125;61.3714;7.504431356548425;5.522652193509615
53.625;61.7143;7.504431356548425;5.522652193509615
53.9375;62.2571;7.504431356548425;5.522652193509615
54.4375;63.0286;7.504431356548425;5.522652193509615
55.1875;63.1714;7.504431356548425;5.522652193509615
55.75;63.9714;7.504431356548425;5.522652193509615
56.25;64.5714;7.504431356548425;5.522652193509615
56.8125;65.5714;7.504431356548425;5.522652193509615
57.3125;65.8286;7.504431356548425;5.522652193509615
57.625;66.2571;7.504431356548425;5.522652193509615
57.8125;67.0;7.504431356548425;5.522652193509615
58.0;67.3429;7.504431356548425;5.522652193509615
58.375;67.8;7.504431356548425;5.522652193509615
58.9375;68.4;7.504431356548425;5.522652193509615
59.5625;68.7714;7.504431356548425;5.522652193509615
60.0625;67.8;7.504431356548425;5.522652193509615
60.5625;68.4857;7.504431356548425;5.522652193509615
60.875;69.2571;7.504431356548425;5.522652193509615
61.0625;69.6286;7.504431356548425;5.522652193509615
61.3125;70.4571;7.504431356548425;5.522652193509615
61.6875;70.7143;7.504431356548425;5.522652193509615
62.25;71.2571;7.504431356548425;5.522652193509615
62.8125;71.8571;7.504431356548425;5.522652193509615
63.125;72.0571;7.504431356548425;5.522652193509615
63.3125;72.3143;7.504431356548425;5.522652193509615
63.3125;72.9714;7.504431356548425;5.522652193509615
63.3125;73.4857;7.504431356548425;5.522652193509615
63.25;74.8571;7.504431356548425;5.522652193509615
63.3125;75.4;7.504431356548425;5.522652193509615
63.625;74.6286;7.504431356548425;5.522652193509615
64.375;75.1714;7.504431356548425;5.522652193509615
65.6875;75.9429;7.504431356548425;5.522652193509615
67.375;76.6286;7.504431356548425;5.522652193509615
68.8125;77.4;7.504431356548425;5.522652193509615
69.4375;78.1714;7.504431356548425;5.522652193509615
69.125;76.8286;7.504431356548425;5.522652193509615
68.5;78.5429;7.504431356548425;5.522652193509615
68.1875;80.3714;7.504431356548425;5.522652193509615
68.6875;80.1429;7.504431356548425;5.522652193509615
69.5;79.5714;7.504431356548425;5.522652193509615
70.5625;78.7429;7.504431356548425;5.522652193509615
71.8125;80.2571;7.504431356548425;5.522652193509615
72.875;80.9143;7.504431356548425;5.522652193509615
73.625;81.0286;7.504431356548425;5.522652193509615
73.75;81.5714;7.504431356548425;5.522652193509615
73.125;82.2857;7.504431356548425;5.522652193509615
72.4375;82.6286;7.504431356548425;5.522652193509615
72.1875;83.4571;7.504431356548425;5.522652193509615
72.375;83.9429;7.504431356548425;5.522652193509615
73.1875;83.1143;7.504431356548425;5.522652193509615
74.3125;83.8;7.504431356548425;5.522652193509615
75.1875;84.6;7.504431356548425;5.522652193509615
75.4375;84.6;7.504431356548425;5.522652193509615
75.25;84.1714;7.504431356548425;5.522652193509615
74.9375;84.9714;7.504431356548425;5.522652193509615
74.625;84.6857;7.504431356548425;5.522652193509615
74.5;86.3714;7.504431356548425;5.522652193509615
74.4375;87.7143;7.504431356548425;5.522652193509615
74.4375;88.5429;7.504431356548425;5.522652193509615
74.4375;89.0571;7.504431356548425;5.522652193509615
74.6875;88.6;7.504431356548425;5.522652193509615
75.5625;88.2857;7.504431356548425;5.522652193509615
76.875;89.0857;7.504431356548425;5.522652193509615
78.1875;89.7143;7.504431356548425;5.522652193509615
79.25;88.9143;7.504431356548425;5.522652193509615
79.75;89.4286;7.504431356548425;5.522652193509615
80.0625;89.6571;7.504431356548425;5.522652193509615
80.25;89.9714;7.504431356548425;5.522652193509615
80.125;90.8;7.504431356548425;5.522652193509615
79.8125;90.1429;7.504431356548425;5.522652193509615
79.6875;88.9714;7.504431356548425;5.522652193509615
79.8125;91.8857;7.504431356548425;5.522652193509615
80.3125;92.2;7.504431356548425;5.522652193509615
81.25;93.6;7.504431356548425;5.522652193509615
81.875;92.7714;7.504431356548425;5.522652193509615
81.9375;91.9143;7.504431356548425;5.522652193509615
81.8125;92.7714;7.504431356548425;5.522652193509615
81.8125;93.2857;7.504431356548425;5.522652193509615
81.9375;92.7429;7.504431356548425;5.522652193509615
82.25;94.6;7.504431356548425;5.522652193509615
82.75;96.7143;7.504431356548425;5.522652193509615
83.125;96.0;7.504431356548425;5.522652193509615
83.0625;96.5429;7.504431356548425;5.522652193509615
82.9375;96.2286;7.504431356548425;5.522652193509615
83.4375;97.1143;7.504431356548425;5.522652193509615
84.125;97.6286;7.504431356548425;5.522652193509615
84.8125;97.4;7.504431356548425;5.522652193509615
85.375;97.8571;7.504431356548425;5.522652193509615
85.6875;97.7714;7.504431356548425;5.522652193509615
85.75;98.3143;7.504431356548425;5.522652193509615
85.75;98.3714;7.504431356548425;5.522652193509615
85.6875;98.8571;7.504431356548425;5.522652193509615
85.875;99.6571;7.504431356548425;5.522652193509615
86.375;98.5714;7.504431356548425;5.522652193509615
87.125;99.9429;7.504431356548425;5.522652193509615
87.875;100.0571;7.504431356548425;5.522652193509615
88.5;100.6;7.504431356548425;5.522652193509615
88.875;100.9143;7.504431356548425;5.522652193509615
88.9375;101.3429;7.504431356548425;5.522652193509615
88.9375;101.7714;7.504431356548425;5.522652193509615
89.0625;101.6857;7.504431356548425;5.522652193509615
89.375;102.5714;7.504431356548425;5.522652193509615
90.125;102.8;7.504431356548425;5.522652193509615
90.875;103.8;7.504431356548425;5.522652193509615
91.4375;104.2;7.504431356548425;5.522652193509615
91.8125;104.1429;7.504431356548425;5.522652193509615
91.8125;103.9143;7.504431356548425;5.522652193509615
91.5625;104.6571;7.504431356548425;5.522652193509615
91.375;104.3429;7.504431356548425;5.522652193509615
91.625;103.9714;7.504431356548425;5.522652193509615
91.9375;105.2571;7.504431356548425;5.522652193509615
92.3125;105.5143;7.504431356548425;5.522652193509615
93.0;106.1429;7.504431356548425;5.522652193509615
93.8125;106.4;7.504431356548425;5.522652193509615
94.5;107.0;7.504431356548425;5.522652193509615
94.9375;107.1143;7.504431356548425;5.522652193509615
94.6875;108.0571;7.504431356548425;5.522652193509615
94.25;108.2857;7.504431356548425;5.522652193509615
94.4375;108.0857;7.504431356548425;5.522652193509615
94.9375;108.1429;7.504431356548425;5.522652193509615
95.4375;108.4;7.504431356548425;5.522652193509615
95.625;109.5143;7.504431356548425;5.522652193509615
95.75;109.0;7.504431356548425;5.522652193509615
95.75;108.3143;7.504431356548425;5.522652193509615
95.5;109.9429;7.504431356548425;5.522652193509615
94.875;110.4;7.504431356548425;5.522652193509615
94.6875;109.8571;7.504431356548425;5.522652193509615
95.125;110.6286;7.504431356548425;5.522652193509615
95.75;110.2571;7.504431356548425;5.522652193509615
96.0;111.0;7.504431356548425;5.522652193509615
96.125;111.1429;7.504431356548425;5.522652193509615
96.4375;111.8571;7.504431356548425;5.522652193509615
97.0625;111.4;7.504431356548425;5.522652193509615
97.6875;112.7429;7.504431356548425;5.522652193509615
98.0;112.3429;7.504431356548425;5.522652193509615
98.25;112.0571;7.504431356548425;5.522652193509615
98.625;112.0571;7.504431356548425;5.522652193509615
98.875;112.6857;7.504431356548425;5.522652193509615
98.875;113.0571;7.504431356548425;5.522652193509615
98.6875;113.8286;7.504431356548425;5.522652193509615
98.6875;113.1143;7.504431356548425;5.522652193509615
98.5625;114.6;7.504431356548425;5.522652193509615
98.75;112.8857;7.504431356548425;5.522652193509615
99.125;113.4571;7.504431356548425;5.522652193509615
99.125;114.4571;7.504431356548425;5.522652193509615
99.25;114.6;7.504431356548425;5.522652193509615
99.6875;114.3714;7.504431356548425;5.522652193509615
100.375;115.8571;7.504431356548425;5.522652193509615
100.875;115.4286;7.504431356548425;5.522652193509615
101.125;115.4857;7.504431356548425;5.522652193509615
101.4375;116.1143;7.504431356548425;5.522652193509615
101.875;116.0857;7.504431356548425;5.522652193509615
102.125;117.2857;7.504431356548425;5.522652193509615
102.25;117.6286;7.504431356548425;5.522652193509615
102.3125;117.0571;7.504431356548425;5.522652193509615
102.25;116.7143;7.504431356548425;5.522652193509615
101.75;117.4571;7.504431356548425;5.522652193509615
100.5625;116.2286;7.504431356548425;5.522652193509615
100.0625;116.7714;7.504431356548425;5.522652193509615
100.625;118.2286;7.504431356548425;5.522652193509615
101.3125;118.5429;7.504431356548425;5.522652193509615
102.0;117.2571;7.504431356548425;5.522652193509615
102.6875;117.7143;7.504431356548425;5.522652193509615
103.1875;118.4286;7.504431356548425;5.522652193509615
103.375;117.7429;7.504431356548425;5.522652193509615
103.375;118.2857;7.504431356548425;5.522652193509615
103.5625;118.6286;7.504431356548425;5.522652193509615
103.75;119.2286;7.504431356548425;5.522652193509615
103.5;118.2571;7.504431356548425;5.522652193509615
103.25;119.0;7.504431356548425;5.522652193509615
103.125;118.7429;7.504431356548425;5.522652193509615
102.8125;119.3714;7.504431356548425;5.522652193509615
102.25;119.4571;7.504431356548425;5.522652193509615
102.0;119.4857;7.504431356548425;5.522652193509615
102.5625;119.6571;7.504431356548425;5.522652193509615
103.3125;119.3143;7.504431356548425;5.522652193509615
104.0625;120.8;7.504431356548425;5.522652193509615
104.75;121.1143;7.504431356548425;5.522652193509615
105.0;120.5143;7.504431356548425;5.522652193509615
104.6875;120.6286;7.504431356548425;5.522652193509615
104.4375;120.2571;7.504431356548425;5.522652193509615
104.8125;121.8286;7.504431356548425;5.522652193509615
105.4375;121.8;7.504431356548425;5.522652193509615
105.9375;121.4857;7.504431356548425;5.522652193509615
106.1875;121.5714;7.504431356548425;5.522652193509615
106.25;122.2857;7.504431356548425;5.522652193509615
106.25;122.2571;7.504431356548425;5.522652193509615
106.1875;121.8286;7.504431356548425;5.522652193509615
106.0625;122.2571;7.504431356548425;5.522652193509615
105.8125;121.2857;7.504431356548425;5.522652193509615
105.5;122.1429;7.504431356548425;5.522652193509615
104.8125;122.8857;7.504431356548425;5.522652193509615
104.5;122.4571;7.504431356548425;5.522652193509615
104.875;124.1714;7.504431356548425;5.522652193509615
105.625;123.6;7.504431356548425;5.522652193509615
106.375;123.3714;7.504431356548425;5.522652193509615
107.0;123.7714;7.504431356548425;5.522652193509615
107.25;124.5714;7.504431356548425;5.522652193509615
107.1875;124.6286;7.504431356548425;5.522652193509615
106.9375;124.5714;7.504431356548425;5.522652193509615
106.4375;124.3714;7.504431356548425;5.522652193509615
105.9375;124.4286;7.504431356548425;5.522652193509615
106.0;123.4571;7.504431356548425;5.522652193509615
106.6875;124.2571;7.504431356548425;5.522652193509615
107.625;125.5714;7.504431356548425;5.522652193509615
107.9375;124.4286;7.504431356548425;5.522652193509615
107.375;124.1714;7.504431356548425;5.522652193509615
106.875;126.7143;7.504431356548425;5.522652193509615
106.875;126.5429;7.504431356548425;5.522652193509615
107.125;126.0857;7.504431356548425;5.522652193509615
107.75;125.6857;7.504431356548425;5.522652193509615
108.8125;127.2;7.504431356548425;5.522652193509615
109.625;127.1714;7.504431356548425;5.522652193509615
109.875;126.5143;7.504431356548425;5.522652193509615
109.9375;125.9714;7.504431356548425;5.522652193509615
109.9375;126.5429;7.504431356548425;5.522652193509615
109.875;125.2;7.504431356548425;5.522652193509615
109.875;126.7429;7.504431356548425;5.522652193509615
109.8125;127.2;7.504431356548425;5.522652193509615
109.8125;127.0857;7.504431356548425;5.522652193509615
109.75;128.0571;7.504431356548425;5.522652193509615
109.5625;127.9429;7.504431356548425;5.522652193509615
109.4375;128.1714;7.504431356548425;5.522652193509615
109.8125;128.4286;7.504431356548425;5.522652193509615
110.0625;128.6571;7.504431356548425;5.522652193509615
109.875;129.2;7.504431356548425;5.522652193509615
110.0;128.1714;7.504431356548425;5.522652193509615
110.5625;129.1714;7.504431356548425;5.522652193509615
111.1875;129.8857;7.504431356548425;5.522652193509615
111.4375;130.1429;7.504431356548425;5.522652193509615
111.125;128.8;7.504431356548425;5.522652193509615
110.8125;129.6286;7.504431356548425;5.522652193509615
110.8125;128.6857;7.504431356548425;5.522652193509615
111.0;129.7714;7.504431356548425;5.522652193509615
111.0625;130.1714;7.504431356548425;5.522652193509615
111.3125;129.7143;7.504431356548425;5.522652193509615
111.3125;130.4857;7.504431356548425;5.522652193509615
110.8125;131.4857;7.504431356548425;5.522652193509615
110.5625;131.4;7.504431356548425;5.522652193509615
110.5625;130.9429;7.504431356548425;5.522652193509615
110.5;131.4;7.504431356548425;5.522652193509615
110.875;130.5714;7.504431356548425;5.522652193509615
111.75;130.9714;7.504431356548425;5.522652193509615
112.625;130.4857;7.504431356548425;5.522652193509615
113.125;131.9714;7.504431356548425;5.522652193509615
113.3125;132.1143;7.504431356548425;5.522652193509615
113.625;132.4857;7.504431356548425;5.522652193509615
114.0;131.8286;7.504431356548425;5.522652193509615
114.25;131.3714;7.504431356548425;5.522652193509615
114.375;131.0;7.504431356548425;5.522652193509615
114.375;132.0571;7.504431356548425;5.522652193509615
114.375;130.9714;7.504431356548425;5.522652193509615
114.1875;131.5143;7.504431356548425;5.522652193509615
113.8125;132.0286;7.504431356548425;5.522652193509615
113.5625;132.3714;7.504431356548425;5.522652193509615
113.4375;132.1429;7.504431356548425;5.522652193509615
113.5625;132.8857;7.504431356548425;5.522652193509615
113.8125;134.0;7.504431356548425;5.522652193509615
113.8125;134.1429;7.504431356548425;5.522652193509615
113.375;133.8;7.504431356548425;5.522652193509615
113.0625;133.6857;7.504431356548425;5.522652193509615
113.25;133.6286;7.504431356548425;5.522652193509615
113.75;134.2571;7.504431356548425;5.522652193509615
114.125;134.1143;7.504431356548425;5.522652193509615
113.9375;133.3714;7.504431356548425;5.522652193509615
113.8125;133.7143;7.504431356548425;5.522652193509615
113.875;134.6;7.504431356548425;5.522652193509615
114.0625;134.4;7.504431356548425;5.522652193509615
114.25;133.5714;7.504431356548425;5.522652193509615
114.375;134.0571;7.504431356548425;5.522652193509615
114.6875;133.2857;7.504431356548425;5.522652193509615
115.0;132.6571;7.504431356548425;5.522652193509615
115.25;132.2286;7.504431356548425;5.522652193509615
115.4375;131.7429;7.504431356548425;5.522652193509615
115.125;131.4286;7.504431356548425;5.522652193509615
114.5;131.8286;7.504431356548425;5.522652193509615
114.3125;131.4857;7.504431356548425;5.522652193509615
114.6875;132.7429;7.504431356548425;5.522652193509615
114.875;131.3429;7.504431356548425;5.522652193509615
114.8125;131.0;7.504431356548425;5.522652193509615
114.625;130.4571;7.504431356548425;5.522652193509615
114.5;128.0857;7.504431356548425;5.522652193509615
114.4375;129.7714;7.504431356548425;5.522652193509615
114.4375;130.3429;7.504431356548425;5.522652193509615
114.25;130.3429;7.504431356548425;5.522652193509615
113.5625;127.5143;7.504431356548425;5.522652193509615
112.3125;126.5429;7.504431356548425;5.522652193509615
111.1875;127.6571;7.504431356548425;5.522652193509615
111.125;126.7714;7.504431356548425;5.522652193509615
111.6875;126.3143;7.504431356548425;5.522652193509615
111.6875;125.2286;7.504431356548425;5.522652193509615
111.125;125.6857;7.504431356548425;5.522652193509615
110.5625;125.0;7.504431356548425;5.522652193509615
109.75;124.6;7.504431356548425;5.522652193509615
108.9375;123.9429;7.504431356548425;5.522652193509615
108.6875;124.8571;7.504431356548425;5.522652193509615
108.5625;123.2571;7.504431356548425;5.522652193509615
108.25;123.0571;7.504431356548425;5.522652193509615
108.0625;122.2571;7.504431356548425;5.522652193509615
108.1875;121.8571;7.504431356548425;5.522652193509615
108.5;122.0;7.504431356548425;5.522652193509615
108.5;122.6286;7.504431356548425;5.522652193509615
108.0;121.8571;7.504431356548425;5.522652193509615
107.25;120.1143;7.504431356548425;5.522652193509615
106.375;120.6571;7.504431356548425;5.522652193509615
105.6875;121.0;7.504431356548425;5.522652193509615
105.6875;120.6571;7.504431356548425;5.522652193509615
105.75;119.5143;7.504431356548425;5.522652193509615
105.5625;118.9714;7.504431356548425;5.522652193509615
105.375;119.2857;7.504431356548425;5.522652193509615
104.875;119.4857;7.504431356548425;5.522652193509615
104.25;119.6571;7.504431356548425;5.522652193509615
103.8125;118.8571;7.504431356548425;5.522652193509615
103.625;117.9143;7.504431356548425;5.522652193509615
103.5625;117.2571;7.504431356548425;5.522652193509615
103.5625;117.3429;7.504431356548425;5.522652193509615
103.6875;117.1714;7.504431356548425;5.522652193509615
103.625;116.7429;7.504431356548425;5.522652193509615
103.3125;116.0857;7.504431356548425;5.522652193509615
102.625;115.2571;7.504431356548425;5.522652193509615
102.0625;114.8571;7.504431356548425;5.522652193509615
101.8125;115.6;7.504431356548425;5.522652193509615
101.6875;115.2571;7.504431356548425;5.522652193509615
101.9375;114.5714;7.504431356548425;5.522652193509615
102.0;113.4;7.504431356548425;5.522652193509615
101.4375;113.0286;7.504431356548425;5.522652193509615
100.75;114.0;7.504431356548425;5.522652193509615
100.125;112.9714;7.504431356548425;5.522652193509615
99.4375;111.8571;7.504431356548425;5.522652193509615
99.3125;111.1143;7.504431356548425;5.522652193509615
99.6875;111.2286;7.504431356548425;5.522652193509615
99.9375;111.2;7.504431356548425;5.522652193509615
99.625;110.7429;7.504431356548425;5.522652193509615
98.8125;109.8857;7.504431356548425;5.522652193509615
97.5625;110.2286;7.504431356548425;5.522652193509615
96.625;109.4857;7.504431356548425;5.522652193509615
96.625;109.4857;7.504431356548425;5.522652193509615
97.0;109.2571;7.504431356548425;5.522652193509615
97.4375;108.6857;7.504431356548425;5.522652193509615
97.8125;108.5143;7.504431356548425;5.522652193509615
97.8125;108.2571;7.504431356548425;5.522652193509615
97.6875;107.9714;7.504431356548425;5.522652193509615
97.5;107.8286;7.504431356548425;5.522652193509615
97.25;108.4857;7.504431356548425;5.522652193509615
97.125;107.6857;7.504431356548425;5.522652193509615
97.0625;106.8;7.504431356548425;5.522652193509615
97.0625;106.6857;7.504431356548425;5.522652193509615
97.0625;105.6286;7.504431356548425;5.522652193509615
96.8125;105.6286;7.504431356548425;5.522652193509615
96.25;105.8857;7.504431356548425;5.522652193509615
95.625;104.9429;7.504431356548425;5.522652193509615
95.0;104.3143;7.504431356548425;5.522652193509615
94.375;104.9714;7.504431356548425;5.522652193509615
93.875;104.2571;7.504431356548425;5.522652193509615
93.625;104.0857;7.504431356548425;5.522652193509615
93.5625;103.7143;7.504431356548425;5.522652193509615
93.375;103.7143;7.504431356548425;5.522652193509615
92.8125;103.6571;7.504431356548425;5.522652193509615
92.125;102.8571;7.504431356548425;5.522652193509615
91.6875;103.4571;7.504431356548425;5.522652193509615
91.625;102.4;7.504431356548425;5.522652193509615
91.875;101.5429;7.504431356548425;5.522652193509615
92.0;100.2571;7.504431356548425;5.522652193509615
91.625;99.7143;7.504431356548425;5.522652193509615
91.0625;98.8;7.504431356548425;5.522652193509615
90.8125;98.8857;7.504431356548425;5.522652193509615
91.0;97.3714;7.504431356548425;5.522652193509615
91.25;97.0571;7.504431356548425;5.522652193509615
91.0625;97.6;7.504431356548425;5.522652193509615
90.0625;97.2;7.504431356548425;5.522652193509615
88.6875;98.0857;7.504431356548425;5.522652193509615
87.6875;97.8286;7.504431356548425;5.522652193509615
86.9375;98.2571;7.504431356548425;5.522652193509615
86.375;97.7143;7.504431356548425;5.522652193509615
85.8125;97.5429;7.504431356548425;5.522652193509615
85.25;97.5714;7.504431356548425;5.522652193509615
84.875;96.8857;7.504431356548425;5.522652193509615
84.6875;96.7714;7.504431356548425;5.522652193509615
84.6875;95.1429;7.504431356548425;5.522652193509615
84.6875;94.7714;7.504431356548425;5.522652193509615
85.0625;92.6;7.504431356548425;5.522652193509615
86.0;94.2571;7.504431356548425;5.522652193509615
86.875;95.0571;7.504431356548425;5.522652193509615
86.9375;94.0;7.504431356548425;5.522652193509615
86.1875;95.2286;7.504431356548425;5.522652193509615
85.375;94.1143;7.504431356548425;5.522652193509615
85.125;92.3429;7.504431356548425;5.522652193509615
85.125;91.5143;7.504431356548425;5.522652193509615
85.1875;92.4286;7.504431356548425;5.522652193509615
85.4375;94.2857;7.504431356548425;5.522652193509615
85.375;93.9714;7.504431356548425;5.522652193509615
84.625;92.9714;7.504431356548425;5.522652193509615
83.4375;93.1714;7.504431356548425;5.522652193509615
82.9375;93.2;7.504431356548425;5.522652193509615
83.25;91.9143;7.504431356548425;5.522652193509615
83.5625;91.7429;7.504431356548425;5.522652193509615
83.5;92.2571;7.504431356548425;5.522652193509615
83.25;91.2571;7.504431356548425;5.522652193509615
82.875;89.6286;7.504431356548425;5.522652193509615
82.875;89.4;7.504431356548425;5.522652193509615
83.25;91.0;7.504431356548425;5.522652193509615
83.375;91.1143;7.504431356548425;5.522652193509615
83.0;89.3714;7.504431356548425;5.522652193509615
82.1875;88.7714;7.504431356548425;5.522652193509615
81.3125;87.4;7.504431356548425;5.522652193509615
80.75;87.6571;7.504431356548425;5.522652193509615
80.625;88.3143;7.504431356548425;5.522652193509615
80.8125;86.6286;7.504431356548425;5.522652193509615
81.0625;87.5143;7.504431356548425;5.522652193509615
81.1875;85.4857;7.504431356548425;5.522652193509615
81.25;88.2;7.504431356548425;5.522652193509615
81.25;88.4;7.504431356548425;5.522652193509615
81.0;87.8857;7.504431356548425;5.522652193509615
80.25;87.8857;7.504431356548425;5.522652193509615
79.5;87.3429;7.504431356548425;5.522652193509615
79.0625;86.8286;7.504431356548425;5.522652193509615
78.875;85.5143;7.504431356548425;5.522652193509615
78.5;86.1143;7.504431356548425;5.522652193509615
78.125;86.2;7.504431356548425;5.522652193509615
78.125;85.8;7.504431356548425;5.522652193509615
78.125;86.2286;7.504431356548425;5.522652193509615
77.9375;85.1143;7.504431356548425;5.522652193509615
77.9375;84.5429;7.504431356548425;5.522652193509615
78.125;84.8571;7.504431356548425;5.522652193509615
78.25;85.0571;7.504431356548425;5.522652193509615
77.9375;84.4;7.504431356548425;5.522652193509615
77.375;83.8571;7.504431356548425;5.522652193509615
77.0;84.7429;7.504431356548425;5.522652193509615
76.625;84.6857;7.504431356548425;5.522652193509615
76.1875;84.5714;7.504431356548425;5.522652193509615
76.125;83.7429;7.504431356548425;5.522652193509615
76.0;82.3429;7.504431356548425;5.522652193509615
75.4375;82.5429;7.504431356548425;5.522652193509615
75.0625;83.7714;7.504431356548425;5.522652193509615
75.4375;82.5429;7.504431356548425;5.522652193509615
75.9375;83.8;7.504431356548425;5.522652193509615
75.6875;83.1429;7.504431356548425;5.522652193509615
75.0;81.1429;7.504431356548425;5.522652193509615
74.5625;81.3714;7.504431356548425;5.522652193509615
74.625;80.5143;7.504431356548425;5.522652193509615
74.75;80.6857;7.504431356548425;5.522652193509615
74.875;81.0857;7.504431356548425;5.522652193509615
74.9375;79.4857;7.504431356548425;5.522652193509615
75.0;80.1429;7.504431356548425;5.522652193509615
74.9375;80.9714;7.504431356548425;5.522652193509615
74.75;81.7143;7.504431356548425;5.522652193509615
74.375;82.0571;7.504431356548425;5.522652193509615
73.9375;81.5429;7.504431356548425;5.522652193509615
73.5625;80.8;7.504431356548425;5.522652193509615
73.5625;79.5714;7.504431356548425;5.522652193509615
73.5625;79.0;7.504431356548425;5.522652193509615
73.5625;78.5714;7.504431356548425;5.522652193509615
73.25;78.5143;7.504431356548425;5.522652193509615
72.625;78.2857;7.504431356548425;5.522652193509615
71.8125;78.1714;7.504431356548425;5.522652193509615
71.3125;78.9143;7.504431356548425;5.522652193509615
71.375;78.4857;7.504431356548425;5.522652193509615
71.625;78.4286;7.504431356548425;5.522652193509615
71.75;78.1714;7.504431356548425;5.522652193509615
71.6875;77.9429;7.504431356548425;5.522652193509615
71.4375;77.6286;7.504431356548425;5.522652193509615
71.25;77.9429;7.504431356548425;5.522652193509615
71.4375;78.5143;7.504431356548425;5.522652193509615
71.5;78.8857;7.504431356548425;5.522652193509615
71.1875;78.8571;7.504431356548425;5.522652193509615
70.875;79.3429;7.504431356548425;5.522652193509615
70.75;78.7714;7.504431356548425;5.522652193509615
70.9375;78.0286;7.504431356548425;5.522652193509615
71.1875;77.5143;7.504431356548425;5.522652193509615
71.25;75.4571;7.504431356548425;5.522652193509615
71.0625;75.4;7.504431356548425;5.522652193509615
70.6875;74.9714;7.504431356548425;5.522652193509615
70.4375;74.4286;7.504431356548425;5.522652193509615
70.3125;74.4;7.504431356548425;5.522652193509615
70.3125;75.2857;7.504431356548425;5.522652193509615
70.25;74.2;7.504431356548425;5.522652193509615
70.25;75.7429;7.504431356548425;5.522652193509615
70.0625;75.5429;7.504431356548425;5.522652193509615
69.5;74.6;7.504431356548425;5.522652193509615
68.5625;74.1714;7.504431356548425;5.522652193509615
68.0;75.4;7.504431356548425;5.522652193509615
68.0;75.4857;7.504431356548425;5.522652193509615
68.125;74.7714;7.504431356548425;5.522652193509615
67.875;73.6286;7.504431356548425;5.522652193509615
67.4375;72.3714;7.504431356548425;5.522652193509615
67.1875;72.6857;7.504431356548425;5.522652193509615
67.0;73.8;7.504431356548425;5.522652193509615
66.875;73.4;7.504431356548425;5.522652193509615
66.625;73.2571;7.504431356548425;5.522652193509615
66.125;73.2;7.504431356548425;5.522652193509615
65.625;72.7714;7.504431356548425;5.522652193509615
65.5625;72.0571;7.504431356548425;5.522652193509615
65.5625;70.6286;7.504431356548425;5.522652193509615
65.5;70.0571;7.504431356548425;5.522652193509615
65.375;71.8286;7.504431356548425;5.522652193509615
65.375;70.8286;7.504431356548425;5.522652193509615
65.1875;71.7429;7.504431356548425;5.522652193509615
64.75;72.1429;7.504431356548425;5.522652193509615
64.4375;71.2857;7.504431356548425;5.522652193509615
64.375;71.7143;7.504431356548425;5.522652193509615
64.375;70.2857;7.504431356548425;5.522652193509615
64.875;70.5714;7.504431356548425;5.522652193509615
65.5;70.6;7.504431356548425;5.522652193509615
65.9375;71.4857;7.504431356548425;5.522652193509615
66.125;70.8;7.504431356548425;5.522652193509615
66.1875;70.9714;7.504431356548425;5.522652193509615
66.1875;70.5714;7.504431356548425;5.522652193509615
66.125;69.9429;7.504431356548425;5.522652193509615
65.875;70.4857;7.504431356548425;5.522652193509615
65.125;69.9714;7.504431356548425;5.522652193509615
64.125;69.4857;7.504431356548425;5.522652193509615
63.5;68.6286;7.504431356548425;5.522652193509615
63.0625;68.7143;7.504431356548425;5.522652193509615
62.875;67.6857;7.504431356548425;5.522652193509615
62.8125;68.4571;7.504431356548425;5.522652193509615
62.9375;68.3429;7.504431356548425;5.522652193509615
63.25;69.0857;7.504431356548425;5.522652193509615
63.0625;68.4;7.504431356548425;5.522652193509615
62.25;67.1143;7.504431356548425;5.522652193509615
61.25;66.6;7.504431356548425;5.522652193509615
60.6875;66.5714;7.504431356548425;5.522652193509615
60.6875;66.0;7.504431356548425;5.522652193509615
60.6875;66.6;7.504431356548425;5.522652193509615
60.5;66.6286;7.504431356548425;5.522652193509615
60.3125;66.9714;7.504431356548425;5.522652193509615
60.0625;65.7714;7.504431356548425;5.522652193509615
59.6875;65.6286;7.504431356548425;5.522652193509615
59.3125;66.0571;7.504431356548425;5.522652193509615
58.9375;65.8;7.504431356548425;5.522652193509615
58.9375;66.0286;7.504431356548425;5.522652193509615
59.3125;66.1143;7.504431356548425;5.522652193509615
59.625;64.9714;7.504431356548425;5.522652193509615
59.5;65.1429;7.504431356548425;5.522652193509615
59.1875;64.8571;7.504431356548425;5.522652193509615
58.8125;64.8857;7.504431356548425;5.522652193509615
58.4375;64.9143;7.504431356548425;5.522652193509615
58.25;64.6286;7.504431356548425;5.522652193509615
58.1875;64.6;7.504431356548425;5.522652193509615
58.25;64.4857;7.504431356548425;5.522652193509615
58.25;64.4286;7.504431356548425;5.522652193509615
58.25;65.3143;7.504431356548425;5.522652193509615
58.1875;65.2857;7.504431356548425;5.522652193509615
57.9375;64.5429;7.504431356548425;5.522652193509615
57.6875;64.2571;7.504431356548425;5.522652193509615
57.75;63.6286;7.504431356548425;5.522652193509615
58.0;62.8;7.504431356548425;5.522652193509615
58.375;63.0571;7.504431356548425;5.522652193509615
58.5625;62.6857;7.504431356548425;5.522652193509615
58.3125;63.0286;7.504431356548425;5.522652193509615
57.625;63.4;7.504431356548425;5.522652193509615
56.875;62.8571;7.504431356548425;5.522652193509615
56.6875;61.6;7.504431356548425;5.522652193509615
56.8125;61.2857;7.504431356548425;5.522652193509615
57.3125;61.2571;7.504431356548425;5.522652193509615
57.6875;61.3714;7.504431356548425;5.522652193509615
57.375;61.1714;7.504431356548425;5.522652193509615
56.5;61.6857;7.504431356548425;5.522652193509615
55.8125;61.3429;7.504431356548425;5.522652193509615
55.75;61.7429;7.504431356548425;5.522652193509615
56.0;60.6571;7.504431356548425;5.522652193509615
56.25;60.3429;7.504431356548425;5.522652193509615
56.1875;60.7429;7.504431356548425;5.522652193509615
56.0;60.0286;7.504431356548425;5.522652193509615
55.9375;60.5143;7.504431356548425;5.522652193509615
55.6875;60.4571;7.504431356548425;5.522652193509615
55.3125;60.3429;7.504431356548425;5.522652193509615
55.0;60.1143;7.504431356548425;5.522652193509615
54.8125;59.7429;7.504431356548425;5.522652193509615
54.75;59.7714;7.504431356548425;5.522652193509615
54.75;59.7429;7.504431356548425;5.522652193509615
54.75;59.0571;7.504431356548425;5.522652193509615
54.75;58.4571;7.504431356548425;5.522652193509615
54.75;57.9714;7.504431356548425;5.522652193509615
54.75;58.5429;7.504431356548425;5.522652193509615
54.75;58.8286;7.504431356548425;5.522652193509615
54.625;58.7143;7.504431356548425;5.522652193509615
54.25;59.0857;7.504431356548425;5.522652193509615
53.5625;59.1143;7.504431356548425;5.522652193509615
52.9375;58.5714;7.504431356548425;5.522652193509615
52.875;57.9429;7.504431356548425;5.522652193509615
53.3125;57.8;7.504431356548425;5.522652193509615
53.9375;58.2286;7.504431356548425;5.522652193509615
54.3125;58.5429;7.504431356548425;5.522652193509615
54.0625;57.9714;7.504431356548425;5.522652193509615
53.375;57.7714;7.504431356548425;5.522652193509615
52.8125;57.1429;7.504431356548425;5.522652193509615
52.75;56.2857;7.504431356548425;5.522652193509615
53.0;56.4;7.504431356548425;5.522652193509615
53.0625;56.0857;7.504431356548425;5.522652193509615
52.8125;56.3429;7.504431356548425;5.522652193509615
52.25;56.1143;7.504431356548425;5.522652193509615
51.6875;56.3429;7.504431356548425;5.522652193509615
51.375;55.5714;7.504431356548425;5.522652193509615
51.3125;56.2571;7.504431356548425;5.522652193509615
51.5625;56.2;7.504431356548425;5.522652193509615
51.8125;55.3714;7.504431356548425;5.522652193509615
51.75;55.5429;7.504431356548425;5.522652193509615
51.6875;55.3429;7.504431356548425;5.522652193509615
51.5625;55.0857;7.504431356548425;5.522652193509615
51.3125;54.9143;7.504431356548425;5.522652193509615
51.125;55.0857;7.504431356548425;5.522652193509615
51.0;55.2857;7.504431356548425;5.522652193509615
51.0;55.5714;7.504431356548425;5.522652193509615
51.0;55.6;7.504431356548425;5.522652193509615
51.125;55.4857;7.504431356548425;5.522652193509615
51.1875;55.2;7.504431356548425;5.522652193509615
50.9375;54.6286;7.504431356548425;5.522652193509615
50.75;54.0857;7.504431356548425;5.522652193509615
50.875;53.9143;7.504431356548425;5.522652193509615
51.0;53.7429;7.504431356548425;5.522652193509615
51.0625;53.8;7.504431356548425;5.522652193509615
50.8125;54.2857;7.504431356548425;5.522652193509615
50.25;53.4286;7.504431356548425;5.522652193509615
49.625;53.8857;7.504431356548425;5.522652193509615
49.0625;53.9143;7.504431356548425;5.522652193509615
48.875;53.7714;7.504431356548425;5.522652193509615
48.9375;53.2857;7.504431356548425;5.522652193509615
49.0;53.0571;7.504431356548425;5.522652193509615
49.0;52.6;7.504431356548425;5.522652193509615
49.125;52.4286;7.504431356548425;5.522652193509615
49.375;52.2571;7.504431356548425;5.522652193509615
49.375;51.8857;7.504431356548425;5.522652193509615
49.25;51.7429;7.504431356548425;5.522652193509615
48.9375;52.1143;7.504431356548425;5.522652193509615
48.3125;52.0571;7.504431356548425;5.522652193509615
47.6875;52.4286;7.504431356548425;5.522652193509615
47.3125;52.1143;7.504431356548425;5.522652193509615
47.25;51.4857;7.504431356548425;5.522652193509615
47.25;51.5714;7.504431356548425;5.522652193509615
47.4375;51.9429;7.504431356548425;5.522652193509615
47.75;51.7429;7.504431356548425;5.522652193509615
48.0;51.9714;7.504431356548425;5.522652193509615
48.125;52.0286;7.504431356548425;5.522652193509615
48.1875;51.8286;7.504431356548425;5.522652193509615
48.1875;51.3143;7.504431356548425;5.522652193509615
48.1875;51.1143;7.504431356548425;5.522652193509615
48.125;50.9429;7.504431356548425;5.522652193509615
47.9375;50.7429;7.504431356548425;5.522652193509615
47.6875;50.7714;7.504431356548425;5.522652193509615
47.5;50.4;7.504431356548425;5.522652193509615
47.25;50.2571;7.504431356548425;5.522652193509615
46.9375;49.2;7.504431356548425;5.522652193509615
46.875;49.1714;7.504431356548425;5.522652193509615
46.9375;48.7714;7.504431356548425;5.522652193509615
46.8125;48.9429;7.504431356548425;5.522652193509615
46.25;49.3429;7.504431356548425;5.522652193509615
45.3125;48.8286;7.504431356548425;5.522652193509615
44.5;48.6571;7.504431356548425;5.522652193509615
44.0625;48.6571;7.504431356548425;5.522652193509615
44.25;48.2571;7.504431356548425;5.522652193509615
44.625;48.5714;7.504431356548425;5.522652193509615
44.6875;48.4;7.504431356548425;5.522652193509615
44.75;48.5714;7.504431356548425;5.522652193509615
45.0;48.6286;7.504431356548425;5.522652193509615
45.0;48.2857;7.504431356548425;5.522652193509615
44.875;48.2;7.504431356548425;5.522652193509615
44.6875;48.1714;7.504431356548425;5.522652193509615
44.5625;48.3143;7.504431356548425;5.522652193509615
44.375;48.4;7.504431356548425;5.522652193509615
44.0;48.0857;7.504431356548425;5.522652193509615
43.6875;48.0286;7.504431356548425;5.522652193509615
43.6875;48.8286;7.504431356548425;5.522652193509615
44.25;48.6857;7.504431356548425;5.522652193509615
44.9375;48.2857;7.504431356548425;5.522652193509615
45.5;47.6571;7.504431356548425;5.522652193509615
45.6875;47.0286;7.504431356548425;5.522652193509615
45.75;47.3429;7.504431356548425;5.522652193509615
45.75;47.6571;7.504431356548425;5.522652193509615
45.5625;47.8571;7.504431356548425;5.522652193509615
44.875;48.0286;7.504431356548425;5.522652193509615
43.9375;47.4286;7.504431356548425;5.522652193509615
43.25;46.6571;7.504431356548425;5.522652193509615
43.0625;46.8857;7.504431356548425;5.522652193509615
43.125;46.8286;7.504431356548425;5.522652193509615
43.0625;46.7143;7.504431356548425;5.522652193509615
42.75;46.2857;7.504431356548425;5.522652193509615
42.3125;46.2857;7.504431356548425;5.522652193509615
42.125;45.6;7.504431356548425;5.522652193509615
42.125;45.0286;7.504431356548425;5.522652193509615
42.0625;44.6286;7.504431356548425;5.522652193509615
41.875;44.9714;7.504431356548425;5.522652193509615
41.5625;45.2286;7.504431356548425;5.522652193509615
41.25;45.5714;7.504431356548425;5.522652193509615
40.875;45.1429;7.504431356548425;5.522652193509615
40.4375;45.0286;7.504431356548425;5.522652193509615
40.125;44.8571;7.504431356548425;5.522652193509615
40.0;44.8;7.504431356548425;5.522652193509615
40.125;44.7143;7.504431356548425;5.522652193509615
40.3125;44.4571;7.504431356548425;5.522652193509615
40.375;44.0571;7.504431356548425;5.522652193509615
40.375;44.0571;7.504431356548425;5.522652193509615
40.3125;43.8;7.504431356548425;5.522652193509615
40.25;43.9714;7.504431356548425;5.522652193509615
39.9375;44.2857;7.504431356548425;5.522652193509615
39.4375;44.4286;7.504431356548425;5.522652193509615
39.125;44.4286;7.504431356548425;5.522652193509615
38.9375;44.0286;7.504431356548425;5.522652193509615
38.875;44.0286;7.504431356548425;5.522652193509615
38.9375;43.9143;7.504431356548425;5.522652193509615
38.9375;43.6857;7.504431356548425;5.522652193509615
39.0;44.1714;7.504431356548425;5.522652193509615
39.0;44.1429;7.504431356548425;5.522652193509615
38.8125;44.0857;7.504431356548425;5.522652193509615
38.5625;43.6857;7.504431356548425;5.522652193509615
38.4375;43.6286;7.504431356548425;5.522652193509615
38.625;43.7714;7.504431356548425;5.522652193509615
39.125;43.7714;7.504431356548425;5.522652193509615
39.5625;43.5429;7.504431356548425;5.522652193509615
39.75;43.4571;7.504431356548425;5.522652193509615
39.4375;43.4286;7.504431356548425;5.522652193509615
38.875;43.2571;7.504431356548425;5.522652193509615
38.375;43.0;7.504431356548425;5.522652193509615
38.1875;42.9143;7.504431356548425;5.522652193509615
38.1875;42.8571;7.504431356548425;5.522652193509615
38.3125;42.4286;7.504431356548425;5.522652193509615
38.5;42.1714;7.504431356548425;5.522652193509615
38.5;41.6;7.504431356548425;5.522652193509615
38.1875;41.7714;7.504431356548425;5.522652193509615
37.8125;41.6857;7.504431356548425;5.522652193509615
37.375;41.6857;7.504431356548425;5.522652193509615
37.0625;41.8;7.504431356548425;5.522652193509615
36.9375;42.2571;7.504431356548425;5.522652193509615
37.0;42.1143;7.504431356548425;5.522652193509615
37.1875;42.1429;7.504431356548425;5.522652193509615
37.25;41.6;7.504431356548425;5.522652193509615
37.375;41.6857;7.504431356548425;5.522652193509615
37.4375;41.3714;7.504431356548425;5.522652193509615
37.5;41.4286;7.504431356548425;5.522652193509615
37.5625;41.5143;7.504431356548425;5.522652193509615
37.5625;41.2571;7.504431356548425;5.522652193509615
37.5625;40.9714;7.504431356548425;5.522652193509615
37.5625;40.5429;7.504431356548425;5.522652193509615
37.5625;39.9429;7.504431356548425;5.522652193509615
37.5625;39.7714;7.504431356548425;5.522652193509615
37.25;40.0;7.504431356548425;5.522652193509615
36.6875;40.3143;7.504431356548425;5.522652193509615
36.3125;40.2857;7.504431356548425;5.522652193509615
36.0625;40.1143;7.504431356548425;5.522652193509615
35.9375;39.7143;7.504431356548425;5.522652193509615
35.875;39.4;7.504431356548425;5.522652193509615
35.875;39.5429;7.504431356548425;5.522652193509615
36.0;39.5143;7.504431356548425;5.522652193509615
36.0;39.6286;7.504431356548425;5.522652193509615
35.75;39.3429;7.504431356548425;5.522652193509615
35.375;39.4;7.504431356548425;5.522652193509615
35.0;39.4571;7.504431356548425;5.522652193509615
34.875;39.4;7.504431356548425;5.522652193509615
34.8125;39.0286;7.504431356548425;5.522652193509615
34.8125;38.8571;7.504431356548425;5.522652193509615
34.9375;38.9714;7.504431356548425;5.522652193509615
35.125;39.0857;7.504431356548425;5.522652193509615
35.3125;38.6571;7.504431356548425;5.522652193509615
35.375;38.4;7.504431356548425;5.522652193509615
35.25;38.2286;7.504431356548425;5.522652193509615
34.875;38.0857;7.504431356548425;5.522652193509615
34.625;37.9714;7.504431356548425;5.522652193509615
34.5625;37.6571;7.504431356548425;5.522652193509615
34.5625;37.3714;7.504431356548425;5.522652193509615
34.5625;37.2;7.504431356548425;5.522652193509615
34.625;37.5714;7.504431356548425;5.522652193509615
34.625;37.5714;7.504431356548425;5.522652193509615
34.625;37.6571;7.504431356548425;5.522652193509615
34.6875;37.3143;7.504431356548425;5.522652193509615
34.6875;37.0571;7.504431356548425;5.522652193509615
34.5625;37.0286;7.504431356548425;5.522652193509615
34.3125;36.9429;7.504431356548425;5.522652193509615
34.0;37.1429;7.504431356548425;5.522652193509615
33.625;37.0571;7.504431356548425;5.522652193509615
33.125;36.8857;7.504431356548425;5.522652193509615
32.8125;36.4571;7.504431356548425;5.522652193509615
32.6875;36.2571;7.504431356548425;5.522652193509615
32.6875;36.1714;7.504431356548425;5.522652193509615
32.6875;36.2857;7.504431356548425;5.522652193509615
32.75;36.2857;7.504431356548425;5.522652193509615
32.75;36.2857;7.504431356548425;5.522652193509615
32.5625;36.2571;7.504431356548425;5.522652193509615
32.3125;36.2;7.504431356548425;5.522652193509615
32.0625;36.0571;7.504431356548425;5.522652193509615
31.9375;36.2857;7.504431356548425;5.522652193509615
32.0625;36.2857;7.504431356548425;5.522652193509615
32.3125;36.1714;7.504431356548425;5.522652193509615
32.4375;36.1714;7.504431356548425;5.522652193509615
32.375;35.7429;7.504431356548425;5.522652193509615
32.3125;35.3429;7.504431356548425;5.522652193509615
32.3125;35.1714;7.504431356548425;5.522652193509615
32.3125;35.1714;7.504431356548425;5.522652193509615
32.125;35.0286;7.504431356548425;5.522652193509615
31.75;34.7714;7.504431356548425;5.522652193509615
31.375;34.4;7.504431356548425;5.522652193509615
31.125;34.2571;7.504431356548425;5.522652193509615
30.9375;34.1429;7.504431356548425;5.522652193509615
30.9375;34.1714;7.504431356548425;5.522652193509615
30.9375;34.2571;7.504431356548425;5.522652193509615
30.9375;34.5143;7.504431356548425;5.522652193509615
30.9375;34.4;7.504431356548425;5.522652193509615
31.0;34.5429;7.504431356548425;5.522652193509615
31.0;34.5714;7.504431356548425;5.522652193509615
30.9375;34.3143;7.504431356548425;5.522652193509615
30.75;34.2571;7.504431356548425;5.522652193509615
30.75;33.8;7.504431356548425;5.522652193509615
30.875;33.3429;7.504431356548425;5.522652193509615
31.0;33.4571;7.504431356548425;5.522652193509615
31.0;33.5714;7.504431356548425;5.522652193509615
30.8125;33.2571;7.504431356548425;5.522652193509615
30.3125;33.0571;7.504431356548425;5.522652193509615
29.8125;32.8571;7.504431356548425;5.522652193509615
29.6875;32.6286;7.504431356548425;5.522652193509615
29.8125;33.0286;7.504431356548425;5.522652193509615
30.0;32.5429;7.504431356548425;5.522652193509615
30.0;32.4571;7.504431356548425;5.522652193509615
29.75;32.5714;7.504431356548425;5.522652193509615
29.5;32.8286;7.504431356548425;5.522652193509615
29.25;32.9429;7.504431356548425;5.522652193509615
28.9375;32.8;7.504431356548425;5.522652193509615
28.625;32.4571;7.504431356548425;5.522652193509615
28.5;32.4;7.504431356548425;5.522652193509615
28.6875;32.2571;7.504431356548425;5.522652193509615
29.0;32.4286;7.504431356548425;5.522652193509615
29.1875;32.5429;7.504431356548425;5.522652193509615
29.0;32.3429;7.504431356548425;5.522652193509615
28.6875;32.1429;7.504431356548425;5.522652193509615
28.5625;32.0571;7.504431356548425;5.522652193509615
28.6875;31.8286;7.504431356548425;5.522652193509615
28.875;31.2857;7.504431356548425;5.522652193509615
29.0;31.0857;7.504431356548425;5.522652193509615
29.0625;31.2571;7.504431356548425;5.522652193509615
29.0625;31.3714;7.504431356548425;5.522652193509615
29.0625;31.3714;7.504431356548425;5.522652193509615
29.125;30.9714;7.504431356548425;5.522652193509615
29.0625;30.7429;7.504431356548425;5.522652193509615
28.6875;30.8286;7.504431356548425;5.522652193509615
28.1875;30.9429;7.504431356548425;5.522652193509615
27.9375;30.7429;7.504431356548425;5.522652193509615
27.75;30.4;7.504431356548425;5.522652193509615
27.5;30.3714;7.504431356548425;5.522652193509615
27.375;30.3143;7.504431356548425;5.522652193509615
27.375;30.4286;7.504431356548425;5.522652193509615
27.3125;30.3714;7.504431356548425;5.522652193509615
27.125;30.3714;7.504431356548425;5.522652193509615
27.0;30.3429;7.504431356548425;5.522652193509615
27.0;30.2;7.504431356548425;5.522652193509615
27.0625;30.3143;7.504431356548425;5.522652193509615
27.1875;30.2571;7.504431356548425;5.522652193509615
27.25;30.2;7.504431356548425;5.522652193509615
27.125;30.1429;7.504431356548425;5.522652193509615
26.9375;30.0;7.504431356548425;5.522652193509615
26.875;30.2571;7.504431356548425;5.522652193509615
26.875;30.0571;7.504431356548425;5.522652193509615
26.8125;29.8;7.504431356548425;5.522652193509615
26.8125;29.5429;7.504431356548425;5.522652193509615
26.9375;29.1143;7.504431356548425;5.522652193509615
27.0;28.8857;7.504431356548425;5.522652193509615
26.9375;28.7429;7.504431356548425;5.522652193509615
26.75;28.7143;7.504431356548425;5.522652193509615
26.4375;28.6;7.504431356548425;5.522652193509615
26.3125;28.5143;7.504431356548425;5.522652193509615
26.1875;28.5429;7.504431356548425;5.522652193509615
26.1875;28.3429;7.504431356548425;5.522652193509615
26.1875;28.2;7.504431356548425;5.522652193509615
26.1875;28.2571;7.504431356548425;5.522652193509615
26.1875;28.1714;7.504431356548425;5.522652193509615
26.0;28.0571;7.504431356548425;5.522652193509615
25.75;28.0857;7.504431356548425;5.522652193509615
25.5625;28.0571;7.504431356548425;5.522652193509615
25.4375;27.9714;7.504431356548425;5.522652193509615
25.3125;27.9143;7.504431356548425;5.522652193509615
25.1875;28.0286;7.504431356548425;5.522652193509615
25.125;28.0857;7.504431356548425;5.522652193509615
25.0625;28.0857;7.504431356548425;5.522652193509615
25.0625;28.1429;7.504431356548425;5.522652193509615
25.0625;28.0571;7.504431356548425;5.522652193509615
25.0625;28.0;7.504431356548425;5.522652193509615
25.0625;27.9429;7.504431356548425;5.522652193509615
25.125;27.6571;7.504431356548425;5.522652193509615
25.1875;27.5429;7.504431356548425;5.522652193509615
25.25;27.3429;7.504431356548425;5.522652193509615
25.25;27.2286;7.504431356548425;5.522652193509615
25.0625;27.0857;7.504431356548425;5.522652193509615
24.875;27.0286;7.504431356548425;5.522652193509615
24.625;26.9143;7.504431356548425;5.522652193509615
24.4375;26.8571;7.504431356548425;5.522652193509615
24.375;26.7429;7.504431356548425;5.522652193509615
24.4375;26.5429;7.504431356548425;5.522652193509615
24.5;26.6571;7.504431356548425;5.522652193509615
24.375;26.4286;7.504431356548425;5.522652193509615
24.1875;26.3429;7.504431356548425;5.522652193509615
24.0625;26.1714;7.504431356548425;5.522652193509615
24.0;26.3143;7.504431356548425;5.522652193509615
24.0625;26.2;7.504431356548425;5.522652193509615
24.0625;26.0571;7.504431356548425;5.522652193509615
24.0625;26.0286;7.504431356548425;5.522652193509615
24.125;25.9143;7.504431356548425;5.522652193509615
24.0625;25.8571;7.504431356548425;5.522652193509615
23.9375;25.8286;7.504431356548425;5.522652193509615
23.6875;25.7429;7.504431356548425;5.522652193509615
23.4375;25.6;7.504431356548425;5.522652193509615
23.375;25.5429;7.504431356548425;5.522652193509615
23.3125;25.4286;7.504431356548425;5.522652193509615
23.1875;25.4286;7.504431356548425;5.522652193509615
23.125;25.2286;7.504431356548425;5.522652193509615
23.0625;25.2;7.504431356548425;5.522652193509615
23.0;25.2571;7.504431356548425;5.522652193509615
22.9375;24.9714;7.504431356548425;5.522652193509615
22.8125;25.1143;7.504431356548425;5.522652193509615
22.625;25.0286;7.504431356548425;5.522652193509615
22.5625;24.9429;7.504431356548425;5.522652193509615
22.5;24.7714;7.504431356548425;5.522652193509615
22.4375;24.6857;7.504431356548425;5.522652193509615
22.4375;24.7143;7.504431356548425;5.522652193509615
22.4375;24.9143;7.504431356548425;5.522652193509615
22.4375;24.8571;7.504431356548425;5.522652193509615
22.375;24.6857;7.504431356548425;5.522652193509615
22.375;24.4571;7.504431356548425;5.522652193509615
22.3125;24.2286;7.504431356548425;5.522652193509615
22.3125;24.0286;7.504431356548425;5.522652193509615
22.375;24.0571;7.504431356548425;5.522652193509615
22.375;24.1143;7.504431356548425;5.522652193509615
22.25;23.8;7.504431356548425;5.522652193509615
21.9375;23.8571;7.504431356548425;5.522652193509615
21.6875;23.8;7.504431356548425;5.522652193509615
21.5;23.6286;7.504431356548425;5.522652193509615
21.4375;23.3714;7.504431356548425;5.522652193509615
21.4375;23.3714;7.504431356548425;5.522652193509615
21.4375;23.5429;7.504431356548425;5.522652193509615
21.4375;23.4286;7.504431356548425;5.522652193509615
21.375;23.3143;7.504431356548425;5.522652193509615
21.25;23.2857;7.504431356548425;5.522652193509615
21.125;23.2571;7.504431356548425;5.522652193509615
21.0;23.1143;7.504431356548425;5.522652193509615
20.9375;22.9143;7.504431356548425;5.522652193509615
21.0;22.7429;7.504431356548425;5.522652193509615
21.0625;22.6286;7.504431356548425;5.522652193509615
21.0625;22.6286;7.504431356548425;5.522652193509615
20.9375;22.5429;7.504431356548425;5.522652193509615
20.75;22.4571;7.504431356548425;5.522652193509615
20.625;22.5429;7.504431356548425;5.522652193509615
20.5;22.6571;7.504431356548425;5.522652193509615
20.375;22.5714;7.504431356548425;5.522652193509615
20.3125;22.2857;7.504431356548425;5.522652193509615
20.3125;22.3143;7.504431356548425;5.522652193509615
20.375;22.2857;7.504431356548425;5.522652193509615
20.5;22.1143;7.504431356548425;5.522652193509615
20.5;22.1429;7.504431356548425;5.522652193509615
20.5;22.0286;7.504431356548425;5.522652193509615
20.3125;21.8286;7.504431356548425;5.522652193509615
20.125;21.9143;7.504431356548425;5.522652193509615
20.0625;21.8571;7.504431356548425;5.522652193509615
20.0;21.6857;7.504431356548425;5.522652193509615
20.0;21.6286;7.504431356548425;5.522652193509615
20.0;21.5429;7.504431356548425;5.522652193509615
19.9375;21.5143;7.504431356548425;5.522652193509615
19.875;21.3714;7.504431356548425;5.522652193509615
19.875;21.2286;7.504431356548425;5.522652193509615
19.8125;21.1429;7.504431356548425;5.522652193509615
19.8125;21.2286;7.504431356548425;5.522652193509615
19.8125;21.1714;7.504431356548425;5.522652193509615
19.8125;21.2571;7.504431356548425;5.522652193509615
19.6875;21.1143;7.504431356548425;5.522652193509615
19.4375;21.0;7.504431356548425;5.522652193509615
19.3125;20.8286;7.504431356548425;5.522652193509615
19.3125;20.8286;7.504431356548425;5.522652193509615
19.3125;20.8286;7.504431356548425;5.522652193509615
19.3125;20.8;7.504431356548425;5.522652193509615
19.125;20.6286;7.504431356548425;5.522652193509615
18.9375;20.5143;7.504431356548425;5.522652193509615
18.6875;20.5143;7.504431356548425;5.522652193509615
18.625;20.4286;7.504431356548425;5.522652193509615
18.6875;20.3429;7.504431356548425;5.522652193509615
18.75;20.2571;7.504431356548425;5.522652193509615
18.625;20.2571;7.504431356548425;5.522652193509615
18.5625;20.2;7.504431356548425;5.522652193509615
18.5;20.1714;7.504431356548425;5.522652193509615
18.4375;19.8571;7.504431356548425;5.522652193509615
18.4375;19.9143;7.504431356548425;5.522652193509615
18.4375;19.8857;7.504431356548425;5.522652193509615
18.3125;19.8286;7.504431356548425;5.522652193509615
18.1875;19.6857;7.504431356548425;5.522652193509615
18.125;19.5429;7.504431356548425;5.522652193509615
18.1875;19.5143;7.504431356548425;5.522652193509615
18.1875;19.5429;7.504431356548425;5.522652193509615
18.125;19.4571;7.504431356548425;5.522652193509615
18.0;19.3714;7.504431356548425;5.522652193509615
17.875;19.1429;7.504431356548425;5.522652193509615
17.75;19.2857;7.504431356548425;5.522652193509615
17.6875;19.2;7.504431356548425;5.522652193509615
17.6875;19.1429;7.504431356548425;5.522652193509615
17.6875;19.2286;7.504431356548425;5.522652193509615
17.6875;19.0857;7.504431356548425;5.522652193509615
17.75;19.0286;7.504431356548425;5.522652193509615
17.75;19.0857;7.504431356548425;5.522652193509615
17.6875;18.9714;7.504431356548425;5.522652193509615
17.625;19.0;7.504431356548425;5.522652193509615
17.625;19.0;7.504431356548425;5.522652193509615
17.6875;18.9143;7.504431356548425;5.522652193509615
17.5625;18.8571;7.504431356548425;5.522652193509615
17.5;18.8857;7.504431356548425;5.522652193509615
17.4375;18.8571;7.504431356548425;5.522652193509615
17.375;18.8857;7.504431356548425;5.522652193509615
17.3125;18.7714;7.504431356548425;5.522652193509615
17.25;18.7429;7.504431356548425;5.522652193509615
17.3125;18.5714;7.504431356548425;5.522652193509615
17.375;18.5429;7.504431356548425;5.522652193509615
17.4375;18.4857;7.504431356548425;5.522652193509615
17.4375;18.2857;7.504431356548425;5.522652193509615
17.3125;18.2857;7.504431356548425;5.522652193509615
17.1875;18.0286;7.504431356548425;5.522652193509615
17.0625;17.9714;7.504431356548425;5.522652193509615
17.0;17.9429;7.504431356548425;5.522652193509615
16.9375;17.9143;7.504431356548425;5.522652193509615
16.75;17.8571;7.504431356548425;5.522652193509615
16.5625;17.7714;7.504431356548425;5.522652193509615
16.375;17.8;7.504431356548425;5.522652193509615
16.375;17.5714;7.504431356548425;5.522652193509615
16.375;17.5143;7.504431356548425;5.522652193509615
16.375;17.4571;7.504431356548425;5.522652193509615
16.375;17.3143;7.504431356548425;5.522652193509615
16.375;17.2571;7.504431356548425;5.522652193509615
16.375;17.1714;7.504431356548425;5.522652193509615
16.3125;17.2;7.504431356548425;5.522652193509615
16.3125;17.0;7.504431356548425;5.522652193509615
16.3125;16.9429;7.504431356548425;5.522652193509615
16.3125;16.8857;7.504431356548425;5.522652193509615
16.125;16.7714;7.504431356548425;5.522652193509615
15.9375;16.8;7.504431356548425;5.522652193509615
15.8125;16.6857;7.504431356548425;5.522652193509615
15.8125;16.6857;7.504431356548425;5.522652193509615
15.75;16.6;7.504431356548425;5.522652193509615
15.6875;16.6571;7.504431356548425;5.522652193509615
15.5625;16.5143;7.504431356548425;5.522652193509615
15.5625;16.4857;7.504431356548425;5.522652193509615
15.5625;16.3429;7.504431356548425;5.522652193509615
15.5625;16.2;7.504431356548425;5.522652193509615
15.5625;16.2;7.504431356548425;5.522652193509615
15.5;16.1143;7.504431356548425;5.522652193509615
15.5;16.0571;7.504431356548425;5.522652193509615
15.375;16.0571;7.504431356548425;5.522652193509615
15.1875;15.9714;7.504431356548425;5.522652193509615
15.0;15.8286;7.504431356548425;5.522652193509615
14.875;15.7714;7.504431356548425;5.522652193509615
14.9375;15.7714;7.504431356548425;5.522652193509615
15.0;15.7143;7.504431356548425;5.522652193509615
15.0;15.6857;7.504431356548425;5.522652193509615
15.0;15.6;7.504431356548425;5.522652193509615
14.9375;15.5714;7.504431356548425;5.522652193509615
14.8125;15.4571;7.504431356548425;5.522652193509615
14.75;15.4;7.504431356548425;5.522652193509615
14.625;15.3429;7.504431356548425;5.522652193509615
14.625;15.2286;7.504431356548425;5.522652193509615
14.5625;15.2;7.504431356548425;5.522652193509615
14.5625;15.0571;7.504431356548425;5.522652193509615
14.5625;15.0286;7.504431356548425;5.522652193509615
14.5625;15.0;7.504431356548425;5.522652193509615
14.625;14.9714;7.504431356548425;5.522652193509615
14.625;14.8;7.504431356548425;5.522652193509615
14.4375;14.8;7.504431356548425;5.522652193509615
14.1875;14.7143;7.504431356548425;5.522652193509615
14.0625;14.7143;7.504431356548425;5.522652193509615
14.0;14.6286;7.504431356548425;5.522652193509615
13.9375;14.5143;7.504431356548425;5.522652193509615
13.9375;14.4571;7.504431356548425;5.522652193509615
13.9375;14.3429;7.504431356548425;5.522652193509615
13.9375;14.3143;7.504431356548425;5.522652193509615
13.875;14.2286;7.504431356548425;5.522652193509615
13.8125;14.1143;7.504431356548425;5.522652193509615
13.6875;14.1429;7.504431356548425;5.522652193509615
13.5;14.1714;7.504431356548425;5.522652193509615
13.4375;14.1429;7.504431356548425;5.522652193509615
13.4375;14.0857;7.504431356548425;5.522652193509615
13.4375;14.0857;7.504431356548425;5.522652193509615
13.5;13.9714;7.504431356548425;5.522652193509615
13.5;13.8857;7.504431356548425;5.522652193509615
13.4375;13.7429;7.504431356548425;5.522652193509615
13.4375;13.8286;7.504431356548425;5.522652193509615
13.375;13.7143;7.504431356548425;5.522652193509615
13.25;13.6286;7.504431356548425;5.522652193509615
13.125;13.6286;7.504431356548425;5.522652193509615
13.0625;13.4857;7.504431356548425;5.522652193509615
13.0625;13.5143;7.504431356548425;5.522652193509615
13.125;13.4857;7.504431356548425;5.522652193509615
13.1875;13.3429;7.504431356548425;5.522652193509615
13.1875;13.3429;7.504431356548425;5.522652193509615
13.25;13.2286;7.504431356548425;5.522652193509615
13.25;13.1714;7.504431356548425;5.522652193509615
13.25;13.1714;7.504431356548425;5.522652193509615
13.1875;13.0571;7.504431356548425;5.522652193509615
13.0625;13.0;7.504431356548425;5.522652193509615
12.875;12.9143;7.504431356548425;5.522652193509615
12.75;12.8571;7.504431356548425;5.522652193509615
12.75;12.9143;7.504431356548425;5.522652193509615
12.6875;12.8286;7.504431356548425;5.522652193509615
12.5625;12.8286;7.504431356548425;5.522652193509615
12.4375;12.7714;7.504431356548425;5.522652193509615
12.4375;12.6857;7.504431356548425;5.522652193509615
12.4375;12.6286;7.504431356548425;5.522652193509615
12.4375;12.5714;7.504431356548425;5.522652193509615
12.5;12.4857;7.504431356548425;5.522652193509615
12.5;12.3429;7.504431356548425;5.522652193509615
12.4375;12.3429;7.504431356548425;5.522652193509615
12.25;12.2571;7.504431356548425;5.522652193509615
12.125;12.2857;7.504431356548425;5.522652193509615
12.0625;12.2571;7.504431356548425;5.522652193509615
11.9375;12.2857;7.504431356548425;5.522652193509615
11.9375;12.2;7.504431356548425;5.522652193509615
11.9375;12.0857;7.504431356548425;5.522652193509615
11.9375;12.0286;7.504431356548425;5.522652193509615
11.9375;11.9714;7.504431356548425;5.522652193509615
11.9375;11.8857;7.504431356548425;5.522652193509615
11.9375;11.8286;7.504431356548425;5.522652193509615
11.875;11.7714;7.504431356548425;5.522652193509615
11.75;11.8;7.504431356548425;5.522652193509615
11.6875;11.7143;7.504431356548425;5.522652193509615
11.625;11.6571;7.504431356548425;5.522652193509615
11.5625;11.5714;7.504431356548425;5.522652193509615
11.5625;11.5714;7.504431356548425;5.522652193509615
11.5625;11.4286;7.504431356548425;5.522652193509615
11.5625;11.3714;7.504431356548425;5.522652193509615
11.5625;11.3714;7.504431356548425;5.522652193509615
11.5;11.3429;7.504431356548425;5.522652193509615
11.4375;11.3143;7.504431356548425;5.522652193509615
11.375;11.2857;7.504431356548425;5.522652193509615
11.3125;11.2;7.504431356548425;5.522652193509615
11.25;11.0571;7.504431356548425;5.522652193509615
11.1875;11.0;7.504431356548425;5.522652193509615
11.1875;10.9714;7.504431356548425;5.522652193509615
11.25;10.9143;7.504431356548425;5.522652193509615
11.3125;10.9143;7.504431356548425;5.522652193509615
11.25;10.8571;7.504431356548425;5.522652193509615
11.0625;10.7714;7.504431356548425;5.522652193509615
10.9375;10.7429;7.504431356548425;5.522652193509615
10.8125;10.7143;7.504431356548425;5.522652193509615
10.75;10.6857;7.504431356548425;5.522652193509615
10.8125;10.6857;7.504431356548425;5.522652193509615
10.875;10.6286;7.504431356548425;5.522652193509615
10.9375;10.5714;7.504431356548425;5.522652193509615
10.8125;10.5429;7.504431356548425;5.522652193509615
10.6875;10.4;7.504431356548425;5.522652193509615
10.5;10.4;7.504431356548425;5.522652193509615
10.5;10.2857;7.504431356548425;5.522652193509615
10.625;10.2286;7.504431356548425;5.522652193509615
10.75;10.1714;7.504431356548425;5.522652193509615
10.8125;10.2;7.504431356548425;5.522652193509615
10.75;10.1429;7.504431356548425;5.522652193509615
10.5;10.0286;7.504431356548425;5.522652193509615
10.3125;10.0286;7.504431356548425;5.522652193509615
10.1875;9.9143;7.504431356548425;5.522652193509615
10.125;9.8857;7.504431356548425;5.522652193509615
10.125;9.8571;7.504431356548425;5.522652193509615
10.125;9.8571;7.504431356548425;5.522652193509615
10.125;9.8286;7.504431356548425;5.522652193509615
10.125;9.7429;7.504431356548425;5.522652193509615
10.1875;9.6571;7.504431356548425;5.522652193509615
10.1875;9.5429;7.504431356548425;5.522652193509615
10.1875;9.4857;7.504431356548425;5.522652193509615
10.25;9.4857;7.504431356548425;5.522652193509615
10.3125;9.4857;7.504431356548425;5.522652193509615
10.375;9.4857;7.504431356548425;5.522652193509615
10.25;9.4;7.504431356548425;5.522652193509615
10.0625;9.4;7.504431356548425;5.522652193509615
9.875;9.3429;7.504431356548425;5.522652193509615
9.8125;9.3429;7.504431356548425;5.522652193509615
9.875;9.2;7.504431356548425;5.522652193509615
9.9375;9.2;7.504431356548425;5.522652193509615
9.9375;9.1429;7.504431356548425;5.522652193509615
9.9375;9.0857;7.504431356548425;5.522652193509615
9.875;9.0;7.504431356548425;5.522652193509615
9.875;8.9714;7.504431356548425;5.522652193509615
9.8125;8.9714;7.504431356548425;5.522652193509615
9.8125;8.8571;7.504431356548425;5.522652193509615
9.6875;8.8;7.504431356548425;5.522652193509615
9.625;8.8;7.504431356548425;5.522652193509615
9.625;8.7429;7.504431356548425;5.522652193509615
9.6875;8.6571;7.504431356548425;5.522652193509615
9.625;8.6;7.504431356548425;5.522652193509615
9.625;8.5714;7.504431356548425;5.522652193509615
9.5;8.5143;7.504431356548425;5.522652193509615
9.375;8.5143;7.504431356548425;5.522652193509615
9.3125;8.4286;7.504431356548425;5.522652193509615
9.25;8.4;7.504431356548425;5.522652193509615
9.25;8.3143;7.504431356548425;5.522652193509615
9.25;8.2857;7.504431356548425;5.522652193509615
9.3125;8.3143;7.504431356548425;5.522652193509615
9.3125;8.2;7.504431356548425;5.522652193509615
9.25;8.2286;7.504431356548425;5.522652193509615
9.125;8.1143;7.504431356548425;5.522652193509615
9.125;8.0857;7.504431356548425;5.522652193509615
9.125;8.0857;7.504431356548425;5.522652193509615
9.0625;8.0;7.504431356548425;5.522652193509615
9.0625;7.9429;7.504431356548425;5.522652193509615
9.125;7.8857;7.504431356548425;5.522652193509615
9.125;7.8571;7.504431356548425;5.522652193509615
9.0625;7.8;7.504431356548425;5.522652193509615
9.0625;7.7714;7.504431356548425;5.522652193509615
9.0625;7.6857;7.504431356548425;5.522652193509615
9.0625;7.6571;7.504431356548425;5.522652193509615
9.0625;7.6;7.504431356548425;5.522652193509615
8.8125;7.5714;7.504431356548425;5.522652193509615
8.625;7.4857;7.504431356548425;5.522652193509615
8.5;7.4857;7.504431356548425;5.522652193509615
8.4375;7.4;7.504431356548425;5.522652193509615
8.375;7.4;7.504431356548425;5.522652193509615
8.375;7.3429;7.504431356548425;5.522652193509615
8.3125;7.2857;7.504431356548425;5.522652193509615
8.3125;7.3429;7.504431356548425;5.522652193509615
8.3125;7.2571;7.504431356548425;5.522652193509615
8.375;7.2286;7.504431356548425;5.522652193509615
8.375;7.0857;7.504431356548425;5.522652193509615
8.3125;7.0571;7.504431356548425;5.522652193509615
8.25;7.0286;7.504431356548425;5.522652193509615
8.1875;6.9429;7.504431356548425;5.522652193509615
8.125;6.9429;7.504431356548425;5.522652193509615
8.125;6.8857;7.504431356548425;5.522652193509615
8.125;6.8857;7.504431356548425;5.522652193509615
8.125;6.8286;7.504431356548425;5.522652193509615
8.0625;6.7429;7.504431356548425;5.522652193509615
7.6875;6.7143;7.504431356548425;5.522652193509615
7.3125;6.6857;7.504431356548425;5.522652193509615
7.0625;6.5714;7.504431356548425;5.522652193509615
6.875;6.6286;7.504431356548425;5.522652193509615
6.9375;6.5429;7.504431356548425;5.522652193509615
7.1875;6.5429;7.504431356548425;5.522652193509615
7.4375;6.4286;7.504431356548425;5.522652193509615
7.625;6.4;7.504431356548425;5.522652193509615
7.5625;6.3429;7.504431356548425;5.522652193509615
7.25;6.3429;7.504431356548425;5.522652193509615
6.9375;6.3143;7.504431356548425;5.522652193509615
6.9375;6.2571;7.504431356548425;5.522652193509615
7.125;6.2;7.504431356548425;5.522652193509615
7.125;6.1714;7.504431356548425;5.522652193509615
7.0625;6.1143;7.504431356548425;5.522652193509615
7.0;6.1143;7.504431356548425;5.522652193509615
7.0625;6.1143;7.504431356548425;5.522652193509615
7.1875;6.0571;7.504431356548425;5.522652193509615
7.125;6.0;7.504431356548425;5.522652193509615
6.9375;5.9714;7.504431356548425;5.522652193509615
6.75;5.8571;7.504431356548425;5.522652193509615
6.625;5.8857;7.504431356548425;5.522652193509615
6.5;5.8857;7.504431356548425;5.522652193509615
6.4375;5.8;7.504431356548425;5.522652193509615
6.3125;5.7714;7.504431356548425;5.522652193509615
6.1875;5.7429;7.504431356548425;5.522652193509615
6.125;5.7143;7.504431356548425;5.522652193509615
6.0625;5.7143;7.504431356548425;5.522652193509615
6.0625;5.6571;7.504431356548425;5.522652193509615
6.125;5.5714;7.504431356548425;5.522652193509615
6.1875;5.5714;7.504431356548425;5.522652193509615
6.1875;5.4857;7.504431356548425;5.522652193509615
6.0625;5.4571;7.504431356548425;5.522652193509615
6.0625;5.4286;7.504431356548425;5.522652193509615
6.125;5.3714;7.504431356548425;5.522652193509615
6.1875;5.3714;7.504431356548425;5.522652193509615
6.1875;5.2857;7.504431356548425;5.522652193509615
6.1875;5.2286;7.504431356548425;5.522652193509615
6.0625;5.2;7.504431356548425;5.522652193509615
5.875;5.2286;7.504431356548425;5.522652193509615
5.75;5.1714;7.504431356548425;5.522652193509615
5.625;5.1429;7.504431356548425;5.522652193509615
5.5625;5.0857;7.504431356548425;5.522652193509615
5.5;5.0286;7.504431356548425;5.522652193509615
5.5;5.0;7.504431356548425;5.522652193509615
5.5;5.0;7.504431356548425;5.522652193509615
5.5;4.9143;7.504431356548425;5.522652193509615
5.4375;4.8571;7.504431356548425;5.522652193509615
5.5625;4.8571;7.504431356548425;5.522652193509615
5.625;4.8571;7.504431356548425;5.522652193509615
5.5625;4.7714;7.504431356548425;5.522652193509615
5.375;4.7429;7.504431356548425;5.522652193509615
5.375;4.6857;7.504431356548425;5.522652193509615
5.4375;4.6286;7.504431356548425;5.522652193509615
5.5;4.6286;7.504431356548425;5.522652193509615
5.5;4.6;7.504431356548425;5.522652193509615
5.4375;4.5143;7.504431356548425;5.522652193509615
5.25;4.5143;7.504431356548425;5.522652193509615
5.125;4.4571;7.504431356548425;5.522652193509615
5.0625;4.4286;7.504431356548425;5.522652193509615
5.0625;4.4;7.504431356548425;5.522652193509615
5.0625;4.3714;7.504431356548425;5.522652193509615
5.0;4.3143;7.504431356548425;5.522652193509615
4.9375;4.2857;7.504431356548425;5.522652193509615
4.9375;4.2571;7.504431356548425;5.522652193509615
5.0;4.2571;7.504431356548425;5.522652193509615
5.0625;4.1714;7.504431356548425;5.522652193509615
5.125;4.2;7.504431356548425;5.522652193509615
5.0;4.1714;7.504431356548425;5.522652193509615
4.875;4.0857;7.504431356548425;5.522652193509615
4.8125;4.0571;7.504431356548425;5.522652193509615
4.6875;4.0286;7.504431356548425;5.522652193509615
4.5625;3.9429;7.504431356548425;5.522652193509615
4.6875;3.8857;7.504431356548425;5.522652193509615
4.875;3.8857;7.504431356548425;5.522652193509615
5.0625;3.8571;7.504431356548425;5.522652193509615
5.125;3.8571;7.504431356548425;5.522652193509615
5.1875;3.8286;7.504431356548425;5.522652193509615
5.125;3.7714;7.504431356548425;5.522652193509615
5.125;3.7714;7.504431356548425;5.522652193509615
5.0625;3.7143;7.504431356548425;5.522652193509615
5.0;3.6571;7.504431356548425;5.522652193509615
4.8125;3.6286;7.504431356548425;5.522652193509615
4.6875;3.6571;7.504431356548425;5.522652193509615
4.5625;3.5429;7.504431356548425;5.522652193509615
4.5625;3.5714;7.504431356548425;5.522652193509615
4.5625;3.4571;7.504431356548425;5.522652193509615
4.4375;3.4857;7.504431356548425;5.522652193509615
4.25;3.4;7.504431356548425;5.522652193509615
4.1875;3.4;7.504431356548425;5.522652193509615
4.1875;3.3429;7.504431356548425;5.522652193509615
4.1875;3.2857;7.504431356548425;5.522652193509615
4.1875;3.2857;7.504431356548425;5.522652193509615
4.1875;3.2857;7.504431356548425;5.522652193509615
4.25;3.2571;7.504431356548425;5.522652193509615
4.1875;3.2286;7.504431356548425;5.522652193509615
4.0625;3.1429;7.504431356548425;5.522652193509615
4.0;3.1429;7.504431356548425;5.522652193509615
4.0625;3.1143;7.504431356548425;5.522652193509615
4.1875;3.0857;7.504431356548425;5.522652193509615
4.3125;3.0286;7.504431356548425;5.522652193509615
4.3125;3.0;7.504431356548425;5.522652193509615
4.3125;3.0;7.504431356548425;5.522652193509615
4.1875;2.9143;7.504431356548425;5.522652193509615
3.8125;2.8286;7.504431356548425;5.522652193509615
3.4375;2.8571;7.504431356548425;5.522652193509615
3.375;2.8;7.504431356548425;5.522652193509615
3.625;2.8286;7.504431356548425;5.522652193509615
3.9375;2.7714;7.504431356548425;5.522652193509615
4.1875;2.7714;7.504431356548425;5.522652193509615
4.1875;2.7714;7.504431356548425;5.522652193509615
4.0625;2.7714;7.504431356548425;5.522652193509615
3.9375;2.6571;7.504431356548425;5.522652193509615
3.75;2.6857;7.504431356548425;5.522652193509615
3.375;2.6571;7.504431356548425;5.522652193509615
3.3125;2.6;7.504431356548425;5.522652193509615
3.375;2.5429;7.504431356548425;5.522652193509615
3.5625;2.5143;7.504431356548425;5.522652193509615
3.75;2.4857;7.504431356548425;5.522652193509615
3.8125;2.4571;7.504431356548425;5.522652193509615
3.8125;2.4857;7.504431356548425;5.522652193509615
3.8125;2.4286;7.504431356548425;5.522652193509615
3.8125;2.3714;7.504431356548425;5.522652193509615
3.8125;2.3429;7.504431356548425;5.522652193509615
3.75;2.3143;7.504431356548425;5.522652193509615
3.8125;2.3143;7.504431356548425;5.522652193509615
3.875;2.3143;7.504431356548425;5.522652193509615
3.875;2.2;7.504431356548425;5.522652193509615
3.8125;2.2;7.504431356548425;5.522652193509615
3.6875;2.2286;7.504431356548425;5.522652193509615
3.8125;2.1714;7.504431356548425;5.522652193509615
4.0;2.1429;7.504431356548425;5.522652193509615
4.125;2.0857;7.504431356548425;5.522652193509615
4.125;2.0857;7.504431356548425;5.522652193509615
3.9375;2.0;7.504431356548425;5.522652193509615
3.75;2.0;7.504431356548425;5.522652193509615
3.625;2.0;7.504431356548425;5.522652193509615
3.6875;1.9429;7.504431356548425;5.522652193509615
3.6875;1.8857;7.504431356548425;5.522652193509615
3.5625;1.9143;7.504431356548425;5.522652193509615
3.375;1.8571;7.504431356548425;5.522652193509615
3.3125;1.8286;7.504431356548425;5.522652193509615
3.4375;1.8;7.504431356548425;5.522652193509615
3.75;1.7429;7.504431356548425;5.522652193509615
4.0;1.8;7.504431356548425;5.522652193509615
4.0625;1.6857;7.504431356548425;5.522652193509615
3.9375;1.6857;7.504431356548425;5.522652193509615
3.6875;1.7143;7.504431356548425;5.522652193509615
3.4375;1.6286;7.504431356548425;5.522652193509615
3.125;1.6286;7.504431356548425;5.522652193509615
2.5625;1.6;7.504431356548425;5.522652193509615
2.3125;1.5429;7.504431356548425;5.522652193509615
2.5625;1.4857;7.504431356548425;5.522652193509615
2.9375;1.5143;7.504431356548425;5.522652193509615
3.1875;1.4857;7.504431356548425;5.522652193509615
3.3125;1.5143;7.504431356548425;5.522652193509615
3.3125;1.4571;7.504431356548425;5.522652193509615
3.3125;1.3714;7.504431356548425;5.522652193509615
3.1875;1.4;7.504431356548425;5.522652193509615
3.0625;1.4;7.504431356548425;5.522652193509615
3.0625;1.3429;7.504431356548425;5.522652193509615
3.125;1.2857;7.504431356548425;5.522652193509615
3.25;1.2857;7.504431356548425;5.522652193509615
3.375;1.3143;7.504431356548425;5.522652193509615
3.25;1.3429;7.504431356548425;5.522652193509615
3.0625;1.2286;7.504431356548425;5.522652193509615
2.9375;1.2571;7.504431356548425;5.522652193509615
3.0;1.2;7.504431356548425;5.522652193509615
3.125;1.1714;7.504431356548425;5.522652193509615
3.1875;1.2286;7.504431356548425;5.522652193509615
3.1875;1.0857;7.504431356548425;5.522652193509615
2.625;1.1143;7.504431356548425;5.522652193509615
2.0625;1.0286;7.504431356548425;5.522652193509615
1.875;1.1429;7.504431356548425;5.522652193509615
1.75;1.0286;7.504431356548425;5.522652193509615
1.875;1.0;7.504431356548425;5.522652193509615
2.3125;1.0286;7.504431356548425;5.522652193509615
2.625;1.0286;7.504431356548425;5.522652193509615
2.875;0.9429;7.504431356548425;5.522652193509615
3.0;0.9143;7.504431356548425;5.522652193509615
2.8125;0.9143;7.504431356548425;5.522652193509615
2.75;0.8857;7.504431356548425;5.522652193509615
2.5625;0.8857;7.504431356548425;5.522652193509615
2.1875;0.8;7.504431356548425;5.522652193509615
2.375;0.8286;7.504431356548425;5.522652193509615
3.0;0.8571;7.504431356548425;5.522652193509615
3.5625;0.7714;7.504431356548425;5.522652193509615
3.875;0.8;7.504431356548425;5.522652193509615
4.0;0.7714;7.504431356548425;5.522652193509615
3.75;0.8286;7.504431356548425;5.522652193509615
3.1875;0.7429;7.504431356548425;5.522652193509615
2.8125;0.7429;7.504431356548425;5.522652193509615
2.75;0.7429;7.504431356548425;5.522652193509615
2.5625;0.6857;7.504431356548425;5.522652193509615
2.3125;0.6857;7.504431356548425;5.522652193509615
2.1875;0.7143;7.504431356548425;5.522652193509615
2.25;0.6;7.504431356548425;5.522652193509615
2.5625;0.6571;7.504431356548425;5.522652193509615
2.625;0.6857;7.504431356548425;5.522652193509615
2.375;0.6;7.504431356548425;5.522652193509615
2.375;0.5714;7.504431356548425;5.522652193509615
2.5;0.6286;7.504431356548425;5.522652193509615
2.1875;0.4571;7.504431356548425;5.522652193509615
1.9375;0.5429;7.504431356548425;5.522652193509615
2.1875;0.4571;7.504431356548425;5.522652193509615
2.375;0.4286;7.504431356548425;5.522652193509615
2.3125;0.5143;7.504431356548425;5.522652193509615
2.4375;0.4571;7.504431356548425;5.522652193509615
2.75;0.4286;7.504431356548425;5.522652193509615
3.0;0.4286;7.504431356548425;5.522652193509615
3.0625;0.4286;7.504431356548425;5.522652193509615
3.0625;0.4286;7.504431356548425;5.522652193509615
3.125;0.3714;7.504431356548425;5.522652193509615
3.125;0.3429;7.504431356548425;5.522652193509615
2.8125;0.4286;7.504431356548425;5.522652193509615
2.5625;0.4571;7.504431356548425;5.522652193509615
2.6875;0.3714;7.504431356548425;5.522652193509615
3.0;0.3714;7.504431356548425;5.522652193509615
3.25;0.3429;7.504431356548425;5.522652193509615
3.4375;0.3143;7.504431356548425;5.522652193509615
3.4375;0.3714;7.504431356548425;5.522652193509615
3.25;0.2571;7.504431356548425;5.522652193509615
2.75;0.3714;7.504431356548425;5.522652193509615
2.5625;0.2571;7.504431356548425;5.522652193509615
2.6875;0.2857;7.504431356548425;5.522652193509615
2.75;0.2;7.504431356548425;5.522652193509615
2.6875;0.2571;7.504431356548425;5.522652193509615
2.25;0.2571;7.504431356548425;5.522652193509615
1.625;0.2286;7.504431356548425;5.522652193509615
1.4375;0.2286;7.504431356548425;5.522652193509615
1.75;0.2;7.504431356548425;5.522652193509615
2.3125;0.2286;7.504431356548425;5.522652193509615
2.875;0.2857;7.504431356548425;5.522652193509615
3.0;0.1714;7.504431356548425;5.522652193509615
2.625;0.2571;7.504431356548425;5.522652193509615
2.1875;0.2286;7.504431356548425;5.522652193509615
2.125;0.1714;7.504431356548425;5.522652193509615
2.5625;0.1714;7.504431356548425;5.522652193509615
3.125;0.2286;7.504431356548425;5.522652193509615
3.5;0.2286;7.504431356548425;5.522652193509615
3.25;0.2286;7.504431356548425;5.522652193509615
2.3125;0.1429;7.504431356548425;5.522652193509615
1.75;0.0857;7.504431356548425;5.522652193509615
2.0;0.1143;7.504431356548425;5.522652193509615
2.375;0.2286;7.504431356548425;5.522652193509615
2.5625;0.1714;7.504431356548425;5.522652193509615
2.5625;0.1714;7.504431356548425;5.522652193509615
2.75;0.1714;7.504431356548425;5.522652193509615
2.9375;0.0286;7.504431356548425;5.522652193509615
3.0;0.1143;7.504431356548425;5.522652193509615
3.0625;0.1714;7.504431356548425;5.522652193509615
3.0625;0.1429;7.504431356548425;5.522652193509615
3.0625;0.2286;7.504431356548425;5.522652193509615
3.0625;0.1143;7.504431356548425;5.522652193509615
3.25;0.1429;7.504431356548425;5.522652193509615
3.0625;0.1714;7.504431356548425;5.522652193509615
2.4375;0.1714;7.504431356548425;5.522652193509615
2.125;0.1429;7.504431356548425;5.522652193509615
2.4375;0.2;7.504431356548425;5.522652193509615
2.75;0.0857;7.504431356548425;5.522652193509615
2.8125;0.1143;7.504431356548425;5.522652193509615
2.8125;0.1143;7.504431356548425;5.522652193509615
2.5;0.1429;7.504431356548425;5.522652193509615
2.0;0.1429;7.504431356548425;5.522652193509615
1.5;0.1143;7.504431356548425;5.522652193509615
1.25;0.1143;7.504431356548425;5.522652193509615
1.75;0.1143;7.504431356548425;5.522652193509615
2.6875;0.0857;7.504431356548425;5.522652193509615
3.375;0.0857;7.504431356548425;5.522652193509615
3.4375;0.1429;7.504431356548425;5.522652193509615
3.1875;0.0857;7.504431356548425;5.522652193509615
3.0625;0.0571;7.504431356548425;5.522652193509615
3.125;0.0571;7.504431356548425;5.522652193509615
3.0;0.1429;7.504431356548425;5.522652193509615
2.4375;0.1429;7.504431356548425;5.522652193509615
2.125;0.1714;7.504431356548425;5.522652193509615
2.3125;0.1143;7.504431356548425;5.522652193509615
2.625;0.0857;7.504431356548425;5.522652193509615
2.9375;0.1714;7.504431356548425;5.522652193509615
3.3125;0.1429;7.504431356548425;5.522652193509615
3.5625;0.0857;7.504431356548425;5.522652193509615
3.5625;0.1429;7.504431356548425;5.522652193509615
3.5625;0.0571;7.504431356548425;5.522652193509615
3.5;0.1714;7.504431356548425;5.522652193509615
3.5;0.1429;7.504431356548425;5.522652193509615
3.4375;0.0571;7.504431356548425;5.522652193509615
3.3125;0.0;7.504431356548425;5.522652193509615
2.75;0.0571;7.504431356548425;5.522652193509615
2.0;0.0571;7.504431356548425;5.522652193509615
1.875;0.0857;7.504431356548425;5.522652193509615
2.3125;0.0571;7.504431356548425;5.522652193509615
2.5;0.0;7.504431356548425;5.522652193509615
2.4375;0.0857;7.504431356548425;5.522652193509615
2.5625;0.1143;7.504431356548425;5.522652193509615
2.875;0.0;7.504431356548425;5.522652193509615
2.5;0.1143;7.504431356548425;5.522652193509615
1.875;0.0286;7.504431356548425;5.522652193509615
1.875;0.0857;7.504431356548425;5.522652193509615
2.3125;0.0857;7.504431356548425;5.522652193509615
2.5625;0.0571;7.504431356548425;5.522652193509615
2.3125;0.1429;7.504431356548425;5.522652193509615
2.0;0.0857;7.504431356548425;5.522652193509615
2.1875;0.1429;7.504431356548425;5.522652193509615
2.4375;0.0571;7.504431356548425;5.522652193509615
2.4375;0.0571;7.504431356548425;5.522652193509615
2.1875;0.0286;7.504431356548425;5.522652193509615
2.125;0.0;7.504431356548425;5.522652193509615
2.4375;0.0286;7.504431356548425;5.522652193509615
2.75;0.1143;7.504431356548425;5.522652193509615
3.0;0.0857;7.504431356548425;5.522652193509615
3.25;0.1429;7.504431356548425;5.522652193509615
3.375;0.0286;7.504431356548425;5.522652193509615
2.9375;0.0857;7.504431356548425;5.522652193509615
2.3125;0.0857;7.504431356548425;5.522652193509615
1.875;0.0857;7.504431356548425;5.522652193509615
1.6875;0.0857;7.504431356548425;5.522652193509615
1.625;0.1429;7.504431356548425;5.522652193509615
1.625;0.0857;7.504431356548425;5.522652193509615
1.8125;0.0857;7.504431356548425;5.522652193509615
