SF-A-022;Sensirion;RMSE;MAE
-8.125;-7.2857;5.010130183408572;3.258813117237201
-7.875;-7.2286;5.010130183408572;3.258813117237201
-7.6875;-7.1429;5.010130183408572;3.258813117237201
-7.5625;-7.1714;5.010130183408572;3.258813117237201
-7.3125;-7.1143;5.010130183408572;3.258813117237201
-6.875;-7.0571;5.010130183408572;3.258813117237201
-6.5;-7.0286;5.010130183408572;3.258813117237201
-6.375;-7.0;5.010130183408572;3.258813117237201
-6.5625;-6.9714;5.010130183408572;3.258813117237201
-6.8125;-6.9143;5.010130183408572;3.258813117237201
-7.0625;-6.8286;5.010130183408572;3.258813117237201
-7.1875;-6.8;5.010130183408572;3.258813117237201
-7.25;-6.8;5.010130183408572;3.258813117237201
-7.1875;-6.7429;5.010130183408572;3.258813117237201
-7.0;-6.7143;5.010130183408572;3.258813117237201
-6.75;-6.6286;5.010130183408572;3.258813117237201
-6.625;-6.6;5.010130183408572;3.258813117237201
-6.5625;-6.6286;5.010130183408572;3.258813117237201
-6.5;-6.5429;5.010130183408572;3.258813117237201
-6.5;-6.4857;5.010130183408572;3.258813117237201
-6.8125;-6.4571;5.010130183408572;3.258813117237201
-7.3125;-6.4571;5.010130183408572;3.258813117237201
-7.6875;-6.5143;5.010130183408572;3.258813117237201
-7.5625;-6.4571;5.010130183408572;3.258813117237201
-7.25;-6.4857;5.010130183408572;3.258813117237201
-6.875;-6.5714;5.010130183408572;3.258813117237201
-6.5625;-6.5714;5.010130183408572;3.258813117237201
-6.4375;-6.6571;5.010130183408572;3.258813117237201
-6.4375;-6.7143;5.010130183408572;3.258813117237201
-6.4375;-6.8;5.010130183408572;3.258813117237201
-6.4375;-6.9143;5.010130183408572;3.258813117237201
-6.5;-7.0571;5.010130183408572;3.258813117237201
-6.625;-7.1714;5.010130183408572;3.258813117237201
-6.8125;-7.3714;5.010130183408572;3.258813117237201
-7.0;-7.5429;5.010130183408572;3.258813117237201
-7.0;-7.7143;5.010130183408572;3.258813117237201
-7.0;-7.8571;5.010130183408572;3.258813117237201
-7.1875;-8.1429;5.010130183408572;3.258813117237201
-7.5625;-8.3429;5.010130183408572;3.258813117237201
-8.0;-8.6286;5.010130183408572;3.258813117237201
-8.25;-8.9714;5.010130183408572;3.258813117237201
-8.25;-9.2571;5.010130183408572;3.258813117237201
-8.3125;-9.6286;5.010130183408572;3.258813117237201
-8.375;-9.9143;5.010130183408572;3.258813117237201
-8.5;-10.3429;5.010130183408572;3.258813117237201
-8.6875;-10.7714;5.010130183408572;3.258813117237201
-9.0;-11.1714;5.010130183408572;3.258813117237201
-9.4375;-11.5143;5.010130183408572;3.258813117237201
-9.625;-12.0571;5.010130183408572;3.258813117237201
-9.8125;-12.5714;5.010130183408572;3.258813117237201
-10.3125;-12.9714;5.010130183408572;3.258813117237201
-11.0625;-13.5143;5.010130183408572;3.258813117237201
-11.875;-14.0857;5.010130183408572;3.258813117237201
-12.5;-14.6;5.010130183408572;3.258813117237201
-12.875;-15.1714;5.010130183408572;3.258813117237201
-13.1875;-15.7143;5.010130183408572;3.258813117237201
-13.375;-16.4286;5.010130183408572;3.258813117237201
-13.375;-17.0;5.010130183408572;3.258813117237201
-13.375;-17.7429;5.010130183408572;3.258813117237201
-13.375;-18.3429;5.010130183408572;3.258813117237201
-13.375;-19.0571;5.010130183408572;3.258813117237201
-13.3125;-19.6571;5.010130183408572;3.258813117237201
-13.3125;-20.3429;5.010130183408572;3.258813117237201
-13.5;-21.1429;5.010130183408572;3.258813117237201
-14.5;-21.6571;5.010130183408572;3.258813117237201
-16.5625;-22.2857;5.010130183408572;3.258813117237201
-18.75;-22.9714;5.010130183408572;3.258813117237201
-20.5;-23.7714;5.010130183408572;3.258813117237201
-21.9375;-24.4857;5.010130183408572;3.258813117237201
-23.0625;-25.0;5.010130183408572;3.258813117237201
-23.75;-25.7714;5.010130183408572;3.258813117237201
-24.3125;-26.3714;5.010130183408572;3.258813117237201
-24.75;-27.0286;5.010130183408572;3.258813117237201
-25.25;-27.8;5.010130183408572;3.258813117237201
-25.625;-28.3143;5.010130183408572;3.258813117237201
-25.9375;-29.0286;5.010130183408572;3.258813117237201
-26.625;-29.6857;5.010130183408572;3.258813117237201
-27.875;-30.3143;5.010130183408572;3.258813117237201
-29.25;-31.1429;5.010130183408572;3.258813117237201
-30.4375;-31.9143;5.010130183408572;3.258813117237201
-31.125;-32.6286;5.010130183408572;3.258813117237201
-31.375;-33.3429;5.010130183408572;3.258813117237201
-31.5;-34.0286;5.010130183408572;3.258813117237201
-31.8125;-34.8286;5.010130183408572;3.258813117237201
-32.5;-35.3143;5.010130183408572;3.258813117237201
-33.5625;-36.1143;5.010130183408572;3.258813117237201
-34.75;-36.7429;5.010130183408572;3.258813117237201
-35.6875;-37.4286;5.010130183408572;3.258813117237201
-36.0;-38.1429;5.010130183408572;3.258813117237201
-35.8125;-38.8857;5.010130183408572;3.258813117237201
-35.5;-39.4857;5.010130183408572;3.258813117237201
-35.25;-40.1143;5.010130183408572;3.258813117237201
-35.125;-40.9714;5.010130183408572;3.258813117237201
-35.125;-41.6286;5.010130183408572;3.258813117237201
-35.125;-42.2857;5.010130183408572;3.258813117237201
-35.3125;-42.8571;5.010130183408572;3.258813117237201
-36.375;-43.4857;5.010130183408572;3.258813117237201
-38.75;-44.0286;5.010130183408572;3.258813117237201
-41.375;-44.6286;5.010130183408572;3.258813117237201
-43.375;-45.3714;5.010130183408572;3.258813117237201
-44.6875;-46.0857;5.010130183408572;3.258813117237201
-45.5625;-47.0;5.010130183408572;3.258813117237201
-46.5625;-47.3429;5.010130183408572;3.258813117237201
-47.5;-48.0571;5.010130183408572;3.258813117237201
-48.0;-48.5714;5.010130183408572;3.258813117237201
-48.5625;-49.4286;5.010130183408572;3.258813117237201
-49.375;-49.7429;5.010130183408572;3.258813117237201
-50.3125;-50.3143;5.010130183408572;3.258813117237201
-51.1875;-51.0286;5.010130183408572;3.258813117237201
-51.8125;-51.5429;5.010130183408572;3.258813117237201
-51.9375;-52.5143;5.010130183408572;3.258813117237201
-52.1875;-52.6286;5.010130183408572;3.258813117237201
-52.625;-53.6571;5.010130183408572;3.258813117237201
-52.75;-53.9429;5.010130183408572;3.258813117237201
-52.625;-54.9429;5.010130183408572;3.258813117237201
-52.9375;-55.7143;5.010130183408572;3.258813117237201
-53.75;-56.0571;5.010130183408572;3.258813117237201
-54.9375;-56.7714;5.010130183408572;3.258813117237201
-56.0625;-56.8571;5.010130183408572;3.258813117237201
-56.8125;-57.8286;5.010130183408572;3.258813117237201
-56.875;-57.8571;5.010130183408572;3.258813117237201
-56.8125;-58.3429;5.010130183408572;3.258813117237201
-56.8125;-59.1143;5.010130183408572;3.258813117237201
-56.875;-59.1714;5.010130183408572;3.258813117237201
-56.875;-60.7143;5.010130183408572;3.258813117237201
-56.875;-60.8;5.010130183408572;3.258813117237201
-56.9375;-61.3429;5.010130183408572;3.258813117237201
-57.125;-62.2571;5.010130183408572;3.258813117237201
-58.125;-62.2286;5.010130183408572;3.258813117237201
-59.9375;-62.4286;5.010130183408572;3.258813117237201
-61.5;-63.6;5.010130183408572;3.258813117237201
-62.625;-63.5714;5.010130183408572;3.258813117237201
-63.5625;-63.9143;5.010130183408572;3.258813117237201
-64.5625;-64.9429;5.010130183408572;3.258813117237201
-66.0;-65.1714;5.010130183408572;3.258813117237201
-67.625;-66.0286;5.010130183408572;3.258813117237201
-68.625;-66.8857;5.010130183408572;3.258813117237201
-68.8125;-66.6571;5.010130183408572;3.258813117237201
-68.3125;-66.8571;5.010130183408572;3.258813117237201
-67.8125;-68.0571;5.010130183408572;3.258813117237201
-68.125;-68.1714;5.010130183408572;3.258813117237201
-68.8125;-68.4286;5.010130183408572;3.258813117237201
-69.3125;-69.6286;5.010130183408572;3.258813117237201
-70.125;-70.6571;5.010130183408572;3.258813117237201
-71.25;-70.5714;5.010130183408572;3.258813117237201
-72.1875;-70.9429;5.010130183408572;3.258813117237201
-72.5625;-71.8;5.010130183408572;3.258813117237201
-72.5625;-72.5429;5.010130183408572;3.258813117237201
-72.875;-72.4286;5.010130183408572;3.258813117237201
-73.375;-73.0857;5.010130183408572;3.258813117237201
-73.8125;-73.7429;5.010130183408572;3.258813117237201
-74.4375;-74.2571;5.010130183408572;3.258813117237201
-74.8125;-74.5429;5.010130183408572;3.258813117237201
-74.1875;-74.3429;5.010130183408572;3.258813117237201
-73.1875;-75.8;5.010130183408572;3.258813117237201
-72.375;-76.1714;5.010130183408572;3.258813117237201
-72.0;-76.9429;5.010130183408572;3.258813117237201
-71.875;-77.0857;5.010130183408572;3.258813117237201
-71.875;-77.3714;5.010130183408572;3.258813117237201
-72.25;-79.1429;5.010130183408572;3.258813117237201
-73.8125;-80.3429;5.010130183408572;3.258813117237201
-77.0;-78.9714;5.010130183408572;3.258813117237201
-80.125;-79.6571;5.010130183408572;3.258813117237201
-81.9375;-80.4;5.010130183408572;3.258813117237201
-82.5;-80.7714;5.010130183408572;3.258813117237201
-82.3125;-81.3143;5.010130183408572;3.258813117237201
-82.375;-81.4286;5.010130183408572;3.258813117237201
-83.4375;-81.7143;5.010130183408572;3.258813117237201
-84.5625;-81.7143;5.010130183408572;3.258813117237201
-85.0;-82.8;5.010130183408572;3.258813117237201
-85.125;-83.3429;5.010130183408572;3.258813117237201
-84.6875;-83.9714;5.010130183408572;3.258813117237201
-84.0;-84.3143;5.010130183408572;3.258813117237201
-84.0;-83.5714;5.010130183408572;3.258813117237201
-84.6875;-84.1714;5.010130183408572;3.258813117237201
-85.125;-84.9143;5.010130183408572;3.258813117237201
-85.4375;-85.8857;5.010130183408572;3.258813117237201
-85.6875;-86.1714;5.010130183408572;3.258813117237201
-86.0625;-86.6857;5.010130183408572;3.258813117237201
-87.1875;-86.4571;5.010130183408572;3.258813117237201
-88.6875;-86.9429;5.010130183408572;3.258813117237201
-89.5625;-87.1143;5.010130183408572;3.258813117237201
-89.6875;-87.0286;5.010130183408572;3.258813117237201
-89.625;-88.3143;5.010130183408572;3.258813117237201
-89.1875;-87.9143;5.010130183408572;3.258813117237201
-88.0625;-88.7714;5.010130183408572;3.258813117237201
-86.9375;-89.4286;5.010130183408572;3.258813117237201
-86.1875;-90.3429;5.010130183408572;3.258813117237201
-85.875;-90.3429;5.010130183408572;3.258813117237201
-85.8125;-90.5429;5.010130183408572;3.258813117237201
-85.875;-90.2286;5.010130183408572;3.258813117237201
-86.375;-90.2;5.010130183408572;3.258813117237201
-88.125;-90.6286;5.010130183408572;3.258813117237201
-90.875;-92.1143;5.010130183408572;3.258813117237201
-93.0;-92.4286;5.010130183408572;3.258813117237201
-93.9375;-92.8857;5.010130183408572;3.258813117237201
-94.1875;-93.0857;5.010130183408572;3.258813117237201
-94.375;-92.7429;5.010130183408572;3.258813117237201
-94.1875;-92.7429;5.010130183408572;3.258813117237201
-93.9375;-93.2;5.010130183408572;3.258813117237201
-93.75;-94.4286;5.010130183408572;3.258813117237201
-93.875;-95.2;5.010130183408572;3.258813117237201
-94.9375;-95.6857;5.010130183408572;3.258813117237201
-96.3125;-95.7143;5.010130183408572;3.258813117237201
-97.375;-96.0571;5.010130183408572;3.258813117237201
-98.3125;-96.9429;5.010130183408572;3.258813117237201
-98.5625;-97.1714;5.010130183408572;3.258813117237201
-98.1875;-98.4286;5.010130183408572;3.258813117237201
-97.875;-100.3143;5.010130183408572;3.258813117237201
-98.25;-99.4857;5.010130183408572;3.258813117237201
-99.0;-100.0857;5.010130183408572;3.258813117237201
-99.875;-99.7429;5.010130183408572;3.258813117237201
-100.6875;-99.6571;5.010130183408572;3.258813117237201
-100.6875;-100.4286;5.010130183408572;3.258813117237201
-100.3125;-99.4286;5.010130183408572;3.258813117237201
-100.625;-99.4571;5.010130183408572;3.258813117237201
-101.5;-100.2857;5.010130183408572;3.258813117237201
-102.25;-99.5143;5.010130183408572;3.258813117237201
-102.625;-99.8;5.010130183408572;3.258813117237201
-102.75;-100.8571;5.010130183408572;3.258813117237201
-102.75;-100.9714;5.010130183408572;3.258813117237201
-102.6875;-102.2857;5.010130183408572;3.258813117237201
-102.625;-103.0571;5.010130183408572;3.258813117237201
-102.5625;-103.4571;5.010130183408572;3.258813117237201
-102.8125;-103.4571;5.010130183408572;3.258813117237201
-103.75;-103.9429;5.010130183408572;3.258813117237201
-104.8125;-103.8286;5.010130183408572;3.258813117237201
-105.125;-105.3143;5.010130183408572;3.258813117237201
-104.3125;-104.8571;5.010130183408572;3.258813117237201
-103.3125;-105.2286;5.010130183408572;3.258813117237201
-103.375;-104.6571;5.010130183408572;3.258813117237201
-104.8125;-105.7429;5.010130183408572;3.258813117237201
-106.5;-105.2286;5.010130183408572;3.258813117237201
-107.5625;-105.1429;5.010130183408572;3.258813117237201
-107.25;-105.8571;5.010130183408572;3.258813117237201
-106.6875;-106.3143;5.010130183408572;3.258813117237201
-107.1875;-106.7714;5.010130183408572;3.258813117237201
-108.3125;-107.4286;5.010130183408572;3.258813117237201
-109.25;-107.5714;5.010130183408572;3.258813117237201
-110.0625;-108.0857;5.010130183408572;3.258813117237201
-110.625;-107.7714;5.010130183408572;3.258813117237201
-110.4375;-107.4;5.010130183408572;3.258813117237201
-109.5625;-108.2286;5.010130183408572;3.258813117237201
-108.25;-108.9429;5.010130183408572;3.258813117237201
-107.4375;-109.1714;5.010130183408572;3.258813117237201
-107.8125;-109.0857;5.010130183408572;3.258813117237201
-109.3125;-109.3429;5.010130183408572;3.258813117237201
-110.8125;-109.0;5.010130183408572;3.258813117237201
-111.1875;-110.4571;5.010130183408572;3.258813117237201
-110.9375;-111.3143;5.010130183408572;3.258813117237201
-110.6875;-112.0;5.010130183408572;3.258813117237201
-110.5625;-111.3143;5.010130183408572;3.258813117237201
-110.5625;-112.0857;5.010130183408572;3.258813117237201
-110.5625;-112.1143;5.010130183408572;3.258813117237201
-110.5625;-111.4571;5.010130183408572;3.258813117237201
-110.6875;-112.9143;5.010130183408572;3.258813117237201
-111.4375;-112.8571;5.010130183408572;3.258813117237201
-113.1875;-112.6286;5.010130183408572;3.258813117237201
-115.1875;-112.4286;5.010130183408572;3.258813117237201
-116.75;-113.5143;5.010130183408572;3.258813117237201
-117.4375;-114.0571;5.010130183408572;3.258813117237201
-116.875;-113.6;5.010130183408572;3.258813117237201
-115.6875;-114.3429;5.010130183408572;3.258813117237201
-114.4375;-114.4571;5.010130183408572;3.258813117237201
-113.8125;-114.7429;5.010130183408572;3.258813117237201
-114.0625;-115.0857;5.010130183408572;3.258813117237201
-115.0625;-114.8857;5.010130183408572;3.258813117237201
-116.4375;-115.3714;5.010130183408572;3.258813117237201
-118.0625;-114.6857;5.010130183408572;3.258813117237201
-119.5625;-112.8;5.010130183408572;3.258813117237201
-120.1875;-114.5714;5.010130183408572;3.258813117237201
-119.5625;-115.3143;5.010130183408572;3.258813117237201
-118.625;-115.2571;5.010130183408572;3.258813117237201
-118.4375;-116.5714;5.010130183408572;3.258813117237201
-118.25;-116.4857;5.010130183408572;3.258813117237201
-117.0;-116.9714;5.010130183408572;3.258813117237201
-116.0625;-117.3429;5.010130183408572;3.258813117237201
-116.3125;-118.0;5.010130183408572;3.258813117237201
-117.4375;-117.6286;5.010130183408572;3.258813117237201
-118.875;-117.3143;5.010130183408572;3.258813117237201
-119.8125;-119.3429;5.010130183408572;3.258813117237201
-120.3125;-118.0857;5.010130183408572;3.258813117237201
-120.5;-117.4571;5.010130183408572;3.258813117237201
-120.5625;-118.4857;5.010130183408572;3.258813117237201
-120.5625;-119.6286;5.010130183408572;3.258813117237201
-120.5;-120.1429;5.010130183408572;3.258813117237201
-120.5;-120.0;5.010130183408572;3.258813117237201
-120.375;-119.4;5.010130183408572;3.258813117237201
-120.375;-119.4286;5.010130183408572;3.258813117237201
-120.6875;-120.2;5.010130183408572;3.258813117237201
-121.0;-120.5714;5.010130183408572;3.258813117237201
-121.75;-120.6286;5.010130183408572;3.258813117237201
-122.75;-120.4;5.010130183408572;3.258813117237201
-123.0;-121.2857;5.010130183408572;3.258813117237201
-122.125;-121.9143;5.010130183408572;3.258813117237201
-120.8125;-120.5714;5.010130183408572;3.258813117237201
-120.0;-121.0286;5.010130183408572;3.258813117237201
-120.125;-120.7143;5.010130183408572;3.258813117237201
-120.9375;-120.9714;5.010130183408572;3.258813117237201
-122.0;-120.8571;5.010130183408572;3.258813117237201
-123.0;-122.2571;5.010130183408572;3.258813117237201
-123.5625;-122.8857;5.010130183408572;3.258813117237201
-123.0;-122.0571;5.010130183408572;3.258813117237201
-121.375;-122.6286;5.010130183408572;3.258813117237201
-120.125;-121.9143;5.010130183408572;3.258813117237201
-119.9375;-123.3143;5.010130183408572;3.258813117237201
-120.75;-121.8857;5.010130183408572;3.258813117237201
-122.0;-122.1143;5.010130183408572;3.258813117237201
-122.9375;-122.9714;5.010130183408572;3.258813117237201
-123.5625;-122.3714;5.010130183408572;3.258813117237201
-124.3125;-122.1714;5.010130183408572;3.258813117237201
-124.875;-122.6857;5.010130183408572;3.258813117237201
-124.875;-122.3143;5.010130183408572;3.258813117237201
-124.9375;-123.9714;5.010130183408572;3.258813117237201
-125.125;-124.3143;5.010130183408572;3.258813117237201
-125.25;-124.4571;5.010130183408572;3.258813117237201
-125.3125;-125.1714;5.010130183408572;3.258813117237201
-125.375;-125.4857;5.010130183408572;3.258813117237201
-125.375;-125.3714;5.010130183408572;3.258813117237201
-125.25;-124.9429;5.010130183408572;3.258813117237201
-124.9375;-126.6571;5.010130183408572;3.258813117237201
-124.3125;-126.2;5.010130183408572;3.258813117237201
-124.0;-125.3143;5.010130183408572;3.258813117237201
-124.5;-125.8;5.010130183408572;3.258813117237201
-124.9375;-126.2571;5.010130183408572;3.258813117237201
-124.8125;-126.5714;5.010130183408572;3.258813117237201
-124.5;-126.3714;5.010130183408572;3.258813117237201
-124.9375;-125.4857;5.010130183408572;3.258813117237201
-126.625;-125.2571;5.010130183408572;3.258813117237201
-128.3125;-126.4857;5.010130183408572;3.258813117237201
-128.9375;-126.5429;5.010130183408572;3.258813117237201
-128.4375;-127.6857;5.010130183408572;3.258813117237201
-127.75;-126.1143;5.010130183408572;3.258813117237201
-127.625;-127.4857;5.010130183408572;3.258813117237201
-127.75;-127.6286;5.010130183408572;3.258813117237201
-127.9375;-127.1429;5.010130183408572;3.258813117237201
-128.5;-128.9143;5.010130183408572;3.258813117237201
-129.0;-128.0857;5.010130183408572;3.258813117237201
-128.875;-128.5143;5.010130183408572;3.258813117237201
-127.9375;-128.2571;5.010130183408572;3.258813117237201
-127.0;-128.6;5.010130183408572;3.258813117237201
-127.1875;-128.9714;5.010130183408572;3.258813117237201
-128.1875;-128.1429;5.010130183408572;3.258813117237201
-129.0625;-128.8286;5.010130183408572;3.258813117237201
-129.25;-129.0571;5.010130183408572;3.258813117237201
-128.4375;-128.4571;5.010130183408572;3.258813117237201
-127.0625;-128.6286;5.010130183408572;3.258813117237201
-126.0;-128.9429;5.010130183408572;3.258813117237201
-125.5;-130.2571;5.010130183408572;3.258813117237201
-125.375;-130.3429;5.010130183408572;3.258813117237201
-125.4375;-131.1714;5.010130183408572;3.258813117237201
-126.0;-131.1429;5.010130183408572;3.258813117237201
-127.5;-130.8571;5.010130183408572;3.258813117237201
-129.1875;-131.2571;5.010130183408572;3.258813117237201
-130.375;-131.5714;5.010130183408572;3.258813117237201
-131.0625;-130.9714;5.010130183408572;3.258813117237201
-131.0;-131.8286;5.010130183408572;3.258813117237201
-130.1875;-131.6571;5.010130183408572;3.258813117237201
-129.3125;-131.4571;5.010130183408572;3.258813117237201
-129.125;-131.4571;5.010130183408572;3.258813117237201
-129.3125;-130.2286;5.010130183408572;3.258813117237201
-129.375;-131.2857;5.010130183408572;3.258813117237201
-129.6875;-131.7714;5.010130183408572;3.258813117237201
-130.3125;-130.5429;5.010130183408572;3.258813117237201
-130.9375;-132.4857;5.010130183408572;3.258813117237201
-131.1875;-133.2;5.010130183408572;3.258813117237201
-130.8125;-133.1714;5.010130183408572;3.258813117237201
-130.375;-134.4286;5.010130183408572;3.258813117237201
-130.3125;-134.9714;5.010130183408572;3.258813117237201
-130.375;-134.4;5.010130183408572;3.258813117237201
-130.4375;-134.3143;5.010130183408572;3.258813117237201
-131.125;-134.6857;5.010130183408572;3.258813117237201
-132.0625;-134.8286;5.010130183408572;3.258813117237201
-133.5625;-133.1429;5.010130183408572;3.258813117237201
-134.875;-133.6;5.010130183408572;3.258813117237201
-135.25;-134.9714;5.010130183408572;3.258813117237201
-134.875;-135.5429;5.010130183408572;3.258813117237201
-133.8125;-135.3714;5.010130183408572;3.258813117237201
-132.75;-135.5143;5.010130183408572;3.258813117237201
-132.0;-134.8286;5.010130183408572;3.258813117237201
-131.6875;-135.3429;5.010130183408572;3.258813117237201
-131.6875;-134.8857;5.010130183408572;3.258813117237201
-131.6875;-135.6286;5.010130183408572;3.258813117237201
-132.1875;-135.2571;5.010130183408572;3.258813117237201
-133.375;-136.6571;5.010130183408572;3.258813117237201
-134.75;-136.5429;5.010130183408572;3.258813117237201
-135.6875;-137.9714;5.010130183408572;3.258813117237201
-135.875;-136.6;5.010130183408572;3.258813117237201
-135.8125;-136.1429;5.010130183408572;3.258813117237201
-135.6875;-137.0571;5.010130183408572;3.258813117237201
-135.375;-136.6;5.010130183408572;3.258813117237201
-135.375;-136.7429;5.010130183408572;3.258813117237201
-135.8125;-136.9143;5.010130183408572;3.258813117237201
-136.0;-135.6857;5.010130183408572;3.258813117237201
-136.0625;-138.7429;5.010130183408572;3.258813117237201
-136.0;-138.1143;5.010130183408572;3.258813117237201
-135.75;-137.3143;5.010130183408572;3.258813117237201
-135.625;-138.2571;5.010130183408572;3.258813117237201
-135.875;-137.6286;5.010130183408572;3.258813117237201
-136.0625;-137.2857;5.010130183408572;3.258813117237201
-135.9375;-137.4857;5.010130183408572;3.258813117237201
-135.8125;-136.1143;5.010130183408572;3.258813117237201
-135.625;-135.6;5.010130183408572;3.258813117237201
-135.3125;-137.0857;5.010130183408572;3.258813117237201
-135.75;-136.4571;5.010130183408572;3.258813117237201
-136.375;-135.0571;5.010130183408572;3.258813117237201
-136.1875;-135.8857;5.010130183408572;3.258813117237201
-135.125;-136.3714;5.010130183408572;3.258813117237201
-134.625;-135.8286;5.010130183408572;3.258813117237201
-134.9375;-135.1429;5.010130183408572;3.258813117237201
-135.3125;-135.2857;5.010130183408572;3.258813117237201
-135.5625;-134.2857;5.010130183408572;3.258813117237201
-135.6875;-131.8;5.010130183408572;3.258813117237201
-135.75;-133.1714;5.010130183408572;3.258813117237201
-135.6875;-132.0286;5.010130183408572;3.258813117237201
-135.5;-132.7714;5.010130183408572;3.258813117237201
-135.0;-132.7714;5.010130183408572;3.258813117237201
-133.9375;-131.5143;5.010130183408572;3.258813117237201
-131.875;-131.9429;5.010130183408572;3.258813117237201
-129.5625;-131.4857;5.010130183408572;3.258813117237201
-128.3125;-131.8571;5.010130183408572;3.258813117237201
-128.5625;-130.8286;5.010130183408572;3.258813117237201
-129.625;-130.7143;5.010130183408572;3.258813117237201
-131.125;-131.7714;5.010130183408572;3.258813117237201
-132.9375;-131.3143;5.010130183408572;3.258813117237201
-133.8125;-130.7143;5.010130183408572;3.258813117237201
-132.875;-130.3429;5.010130183408572;3.258813117237201
-131.375;-127.8286;5.010130183408572;3.258813117237201
-130.9375;-128.4571;5.010130183408572;3.258813117237201
-131.5625;-127.6;5.010130183408572;3.258813117237201
-131.75;-128.8857;5.010130183408572;3.258813117237201
-131.0625;-128.2857;5.010130183408572;3.258813117237201
-130.1875;-127.6857;5.010130183408572;3.258813117237201
-129.3125;-128.1714;5.010130183408572;3.258813117237201
-128.625;-128.0857;5.010130183408572;3.258813117237201
-128.3125;-127.9143;5.010130183408572;3.258813117237201
-127.9375;-125.4857;5.010130183408572;3.258813117237201
-127.8125;-126.9714;5.010130183408572;3.258813117237201
-128.4375;-125.8;5.010130183408572;3.258813117237201
-129.0;-125.9714;5.010130183408572;3.258813117237201
-129.1875;-125.8571;5.010130183408572;3.258813117237201
-129.25;-126.5429;5.010130183408572;3.258813117237201
-129.4375;-125.0857;5.010130183408572;3.258813117237201
-129.625;-125.6;5.010130183408572;3.258813117237201
-129.75;-125.5429;5.010130183408572;3.258813117237201
-129.75;-125.1429;5.010130183408572;3.258813117237201
-129.75;-125.0;5.010130183408572;3.258813117237201
-129.5;-124.7714;5.010130183408572;3.258813117237201
-128.625;-124.4286;5.010130183408572;3.258813117237201
-127.3125;-123.6;5.010130183408572;3.258813117237201
-126.1875;-123.9714;5.010130183408572;3.258813117237201
-125.3125;-123.8571;5.010130183408572;3.258813117237201
-124.6875;-123.5714;5.010130183408572;3.258813117237201
-124.1875;-122.4857;5.010130183408572;3.258813117237201
-123.5;-122.8286;5.010130183408572;3.258813117237201
-122.8125;-120.1429;5.010130183408572;3.258813117237201
-122.125;-119.5143;5.010130183408572;3.258813117237201
-121.5625;-119.7429;5.010130183408572;3.258813117237201
-121.4375;-118.8857;5.010130183408572;3.258813117237201
-121.875;-120.1429;5.010130183408572;3.258813117237201
-122.0625;-120.9143;5.010130183408572;3.258813117237201
-122.0625;-118.7429;5.010130183408572;3.258813117237201
-122.0;-119.7714;5.010130183408572;3.258813117237201
-121.5;-119.0286;5.010130183408572;3.258813117237201
-120.6875;-118.8857;5.010130183408572;3.258813117237201
-120.3125;-118.6571;5.010130183408572;3.258813117237201
-120.625;-118.9714;5.010130183408572;3.258813117237201
-121.5625;-118.5143;5.010130183408572;3.258813117237201
-122.3125;-118.0;5.010130183408572;3.258813117237201
-122.3125;-118.6286;5.010130183408572;3.258813117237201
-122.0;-118.0857;5.010130183408572;3.258813117237201
-122.0;-117.1714;5.010130183408572;3.258813117237201
-122.125;-116.8286;5.010130183408572;3.258813117237201
-122.0625;-116.3143;5.010130183408572;3.258813117237201
-121.875;-117.6286;5.010130183408572;3.258813117237201
-121.75;-117.5143;5.010130183408572;3.258813117237201
-121.6875;-117.0;5.010130183408572;3.258813117237201
-121.625;-117.1714;5.010130183408572;3.258813117237201
-121.625;-115.4286;5.010130183408572;3.258813117237201
-121.5625;-114.9143;5.010130183408572;3.258813117237201
-121.25;-114.5143;5.010130183408572;3.258813117237201
-120.75;-115.3714;5.010130183408572;3.258813117237201
-119.75;-114.7429;5.010130183408572;3.258813117237201
-118.375;-113.6571;5.010130183408572;3.258813117237201
-117.0;-113.5143;5.010130183408572;3.258813117237201
-116.125;-113.0;5.010130183408572;3.258813117237201
-115.5;-113.0286;5.010130183408572;3.258813117237201
-115.0;-111.3143;5.010130183408572;3.258813117237201
-114.8125;-112.5429;5.010130183408572;3.258813117237201
-115.3125;-113.1143;5.010130183408572;3.258813117237201
-115.75;-113.5143;5.010130183408572;3.258813117237201
-116.3125;-111.6;5.010130183408572;3.258813117237201
-117.1875;-111.3143;5.010130183408572;3.258813117237201
-117.75;-111.6571;5.010130183408572;3.258813117237201
-117.25;-111.3429;5.010130183408572;3.258813117237201
-115.8125;-110.8;5.010130183408572;3.258813117237201
-114.8125;-110.4;5.010130183408572;3.258813117237201
-114.5625;-110.4571;5.010130183408572;3.258813117237201
-114.375;-110.1429;5.010130183408572;3.258813117237201
-113.8125;-110.2286;5.010130183408572;3.258813117237201
-112.9375;-110.2;5.010130183408572;3.258813117237201
-112.5625;-109.5714;5.010130183408572;3.258813117237201
-113.25;-109.3429;5.010130183408572;3.258813117237201
-113.625;-108.5714;5.010130183408572;3.258813117237201
-112.6875;-107.8571;5.010130183408572;3.258813117237201
-111.25;-108.4571;5.010130183408572;3.258813117237201
-110.1875;-109.3714;5.010130183408572;3.258813117237201
-109.6875;-108.9143;5.010130183408572;3.258813117237201
-109.5625;-109.0857;5.010130183408572;3.258813117237201
-109.625;-109.4286;5.010130183408572;3.258813117237201
-109.6875;-108.7714;5.010130183408572;3.258813117237201
-110.0625;-108.7429;5.010130183408572;3.258813117237201
-110.9375;-107.8857;5.010130183408572;3.258813117237201
-111.5625;-107.9429;5.010130183408572;3.258813117237201
-111.375;-107.2;5.010130183408572;3.258813117237201
-110.5;-106.7714;5.010130183408572;3.258813117237201
-109.625;-105.9143;5.010130183408572;3.258813117237201
-109.5;-106.3714;5.010130183408572;3.258813117237201
-109.75;-105.6571;5.010130183408572;3.258813117237201
-109.6875;-105.0286;5.010130183408572;3.258813117237201
-108.875;-105.5429;5.010130183408572;3.258813117237201
-108.0625;-105.6571;5.010130183408572;3.258813117237201
-107.6875;-104.8;5.010130183408572;3.258813117237201
-107.4375;-104.7429;5.010130183408572;3.258813117237201
-107.0;-104.3429;5.010130183408572;3.258813117237201
-107.3125;-104.7429;5.010130183408572;3.258813117237201
-108.25;-104.6571;5.010130183408572;3.258813117237201
-108.5625;-104.0857;5.010130183408572;3.258813117237201
-107.6875;-104.7429;5.010130183408572;3.258813117237201
-106.8125;-103.7143;5.010130183408572;3.258813117237201
-106.4375;-102.6857;5.010130183408572;3.258813117237201
-106.5;-102.1429;5.010130183408572;3.258813117237201
-107.0625;-102.2857;5.010130183408572;3.258813117237201
-107.5625;-102.8571;5.010130183408572;3.258813117237201
-107.75;-102.7714;5.010130183408572;3.258813117237201
-107.8125;-103.8571;5.010130183408572;3.258813117237201
-107.6875;-103.8857;5.010130183408572;3.258813117237201
-107.5;-102.2;5.010130183408572;3.258813117237201
-107.25;-102.3143;5.010130183408572;3.258813117237201
-107.125;-101.3143;5.010130183408572;3.258813117237201
-107.0625;-101.0571;5.010130183408572;3.258813117237201
-107.0625;-100.5143;5.010130183408572;3.258813117237201
-107.0625;-101.5714;5.010130183408572;3.258813117237201
-106.9375;-101.0857;5.010130183408572;3.258813117237201
-106.5625;-100.4857;5.010130183408572;3.258813117237201
-106.125;-100.5143;5.010130183408572;3.258813117237201
-105.5;-100.5143;5.010130183408572;3.258813117237201
-104.4375;-100.0571;5.010130183408572;3.258813117237201
-103.75;-98.8857;5.010130183408572;3.258813117237201
-103.625;-99.3429;5.010130183408572;3.258813117237201
-103.8125;-99.1429;5.010130183408572;3.258813117237201
-104.25;-98.2286;5.010130183408572;3.258813117237201
-104.625;-98.5143;5.010130183408572;3.258813117237201
-104.375;-98.2857;5.010130183408572;3.258813117237201
-103.6875;-98.8;5.010130183408572;3.258813117237201
-103.3125;-98.9429;5.010130183408572;3.258813117237201
-103.375;-97.8286;5.010130183408572;3.258813117237201
-103.375;-97.3143;5.010130183408572;3.258813117237201
-103.25;-97.1143;5.010130183408572;3.258813117237201
-102.5;-98.3714;5.010130183408572;3.258813117237201
-101.125;-98.4857;5.010130183408572;3.258813117237201
-100.125;-97.4286;5.010130183408572;3.258813117237201
-100.25;-98.1429;5.010130183408572;3.258813117237201
-101.0;-97.8286;5.010130183408572;3.258813117237201
-101.75;-96.8;5.010130183408572;3.258813117237201
-101.9375;-95.9143;5.010130183408572;3.258813117237201
-101.5;-96.4286;5.010130183408572;3.258813117237201
-100.8125;-95.6;5.010130183408572;3.258813117237201
-99.9375;-95.2;5.010130183408572;3.258813117237201
-99.5;-95.6286;5.010130183408572;3.258813117237201
-99.625;-95.6571;5.010130183408572;3.258813117237201
-99.875;-94.4286;5.010130183408572;3.258813117237201
-100.125;-94.5143;5.010130183408572;3.258813117237201
-100.25;-95.7143;5.010130183408572;3.258813117237201
-100.25;-94.5429;5.010130183408572;3.258813117237201
-100.3125;-93.9714;5.010130183408572;3.258813117237201
-100.1875;-94.0571;5.010130183408572;3.258813117237201
-99.75;-94.3714;5.010130183408572;3.258813117237201
-99.5;-95.5714;5.010130183408572;3.258813117237201
-99.25;-95.5714;5.010130183408572;3.258813117237201
-98.1875;-93.8857;5.010130183408572;3.258813117237201
-96.5;-93.9143;5.010130183408572;3.258813117237201
-95.3125;-93.5143;5.010130183408572;3.258813117237201
-95.8125;-93.1714;5.010130183408572;3.258813117237201
-97.1875;-93.2286;5.010130183408572;3.258813117237201
-98.1875;-93.6286;5.010130183408572;3.258813117237201
-98.75;-92.9714;5.010130183408572;3.258813117237201
-98.5;-93.1714;5.010130183408572;3.258813117237201
-98.0625;-92.8286;5.010130183408572;3.258813117237201
-98.125;-92.4571;5.010130183408572;3.258813117237201
-98.0625;-91.3714;5.010130183408572;3.258813117237201
-97.75;-92.2286;5.010130183408572;3.258813117237201
-97.4375;-91.4857;5.010130183408572;3.258813117237201
-96.9375;-90.9429;5.010130183408572;3.258813117237201
-96.625;-91.3143;5.010130183408572;3.258813117237201
-96.375;-91.9143;5.010130183408572;3.258813117237201
-95.375;-91.6857;5.010130183408572;3.258813117237201
-93.875;-91.5714;5.010130183408572;3.258813117237201
-93.25;-90.5714;5.010130183408572;3.258813117237201
-93.6875;-90.3429;5.010130183408572;3.258813117237201
-94.375;-90.5143;5.010130183408572;3.258813117237201
-94.8125;-91.0;5.010130183408572;3.258813117237201
-95.0;-91.2;5.010130183408572;3.258813117237201
-95.0;-89.9143;5.010130183408572;3.258813117237201
-95.0;-89.8571;5.010130183408572;3.258813117237201
-94.9375;-89.8286;5.010130183408572;3.258813117237201
-94.9375;-89.6;5.010130183408572;3.258813117237201
-94.9375;-89.8;5.010130183408572;3.258813117237201
-95.0625;-89.8286;5.010130183408572;3.258813117237201
-95.1875;-89.2286;5.010130183408572;3.258813117237201
-95.375;-88.6571;5.010130183408572;3.258813117237201
-94.9375;-89.1143;5.010130183408572;3.258813117237201
-93.375;-88.6286;5.010130183408572;3.258813117237201
-92.0;-88.5429;5.010130183408572;3.258813117237201
-91.1875;-87.8286;5.010130183408572;3.258813117237201
-90.8125;-87.8;5.010130183408572;3.258813117237201
-91.125;-88.3143;5.010130183408572;3.258813117237201
-92.4375;-89.1143;5.010130183408572;3.258813117237201
-93.5;-88.2571;5.010130183408572;3.258813117237201
-93.0625;-88.1143;5.010130183408572;3.258813117237201
-91.5625;-87.3429;5.010130183408572;3.258813117237201
-90.0625;-87.4286;5.010130183408572;3.258813117237201
-89.375;-86.5429;5.010130183408572;3.258813117237201
-89.3125;-86.3714;5.010130183408572;3.258813117237201
-89.6875;-87.5143;5.010130183408572;3.258813117237201
-90.8125;-87.9143;5.010130183408572;3.258813117237201
-92.125;-86.9143;5.010130183408572;3.258813117237201
-92.25;-86.8;5.010130183408572;3.258813117237201
-91.3125;-86.5143;5.010130183408572;3.258813117237201
-90.0625;-86.5429;5.010130183408572;3.258813117237201
-88.9375;-86.3429;5.010130183408572;3.258813117237201
-88.0;-85.6286;5.010130183408572;3.258813117237201
-87.25;-85.7714;5.010130183408572;3.258813117237201
-86.5625;-85.8;5.010130183408572;3.258813117237201
-85.9375;-85.6;5.010130183408572;3.258813117237201
-85.5625;-84.7714;5.010130183408572;3.258813117237201
-85.5;-85.7714;5.010130183408572;3.258813117237201
-85.5;-84.9429;5.010130183408572;3.258813117237201
-85.5625;-84.1143;5.010130183408572;3.258813117237201
-85.625;-84.2857;5.010130183408572;3.258813117237201
-86.0;-84.5143;5.010130183408572;3.258813117237201
-86.5;-84.8286;5.010130183408572;3.258813117237201
-86.75;-84.9714;5.010130183408572;3.258813117237201
-86.75;-85.0;5.010130183408572;3.258813117237201
-86.375;-83.7429;5.010130183408572;3.258813117237201
-85.6875;-83.3714;5.010130183408572;3.258813117237201
-85.1875;-83.7714;5.010130183408572;3.258813117237201
-85.4375;-84.6286;5.010130183408572;3.258813117237201
-86.0625;-83.5714;5.010130183408572;3.258813117237201
-86.5;-82.5429;5.010130183408572;3.258813117237201
-86.6875;-82.7429;5.010130183408572;3.258813117237201
-86.375;-82.8;5.010130183408572;3.258813117237201
-85.625;-83.3429;5.010130183408572;3.258813117237201
-85.375;-82.9429;5.010130183408572;3.258813117237201
-85.5;-82.7143;5.010130183408572;3.258813117237201
-85.3125;-82.8857;5.010130183408572;3.258813117237201
-84.75;-82.0571;5.010130183408572;3.258813117237201
-84.4375;-81.2857;5.010130183408572;3.258813117237201
-84.5;-81.1143;5.010130183408572;3.258813117237201
-84.6875;-81.8;5.010130183408572;3.258813117237201
-85.0;-82.0286;5.010130183408572;3.258813117237201
-85.1875;-81.5143;5.010130183408572;3.258813117237201
-84.6875;-80.4;5.010130183408572;3.258813117237201
-83.5;-79.7714;5.010130183408572;3.258813117237201
-82.625;-80.0;5.010130183408572;3.258813117237201
-82.6875;-80.6857;5.010130183408572;3.258813117237201
-83.375;-80.4857;5.010130183408572;3.258813117237201
-84.0;-80.5143;5.010130183408572;3.258813117237201
-84.375;-80.3429;5.010130183408572;3.258813117237201
-84.5;-79.9714;5.010130183408572;3.258813117237201
-84.5;-80.7143;5.010130183408572;3.258813117237201
-84.4375;-80.8286;5.010130183408572;3.258813117237201
-84.0625;-80.6286;5.010130183408572;3.258813117237201
-83.4375;-79.9714;5.010130183408572;3.258813117237201
-83.125;-78.7429;5.010130183408572;3.258813117237201
-83.25;-79.2571;5.010130183408572;3.258813117237201
-83.5625;-79.5714;5.010130183408572;3.258813117237201
-83.875;-79.3143;5.010130183408572;3.258813117237201
-83.6875;-79.1143;5.010130183408572;3.258813117237201
-83.125;-78.7429;5.010130183408572;3.258813117237201
-82.75;-78.2286;5.010130183408572;3.258813117237201
-82.3125;-78.5143;5.010130183408572;3.258813117237201
-81.625;-78.4286;5.010130183408572;3.258813117237201
-81.3125;-78.2857;5.010130183408572;3.258813117237201
-81.375;-77.7714;5.010130183408572;3.258813117237201
-81.4375;-77.6571;5.010130183408572;3.258813117237201
-81.25;-78.6;5.010130183408572;3.258813117237201
-80.9375;-77.4571;5.010130183408572;3.258813117237201
-80.8125;-77.7714;5.010130183408572;3.258813117237201
-80.75;-78.1143;5.010130183408572;3.258813117237201
-80.8125;-78.0;5.010130183408572;3.258813117237201
-81.125;-77.1429;5.010130183408572;3.258813117237201
-81.4375;-77.3429;5.010130183408572;3.258813117237201
-81.4375;-76.8;5.010130183408572;3.258813117237201
-80.8125;-76.6571;5.010130183408572;3.258813117237201
-80.0;-76.1714;5.010130183408572;3.258813117237201
-79.5625;-76.6286;5.010130183408572;3.258813117237201
-79.3125;-76.5714;5.010130183408572;3.258813117237201
-79.125;-76.5714;5.010130183408572;3.258813117237201
-79.0625;-77.0857;5.010130183408572;3.258813117237201
-79.0;-75.6286;5.010130183408572;3.258813117237201
-79.0;-75.0857;5.010130183408572;3.258813117237201
-79.0;-74.8286;5.010130183408572;3.258813117237201
-79.3125;-75.6286;5.010130183408572;3.258813117237201
-79.8125;-75.4857;5.010130183408572;3.258813117237201
-79.6875;-74.8286;5.010130183408572;3.258813117237201
-79.0;-74.2571;5.010130183408572;3.258813117237201
-78.5625;-74.8286;5.010130183408572;3.258813117237201
-78.5;-74.5429;5.010130183408572;3.258813117237201
-78.3125;-74.5429;5.010130183408572;3.258813117237201
-77.875;-73.9714;5.010130183408572;3.258813117237201
-77.375;-73.4571;5.010130183408572;3.258813117237201
-76.875;-74.1143;5.010130183408572;3.258813117237201
-76.5625;-73.8571;5.010130183408572;3.258813117237201
-77.0625;-73.5143;5.010130183408572;3.258813117237201
-77.75;-73.0;5.010130183408572;3.258813117237201
-77.5;-73.2857;5.010130183408572;3.258813117237201
-76.75;-73.7429;5.010130183408572;3.258813117237201
-76.375;-72.9429;5.010130183408572;3.258813117237201
-76.4375;-72.8857;5.010130183408572;3.258813117237201
-76.375;-72.9143;5.010130183408572;3.258813117237201
-76.0625;-73.4857;5.010130183408572;3.258813117237201
-75.75;-72.8;5.010130183408572;3.258813117237201
-75.625;-72.0286;5.010130183408572;3.258813117237201
-75.875;-72.8;5.010130183408572;3.258813117237201
-76.25;-72.7714;5.010130183408572;3.258813117237201
-76.6875;-72.2571;5.010130183408572;3.258813117237201
-76.8125;-72.0286;5.010130183408572;3.258813117237201
-76.4375;-71.6;5.010130183408572;3.258813117237201
-76.0;-71.6571;5.010130183408572;3.258813117237201
-75.75;-71.4286;5.010130183408572;3.258813117237201
-75.6875;-71.6286;5.010130183408572;3.258813117237201
-75.6875;-71.1143;5.010130183408572;3.258813117237201
-75.75;-70.4571;5.010130183408572;3.258813117237201
-75.75;-70.6286;5.010130183408572;3.258813117237201
-75.5625;-70.9714;5.010130183408572;3.258813117237201
-75.25;-70.9429;5.010130183408572;3.258813117237201
-75.0625;-70.8286;5.010130183408572;3.258813117237201
-74.625;-70.4857;5.010130183408572;3.258813117237201
-73.625;-71.0286;5.010130183408572;3.258813117237201
-72.5625;-70.6286;5.010130183408572;3.258813117237201
-72.125;-70.7429;5.010130183408572;3.258813117237201
-72.25;-70.6571;5.010130183408572;3.258813117237201
-72.75;-70.6286;5.010130183408572;3.258813117237201
-73.1875;-69.8;5.010130183408572;3.258813117237201
-73.1875;-69.4571;5.010130183408572;3.258813117237201
-73.1875;-69.8;5.010130183408572;3.258813117237201
-73.5;-69.2571;5.010130183408572;3.258813117237201
-73.75;-68.9714;5.010130183408572;3.258813117237201
-73.5625;-68.8857;5.010130183408572;3.258813117237201
-72.875;-69.1429;5.010130183408572;3.258813117237201
-72.4375;-68.6286;5.010130183408572;3.258813117237201
-72.5;-68.2571;5.010130183408572;3.258813117237201
-72.8125;-68.4286;5.010130183408572;3.258813117237201
-72.875;-68.3714;5.010130183408572;3.258813117237201
-72.375;-67.7143;5.010130183408572;3.258813117237201
-71.75;-68.3429;5.010130183408572;3.258813117237201
-71.5;-67.8857;5.010130183408572;3.258813117237201
-71.4375;-67.2571;5.010130183408572;3.258813117237201
-71.4375;-67.4571;5.010130183408572;3.258813117237201
-71.8125;-67.3429;5.010130183408572;3.258813117237201
-72.1875;-67.6;5.010130183408572;3.258813117237201
-72.4375;-67.2286;5.010130183408572;3.258813117237201
-72.5;-67.5714;5.010130183408572;3.258813117237201
-72.5625;-67.4286;5.010130183408572;3.258813117237201
-72.5;-66.6;5.010130183408572;3.258813117237201
-72.5;-67.6286;5.010130183408572;3.258813117237201
-72.5625;-67.4857;5.010130183408572;3.258813117237201
-72.5;-66.8857;5.010130183408572;3.258813117237201
-71.375;-66.7143;5.010130183408572;3.258813117237201
-69.8125;-66.5714;5.010130183408572;3.258813117237201
-69.1875;-65.6571;5.010130183408572;3.258813117237201
-69.625;-65.7714;5.010130183408572;3.258813117237201
-70.0;-66.3714;5.010130183408572;3.258813117237201
-69.875;-65.4857;5.010130183408572;3.258813117237201
-69.375;-65.8;5.010130183408572;3.258813117237201
-68.8125;-65.8857;5.010130183408572;3.258813117237201
-68.1875;-65.3143;5.010130183408572;3.258813117237201
-67.4375;-64.8286;5.010130183408572;3.258813117237201
-66.9375;-64.9429;5.010130183408572;3.258813117237201
-66.8125;-65.0857;5.010130183408572;3.258813117237201
-67.375;-64.7143;5.010130183408572;3.258813117237201
-68.1875;-64.9429;5.010130183408572;3.258813117237201
-68.1875;-64.5143;5.010130183408572;3.258813117237201
-67.375;-64.4;5.010130183408572;3.258813117237201
-66.375;-65.0571;5.010130183408572;3.258813117237201
-65.8125;-64.1714;5.010130183408572;3.258813117237201
-66.0;-63.8;5.010130183408572;3.258813117237201
-66.625;-64.1714;5.010130183408572;3.258813117237201
-67.0;-63.6;5.010130183408572;3.258813117237201
-67.25;-64.1429;5.010130183408572;3.258813117237201
-68.0;-64.4;5.010130183408572;3.258813117237201
-68.8125;-64.1429;5.010130183408572;3.258813117237201
-69.0;-64.0857;5.010130183408572;3.258813117237201
-68.75;-64.5714;5.010130183408572;3.258813117237201
-68.4375;-64.1714;5.010130183408572;3.258813117237201
-68.1875;-63.8286;5.010130183408572;3.258813117237201
-68.125;-64.0286;5.010130183408572;3.258813117237201
-68.125;-63.8286;5.010130183408572;3.258813117237201
-68.125;-63.5429;5.010130183408572;3.258813117237201
-68.1875;-63.4571;5.010130183408572;3.258813117237201
-67.5625;-62.8571;5.010130183408572;3.258813117237201
-66.375;-62.8;5.010130183408572;3.258813117237201
-65.5;-63.0571;5.010130183408572;3.258813117237201
-65.4375;-62.5143;5.010130183408572;3.258813117237201
-65.8125;-62.7429;5.010130183408572;3.258813117237201
-66.0625;-62.8286;5.010130183408572;3.258813117237201
-65.6875;-62.6571;5.010130183408572;3.258813117237201
-64.875;-63.2286;5.010130183408572;3.258813117237201
-64.1875;-62.3714;5.010130183408572;3.258813117237201
-63.9375;-61.5429;5.010130183408572;3.258813117237201
-64.25;-62.4857;5.010130183408572;3.258813117237201
-64.5625;-61.7429;5.010130183408572;3.258813117237201
-64.6875;-61.2857;5.010130183408572;3.258813117237201
-64.75;-61.6571;5.010130183408572;3.258813117237201
-64.6875;-61.2571;5.010130183408572;3.258813117237201
-64.1875;-61.1714;5.010130183408572;3.258813117237201
-63.25;-61.5143;5.010130183408572;3.258813117237201
-62.625;-61.2286;5.010130183408572;3.258813117237201
-62.9375;-61.2286;5.010130183408572;3.258813117237201
-63.8125;-61.6857;5.010130183408572;3.258813117237201
-64.5;-60.9143;5.010130183408572;3.258813117237201
-64.75;-61.2571;5.010130183408572;3.258813117237201
-64.875;-60.7714;5.010130183408572;3.258813117237201
-64.6875;-60.4;5.010130183408572;3.258813117237201
-64.375;-60.7714;5.010130183408572;3.258813117237201
-64.125;-60.0;5.010130183408572;3.258813117237201
-64.0;-60.1143;5.010130183408572;3.258813117237201
-64.0;-60.6;5.010130183408572;3.258813117237201
-64.0;-60.0857;5.010130183408572;3.258813117237201
-64.0;-60.5714;5.010130183408572;3.258813117237201
-63.75;-59.6286;5.010130183408572;3.258813117237201
-63.0;-59.6857;5.010130183408572;3.258813117237201
-62.0625;-60.0;5.010130183408572;3.258813117237201
-61.375;-59.6571;5.010130183408572;3.258813117237201
-61.125;-59.8;5.010130183408572;3.258813117237201
-61.625;-59.3429;5.010130183408572;3.258813117237201
-62.3125;-59.1143;5.010130183408572;3.258813117237201
-62.75;-59.4;5.010130183408572;3.258813117237201
-62.875;-59.2286;5.010130183408572;3.258813117237201
-62.5625;-59.3429;5.010130183408572;3.258813117237201
-61.5;-59.1714;5.010130183408572;3.258813117237201
-60.375;-58.9143;5.010130183408572;3.258813117237201
-59.9375;-59.3429;5.010130183408572;3.258813117237201
-60.375;-58.5714;5.010130183408572;3.258813117237201
-60.8125;-58.4571;5.010130183408572;3.258813117237201
-61.1875;-58.4857;5.010130183408572;3.258813117237201
-61.3125;-58.3714;5.010130183408572;3.258813117237201
-61.0625;-58.5143;5.010130183408572;3.258813117237201
-60.6875;-58.3143;5.010130183408572;3.258813117237201
-60.375;-58.2857;5.010130183408572;3.258813117237201
-60.3125;-58.6571;5.010130183408572;3.258813117237201
-60.3125;-57.1429;5.010130183408572;3.258813117237201
-59.875;-57.9143;5.010130183408572;3.258813117237201
-59.375;-57.3429;5.010130183408572;3.258813117237201
-59.375;-57.5714;5.010130183408572;3.258813117237201
-60.0625;-57.8;5.010130183408572;3.258813117237201
-61.3125;-57.0;5.010130183408572;3.258813117237201
-62.4375;-57.3143;5.010130183408572;3.258813117237201
-63.125;-56.9429;5.010130183408572;3.258813117237201
-63.375;-56.7429;5.010130183408572;3.258813117237201
-63.4375;-56.8571;5.010130183408572;3.258813117237201
-63.3125;-56.7143;5.010130183408572;3.258813117237201
-63.1875;-57.0;5.010130183408572;3.258813117237201
-62.5625;-56.2857;5.010130183408572;3.258813117237201
-61.4375;-56.6857;5.010130183408572;3.258813117237201
-60.0;-56.5714;5.010130183408572;3.258813117237201
-58.5;-55.7143;5.010130183408572;3.258813117237201
-57.5625;-56.1429;5.010130183408572;3.258813117237201
-57.625;-55.6857;5.010130183408572;3.258813117237201
-57.9375;-55.8;5.010130183408572;3.258813117237201
-57.875;-55.8286;5.010130183408572;3.258813117237201
-57.75;-55.7429;5.010130183408572;3.258813117237201
-58.0625;-56.1429;5.010130183408572;3.258813117237201
-58.5;-55.6;5.010130183408572;3.258813117237201
-58.5625;-55.7714;5.010130183408572;3.258813117237201
-58.3125;-55.5429;5.010130183408572;3.258813117237201
-57.6875;-55.4;5.010130183408572;3.258813117237201
-57.375;-55.1143;5.010130183408572;3.258813117237201
-57.625;-55.0286;5.010130183408572;3.258813117237201
-57.875;-55.2571;5.010130183408572;3.258813117237201
-57.9375;-54.5429;5.010130183408572;3.258813117237201
-57.8125;-54.6286;5.010130183408572;3.258813117237201
-57.375;-54.2571;5.010130183408572;3.258813117237201
-56.9375;-54.6286;5.010130183408572;3.258813117237201
-56.625;-54.6;5.010130183408572;3.258813117237201
-56.6875;-54.6857;5.010130183408572;3.258813117237201
-56.9375;-54.2;5.010130183408572;3.258813117237201
-56.8125;-53.8;5.010130183408572;3.258813117237201
-56.625;-54.1429;5.010130183408572;3.258813117237201
-56.625;-53.7714;5.010130183408572;3.258813117237201
-56.75;-54.1714;5.010130183408572;3.258813117237201
-56.8125;-54.0;5.010130183408572;3.258813117237201
-56.8125;-53.6286;5.010130183408572;3.258813117237201
-56.875;-53.6571;5.010130183408572;3.258813117237201
-57.0;-53.3714;5.010130183408572;3.258813117237201
-57.0;-53.7714;5.010130183408572;3.258813117237201
-56.5625;-53.4286;5.010130183408572;3.258813117237201
-55.8125;-53.7143;5.010130183408572;3.258813117237201
-55.25;-53.4;5.010130183408572;3.258813117237201
-55.0625;-53.4571;5.010130183408572;3.258813117237201
-55.0625;-53.0571;5.010130183408572;3.258813117237201
-55.0625;-53.2857;5.010130183408572;3.258813117237201
-54.9375;-52.7714;5.010130183408572;3.258813117237201
-54.6875;-52.6;5.010130183408572;3.258813117237201
-54.5;-52.8571;5.010130183408572;3.258813117237201
-54.75;-52.3143;5.010130183408572;3.258813117237201
-55.0625;-52.6857;5.010130183408572;3.258813117237201
-54.75;-52.0571;5.010130183408572;3.258813117237201
-54.0;-52.3429;5.010130183408572;3.258813117237201
-53.4375;-52.1429;5.010130183408572;3.258813117237201
-53.5625;-52.2286;5.010130183408572;3.258813117237201
-53.9375;-51.6857;5.010130183408572;3.258813117237201
-54.0625;-51.7714;5.010130183408572;3.258813117237201
-53.9375;-51.7143;5.010130183408572;3.258813117237201
-54.0;-51.5714;5.010130183408572;3.258813117237201
-54.25;-51.8286;5.010130183408572;3.258813117237201
-54.5625;-51.4571;5.010130183408572;3.258813117237201
-54.875;-51.6286;5.010130183408572;3.258813117237201
-54.8125;-51.1714;5.010130183408572;3.258813117237201
-54.1875;-51.3714;5.010130183408572;3.258813117237201
-53.5;-51.2857;5.010130183408572;3.258813117237201
-53.0;-51.5429;5.010130183408572;3.258813117237201
-52.8125;-50.9143;5.010130183408572;3.258813117237201
-52.8125;-51.2286;5.010130183408572;3.258813117237201
-52.8125;-51.0571;5.010130183408572;3.258813117237201
-52.875;-50.8857;5.010130183408572;3.258813117237201
-52.875;-50.9143;5.010130183408572;3.258813117237201
-52.875;-50.5714;5.010130183408572;3.258813117237201
-52.75;-50.5143;5.010130183408572;3.258813117237201
-52.6875;-50.4286;5.010130183408572;3.258813117237201
-52.625;-50.2286;5.010130183408572;3.258813117237201
-52.5;-50.1429;5.010130183408572;3.258813117237201
-52.75;-50.2571;5.010130183408572;3.258813117237201
-53.625;-50.0;5.010130183408572;3.258813117237201
-54.5;-49.9429;5.010130183408572;3.258813117237201
-54.4375;-49.7143;5.010130183408572;3.258813117237201
-53.625;-50.0;5.010130183408572;3.258813117237201
-52.4375;-49.8286;5.010130183408572;3.258813117237201
-51.25;-49.9714;5.010130183408572;3.258813117237201
-50.75;-49.5143;5.010130183408572;3.258813117237201
-51.125;-49.3143;5.010130183408572;3.258813117237201
-51.75;-49.2;5.010130183408572;3.258813117237201
-52.25;-49.2;5.010130183408572;3.258813117237201
-52.375;-49.1143;5.010130183408572;3.258813117237201
-51.9375;-49.4286;5.010130183408572;3.258813117237201
-51.125;-49.2571;5.010130183408572;3.258813117237201
-50.6875;-49.0;5.010130183408572;3.258813117237201
-51.0625;-48.8857;5.010130183408572;3.258813117237201
-51.8125;-48.7429;5.010130183408572;3.258813117237201
-52.4375;-48.4286;5.010130183408572;3.258813117237201
-52.625;-48.7143;5.010130183408572;3.258813117237201
-52.25;-48.5714;5.010130183408572;3.258813117237201
-51.5625;-48.5714;5.010130183408572;3.258813117237201
-51.0;-48.1714;5.010130183408572;3.258813117237201
-50.6875;-48.0857;5.010130183408572;3.258813117237201
-50.625;-47.8857;5.010130183408572;3.258813117237201
-50.625;-48.2286;5.010130183408572;3.258813117237201
-50.6875;-48.0857;5.010130183408572;3.258813117237201
-50.75;-47.7429;5.010130183408572;3.258813117237201
-50.75;-47.6;5.010130183408572;3.258813117237201
-50.3125;-47.6571;5.010130183408572;3.258813117237201
-49.6875;-47.5714;5.010130183408572;3.258813117237201
-49.25;-47.6571;5.010130183408572;3.258813117237201
-49.0625;-47.6286;5.010130183408572;3.258813117237201
-49.3125;-47.4857;5.010130183408572;3.258813117237201
-49.6875;-47.3429;5.010130183408572;3.258813117237201
-49.8125;-47.0857;5.010130183408572;3.258813117237201
-49.9375;-46.6857;5.010130183408572;3.258813117237201
-50.0625;-46.7429;5.010130183408572;3.258813117237201
-49.8125;-46.7714;5.010130183408572;3.258813117237201
-49.0625;-46.7714;5.010130183408572;3.258813117237201
-48.625;-46.5143;5.010130183408572;3.258813117237201
-48.6875;-46.4857;5.010130183408572;3.258813117237201
-49.125;-46.2857;5.010130183408572;3.258813117237201
-49.875;-46.4286;5.010130183408572;3.258813117237201
-50.3125;-46.1143;5.010130183408572;3.258813117237201
-50.125;-46.2286;5.010130183408572;3.258813117237201
-49.5625;-46.0857;5.010130183408572;3.258813117237201
-49.0;-46.3143;5.010130183408572;3.258813117237201
-48.6875;-46.2286;5.010130183408572;3.258813117237201
-48.5;-46.2286;5.010130183408572;3.258813117237201
-48.5;-45.9714;5.010130183408572;3.258813117237201
-48.375;-46.0;5.010130183408572;3.258813117237201
-47.75;-45.5714;5.010130183408572;3.258813117237201
-46.875;-45.6;5.010130183408572;3.258813117237201
-46.1875;-45.2571;5.010130183408572;3.258813117237201
-45.8125;-45.4286;5.010130183408572;3.258813117237201
-45.6875;-45.3143;5.010130183408572;3.258813117237201
-45.75;-45.2571;5.010130183408572;3.258813117237201
-45.75;-45.3429;5.010130183408572;3.258813117237201
-46.125;-44.9429;5.010130183408572;3.258813117237201
-46.8125;-45.0857;5.010130183408572;3.258813117237201
-47.375;-45.1429;5.010130183408572;3.258813117237201
-47.6875;-44.8;5.010130183408572;3.258813117237201
-47.75;-44.7143;5.010130183408572;3.258813117237201
-47.625;-44.6;5.010130183408572;3.258813117237201
-47.6875;-44.4571;5.010130183408572;3.258813117237201
-47.5;-44.3714;5.010130183408572;3.258813117237201
-46.875;-44.0857;5.010130183408572;3.258813117237201
-45.8125;-44.0571;5.010130183408572;3.258813117237201
-44.8125;-44.0857;5.010130183408572;3.258813117237201
-44.5;-44.0857;5.010130183408572;3.258813117237201
-44.8125;-43.8857;5.010130183408572;3.258813117237201
-45.0625;-43.7429;5.010130183408572;3.258813117237201
-45.4375;-43.8;5.010130183408572;3.258813117237201
-46.1875;-43.8857;5.010130183408572;3.258813117237201
-46.6875;-43.8;5.010130183408572;3.258813117237201
-46.4375;-43.7429;5.010130183408572;3.258813117237201
-45.8125;-43.6571;5.010130183408572;3.258813117237201
-45.125;-43.3429;5.010130183408572;3.258813117237201
-44.6875;-43.5429;5.010130183408572;3.258813117237201
-44.875;-43.3714;5.010130183408572;3.258813117237201
-45.375;-43.2857;5.010130183408572;3.258813117237201
-45.5;-43.1429;5.010130183408572;3.258813117237201
-45.3125;-43.4286;5.010130183408572;3.258813117237201
-45.3125;-43.4286;5.010130183408572;3.258813117237201
-45.4375;-43.3714;5.010130183408572;3.258813117237201
-45.625;-43.2286;5.010130183408572;3.258813117237201
-45.75;-42.9714;5.010130183408572;3.258813117237201
-45.8125;-42.8857;5.010130183408572;3.258813117237201
-45.8125;-42.7714;5.010130183408572;3.258813117237201
-45.8125;-42.6571;5.010130183408572;3.258813117237201
-45.75;-42.6571;5.010130183408572;3.258813117237201
-45.4375;-42.6857;5.010130183408572;3.258813117237201
-45.0625;-42.3143;5.010130183408572;3.258813117237201
-44.8125;-42.1429;5.010130183408572;3.258813117237201
-44.75;-42.2571;5.010130183408572;3.258813117237201
-44.4375;-42.1714;5.010130183408572;3.258813117237201
-43.8125;-42.0286;5.010130183408572;3.258813117237201
-43.25;-41.7714;5.010130183408572;3.258813117237201
-43.1875;-41.9143;5.010130183408572;3.258813117237201
-43.5625;-41.6857;5.010130183408572;3.258813117237201
-43.9375;-41.6857;5.010130183408572;3.258813117237201
-44.3125;-41.3429;5.010130183408572;3.258813117237201
-44.5625;-41.6;5.010130183408572;3.258813117237201
-44.5;-41.4286;5.010130183408572;3.258813117237201
-44.25;-41.2571;5.010130183408572;3.258813117237201
-43.75;-41.3714;5.010130183408572;3.258813117237201
-43.0;-41.0857;5.010130183408572;3.258813117237201
-42.3125;-40.9143;5.010130183408572;3.258813117237201
-42.125;-40.8;5.010130183408572;3.258813117237201
-42.25;-40.9429;5.010130183408572;3.258813117237201
-42.4375;-40.8857;5.010130183408572;3.258813117237201
-42.5;-40.7143;5.010130183408572;3.258813117237201
-42.625;-40.5714;5.010130183408572;3.258813117237201
-43.0625;-40.6286;5.010130183408572;3.258813117237201
-43.6875;-40.5714;5.010130183408572;3.258813117237201
-44.0625;-40.4;5.010130183408572;3.258813117237201
-44.125;-40.5143;5.010130183408572;3.258813117237201
-44.0;-40.2;5.010130183408572;3.258813117237201
-43.875;-40.2;5.010130183408572;3.258813117237201
-43.8125;-40.3143;5.010130183408572;3.258813117237201
-43.75;-40.0286;5.010130183408572;3.258813117237201
-43.75;-40.0286;5.010130183408572;3.258813117237201
-43.625;-39.8;5.010130183408572;3.258813117237201
-43.1875;-39.7143;5.010130183408572;3.258813117237201
-42.3125;-39.7429;5.010130183408572;3.258813117237201
-41.5625;-39.8571;5.010130183408572;3.258813117237201
-41.1875;-39.6857;5.010130183408572;3.258813117237201
-41.1875;-39.4571;5.010130183408572;3.258813117237201
-41.25;-39.8;5.010130183408572;3.258813117237201
-41.375;-39.5714;5.010130183408572;3.258813117237201
-41.375;-39.5714;5.010130183408572;3.258813117237201
-40.9375;-39.5429;5.010130183408572;3.258813117237201
-40.25;-39.3714;5.010130183408572;3.258813117237201
-39.8125;-39.4;5.010130183408572;3.258813117237201
-39.8125;-39.2;5.010130183408572;3.258813117237201
-40.0625;-39.0286;5.010130183408572;3.258813117237201
-40.375;-38.8;5.010130183408572;3.258813117237201
-40.625;-38.9429;5.010130183408572;3.258813117237201
-40.875;-38.8571;5.010130183408572;3.258813117237201
-41.1875;-38.6857;5.010130183408572;3.258813117237201
-41.5;-38.5429;5.010130183408572;3.258813117237201
-41.6875;-38.7143;5.010130183408572;3.258813117237201
-41.6875;-38.7714;5.010130183408572;3.258813117237201
-41.6875;-38.7143;5.010130183408572;3.258813117237201
-41.5625;-38.4571;5.010130183408572;3.258813117237201
-41.375;-38.3714;5.010130183408572;3.258813117237201
-41.25;-38.1714;5.010130183408572;3.258813117237201
-41.25;-37.9429;5.010130183408572;3.258813117237201
-41.25;-37.8286;5.010130183408572;3.258813117237201
-41.3125;-37.6571;5.010130183408572;3.258813117237201
-41.3125;-37.7429;5.010130183408572;3.258813117237201
-41.3125;-37.3714;5.010130183408572;3.258813117237201
-41.3125;-37.3714;5.010130183408572;3.258813117237201
-41.3125;-37.5429;5.010130183408572;3.258813117237201
-41.1875;-37.2857;5.010130183408572;3.258813117237201
-40.8125;-37.3429;5.010130183408572;3.258813117237201
-39.875;-37.3429;5.010130183408572;3.258813117237201
-39.0;-37.3714;5.010130183408572;3.258813117237201
-38.875;-37.1714;5.010130183408572;3.258813117237201
-39.375;-37.1143;5.010130183408572;3.258813117237201
-39.75;-37.0;5.010130183408572;3.258813117237201
-39.5;-37.1714;5.010130183408572;3.258813117237201
-38.8125;-37.2;5.010130183408572;3.258813117237201
-38.25;-36.8857;5.010130183408572;3.258813117237201
-37.9375;-36.7429;5.010130183408572;3.258813117237201
-38.0;-36.7429;5.010130183408572;3.258813117237201
-38.5625;-36.8286;5.010130183408572;3.258813117237201
-39.25;-36.7429;5.010130183408572;3.258813117237201
-39.75;-36.6857;5.010130183408572;3.258813117237201
-39.75;-36.6571;5.010130183408572;3.258813117237201
-39.375;-36.5714;5.010130183408572;3.258813117237201
-38.75;-36.5714;5.010130183408572;3.258813117237201
-38.3125;-36.4857;5.010130183408572;3.258813117237201
-38.0625;-36.3714;5.010130183408572;3.258813117237201
-37.625;-36.3429;5.010130183408572;3.258813117237201
-37.125;-36.3714;5.010130183408572;3.258813117237201
-36.9375;-36.1429;5.010130183408572;3.258813117237201
-37.1875;-36.0286;5.010130183408572;3.258813117237201
-37.625;-35.8286;5.010130183408572;3.258813117237201
-37.9375;-35.7429;5.010130183408572;3.258813117237201
-38.25;-35.8;5.010130183408572;3.258813117237201
-38.5;-35.6286;5.010130183408572;3.258813117237201
-38.625;-35.6;5.010130183408572;3.258813117237201
-38.6875;-35.5429;5.010130183408572;3.258813117237201
-38.6875;-35.2571;5.010130183408572;3.258813117237201
-38.6875;-35.1714;5.010130183408572;3.258813117237201
-38.625;-35.0286;5.010130183408572;3.258813117237201
-38.4375;-35.0571;5.010130183408572;3.258813117237201
-37.875;-35.0857;5.010130183408572;3.258813117237201
-37.0625;-35.1714;5.010130183408572;3.258813117237201
-36.5;-34.9429;5.010130183408572;3.258813117237201
-36.25;-34.8286;5.010130183408572;3.258813117237201
-36.125;-34.9429;5.010130183408572;3.258813117237201
-36.5;-34.7143;5.010130183408572;3.258813117237201
-37.1875;-34.6571;5.010130183408572;3.258813117237201
-37.5;-34.6;5.010130183408572;3.258813117237201
-37.25;-34.5429;5.010130183408572;3.258813117237201
-36.4375;-34.4857;5.010130183408572;3.258813117237201
-35.5;-34.3429;5.010130183408572;3.258813117237201
-34.9375;-34.2286;5.010130183408572;3.258813117237201
-34.9375;-34.2;5.010130183408572;3.258813117237201
-35.25;-34.2571;5.010130183408572;3.258813117237201
-35.625;-34.1429;5.010130183408572;3.258813117237201
-35.75;-34.1429;5.010130183408572;3.258813117237201
-35.375;-34.0571;5.010130183408572;3.258813117237201
-34.875;-33.8571;5.010130183408572;3.258813117237201
-34.6875;-33.7714;5.010130183408572;3.258813117237201
-34.9375;-33.9143;5.010130183408572;3.258813117237201
-35.0625;-33.8286;5.010130183408572;3.258813117237201
-34.75;-33.8;5.010130183408572;3.258813117237201
-34.375;-33.7429;5.010130183408572;3.258813117237201
-34.375;-33.7714;5.010130183408572;3.258813117237201
-34.625;-33.6;5.010130183408572;3.258813117237201
-34.9375;-33.5429;5.010130183408572;3.258813117237201
-35.0625;-33.4;5.010130183408572;3.258813117237201
-35.125;-33.4;5.010130183408572;3.258813117237201
-35.125;-33.2857;5.010130183408572;3.258813117237201
-35.125;-33.2286;5.010130183408572;3.258813117237201
-35.125;-33.3429;5.010130183408572;3.258813117237201
-35.0;-33.0286;5.010130183408572;3.258813117237201
-34.5;-32.7429;5.010130183408572;3.258813117237201
-34.0625;-32.7714;5.010130183408572;3.258813117237201
-34.125;-32.7143;5.010130183408572;3.258813117237201
-34.4375;-32.5429;5.010130183408572;3.258813117237201
-34.5;-32.4857;5.010130183408572;3.258813117237201
-34.125;-32.4571;5.010130183408572;3.258813117237201
-33.875;-32.4286;5.010130183408572;3.258813117237201
-33.75;-32.4;5.010130183408572;3.258813117237201
-33.625;-32.2571;5.010130183408572;3.258813117237201
-33.75;-32.1143;5.010130183408572;3.258813117237201
-33.875;-31.9143;5.010130183408572;3.258813117237201
-33.8125;-32.0;5.010130183408572;3.258813117237201
-33.6875;-31.7714;5.010130183408572;3.258813117237201
-33.625;-31.9429;5.010130183408572;3.258813117237201
-33.6875;-31.8571;5.010130183408572;3.258813117237201
-33.75;-31.8286;5.010130183408572;3.258813117237201
-33.8125;-31.6571;5.010130183408572;3.258813117237201
-33.5625;-31.6286;5.010130183408572;3.258813117237201
-33.25;-31.5429;5.010130183408572;3.258813117237201
-33.0;-31.4286;5.010130183408572;3.258813117237201
-32.75;-31.3429;5.010130183408572;3.258813117237201
-32.5625;-31.4;5.010130183408572;3.258813117237201
-32.5625;-31.3429;5.010130183408572;3.258813117237201
-32.625;-31.2;5.010130183408572;3.258813117237201
-32.6875;-31.1143;5.010130183408572;3.258813117237201
-32.75;-31.0571;5.010130183408572;3.258813117237201
-32.8125;-31.0571;5.010130183408572;3.258813117237201
-32.8125;-30.8;5.010130183408572;3.258813117237201
-32.8125;-30.8857;5.010130183408572;3.258813117237201
-32.8125;-30.8;5.010130183408572;3.258813117237201
-32.6875;-30.8;5.010130183408572;3.258813117237201
-32.5;-30.8;5.010130183408572;3.258813117237201
-32.375;-30.6286;5.010130183408572;3.258813117237201
-32.4375;-30.5143;5.010130183408572;3.258813117237201
-32.625;-30.4286;5.010130183408572;3.258813117237201
-32.625;-30.4571;5.010130183408572;3.258813117237201
-32.4375;-30.4857;5.010130183408572;3.258813117237201
-32.0625;-30.5143;5.010130183408572;3.258813117237201
-31.75;-30.3429;5.010130183408572;3.258813117237201
-31.5625;-30.2857;5.010130183408572;3.258813117237201
-31.625;-30.1143;5.010130183408572;3.258813117237201
-31.5;-30.0286;5.010130183408572;3.258813117237201
-31.3125;-29.9143;5.010130183408572;3.258813117237201
-31.3125;-29.9143;5.010130183408572;3.258813117237201
-31.625;-29.8857;5.010130183408572;3.258813117237201
-31.875;-29.8571;5.010130183408572;3.258813117237201
-31.75;-29.8571;5.010130183408572;3.258813117237201
-31.625;-29.7143;5.010130183408572;3.258813117237201
-31.375;-29.5714;5.010130183408572;3.258813117237201
-31.0625;-29.4571;5.010130183408572;3.258813117237201
-30.8125;-29.4857;5.010130183408572;3.258813117237201
-30.8125;-29.2286;5.010130183408572;3.258813117237201
-31.0;-29.2;5.010130183408572;3.258813117237201
-31.25;-29.2571;5.010130183408572;3.258813117237201
-31.4375;-29.1714;5.010130183408572;3.258813117237201
-31.0625;-29.0571;5.010130183408572;3.258813117237201
-30.3125;-28.8571;5.010130183408572;3.258813117237201
-29.6875;-28.8571;5.010130183408572;3.258813117237201
-29.3125;-28.7143;5.010130183408572;3.258813117237201
-29.25;-28.6857;5.010130183408572;3.258813117237201
-29.25;-28.6286;5.010130183408572;3.258813117237201
-29.3125;-28.6857;5.010130183408572;3.258813117237201
-29.3125;-28.6286;5.010130183408572;3.258813117237201
-29.4375;-28.4571;5.010130183408572;3.258813117237201
-29.8125;-28.3714;5.010130183408572;3.258813117237201
-30.0;-28.3429;5.010130183408572;3.258813117237201
-29.9375;-28.2571;5.010130183408572;3.258813117237201
-29.9375;-28.1714;5.010130183408572;3.258813117237201
-30.1875;-28.0;5.010130183408572;3.258813117237201
-30.4375;-28.0857;5.010130183408572;3.258813117237201
-30.375;-28.0571;5.010130183408572;3.258813117237201
-30.1875;-28.0571;5.010130183408572;3.258813117237201
-29.875;-27.8857;5.010130183408572;3.258813117237201
-29.5;-27.8571;5.010130183408572;3.258813117237201
-29.0625;-27.8857;5.010130183408572;3.258813117237201
-28.6875;-27.7714;5.010130183408572;3.258813117237201
-28.375;-27.5429;5.010130183408572;3.258813117237201
-28.0;-27.6286;5.010130183408572;3.258813117237201
-28.125;-27.6571;5.010130183408572;3.258813117237201
-28.75;-27.4857;5.010130183408572;3.258813117237201
-29.5;-27.4;5.010130183408572;3.258813117237201
-29.8125;-27.3143;5.010130183408572;3.258813117237201
-29.6875;-27.2;5.010130183408572;3.258813117237201
-29.4375;-27.1714;5.010130183408572;3.258813117237201
-29.0;-27.2571;5.010130183408572;3.258813117237201
-28.5;-27.0;5.010130183408572;3.258813117237201
-28.125;-27.1143;5.010130183408572;3.258813117237201
-28.0625;-27.0;5.010130183408572;3.258813117237201
-28.125;-26.9143;5.010130183408572;3.258813117237201
-28.25;-26.9714;5.010130183408572;3.258813117237201
-28.3125;-26.8857;5.010130183408572;3.258813117237201
-28.375;-26.8286;5.010130183408572;3.258813117237201
-28.375;-26.7143;5.010130183408572;3.258813117237201
-28.375;-26.6;5.010130183408572;3.258813117237201
-28.375;-26.6857;5.010130183408572;3.258813117237201
-28.5625;-26.6857;5.010130183408572;3.258813117237201
-28.6875;-26.4571;5.010130183408572;3.258813117237201
-28.5;-26.5429;5.010130183408572;3.258813117237201
-27.875;-26.4;5.010130183408572;3.258813117237201
-27.25;-26.3429;5.010130183408572;3.258813117237201
-26.8125;-26.1143;5.010130183408572;3.258813117237201
-26.75;-26.2286;5.010130183408572;3.258813117237201
-27.125;-26.1429;5.010130183408572;3.258813117237201
-27.6875;-26.1429;5.010130183408572;3.258813117237201
-27.875;-25.9143;5.010130183408572;3.258813117237201
-27.5625;-25.9429;5.010130183408572;3.258813117237201
-26.9375;-25.8857;5.010130183408572;3.258813117237201
-26.5;-25.8;5.010130183408572;3.258813117237201
-26.5;-25.6857;5.010130183408572;3.258813117237201
-26.625;-25.5143;5.010130183408572;3.258813117237201
-26.75;-25.4286;5.010130183408572;3.258813117237201
-26.6875;-25.4857;5.010130183408572;3.258813117237201
-26.5;-25.5429;5.010130183408572;3.258813117237201
-26.3125;-25.4;5.010130183408572;3.258813117237201
-26.25;-25.4;5.010130183408572;3.258813117237201
-26.25;-25.2857;5.010130183408572;3.258813117237201
-26.1875;-25.2857;5.010130183408572;3.258813117237201
-26.3125;-25.2571;5.010130183408572;3.258813117237201
-26.5;-25.1714;5.010130183408572;3.258813117237201
-26.5625;-25.0286;5.010130183408572;3.258813117237201
-26.125;-25.0;5.010130183408572;3.258813117237201
-25.5;-24.8857;5.010130183408572;3.258813117237201
-25.0;-24.8857;5.010130183408572;3.258813117237201
-24.8125;-24.9714;5.010130183408572;3.258813117237201
-24.75;-24.7714;5.010130183408572;3.258813117237201
-24.75;-24.7429;5.010130183408572;3.258813117237201
-24.875;-24.7429;5.010130183408572;3.258813117237201
-25.125;-24.6286;5.010130183408572;3.258813117237201
-25.3125;-24.6;5.010130183408572;3.258813117237201
-25.4375;-24.4857;5.010130183408572;3.258813117237201
-25.4375;-24.3143;5.010130183408572;3.258813117237201
-25.5;-24.0857;5.010130183408572;3.258813117237201
-25.5625;-24.1714;5.010130183408572;3.258813117237201
-25.4375;-24.1714;5.010130183408572;3.258813117237201
-25.0625;-24.0;5.010130183408572;3.258813117237201
-24.4375;-24.0286;5.010130183408572;3.258813117237201
-24.0625;-23.9429;5.010130183408572;3.258813117237201
-24.0625;-23.8857;5.010130183408572;3.258813117237201
-24.4375;-23.6571;5.010130183408572;3.258813117237201
-25.125;-23.7429;5.010130183408572;3.258813117237201
-25.625;-23.7143;5.010130183408572;3.258813117237201
-25.75;-23.6;5.010130183408572;3.258813117237201
-25.625;-23.6571;5.010130183408572;3.258813117237201
-25.375;-23.5429;5.010130183408572;3.258813117237201
-25.125;-23.5429;5.010130183408572;3.258813117237201
-24.75;-23.5429;5.010130183408572;3.258813117237201
-24.1875;-23.4;5.010130183408572;3.258813117237201
-23.875;-23.4571;5.010130183408572;3.258813117237201
-24.0;-23.3143;5.010130183408572;3.258813117237201
-24.5;-23.3143;5.010130183408572;3.258813117237201
-24.875;-23.2571;5.010130183408572;3.258813117237201
-24.875;-23.2;5.010130183408572;3.258813117237201
-24.625;-23.2286;5.010130183408572;3.258813117237201
-24.5625;-23.1714;5.010130183408572;3.258813117237201
-24.5;-23.0857;5.010130183408572;3.258813117237201
-24.5;-23.1714;5.010130183408572;3.258813117237201
-24.5;-22.9714;5.010130183408572;3.258813117237201
-24.5;-22.7714;5.010130183408572;3.258813117237201
-24.4375;-22.8;5.010130183408572;3.258813117237201
-24.25;-22.8;5.010130183408572;3.258813117237201
-24.0;-22.7714;5.010130183408572;3.258813117237201
-23.8125;-22.7714;5.010130183408572;3.258813117237201
-23.5625;-22.5714;5.010130183408572;3.258813117237201
-23.0625;-22.4286;5.010130183408572;3.258813117237201
-22.625;-22.4;5.010130183408572;3.258813117237201
-22.5625;-22.2571;5.010130183408572;3.258813117237201
-22.875;-22.2857;5.010130183408572;3.258813117237201
-23.125;-22.2571;5.010130183408572;3.258813117237201
-23.25;-22.1714;5.010130183408572;3.258813117237201
-23.375;-21.9714;5.010130183408572;3.258813117237201
-23.5625;-21.9429;5.010130183408572;3.258813117237201
-23.9375;-21.8571;5.010130183408572;3.258813117237201
-24.375;-21.8;5.010130183408572;3.258813117237201
-24.25;-21.8;5.010130183408572;3.258813117237201
-23.375;-21.7143;5.010130183408572;3.258813117237201
-22.4375;-21.7714;5.010130183408572;3.258813117237201
-21.75;-21.6857;5.010130183408572;3.258813117237201
-21.4375;-21.8571;5.010130183408572;3.258813117237201
-21.625;-21.7429;5.010130183408572;3.258813117237201
-22.25;-21.6286;5.010130183408572;3.258813117237201
-22.8125;-21.5143;5.010130183408572;3.258813117237201
-23.0625;-21.4;5.010130183408572;3.258813117237201
-23.0;-21.3714;5.010130183408572;3.258813117237201
-22.6875;-21.2286;5.010130183408572;3.258813117237201
-22.3125;-21.1714;5.010130183408572;3.258813117237201
-22.125;-21.2;5.010130183408572;3.258813117237201
-22.0625;-21.1714;5.010130183408572;3.258813117237201
-22.125;-21.0571;5.010130183408572;3.258813117237201
-22.125;-20.8571;5.010130183408572;3.258813117237201
-22.125;-20.9143;5.010130183408572;3.258813117237201
-22.125;-20.8571;5.010130183408572;3.258813117237201
-22.0;-20.6857;5.010130183408572;3.258813117237201
-21.9375;-20.8571;5.010130183408572;3.258813117237201
-22.0;-20.7429;5.010130183408572;3.258813117237201
-21.9375;-20.7429;5.010130183408572;3.258813117237201
-21.75;-20.6857;5.010130183408572;3.258813117237201
-21.5625;-20.4857;5.010130183408572;3.258813117237201
-21.5;-20.5143;5.010130183408572;3.258813117237201
-21.375;-20.4857;5.010130183408572;3.258813117237201
-21.375;-20.4;5.010130183408572;3.258813117237201
-21.4375;-20.3143;5.010130183408572;3.258813117237201
-21.25;-20.1714;5.010130183408572;3.258813117237201
-21.0;-20.1143;5.010130183408572;3.258813117237201
-20.875;-20.1143;5.010130183408572;3.258813117237201
-20.875;-20.1143;5.010130183408572;3.258813117237201
-20.9375;-20.1429;5.010130183408572;3.258813117237201
-21.125;-20.1429;5.010130183408572;3.258813117237201
-21.25;-20.0286;5.010130183408572;3.258813117237201
-21.1875;-20.0286;5.010130183408572;3.258813117237201
-21.125;-19.8286;5.010130183408572;3.258813117237201
-21.0;-19.8;5.010130183408572;3.258813117237201
-20.875;-19.7714;5.010130183408572;3.258813117237201
-20.6875;-19.7143;5.010130183408572;3.258813117237201
-20.5625;-19.7429;5.010130183408572;3.258813117237201
-20.375;-19.7143;5.010130183408572;3.258813117237201
-20.0625;-19.7143;5.010130183408572;3.258813117237201
-19.6875;-19.5429;5.010130183408572;3.258813117237201
-19.5;-19.4;5.010130183408572;3.258813117237201
-19.375;-19.2857;5.010130183408572;3.258813117237201
-19.375;-19.2571;5.010130183408572;3.258813117237201
-19.375;-19.2;5.010130183408572;3.258813117237201
-19.375;-19.0857;5.010130183408572;3.258813117237201
-19.4375;-19.0286;5.010130183408572;3.258813117237201
-19.4375;-18.9714;5.010130183408572;3.258813117237201
-19.4375;-18.9429;5.010130183408572;3.258813117237201
-19.4375;-18.8857;5.010130183408572;3.258813117237201
-19.5625;-18.9714;5.010130183408572;3.258813117237201
-19.8125;-18.8857;5.010130183408572;3.258813117237201
-20.0;-18.8;5.010130183408572;3.258813117237201
-20.1875;-18.7143;5.010130183408572;3.258813117237201
-20.25;-18.6;5.010130183408572;3.258813117237201
-20.1875;-18.6;5.010130183408572;3.258813117237201
-19.9375;-18.4857;5.010130183408572;3.258813117237201
-19.5625;-18.4571;5.010130183408572;3.258813117237201
-19.125;-18.3714;5.010130183408572;3.258813117237201
-18.8125;-18.3143;5.010130183408572;3.258813117237201
-18.875;-18.2;5.010130183408572;3.258813117237201
-19.125;-18.1429;5.010130183408572;3.258813117237201
-19.1875;-18.1143;5.010130183408572;3.258813117237201
-19.1875;-18.0857;5.010130183408572;3.258813117237201
-19.25;-18.0571;5.010130183408572;3.258813117237201
-19.4375;-18.1143;5.010130183408572;3.258813117237201
-19.4375;-18.0857;5.010130183408572;3.258813117237201
-19.125;-18.0;5.010130183408572;3.258813117237201
-18.625;-17.8286;5.010130183408572;3.258813117237201
-18.375;-17.8286;5.010130183408572;3.258813117237201
-18.25;-17.8286;5.010130183408572;3.258813117237201
-18.3125;-17.7429;5.010130183408572;3.258813117237201
-18.625;-17.7143;5.010130183408572;3.258813117237201
-19.0;-17.6571;5.010130183408572;3.258813117237201
-19.25;-17.5143;5.010130183408572;3.258813117237201
-19.375;-17.4571;5.010130183408572;3.258813117237201
-19.375;-17.5714;5.010130183408572;3.258813117237201
-19.375;-17.4857;5.010130183408572;3.258813117237201
-19.3125;-17.4286;5.010130183408572;3.258813117237201
-19.0;-17.4286;5.010130183408572;3.258813117237201
-18.4375;-17.3714;5.010130183408572;3.258813117237201
-18.0625;-17.3714;5.010130183408572;3.258813117237201
-18.125;-17.2571;5.010130183408572;3.258813117237201
-18.375;-17.2;5.010130183408572;3.258813117237201
-18.5;-17.1429;5.010130183408572;3.258813117237201
-18.625;-17.1143;5.010130183408572;3.258813117237201
-18.5625;-17.0857;5.010130183408572;3.258813117237201
-18.375;-17.0286;5.010130183408572;3.258813117237201
-18.0625;-16.8857;5.010130183408572;3.258813117237201
-17.8125;-16.8857;5.010130183408572;3.258813117237201
-17.75;-16.8857;5.010130183408572;3.258813117237201
-17.75;-16.7714;5.010130183408572;3.258813117237201
-17.75;-16.7429;5.010130183408572;3.258813117237201
-17.4375;-16.6286;5.010130183408572;3.258813117237201
-17.0;-16.5429;5.010130183408572;3.258813117237201
-16.6875;-16.6;5.010130183408572;3.258813117237201
-16.6875;-16.4286;5.010130183408572;3.258813117237201
-16.875;-16.4;5.010130183408572;3.258813117237201
-16.75;-16.3429;5.010130183408572;3.258813117237201
-16.4375;-16.4;5.010130183408572;3.258813117237201
-16.3125;-16.2;5.010130183408572;3.258813117237201
-16.8125;-16.2;5.010130183408572;3.258813117237201
-17.5;-16.1143;5.010130183408572;3.258813117237201
-17.875;-16.0286;5.010130183408572;3.258813117237201
-17.75;-16.0286;5.010130183408572;3.258813117237201
-17.3125;-15.9429;5.010130183408572;3.258813117237201
-17.0;-15.9143;5.010130183408572;3.258813117237201
-16.8125;-15.8857;5.010130183408572;3.258813117237201
-16.8125;-15.8286;5.010130183408572;3.258813117237201
-16.8125;-15.7429;5.010130183408572;3.258813117237201
-16.875;-15.6;5.010130183408572;3.258813117237201
-16.9375;-15.5429;5.010130183408572;3.258813117237201
-16.75;-15.4857;5.010130183408572;3.258813117237201
-16.375;-15.2857;5.010130183408572;3.258813117237201
-16.1875;-15.3714;5.010130183408572;3.258813117237201
-16.1875;-15.2;5.010130183408572;3.258813117237201
-16.0625;-15.1143;5.010130183408572;3.258813117237201
-15.8125;-15.0571;5.010130183408572;3.258813117237201
-15.75;-14.9143;5.010130183408572;3.258813117237201
-15.875;-14.9429;5.010130183408572;3.258813117237201
-15.9375;-14.9429;5.010130183408572;3.258813117237201
-15.75;-14.8286;5.010130183408572;3.258813117237201
-15.5625;-14.9429;5.010130183408572;3.258813117237201
-15.4375;-14.9143;5.010130183408572;3.258813117237201
-15.5;-14.8857;5.010130183408572;3.258813117237201
-15.5625;-14.9714;5.010130183408572;3.258813117237201
-15.5625;-14.8857;5.010130183408572;3.258813117237201
-15.625;-14.8571;5.010130183408572;3.258813117237201
-15.625;-14.8;5.010130183408572;3.258813117237201
-15.5625;-14.7714;5.010130183408572;3.258813117237201
-15.375;-14.6286;5.010130183408572;3.258813117237201
-15.3125;-14.6571;5.010130183408572;3.258813117237201
-15.375;-14.6;5.010130183408572;3.258813117237201
-15.3125;-14.4857;5.010130183408572;3.258813117237201
-15.375;-14.4286;5.010130183408572;3.258813117237201
-15.5625;-14.2857;5.010130183408572;3.258813117237201
-15.8125;-14.2857;5.010130183408572;3.258813117237201
-15.875;-14.2;5.010130183408572;3.258813117237201
-15.875;-14.0857;5.010130183408572;3.258813117237201
-15.8125;-14.0286;5.010130183408572;3.258813117237201
-15.8125;-14.0286;5.010130183408572;3.258813117237201
-15.8125;-14.0571;5.010130183408572;3.258813117237201
-15.625;-14.0;5.010130183408572;3.258813117237201
-15.3125;-14.0286;5.010130183408572;3.258813117237201
-15.1875;-13.8857;5.010130183408572;3.258813117237201
-15.3125;-13.8571;5.010130183408572;3.258813117237201
-15.375;-13.7714;5.010130183408572;3.258813117237201
-15.1875;-13.8;5.010130183408572;3.258813117237201
-15.0;-13.6857;5.010130183408572;3.258813117237201
-14.875;-13.6857;5.010130183408572;3.258813117237201
-14.9375;-13.6;5.010130183408572;3.258813117237201
-15.0;-13.5143;5.010130183408572;3.258813117237201
-14.8125;-13.4286;5.010130183408572;3.258813117237201
-14.4375;-13.3714;5.010130183408572;3.258813117237201
-14.125;-13.3429;5.010130183408572;3.258813117237201
-13.8125;-13.2571;5.010130183408572;3.258813117237201
-13.6875;-13.2286;5.010130183408572;3.258813117237201
-13.8125;-13.2;5.010130183408572;3.258813117237201
-14.125;-13.1429;5.010130183408572;3.258813117237201
-14.1875;-13.1143;5.010130183408572;3.258813117237201
-13.9375;-13.1429;5.010130183408572;3.258813117237201
-13.5625;-13.0857;5.010130183408572;3.258813117237201
-13.375;-13.0286;5.010130183408572;3.258813117237201
-13.375;-13.0286;5.010130183408572;3.258813117237201
-13.4375;-12.9714;5.010130183408572;3.258813117237201
-13.5;-12.9429;5.010130183408572;3.258813117237201
-13.5;-12.9143;5.010130183408572;3.258813117237201
-13.5;-12.8286;5.010130183408572;3.258813117237201
-13.5;-12.7714;5.010130183408572;3.258813117237201
-13.4375;-12.7429;5.010130183408572;3.258813117237201
-13.4375;-12.6571;5.010130183408572;3.258813117237201
-13.375;-12.6;5.010130183408572;3.258813117237201
-13.375;-12.5429;5.010130183408572;3.258813117237201
-13.375;-12.4857;5.010130183408572;3.258813117237201
-13.375;-12.4571;5.010130183408572;3.258813117237201
-13.375;-12.4;5.010130183408572;3.258813117237201
-13.3125;-12.4;5.010130183408572;3.258813117237201
-13.1875;-12.3429;5.010130183408572;3.258813117237201
-12.875;-12.2571;5.010130183408572;3.258813117237201
-12.5625;-12.2571;5.010130183408572;3.258813117237201
-12.5;-12.2286;5.010130183408572;3.258813117237201
-12.6875;-12.1429;5.010130183408572;3.258813117237201
-12.875;-12.0857;5.010130183408572;3.258813117237201
-13.0625;-12.1143;5.010130183408572;3.258813117237201
-13.1875;-12.0;5.010130183408572;3.258813117237201
-13.25;-12.0286;5.010130183408572;3.258813117237201
-13.1875;-12.0;5.010130183408572;3.258813117237201
-13.0;-11.9143;5.010130183408572;3.258813117237201
-12.6875;-11.8286;5.010130183408572;3.258813117237201
-12.4375;-11.8;5.010130183408572;3.258813117237201
-12.3125;-11.7714;5.010130183408572;3.258813117237201
-12.4375;-11.6857;5.010130183408572;3.258813117237201
-12.625;-11.6571;5.010130183408572;3.258813117237201
-12.875;-11.6286;5.010130183408572;3.258813117237201
-12.8125;-11.6;5.010130183408572;3.258813117237201
-12.5625;-11.5429;5.010130183408572;3.258813117237201
-12.25;-11.5714;5.010130183408572;3.258813117237201
-11.75;-11.4857;5.010130183408572;3.258813117237201
-11.375;-11.4286;5.010130183408572;3.258813117237201
-11.25;-11.3429;5.010130183408572;3.258813117237201
-11.3125;-11.3143;5.010130183408572;3.258813117237201
-11.4375;-11.2286;5.010130183408572;3.258813117237201
-11.5;-11.2;5.010130183408572;3.258813117237201
-11.5625;-11.1143;5.010130183408572;3.258813117237201
-11.5625;-11.1143;5.010130183408572;3.258813117237201
-11.5625;-11.1429;5.010130183408572;3.258813117237201
-11.625;-11.0857;5.010130183408572;3.258813117237201
-11.625;-11.0286;5.010130183408572;3.258813117237201
-11.4375;-10.9714;5.010130183408572;3.258813117237201
-11.4375;-10.8571;5.010130183408572;3.258813117237201
-11.5;-10.8857;5.010130183408572;3.258813117237201
-11.375;-10.8;5.010130183408572;3.258813117237201
-11.1875;-10.8;5.010130183408572;3.258813117237201
-11.0625;-10.7143;5.010130183408572;3.258813117237201
-11.125;-10.6857;5.010130183408572;3.258813117237201
-11.25;-10.6571;5.010130183408572;3.258813117237201
-11.3125;-10.5429;5.010130183408572;3.258813117237201
-11.4375;-10.5714;5.010130183408572;3.258813117237201
-11.5;-10.5429;5.010130183408572;3.258813117237201
-11.4375;-10.4857;5.010130183408572;3.258813117237201
-11.1875;-10.4286;5.010130183408572;3.258813117237201
-10.8125;-10.3714;5.010130183408572;3.258813117237201
-10.4375;-10.3714;5.010130183408572;3.258813117237201
-10.25;-10.3429;5.010130183408572;3.258813117237201
-10.25;-10.2286;5.010130183408572;3.258813117237201
-10.3125;-10.2571;5.010130183408572;3.258813117237201
-10.4375;-10.1429;5.010130183408572;3.258813117237201
-10.375;-10.0857;5.010130183408572;3.258813117237201
-10.125;-10.0857;5.010130183408572;3.258813117237201
-9.6875;-10.0;5.010130183408572;3.258813117237201
-9.5625;-10.0;5.010130183408572;3.258813117237201
-9.8125;-9.9143;5.010130183408572;3.258813117237201
-10.375;-9.8857;5.010130183408572;3.258813117237201
-10.8125;-9.8286;5.010130183408572;3.258813117237201
-11.125;-9.7429;5.010130183408572;3.258813117237201
-11.1875;-9.7714;5.010130183408572;3.258813117237201
-11.1875;-9.7143;5.010130183408572;3.258813117237201
-11.125;-9.6857;5.010130183408572;3.258813117237201
-11.0;-9.6286;5.010130183408572;3.258813117237201
-10.5625;-9.6;5.010130183408572;3.258813117237201
-9.875;-9.5143;5.010130183408572;3.258813117237201
-9.3125;-9.4857;5.010130183408572;3.258813117237201
-9.0625;-9.4571;5.010130183408572;3.258813117237201
-9.125;-9.4286;5.010130183408572;3.258813117237201
-9.4375;-9.3714;5.010130183408572;3.258813117237201
-9.5625;-9.3714;5.010130183408572;3.258813117237201
-9.5625;-9.3143;5.010130183408572;3.258813117237201
-9.375;-9.2571;5.010130183408572;3.258813117237201
-9.375;-9.2286;5.010130183408572;3.258813117237201
-9.4375;-9.1714;5.010130183408572;3.258813117237201
-9.625;-9.0571;5.010130183408572;3.258813117237201
-9.6875;-9.0571;5.010130183408572;3.258813117237201
-9.5625;-9.0;5.010130183408572;3.258813117237201
-9.25;-9.0;5.010130183408572;3.258813117237201
-9.0625;-8.9143;5.010130183408572;3.258813117237201
-8.9375;-8.9143;5.010130183408572;3.258813117237201
-8.875;-8.8286;5.010130183408572;3.258813117237201
-8.75;-8.7714;5.010130183408572;3.258813117237201
-8.4375;-8.7143;5.010130183408572;3.258813117237201
-8.1875;-8.6857;5.010130183408572;3.258813117237201
-8.125;-8.6;5.010130183408572;3.258813117237201
-8.1875;-8.6;5.010130183408572;3.258813117237201
-8.375;-8.5429;5.010130183408572;3.258813117237201
-8.5625;-8.5143;5.010130183408572;3.258813117237201
-8.75;-8.5143;5.010130183408572;3.258813117237201
-8.75;-8.4571;5.010130183408572;3.258813117237201
-8.75;-8.4;5.010130183408572;3.258813117237201
-8.75;-8.3714;5.010130183408572;3.258813117237201
-8.75;-8.2857;5.010130183408572;3.258813117237201
-8.75;-8.2857;5.010130183408572;3.258813117237201
-8.6875;-8.2571;5.010130183408572;3.258813117237201
-8.5625;-8.2571;5.010130183408572;3.258813117237201
-8.375;-8.2286;5.010130183408572;3.258813117237201
-8.25;-8.1714;5.010130183408572;3.258813117237201
-8.25;-8.1143;5.010130183408572;3.258813117237201
-8.3125;-8.0286;5.010130183408572;3.258813117237201
-8.4375;-7.9714;5.010130183408572;3.258813117237201
-8.625;-7.9429;5.010130183408572;3.258813117237201
-8.625;-7.8571;5.010130183408572;3.258813117237201
-8.5625;-7.8;5.010130183408572;3.258813117237201
-8.25;-7.7714;5.010130183408572;3.258813117237201
-7.75;-7.7429;5.010130183408572;3.258813117237201
-7.3125;-7.6857;5.010130183408572;3.258813117237201
-7.125;-7.7143;5.010130183408572;3.258813117237201
-7.3125;-7.6286;5.010130183408572;3.258813117237201
-7.625;-7.6;5.010130183408572;3.258813117237201
-8.0;-7.5714;5.010130183408572;3.258813117237201
-8.1875;-7.5429;5.010130183408572;3.258813117237201
-8.3125;-7.5143;5.010130183408572;3.258813117237201
-8.4375;-7.4571;5.010130183408572;3.258813117237201
-8.4375;-7.4571;5.010130183408572;3.258813117237201
-8.3125;-7.3714;5.010130183408572;3.258813117237201
-7.9375;-7.3714;5.010130183408572;3.258813117237201
-7.6875;-7.2857;5.010130183408572;3.258813117237201
-7.625;-7.2857;5.010130183408572;3.258813117237201
-7.8125;-7.2857;5.010130183408572;3.258813117237201
-8.0625;-7.1429;5.010130183408572;3.258813117237201
-8.1875;-7.1429;5.010130183408572;3.258813117237201
-8.25;-7.1429;5.010130183408572;3.258813117237201
-8.25;-7.0571;5.010130183408572;3.258813117237201
-8.25;-7.0571;5.010130183408572;3.258813117237201
-8.25;-6.9714;5.010130183408572;3.258813117237201
-8.125;-6.9429;5.010130183408572;3.258813117237201
-7.9375;-6.9429;5.010130183408572;3.258813117237201
-7.625;-6.8571;5.010130183408572;3.258813117237201
-7.3125;-6.8286;5.010130183408572;3.258813117237201
-7.0;-6.8;5.010130183408572;3.258813117237201
-6.8125;-6.7714;5.010130183408572;3.258813117237201
-6.6875;-6.7143;5.010130183408572;3.258813117237201
-6.5;-6.6286;5.010130183408572;3.258813117237201
-6.4375;-6.6286;5.010130183408572;3.258813117237201
-6.5625;-6.5714;5.010130183408572;3.258813117237201
-6.6875;-6.5429;5.010130183408572;3.258813117237201
-6.8125;-6.5143;5.010130183408572;3.258813117237201
-6.8125;-6.4857;5.010130183408572;3.258813117237201
-6.6875;-6.4;5.010130183408572;3.258813117237201
-6.5625;-6.3143;5.010130183408572;3.258813117237201
-6.5;-6.3714;5.010130183408572;3.258813117237201
-6.625;-6.3143;5.010130183408572;3.258813117237201
-6.9375;-6.2571;5.010130183408572;3.258813117237201
-7.25;-6.2286;5.010130183408572;3.258813117237201
-7.3125;-6.1429;5.010130183408572;3.258813117237201
-7.0625;-6.1429;5.010130183408572;3.258813117237201
-6.5625;-6.0857;5.010130183408572;3.258813117237201
-6.25;-6.0571;5.010130183408572;3.258813117237201
-6.0625;-6.0286;5.010130183408572;3.258813117237201
-5.875;-6.0;5.010130183408572;3.258813117237201
-5.5625;-5.9429;5.010130183408572;3.258813117237201
-5.25;-5.9429;5.010130183408572;3.258813117237201
-5.0625;-5.9143;5.010130183408572;3.258813117237201
-5.0625;-5.9143;5.010130183408572;3.258813117237201
-5.0625;-5.8571;5.010130183408572;3.258813117237201
-5.0625;-5.7429;5.010130183408572;3.258813117237201
-5.0625;-5.7714;5.010130183408572;3.258813117237201
-5.0625;-5.6857;5.010130183408572;3.258813117237201
-5.1875;-5.7143;5.010130183408572;3.258813117237201
-5.4375;-5.6286;5.010130183408572;3.258813117237201
-5.625;-5.5429;5.010130183408572;3.258813117237201
-5.75;-5.5429;5.010130183408572;3.258813117237201
-5.875;-5.5143;5.010130183408572;3.258813117237201
-5.875;-5.5143;5.010130183408572;3.258813117237201
-5.75;-5.4571;5.010130183408572;3.258813117237201
-5.4375;-5.4;5.010130183408572;3.258813117237201
-5.0625;-5.4;5.010130183408572;3.258813117237201
-4.9375;-5.3429;5.010130183408572;3.258813117237201
-4.9375;-5.2857;5.010130183408572;3.258813117237201
-5.0625;-5.2857;5.010130183408572;3.258813117237201
-5.3125;-5.2571;5.010130183408572;3.258813117237201
-5.375;-5.2;5.010130183408572;3.258813117237201
-5.0625;-5.2;5.010130183408572;3.258813117237201
-4.75;-5.1714;5.010130183408572;3.258813117237201
-4.625;-5.0571;5.010130183408572;3.258813117237201
-4.625;-5.0286;5.010130183408572;3.258813117237201
-4.5625;-5.0286;5.010130183408572;3.258813117237201
-4.5625;-5.0;5.010130183408572;3.258813117237201
-4.5625;-4.8857;5.010130183408572;3.258813117237201
-4.625;-4.8857;5.010130183408572;3.258813117237201
-4.6875;-4.8571;5.010130183408572;3.258813117237201
-4.75;-4.8;5.010130183408572;3.258813117237201
-4.8125;-4.7429;5.010130183408572;3.258813117237201
-4.8125;-4.7143;5.010130183408572;3.258813117237201
-4.625;-4.6571;5.010130183408572;3.258813117237201
-4.5;-4.5429;5.010130183408572;3.258813117237201
-4.375;-4.4857;5.010130183408572;3.258813117237201
-4.375;-4.4;5.010130183408572;3.258813117237201
-4.375;-4.2571;5.010130183408572;3.258813117237201
-4.5;-4.0857;5.010130183408572;3.258813117237201
-4.5625;-3.9714;5.010130183408572;3.258813117237201
-4.375;-3.8571;5.010130183408572;3.258813117237201
-4.0625;-3.6857;5.010130183408572;3.258813117237201
-3.875;-3.4857;5.010130183408572;3.258813117237201
-3.6875;-3.3429;5.010130183408572;3.258813117237201
-3.625;-3.0286;5.010130183408572;3.258813117237201
-3.5625;-2.7714;5.010130183408572;3.258813117237201
-3.5;-2.4571;5.010130183408572;3.258813117237201
-3.3125;-2.0571;5.010130183408572;3.258813117237201
-2.9375;-1.7143;5.010130183408572;3.258813117237201
-2.4375;-1.2571;5.010130183408572;3.258813117237201
-1.75;-0.6571;5.010130183408572;3.258813117237201
-0.9375;-0.0286;5.010130183408572;3.258813117237201
-0.25;0.6571;5.010130183408572;3.258813117237201
0.125;1.4571;5.010130183408572;3.258813117237201
0.5;2.0857;5.010130183408572;3.258813117237201
1.0;2.6286;5.010130183408572;3.258813117237201
1.3125;3.0571;5.010130183408572;3.258813117237201
1.375;3.6857;5.010130183408572;3.258813117237201
1.625;4.3429;5.010130183408572;3.258813117237201
2.1875;4.8571;5.010130183408572;3.258813117237201
2.8125;5.5429;5.010130183408572;3.258813117237201
3.25;6.1143;5.010130183408572;3.258813117237201
3.625;6.8;5.010130183408572;3.258813117237201
3.9375;7.6;5.010130183408572;3.258813117237201
3.9375;8.3714;5.010130183408572;3.258813117237201
3.8125;9.1714;5.010130183408572;3.258813117237201
3.6875;10.0;5.010130183408572;3.258813117237201
3.625;10.7429;5.010130183408572;3.258813117237201
3.5625;11.6286;5.010130183408572;3.258813117237201
3.5625;12.4857;5.010130183408572;3.258813117237201
3.75;13.2286;5.010130183408572;3.258813117237201
4.8125;14.1714;5.010130183408572;3.258813117237201
7.375;15.1429;5.010130183408572;3.258813117237201
10.4375;16.0;5.010130183408572;3.258813117237201
12.875;16.8571;5.010130183408572;3.258813117237201
14.625;17.6;5.010130183408572;3.258813117237201
15.75;18.4286;5.010130183408572;3.258813117237201
16.5625;19.3429;5.010130183408572;3.258813117237201
17.3125;20.1143;5.010130183408572;3.258813117237201
18.0;20.9429;5.010130183408572;3.258813117237201
18.75;21.6286;5.010130183408572;3.258813117237201
19.625;22.6857;5.010130183408572;3.258813117237201
20.625;23.5429;5.010130183408572;3.258813117237201
21.5;24.3143;5.010130183408572;3.258813117237201
22.375;25.0;5.010130183408572;3.258813117237201
23.25;25.8286;5.010130183408572;3.258813117237201
24.125;26.4857;5.010130183408572;3.258813117237201
25.0625;27.4286;5.010130183408572;3.258813117237201
25.9375;28.1714;5.010130183408572;3.258813117237201
26.625;28.8286;5.010130183408572;3.258813117237201
27.3125;29.6286;5.010130183408572;3.258813117237201
28.0625;30.2;5.010130183408572;3.258813117237201
28.9375;30.9429;5.010130183408572;3.258813117237201
29.75;31.6;5.010130183408572;3.258813117237201
30.5;32.2571;5.010130183408572;3.258813117237201
31.25;32.9429;5.010130183408572;3.258813117237201
31.9375;33.5429;5.010130183408572;3.258813117237201
32.375;34.3143;5.010130183408572;3.258813117237201
32.5625;34.6857;5.010130183408572;3.258813117237201
32.5625;35.4;5.010130183408572;3.258813117237201
32.5625;36.1714;5.010130183408572;3.258813117237201
32.5;37.0286;5.010130183408572;3.258813117237201
32.5625;37.7143;5.010130183408572;3.258813117237201
33.125;38.3429;5.010130183408572;3.258813117237201
34.625;38.7429;5.010130183408572;3.258813117237201
36.5;39.6571;5.010130183408572;3.258813117237201
38.0;40.4286;5.010130183408572;3.258813117237201
39.0625;41.2;5.010130183408572;3.258813117237201
39.875;41.8286;5.010130183408572;3.258813117237201
40.5625;42.2;5.010130183408572;3.258813117237201
41.3125;42.9143;5.010130183408572;3.258813117237201
42.0625;44.0571;5.010130183408572;3.258813117237201
42.875;44.2571;5.010130183408572;3.258813117237201
43.5625;44.7429;5.010130183408572;3.258813117237201
44.1875;45.8;5.010130183408572;3.258813117237201
44.9375;46.1143;5.010130183408572;3.258813117237201
45.75;46.8857;5.010130183408572;3.258813117237201
46.5;47.5143;5.010130183408572;3.258813117237201
47.1875;48.1143;5.010130183408572;3.258813117237201
47.8125;48.3714;5.010130183408572;3.258813117237201
48.1875;48.6;5.010130183408572;3.258813117237201
48.625;49.4571;5.010130183408572;3.258813117237201
49.25;50.4571;5.010130183408572;3.258813117237201
50.0;50.4857;5.010130183408572;3.258813117237201
50.6875;51.3429;5.010130183408572;3.258813117237201
51.3125;51.7429;5.010130183408572;3.258813117237201
51.875;52.6571;5.010130183408572;3.258813117237201
52.375;52.9143;5.010130183408572;3.258813117237201
52.875;53.4286;5.010130183408572;3.258813117237201
53.25;53.5429;5.010130183408572;3.258813117237201
53.375;54.1714;5.010130183408572;3.258813117237201
53.4375;54.8;5.010130183408572;3.258813117237201
53.375;55.6571;5.010130183408572;3.258813117237201
53.4375;56.4;5.010130183408572;3.258813117237201
53.5625;56.9143;5.010130183408572;3.258813117237201
54.0;57.5714;5.010130183408572;3.258813117237201
55.0625;57.7143;5.010130183408572;3.258813117237201
56.625;58.8857;5.010130183408572;3.258813117237201
58.25;59.2;5.010130183408572;3.258813117237201
59.625;59.8571;5.010130183408572;3.258813117237201
60.625;60.4571;5.010130183408572;3.258813117237201
61.1875;61.4571;5.010130183408572;3.258813117237201
61.4375;62.1429;5.010130183408572;3.258813117237201
61.5625;63.2571;5.010130183408572;3.258813117237201
61.9375;62.5714;5.010130183408572;3.258813117237201
62.75;63.0857;5.010130183408572;3.258813117237201
63.875;63.5143;5.010130183408572;3.258813117237201
64.875;63.4571;5.010130183408572;3.258813117237201
65.6875;64.2571;5.010130183408572;3.258813117237201
66.25;64.4286;5.010130183408572;3.258813117237201
66.6875;65.0571;5.010130183408572;3.258813117237201
67.0625;65.9714;5.010130183408572;3.258813117237201
67.3125;65.4;5.010130183408572;3.258813117237201
67.625;66.5143;5.010130183408572;3.258813117237201
68.0625;66.6571;5.010130183408572;3.258813117237201
68.5625;66.9714;5.010130183408572;3.258813117237201
69.0625;69.0286;5.010130183408572;3.258813117237201
69.625;69.5143;5.010130183408572;3.258813117237201
70.3125;69.8;5.010130183408572;3.258813117237201
71.0;70.6857;5.010130183408572;3.258813117237201
71.5;70.8571;5.010130183408572;3.258813117237201
71.75;70.9429;5.010130183408572;3.258813117237201
71.8125;71.3714;5.010130183408572;3.258813117237201
71.8125;71.4857;5.010130183408572;3.258813117237201
71.75;73.5429;5.010130183408572;3.258813117237201
71.8125;73.3714;5.010130183408572;3.258813117237201
72.125;74.1429;5.010130183408572;3.258813117237201
72.8125;75.4286;5.010130183408572;3.258813117237201
74.25;75.5429;5.010130183408572;3.258813117237201
76.0625;75.7714;5.010130183408572;3.258813117237201
77.5625;76.2857;5.010130183408572;3.258813117237201
78.6875;75.5714;5.010130183408572;3.258813117237201
79.625;76.2571;5.010130183408572;3.258813117237201
80.5;76.4571;5.010130183408572;3.258813117237201
81.375;76.9143;5.010130183408572;3.258813117237201
82.3125;77.5714;5.010130183408572;3.258813117237201
83.125;78.2857;5.010130183408572;3.258813117237201
83.625;78.3714;5.010130183408572;3.258813117237201
83.9375;78.9143;5.010130183408572;3.258813117237201
84.3125;78.2571;5.010130183408572;3.258813117237201
84.75;78.0857;5.010130183408572;3.258813117237201
85.375;78.4286;5.010130183408572;3.258813117237201
85.9375;78.9143;5.010130183408572;3.258813117237201
86.1875;79.8286;5.010130183408572;3.258813117237201
86.0;79.2286;5.010130183408572;3.258813117237201
86.0625;80.4;5.010130183408572;3.258813117237201
86.8125;80.4571;5.010130183408572;3.258813117237201
87.9375;81.1143;5.010130183408572;3.258813117237201
88.5625;80.8286;5.010130183408572;3.258813117237201
88.5;81.5714;5.010130183408572;3.258813117237201
88.4375;81.1714;5.010130183408572;3.258813117237201
88.8125;82.5143;5.010130183408572;3.258813117237201
89.375;83.4;5.010130183408572;3.258813117237201
89.875;83.7429;5.010130183408572;3.258813117237201
90.125;83.3714;5.010130183408572;3.258813117237201
90.25;86.2;5.010130183408572;3.258813117237201
90.25;86.1143;5.010130183408572;3.258813117237201
90.1875;85.4286;5.010130183408572;3.258813117237201
90.125;86.0571;5.010130183408572;3.258813117237201
90.5;86.6857;5.010130183408572;3.258813117237201
92.1875;87.0571;5.010130183408572;3.258813117237201
94.1875;89.0;5.010130183408572;3.258813117237201
95.3125;87.6286;5.010130183408572;3.258813117237201
95.75;88.7429;5.010130183408572;3.258813117237201
95.8125;88.8286;5.010130183408572;3.258813117237201
95.875;89.8857;5.010130183408572;3.258813117237201
96.375;89.4571;5.010130183408572;3.258813117237201
97.1875;88.2;5.010130183408572;3.258813117237201
98.375;87.4286;5.010130183408572;3.258813117237201
99.8125;90.6;5.010130183408572;3.258813117237201
100.9375;91.8571;5.010130183408572;3.258813117237201
101.25;92.3143;5.010130183408572;3.258813117237201
101.0;90.5714;5.010130183408572;3.258813117237201
101.0;91.2857;5.010130183408572;3.258813117237201
101.4375;92.4;5.010130183408572;3.258813117237201
102.0625;91.8571;5.010130183408572;3.258813117237201
102.8125;91.7714;5.010130183408572;3.258813117237201
103.375;92.6286;5.010130183408572;3.258813117237201
103.625;95.1714;5.010130183408572;3.258813117237201
103.625;93.0857;5.010130183408572;3.258813117237201
103.625;93.7143;5.010130183408572;3.258813117237201
103.625;95.2857;5.010130183408572;3.258813117237201
104.125;97.0571;5.010130183408572;3.258813117237201
104.9375;95.4286;5.010130183408572;3.258813117237201
105.8125;97.0857;5.010130183408572;3.258813117237201
106.4375;97.8;5.010130183408572;3.258813117237201
106.75;98.7714;5.010130183408572;3.258813117237201
106.875;99.2;5.010130183408572;3.258813117237201
106.8125;99.2286;5.010130183408572;3.258813117237201
106.6875;99.0571;5.010130183408572;3.258813117237201
106.3125;98.6857;5.010130183408572;3.258813117237201
106.5;99.6571;5.010130183408572;3.258813117237201
107.9375;99.3143;5.010130183408572;3.258813117237201
109.9375;98.4571;5.010130183408572;3.258813117237201
111.5;99.9143;5.010130183408572;3.258813117237201
112.5;97.8286;5.010130183408572;3.258813117237201
113.0;99.8286;5.010130183408572;3.258813117237201
112.875;101.7143;5.010130183408572;3.258813117237201
112.25;103.4571;5.010130183408572;3.258813117237201
111.75;102.8571;5.010130183408572;3.258813117237201
111.8125;102.2571;5.010130183408572;3.258813117237201
112.5;103.8571;5.010130183408572;3.258813117237201
113.3125;102.6;5.010130183408572;3.258813117237201
113.875;102.6286;5.010130183408572;3.258813117237201
114.375;102.2571;5.010130183408572;3.258813117237201
115.3125;103.8571;5.010130183408572;3.258813117237201
116.375;103.8857;5.010130183408572;3.258813117237201
116.75;104.1714;5.010130183408572;3.258813117237201
116.4375;104.4286;5.010130183408572;3.258813117237201
116.125;104.4571;5.010130183408572;3.258813117237201
116.3125;105.5143;5.010130183408572;3.258813117237201
116.5;105.8;5.010130183408572;3.258813117237201
116.625;105.7143;5.010130183408572;3.258813117237201
116.875;107.3429;5.010130183408572;3.258813117237201
117.3125;106.2857;5.010130183408572;3.258813117237201
117.625;106.6286;5.010130183408572;3.258813117237201
117.8125;107.6286;5.010130183408572;3.258813117237201
117.9375;107.3143;5.010130183408572;3.258813117237201
118.0;107.6571;5.010130183408572;3.258813117237201
118.0;108.2;5.010130183408572;3.258813117237201
118.0;108.4;5.010130183408572;3.258813117237201
118.0;109.5429;5.010130183408572;3.258813117237201
118.125;109.3429;5.010130183408572;3.258813117237201
118.75;109.7714;5.010130183408572;3.258813117237201
119.875;110.8857;5.010130183408572;3.258813117237201
121.4375;109.7714;5.010130183408572;3.258813117237201
122.875;109.8286;5.010130183408572;3.258813117237201
123.5625;111.9429;5.010130183408572;3.258813117237201
123.5;112.5714;5.010130183408572;3.258813117237201
123.1875;110.3143;5.010130183408572;3.258813117237201
122.6875;110.3714;5.010130183408572;3.258813117237201
122.5;110.2857;5.010130183408572;3.258813117237201
123.125;111.3143;5.010130183408572;3.258813117237201
124.0625;113.3714;5.010130183408572;3.258813117237201
124.125;112.3714;5.010130183408572;3.258813117237201
123.75;112.7143;5.010130183408572;3.258813117237201
123.5;113.2571;5.010130183408572;3.258813117237201
123.5;112.8286;5.010130183408572;3.258813117237201
123.875;112.8286;5.010130183408572;3.258813117237201
124.4375;114.0286;5.010130183408572;3.258813117237201
124.9375;114.1429;5.010130183408572;3.258813117237201
125.25;114.2857;5.010130183408572;3.258813117237201
125.4375;115.0286;5.010130183408572;3.258813117237201
125.5;114.9429;5.010130183408572;3.258813117237201
125.5625;114.7143;5.010130183408572;3.258813117237201
125.75;114.5714;5.010130183408572;3.258813117237201
126.0625;113.6286;5.010130183408572;3.258813117237201
126.9375;114.7429;5.010130183408572;3.258813117237201
128.125;114.9714;5.010130183408572;3.258813117237201
129.0;116.6;5.010130183408572;3.258813117237201
129.5;115.9714;5.010130183408572;3.258813117237201
129.5625;117.0;5.010130183408572;3.258813117237201
129.5625;116.2;5.010130183408572;3.258813117237201
129.5;115.7429;5.010130183408572;3.258813117237201
129.25;116.2571;5.010130183408572;3.258813117237201
129.0625;116.3714;5.010130183408572;3.258813117237201
129.25;117.0;5.010130183408572;3.258813117237201
129.5625;118.3143;5.010130183408572;3.258813117237201
129.875;117.9143;5.010130183408572;3.258813117237201
130.4375;117.4286;5.010130183408572;3.258813117237201
130.75;117.3143;5.010130183408572;3.258813117237201
130.5;117.7143;5.010130183408572;3.258813117237201
130.1875;117.8286;5.010130183408572;3.258813117237201
130.375;119.1714;5.010130183408572;3.258813117237201
130.875;119.5714;5.010130183408572;3.258813117237201
130.9375;119.4571;5.010130183408572;3.258813117237201
131.0625;118.9429;5.010130183408572;3.258813117237201
131.75;121.2;5.010130183408572;3.258813117237201
132.4375;121.6286;5.010130183408572;3.258813117237201
132.4375;122.6286;5.010130183408572;3.258813117237201
131.9375;121.2;5.010130183408572;3.258813117237201
131.5625;120.6571;5.010130183408572;3.258813117237201
131.25;121.7714;5.010130183408572;3.258813117237201
130.875;123.3143;5.010130183408572;3.258813117237201
130.9375;123.0;5.010130183408572;3.258813117237201
131.4375;123.9714;5.010130183408572;3.258813117237201
132.0625;122.4571;5.010130183408572;3.258813117237201
132.625;123.5714;5.010130183408572;3.258813117237201
133.1875;122.2571;5.010130183408572;3.258813117237201
133.9375;122.1429;5.010130183408572;3.258813117237201
135.375;123.6;5.010130183408572;3.258813117237201
136.875;122.7714;5.010130183408572;3.258813117237201
137.8125;122.1429;5.010130183408572;3.258813117237201
138.25;122.3714;5.010130183408572;3.258813117237201
138.3125;123.9429;5.010130183408572;3.258813117237201
138.1875;124.6;5.010130183408572;3.258813117237201
137.875;123.3714;5.010130183408572;3.258813117237201
137.0625;125.1143;5.010130183408572;3.258813117237201
136.25;124.6;5.010130183408572;3.258813117237201
136.0625;124.0571;5.010130183408572;3.258813117237201
136.25;125.2857;5.010130183408572;3.258813117237201
136.4375;124.6286;5.010130183408572;3.258813117237201
136.625;126.7714;5.010130183408572;3.258813117237201
136.4375;126.1714;5.010130183408572;3.258813117237201
136.3125;125.5714;5.010130183408572;3.258813117237201
136.875;126.1714;5.010130183408572;3.258813117237201
137.6875;126.6857;5.010130183408572;3.258813117237201
137.9375;127.3714;5.010130183408572;3.258813117237201
137.3125;126.1714;5.010130183408572;3.258813117237201
136.5625;125.2857;5.010130183408572;3.258813117237201
136.375;124.9714;5.010130183408572;3.258813117237201
136.9375;124.9714;5.010130183408572;3.258813117237201
137.8125;127.1143;5.010130183408572;3.258813117237201
138.5;127.9714;5.010130183408572;3.258813117237201
138.9375;126.1429;5.010130183408572;3.258813117237201
139.3125;128.0286;5.010130183408572;3.258813117237201
139.625;126.3714;5.010130183408572;3.258813117237201
139.4375;127.1429;5.010130183408572;3.258813117237201
138.5625;127.0;5.010130183408572;3.258813117237201
138.0;127.2286;5.010130183408572;3.258813117237201
138.25;128.6286;5.010130183408572;3.258813117237201
139.0;127.8571;5.010130183408572;3.258813117237201
140.0;128.0857;5.010130183408572;3.258813117237201
140.875;129.0571;5.010130183408572;3.258813117237201
141.375;130.1143;5.010130183408572;3.258813117237201
141.5625;130.4;5.010130183408572;3.258813117237201
141.5625;129.2571;5.010130183408572;3.258813117237201
141.5;128.5429;5.010130183408572;3.258813117237201
141.5625;129.1143;5.010130183408572;3.258813117237201
141.6875;128.9143;5.010130183408572;3.258813117237201
141.5625;128.2;5.010130183408572;3.258813117237201
141.1875;129.4;5.010130183408572;3.258813117237201
140.9375;130.3143;5.010130183408572;3.258813117237201
141.0625;128.4286;5.010130183408572;3.258813117237201
141.25;127.6286;5.010130183408572;3.258813117237201
141.6875;128.1429;5.010130183408572;3.258813117237201
142.875;127.8286;5.010130183408572;3.258813117237201
144.25;127.8286;5.010130183408572;3.258813117237201
144.5625;128.2571;5.010130183408572;3.258813117237201
143.8125;130.0571;5.010130183408572;3.258813117237201
142.9375;130.9429;5.010130183408572;3.258813117237201
143.0;130.4;5.010130183408572;3.258813117237201
143.625;131.1143;5.010130183408572;3.258813117237201
143.8125;130.0571;5.010130183408572;3.258813117237201
143.75;131.2857;5.010130183408572;3.258813117237201
143.6875;131.2286;5.010130183408572;3.258813117237201
143.625;132.6;5.010130183408572;3.258813117237201
143.625;131.9143;5.010130183408572;3.258813117237201
143.6875;132.8857;5.010130183408572;3.258813117237201
143.75;132.1429;5.010130183408572;3.258813117237201
144.125;133.1714;5.010130183408572;3.258813117237201
144.6875;133.0;5.010130183408572;3.258813117237201
145.1875;133.1429;5.010130183408572;3.258813117237201
146.0;133.3143;5.010130183408572;3.258813117237201
147.0625;133.4286;5.010130183408572;3.258813117237201
148.0;132.7714;5.010130183408572;3.258813117237201
148.5;133.0571;5.010130183408572;3.258813117237201
148.6875;135.1714;5.010130183408572;3.258813117237201
148.6875;135.5429;5.010130183408572;3.258813117237201
148.625;135.3143;5.010130183408572;3.258813117237201
148.125;135.0;5.010130183408572;3.258813117237201
147.125;134.1714;5.010130183408572;3.258813117237201
146.875;133.3429;5.010130183408572;3.258813117237201
147.6875;131.4;5.010130183408572;3.258813117237201
148.5;133.6;5.010130183408572;3.258813117237201
148.625;133.3429;5.010130183408572;3.258813117237201
148.25;132.6857;5.010130183408572;3.258813117237201
147.6875;133.5714;5.010130183408572;3.258813117237201
146.9375;134.1429;5.010130183408572;3.258813117237201
146.625;134.2286;5.010130183408572;3.258813117237201
147.25;134.4571;5.010130183408572;3.258813117237201
148.375;134.8857;5.010130183408572;3.258813117237201
149.3125;135.0571;5.010130183408572;3.258813117237201
149.5;134.9714;5.010130183408572;3.258813117237201
149.0625;133.2286;5.010130183408572;3.258813117237201
148.5;135.2571;5.010130183408572;3.258813117237201
148.125;134.4;5.010130183408572;3.258813117237201
148.125;133.3714;5.010130183408572;3.258813117237201
148.5;134.0571;5.010130183408572;3.258813117237201
149.1875;134.6286;5.010130183408572;3.258813117237201
149.6875;133.7714;5.010130183408572;3.258813117237201
149.625;133.5429;5.010130183408572;3.258813117237201
149.25;133.4571;5.010130183408572;3.258813117237201
149.1875;132.8571;5.010130183408572;3.258813117237201
149.375;132.1714;5.010130183408572;3.258813117237201
148.875;131.7429;5.010130183408572;3.258813117237201
147.625;131.4857;5.010130183408572;3.258813117237201
146.5625;130.8286;5.010130183408572;3.258813117237201
146.0;130.2857;5.010130183408572;3.258813117237201
145.8125;129.0;5.010130183408572;3.258813117237201
145.8125;129.3429;5.010130183408572;3.258813117237201
145.875;128.8857;5.010130183408572;3.258813117237201
146.125;126.2286;5.010130183408572;3.258813117237201
146.125;128.4857;5.010130183408572;3.258813117237201
145.125;127.2571;5.010130183408572;3.258813117237201
143.75;127.6571;5.010130183408572;3.258813117237201
142.75;127.2;5.010130183408572;3.258813117237201
142.25;128.3714;5.010130183408572;3.258813117237201
142.375;128.2;5.010130183408572;3.258813117237201
143.1875;126.3143;5.010130183408572;3.258813117237201
143.6875;125.7143;5.010130183408572;3.258813117237201
143.25;125.0286;5.010130183408572;3.258813117237201
141.9375;125.7429;5.010130183408572;3.258813117237201
140.3125;125.6857;5.010130183408572;3.258813117237201
139.3125;125.5143;5.010130183408572;3.258813117237201
139.1875;125.7714;5.010130183408572;3.258813117237201
139.4375;125.7143;5.010130183408572;3.258813117237201
139.5625;125.6286;5.010130183408572;3.258813117237201
139.25;125.4286;5.010130183408572;3.258813117237201
138.375;124.5143;5.010130183408572;3.258813117237201
137.4375;124.0286;5.010130183408572;3.258813117237201
136.75;123.0571;5.010130183408572;3.258813117237201
136.1875;122.2857;5.010130183408572;3.258813117237201
135.75;120.3714;5.010130183408572;3.258813117237201
135.25;119.5714;5.010130183408572;3.258813117237201
134.75;118.5143;5.010130183408572;3.258813117237201
134.6875;117.3429;5.010130183408572;3.258813117237201
134.875;118.7143;5.010130183408572;3.258813117237201
134.875;118.9429;5.010130183408572;3.258813117237201
134.75;117.9429;5.010130183408572;3.258813117237201
134.625;117.8;5.010130183408572;3.258813117237201
134.5625;118.8286;5.010130183408572;3.258813117237201
134.5;116.9429;5.010130183408572;3.258813117237201
134.5;117.8571;5.010130183408572;3.258813117237201
134.3125;117.6;5.010130183408572;3.258813117237201
133.5;115.3714;5.010130183408572;3.258813117237201
132.0;114.2571;5.010130183408572;3.258813117237201
130.5;115.1429;5.010130183408572;3.258813117237201
129.75;114.6;5.010130183408572;3.258813117237201
129.5;115.5429;5.010130183408572;3.258813117237201
129.3125;115.3429;5.010130183408572;3.258813117237201
128.6875;114.6286;5.010130183408572;3.258813117237201
127.8125;114.2;5.010130183408572;3.258813117237201
127.25;112.3714;5.010130183408572;3.258813117237201
127.125;112.4;5.010130183408572;3.258813117237201
127.0625;112.4;5.010130183408572;3.258813117237201
126.875;113.1714;5.010130183408572;3.258813117237201
126.4375;112.6571;5.010130183408572;3.258813117237201
125.9375;111.3429;5.010130183408572;3.258813117237201
125.375;110.7714;5.010130183408572;3.258813117237201
124.75;111.6286;5.010130183408572;3.258813117237201
124.125;111.7143;5.010130183408572;3.258813117237201
123.625;110.2571;5.010130183408572;3.258813117237201
123.4375;108.2;5.010130183408572;3.258813117237201
123.3125;109.3429;5.010130183408572;3.258813117237201
123.0;108.3714;5.010130183408572;3.258813117237201
122.4375;110.4286;5.010130183408572;3.258813117237201
122.125;108.5714;5.010130183408572;3.258813117237201
121.8125;108.7714;5.010130183408572;3.258813117237201
121.5625;108.5429;5.010130183408572;3.258813117237201
121.3125;108.5714;5.010130183408572;3.258813117237201
121.125;107.3429;5.010130183408572;3.258813117237201
121.0;108.4571;5.010130183408572;3.258813117237201
121.0;106.8857;5.010130183408572;3.258813117237201
121.0;107.8;5.010130183408572;3.258813117237201
121.0;108.7143;5.010130183408572;3.258813117237201
121.0625;106.9714;5.010130183408572;3.258813117237201
121.0625;106.0;5.010130183408572;3.258813117237201
120.5625;105.9714;5.010130183408572;3.258813117237201
119.6875;105.0286;5.010130183408572;3.258813117237201
118.625;103.9143;5.010130183408572;3.258813117237201
117.8125;103.8571;5.010130183408572;3.258813117237201
117.5625;105.2;5.010130183408572;3.258813117237201
117.625;103.0286;5.010130183408572;3.258813117237201
117.8125;102.9714;5.010130183408572;3.258813117237201
117.875;103.1143;5.010130183408572;3.258813117237201
117.5;101.3714;5.010130183408572;3.258813117237201
116.75;102.3714;5.010130183408572;3.258813117237201
116.125;101.9143;5.010130183408572;3.258813117237201
116.125;101.6286;5.010130183408572;3.258813117237201
116.375;101.9429;5.010130183408572;3.258813117237201
116.25;101.5429;5.010130183408572;3.258813117237201
115.5625;102.2857;5.010130183408572;3.258813117237201
114.75;101.4571;5.010130183408572;3.258813117237201
114.0;100.9429;5.010130183408572;3.258813117237201
113.375;99.8571;5.010130183408572;3.258813117237201
113.125;99.8857;5.010130183408572;3.258813117237201
113.3125;99.2857;5.010130183408572;3.258813117237201
113.5;99.5714;5.010130183408572;3.258813117237201
113.4375;98.2571;5.010130183408572;3.258813117237201
113.0625;98.6;5.010130183408572;3.258813117237201
112.5625;98.5143;5.010130183408572;3.258813117237201
111.9375;98.9143;5.010130183408572;3.258813117237201
111.4375;98.4286;5.010130183408572;3.258813117237201
111.125;97.6286;5.010130183408572;3.258813117237201
111.0625;97.0286;5.010130183408572;3.258813117237201
111.0625;95.8571;5.010130183408572;3.258813117237201
111.125;96.5714;5.010130183408572;3.258813117237201
111.125;96.2571;5.010130183408572;3.258813117237201
110.875;96.0;5.010130183408572;3.258813117237201
110.125;95.7143;5.010130183408572;3.258813117237201
109.1875;96.6286;5.010130183408572;3.258813117237201
108.375;95.9429;5.010130183408572;3.258813117237201
107.8125;94.4571;5.010130183408572;3.258813117237201
107.5625;94.7429;5.010130183408572;3.258813117237201
107.625;94.2857;5.010130183408572;3.258813117237201
107.5625;94.5714;5.010130183408572;3.258813117237201
107.375;94.2286;5.010130183408572;3.258813117237201
106.9375;92.9714;5.010130183408572;3.258813117237201
106.1875;93.0571;5.010130183408572;3.258813117237201
105.5;93.0;5.010130183408572;3.258813117237201
105.3125;92.7143;5.010130183408572;3.258813117237201
105.5;91.1143;5.010130183408572;3.258813117237201
105.875;91.7714;5.010130183408572;3.258813117237201
106.4375;91.3429;5.010130183408572;3.258813117237201
106.5;91.0857;5.010130183408572;3.258813117237201
105.875;90.8857;5.010130183408572;3.258813117237201
104.5;91.2;5.010130183408572;3.258813117237201
103.0625;90.4857;5.010130183408572;3.258813117237201
102.1875;89.6286;5.010130183408572;3.258813117237201
102.0;90.7143;5.010130183408572;3.258813117237201
101.9375;90.0571;5.010130183408572;3.258813117237201
101.75;90.3143;5.010130183408572;3.258813117237201
101.375;89.3143;5.010130183408572;3.258813117237201
101.125;89.0571;5.010130183408572;3.258813117237201
101.0625;88.3429;5.010130183408572;3.258813117237201
101.0625;88.7143;5.010130183408572;3.258813117237201
101.125;88.6;5.010130183408572;3.258813117237201
101.125;88.5714;5.010130183408572;3.258813117237201
101.1875;88.6;5.010130183408572;3.258813117237201
101.3125;88.6857;5.010130183408572;3.258813117237201
101.5625;88.5714;5.010130183408572;3.258813117237201
101.4375;88.0857;5.010130183408572;3.258813117237201
100.8125;87.8;5.010130183408572;3.258813117237201
99.9375;86.9714;5.010130183408572;3.258813117237201
99.3125;85.8857;5.010130183408572;3.258813117237201
98.8125;85.4;5.010130183408572;3.258813117237201
98.0625;85.8857;5.010130183408572;3.258813117237201
97.1875;86.0857;5.010130183408572;3.258813117237201
96.5625;86.6;5.010130183408572;3.258813117237201
96.1875;85.9714;5.010130183408572;3.258813117237201
96.0;86.0286;5.010130183408572;3.258813117237201
96.125;84.7143;5.010130183408572;3.258813117237201
96.3125;84.6;5.010130183408572;3.258813117237201
96.1875;84.8;5.010130183408572;3.258813117237201
95.875;84.4286;5.010130183408572;3.258813117237201
95.625;84.2;5.010130183408572;3.258813117237201
95.5625;84.0571;5.010130183408572;3.258813117237201
95.3125;84.4857;5.010130183408572;3.258813117237201
94.8125;83.2;5.010130183408572;3.258813117237201
94.1875;83.5429;5.010130183408572;3.258813117237201
93.75;82.1429;5.010130183408572;3.258813117237201
94.0;81.1429;5.010130183408572;3.258813117237201
94.5;79.4286;5.010130183408572;3.258813117237201
94.5625;81.5143;5.010130183408572;3.258813117237201
93.625;81.3714;5.010130183408572;3.258813117237201
91.9375;81.4571;5.010130183408572;3.258813117237201
90.4375;80.3429;5.010130183408572;3.258813117237201
89.5625;78.8857;5.010130183408572;3.258813117237201
89.25;79.4;5.010130183408572;3.258813117237201
89.1875;78.4;5.010130183408572;3.258813117237201
89.3125;80.2571;5.010130183408572;3.258813117237201
89.3125;80.2;5.010130183408572;3.258813117237201
88.8125;80.0571;5.010130183408572;3.258813117237201
87.5;79.5143;5.010130183408572;3.258813117237201
86.375;79.0857;5.010130183408572;3.258813117237201
86.75;80.3714;5.010130183408572;3.258813117237201
87.875;78.8571;5.010130183408572;3.258813117237201
88.5;79.4857;5.010130183408572;3.258813117237201
88.0;79.7429;5.010130183408572;3.258813117237201
87.1875;80.4571;5.010130183408572;3.258813117237201
86.8125;79.3143;5.010130183408572;3.258813117237201
87.0;77.9714;5.010130183408572;3.258813117237201
87.3125;77.8286;5.010130183408572;3.258813117237201
87.1875;78.1714;5.010130183408572;3.258813117237201
86.3125;77.6;5.010130183408572;3.258813117237201
85.0625;78.1714;5.010130183408572;3.258813117237201
84.0;76.2571;5.010130183408572;3.258813117237201
83.3125;76.6286;5.010130183408572;3.258813117237201
83.25;77.7143;5.010130183408572;3.258813117237201
83.5;78.2286;5.010130183408572;3.258813117237201
83.75;77.4;5.010130183408572;3.258813117237201
83.8125;78.0286;5.010130183408572;3.258813117237201
83.6875;76.9429;5.010130183408572;3.258813117237201
83.5;75.1429;5.010130183408572;3.258813117237201
83.25;74.1143;5.010130183408572;3.258813117237201
82.8125;76.0571;5.010130183408572;3.258813117237201
82.375;75.9429;5.010130183408572;3.258813117237201
82.5;75.7429;5.010130183408572;3.258813117237201
82.875;74.5429;5.010130183408572;3.258813117237201
83.1875;74.6;5.010130183408572;3.258813117237201
83.375;73.2857;5.010130183408572;3.258813117237201
83.4375;74.5714;5.010130183408572;3.258813117237201
83.4375;73.3714;5.010130183408572;3.258813117237201
83.375;73.6286;5.010130183408572;3.258813117237201
82.875;74.5143;5.010130183408572;3.258813117237201
82.125;74.4857;5.010130183408572;3.258813117237201
81.4375;74.0286;5.010130183408572;3.258813117237201
80.75;74.0286;5.010130183408572;3.258813117237201
80.125;71.9714;5.010130183408572;3.258813117237201
79.625;73.5429;5.010130183408572;3.258813117237201
79.375;73.8857;5.010130183408572;3.258813117237201
79.375;73.0;5.010130183408572;3.258813117237201
79.0625;72.6;5.010130183408572;3.258813117237201
78.25;71.8857;5.010130183408572;3.258813117237201
77.5;72.3714;5.010130183408572;3.258813117237201
77.375;72.0286;5.010130183408572;3.258813117237201
77.8125;71.7143;5.010130183408572;3.258813117237201
78.125;71.5143;5.010130183408572;3.258813117237201
78.0;72.4;5.010130183408572;3.258813117237201
77.6875;73.1714;5.010130183408572;3.258813117237201
77.3125;72.7143;5.010130183408572;3.258813117237201
77.0;72.2;5.010130183408572;3.258813117237201
76.875;71.8857;5.010130183408572;3.258813117237201
76.9375;71.1429;5.010130183408572;3.258813117237201
77.125;70.5429;5.010130183408572;3.258813117237201
77.0625;69.8857;5.010130183408572;3.258813117237201
76.625;70.2;5.010130183408572;3.258813117237201
75.875;70.9714;5.010130183408572;3.258813117237201
75.125;70.5714;5.010130183408572;3.258813117237201
74.875;70.5714;5.010130183408572;3.258813117237201
74.9375;69.6857;5.010130183408572;3.258813117237201
75.0625;69.8286;5.010130183408572;3.258813117237201
75.1875;70.5143;5.010130183408572;3.258813117237201
75.3125;70.1714;5.010130183408572;3.258813117237201
75.3125;69.7429;5.010130183408572;3.258813117237201
75.25;69.8857;5.010130183408572;3.258813117237201
75.0625;69.1429;5.010130183408572;3.258813117237201
74.6875;69.5143;5.010130183408572;3.258813117237201
74.25;68.7429;5.010130183408572;3.258813117237201
73.875;67.6571;5.010130183408572;3.258813117237201
73.375;68.2571;5.010130183408572;3.258813117237201
73.0;66.9714;5.010130183408572;3.258813117237201
72.9375;68.4571;5.010130183408572;3.258813117237201
73.0;69.1143;5.010130183408572;3.258813117237201
72.875;67.9714;5.010130183408572;3.258813117237201
72.5625;69.3714;5.010130183408572;3.258813117237201
72.1875;68.0857;5.010130183408572;3.258813117237201
72.0;68.3714;5.010130183408572;3.258813117237201
71.875;67.1143;5.010130183408572;3.258813117237201
71.75;67.6286;5.010130183408572;3.258813117237201
71.625;67.5143;5.010130183408572;3.258813117237201
71.6875;67.5429;5.010130183408572;3.258813117237201
71.5;65.8;5.010130183408572;3.258813117237201
71.0;66.4857;5.010130183408572;3.258813117237201
70.5;65.4286;5.010130183408572;3.258813117237201
70.3125;65.6571;5.010130183408572;3.258813117237201
70.25;65.8;5.010130183408572;3.258813117237201
70.0625;65.5714;5.010130183408572;3.258813117237201
69.6875;65.5714;5.010130183408572;3.258813117237201
69.5;65.8286;5.010130183408572;3.258813117237201
69.5;65.0286;5.010130183408572;3.258813117237201
69.75;65.8;5.010130183408572;3.258813117237201
70.1875;65.5143;5.010130183408572;3.258813117237201
70.4375;64.2571;5.010130183408572;3.258813117237201
70.5625;63.9143;5.010130183408572;3.258813117237201
70.625;63.8571;5.010130183408572;3.258813117237201
70.5625;63.6286;5.010130183408572;3.258813117237201
70.4375;63.3143;5.010130183408572;3.258813117237201
69.9375;62.0286;5.010130183408572;3.258813117237201
68.8125;62.7714;5.010130183408572;3.258813117237201
67.625;62.2286;5.010130183408572;3.258813117237201
66.8125;64.0571;5.010130183408572;3.258813117237201
66.4375;62.7143;5.010130183408572;3.258813117237201
66.0625;63.6286;5.010130183408572;3.258813117237201
65.8125;63.7143;5.010130183408572;3.258813117237201
66.0625;63.7143;5.010130183408572;3.258813117237201
66.8125;63.1429;5.010130183408572;3.258813117237201
67.5625;62.6286;5.010130183408572;3.258813117237201
67.8125;61.6;5.010130183408572;3.258813117237201
67.5625;60.8857;5.010130183408572;3.258813117237201
66.9375;61.2571;5.010130183408572;3.258813117237201
66.375;61.5143;5.010130183408572;3.258813117237201
65.75;61.0857;5.010130183408572;3.258813117237201
64.875;60.2286;5.010130183408572;3.258813117237201
63.9375;61.2;5.010130183408572;3.258813117237201
63.3125;61.1143;5.010130183408572;3.258813117237201
63.0;60.0857;5.010130183408572;3.258813117237201
62.875;60.1714;5.010130183408572;3.258813117237201
62.9375;58.8286;5.010130183408572;3.258813117237201
63.1875;59.2857;5.010130183408572;3.258813117237201
63.375;59.9714;5.010130183408572;3.258813117237201
63.5;59.4286;5.010130183408572;3.258813117237201
63.4375;59.5429;5.010130183408572;3.258813117237201
63.0625;60.2286;5.010130183408572;3.258813117237201
62.625;60.0;5.010130183408572;3.258813117237201
62.3125;59.7143;5.010130183408572;3.258813117237201
62.1875;59.3714;5.010130183408572;3.258813117237201
62.125;58.8571;5.010130183408572;3.258813117237201
62.1875;58.4571;5.010130183408572;3.258813117237201
62.1875;59.0286;5.010130183408572;3.258813117237201
62.125;58.9429;5.010130183408572;3.258813117237201
62.0;59.1714;5.010130183408572;3.258813117237201
61.75;59.6571;5.010130183408572;3.258813117237201
61.3125;58.4857;5.010130183408572;3.258813117237201
61.0;58.6;5.010130183408572;3.258813117237201
61.125;57.4857;5.010130183408572;3.258813117237201
61.4375;57.4286;5.010130183408572;3.258813117237201
61.625;57.4;5.010130183408572;3.258813117237201
61.5625;56.8;5.010130183408572;3.258813117237201
61.25;57.2571;5.010130183408572;3.258813117237201
60.5625;56.8286;5.010130183408572;3.258813117237201
59.875;56.4286;5.010130183408572;3.258813117237201
59.375;57.5714;5.010130183408572;3.258813117237201
59.0625;56.6571;5.010130183408572;3.258813117237201
58.8125;56.7143;5.010130183408572;3.258813117237201
58.5;55.4571;5.010130183408572;3.258813117237201
58.4375;56.5714;5.010130183408572;3.258813117237201
58.6875;55.9143;5.010130183408572;3.258813117237201
58.9375;56.2857;5.010130183408572;3.258813117237201
58.8125;56.6857;5.010130183408572;3.258813117237201
58.4375;56.4857;5.010130183408572;3.258813117237201
58.25;56.4571;5.010130183408572;3.258813117237201
58.1875;56.6;5.010130183408572;3.258813117237201
58.25;56.5429;5.010130183408572;3.258813117237201
58.4375;55.6;5.010130183408572;3.258813117237201
58.625;54.5714;5.010130183408572;3.258813117237201
58.6875;54.6;5.010130183408572;3.258813117237201
58.75;54.1714;5.010130183408572;3.258813117237201
58.75;54.8857;5.010130183408572;3.258813117237201
58.75;54.4;5.010130183408572;3.258813117237201
58.75;54.2571;5.010130183408572;3.258813117237201
58.75;54.2571;5.010130183408572;3.258813117237201
58.5;53.7714;5.010130183408572;3.258813117237201
57.9375;53.9429;5.010130183408572;3.258813117237201
57.375;53.7714;5.010130183408572;3.258813117237201
57.0;53.2286;5.010130183408572;3.258813117237201
56.5625;53.8;5.010130183408572;3.258813117237201
56.0;53.3143;5.010130183408572;3.258813117237201
55.375;53.0571;5.010130183408572;3.258813117237201
54.9375;52.3429;5.010130183408572;3.258813117237201
54.6875;53.1714;5.010130183408572;3.258813117237201
54.75;53.4;5.010130183408572;3.258813117237201
54.9375;53.3143;5.010130183408572;3.258813117237201
54.9375;52.9714;5.010130183408572;3.258813117237201
54.875;52.2571;5.010130183408572;3.258813117237201
54.875;52.2857;5.010130183408572;3.258813117237201
54.8125;52.3143;5.010130183408572;3.258813117237201
54.6875;51.5143;5.010130183408572;3.258813117237201
54.5625;52.4857;5.010130183408572;3.258813117237201
54.4375;52.3143;5.010130183408572;3.258813117237201
54.4375;51.7714;5.010130183408572;3.258813117237201
54.375;52.1143;5.010130183408572;3.258813117237201
54.25;51.6;5.010130183408572;3.258813117237201
54.0625;52.2571;5.010130183408572;3.258813117237201
54.0;52.0857;5.010130183408572;3.258813117237201
53.875;51.8286;5.010130183408572;3.258813117237201
53.875;51.1714;5.010130183408572;3.258813117237201
54.0;50.8571;5.010130183408572;3.258813117237201
54.125;50.4571;5.010130183408572;3.258813117237201
54.25;50.4857;5.010130183408572;3.258813117237201
54.3125;50.0857;5.010130183408572;3.258813117237201
54.3125;50.0857;5.010130183408572;3.258813117237201
54.3125;50.2286;5.010130183408572;3.258813117237201
54.25;49.8857;5.010130183408572;3.258813117237201
54.0625;50.4571;5.010130183408572;3.258813117237201
53.5625;50.5714;5.010130183408572;3.258813117237201
53.0;49.8286;5.010130183408572;3.258813117237201
52.5;49.5143;5.010130183408572;3.258813117237201
52.125;49.8857;5.010130183408572;3.258813117237201
52.0;49.6286;5.010130183408572;3.258813117237201
52.0;49.7714;5.010130183408572;3.258813117237201
52.0;49.7714;5.010130183408572;3.258813117237201
51.9375;50.0571;5.010130183408572;3.258813117237201
51.875;50.1714;5.010130183408572;3.258813117237201
51.8125;49.5714;5.010130183408572;3.258813117237201
51.75;50.1714;5.010130183408572;3.258813117237201
51.75;49.6571;5.010130183408572;3.258813117237201
51.875;49.7714;5.010130183408572;3.258813117237201
52.0625;48.8571;5.010130183408572;3.258813117237201
52.125;48.6;5.010130183408572;3.258813117237201
52.0;48.6;5.010130183408572;3.258813117237201
51.875;48.1143;5.010130183408572;3.258813117237201
51.5;47.7143;5.010130183408572;3.258813117237201
51.125;48.2857;5.010130183408572;3.258813117237201
50.8125;48.3143;5.010130183408572;3.258813117237201
50.625;48.6;5.010130183408572;3.258813117237201
50.5;48.1714;5.010130183408572;3.258813117237201
50.4375;48.0286;5.010130183408572;3.258813117237201
50.5;47.5429;5.010130183408572;3.258813117237201
50.6875;47.9429;5.010130183408572;3.258813117237201
50.875;47.0;5.010130183408572;3.258813117237201
51.0;46.4571;5.010130183408572;3.258813117237201
51.0625;46.7429;5.010130183408572;3.258813117237201
51.0625;46.6286;5.010130183408572;3.258813117237201
51.0625;46.7429;5.010130183408572;3.258813117237201
51.0;47.0857;5.010130183408572;3.258813117237201
50.6875;46.7714;5.010130183408572;3.258813117237201
49.875;46.4;5.010130183408572;3.258813117237201
48.9375;46.4857;5.010130183408572;3.258813117237201
48.6875;46.2571;5.010130183408572;3.258813117237201
48.9375;46.0286;5.010130183408572;3.258813117237201
49.125;45.7429;5.010130183408572;3.258813117237201
49.0625;45.9143;5.010130183408572;3.258813117237201
48.8125;45.6286;5.010130183408572;3.258813117237201
48.4375;45.6857;5.010130183408572;3.258813117237201
48.125;46.1714;5.010130183408572;3.258813117237201
47.875;45.8;5.010130183408572;3.258813117237201
47.6875;45.1714;5.010130183408572;3.258813117237201
47.5625;44.6857;5.010130183408572;3.258813117237201
47.6875;44.4857;5.010130183408572;3.258813117237201
47.75;44.3714;5.010130183408572;3.258813117237201
47.75;43.9714;5.010130183408572;3.258813117237201
47.5625;43.9429;5.010130183408572;3.258813117237201
47.0625;44.3429;5.010130183408572;3.258813117237201
46.5625;44.6286;5.010130183408572;3.258813117237201
46.1875;44.1714;5.010130183408572;3.258813117237201
46.0625;44.2;5.010130183408572;3.258813117237201
46.0;43.7429;5.010130183408572;3.258813117237201
46.0;42.9143;5.010130183408572;3.258813117237201
46.0;43.2857;5.010130183408572;3.258813117237201
45.875;43.6571;5.010130183408572;3.258813117237201
45.6875;44.0571;5.010130183408572;3.258813117237201
45.5;44.1429;5.010130183408572;3.258813117237201
45.375;44.4571;5.010130183408572;3.258813117237201
45.3125;43.8571;5.010130183408572;3.258813117237201
45.3125;43.8;5.010130183408572;3.258813117237201
45.3125;43.8571;5.010130183408572;3.258813117237201
45.3125;43.4857;5.010130183408572;3.258813117237201
45.375;43.3429;5.010130183408572;3.258813117237201
45.4375;42.8571;5.010130183408572;3.258813117237201
45.5;42.5714;5.010130183408572;3.258813117237201
45.4375;42.3429;5.010130183408572;3.258813117237201
45.3125;42.4286;5.010130183408572;3.258813117237201
45.0;42.9429;5.010130183408572;3.258813117237201
44.5625;42.8571;5.010130183408572;3.258813117237201
44.1875;42.6286;5.010130183408572;3.258813117237201
44.0625;41.5143;5.010130183408572;3.258813117237201
44.3125;42.1429;5.010130183408572;3.258813117237201
44.625;42.1429;5.010130183408572;3.258813117237201
44.75;42.0571;5.010130183408572;3.258813117237201
44.375;41.6857;5.010130183408572;3.258813117237201
43.75;41.4571;5.010130183408572;3.258813117237201
43.5;41.6571;5.010130183408572;3.258813117237201
43.6875;41.6571;5.010130183408572;3.258813117237201
44.0;41.3714;5.010130183408572;3.258813117237201
43.9375;40.9143;5.010130183408572;3.258813117237201
43.6875;40.7429;5.010130183408572;3.258813117237201
43.3125;40.7429;5.010130183408572;3.258813117237201
42.9375;41.1714;5.010130183408572;3.258813117237201
42.6875;40.9143;5.010130183408572;3.258813117237201
42.5625;40.5143;5.010130183408572;3.258813117237201
42.3125;40.6857;5.010130183408572;3.258813117237201
42.125;40.1714;5.010130183408572;3.258813117237201
42.0;40.4857;5.010130183408572;3.258813117237201
42.0;40.2571;5.010130183408572;3.258813117237201
42.0;40.0286;5.010130183408572;3.258813117237201
42.0;39.8571;5.010130183408572;3.258813117237201
42.0;39.7714;5.010130183408572;3.258813117237201
42.0625;39.5143;5.010130183408572;3.258813117237201
42.0625;39.5143;5.010130183408572;3.258813117237201
41.875;39.4857;5.010130183408572;3.258813117237201
41.4375;39.7714;5.010130183408572;3.258813117237201
41.0;39.6857;5.010130183408572;3.258813117237201
40.6875;39.0571;5.010130183408572;3.258813117237201
40.5625;38.8286;5.010130183408572;3.258813117237201
40.625;39.0;5.010130183408572;3.258813117237201
40.625;39.5143;5.010130183408572;3.258813117237201
40.5625;39.5429;5.010130183408572;3.258813117237201
40.1875;39.8286;5.010130183408572;3.258813117237201
39.875;39.6;5.010130183408572;3.258813117237201
39.75;39.0857;5.010130183408572;3.258813117237201
40.0;39.1143;5.010130183408572;3.258813117237201
40.375;38.6571;5.010130183408572;3.258813117237201
40.625;38.6857;5.010130183408572;3.258813117237201
40.625;38.7143;5.010130183408572;3.258813117237201
40.375;38.2571;5.010130183408572;3.258813117237201
40.0625;38.5429;5.010130183408572;3.258813117237201
39.6875;38.0857;5.010130183408572;3.258813117237201
39.25;37.6571;5.010130183408572;3.258813117237201
39.0;37.2286;5.010130183408572;3.258813117237201
38.8125;37.4;5.010130183408572;3.258813117237201
38.8125;37.3429;5.010130183408572;3.258813117237201
38.75;37.4857;5.010130183408572;3.258813117237201
38.5;37.4286;5.010130183408572;3.258813117237201
38.125;37.8;5.010130183408572;3.258813117237201
37.8125;38.0571;5.010130183408572;3.258813117237201
37.5625;37.8571;5.010130183408572;3.258813117237201
37.5;37.6286;5.010130183408572;3.258813117237201
37.5;37.8857;5.010130183408572;3.258813117237201
37.5;37.4;5.010130183408572;3.258813117237201
37.5;36.9429;5.010130183408572;3.258813117237201
37.625;37.4286;5.010130183408572;3.258813117237201
37.875;37.4857;5.010130183408572;3.258813117237201
38.125;37.0286;5.010130183408572;3.258813117237201
38.125;36.7714;5.010130183408572;3.258813117237201
37.875;36.1143;5.010130183408572;3.258813117237201
37.75;36.3143;5.010130183408572;3.258813117237201
37.75;36.6571;5.010130183408572;3.258813117237201
37.8125;36.2857;5.010130183408572;3.258813117237201
37.6875;36.5429;5.010130183408572;3.258813117237201
37.4375;36.6;5.010130183408572;3.258813117237201
37.3125;36.4286;5.010130183408572;3.258813117237201
37.25;36.0857;5.010130183408572;3.258813117237201
37.25;36.0857;5.010130183408572;3.258813117237201
37.3125;35.5714;5.010130183408572;3.258813117237201
37.3125;35.4857;5.010130183408572;3.258813117237201
37.125;35.2857;5.010130183408572;3.258813117237201
36.875;34.8571;5.010130183408572;3.258813117237201
36.5625;34.7429;5.010130183408572;3.258813117237201
36.1875;34.9714;5.010130183408572;3.258813117237201
35.875;35.1143;5.010130183408572;3.258813117237201
35.75;35.0286;5.010130183408572;3.258813117237201
35.75;34.7143;5.010130183408572;3.258813117237201
35.75;34.8286;5.010130183408572;3.258813117237201
35.9375;34.4571;5.010130183408572;3.258813117237201
36.0625;34.8;5.010130183408572;3.258813117237201
36.125;34.4571;5.010130183408572;3.258813117237201
36.0;34.2857;5.010130183408572;3.258813117237201
35.8125;34.2857;5.010130183408572;3.258813117237201
35.6875;34.1714;5.010130183408572;3.258813117237201
35.625;34.2;5.010130183408572;3.258813117237201
35.625;34.1714;5.010130183408572;3.258813117237201
35.625;34.3143;5.010130183408572;3.258813117237201
35.6875;33.9714;5.010130183408572;3.258813117237201
35.6875;34.2857;5.010130183408572;3.258813117237201
35.5625;34.0;5.010130183408572;3.258813117237201
35.375;33.8857;5.010130183408572;3.258813117237201
35.3125;34.0571;5.010130183408572;3.258813117237201
35.25;33.8571;5.010130183408572;3.258813117237201
35.25;33.5143;5.010130183408572;3.258813117237201
35.25;33.0857;5.010130183408572;3.258813117237201
35.1875;33.1714;5.010130183408572;3.258813117237201
35.1875;32.9714;5.010130183408572;3.258813117237201
35.0;32.7429;5.010130183408572;3.258813117237201
34.75;32.5714;5.010130183408572;3.258813117237201
34.4375;32.6286;5.010130183408572;3.258813117237201
34.1875;32.3429;5.010130183408572;3.258813117237201
33.9375;32.7714;5.010130183408572;3.258813117237201
33.75;32.4286;5.010130183408572;3.258813117237201
33.625;32.0857;5.010130183408572;3.258813117237201
33.5625;32.1714;5.010130183408572;3.258813117237201
33.5625;31.8;5.010130183408572;3.258813117237201
33.5625;32.1429;5.010130183408572;3.258813117237201
33.5625;31.9143;5.010130183408572;3.258813117237201
33.375;32.1429;5.010130183408572;3.258813117237201
33.1875;32.1714;5.010130183408572;3.258813117237201
32.9375;32.2571;5.010130183408572;3.258813117237201
32.875;32.4;5.010130183408572;3.258813117237201
32.875;32.2;5.010130183408572;3.258813117237201
32.875;32.0286;5.010130183408572;3.258813117237201
32.9375;31.8857;5.010130183408572;3.258813117237201
32.9375;31.6286;5.010130183408572;3.258813117237201
33.0;31.2;5.010130183408572;3.258813117237201
33.0;31.0286;5.010130183408572;3.258813117237201
33.0;30.6571;5.010130183408572;3.258813117237201
33.0;30.2571;5.010130183408572;3.258813117237201
33.0;30.0571;5.010130183408572;3.258813117237201
32.6875;30.3429;5.010130183408572;3.258813117237201
32.125;30.1143;5.010130183408572;3.258813117237201
31.625;30.3143;5.010130183408572;3.258813117237201
31.25;29.9714;5.010130183408572;3.258813117237201
31.125;30.1429;5.010130183408572;3.258813117237201
31.25;30.1143;5.010130183408572;3.258813117237201
31.3125;29.8857;5.010130183408572;3.258813117237201
31.3125;29.7714;5.010130183408572;3.258813117237201
31.25;29.1429;5.010130183408572;3.258813117237201
31.125;29.4857;5.010130183408572;3.258813117237201
31.0625;29.4571;5.010130183408572;3.258813117237201
31.0625;29.5143;5.010130183408572;3.258813117237201
31.0625;29.6;5.010130183408572;3.258813117237201
30.875;29.3143;5.010130183408572;3.258813117237201
30.75;29.2571;5.010130183408572;3.258813117237201
30.6875;29.4571;5.010130183408572;3.258813117237201
30.6875;29.4;5.010130183408572;3.258813117237201
30.5625;28.8857;5.010130183408572;3.258813117237201
30.5;28.7714;5.010130183408572;3.258813117237201
30.375;28.8286;5.010130183408572;3.258813117237201
30.375;28.7429;5.010130183408572;3.258813117237201
30.375;28.8;5.010130183408572;3.258813117237201
30.25;28.6857;5.010130183408572;3.258813117237201
30.0625;28.3143;5.010130183408572;3.258813117237201
29.9375;28.1143;5.010130183408572;3.258813117237201
30.0;27.8286;5.010130183408572;3.258813117237201
30.0;27.8286;5.010130183408572;3.258813117237201
30.0625;27.6286;5.010130183408572;3.258813117237201
30.125;27.5714;5.010130183408572;3.258813117237201
30.125;27.5714;5.010130183408572;3.258813117237201
30.125;27.6286;5.010130183408572;3.258813117237201
29.9375;27.2286;5.010130183408572;3.258813117237201
29.4375;27.4857;5.010130183408572;3.258813117237201
28.875;27.5143;5.010130183408572;3.258813117237201
28.5625;27.5143;5.010130183408572;3.258813117237201
28.4375;27.3143;5.010130183408572;3.258813117237201
28.375;27.2;5.010130183408572;3.258813117237201
28.375;27.0286;5.010130183408572;3.258813117237201
28.4375;27.1714;5.010130183408572;3.258813117237201
28.5;27.1143;5.010130183408572;3.258813117237201
28.4375;26.9429;5.010130183408572;3.258813117237201
28.25;26.8286;5.010130183408572;3.258813117237201
28.0625;26.6286;5.010130183408572;3.258813117237201
28.125;26.7143;5.010130183408572;3.258813117237201
28.125;26.4571;5.010130183408572;3.258813117237201
28.0625;26.4571;5.010130183408572;3.258813117237201
27.875;26.2857;5.010130183408572;3.258813117237201
27.625;26.0;5.010130183408572;3.258813117237201
27.5;26.0857;5.010130183408572;3.258813117237201
27.375;26.0857;5.010130183408572;3.258813117237201
27.3125;26.0;5.010130183408572;3.258813117237201
27.1875;25.6286;5.010130183408572;3.258813117237201
27.0625;25.6857;5.010130183408572;3.258813117237201
26.9375;25.7143;5.010130183408572;3.258813117237201
26.875;25.6;5.010130183408572;3.258813117237201
26.8125;25.4571;5.010130183408572;3.258813117237201
26.75;25.6;5.010130183408572;3.258813117237201
26.6875;25.3714;5.010130183408572;3.258813117237201
26.6875;25.6286;5.010130183408572;3.258813117237201
26.625;25.3143;5.010130183408572;3.258813117237201
26.625;25.4;5.010130183408572;3.258813117237201
26.625;25.1429;5.010130183408572;3.258813117237201
26.625;25.0;5.010130183408572;3.258813117237201
26.625;24.8286;5.010130183408572;3.258813117237201
26.5625;24.8286;5.010130183408572;3.258813117237201
26.4375;24.8;5.010130183408572;3.258813117237201
26.3125;24.5714;5.010130183408572;3.258813117237201
26.0625;24.5429;5.010130183408572;3.258813117237201
25.8125;24.6857;5.010130183408572;3.258813117237201
25.6875;24.5143;5.010130183408572;3.258813117237201
25.625;24.4;5.010130183408572;3.258813117237201
25.5625;24.2571;5.010130183408572;3.258813117237201
25.5625;24.2;5.010130183408572;3.258813117237201
25.5625;24.0571;5.010130183408572;3.258813117237201
25.5;24.1429;5.010130183408572;3.258813117237201
25.4375;24.0;5.010130183408572;3.258813117237201
25.3125;23.9143;5.010130183408572;3.258813117237201
25.125;23.7714;5.010130183408572;3.258813117237201
25.0625;23.8571;5.010130183408572;3.258813117237201
25.0;23.6286;5.010130183408572;3.258813117237201
25.0625;23.6857;5.010130183408572;3.258813117237201
25.0625;23.7714;5.010130183408572;3.258813117237201
25.0;23.6571;5.010130183408572;3.258813117237201
24.875;23.5143;5.010130183408572;3.258813117237201
24.875;23.5143;5.010130183408572;3.258813117237201
24.875;23.4;5.010130183408572;3.258813117237201
24.875;23.5714;5.010130183408572;3.258813117237201
24.8125;23.4;5.010130183408572;3.258813117237201
24.6875;23.4;5.010130183408572;3.258813117237201
24.5;23.2286;5.010130183408572;3.258813117237201
24.4375;23.0857;5.010130183408572;3.258813117237201
24.375;23.1714;5.010130183408572;3.258813117237201
24.375;23.1714;5.010130183408572;3.258813117237201
24.375;23.2286;5.010130183408572;3.258813117237201
24.375;23.3429;5.010130183408572;3.258813117237201
24.375;23.1143;5.010130183408572;3.258813117237201
24.25;22.8857;5.010130183408572;3.258813117237201
24.1875;22.8286;5.010130183408572;3.258813117237201
24.1875;23.0;5.010130183408572;3.258813117237201
24.25;22.6857;5.010130183408572;3.258813117237201
24.1875;22.4286;5.010130183408572;3.258813117237201
24.0;22.2857;5.010130183408572;3.258813117237201
23.75;22.2;5.010130183408572;3.258813117237201
23.625;22.0286;5.010130183408572;3.258813117237201
23.5;21.9143;5.010130183408572;3.258813117237201
23.3125;22.0;5.010130183408572;3.258813117237201
23.125;21.7714;5.010130183408572;3.258813117237201
23.0;21.7714;5.010130183408572;3.258813117237201
22.875;21.6857;5.010130183408572;3.258813117237201
22.75;21.6857;5.010130183408572;3.258813117237201
22.6875;21.5714;5.010130183408572;3.258813117237201
22.625;21.4;5.010130183408572;3.258813117237201
22.5625;21.3714;5.010130183408572;3.258813117237201
22.4375;21.4571;5.010130183408572;3.258813117237201
22.4375;21.4857;5.010130183408572;3.258813117237201
22.375;21.3143;5.010130183408572;3.258813117237201
22.3125;21.3143;5.010130183408572;3.258813117237201
22.25;21.2;5.010130183408572;3.258813117237201
22.1875;21.0;5.010130183408572;3.258813117237201
22.1875;21.0286;5.010130183408572;3.258813117237201
22.0625;21.1143;5.010130183408572;3.258813117237201
22.0;20.9429;5.010130183408572;3.258813117237201
22.0;20.9143;5.010130183408572;3.258813117237201
21.9375;20.8;5.010130183408572;3.258813117237201
21.9375;20.5429;5.010130183408572;3.258813117237201
21.9375;20.6286;5.010130183408572;3.258813117237201
22.0;20.5714;5.010130183408572;3.258813117237201
21.9375;20.4571;5.010130183408572;3.258813117237201
21.75;20.5714;5.010130183408572;3.258813117237201
21.5625;20.4571;5.010130183408572;3.258813117237201
21.375;20.2857;5.010130183408572;3.258813117237201
21.3125;20.4;5.010130183408572;3.258813117237201
21.25;20.0857;5.010130183408572;3.258813117237201
21.3125;20.0571;5.010130183408572;3.258813117237201
21.375;20.1714;5.010130183408572;3.258813117237201
21.25;19.8857;5.010130183408572;3.258813117237201
21.125;19.8857;5.010130183408572;3.258813117237201
21.0;19.7429;5.010130183408572;3.258813117237201
20.875;19.6286;5.010130183408572;3.258813117237201
20.75;19.6571;5.010130183408572;3.258813117237201
20.6875;19.4;5.010130183408572;3.258813117237201
20.625;19.3714;5.010130183408572;3.258813117237201
20.5625;19.4857;5.010130183408572;3.258813117237201
20.4375;19.2571;5.010130183408572;3.258813117237201
20.375;19.4857;5.010130183408572;3.258813117237201
20.4375;19.4286;5.010130183408572;3.258813117237201
20.4375;19.0571;5.010130183408572;3.258813117237201
20.375;19.2571;5.010130183408572;3.258813117237201
20.375;19.0571;5.010130183408572;3.258813117237201
20.3125;19.0;5.010130183408572;3.258813117237201
20.25;18.8571;5.010130183408572;3.258813117237201
20.0625;18.7429;5.010130183408572;3.258813117237201
20.0;18.7429;5.010130183408572;3.258813117237201
19.9375;18.5714;5.010130183408572;3.258813117237201
20.0;18.6;5.010130183408572;3.258813117237201
20.0;18.6857;5.010130183408572;3.258813117237201
20.0;18.5714;5.010130183408572;3.258813117237201
20.0625;18.6857;5.010130183408572;3.258813117237201
20.0;18.4;5.010130183408572;3.258813117237201
19.9375;18.4857;5.010130183408572;3.258813117237201
19.6875;18.3714;5.010130183408572;3.258813117237201
19.5;17.9714;5.010130183408572;3.258813117237201
19.375;18.1714;5.010130183408572;3.258813117237201
19.3125;17.8857;5.010130183408572;3.258813117237201
19.25;18.0286;5.010130183408572;3.258813117237201
19.125;17.8857;5.010130183408572;3.258813117237201
18.9375;17.8;5.010130183408572;3.258813117237201
18.75;17.8286;5.010130183408572;3.258813117237201
18.6875;17.6;5.010130183408572;3.258813117237201
18.625;17.6857;5.010130183408572;3.258813117237201
18.625;17.6857;5.010130183408572;3.258813117237201
18.5625;17.6286;5.010130183408572;3.258813117237201
18.5;17.6;5.010130183408572;3.258813117237201
18.4375;17.4286;5.010130183408572;3.258813117237201
18.4375;17.4;5.010130183408572;3.258813117237201
18.5;17.2286;5.010130183408572;3.258813117237201
18.5;17.2286;5.010130183408572;3.258813117237201
18.4375;17.0857;5.010130183408572;3.258813117237201
18.3125;17.0286;5.010130183408572;3.258813117237201
18.125;16.9143;5.010130183408572;3.258813117237201
17.9375;16.8571;5.010130183408572;3.258813117237201
17.875;16.8571;5.010130183408572;3.258813117237201
17.75;16.7429;5.010130183408572;3.258813117237201
17.6875;16.7429;5.010130183408572;3.258813117237201
17.625;16.6;5.010130183408572;3.258813117237201
17.625;16.7143;5.010130183408572;3.258813117237201
17.5625;16.5714;5.010130183408572;3.258813117237201
17.5625;16.5714;5.010130183408572;3.258813117237201
17.5625;16.6;5.010130183408572;3.258813117237201
17.5625;16.5143;5.010130183408572;3.258813117237201
17.5625;16.6286;5.010130183408572;3.258813117237201
17.5;16.6286;5.010130183408572;3.258813117237201
17.375;16.5143;5.010130183408572;3.258813117237201
17.25;16.3429;5.010130183408572;3.258813117237201
17.1875;16.1714;5.010130183408572;3.258813117237201
17.25;15.9714;5.010130183408572;3.258813117237201
17.3125;15.9429;5.010130183408572;3.258813117237201
17.3125;15.8;5.010130183408572;3.258813117237201
17.1875;15.7429;5.010130183408572;3.258813117237201
16.9375;15.6571;5.010130183408572;3.258813117237201
16.75;15.5429;5.010130183408572;3.258813117237201
16.5;15.4286;5.010130183408572;3.258813117237201
16.4375;15.4571;5.010130183408572;3.258813117237201
16.4375;15.3714;5.010130183408572;3.258813117237201
16.4375;15.2571;5.010130183408572;3.258813117237201
16.375;15.1714;5.010130183408572;3.258813117237201
16.3125;15.2571;5.010130183408572;3.258813117237201
16.25;15.2286;5.010130183408572;3.258813117237201
16.1875;15.2;5.010130183408572;3.258813117237201
16.0625;15.2;5.010130183408572;3.258813117237201
16.0;15.0857;5.010130183408572;3.258813117237201
16.0;14.9143;5.010130183408572;3.258813117237201
16.0;14.9714;5.010130183408572;3.258813117237201
16.0;14.7143;5.010130183408572;3.258813117237201
15.9375;14.6571;5.010130183408572;3.258813117237201
15.875;14.5714;5.010130183408572;3.258813117237201
15.8125;14.5429;5.010130183408572;3.258813117237201
15.8125;14.5143;5.010130183408572;3.258813117237201
15.8125;14.5429;5.010130183408572;3.258813117237201
15.8125;14.3714;5.010130183408572;3.258813117237201
15.8125;14.4;5.010130183408572;3.258813117237201
15.875;14.3429;5.010130183408572;3.258813117237201
15.8125;14.3143;5.010130183408572;3.258813117237201
15.75;14.3143;5.010130183408572;3.258813117237201
15.5625;14.2;5.010130183408572;3.258813117237201
15.375;14.0857;5.010130183408572;3.258813117237201
15.25;14.1143;5.010130183408572;3.258813117237201
15.25;13.9714;5.010130183408572;3.258813117237201
15.25;13.9429;5.010130183408572;3.258813117237201
15.125;13.8857;5.010130183408572;3.258813117237201
15.0;13.7714;5.010130183408572;3.258813117237201
14.875;13.6286;5.010130183408572;3.258813117237201
14.8125;13.6571;5.010130183408572;3.258813117237201
14.75;13.6286;5.010130183408572;3.258813117237201
14.75;13.5429;5.010130183408572;3.258813117237201
14.6875;13.4;5.010130183408572;3.258813117237201
14.625;13.4286;5.010130183408572;3.258813117237201
14.5;13.2571;5.010130183408572;3.258813117237201
14.4375;13.2286;5.010130183408572;3.258813117237201
14.3125;13.2286;5.010130183408572;3.258813117237201
14.1875;13.2286;5.010130183408572;3.258813117237201
14.125;13.1714;5.010130183408572;3.258813117237201
14.0625;13.1143;5.010130183408572;3.258813117237201
14.0;13.0571;5.010130183408572;3.258813117237201
14.0;13.0286;5.010130183408572;3.258813117237201
14.0;12.8571;5.010130183408572;3.258813117237201
14.0625;12.8;5.010130183408572;3.258813117237201
14.0625;12.7714;5.010130183408572;3.258813117237201
14.0625;12.7714;5.010130183408572;3.258813117237201
14.0;12.6857;5.010130183408572;3.258813117237201
13.9375;12.6286;5.010130183408572;3.258813117237201
13.875;12.5714;5.010130183408572;3.258813117237201
13.875;12.5143;5.010130183408572;3.258813117237201
13.875;12.5143;5.010130183408572;3.258813117237201
13.875;12.4;5.010130183408572;3.258813117237201
13.8125;12.3143;5.010130183408572;3.258813117237201
13.5625;12.2571;5.010130183408572;3.258813117237201
13.375;12.1714;5.010130183408572;3.258813117237201
13.25;12.0857;5.010130183408572;3.258813117237201
13.25;12.1143;5.010130183408572;3.258813117237201
13.1875;12.1429;5.010130183408572;3.258813117237201
13.125;11.9714;5.010130183408572;3.258813117237201
13.0625;12.0;5.010130183408572;3.258813117237201
13.0;11.9143;5.010130183408572;3.258813117237201
13.0;11.8571;5.010130183408572;3.258813117237201
13.0;11.7714;5.010130183408572;3.258813117237201
12.9375;11.7143;5.010130183408572;3.258813117237201
12.875;11.6;5.010130183408572;3.258813117237201
12.8125;11.6;5.010130183408572;3.258813117237201
12.75;11.5429;5.010130183408572;3.258813117237201
12.6875;11.5143;5.010130183408572;3.258813117237201
12.5625;11.5143;5.010130183408572;3.258813117237201
12.375;11.4286;5.010130183408572;3.258813117237201
12.3125;11.3714;5.010130183408572;3.258813117237201
12.25;11.2857;5.010130183408572;3.258813117237201
12.1875;11.2571;5.010130183408572;3.258813117237201
12.1875;11.2286;5.010130183408572;3.258813117237201
12.1875;11.2;5.010130183408572;3.258813117237201
12.1875;11.1714;5.010130183408572;3.258813117237201
12.0625;11.1143;5.010130183408572;3.258813117237201
12.0625;11.0;5.010130183408572;3.258813117237201
12.125;10.8571;5.010130183408572;3.258813117237201
12.1875;10.8571;5.010130183408572;3.258813117237201
12.1875;10.8286;5.010130183408572;3.258813117237201
12.25;10.7429;5.010130183408572;3.258813117237201
12.25;10.6857;5.010130183408572;3.258813117237201
12.1875;10.7714;5.010130183408572;3.258813117237201
12.125;10.6571;5.010130183408572;3.258813117237201
11.9375;10.5714;5.010130183408572;3.258813117237201
11.75;10.5429;5.010130183408572;3.258813117237201
11.625;10.4571;5.010130183408572;3.258813117237201
11.5625;10.4571;5.010130183408572;3.258813117237201
11.5625;10.2857;5.010130183408572;3.258813117237201
11.5;10.2571;5.010130183408572;3.258813117237201
11.4375;10.2571;5.010130183408572;3.258813117237201
11.375;10.2286;5.010130183408572;3.258813117237201
11.25;10.2;5.010130183408572;3.258813117237201
11.1875;10.1429;5.010130183408572;3.258813117237201
11.1875;10.1143;5.010130183408572;3.258813117237201
11.125;9.9714;5.010130183408572;3.258813117237201
11.125;10.0;5.010130183408572;3.258813117237201
11.125;9.8571;5.010130183408572;3.258813117237201
11.125;9.8857;5.010130183408572;3.258813117237201
11.0625;9.8;5.010130183408572;3.258813117237201
10.9375;9.6857;5.010130183408572;3.258813117237201
10.8125;9.6571;5.010130183408572;3.258813117237201
10.75;9.6286;5.010130183408572;3.258813117237201
10.6875;9.6286;5.010130183408572;3.258813117237201
10.6875;9.6286;5.010130183408572;3.258813117237201
10.6875;9.5429;5.010130183408572;3.258813117237201
10.625;9.5714;5.010130183408572;3.258813117237201
10.625;9.5714;5.010130183408572;3.258813117237201
10.625;9.4286;5.010130183408572;3.258813117237201
10.625;9.3714;5.010130183408572;3.258813117237201
10.625;9.2571;5.010130183408572;3.258813117237201
10.5625;9.2286;5.010130183408572;3.258813117237201
10.5625;9.0857;5.010130183408572;3.258813117237201
10.5625;9.0;5.010130183408572;3.258813117237201
10.625;9.0286;5.010130183408572;3.258813117237201
10.5625;8.9429;5.010130183408572;3.258813117237201
10.5;8.8857;5.010130183408572;3.258813117237201
10.3125;8.8571;5.010130183408572;3.258813117237201
10.1875;8.8;5.010130183408572;3.258813117237201
10.0625;8.7714;5.010130183408572;3.258813117237201
10.0;8.6571;5.010130183408572;3.258813117237201
10.0;8.6286;5.010130183408572;3.258813117237201
9.9375;8.6571;5.010130183408572;3.258813117237201
9.9375;8.5143;5.010130183408572;3.258813117237201
9.8125;8.5429;5.010130183408572;3.258813117237201
9.75;8.5143;5.010130183408572;3.258813117237201
9.75;8.4286;5.010130183408572;3.258813117237201
9.75;8.4286;5.010130183408572;3.258813117237201
9.8125;8.3143;5.010130183408572;3.258813117237201
9.8125;8.3143;5.010130183408572;3.258813117237201
9.8125;8.2857;5.010130183408572;3.258813117237201
9.8125;8.2857;5.010130183408572;3.258813117237201
9.75;8.1714;5.010130183408572;3.258813117237201
9.625;8.2;5.010130183408572;3.258813117237201
9.5;8.1143;5.010130183408572;3.258813117237201
9.375;8.0286;5.010130183408572;3.258813117237201
9.3125;7.9714;5.010130183408572;3.258813117237201
9.25;8.0;5.010130183408572;3.258813117237201
9.1875;7.9143;5.010130183408572;3.258813117237201
9.1875;7.8857;5.010130183408572;3.258813117237201
9.1875;7.8;5.010130183408572;3.258813117237201
9.25;7.7714;5.010130183408572;3.258813117237201
9.25;7.7143;5.010130183408572;3.258813117237201
9.3125;7.6286;5.010130183408572;3.258813117237201
9.3125;7.6571;5.010130183408572;3.258813117237201
9.3125;7.6;5.010130183408572;3.258813117237201
9.25;7.5429;5.010130183408572;3.258813117237201
9.0625;7.5429;5.010130183408572;3.258813117237201
8.75;7.4286;5.010130183408572;3.258813117237201
8.625;7.4571;5.010130183408572;3.258813117237201
8.75;7.3714;5.010130183408572;3.258813117237201
8.75;7.3714;5.010130183408572;3.258813117237201
8.6875;7.2286;5.010130183408572;3.258813117237201
8.6875;7.2286;5.010130183408572;3.258813117237201
8.6875;7.2286;5.010130183408572;3.258813117237201
8.75;7.1429;5.010130183408572;3.258813117237201
8.75;7.1429;5.010130183408572;3.258813117237201
8.5625;7.0286;5.010130183408572;3.258813117237201
8.375;7.0286;5.010130183408572;3.258813117237201
8.125;7.0286;5.010130183408572;3.258813117237201
8.0;6.9429;5.010130183408572;3.258813117237201
7.8125;6.8857;5.010130183408572;3.258813117237201
7.6875;6.8286;5.010130183408572;3.258813117237201
7.8125;6.7714;5.010130183408572;3.258813117237201
8.0625;6.8;5.010130183408572;3.258813117237201
8.1875;6.6286;5.010130183408572;3.258813117237201
8.0625;6.6286;5.010130183408572;3.258813117237201
7.875;6.6;5.010130183408572;3.258813117237201
7.75;6.5429;5.010130183408572;3.258813117237201
7.5625;6.5429;5.010130183408572;3.258813117237201
7.4375;6.4571;5.010130183408572;3.258813117237201
7.3125;6.4286;5.010130183408572;3.258813117237201
7.1875;6.3143;5.010130183408572;3.258813117237201
7.125;6.2571;5.010130183408572;3.258813117237201
7.0625;6.2286;5.010130183408572;3.258813117237201
7.0;6.2286;5.010130183408572;3.258813117237201
7.0;6.2;5.010130183408572;3.258813117237201
7.0;6.1429;5.010130183408572;3.258813117237201
6.9375;6.1143;5.010130183408572;3.258813117237201
6.75;6.0857;5.010130183408572;3.258813117237201
6.5625;6.0;5.010130183408572;3.258813117237201
6.4375;5.9429;5.010130183408572;3.258813117237201
6.375;5.9714;5.010130183408572;3.258813117237201
6.25;5.8857;5.010130183408572;3.258813117237201
6.1875;5.8;5.010130183408572;3.258813117237201
6.3125;5.8;5.010130183408572;3.258813117237201
6.4375;5.7714;5.010130183408572;3.258813117237201
6.4375;5.6857;5.010130183408572;3.258813117237201
6.375;5.7143;5.010130183408572;3.258813117237201
6.25;5.6286;5.010130183408572;3.258813117237201
6.125;5.6;5.010130183408572;3.258813117237201
6.125;5.5714;5.010130183408572;3.258813117237201
6.0625;5.5429;5.010130183408572;3.258813117237201
6.125;5.4571;5.010130183408572;3.258813117237201
6.125;5.4286;5.010130183408572;3.258813117237201
6.0625;5.4286;5.010130183408572;3.258813117237201
5.9375;5.3714;5.010130183408572;3.258813117237201
5.875;5.3429;5.010130183408572;3.258813117237201
5.875;5.2857;5.010130183408572;3.258813117237201
5.9375;5.2571;5.010130183408572;3.258813117237201
5.875;5.2571;5.010130183408572;3.258813117237201
5.75;5.2286;5.010130183408572;3.258813117237201
5.5625;5.1143;5.010130183408572;3.258813117237201
5.5;5.1143;5.010130183408572;3.258813117237201
5.5;5.0571;5.010130183408572;3.258813117237201
5.5625;5.0857;5.010130183408572;3.258813117237201
5.625;5.0571;5.010130183408572;3.258813117237201
5.625;4.9429;5.010130183408572;3.258813117237201
5.6875;4.9429;5.010130183408572;3.258813117237201
5.6875;4.9143;5.010130183408572;3.258813117237201
5.625;4.8;5.010130183408572;3.258813117237201
5.4375;4.8286;5.010130183408572;3.258813117237201
5.125;4.7714;5.010130183408572;3.258813117237201
4.875;4.6571;5.010130183408572;3.258813117237201
4.875;4.6857;5.010130183408572;3.258813117237201
5.0625;4.6286;5.010130183408572;3.258813117237201
5.1875;4.6286;5.010130183408572;3.258813117237201
5.0625;4.5429;5.010130183408572;3.258813117237201
4.9375;4.5143;5.010130183408572;3.258813117237201
4.9375;4.5143;5.010130183408572;3.258813117237201
4.8125;4.4857;5.010130183408572;3.258813117237201
4.5625;4.4286;5.010130183408572;3.258813117237201
4.3125;4.4;5.010130183408572;3.258813117237201
4.3125;4.4286;5.010130183408572;3.258813117237201
4.375;4.3143;5.010130183408572;3.258813117237201
4.375;4.2857;5.010130183408572;3.258813117237201
4.375;4.2571;5.010130183408572;3.258813117237201
4.375;4.2286;5.010130183408572;3.258813117237201
4.25;4.1714;5.010130183408572;3.258813117237201
4.125;4.1429;5.010130183408572;3.258813117237201
4.0;4.0857;5.010130183408572;3.258813117237201
4.0625;4.0571;5.010130183408572;3.258813117237201
4.1875;4.0571;5.010130183408572;3.258813117237201
4.1875;4.0286;5.010130183408572;3.258813117237201
4.125;3.9714;5.010130183408572;3.258813117237201
4.0;3.9143;5.010130183408572;3.258813117237201
3.6875;3.9143;5.010130183408572;3.258813117237201
3.4375;3.8857;5.010130183408572;3.258813117237201
3.25;3.8286;5.010130183408572;3.258813117237201
3.1875;3.7714;5.010130183408572;3.258813117237201
3.1875;3.7143;5.010130183408572;3.258813117237201
3.1875;3.6286;5.010130183408572;3.258813117237201
3.3125;3.6571;5.010130183408572;3.258813117237201
3.5625;3.6571;5.010130183408572;3.258813117237201
3.75;3.5714;5.010130183408572;3.258813117237201
3.4375;3.5429;5.010130183408572;3.258813117237201
2.8125;3.5143;5.010130183408572;3.258813117237201
2.5625;3.4857;5.010130183408572;3.258813117237201
2.6875;3.4857;5.010130183408572;3.258813117237201
2.5625;3.4571;5.010130183408572;3.258813117237201
2.3125;3.4286;5.010130183408572;3.258813117237201
2.375;3.3714;5.010130183408572;3.258813117237201
2.8125;3.3143;5.010130183408572;3.258813117237201
3.0;3.2571;5.010130183408572;3.258813117237201
2.8125;3.2;5.010130183408572;3.258813117237201
2.8125;3.2286;5.010130183408572;3.258813117237201
3.0;3.1714;5.010130183408572;3.258813117237201
3.25;3.1714;5.010130183408572;3.258813117237201
3.5;3.1429;5.010130183408572;3.258813117237201
3.6875;3.1143;5.010130183408572;3.258813117237201
3.6875;3.0286;5.010130183408572;3.258813117237201
3.5625;3.0571;5.010130183408572;3.258813117237201
3.125;3.0286;5.010130183408572;3.258813117237201
2.75;2.9429;5.010130183408572;3.258813117237201
2.6875;2.9143;5.010130183408572;3.258813117237201
2.5625;2.9143;5.010130183408572;3.258813117237201
2.5;2.9143;5.010130183408572;3.258813117237201
2.5;2.8571;5.010130183408572;3.258813117237201
2.5;2.8286;5.010130183408572;3.258813117237201
2.625;2.7429;5.010130183408572;3.258813117237201
2.6875;2.7714;5.010130183408572;3.258813117237201
2.75;2.7429;5.010130183408572;3.258813117237201
2.75;2.7143;5.010130183408572;3.258813117237201
2.75;2.6;5.010130183408572;3.258813117237201
2.75;2.5714;5.010130183408572;3.258813117237201
2.5625;2.6;5.010130183408572;3.258813117237201
2.25;2.5429;5.010130183408572;3.258813117237201
1.9375;2.5143;5.010130183408572;3.258813117237201
1.4375;2.4857;5.010130183408572;3.258813117237201
0.875;2.4571;5.010130183408572;3.258813117237201
0.6875;2.5143;5.010130183408572;3.258813117237201
1.25;2.3714;5.010130183408572;3.258813117237201
1.75;2.3714;5.010130183408572;3.258813117237201
1.625;2.2857;5.010130183408572;3.258813117237201
1.4375;2.3429;5.010130183408572;3.258813117237201
1.5;2.2857;5.010130183408572;3.258813117237201
1.1875;2.2571;5.010130183408572;3.258813117237201
0.8125;2.2;5.010130183408572;3.258813117237201
0.875;2.2;5.010130183408572;3.258813117237201
0.9375;2.1429;5.010130183408572;3.258813117237201
1.375;2.1429;5.010130183408572;3.258813117237201
1.9375;2.1714;5.010130183408572;3.258813117237201
2.25;2.0857;5.010130183408572;3.258813117237201
2.25;2.0571;5.010130183408572;3.258813117237201
1.75;2.0;5.010130183408572;3.258813117237201
0.9375;2.0;5.010130183408572;3.258813117237201
0.4375;2.0571;5.010130183408572;3.258813117237201
0.3125;1.9143;5.010130183408572;3.258813117237201
0.6875;1.9429;5.010130183408572;3.258813117237201
1.125;1.8286;5.010130183408572;3.258813117237201
1.0625;1.7714;5.010130183408572;3.258813117237201
0.625;1.8286;5.010130183408572;3.258813117237201
0.1875;1.7429;5.010130183408572;3.258813117237201
0.0;1.7429;5.010130183408572;3.258813117237201
-0.0625;1.7143;5.010130183408572;3.258813117237201
0.0;1.7429;5.010130183408572;3.258813117237201
0.0;1.6857;5.010130183408572;3.258813117237201
0.0625;1.6;5.010130183408572;3.258813117237201
0.0;1.6;5.010130183408572;3.258813117237201
0.0;1.6571;5.010130183408572;3.258813117237201
0.0;1.6;5.010130183408572;3.258813117237201
0.0;1.5429;5.010130183408572;3.258813117237201
0.0625;1.4857;5.010130183408572;3.258813117237201
0.0625;1.4;5.010130183408572;3.258813117237201
0.0;1.4286;5.010130183408572;3.258813117237201
0.0;1.3714;5.010130183408572;3.258813117237201
0.0;1.4286;5.010130183408572;3.258813117237201
0.0;1.3714;5.010130183408572;3.258813117237201
0.125;1.3714;5.010130183408572;3.258813117237201
0.375;1.3714;5.010130183408572;3.258813117237201
0.4375;1.2571;5.010130183408572;3.258813117237201
0.25;1.3143;5.010130183408572;3.258813117237201
-0.125;1.2857;5.010130183408572;3.258813117237201
-0.875;1.2;5.010130183408572;3.258813117237201
-1.375;1.2;5.010130183408572;3.258813117237201
-1.625;1.2286;5.010130183408572;3.258813117237201
-1.375;1.2286;5.010130183408572;3.258813117237201
-0.5625;1.1714;5.010130183408572;3.258813117237201
0.125;1.2;5.010130183408572;3.258813117237201
0.0;1.1714;5.010130183408572;3.258813117237201
-0.4375;0.9714;5.010130183408572;3.258813117237201
-0.5625;1.1143;5.010130183408572;3.258813117237201
-0.375;1.0571;5.010130183408572;3.258813117237201
-0.1875;0.9143;5.010130183408572;3.258813117237201
0.0;1.0571;5.010130183408572;3.258813117237201
0.0;1.0;5.010130183408572;3.258813117237201
0.0;0.9429;5.010130183408572;3.258813117237201
0.0;0.9429;5.010130183408572;3.258813117237201
0.0;0.8286;5.010130183408572;3.258813117237201
0.0;0.9143;5.010130183408572;3.258813117237201
0.0;0.8857;5.010130183408572;3.258813117237201
0.0625;0.8;5.010130183408572;3.258813117237201
0.125;0.7429;5.010130183408572;3.258813117237201
0.125;0.7143;5.010130183408572;3.258813117237201
0.0;0.8;5.010130183408572;3.258813117237201
-0.125;0.8;5.010130183408572;3.258813117237201
-0.1875;0.7143;5.010130183408572;3.258813117237201
0.0;0.6857;5.010130183408572;3.258813117237201
0.375;0.7714;5.010130183408572;3.258813117237201
0.5625;0.6571;5.010130183408572;3.258813117237201
0.375;0.7143;5.010130183408572;3.258813117237201
0.1875;0.7429;5.010130183408572;3.258813117237201
0.0;0.6286;5.010130183408572;3.258813117237201
0.0;0.6286;5.010130183408572;3.258813117237201
0.0;0.6286;5.010130183408572;3.258813117237201
0.0;0.5714;5.010130183408572;3.258813117237201
0.125;0.5714;5.010130183408572;3.258813117237201
0.375;0.5143;5.010130183408572;3.258813117237201
0.0625;0.4857;5.010130183408572;3.258813117237201
-0.625;0.5143;5.010130183408572;3.258813117237201
-1.125;0.4857;5.010130183408572;3.258813117237201
-0.9375;0.5429;5.010130183408572;3.258813117237201
-0.5;0.5143;5.010130183408572;3.258813117237201
-0.375;0.5143;5.010130183408572;3.258813117237201
-0.75;0.4286;5.010130183408572;3.258813117237201
-1.3125;0.3714;5.010130183408572;3.258813117237201
-1.8125;0.4;5.010130183408572;3.258813117237201
-2.0;0.4286;5.010130183408572;3.258813117237201
-2.0625;0.4286;5.010130183408572;3.258813117237201
-1.875;0.4;5.010130183408572;3.258813117237201
-1.375;0.4286;5.010130183408572;3.258813117237201
-0.9375;0.3714;5.010130183408572;3.258813117237201
-0.5;0.4286;5.010130183408572;3.258813117237201
-0.375;0.3143;5.010130183408572;3.258813117237201
-0.5625;0.2857;5.010130183408572;3.258813117237201
-0.5;0.3429;5.010130183408572;3.258813117237201
-0.25;0.3143;5.010130183408572;3.258813117237201
0.0;0.2286;5.010130183408572;3.258813117237201
0.0;0.2857;5.010130183408572;3.258813117237201
0.125;0.1714;5.010130183408572;3.258813117237201
0.25;0.2;5.010130183408572;3.258813117237201
0.25;0.2857;5.010130183408572;3.258813117237201
0.1875;0.2857;5.010130183408572;3.258813117237201
0.0;0.2571;5.010130183408572;3.258813117237201
-0.25;0.3143;5.010130183408572;3.258813117237201
-0.375;0.2;5.010130183408572;3.258813117237201
-0.3125;0.2286;5.010130183408572;3.258813117237201
-0.375;0.2286;5.010130183408572;3.258813117237201
-0.75;0.2286;5.010130183408572;3.258813117237201
-1.0;0.2;5.010130183408572;3.258813117237201
-1.0;0.2857;5.010130183408572;3.258813117237201
-0.75;0.2;5.010130183408572;3.258813117237201
-0.375;0.2286;5.010130183408572;3.258813117237201
-0.0625;0.1429;5.010130183408572;3.258813117237201
0.0;0.1143;5.010130183408572;3.258813117237201
-0.375;0.2;5.010130183408572;3.258813117237201
-1.3125;0.1714;5.010130183408572;3.258813117237201
-2.3125;0.2;5.010130183408572;3.258813117237201
-2.875;0.2286;5.010130183408572;3.258813117237201
-3.1875;0.1429;5.010130183408572;3.258813117237201
-3.1875;0.2;5.010130183408572;3.258813117237201
-2.8125;0.2286;5.010130183408572;3.258813117237201
-1.875;0.1429;5.010130183408572;3.258813117237201
-0.8125;0.2286;5.010130183408572;3.258813117237201
-0.125;0.2;5.010130183408572;3.258813117237201
0.125;0.1429;5.010130183408572;3.258813117237201
-0.125;0.0857;5.010130183408572;3.258813117237201
-0.875;0.1143;5.010130183408572;3.258813117237201
-1.25;0.1143;5.010130183408572;3.258813117237201
-0.9375;0.1429;5.010130183408572;3.258813117237201
-0.4375;0.1714;5.010130183408572;3.258813117237201
-0.0625;0.1429;5.010130183408572;3.258813117237201
0.0;0.2;5.010130183408572;3.258813117237201
0.0625;0.1143;5.010130183408572;3.258813117237201
0.0625;0.2;5.010130183408572;3.258813117237201
0.125;0.1143;5.010130183408572;3.258813117237201
0.1875;0.1429;5.010130183408572;3.258813117237201
0.3125;0.1429;5.010130183408572;3.258813117237201
0.4375;0.0571;5.010130183408572;3.258813117237201
0.5625;0.2;5.010130183408572;3.258813117237201
0.5625;0.1143;5.010130183408572;3.258813117237201
0.375;0.1429;5.010130183408572;3.258813117237201
0.25;0.0286;5.010130183408572;3.258813117237201
0.25;0.0571;5.010130183408572;3.258813117237201
-0.0625;0.1143;5.010130183408572;3.258813117237201
-0.625;0.0571;5.010130183408572;3.258813117237201
-0.8125;0.0;5.010130183408572;3.258813117237201
-0.5;0.1429;5.010130183408572;3.258813117237201
-0.1875;0.0571;5.010130183408572;3.258813117237201
0.0;0.0286;5.010130183408572;3.258813117237201
0.0;0.0571;5.010130183408572;3.258813117237201
0.0;0.0571;5.010130183408572;3.258813117237201
0.0;0.1429;5.010130183408572;3.258813117237201
-0.25;0.1429;5.010130183408572;3.258813117237201
-0.8125;0.1429;5.010130183408572;3.258813117237201
-1.0;0.0857;5.010130183408572;3.258813117237201
-0.625;0.0286;5.010130183408572;3.258813117237201
-0.25;0.0571;5.010130183408572;3.258813117237201
0.0;0.1143;5.010130183408572;3.258813117237201
0.0625;0.1429;5.010130183408572;3.258813117237201
-0.125;0.0571;5.010130183408572;3.258813117237201
-0.8125;0.0;5.010130183408572;3.258813117237201
-1.0;0.1429;5.010130183408572;3.258813117237201
-0.75;0.0857;5.010130183408572;3.258813117237201
-0.6875;0.0571;5.010130183408572;3.258813117237201
-0.9375;0.0857;5.010130183408572;3.258813117237201
-0.9375;0.2286;5.010130183408572;3.258813117237201
-0.875;0.0857;5.010130183408572;3.258813117237201
-0.625;0.1429;5.010130183408572;3.258813117237201
-0.375;0.1143;5.010130183408572;3.258813117237201
-0.25;0.0286;5.010130183408572;3.258813117237201
-0.625;0.2286;5.010130183408572;3.258813117237201
-1.0625;0.1143;5.010130183408572;3.258813117237201
-0.875;0.1143;5.010130183408572;3.258813117237201
-0.4375;0.1143;5.010130183408572;3.258813117237201
-0.375;0.0571;5.010130183408572;3.258813117237201
-0.3125;0.0;5.010130183408572;3.258813117237201
-0.1875;0.0286;5.010130183408572;3.258813117237201
-0.0625;0.2;5.010130183408572;3.258813117237201
0.0;0.0286;5.010130183408572;3.258813117237201
0.0;0.1714;5.010130183408572;3.258813117237201
0.0;0.1429;5.010130183408572;3.258813117237201
0.0;0.0857;5.010130183408572;3.258813117237201
0.0;0.0857;5.010130183408572;3.258813117237201
0.0;0.0571;5.010130183408572;3.258813117237201
0.0;0.1143;5.010130183408572;3.258813117237201
-0.25;0.0857;5.010130183408572;3.258813117237201
-0.9375;0.0571;5.010130183408572;3.258813117237201
-1.5;0.1143;5.010130183408572;3.258813117237201
-1.3125;0.0857;5.010130183408572;3.258813117237201
-0.75;0.1429;5.010130183408572;3.258813117237201
-0.25;0.0;5.010130183408572;3.258813117237201
