SF-A-022;Sensirion;RMSE;MAE
-6.3125;-6.4286;6.1114361313894925;3.655916882335239
-6.375;-6.4;6.1114361313894925;3.655916882335239
-6.3125;-6.3714;6.1114361313894925;3.655916882335239
-6.25;-6.3143;6.1114361313894925;3.655916882335239
-6.25;-6.2857;6.1114361313894925;3.655916882335239
-6.375;-6.2857;6.1114361313894925;3.655916882335239
-6.5625;-6.1714;6.1114361313894925;3.655916882335239
-6.6875;-6.1714;6.1114361313894925;3.655916882335239
-6.6875;-6.1429;6.1114361313894925;3.655916882335239
-6.5625;-6.0286;6.1114361313894925;3.655916882335239
-6.5625;-6.0286;6.1114361313894925;3.655916882335239
-6.5;-6.0286;6.1114361313894925;3.655916882335239
-6.375;-5.9714;6.1114361313894925;3.655916882335239
-6.3125;-5.9714;6.1114361313894925;3.655916882335239
-6.25;-5.9714;6.1114361313894925;3.655916882335239
-6.3125;-5.9143;6.1114361313894925;3.655916882335239
-6.3125;-5.8857;6.1114361313894925;3.655916882335239
-6.3125;-5.8571;6.1114361313894925;3.655916882335239
-6.375;-5.8;6.1114361313894925;3.655916882335239
-6.375;-5.7714;6.1114361313894925;3.655916882335239
-6.3125;-5.8;6.1114361313894925;3.655916882335239
-6.3125;-5.7429;6.1114361313894925;3.655916882335239
-6.25;-5.7429;6.1114361313894925;3.655916882335239
-6.125;-5.7143;6.1114361313894925;3.655916882335239
-6.0;-5.7429;6.1114361313894925;3.655916882335239
-5.875;-5.7429;6.1114361313894925;3.655916882335239
-5.9375;-5.7143;6.1114361313894925;3.655916882335239
-6.125;-5.7143;6.1114361313894925;3.655916882335239
-6.125;-5.8;6.1114361313894925;3.655916882335239
-5.9375;-5.8286;6.1114361313894925;3.655916882335239
-5.8125;-5.9143;6.1114361313894925;3.655916882335239
-5.9375;-6.0857;6.1114361313894925;3.655916882335239
-6.1875;-6.1714;6.1114361313894925;3.655916882335239
-6.5;-6.3143;6.1114361313894925;3.655916882335239
-6.6875;-6.4286;6.1114361313894925;3.655916882335239
-6.6875;-6.6;6.1114361313894925;3.655916882335239
-6.6875;-6.8286;6.1114361313894925;3.655916882335239
-6.75;-7.0;6.1114361313894925;3.655916882335239
-7.0;-7.2;6.1114361313894925;3.655916882335239
-7.4375;-7.4571;6.1114361313894925;3.655916882335239
-7.9375;-7.6857;6.1114361313894925;3.655916882335239
-8.375;-7.9714;6.1114361313894925;3.655916882335239
-8.5;-8.2571;6.1114361313894925;3.655916882335239
-8.4375;-8.5714;6.1114361313894925;3.655916882335239
-8.375;-8.9429;6.1114361313894925;3.655916882335239
-8.625;-9.3143;6.1114361313894925;3.655916882335239
-9.1875;-9.6571;6.1114361313894925;3.655916882335239
-9.6875;-10.0571;6.1114361313894925;3.655916882335239
-10.0;-10.4857;6.1114361313894925;3.655916882335239
-10.125;-10.9143;6.1114361313894925;3.655916882335239
-10.125;-11.3714;6.1114361313894925;3.655916882335239
-10.0625;-11.8286;6.1114361313894925;3.655916882335239
-10.0625;-12.3143;6.1114361313894925;3.655916882335239
-10.5;-12.7714;6.1114361313894925;3.655916882335239
-11.5625;-13.3143;6.1114361313894925;3.655916882335239
-12.875;-13.8857;6.1114361313894925;3.655916882335239
-14.125;-14.4;6.1114361313894925;3.655916882335239
-15.1875;-15.0571;6.1114361313894925;3.655916882335239
-15.9375;-15.6857;6.1114361313894925;3.655916882335239
-16.5625;-16.3429;6.1114361313894925;3.655916882335239
-17.3125;-17.1143;6.1114361313894925;3.655916882335239
-18.1875;-17.6857;6.1114361313894925;3.655916882335239
-18.9375;-18.3429;6.1114361313894925;3.655916882335239
-19.4375;-18.9429;6.1114361313894925;3.655916882335239
-19.875;-19.6857;6.1114361313894925;3.655916882335239
-20.5625;-20.3143;6.1114361313894925;3.655916882335239
-21.3125;-20.8857;6.1114361313894925;3.655916882335239
-22.0625;-21.6857;6.1114361313894925;3.655916882335239
-22.75;-22.7143;6.1114361313894925;3.655916882335239
-23.25;-23.0857;6.1114361313894925;3.655916882335239
-23.875;-23.6857;6.1114361313894925;3.655916882335239
-24.875;-24.3143;6.1114361313894925;3.655916882335239
-26.0625;-25.3143;6.1114361313894925;3.655916882335239
-27.1875;-25.6857;6.1114361313894925;3.655916882335239
-27.75;-26.4857;6.1114361313894925;3.655916882335239
-27.8125;-27.1714;6.1114361313894925;3.655916882335239
-28.0;-27.8857;6.1114361313894925;3.655916882335239
-28.625;-28.6857;6.1114361313894925;3.655916882335239
-29.4375;-29.3143;6.1114361313894925;3.655916882335239
-30.125;-29.9143;6.1114361313894925;3.655916882335239
-30.4375;-30.6857;6.1114361313894925;3.655916882335239
-30.5625;-31.2857;6.1114361313894925;3.655916882335239
-30.5;-32.0571;6.1114361313894925;3.655916882335239
-30.5;-32.7429;6.1114361313894925;3.655916882335239
-30.5;-33.3429;6.1114361313894925;3.655916882335239
-31.3125;-34.0286;6.1114361313894925;3.655916882335239
-33.3125;-34.6571;6.1114361313894925;3.655916882335239
-35.875;-35.3714;6.1114361313894925;3.655916882335239
-37.875;-36.1429;6.1114361313894925;3.655916882335239
-38.875;-36.7429;6.1114361313894925;3.655916882335239
-39.4375;-37.5143;6.1114361313894925;3.655916882335239
-40.1875;-38.2857;6.1114361313894925;3.655916882335239
-40.75;-39.0;6.1114361313894925;3.655916882335239
-41.0625;-39.6286;6.1114361313894925;3.655916882335239
-41.4375;-40.4286;6.1114361313894925;3.655916882335239
-42.125;-41.0;6.1114361313894925;3.655916882335239
-43.125;-41.6;6.1114361313894925;3.655916882335239
-44.375;-42.5143;6.1114361313894925;3.655916882335239
-45.3125;-43.0571;6.1114361313894925;3.655916882335239
-45.9375;-43.8;6.1114361313894925;3.655916882335239
-46.5;-44.3143;6.1114361313894925;3.655916882335239
-47.125;-45.0857;6.1114361313894925;3.655916882335239
-47.75;-45.5714;6.1114361313894925;3.655916882335239
-48.375;-46.4286;6.1114361313894925;3.655916882335239
-48.9375;-47.0571;6.1114361313894925;3.655916882335239
-49.75;-47.9714;6.1114361313894925;3.655916882335239
-50.625;-48.5429;6.1114361313894925;3.655916882335239
-51.0;-49.2857;6.1114361313894925;3.655916882335239
-51.125;-49.6;6.1114361313894925;3.655916882335239
-51.625;-50.3143;6.1114361313894925;3.655916882335239
-52.25;-50.4857;6.1114361313894925;3.655916882335239
-52.6875;-50.9714;6.1114361313894925;3.655916882335239
-52.875;-51.9429;6.1114361313894925;3.655916882335239
-52.9375;-52.3714;6.1114361313894925;3.655916882335239
-52.9375;-53.2286;6.1114361313894925;3.655916882335239
-52.875;-53.6;6.1114361313894925;3.655916882335239
-53.125;-54.8;6.1114361313894925;3.655916882335239
-54.0;-54.8;6.1114361313894925;3.655916882335239
-55.4375;-55.7714;6.1114361313894925;3.655916882335239
-56.9375;-56.1429;6.1114361313894925;3.655916882335239
-58.125;-56.6286;6.1114361313894925;3.655916882335239
-59.0;-57.2286;6.1114361313894925;3.655916882335239
-59.5625;-57.4857;6.1114361313894925;3.655916882335239
-60.0;-58.5714;6.1114361313894925;3.655916882335239
-60.4375;-58.8;6.1114361313894925;3.655916882335239
-61.25;-59.1143;6.1114361313894925;3.655916882335239
-62.5;-60.1429;6.1114361313894925;3.655916882335239
-63.4375;-60.0286;6.1114361313894925;3.655916882335239
-63.75;-61.3143;6.1114361313894925;3.655916882335239
-63.625;-61.7143;6.1114361313894925;3.655916882335239
-63.875;-61.8286;6.1114361313894925;3.655916882335239
-64.8125;-62.9429;6.1114361313894925;3.655916882335239
-66.375;-63.2286;6.1114361313894925;3.655916882335239
-68.125;-63.4286;6.1114361313894925;3.655916882335239
-69.5;-64.3714;6.1114361313894925;3.655916882335239
-69.625;-65.0286;6.1114361313894925;3.655916882335239
-68.5625;-65.1143;6.1114361313894925;3.655916882335239
-67.8125;-65.6857;6.1114361313894925;3.655916882335239
-68.0625;-66.1714;6.1114361313894925;3.655916882335239
-68.6875;-66.6286;6.1114361313894925;3.655916882335239
-69.5;-67.3143;6.1114361313894925;3.655916882335239
-70.625;-68.0286;6.1114361313894925;3.655916882335239
-72.0625;-67.1429;6.1114361313894925;3.655916882335239
-73.3125;-68.2286;6.1114361313894925;3.655916882335239
-74.0;-69.7143;6.1114361313894925;3.655916882335239
-74.25;-69.3143;6.1114361313894925;3.655916882335239
-74.25;-70.2571;6.1114361313894925;3.655916882335239
-74.1875;-70.7714;6.1114361313894925;3.655916882335239
-73.8125;-71.0286;6.1114361313894925;3.655916882335239
-73.375;-71.5714;6.1114361313894925;3.655916882335239
-73.5625;-71.5714;6.1114361313894925;3.655916882335239
-74.0625;-73.0857;6.1114361313894925;3.655916882335239
-74.875;-73.2857;6.1114361313894925;3.655916882335239
-76.6875;-73.8286;6.1114361313894925;3.655916882335239
-79.0;-74.5429;6.1114361313894925;3.655916882335239
-80.4375;-75.7143;6.1114361313894925;3.655916882335239
-80.3125;-75.4286;6.1114361313894925;3.655916882335239
-79.3125;-75.6857;6.1114361313894925;3.655916882335239
-78.8125;-76.1714;6.1114361313894925;3.655916882335239
-79.375;-77.6;6.1114361313894925;3.655916882335239
-80.25;-77.8857;6.1114361313894925;3.655916882335239
-80.9375;-78.6;6.1114361313894925;3.655916882335239
-81.25;-78.7714;6.1114361313894925;3.655916882335239
-81.875;-78.8857;6.1114361313894925;3.655916882335239
-82.9375;-79.4571;6.1114361313894925;3.655916882335239
-83.875;-79.6286;6.1114361313894925;3.655916882335239
-84.4375;-80.9429;6.1114361313894925;3.655916882335239
-84.5625;-80.9714;6.1114361313894925;3.655916882335239
-84.4375;-81.6571;6.1114361313894925;3.655916882335239
-84.4375;-81.2;6.1114361313894925;3.655916882335239
-84.875;-82.4286;6.1114361313894925;3.655916882335239
-85.6875;-83.1714;6.1114361313894925;3.655916882335239
-86.6875;-83.1714;6.1114361313894925;3.655916882335239
-87.25;-83.3714;6.1114361313894925;3.655916882335239
-86.9375;-83.7143;6.1114361313894925;3.655916882335239
-86.3125;-84.1429;6.1114361313894925;3.655916882335239
-85.75;-84.4;6.1114361313894925;3.655916882335239
-85.5;-84.9714;6.1114361313894925;3.655916882335239
-85.4375;-85.6;6.1114361313894925;3.655916882335239
-85.4375;-86.6286;6.1114361313894925;3.655916882335239
-85.625;-86.5429;6.1114361313894925;3.655916882335239
-86.3125;-86.9143;6.1114361313894925;3.655916882335239
-87.125;-86.7714;6.1114361313894925;3.655916882335239
-87.875;-86.6286;6.1114361313894925;3.655916882335239
-88.625;-88.1714;6.1114361313894925;3.655916882335239
-89.5625;-88.2;6.1114361313894925;3.655916882335239
-90.5;-89.0571;6.1114361313894925;3.655916882335239
-91.0;-89.2;6.1114361313894925;3.655916882335239
-91.0625;-90.3429;6.1114361313894925;3.655916882335239
-91.1875;-90.5143;6.1114361313894925;3.655916882335239
-92.0;-90.6;6.1114361313894925;3.655916882335239
-93.5;-90.4571;6.1114361313894925;3.655916882335239
-94.3125;-90.4;6.1114361313894925;3.655916882335239
-94.125;-91.0857;6.1114361313894925;3.655916882335239
-93.9375;-91.4571;6.1114361313894925;3.655916882335239
-94.25;-91.6857;6.1114361313894925;3.655916882335239
-94.6875;-91.9429;6.1114361313894925;3.655916882335239
-94.9375;-92.6286;6.1114361313894925;3.655916882335239
-95.125;-92.9143;6.1114361313894925;3.655916882335239
-95.3125;-93.7714;6.1114361313894925;3.655916882335239
-95.5;-93.4571;6.1114361313894925;3.655916882335239
-95.5;-94.0857;6.1114361313894925;3.655916882335239
-95.6875;-94.2857;6.1114361313894925;3.655916882335239
-96.75;-95.2;6.1114361313894925;3.655916882335239
-98.0;-95.0857;6.1114361313894925;3.655916882335239
-98.5;-95.1429;6.1114361313894925;3.655916882335239
-98.375;-95.3143;6.1114361313894925;3.655916882335239
-98.125;-95.0857;6.1114361313894925;3.655916882335239
-97.9375;-96.4857;6.1114361313894925;3.655916882335239
-97.8125;-96.0;6.1114361313894925;3.655916882335239
-97.8125;-96.3429;6.1114361313894925;3.655916882335239
-97.8125;-97.1143;6.1114361313894925;3.655916882335239
-98.125;-97.5714;6.1114361313894925;3.655916882335239
-99.0;-97.2286;6.1114361313894925;3.655916882335239
-100.0;-98.0857;6.1114361313894925;3.655916882335239
-100.8125;-98.6286;6.1114361313894925;3.655916882335239
-101.6875;-98.7429;6.1114361313894925;3.655916882335239
-102.75;-99.7143;6.1114361313894925;3.655916882335239
-103.625;-99.7714;6.1114361313894925;3.655916882335239
-103.5625;-100.4;6.1114361313894925;3.655916882335239
-102.8125;-99.6571;6.1114361313894925;3.655916882335239
-102.8125;-101.0286;6.1114361313894925;3.655916882335239
-103.75;-100.7429;6.1114361313894925;3.655916882335239
-104.5625;-102.4;6.1114361313894925;3.655916882335239
-105.5;-101.9429;6.1114361313894925;3.655916882335239
-106.625;-102.3143;6.1114361313894925;3.655916882335239
-107.25;-102.9714;6.1114361313894925;3.655916882335239
-107.4375;-102.7143;6.1114361313894925;3.655916882335239
-107.4375;-103.1143;6.1114361313894925;3.655916882335239
-107.4375;-103.3714;6.1114361313894925;3.655916882335239
-107.625;-104.0286;6.1114361313894925;3.655916882335239
-108.0625;-104.0286;6.1114361313894925;3.655916882335239
-108.8125;-104.6286;6.1114361313894925;3.655916882335239
-109.1875;-104.9143;6.1114361313894925;3.655916882335239
-108.625;-104.7143;6.1114361313894925;3.655916882335239
-107.5;-104.9429;6.1114361313894925;3.655916882335239
-106.4375;-105.4;6.1114361313894925;3.655916882335239
-106.125;-106.0;6.1114361313894925;3.655916882335239
-107.0;-106.0286;6.1114361313894925;3.655916882335239
-108.3125;-106.7714;6.1114361313894925;3.655916882335239
-109.3125;-107.7429;6.1114361313894925;3.655916882335239
-109.75;-108.6857;6.1114361313894925;3.655916882335239
-109.875;-108.4571;6.1114361313894925;3.655916882335239
-109.8125;-108.8857;6.1114361313894925;3.655916882335239
-109.625;-108.4286;6.1114361313894925;3.655916882335239
-109.6875;-108.5714;6.1114361313894925;3.655916882335239
-110.0625;-108.7714;6.1114361313894925;3.655916882335239
-110.0625;-109.0571;6.1114361313894925;3.655916882335239
-109.875;-108.6286;6.1114361313894925;3.655916882335239
-110.0625;-110.0;6.1114361313894925;3.655916882335239
-110.25;-109.7714;6.1114361313894925;3.655916882335239
-110.3125;-109.6571;6.1114361313894925;3.655916882335239
-111.0;-110.6286;6.1114361313894925;3.655916882335239
-112.5625;-111.6571;6.1114361313894925;3.655916882335239
-114.625;-111.1429;6.1114361313894925;3.655916882335239
-116.375;-110.7143;6.1114361313894925;3.655916882335239
-117.0;-110.9429;6.1114361313894925;3.655916882335239
-116.5625;-111.8286;6.1114361313894925;3.655916882335239
-115.6875;-112.4857;6.1114361313894925;3.655916882335239
-115.0625;-113.9714;6.1114361313894925;3.655916882335239
-114.5625;-112.8857;6.1114361313894925;3.655916882335239
-114.5625;-113.0286;6.1114361313894925;3.655916882335239
-115.9375;-113.3429;6.1114361313894925;3.655916882335239
-117.375;-113.5143;6.1114361313894925;3.655916882335239
-117.5;-114.2571;6.1114361313894925;3.655916882335239
-117.125;-114.0286;6.1114361313894925;3.655916882335239
-116.9375;-113.4286;6.1114361313894925;3.655916882335239
-116.9375;-114.4;6.1114361313894925;3.655916882335239
-117.125;-114.5714;6.1114361313894925;3.655916882335239
-116.8125;-114.5714;6.1114361313894925;3.655916882335239
-115.5;-115.2857;6.1114361313894925;3.655916882335239
-113.875;-115.8286;6.1114361313894925;3.655916882335239
-112.75;-115.9714;6.1114361313894925;3.655916882335239
-112.3125;-115.0;6.1114361313894925;3.655916882335239
-112.1875;-115.4286;6.1114361313894925;3.655916882335239
-112.25;-116.2;6.1114361313894925;3.655916882335239
-112.75;-116.9429;6.1114361313894925;3.655916882335239
-114.3125;-117.0571;6.1114361313894925;3.655916882335239
-116.8125;-115.8286;6.1114361313894925;3.655916882335239
-119.0;-115.2286;6.1114361313894925;3.655916882335239
-120.1875;-116.7714;6.1114361313894925;3.655916882335239
-120.75;-117.4571;6.1114361313894925;3.655916882335239
-121.3125;-117.1714;6.1114361313894925;3.655916882335239
-121.6875;-117.4857;6.1114361313894925;3.655916882335239
-121.75;-117.4;6.1114361313894925;3.655916882335239
-121.8125;-118.0857;6.1114361313894925;3.655916882335239
-121.3125;-118.7429;6.1114361313894925;3.655916882335239
-120.5625;-118.5143;6.1114361313894925;3.655916882335239
-120.8125;-120.1429;6.1114361313894925;3.655916882335239
-121.5;-119.2857;6.1114361313894925;3.655916882335239
-121.625;-119.9143;6.1114361313894925;3.655916882335239
-121.5625;-120.2571;6.1114361313894925;3.655916882335239
-121.5;-120.5714;6.1114361313894925;3.655916882335239
-121.1875;-120.7143;6.1114361313894925;3.655916882335239
-120.875;-120.1714;6.1114361313894925;3.655916882335239
-121.25;-120.0;6.1114361313894925;3.655916882335239
-122.4375;-121.2;6.1114361313894925;3.655916882335239
-123.75;-121.1714;6.1114361313894925;3.655916882335239
-124.375;-121.1143;6.1114361313894925;3.655916882335239
-123.8125;-121.2857;6.1114361313894925;3.655916882335239
-122.6875;-121.1714;6.1114361313894925;3.655916882335239
-122.5;-122.4;6.1114361313894925;3.655916882335239
-123.1875;-122.1429;6.1114361313894925;3.655916882335239
-124.0625;-122.3143;6.1114361313894925;3.655916882335239
-124.5625;-122.2857;6.1114361313894925;3.655916882335239
-124.8125;-121.9143;6.1114361313894925;3.655916882335239
-124.875;-121.8;6.1114361313894925;3.655916882335239
-124.8125;-123.3429;6.1114361313894925;3.655916882335239
-124.5625;-122.4286;6.1114361313894925;3.655916882335239
-123.75;-123.5429;6.1114361313894925;3.655916882335239
-123.125;-123.4857;6.1114361313894925;3.655916882335239
-123.5625;-124.8857;6.1114361313894925;3.655916882335239
-124.3125;-125.2571;6.1114361313894925;3.655916882335239
-124.5;-125.1143;6.1114361313894925;3.655916882335239
-124.25;-124.8286;6.1114361313894925;3.655916882335239
-124.0625;-123.7714;6.1114361313894925;3.655916882335239
-124.125;-125.0286;6.1114361313894925;3.655916882335239
-124.625;-125.0286;6.1114361313894925;3.655916882335239
-125.0;-123.8571;6.1114361313894925;3.655916882335239
-124.875;-123.8;6.1114361313894925;3.655916882335239
-124.9375;-124.6571;6.1114361313894925;3.655916882335239
-125.4375;-125.4857;6.1114361313894925;3.655916882335239
-126.0;-124.3714;6.1114361313894925;3.655916882335239
-126.5625;-124.5429;6.1114361313894925;3.655916882335239
-126.8125;-125.2857;6.1114361313894925;3.655916882335239
-126.25;-126.5143;6.1114361313894925;3.655916882335239
-125.5625;-126.2;6.1114361313894925;3.655916882335239
-125.8125;-126.7143;6.1114361313894925;3.655916882335239
-126.9375;-125.8571;6.1114361313894925;3.655916882335239
-127.8125;-127.5714;6.1114361313894925;3.655916882335239
-128.0;-127.6286;6.1114361313894925;3.655916882335239
-127.9375;-126.9714;6.1114361313894925;3.655916882335239
-127.3125;-127.9714;6.1114361313894925;3.655916882335239
-126.5;-127.4857;6.1114361313894925;3.655916882335239
-126.3125;-127.0857;6.1114361313894925;3.655916882335239
-126.75;-127.1429;6.1114361313894925;3.655916882335239
-127.1875;-127.7429;6.1114361313894925;3.655916882335239
-127.4375;-128.6286;6.1114361313894925;3.655916882335239
-127.5625;-128.6;6.1114361313894925;3.655916882335239
-127.625;-129.7143;6.1114361313894925;3.655916882335239
-127.6875;-129.5714;6.1114361313894925;3.655916882335239
-128.125;-129.3143;6.1114361313894925;3.655916882335239
-128.8125;-128.4;6.1114361313894925;3.655916882335239
-129.375;-129.6571;6.1114361313894925;3.655916882335239
-129.625;-128.6857;6.1114361313894925;3.655916882335239
-129.25;-128.8571;6.1114361313894925;3.655916882335239
-128.25;-129.0571;6.1114361313894925;3.655916882335239
-127.375;-129.5143;6.1114361313894925;3.655916882335239
-127.625;-130.2;6.1114361313894925;3.655916882335239
-128.875;-130.2857;6.1114361313894925;3.655916882335239
-129.75;-132.2286;6.1114361313894925;3.655916882335239
-129.5;-131.8286;6.1114361313894925;3.655916882335239
-129.25;-131.3143;6.1114361313894925;3.655916882335239
-130.125;-132.0;6.1114361313894925;3.655916882335239
-131.125;-131.9714;6.1114361313894925;3.655916882335239
-131.0625;-131.1714;6.1114361313894925;3.655916882335239
-130.3125;-130.4286;6.1114361313894925;3.655916882335239
-129.5625;-130.8286;6.1114361313894925;3.655916882335239
-129.25;-130.6571;6.1114361313894925;3.655916882335239
-130.125;-130.6286;6.1114361313894925;3.655916882335239
-131.0;-131.2;6.1114361313894925;3.655916882335239
-130.75;-132.2;6.1114361313894925;3.655916882335239
-130.625;-131.6;6.1114361313894925;3.655916882335239
-131.375;-131.8857;6.1114361313894925;3.655916882335239
-132.5;-132.6286;6.1114361313894925;3.655916882335239
-133.6875;-131.6286;6.1114361313894925;3.655916882335239
-134.8125;-132.4857;6.1114361313894925;3.655916882335239
-135.5;-133.3143;6.1114361313894925;3.655916882335239
-135.6875;-132.9429;6.1114361313894925;3.655916882335239
-135.75;-133.0;6.1114361313894925;3.655916882335239
-135.625;-133.5714;6.1114361313894925;3.655916882335239
-135.5625;-133.4857;6.1114361313894925;3.655916882335239
-135.3125;-132.7143;6.1114361313894925;3.655916882335239
-134.875;-133.2286;6.1114361313894925;3.655916882335239
-134.375;-133.3143;6.1114361313894925;3.655916882335239
-133.9375;-132.8;6.1114361313894925;3.655916882335239
-133.375;-134.2571;6.1114361313894925;3.655916882335239
-132.5;-134.6286;6.1114361313894925;3.655916882335239
-132.375;-133.6286;6.1114361313894925;3.655916882335239
-133.3125;-133.9714;6.1114361313894925;3.655916882335239
-134.5;-134.7714;6.1114361313894925;3.655916882335239
-135.125;-134.9714;6.1114361313894925;3.655916882335239
-134.4375;-136.4;6.1114361313894925;3.655916882335239
-133.125;-135.8;6.1114361313894925;3.655916882335239
-132.8125;-135.4571;6.1114361313894925;3.655916882335239
-133.5625;-136.3714;6.1114361313894925;3.655916882335239
-134.5;-136.5429;6.1114361313894925;3.655916882335239
-135.3125;-136.0;6.1114361313894925;3.655916882335239
-136.375;-135.1143;6.1114361313894925;3.655916882335239
-137.8125;-136.9714;6.1114361313894925;3.655916882335239
-139.1875;-136.8571;6.1114361313894925;3.655916882335239
-139.5625;-135.8286;6.1114361313894925;3.655916882335239
-138.25;-135.8286;6.1114361313894925;3.655916882335239
-135.75;-137.2;6.1114361313894925;3.655916882335239
-134.5625;-137.8571;6.1114361313894925;3.655916882335239
-135.625;-137.2;6.1114361313894925;3.655916882335239
-137.4375;-137.8;6.1114361313894925;3.655916882335239
-138.6875;-137.0286;6.1114361313894925;3.655916882335239
-139.3125;-136.9143;6.1114361313894925;3.655916882335239
-139.375;-136.6857;6.1114361313894925;3.655916882335239
-139.25;-137.2571;6.1114361313894925;3.655916882335239
-139.0625;-136.2857;6.1114361313894925;3.655916882335239
-139.0;-136.3714;6.1114361313894925;3.655916882335239
-138.9375;-135.5143;6.1114361313894925;3.655916882335239
-138.75;-135.4286;6.1114361313894925;3.655916882335239
-137.5625;-136.8571;6.1114361313894925;3.655916882335239
-135.25;-137.1143;6.1114361313894925;3.655916882335239
-133.5;-137.0286;6.1114361313894925;3.655916882335239
-132.6875;-136.0;6.1114361313894925;3.655916882335239
-132.0625;-136.4857;6.1114361313894925;3.655916882335239
-131.3125;-135.7143;6.1114361313894925;3.655916882335239
-130.8125;-135.8571;6.1114361313894925;3.655916882335239
-131.0;-135.2571;6.1114361313894925;3.655916882335239
-131.4375;-134.5714;6.1114361313894925;3.655916882335239
-131.5;-134.3143;6.1114361313894925;3.655916882335239
-131.75;-134.1143;6.1114361313894925;3.655916882335239
-132.375;-133.8;6.1114361313894925;3.655916882335239
-133.0;-133.2;6.1114361313894925;3.655916882335239
-133.3125;-132.6857;6.1114361313894925;3.655916882335239
-133.0625;-132.2;6.1114361313894925;3.655916882335239
-132.6875;-131.5714;6.1114361313894925;3.655916882335239
-132.375;-131.7143;6.1114361313894925;3.655916882335239
-131.9375;-130.8;6.1114361313894925;3.655916882335239
-131.5625;-130.6;6.1114361313894925;3.655916882335239
-131.625;-131.7714;6.1114361313894925;3.655916882335239
-131.5;-130.0286;6.1114361313894925;3.655916882335239
-130.8125;-129.4857;6.1114361313894925;3.655916882335239
-129.8125;-130.0286;6.1114361313894925;3.655916882335239
-129.1875;-130.4286;6.1114361313894925;3.655916882335239
-129.3125;-129.8857;6.1114361313894925;3.655916882335239
-129.8125;-131.1143;6.1114361313894925;3.655916882335239
-130.25;-130.5143;6.1114361313894925;3.655916882335239
-130.5;-129.9429;6.1114361313894925;3.655916882335239
-130.5625;-128.3429;6.1114361313894925;3.655916882335239
-130.5625;-127.8286;6.1114361313894925;3.655916882335239
-130.5;-127.7143;6.1114361313894925;3.655916882335239
-130.25;-127.4571;6.1114361313894925;3.655916882335239
-129.5625;-127.2286;6.1114361313894925;3.655916882335239
-128.6875;-126.1714;6.1114361313894925;3.655916882335239
-127.5625;-126.2286;6.1114361313894925;3.655916882335239
-126.0625;-127.5429;6.1114361313894925;3.655916882335239
-124.625;-127.0;6.1114361313894925;3.655916882335239
-123.4375;-126.5143;6.1114361313894925;3.655916882335239
-122.4375;-126.6286;6.1114361313894925;3.655916882335239
-122.5;-125.8857;6.1114361313894925;3.655916882335239
-123.625;-125.9143;6.1114361313894925;3.655916882335239
-124.5;-126.2;6.1114361313894925;3.655916882335239
-124.6875;-124.2857;6.1114361313894925;3.655916882335239
-124.8125;-124.3143;6.1114361313894925;3.655916882335239
-125.1875;-123.7143;6.1114361313894925;3.655916882335239
-125.5;-123.0857;6.1114361313894925;3.655916882335239
-125.1875;-123.5714;6.1114361313894925;3.655916882335239
-124.75;-123.9714;6.1114361313894925;3.655916882335239
-124.6875;-122.7714;6.1114361313894925;3.655916882335239
-124.9375;-122.6;6.1114361313894925;3.655916882335239
-124.9375;-120.9429;6.1114361313894925;3.655916882335239
-123.9375;-120.5714;6.1114361313894925;3.655916882335239
-122.125;-122.4571;6.1114361313894925;3.655916882335239
-120.625;-121.6286;6.1114361313894925;3.655916882335239
-120.25;-121.2286;6.1114361313894925;3.655916882335239
-121.1875;-119.2;6.1114361313894925;3.655916882335239
-122.375;-119.8;6.1114361313894925;3.655916882335239
-122.75;-120.2286;6.1114361313894925;3.655916882335239
-122.5;-119.2286;6.1114361313894925;3.655916882335239
-122.125;-118.5714;6.1114361313894925;3.655916882335239
-121.875;-119.1714;6.1114361313894925;3.655916882335239
-121.75;-118.6;6.1114361313894925;3.655916882335239
-121.75;-117.7143;6.1114361313894925;3.655916882335239
-122.0;-118.1429;6.1114361313894925;3.655916882335239
-122.5625;-119.4;6.1114361313894925;3.655916882335239
-122.8125;-118.5714;6.1114361313894925;3.655916882335239
-122.3125;-117.3429;6.1114361313894925;3.655916882335239
-121.125;-117.0286;6.1114361313894925;3.655916882335239
-119.625;-117.9143;6.1114361313894925;3.655916882335239
-118.625;-116.7714;6.1114361313894925;3.655916882335239
-118.25;-115.7714;6.1114361313894925;3.655916882335239
-117.75;-115.6571;6.1114361313894925;3.655916882335239
-117.25;-115.9429;6.1114361313894925;3.655916882335239
-117.5625;-116.1143;6.1114361313894925;3.655916882335239
-118.4375;-115.4571;6.1114361313894925;3.655916882335239
-119.125;-116.0857;6.1114361313894925;3.655916882335239
-119.25;-115.5143;6.1114361313894925;3.655916882335239
-118.8125;-115.4286;6.1114361313894925;3.655916882335239
-118.25;-114.0571;6.1114361313894925;3.655916882335239
-117.875;-114.5714;6.1114361313894925;3.655916882335239
-117.5625;-113.7143;6.1114361313894925;3.655916882335239
-117.1875;-113.3714;6.1114361313894925;3.655916882335239
-116.5;-113.7429;6.1114361313894925;3.655916882335239
-115.8125;-113.0571;6.1114361313894925;3.655916882335239
-115.375;-112.8857;6.1114361313894925;3.655916882335239
-114.625;-111.1143;6.1114361313894925;3.655916882335239
-114.1875;-112.4571;6.1114361313894925;3.655916882335239
-114.625;-112.5143;6.1114361313894925;3.655916882335239
-115.0625;-111.5429;6.1114361313894925;3.655916882335239
-114.6875;-112.2286;6.1114361313894925;3.655916882335239
-113.9375;-112.1429;6.1114361313894925;3.655916882335239
-113.375;-110.9143;6.1114361313894925;3.655916882335239
-113.125;-110.4857;6.1114361313894925;3.655916882335239
-113.0625;-109.6;6.1114361313894925;3.655916882335239
-113.0625;-110.4571;6.1114361313894925;3.655916882335239
-112.8125;-110.5429;6.1114361313894925;3.655916882335239
-112.1875;-110.0857;6.1114361313894925;3.655916882335239
-111.5;-110.2286;6.1114361313894925;3.655916882335239
-111.125;-109.6286;6.1114361313894925;3.655916882335239
-111.1875;-109.8286;6.1114361313894925;3.655916882335239
-111.5625;-109.2286;6.1114361313894925;3.655916882335239
-111.6875;-109.0857;6.1114361313894925;3.655916882335239
-111.625;-109.2857;6.1114361313894925;3.655916882335239
-111.9375;-108.7429;6.1114361313894925;3.655916882335239
-112.625;-107.8857;6.1114361313894925;3.655916882335239
-112.8125;-107.9714;6.1114361313894925;3.655916882335239
-112.0;-107.7429;6.1114361313894925;3.655916882335239
-110.4375;-107.2571;6.1114361313894925;3.655916882335239
-108.9375;-106.4857;6.1114361313894925;3.655916882335239
-108.5;-105.7143;6.1114361313894925;3.655916882335239
-109.1875;-106.5429;6.1114361313894925;3.655916882335239
-109.6875;-107.8571;6.1114361313894925;3.655916882335239
-109.5625;-108.3143;6.1114361313894925;3.655916882335239
-109.0;-106.6;6.1114361313894925;3.655916882335239
-108.3125;-104.8;6.1114361313894925;3.655916882335239
-108.0;-105.2;6.1114361313894925;3.655916882335239
-108.5;-105.3714;6.1114361313894925;3.655916882335239
-109.0625;-105.1429;6.1114361313894925;3.655916882335239
-108.9375;-104.8857;6.1114361313894925;3.655916882335239
-108.3125;-104.6286;6.1114361313894925;3.655916882335239
-107.5625;-105.5714;6.1114361313894925;3.655916882335239
-106.5;-104.8571;6.1114361313894925;3.655916882335239
-105.5;-103.7143;6.1114361313894925;3.655916882335239
-104.9375;-104.8286;6.1114361313894925;3.655916882335239
-104.75;-104.6286;6.1114361313894925;3.655916882335239
-104.75;-104.0571;6.1114361313894925;3.655916882335239
-104.8125;-104.2571;6.1114361313894925;3.655916882335239
-104.9375;-104.3429;6.1114361313894925;3.655916882335239
-105.1875;-104.2;6.1114361313894925;3.655916882335239
-105.375;-102.8571;6.1114361313894925;3.655916882335239
-105.1875;-103.3429;6.1114361313894925;3.655916882335239
-105.0625;-101.8571;6.1114361313894925;3.655916882335239
-105.25;-101.5714;6.1114361313894925;3.655916882335239
-105.625;-101.6286;6.1114361313894925;3.655916882335239
-105.5625;-102.1429;6.1114361313894925;3.655916882335239
-105.1875;-102.1429;6.1114361313894925;3.655916882335239
-105.0;-101.8857;6.1114361313894925;3.655916882335239
-104.9375;-100.6571;6.1114361313894925;3.655916882335239
-104.625;-100.0;6.1114361313894925;3.655916882335239
-103.625;-100.2;6.1114361313894925;3.655916882335239
-102.5625;-101.0;6.1114361313894925;3.655916882335239
-102.0;-100.0;6.1114361313894925;3.655916882335239
-101.9375;-99.4286;6.1114361313894925;3.655916882335239
-101.75;-100.6;6.1114361313894925;3.655916882335239
-101.3125;-99.8;6.1114361313894925;3.655916882335239
-100.875;-99.6;6.1114361313894925;3.655916882335239
-100.625;-100.1429;6.1114361313894925;3.655916882335239
-100.875;-100.0571;6.1114361313894925;3.655916882335239
-101.625;-99.3429;6.1114361313894925;3.655916882335239
-102.0;-98.3143;6.1114361313894925;3.655916882335239
-101.6875;-98.8;6.1114361313894925;3.655916882335239
-101.1875;-98.9714;6.1114361313894925;3.655916882335239
-101.0;-98.3714;6.1114361313894925;3.655916882335239
-101.3125;-97.5143;6.1114361313894925;3.655916882335239
-102.0;-98.1429;6.1114361313894925;3.655916882335239
-102.4375;-97.2571;6.1114361313894925;3.655916882335239
-102.6875;-97.0286;6.1114361313894925;3.655916882335239
-102.75;-96.5714;6.1114361313894925;3.655916882335239
-102.75;-95.8;6.1114361313894925;3.655916882335239
-102.8125;-96.8857;6.1114361313894925;3.655916882335239
-102.5;-97.0571;6.1114361313894925;3.655916882335239
-101.4375;-96.7143;6.1114361313894925;3.655916882335239
-100.625;-95.8;6.1114361313894925;3.655916882335239
-100.75;-94.8286;6.1114361313894925;3.655916882335239
-101.375;-95.1429;6.1114361313894925;3.655916882335239
-101.75;-96.3143;6.1114361313894925;3.655916882335239
-100.9375;-95.8286;6.1114361313894925;3.655916882335239
-99.0625;-95.2286;6.1114361313894925;3.655916882335239
-97.5;-95.2571;6.1114361313894925;3.655916882335239
-97.3125;-95.6286;6.1114361313894925;3.655916882335239
-97.9375;-95.5143;6.1114361313894925;3.655916882335239
-98.75;-95.4857;6.1114361313894925;3.655916882335239
-99.1875;-94.2286;6.1114361313894925;3.655916882335239
-99.125;-93.8;6.1114361313894925;3.655916882335239
-98.375;-94.3429;6.1114361313894925;3.655916882335239
-97.375;-94.0;6.1114361313894925;3.655916882335239
-96.9375;-94.2;6.1114361313894925;3.655916882335239
-96.875;-93.6571;6.1114361313894925;3.655916882335239
-96.8125;-93.6;6.1114361313894925;3.655916882335239
-96.4375;-93.1429;6.1114361313894925;3.655916882335239
-95.6875;-93.3429;6.1114361313894925;3.655916882335239
-95.0625;-92.8857;6.1114361313894925;3.655916882335239
-94.5;-92.5143;6.1114361313894925;3.655916882335239
-93.5;-92.6;6.1114361313894925;3.655916882335239
-93.0625;-92.6857;6.1114361313894925;3.655916882335239
-93.625;-92.7143;6.1114361313894925;3.655916882335239
-94.375;-92.3143;6.1114361313894925;3.655916882335239
-94.9375;-92.3714;6.1114361313894925;3.655916882335239
-95.25;-91.9143;6.1114361313894925;3.655916882335239
-95.3125;-91.1429;6.1114361313894925;3.655916882335239
-95.25;-91.3714;6.1114361313894925;3.655916882335239
-94.9375;-91.1429;6.1114361313894925;3.655916882335239
-94.1875;-90.6;6.1114361313894925;3.655916882335239
-93.375;-90.5143;6.1114361313894925;3.655916882335239
-93.0625;-90.0857;6.1114361313894925;3.655916882335239
-92.875;-90.2;6.1114361313894925;3.655916882335239
-92.375;-90.4;6.1114361313894925;3.655916882335239
-92.0;-89.8857;6.1114361313894925;3.655916882335239
-91.75;-89.6571;6.1114361313894925;3.655916882335239
-91.875;-90.3429;6.1114361313894925;3.655916882335239
-92.3125;-89.6571;6.1114361313894925;3.655916882335239
-92.6875;-88.8286;6.1114361313894925;3.655916882335239
-92.625;-89.3429;6.1114361313894925;3.655916882335239
-92.0;-88.8857;6.1114361313894925;3.655916882335239
-91.0625;-88.6571;6.1114361313894925;3.655916882335239
-90.5;-88.7143;6.1114361313894925;3.655916882335239
-90.4375;-88.1143;6.1114361313894925;3.655916882335239
-90.375;-88.4571;6.1114361313894925;3.655916882335239
-89.4375;-88.7714;6.1114361313894925;3.655916882335239
-88.5;-89.2571;6.1114361313894925;3.655916882335239
-88.5;-87.8286;6.1114361313894925;3.655916882335239
-89.0;-87.8857;6.1114361313894925;3.655916882335239
-89.4375;-87.7143;6.1114361313894925;3.655916882335239
-89.75;-87.7714;6.1114361313894925;3.655916882335239
-89.5;-88.2571;6.1114361313894925;3.655916882335239
-88.9375;-87.9429;6.1114361313894925;3.655916882335239
-89.0;-87.5429;6.1114361313894925;3.655916882335239
-89.4375;-87.2;6.1114361313894925;3.655916882335239
-89.75;-86.6;6.1114361313894925;3.655916882335239
-89.8125;-86.3714;6.1114361313894925;3.655916882335239
-89.875;-86.4286;6.1114361313894925;3.655916882335239
-89.8125;-86.4571;6.1114361313894925;3.655916882335239
-89.8125;-86.7429;6.1114361313894925;3.655916882335239
-89.875;-86.7714;6.1114361313894925;3.655916882335239
-89.875;-86.0571;6.1114361313894925;3.655916882335239
-89.25;-86.0857;6.1114361313894925;3.655916882335239
-88.125;-85.8857;6.1114361313894925;3.655916882335239
-87.5625;-85.6857;6.1114361313894925;3.655916882335239
-87.75;-85.5143;6.1114361313894925;3.655916882335239
-88.1875;-84.5714;6.1114361313894925;3.655916882335239
-88.125;-84.8857;6.1114361313894925;3.655916882335239
-87.625;-84.7714;6.1114361313894925;3.655916882335239
-87.3125;-84.8286;6.1114361313894925;3.655916882335239
-87.25;-84.2571;6.1114361313894925;3.655916882335239
-87.0;-84.8857;6.1114361313894925;3.655916882335239
-86.625;-84.1143;6.1114361313894925;3.655916882335239
-86.625;-83.8286;6.1114361313894925;3.655916882335239
-86.9375;-83.8857;6.1114361313894925;3.655916882335239
-86.8125;-84.3143;6.1114361313894925;3.655916882335239
-86.125;-84.1143;6.1114361313894925;3.655916882335239
-85.3125;-83.4;6.1114361313894925;3.655916882335239
-84.8125;-83.3714;6.1114361313894925;3.655916882335239
-85.0;-83.0571;6.1114361313894925;3.655916882335239
-85.5625;-83.3143;6.1114361313894925;3.655916882335239
-85.625;-82.8857;6.1114361313894925;3.655916882335239
-85.1875;-82.9429;6.1114361313894925;3.655916882335239
-85.0625;-82.8286;6.1114361313894925;3.655916882335239
-85.5;-82.8571;6.1114361313894925;3.655916882335239
-85.5;-81.8286;6.1114361313894925;3.655916882335239
-84.5;-80.8571;6.1114361313894925;3.655916882335239
-83.3125;-81.3429;6.1114361313894925;3.655916882335239
-82.5;-81.5714;6.1114361313894925;3.655916882335239
-82.1875;-82.3143;6.1114361313894925;3.655916882335239
-82.0625;-82.1143;6.1114361313894925;3.655916882335239
-82.125;-81.9429;6.1114361313894925;3.655916882335239
-82.25;-80.8857;6.1114361313894925;3.655916882335239
-82.4375;-81.1143;6.1114361313894925;3.655916882335239
-82.6875;-81.1143;6.1114361313894925;3.655916882335239
-82.875;-82.0571;6.1114361313894925;3.655916882335239
-83.0625;-81.3714;6.1114361313894925;3.655916882335239
-83.4375;-79.6;6.1114361313894925;3.655916882335239
-83.9375;-80.5143;6.1114361313894925;3.655916882335239
-84.4375;-80.2571;6.1114361313894925;3.655916882335239
-84.375;-80.4286;6.1114361313894925;3.655916882335239
-83.625;-79.2286;6.1114361313894925;3.655916882335239
-82.375;-79.0857;6.1114361313894925;3.655916882335239
-81.5;-77.8;6.1114361313894925;3.655916882335239
-81.5625;-79.1429;6.1114361313894925;3.655916882335239
-82.1875;-79.9714;6.1114361313894925;3.655916882335239
-82.8125;-79.2571;6.1114361313894925;3.655916882335239
-82.9375;-78.6571;6.1114361313894925;3.655916882335239
-82.5625;-78.9429;6.1114361313894925;3.655916882335239
-81.875;-78.1143;6.1114361313894925;3.655916882335239
-81.25;-78.7714;6.1114361313894925;3.655916882335239
-80.875;-77.8286;6.1114361313894925;3.655916882335239
-80.4375;-77.8857;6.1114361313894925;3.655916882335239
-79.625;-77.8286;6.1114361313894925;3.655916882335239
-79.5;-78.0;6.1114361313894925;3.655916882335239
-80.25;-77.5714;6.1114361313894925;3.655916882335239
-81.125;-77.8857;6.1114361313894925;3.655916882335239
-81.625;-77.5429;6.1114361313894925;3.655916882335239
-81.625;-76.1143;6.1114361313894925;3.655916882335239
-81.5625;-76.7714;6.1114361313894925;3.655916882335239
-81.5;-77.2857;6.1114361313894925;3.655916882335239
-81.4375;-77.4;6.1114361313894925;3.655916882335239
-81.375;-76.3429;6.1114361313894925;3.655916882335239
-81.375;-76.1714;6.1114361313894925;3.655916882335239
-81.375;-76.9143;6.1114361313894925;3.655916882335239
-81.0;-77.2571;6.1114361313894925;3.655916882335239
-80.1875;-76.7714;6.1114361313894925;3.655916882335239
-79.5;-76.0571;6.1114361313894925;3.655916882335239
-79.1875;-75.5714;6.1114361313894925;3.655916882335239
-79.0;-75.5429;6.1114361313894925;3.655916882335239
-79.0625;-75.6;6.1114361313894925;3.655916882335239
-79.5;-74.1429;6.1114361313894925;3.655916882335239
-79.6875;-74.6857;6.1114361313894925;3.655916882335239
-78.75;-74.6286;6.1114361313894925;3.655916882335239
-77.1875;-74.6571;6.1114361313894925;3.655916882335239
-76.1875;-73.6;6.1114361313894925;3.655916882335239
-76.1875;-73.9714;6.1114361313894925;3.655916882335239
-76.3125;-74.8571;6.1114361313894925;3.655916882335239
-76.0;-74.7714;6.1114361313894925;3.655916882335239
-75.625;-74.1429;6.1114361313894925;3.655916882335239
-75.625;-73.4571;6.1114361313894925;3.655916882335239
-76.0;-73.8571;6.1114361313894925;3.655916882335239
-76.75;-73.6286;6.1114361313894925;3.655916882335239
-77.875;-73.4857;6.1114361313894925;3.655916882335239
-78.625;-73.4;6.1114361313894925;3.655916882335239
-78.25;-73.4;6.1114361313894925;3.655916882335239
-76.8125;-73.1714;6.1114361313894925;3.655916882335239
-75.5625;-73.4;6.1114361313894925;3.655916882335239
-75.4375;-73.3429;6.1114361313894925;3.655916882335239
-75.6875;-73.1714;6.1114361313894925;3.655916882335239
-75.4375;-73.6286;6.1114361313894925;3.655916882335239
-74.9375;-72.8571;6.1114361313894925;3.655916882335239
-74.5625;-72.4857;6.1114361313894925;3.655916882335239
-74.3125;-72.3714;6.1114361313894925;3.655916882335239
-74.25;-72.0571;6.1114361313894925;3.655916882335239
-74.25;-71.4857;6.1114361313894925;3.655916882335239
-74.625;-71.0571;6.1114361313894925;3.655916882335239
-75.3125;-71.9714;6.1114361313894925;3.655916882335239
-75.6875;-71.9429;6.1114361313894925;3.655916882335239
-75.375;-71.0857;6.1114361313894925;3.655916882335239
-74.6875;-71.4571;6.1114361313894925;3.655916882335239
-74.25;-71.5143;6.1114361313894925;3.655916882335239
-74.1875;-71.0571;6.1114361313894925;3.655916882335239
-74.0;-70.6571;6.1114361313894925;3.655916882335239
-73.8125;-71.0286;6.1114361313894925;3.655916882335239
-73.9375;-71.0571;6.1114361313894925;3.655916882335239
-74.25;-70.7429;6.1114361313894925;3.655916882335239
-74.3125;-70.2857;6.1114361313894925;3.655916882335239
-73.75;-70.3143;6.1114361313894925;3.655916882335239
-73.0;-70.3714;6.1114361313894925;3.655916882335239
-72.6875;-69.9429;6.1114361313894925;3.655916882335239
-72.5;-69.1143;6.1114361313894925;3.655916882335239
-72.375;-70.0;6.1114361313894925;3.655916882335239
-72.4375;-70.2;6.1114361313894925;3.655916882335239
-72.625;-69.2857;6.1114361313894925;3.655916882335239
-72.75;-68.7714;6.1114361313894925;3.655916882335239
-72.9375;-69.0571;6.1114361313894925;3.655916882335239
-73.375;-69.1429;6.1114361313894925;3.655916882335239
-73.8125;-69.1429;6.1114361313894925;3.655916882335239
-74.0;-68.9714;6.1114361313894925;3.655916882335239
-73.4375;-69.1429;6.1114361313894925;3.655916882335239
-72.4375;-68.2286;6.1114361313894925;3.655916882335239
-71.75;-68.9714;6.1114361313894925;3.655916882335239
-71.5625;-68.0857;6.1114361313894925;3.655916882335239
-71.625;-67.5714;6.1114361313894925;3.655916882335239
-71.6875;-68.6857;6.1114361313894925;3.655916882335239
-71.8125;-68.6571;6.1114361313894925;3.655916882335239
-71.875;-68.2857;6.1114361313894925;3.655916882335239
-71.6875;-67.4286;6.1114361313894925;3.655916882335239
-71.4375;-67.9714;6.1114361313894925;3.655916882335239
-71.3125;-67.9429;6.1114361313894925;3.655916882335239
-71.3125;-67.2;6.1114361313894925;3.655916882335239
-71.1875;-67.0;6.1114361313894925;3.655916882335239
-70.875;-67.2571;6.1114361313894925;3.655916882335239
-70.625;-66.7143;6.1114361313894925;3.655916882335239
-70.4375;-66.6857;6.1114361313894925;3.655916882335239
-70.1875;-66.6;6.1114361313894925;3.655916882335239
-69.9375;-65.9143;6.1114361313894925;3.655916882335239
-69.6875;-66.2;6.1114361313894925;3.655916882335239
-69.5625;-66.6857;6.1114361313894925;3.655916882335239
-69.4375;-66.3143;6.1114361313894925;3.655916882335239
-69.125;-65.8857;6.1114361313894925;3.655916882335239
-69.0;-66.6286;6.1114361313894925;3.655916882335239
-68.9375;-66.3143;6.1114361313894925;3.655916882335239
-68.75;-65.5143;6.1114361313894925;3.655916882335239
-68.375;-65.2286;6.1114361313894925;3.655916882335239
-67.875;-65.5143;6.1114361313894925;3.655916882335239
-67.75;-64.6;6.1114361313894925;3.655916882335239
-67.75;-65.1429;6.1114361313894925;3.655916882335239
-67.625;-65.2;6.1114361313894925;3.655916882335239
-67.625;-64.6;6.1114361313894925;3.655916882335239
-68.1875;-65.1429;6.1114361313894925;3.655916882335239
-68.625;-64.9429;6.1114361313894925;3.655916882335239
-68.3125;-64.2286;6.1114361313894925;3.655916882335239
-67.5;-64.6286;6.1114361313894925;3.655916882335239
-66.8125;-65.0;6.1114361313894925;3.655916882335239
-66.4375;-64.4;6.1114361313894925;3.655916882335239
-66.3125;-64.5429;6.1114361313894925;3.655916882335239
-66.375;-64.4286;6.1114361313894925;3.655916882335239
-66.375;-64.0857;6.1114361313894925;3.655916882335239
-66.5625;-64.1714;6.1114361313894925;3.655916882335239
-66.75;-63.6;6.1114361313894925;3.655916882335239
-66.6875;-63.0;6.1114361313894925;3.655916882335239
-66.5625;-63.3143;6.1114361313894925;3.655916882335239
-66.375;-63.4286;6.1114361313894925;3.655916882335239
-65.6875;-63.2286;6.1114361313894925;3.655916882335239
-64.5625;-63.4;6.1114361313894925;3.655916882335239
-64.25;-62.8571;6.1114361313894925;3.655916882335239
-65.0625;-62.5714;6.1114361313894925;3.655916882335239
-65.5625;-63.5429;6.1114361313894925;3.655916882335239
-65.6875;-63.2286;6.1114361313894925;3.655916882335239
-65.6875;-62.9429;6.1114361313894925;3.655916882335239
-65.5;-62.9143;6.1114361313894925;3.655916882335239
-65.0;-62.5429;6.1114361313894925;3.655916882335239
-64.5;-62.4857;6.1114361313894925;3.655916882335239
-64.375;-62.6571;6.1114361313894925;3.655916882335239
-64.5;-61.9143;6.1114361313894925;3.655916882335239
-64.5625;-61.8286;6.1114361313894925;3.655916882335239
-64.625;-62.0;6.1114361313894925;3.655916882335239
-65.0625;-61.2286;6.1114361313894925;3.655916882335239
-65.5;-61.7429;6.1114361313894925;3.655916882335239
-65.4375;-61.6571;6.1114361313894925;3.655916882335239
-64.8125;-61.2857;6.1114361313894925;3.655916882335239
-64.25;-61.2286;6.1114361313894925;3.655916882335239
-64.1875;-60.7714;6.1114361313894925;3.655916882335239
-64.3125;-60.5143;6.1114361313894925;3.655916882335239
-64.25;-61.3143;6.1114361313894925;3.655916882335239
-64.0625;-60.5429;6.1114361313894925;3.655916882335239
-63.9375;-61.0571;6.1114361313894925;3.655916882335239
-63.875;-60.9714;6.1114361313894925;3.655916882335239
-63.875;-60.1714;6.1114361313894925;3.655916882335239
-63.875;-60.8286;6.1114361313894925;3.655916882335239
-63.625;-60.3143;6.1114361313894925;3.655916882335239
-62.875;-59.7429;6.1114361313894925;3.655916882335239
-62.0;-60.5143;6.1114361313894925;3.655916882335239
-61.625;-60.0286;6.1114361313894925;3.655916882335239
-62.0;-59.8286;6.1114361313894925;3.655916882335239
-62.625;-59.9429;6.1114361313894925;3.655916882335239
-63.0625;-59.8857;6.1114361313894925;3.655916882335239
-63.25;-59.7714;6.1114361313894925;3.655916882335239
-63.125;-59.7143;6.1114361313894925;3.655916882335239
-62.8125;-59.1143;6.1114361313894925;3.655916882335239
-62.3125;-59.6286;6.1114361313894925;3.655916882335239
-61.625;-58.9429;6.1114361313894925;3.655916882335239
-60.9375;-59.2571;6.1114361313894925;3.655916882335239
-60.4375;-59.2286;6.1114361313894925;3.655916882335239
-60.5625;-58.6857;6.1114361313894925;3.655916882335239
-61.0625;-58.9429;6.1114361313894925;3.655916882335239
-61.5;-58.6286;6.1114361313894925;3.655916882335239
-62.0625;-58.7143;6.1114361313894925;3.655916882335239
-62.3125;-58.6571;6.1114361313894925;3.655916882335239
-62.25;-58.2571;6.1114361313894925;3.655916882335239
-62.125;-58.6571;6.1114361313894925;3.655916882335239
-61.5625;-58.0286;6.1114361313894925;3.655916882335239
-60.5625;-58.0;6.1114361313894925;3.655916882335239
-59.8125;-58.0571;6.1114361313894925;3.655916882335239
-59.5;-57.6286;6.1114361313894925;3.655916882335239
-59.5;-58.0286;6.1114361313894925;3.655916882335239
-59.875;-57.6286;6.1114361313894925;3.655916882335239
-60.25;-57.8857;6.1114361313894925;3.655916882335239
-60.5625;-57.5143;6.1114361313894925;3.655916882335239
-60.6875;-57.3429;6.1114361313894925;3.655916882335239
-60.75;-57.3714;6.1114361313894925;3.655916882335239
-60.6875;-57.2;6.1114361313894925;3.655916882335239
-60.6875;-57.2571;6.1114361313894925;3.655916882335239
-60.5625;-57.2286;6.1114361313894925;3.655916882335239
-60.1875;-56.8857;6.1114361313894925;3.655916882335239
-59.375;-57.1429;6.1114361313894925;3.655916882335239
-58.4375;-56.6571;6.1114361313894925;3.655916882335239
-58.125;-56.2857;6.1114361313894925;3.655916882335239
-58.5625;-56.5714;6.1114361313894925;3.655916882335239
-59.25;-56.2857;6.1114361313894925;3.655916882335239
-59.4375;-56.6;6.1114361313894925;3.655916882335239
-59.125;-56.1143;6.1114361313894925;3.655916882335239
-58.75;-56.0571;6.1114361313894925;3.655916882335239
-58.5;-56.0;6.1114361313894925;3.655916882335239
-58.3125;-55.5714;6.1114361313894925;3.655916882335239
-58.25;-55.9143;6.1114361313894925;3.655916882335239
-58.3125;-55.5143;6.1114361313894925;3.655916882335239
-58.1875;-55.9143;6.1114361313894925;3.655916882335239
-57.3125;-55.6;6.1114361313894925;3.655916882335239
-56.25;-55.4571;6.1114361313894925;3.655916882335239
-55.4375;-55.3429;6.1114361313894925;3.655916882335239
-55.375;-55.1429;6.1114361313894925;3.655916882335239
-55.75;-55.1714;6.1114361313894925;3.655916882335239
-56.125;-54.4857;6.1114361313894925;3.655916882335239
-56.1875;-54.7714;6.1114361313894925;3.655916882335239
-55.875;-54.7143;6.1114361313894925;3.655916882335239
-55.875;-54.8857;6.1114361313894925;3.655916882335239
-56.3125;-54.9714;6.1114361313894925;3.655916882335239
-56.5;-54.5714;6.1114361313894925;3.655916882335239
-56.3125;-54.6286;6.1114361313894925;3.655916882335239
-56.0625;-54.0571;6.1114361313894925;3.655916882335239
-55.875;-54.4;6.1114361313894925;3.655916882335239
-55.8125;-54.2;6.1114361313894925;3.655916882335239
-55.8125;-54.1714;6.1114361313894925;3.655916882335239
-55.8125;-53.7714;6.1114361313894925;3.655916882335239
-55.75;-53.6857;6.1114361313894925;3.655916882335239
-55.375;-53.5429;6.1114361313894925;3.655916882335239
-54.8125;-53.0857;6.1114361313894925;3.655916882335239
-55.0;-53.4;6.1114361313894925;3.655916882335239
-55.8125;-52.9429;6.1114361313894925;3.655916882335239
-56.25;-53.4;6.1114361313894925;3.655916882335239
-56.125;-52.8571;6.1114361313894925;3.655916882335239
-55.75;-53.3429;6.1114361313894925;3.655916882335239
-55.125;-53.0286;6.1114361313894925;3.655916882335239
-54.5;-52.6857;6.1114361313894925;3.655916882335239
-54.25;-52.8857;6.1114361313894925;3.655916882335239
-54.3125;-52.5429;6.1114361313894925;3.655916882335239
-54.5;-52.8286;6.1114361313894925;3.655916882335239
-54.8125;-52.4;6.1114361313894925;3.655916882335239
-54.9375;-52.4;6.1114361313894925;3.655916882335239
-54.5625;-52.1143;6.1114361313894925;3.655916882335239
-53.75;-52.3143;6.1114361313894925;3.655916882335239
-53.125;-52.0857;6.1114361313894925;3.655916882335239
-53.3125;-52.1143;6.1114361313894925;3.655916882335239
-54.25;-51.9143;6.1114361313894925;3.655916882335239
-54.9375;-51.5143;6.1114361313894925;3.655916882335239
-54.875;-51.8286;6.1114361313894925;3.655916882335239
-53.875;-51.3429;6.1114361313894925;3.655916882335239
-52.8125;-51.8857;6.1114361313894925;3.655916882335239
-52.6875;-51.2286;6.1114361313894925;3.655916882335239
-53.125;-51.0286;6.1114361313894925;3.655916882335239
-53.625;-50.7429;6.1114361313894925;3.655916882335239
-54.0;-51.1143;6.1114361313894925;3.655916882335239
-54.125;-51.2571;6.1114361313894925;3.655916882335239
-54.1875;-51.2;6.1114361313894925;3.655916882335239
-54.1875;-51.0857;6.1114361313894925;3.655916882335239
-54.3125;-50.8857;6.1114361313894925;3.655916882335239
-54.4375;-51.0;6.1114361313894925;3.655916882335239
-53.875;-50.6571;6.1114361313894925;3.655916882335239
-52.75;-50.8;6.1114361313894925;3.655916882335239
-51.9375;-50.4857;6.1114361313894925;3.655916882335239
-51.6875;-50.4;6.1114361313894925;3.655916882335239
-51.9375;-49.8;6.1114361313894925;3.655916882335239
-52.4375;-49.9714;6.1114361313894925;3.655916882335239
-53.0;-49.6;6.1114361313894925;3.655916882335239
-53.1875;-49.4;6.1114361313894925;3.655916882335239
-52.8125;-49.3143;6.1114361313894925;3.655916882335239
-52.25;-49.5714;6.1114361313894925;3.655916882335239
-51.75;-49.6;6.1114361313894925;3.655916882335239
-51.375;-49.6857;6.1114361313894925;3.655916882335239
-50.75;-49.3429;6.1114361313894925;3.655916882335239
-50.0625;-49.3143;6.1114361313894925;3.655916882335239
-50.0625;-49.2286;6.1114361313894925;3.655916882335239
-50.3125;-49.1143;6.1114361313894925;3.655916882335239
-50.375;-48.5429;6.1114361313894925;3.655916882335239
-50.3125;-49.0;6.1114361313894925;3.655916882335239
-49.9375;-49.0571;6.1114361313894925;3.655916882335239
-49.5625;-48.7714;6.1114361313894925;3.655916882335239
-49.625;-48.6571;6.1114361313894925;3.655916882335239
-50.125;-48.5429;6.1114361313894925;3.655916882335239
-50.4375;-48.3143;6.1114361313894925;3.655916882335239
-49.9375;-48.5143;6.1114361313894925;3.655916882335239
-49.3125;-48.4;6.1114361313894925;3.655916882335239
-48.9375;-48.0857;6.1114361313894925;3.655916882335239
-48.8125;-47.6286;6.1114361313894925;3.655916882335239
-48.8125;-47.8286;6.1114361313894925;3.655916882335239
-48.8125;-47.8571;6.1114361313894925;3.655916882335239
-48.875;-47.8857;6.1114361313894925;3.655916882335239
-49.125;-47.7429;6.1114361313894925;3.655916882335239
-49.5;-47.7143;6.1114361313894925;3.655916882335239
-49.5;-47.4857;6.1114361313894925;3.655916882335239
-49.5625;-47.4571;6.1114361313894925;3.655916882335239
-49.75;-47.2857;6.1114361313894925;3.655916882335239
-49.8125;-47.1714;6.1114361313894925;3.655916882335239
-49.5;-47.0;6.1114361313894925;3.655916882335239
-49.0625;-47.1429;6.1114361313894925;3.655916882335239
-48.5625;-46.9714;6.1114361313894925;3.655916882335239
-48.0;-47.0857;6.1114361313894925;3.655916882335239
-47.75;-46.8286;6.1114361313894925;3.655916882335239
-47.9375;-46.8857;6.1114361313894925;3.655916882335239
-48.25;-46.3714;6.1114361313894925;3.655916882335239
-48.5625;-46.5714;6.1114361313894925;3.655916882335239
-48.6875;-46.6571;6.1114361313894925;3.655916882335239
-48.4375;-46.5143;6.1114361313894925;3.655916882335239
-48.1875;-46.4;6.1114361313894925;3.655916882335239
-48.3125;-46.1429;6.1114361313894925;3.655916882335239
-48.625;-45.9714;6.1114361313894925;3.655916882335239
-48.875;-46.3714;6.1114361313894925;3.655916882335239
-48.8125;-45.8571;6.1114361313894925;3.655916882335239
-48.3125;-45.7429;6.1114361313894925;3.655916882335239
-47.9375;-45.8;6.1114361313894925;3.655916882335239
-47.75;-45.8;6.1114361313894925;3.655916882335239
-47.4375;-45.7143;6.1114361313894925;3.655916882335239
-47.125;-45.9143;6.1114361313894925;3.655916882335239
-47.125;-45.4286;6.1114361313894925;3.655916882335239
-47.3125;-45.3714;6.1114361313894925;3.655916882335239
-47.5;-44.9143;6.1114361313894925;3.655916882335239
-47.5625;-44.9429;6.1114361313894925;3.655916882335239
-47.625;-44.7429;6.1114361313894925;3.655916882335239
-47.625;-44.6857;6.1114361313894925;3.655916882335239
-47.625;-44.7429;6.1114361313894925;3.655916882335239
-47.4375;-44.6286;6.1114361313894925;3.655916882335239
-47.1875;-44.4857;6.1114361313894925;3.655916882335239
-47.0;-44.6;6.1114361313894925;3.655916882335239
-46.8125;-44.5429;6.1114361313894925;3.655916882335239
-46.5625;-44.5714;6.1114361313894925;3.655916882335239
-46.3125;-44.6;6.1114361313894925;3.655916882335239
-45.875;-44.3714;6.1114361313894925;3.655916882335239
-45.375;-44.5143;6.1114361313894925;3.655916882335239
-44.875;-44.4286;6.1114361313894925;3.655916882335239
-44.75;-44.3714;6.1114361313894925;3.655916882335239
-44.875;-43.7429;6.1114361313894925;3.655916882335239
-44.6875;-43.7143;6.1114361313894925;3.655916882335239
-44.375;-43.8;6.1114361313894925;3.655916882335239
-44.4375;-43.8571;6.1114361313894925;3.655916882335239
-45.0;-43.6286;6.1114361313894925;3.655916882335239
-45.5;-43.5714;6.1114361313894925;3.655916882335239
-45.6875;-43.3429;6.1114361313894925;3.655916882335239
-45.4375;-43.2571;6.1114361313894925;3.655916882335239
-44.9375;-43.4286;6.1114361313894925;3.655916882335239
-44.75;-43.1714;6.1114361313894925;3.655916882335239
-44.9375;-43.2571;6.1114361313894925;3.655916882335239
-45.25;-43.0286;6.1114361313894925;3.655916882335239
-45.5;-42.8286;6.1114361313894925;3.655916882335239
-45.25;-42.7143;6.1114361313894925;3.655916882335239
-44.375;-42.4571;6.1114361313894925;3.655916882335239
-43.3125;-42.1714;6.1114361313894925;3.655916882335239
-42.5;-42.2;6.1114361313894925;3.655916882335239
-42.0625;-42.2;6.1114361313894925;3.655916882335239
-41.9375;-42.0286;6.1114361313894925;3.655916882335239
-41.9375;-42.1714;6.1114361313894925;3.655916882335239
-42.0;-41.8286;6.1114361313894925;3.655916882335239
-42.1875;-41.8286;6.1114361313894925;3.655916882335239
-42.5;-41.7429;6.1114361313894925;3.655916882335239
-42.625;-41.8571;6.1114361313894925;3.655916882335239
-42.5625;-41.8;6.1114361313894925;3.655916882335239
-42.6875;-41.4;6.1114361313894925;3.655916882335239
-43.125;-41.5143;6.1114361313894925;3.655916882335239
-43.375;-41.2571;6.1114361313894925;3.655916882335239
-43.375;-41.3143;6.1114361313894925;3.655916882335239
-43.1875;-41.2;6.1114361313894925;3.655916882335239
-43.3125;-41.4286;6.1114361313894925;3.655916882335239
-43.5;-41.2857;6.1114361313894925;3.655916882335239
-43.375;-41.3714;6.1114361313894925;3.655916882335239
-42.8125;-41.1143;6.1114361313894925;3.655916882335239
-42.125;-41.0571;6.1114361313894925;3.655916882335239
-41.8125;-41.0857;6.1114361313894925;3.655916882335239
-41.875;-40.8857;6.1114361313894925;3.655916882335239
-42.125;-40.9714;6.1114361313894925;3.655916882335239
-42.5;-40.8571;6.1114361313894925;3.655916882335239
-42.875;-40.6;6.1114361313894925;3.655916882335239
-43.0625;-40.6286;6.1114361313894925;3.655916882335239
-43.3125;-40.5429;6.1114361313894925;3.655916882335239
-43.5;-40.4;6.1114361313894925;3.655916882335239
-43.375;-40.4286;6.1114361313894925;3.655916882335239
-43.0;-40.3714;6.1114361313894925;3.655916882335239
-42.5;-40.1714;6.1114361313894925;3.655916882335239
-42.0625;-39.8571;6.1114361313894925;3.655916882335239
-41.75;-39.9429;6.1114361313894925;3.655916882335239
-41.75;-39.7714;6.1114361313894925;3.655916882335239
-41.8125;-39.5429;6.1114361313894925;3.655916882335239
-41.875;-39.6286;6.1114361313894925;3.655916882335239
-41.875;-39.6;6.1114361313894925;3.655916882335239
-41.9375;-39.5143;6.1114361313894925;3.655916882335239
-41.9375;-39.3429;6.1114361313894925;3.655916882335239
-41.9375;-39.2857;6.1114361313894925;3.655916882335239
-41.875;-39.0286;6.1114361313894925;3.655916882335239
-41.8125;-39.0;6.1114361313894925;3.655916882335239
-41.75;-39.0286;6.1114361313894925;3.655916882335239
-41.5625;-39.0857;6.1114361313894925;3.655916882335239
-41.4375;-38.9429;6.1114361313894925;3.655916882335239
-41.1875;-38.9714;6.1114361313894925;3.655916882335239
-40.8125;-38.8571;6.1114361313894925;3.655916882335239
-40.4375;-38.7429;6.1114361313894925;3.655916882335239
-40.25;-38.6571;6.1114361313894925;3.655916882335239
-40.125;-38.4857;6.1114361313894925;3.655916882335239
-40.3125;-38.4857;6.1114361313894925;3.655916882335239
-40.4375;-38.2;6.1114361313894925;3.655916882335239
-40.125;-38.1714;6.1114361313894925;3.655916882335239
-39.75;-38.2857;6.1114361313894925;3.655916882335239
-39.8125;-38.0571;6.1114361313894925;3.655916882335239
-40.375;-38.0571;6.1114361313894925;3.655916882335239
-40.9375;-37.8857;6.1114361313894925;3.655916882335239
-41.1875;-37.9714;6.1114361313894925;3.655916882335239
-40.875;-37.8286;6.1114361313894925;3.655916882335239
-40.0625;-37.7143;6.1114361313894925;3.655916882335239
-39.1875;-37.5429;6.1114361313894925;3.655916882335239
-38.5;-37.5429;6.1114361313894925;3.655916882335239
-38.0;-37.3143;6.1114361313894925;3.655916882335239
-37.9375;-37.4857;6.1114361313894925;3.655916882335239
-38.5;-37.3429;6.1114361313894925;3.655916882335239
-39.4375;-37.2;6.1114361313894925;3.655916882335239
-40.0625;-37.0571;6.1114361313894925;3.655916882335239
-40.375;-36.8857;6.1114361313894925;3.655916882335239
-40.4375;-37.0571;6.1114361313894925;3.655916882335239
-40.375;-37.0571;6.1114361313894925;3.655916882335239
-40.375;-37.0;6.1114361313894925;3.655916882335239
-40.125;-36.8857;6.1114361313894925;3.655916882335239
-39.1875;-36.8571;6.1114361313894925;3.655916882335239
-37.875;-36.6;6.1114361313894925;3.655916882335239
-37.0625;-36.7429;6.1114361313894925;3.655916882335239
-36.875;-36.5143;6.1114361313894925;3.655916882335239
-36.8125;-36.3714;6.1114361313894925;3.655916882335239
-36.75;-36.5143;6.1114361313894925;3.655916882335239
-37.0625;-36.3429;6.1114361313894925;3.655916882335239
-37.5625;-36.1714;6.1114361313894925;3.655916882335239
-37.8125;-36.1143;6.1114361313894925;3.655916882335239
-37.75;-36.0286;6.1114361313894925;3.655916882335239
-37.6875;-35.8571;6.1114361313894925;3.655916882335239
-37.75;-35.9429;6.1114361313894925;3.655916882335239
-38.0;-35.6857;6.1114361313894925;3.655916882335239
-38.125;-35.7429;6.1114361313894925;3.655916882335239
-38.125;-35.7143;6.1114361313894925;3.655916882335239
-38.125;-35.5714;6.1114361313894925;3.655916882335239
-38.1875;-35.5143;6.1114361313894925;3.655916882335239
-37.875;-35.5714;6.1114361313894925;3.655916882335239
-37.25;-35.4;6.1114361313894925;3.655916882335239
-36.6875;-35.3429;6.1114361313894925;3.655916882335239
-36.625;-35.2286;6.1114361313894925;3.655916882335239
-36.9375;-35.1429;6.1114361313894925;3.655916882335239
-37.125;-35.2286;6.1114361313894925;3.655916882335239
-37.0625;-34.9714;6.1114361313894925;3.655916882335239
-36.9375;-34.7714;6.1114361313894925;3.655916882335239
-36.8125;-34.7714;6.1114361313894925;3.655916882335239
-36.75;-34.7429;6.1114361313894925;3.655916882335239
-36.6875;-34.7714;6.1114361313894925;3.655916882335239
-36.6875;-34.5429;6.1114361313894925;3.655916882335239
-36.6875;-34.4571;6.1114361313894925;3.655916882335239
-36.5625;-34.4571;6.1114361313894925;3.655916882335239
-36.125;-34.3143;6.1114361313894925;3.655916882335239
-35.875;-34.3714;6.1114361313894925;3.655916882335239
-36.125;-34.3143;6.1114361313894925;3.655916882335239
-36.5625;-34.3143;6.1114361313894925;3.655916882335239
-36.75;-34.1429;6.1114361313894925;3.655916882335239
-36.3125;-33.9143;6.1114361313894925;3.655916882335239
-35.5;-33.6571;6.1114361313894925;3.655916882335239
-34.9375;-33.6;6.1114361313894925;3.655916882335239
-34.9375;-33.4286;6.1114361313894925;3.655916882335239
-35.25;-33.6286;6.1114361313894925;3.655916882335239
-35.625;-33.6571;6.1114361313894925;3.655916882335239
-35.8125;-33.6;6.1114361313894925;3.655916882335239
-35.375;-33.6286;6.1114361313894925;3.655916882335239
-34.3125;-33.5143;6.1114361313894925;3.655916882335239
-33.3125;-33.5714;6.1114361313894925;3.655916882335239
-32.9375;-33.4;6.1114361313894925;3.655916882335239
-33.0625;-33.1429;6.1114361313894925;3.655916882335239
-33.625;-33.0571;6.1114361313894925;3.655916882335239
-34.3125;-33.0286;6.1114361313894925;3.655916882335239
-34.625;-32.8857;6.1114361313894925;3.655916882335239
-34.5;-32.8571;6.1114361313894925;3.655916882335239
-34.25;-32.7143;6.1114361313894925;3.655916882335239
-34.1875;-32.8;6.1114361313894925;3.655916882335239
-34.1875;-32.7143;6.1114361313894925;3.655916882335239
-34.0625;-32.6571;6.1114361313894925;3.655916882335239
-34.0625;-32.6;6.1114361313894925;3.655916882335239
-34.1875;-32.3714;6.1114361313894925;3.655916882335239
-34.3125;-32.4571;6.1114361313894925;3.655916882335239
-34.375;-32.1143;6.1114361313894925;3.655916882335239
-34.4375;-32.0857;6.1114361313894925;3.655916882335239
-34.4375;-32.3429;6.1114361313894925;3.655916882335239
-34.3125;-31.9143;6.1114361313894925;3.655916882335239
-34.0;-32.0286;6.1114361313894925;3.655916882335239
-33.5625;-31.8857;6.1114361313894925;3.655916882335239
-33.25;-31.8286;6.1114361313894925;3.655916882335239
-33.1875;-31.8286;6.1114361313894925;3.655916882335239
-33.3125;-31.8571;6.1114361313894925;3.655916882335239
-33.5;-31.8286;6.1114361313894925;3.655916882335239
-33.375;-31.9143;6.1114361313894925;3.655916882335239
-32.6875;-31.6571;6.1114361313894925;3.655916882335239
-31.75;-31.4857;6.1114361313894925;3.655916882335239
-31.0;-31.4571;6.1114361313894925;3.655916882335239
-31.0;-31.3143;6.1114361313894925;3.655916882335239
-31.875;-31.0286;6.1114361313894925;3.655916882335239
-32.9375;-30.9429;6.1114361313894925;3.655916882335239
-33.3125;-30.9714;6.1114361313894925;3.655916882335239
-33.0;-31.0;6.1114361313894925;3.655916882335239
-32.4375;-30.8;6.1114361313894925;3.655916882335239
-32.0;-30.6857;6.1114361313894925;3.655916882335239
-31.75;-30.6571;6.1114361313894925;3.655916882335239
-31.5625;-30.6571;6.1114361313894925;3.655916882335239
-31.75;-30.6857;6.1114361313894925;3.655916882335239
-32.1875;-30.6286;6.1114361313894925;3.655916882335239
-32.3125;-30.3429;6.1114361313894925;3.655916882335239
-31.9375;-30.4;6.1114361313894925;3.655916882335239
-31.4375;-30.3143;6.1114361313894925;3.655916882335239
-31.0625;-30.2571;6.1114361313894925;3.655916882335239
-30.8125;-30.2;6.1114361313894925;3.655916882335239
-30.6875;-30.0857;6.1114361313894925;3.655916882335239
-30.6875;-30.0286;6.1114361313894925;3.655916882335239
-30.6875;-29.9143;6.1114361313894925;3.655916882335239
-30.6875;-29.8286;6.1114361313894925;3.655916882335239
-30.6875;-29.6571;6.1114361313894925;3.655916882335239
-30.8125;-29.5714;6.1114361313894925;3.655916882335239
-31.125;-29.4286;6.1114361313894925;3.655916882335239
-31.375;-29.4286;6.1114361313894925;3.655916882335239
-31.1875;-29.3714;6.1114361313894925;3.655916882335239
-30.75;-29.3429;6.1114361313894925;3.655916882335239
-30.375;-29.2;6.1114361313894925;3.655916882335239
-30.1875;-29.1429;6.1114361313894925;3.655916882335239
-30.0625;-29.0857;6.1114361313894925;3.655916882335239
-29.8125;-29.0286;6.1114361313894925;3.655916882335239
-29.4375;-28.9429;6.1114361313894925;3.655916882335239
-29.375;-29.0286;6.1114361313894925;3.655916882335239
-29.625;-28.9429;6.1114361313894925;3.655916882335239
-29.875;-28.9429;6.1114361313894925;3.655916882335239
-29.875;-28.6571;6.1114361313894925;3.655916882335239
-29.9375;-28.5429;6.1114361313894925;3.655916882335239
-30.0625;-28.7429;6.1114361313894925;3.655916882335239
-30.25;-28.6286;6.1114361313894925;3.655916882335239
-30.0625;-28.5714;6.1114361313894925;3.655916882335239
-29.875;-28.4286;6.1114361313894925;3.655916882335239
-29.9375;-28.4286;6.1114361313894925;3.655916882335239
-29.9375;-28.4857;6.1114361313894925;3.655916882335239
-29.3125;-28.3143;6.1114361313894925;3.655916882335239
-28.6875;-28.1714;6.1114361313894925;3.655916882335239
-28.5;-28.2286;6.1114361313894925;3.655916882335239
-28.8125;-28.2;6.1114361313894925;3.655916882335239
-29.0625;-28.0571;6.1114361313894925;3.655916882335239
-28.9375;-27.8857;6.1114361313894925;3.655916882335239
-28.625;-27.8857;6.1114361313894925;3.655916882335239
-28.4375;-27.7714;6.1114361313894925;3.655916882335239
-28.25;-27.8286;6.1114361313894925;3.655916882335239
-28.25;-27.6571;6.1114361313894925;3.655916882335239
-28.25;-27.6857;6.1114361313894925;3.655916882335239
-28.3125;-27.5143;6.1114361313894925;3.655916882335239
-28.3125;-27.4;6.1114361313894925;3.655916882335239
-28.1875;-27.3143;6.1114361313894925;3.655916882335239
-28.3125;-27.2571;6.1114361313894925;3.655916882335239
-28.5625;-27.2;6.1114361313894925;3.655916882335239
-28.4375;-27.0;6.1114361313894925;3.655916882335239
-27.8125;-26.9143;6.1114361313894925;3.655916882335239
-27.1875;-26.9714;6.1114361313894925;3.655916882335239
-27.3125;-26.9143;6.1114361313894925;3.655916882335239
-28.0;-26.9143;6.1114361313894925;3.655916882335239
-28.4375;-26.9714;6.1114361313894925;3.655916882335239
-28.25;-26.9143;6.1114361313894925;3.655916882335239
-27.75;-26.6857;6.1114361313894925;3.655916882335239
-27.5;-26.8286;6.1114361313894925;3.655916882335239
-27.6875;-26.4857;6.1114361313894925;3.655916882335239
-27.9375;-26.5429;6.1114361313894925;3.655916882335239
-27.9375;-26.4571;6.1114361313894925;3.655916882335239
-27.625;-26.3714;6.1114361313894925;3.655916882335239
-27.25;-26.4857;6.1114361313894925;3.655916882335239
-27.0625;-26.3714;6.1114361313894925;3.655916882335239
-26.875;-26.2571;6.1114361313894925;3.655916882335239
-26.6875;-26.2571;6.1114361313894925;3.655916882335239
-26.5;-25.9429;6.1114361313894925;3.655916882335239
-26.3125;-26.0;6.1114361313894925;3.655916882335239
-26.25;-26.0857;6.1114361313894925;3.655916882335239
-26.375;-26.0286;6.1114361313894925;3.655916882335239
-26.6875;-26.0;6.1114361313894925;3.655916882335239
-27.125;-25.9714;6.1114361313894925;3.655916882335239
-27.375;-25.7143;6.1114361313894925;3.655916882335239
-27.5;-25.6571;6.1114361313894925;3.655916882335239
-27.5625;-25.6286;6.1114361313894925;3.655916882335239
-27.5;-25.5143;6.1114361313894925;3.655916882335239
-27.375;-25.4857;6.1114361313894925;3.655916882335239
-27.125;-25.3429;6.1114361313894925;3.655916882335239
-27.0625;-25.2286;6.1114361313894925;3.655916882335239
-27.0625;-25.2286;6.1114361313894925;3.655916882335239
-26.75;-25.2857;6.1114361313894925;3.655916882335239
-26.125;-25.1429;6.1114361313894925;3.655916882335239
-25.4375;-25.0;6.1114361313894925;3.655916882335239
-24.875;-24.9429;6.1114361313894925;3.655916882335239
-24.6875;-24.8;6.1114361313894925;3.655916882335239
-24.9375;-24.7429;6.1114361313894925;3.655916882335239
-25.4375;-24.6857;6.1114361313894925;3.655916882335239
-26.25;-24.8286;6.1114361313894925;3.655916882335239
-26.875;-24.7143;6.1114361313894925;3.655916882335239
-26.9375;-24.6857;6.1114361313894925;3.655916882335239
-26.375;-24.4571;6.1114361313894925;3.655916882335239
-25.5;-24.4;6.1114361313894925;3.655916882335239
-24.875;-24.3429;6.1114361313894925;3.655916882335239
-24.6875;-24.2571;6.1114361313894925;3.655916882335239
-24.6875;-24.2;6.1114361313894925;3.655916882335239
-24.5625;-24.1714;6.1114361313894925;3.655916882335239
-24.3125;-23.9714;6.1114361313894925;3.655916882335239
-24.1875;-24.0571;6.1114361313894925;3.655916882335239
-24.375;-23.8571;6.1114361313894925;3.655916882335239
-24.875;-23.7143;6.1114361313894925;3.655916882335239
-25.5;-23.8;6.1114361313894925;3.655916882335239
-25.625;-23.5429;6.1114361313894925;3.655916882335239
-25.1875;-23.6;6.1114361313894925;3.655916882335239
-24.625;-23.5714;6.1114361313894925;3.655916882335239
-24.25;-23.5143;6.1114361313894925;3.655916882335239
-24.125;-23.2857;6.1114361313894925;3.655916882335239
-24.0625;-23.4286;6.1114361313894925;3.655916882335239
-24.0625;-23.2286;6.1114361313894925;3.655916882335239
-24.125;-23.1429;6.1114361313894925;3.655916882335239
-24.25;-23.2571;6.1114361313894925;3.655916882335239
-24.5;-23.1714;6.1114361313894925;3.655916882335239
-24.625;-23.0571;6.1114361313894925;3.655916882335239
-24.25;-23.0286;6.1114361313894925;3.655916882335239
-23.75;-22.8857;6.1114361313894925;3.655916882335239
-23.5625;-22.8286;6.1114361313894925;3.655916882335239
-23.75;-22.8571;6.1114361313894925;3.655916882335239
-23.9375;-22.9143;6.1114361313894925;3.655916882335239
-24.0;-22.8571;6.1114361313894925;3.655916882335239
-23.75;-22.7429;6.1114361313894925;3.655916882335239
-23.25;-22.6286;6.1114361313894925;3.655916882335239
-22.875;-22.5143;6.1114361313894925;3.655916882335239
-22.8125;-22.5143;6.1114361313894925;3.655916882335239
-23.25;-22.5714;6.1114361313894925;3.655916882335239
-23.8125;-22.5143;6.1114361313894925;3.655916882335239
-24.125;-22.5143;6.1114361313894925;3.655916882335239
-24.25;-22.3714;6.1114361313894925;3.655916882335239
-24.25;-22.4;6.1114361313894925;3.655916882335239
-23.9375;-22.4;6.1114361313894925;3.655916882335239
-23.375;-22.2571;6.1114361313894925;3.655916882335239
-22.625;-22.0857;6.1114361313894925;3.655916882335239
-21.9375;-22.0;6.1114361313894925;3.655916882335239
-21.5;-21.9143;6.1114361313894925;3.655916882335239
-21.3125;-21.9429;6.1114361313894925;3.655916882335239
-21.4375;-21.9429;6.1114361313894925;3.655916882335239
-21.6875;-21.9143;6.1114361313894925;3.655916882335239
-21.8125;-21.6571;6.1114361313894925;3.655916882335239
-21.9375;-21.6286;6.1114361313894925;3.655916882335239
-21.9375;-21.5429;6.1114361313894925;3.655916882335239
-21.9375;-21.4286;6.1114361313894925;3.655916882335239
-21.9375;-21.4;6.1114361313894925;3.655916882335239
-22.0;-21.4571;6.1114361313894925;3.655916882335239
-22.0625;-21.4857;6.1114361313894925;3.655916882335239
-21.9375;-21.5429;6.1114361313894925;3.655916882335239
-21.875;-21.3714;6.1114361313894925;3.655916882335239
-21.875;-21.3429;6.1114361313894925;3.655916882335239
-21.625;-21.3714;6.1114361313894925;3.655916882335239
-21.1875;-21.2;6.1114361313894925;3.655916882335239
-20.9375;-21.1714;6.1114361313894925;3.655916882335239
-21.0625;-21.0571;6.1114361313894925;3.655916882335239
-21.4375;-20.9429;6.1114361313894925;3.655916882335239
-21.8125;-21.0;6.1114361313894925;3.655916882335239
-22.25;-20.7714;6.1114361313894925;3.655916882335239
-22.6875;-20.8;6.1114361313894925;3.655916882335239
-22.8125;-20.7429;6.1114361313894925;3.655916882335239
-22.5;-20.5143;6.1114361313894925;3.655916882335239
-21.875;-20.4571;6.1114361313894925;3.655916882335239
-21.375;-20.4857;6.1114361313894925;3.655916882335239
-21.0625;-20.5429;6.1114361313894925;3.655916882335239
-20.875;-20.3714;6.1114361313894925;3.655916882335239
-20.8125;-20.4286;6.1114361313894925;3.655916882335239
-20.8125;-20.3429;6.1114361313894925;3.655916882335239
-20.75;-20.2571;6.1114361313894925;3.655916882335239
-20.5;-20.2857;6.1114361313894925;3.655916882335239
-20.125;-20.1429;6.1114361313894925;3.655916882335239
-19.75;-20.1714;6.1114361313894925;3.655916882335239
-19.6875;-20.0571;6.1114361313894925;3.655916882335239
-19.875;-19.9143;6.1114361313894925;3.655916882335239
-20.125;-19.9143;6.1114361313894925;3.655916882335239
-20.25;-19.8286;6.1114361313894925;3.655916882335239
-20.3125;-19.7714;6.1114361313894925;3.655916882335239
-20.3125;-19.7429;6.1114361313894925;3.655916882335239
-20.3125;-19.7143;6.1114361313894925;3.655916882335239
-20.3125;-19.6571;6.1114361313894925;3.655916882335239
-20.375;-19.6;6.1114361313894925;3.655916882335239
-20.375;-19.5143;6.1114361313894925;3.655916882335239
-20.375;-19.4;6.1114361313894925;3.655916882335239
-20.375;-19.2857;6.1114361313894925;3.655916882335239
-20.25;-19.2571;6.1114361313894925;3.655916882335239
-20.0;-19.1714;6.1114361313894925;3.655916882335239
-19.75;-19.0857;6.1114361313894925;3.655916882335239
-19.6875;-19.0286;6.1114361313894925;3.655916882335239
-19.8125;-18.8571;6.1114361313894925;3.655916882335239
-19.9375;-18.8857;6.1114361313894925;3.655916882335239
-20.0625;-18.8286;6.1114361313894925;3.655916882335239
-20.125;-18.6857;6.1114361313894925;3.655916882335239
-19.9375;-18.7143;6.1114361313894925;3.655916882335239
-19.5625;-18.6571;6.1114361313894925;3.655916882335239
-19.1875;-18.6286;6.1114361313894925;3.655916882335239
-19.0625;-18.6286;6.1114361313894925;3.655916882335239
-19.125;-18.5429;6.1114361313894925;3.655916882335239
-19.25;-18.5714;6.1114361313894925;3.655916882335239
-19.5;-18.5714;6.1114361313894925;3.655916882335239
-19.3125;-18.4857;6.1114361313894925;3.655916882335239
-18.6875;-18.4857;6.1114361313894925;3.655916882335239
-18.375;-18.3143;6.1114361313894925;3.655916882335239
-18.6875;-18.2857;6.1114361313894925;3.655916882335239
-19.3125;-18.2571;6.1114361313894925;3.655916882335239
-19.625;-18.1429;6.1114361313894925;3.655916882335239
-19.5625;-18.0857;6.1114361313894925;3.655916882335239
-19.375;-18.0571;6.1114361313894925;3.655916882335239
-19.1875;-18.0571;6.1114361313894925;3.655916882335239
-19.125;-18.0;6.1114361313894925;3.655916882335239
-19.0625;-18.0;6.1114361313894925;3.655916882335239
-19.0625;-17.9143;6.1114361313894925;3.655916882335239
-18.9375;-17.8571;6.1114361313894925;3.655916882335239
-18.6875;-17.8;6.1114361313894925;3.655916882335239
-18.5625;-17.7714;6.1114361313894925;3.655916882335239
-18.625;-17.8;6.1114361313894925;3.655916882335239
-18.625;-17.6286;6.1114361313894925;3.655916882335239
-18.4375;-17.6;6.1114361313894925;3.655916882335239
-18.0625;-17.5714;6.1114361313894925;3.655916882335239
-17.75;-17.4571;6.1114361313894925;3.655916882335239
-17.5;-17.3429;6.1114361313894925;3.655916882335239
-17.4375;-17.3429;6.1114361313894925;3.655916882335239
-17.4375;-17.2571;6.1114361313894925;3.655916882335239
-17.5625;-17.1143;6.1114361313894925;3.655916882335239
-17.8125;-17.1143;6.1114361313894925;3.655916882335239
-18.0625;-17.0286;6.1114361313894925;3.655916882335239
-18.1875;-16.9714;6.1114361313894925;3.655916882335239
-18.1875;-16.9429;6.1114361313894925;3.655916882335239
-18.0625;-16.8286;6.1114361313894925;3.655916882335239
-17.8125;-16.8571;6.1114361313894925;3.655916882335239
-17.625;-16.7714;6.1114361313894925;3.655916882335239
-17.625;-16.8;6.1114361313894925;3.655916882335239
-17.5625;-16.7143;6.1114361313894925;3.655916882335239
-17.5;-16.6286;6.1114361313894925;3.655916882335239
-17.4375;-16.6286;6.1114361313894925;3.655916882335239
-17.375;-16.5143;6.1114361313894925;3.655916882335239
-17.0625;-16.4857;6.1114361313894925;3.655916882335239
-16.625;-16.5143;6.1114361313894925;3.655916882335239
-16.3125;-16.5143;6.1114361313894925;3.655916882335239
-16.1875;-16.4;6.1114361313894925;3.655916882335239
-16.1875;-16.3429;6.1114361313894925;3.655916882335239
-16.25;-16.2286;6.1114361313894925;3.655916882335239
-16.25;-16.1429;6.1114361313894925;3.655916882335239
-16.25;-16.0571;6.1114361313894925;3.655916882335239
-16.375;-15.9429;6.1114361313894925;3.655916882335239
-16.5;-15.9143;6.1114361313894925;3.655916882335239
-16.5;-15.8857;6.1114361313894925;3.655916882335239
-16.4375;-15.8571;6.1114361313894925;3.655916882335239
-16.5;-15.8857;6.1114361313894925;3.655916882335239
-16.6875;-15.8286;6.1114361313894925;3.655916882335239
-16.625;-15.7714;6.1114361313894925;3.655916882335239
-16.4375;-15.7143;6.1114361313894925;3.655916882335239
-16.4375;-15.6571;6.1114361313894925;3.655916882335239
-16.5625;-15.6286;6.1114361313894925;3.655916882335239
-16.5;-15.4857;6.1114361313894925;3.655916882335239
-16.25;-15.4857;6.1114361313894925;3.655916882335239
-16.25;-15.4;6.1114361313894925;3.655916882335239
-16.5;-15.3429;6.1114361313894925;3.655916882335239
-16.5625;-15.2571;6.1114361313894925;3.655916882335239
-16.5;-15.2;6.1114361313894925;3.655916882335239
-16.4375;-15.2571;6.1114361313894925;3.655916882335239
-16.3125;-15.0857;6.1114361313894925;3.655916882335239
-15.875;-14.9429;6.1114361313894925;3.655916882335239
-15.4375;-14.9143;6.1114361313894925;3.655916882335239
-15.1875;-14.7714;6.1114361313894925;3.655916882335239
-15.1875;-14.7714;6.1114361313894925;3.655916882335239
-15.3125;-14.7143;6.1114361313894925;3.655916882335239
-15.3125;-14.6857;6.1114361313894925;3.655916882335239
-15.3125;-14.6571;6.1114361313894925;3.655916882335239
-15.125;-14.6;6.1114361313894925;3.655916882335239
-14.5625;-14.6;6.1114361313894925;3.655916882335239
-14.0;-14.5429;6.1114361313894925;3.655916882335239
-13.625;-14.4857;6.1114361313894925;3.655916882335239
-13.4375;-14.4571;6.1114361313894925;3.655916882335239
-13.4375;-14.3429;6.1114361313894925;3.655916882335239
-13.4375;-14.2857;6.1114361313894925;3.655916882335239
-13.5625;-14.2571;6.1114361313894925;3.655916882335239
-13.8125;-14.2;6.1114361313894925;3.655916882335239
-14.1875;-14.1714;6.1114361313894925;3.655916882335239
-14.4375;-14.1143;6.1114361313894925;3.655916882335239
-14.4375;-14.0857;6.1114361313894925;3.655916882335239
-14.5;-14.0286;6.1114361313894925;3.655916882335239
-14.75;-14.0286;6.1114361313894925;3.655916882335239
-15.0;-13.9429;6.1114361313894925;3.655916882335239
-15.25;-13.9143;6.1114361313894925;3.655916882335239
-15.5;-13.8571;6.1114361313894925;3.655916882335239
-15.4375;-13.8857;6.1114361313894925;3.655916882335239
-15.0;-13.7714;6.1114361313894925;3.655916882335239
-14.4375;-13.7143;6.1114361313894925;3.655916882335239
-14.0;-13.6;6.1114361313894925;3.655916882335239
-13.75;-13.5429;6.1114361313894925;3.655916882335239
-13.5;-13.4571;6.1114361313894925;3.655916882335239
-13.3125;-13.3714;6.1114361313894925;3.655916882335239
-13.1875;-13.3714;6.1114361313894925;3.655916882335239
-13.25;-13.4;6.1114361313894925;3.655916882335239
-13.4375;-13.3429;6.1114361313894925;3.655916882335239
-13.9375;-13.3429;6.1114361313894925;3.655916882335239
-14.375;-13.2857;6.1114361313894925;3.655916882335239
-14.5625;-13.2571;6.1114361313894925;3.655916882335239
-14.5625;-13.2571;6.1114361313894925;3.655916882335239
-14.3125;-13.2;6.1114361313894925;3.655916882335239
-13.9375;-13.1143;6.1114361313894925;3.655916882335239
-13.625;-13.1143;6.1114361313894925;3.655916882335239
-13.5;-13.0857;6.1114361313894925;3.655916882335239
-13.4375;-13.0571;6.1114361313894925;3.655916882335239
-13.5;-12.9714;6.1114361313894925;3.655916882335239
-13.5;-12.9143;6.1114361313894925;3.655916882335239
-13.5;-12.8;6.1114361313894925;3.655916882335239
-13.5625;-12.7429;6.1114361313894925;3.655916882335239
-13.4375;-12.6857;6.1114361313894925;3.655916882335239
-13.1875;-12.6857;6.1114361313894925;3.655916882335239
-13.1875;-12.6286;6.1114361313894925;3.655916882335239
-13.25;-12.5143;6.1114361313894925;3.655916882335239
-13.1875;-12.4857;6.1114361313894925;3.655916882335239
-13.0;-12.4286;6.1114361313894925;3.655916882335239
-12.75;-12.3714;6.1114361313894925;3.655916882335239
-12.4375;-12.3714;6.1114361313894925;3.655916882335239
-12.3125;-12.3429;6.1114361313894925;3.655916882335239
-12.4375;-12.3143;6.1114361313894925;3.655916882335239
-12.75;-12.3143;6.1114361313894925;3.655916882335239
-12.875;-12.2571;6.1114361313894925;3.655916882335239
-12.6875;-12.1429;6.1114361313894925;3.655916882335239
-12.4375;-12.1429;6.1114361313894925;3.655916882335239
-12.3125;-12.1143;6.1114361313894925;3.655916882335239
-12.375;-12.0;6.1114361313894925;3.655916882335239
-12.4375;-12.0;6.1114361313894925;3.655916882335239
-12.4375;-11.9143;6.1114361313894925;3.655916882335239
-12.5625;-11.8571;6.1114361313894925;3.655916882335239
-12.875;-11.7143;6.1114361313894925;3.655916882335239
-13.125;-11.7143;6.1114361313894925;3.655916882335239
-13.0;-11.6857;6.1114361313894925;3.655916882335239
-12.375;-11.6;6.1114361313894925;3.655916882335239
-11.5625;-11.5143;6.1114361313894925;3.655916882335239
-11.25;-11.5429;6.1114361313894925;3.655916882335239
-11.25;-11.4286;6.1114361313894925;3.655916882335239
-11.3125;-11.4571;6.1114361313894925;3.655916882335239
-11.375;-11.3714;6.1114361313894925;3.655916882335239
-11.375;-11.3429;6.1114361313894925;3.655916882335239
-11.4375;-11.3429;6.1114361313894925;3.655916882335239
-11.4375;-11.3143;6.1114361313894925;3.655916882335239
-11.5;-11.2571;6.1114361313894925;3.655916882335239
-11.6875;-11.1429;6.1114361313894925;3.655916882335239
-11.875;-11.1429;6.1114361313894925;3.655916882335239
-11.9375;-11.0857;6.1114361313894925;3.655916882335239
-11.8125;-11.0571;6.1114361313894925;3.655916882335239
-11.5;-11.0571;6.1114361313894925;3.655916882335239
-11.3125;-10.9429;6.1114361313894925;3.655916882335239
-11.25;-10.9143;6.1114361313894925;3.655916882335239
-11.5625;-10.9143;6.1114361313894925;3.655916882335239
-12.0;-10.8286;6.1114361313894925;3.655916882335239
-12.125;-10.8;6.1114361313894925;3.655916882335239
-11.6875;-10.7714;6.1114361313894925;3.655916882335239
-11.1875;-10.6857;6.1114361313894925;3.655916882335239
-10.75;-10.6286;6.1114361313894925;3.655916882335239
-10.375;-10.6571;6.1114361313894925;3.655916882335239
-10.125;-10.5429;6.1114361313894925;3.655916882335239
-10.1875;-10.4857;6.1114361313894925;3.655916882335239
-10.375;-10.4286;6.1114361313894925;3.655916882335239
-10.5;-10.4286;6.1114361313894925;3.655916882335239
-10.5625;-10.3429;6.1114361313894925;3.655916882335239
-10.6875;-10.3714;6.1114361313894925;3.655916882335239
-10.8125;-10.3429;6.1114361313894925;3.655916882335239
-10.6875;-10.2286;6.1114361313894925;3.655916882335239
-10.1875;-10.1714;6.1114361313894925;3.655916882335239
-9.6875;-10.1143;6.1114361313894925;3.655916882335239
-9.5625;-10.1143;6.1114361313894925;3.655916882335239
-9.75;-10.0571;6.1114361313894925;3.655916882335239
-9.875;-10.0286;6.1114361313894925;3.655916882335239
-10.0;-9.9714;6.1114361313894925;3.655916882335239
-10.0625;-9.9714;6.1114361313894925;3.655916882335239
-10.0625;-9.9714;6.1114361313894925;3.655916882335239
-10.0625;-9.8857;6.1114361313894925;3.655916882335239
-9.9375;-9.8;6.1114361313894925;3.655916882335239
-9.8125;-9.8286;6.1114361313894925;3.655916882335239
-9.875;-9.7143;6.1114361313894925;3.655916882335239
-9.9375;-9.6571;6.1114361313894925;3.655916882335239
-9.8125;-9.6571;6.1114361313894925;3.655916882335239
-9.6875;-9.6571;6.1114361313894925;3.655916882335239
-9.8125;-9.5143;6.1114361313894925;3.655916882335239
-10.125;-9.5143;6.1114361313894925;3.655916882335239
-10.1875;-9.4571;6.1114361313894925;3.655916882335239
-9.8125;-9.4;6.1114361313894925;3.655916882335239
-9.125;-9.4;6.1114361313894925;3.655916882335239
-8.5;-9.2857;6.1114361313894925;3.655916882335239
-8.1875;-9.3143;6.1114361313894925;3.655916882335239
-8.3125;-9.2857;6.1114361313894925;3.655916882335239
-8.875;-9.2;6.1114361313894925;3.655916882335239
-9.5625;-9.2;6.1114361313894925;3.655916882335239
-9.8125;-9.1429;6.1114361313894925;3.655916882335239
-9.5;-9.0571;6.1114361313894925;3.655916882335239
-9.0;-9.0857;6.1114361313894925;3.655916882335239
-8.6875;-9.0286;6.1114361313894925;3.655916882335239
-8.75;-8.9714;6.1114361313894925;3.655916882335239
-9.125;-8.9143;6.1114361313894925;3.655916882335239
-9.25;-8.8571;6.1114361313894925;3.655916882335239
-9.0625;-8.9143;6.1114361313894925;3.655916882335239
-8.75;-8.8;6.1114361313894925;3.655916882335239
-8.5;-8.7714;6.1114361313894925;3.655916882335239
-8.4375;-8.7429;6.1114361313894925;3.655916882335239
-8.5625;-8.7143;6.1114361313894925;3.655916882335239
-8.625;-8.6857;6.1114361313894925;3.655916882335239
-8.6875;-8.6571;6.1114361313894925;3.655916882335239
-8.75;-8.5714;6.1114361313894925;3.655916882335239
-8.75;-8.5143;6.1114361313894925;3.655916882335239
-8.75;-8.4571;6.1114361313894925;3.655916882335239
-8.6875;-8.4;6.1114361313894925;3.655916882335239
-8.5;-8.3429;6.1114361313894925;3.655916882335239
-8.3125;-8.3714;6.1114361313894925;3.655916882335239
-8.25;-8.2571;6.1114361313894925;3.655916882335239
-8.25;-8.2286;6.1114361313894925;3.655916882335239
-8.375;-8.2;6.1114361313894925;3.655916882335239
-8.5;-8.1143;6.1114361313894925;3.655916882335239
-8.4375;-8.0571;6.1114361313894925;3.655916882335239
-8.3125;-8.0571;6.1114361313894925;3.655916882335239
-8.125;-8.0857;6.1114361313894925;3.655916882335239
-7.875;-8.0571;6.1114361313894925;3.655916882335239
-7.6875;-8.0;6.1114361313894925;3.655916882335239
-7.8125;-7.8857;6.1114361313894925;3.655916882335239
-8.125;-7.8857;6.1114361313894925;3.655916882335239
-8.375;-7.7714;6.1114361313894925;3.655916882335239
-8.3125;-7.8571;6.1114361313894925;3.655916882335239
-8.0;-7.7429;6.1114361313894925;3.655916882335239
-7.75;-7.7143;6.1114361313894925;3.655916882335239
-7.6875;-7.7143;6.1114361313894925;3.655916882335239
-7.625;-7.6857;6.1114361313894925;3.655916882335239
-7.5625;-7.5714;6.1114361313894925;3.655916882335239
-7.375;-7.6;6.1114361313894925;3.655916882335239
-7.1875;-7.5143;6.1114361313894925;3.655916882335239
-7.0625;-7.5143;6.1114361313894925;3.655916882335239
-7.0625;-7.4571;6.1114361313894925;3.655916882335239
-7.0625;-7.4571;6.1114361313894925;3.655916882335239
-7.0;-7.3714;6.1114361313894925;3.655916882335239
-6.9375;-7.3143;6.1114361313894925;3.655916882335239
-6.875;-7.3429;6.1114361313894925;3.655916882335239
-6.875;-7.2571;6.1114361313894925;3.655916882335239
-6.875;-7.2286;6.1114361313894925;3.655916882335239
-6.9375;-7.1714;6.1114361313894925;3.655916882335239
-7.0625;-7.1714;6.1114361313894925;3.655916882335239
-7.125;-7.1714;6.1114361313894925;3.655916882335239
-7.125;-7.0857;6.1114361313894925;3.655916882335239
-7.125;-7.0286;6.1114361313894925;3.655916882335239
-7.1875;-7.0;6.1114361313894925;3.655916882335239
-7.3125;-6.9143;6.1114361313894925;3.655916882335239
-7.25;-6.8571;6.1114361313894925;3.655916882335239
-6.9375;-6.8286;6.1114361313894925;3.655916882335239
-6.625;-6.8;6.1114361313894925;3.655916882335239
-6.375;-6.7714;6.1114361313894925;3.655916882335239
-6.3125;-6.6857;6.1114361313894925;3.655916882335239
-6.4375;-6.7143;6.1114361313894925;3.655916882335239
-6.75;-6.6857;6.1114361313894925;3.655916882335239
-7.0;-6.6;6.1114361313894925;3.655916882335239
-7.125;-6.6;6.1114361313894925;3.655916882335239
-7.0625;-6.5714;6.1114361313894925;3.655916882335239
-7.0;-6.5143;6.1114361313894925;3.655916882335239
-6.875;-6.4571;6.1114361313894925;3.655916882335239
-6.6875;-6.3714;6.1114361313894925;3.655916882335239
-6.5625;-6.3714;6.1114361313894925;3.655916882335239
-6.4375;-6.3714;6.1114361313894925;3.655916882335239
-6.5;-6.2571;6.1114361313894925;3.655916882335239
-6.625;-6.2286;6.1114361313894925;3.655916882335239
-6.75;-6.1714;6.1114361313894925;3.655916882335239
-6.625;-6.1143;6.1114361313894925;3.655916882335239
-6.375;-6.1143;6.1114361313894925;3.655916882335239
-6.125;-6.0857;6.1114361313894925;3.655916882335239
-6.0;-6.0571;6.1114361313894925;3.655916882335239
-6.0;-6.0857;6.1114361313894925;3.655916882335239
-6.0;-5.9714;6.1114361313894925;3.655916882335239
-6.0;-5.9429;6.1114361313894925;3.655916882335239
-6.0625;-5.8571;6.1114361313894925;3.655916882335239
-6.1875;-5.8286;6.1114361313894925;3.655916882335239
-6.1875;-5.7714;6.1114361313894925;3.655916882335239
-5.8125;-5.7714;6.1114361313894925;3.655916882335239
-5.25;-5.7143;6.1114361313894925;3.655916882335239
-4.9375;-5.7714;6.1114361313894925;3.655916882335239
-4.875;-5.6857;6.1114361313894925;3.655916882335239
-5.1875;-5.6857;6.1114361313894925;3.655916882335239
-5.625;-5.6;6.1114361313894925;3.655916882335239
-5.9375;-5.5714;6.1114361313894925;3.655916882335239
-5.9375;-5.4857;6.1114361313894925;3.655916882335239
-5.5;-5.4286;6.1114361313894925;3.655916882335239
-5.1875;-5.4857;6.1114361313894925;3.655916882335239
-5.1875;-5.3714;6.1114361313894925;3.655916882335239
-5.25;-5.4;6.1114361313894925;3.655916882335239
-5.25;-5.3429;6.1114361313894925;3.655916882335239
-5.125;-5.2857;6.1114361313894925;3.655916882335239
-5.0625;-5.2286;6.1114361313894925;3.655916882335239
-5.0;-5.2;6.1114361313894925;3.655916882335239
-4.9375;-5.1714;6.1114361313894925;3.655916882335239
-5.0;-5.1714;6.1114361313894925;3.655916882335239
-5.0;-5.0857;6.1114361313894925;3.655916882335239
-5.0;-5.0857;6.1114361313894925;3.655916882335239
-5.0625;-5.0857;6.1114361313894925;3.655916882335239
-5.25;-4.9714;6.1114361313894925;3.655916882335239
-5.3125;-5.0;6.1114361313894925;3.655916882335239
-5.25;-4.9143;6.1114361313894925;3.655916882335239
-5.125;-4.8857;6.1114361313894925;3.655916882335239
-5.0;-4.8286;6.1114361313894925;3.655916882335239
-4.9375;-4.8;6.1114361313894925;3.655916882335239
-4.9375;-4.8571;6.1114361313894925;3.655916882335239
-4.9375;-4.8;6.1114361313894925;3.655916882335239
-5.0;-4.7714;6.1114361313894925;3.655916882335239
-5.1875;-4.7143;6.1114361313894925;3.655916882335239
-5.25;-4.6571;6.1114361313894925;3.655916882335239
-5.0625;-4.6286;6.1114361313894925;3.655916882335239
-4.6875;-4.6;6.1114361313894925;3.655916882335239
-4.4375;-4.5714;6.1114361313894925;3.655916882335239
-4.5;-4.5429;6.1114361313894925;3.655916882335239
-4.75;-4.5143;6.1114361313894925;3.655916882335239
-5.0625;-4.4857;6.1114361313894925;3.655916882335239
-5.125;-4.4857;6.1114361313894925;3.655916882335239
-5.125;-4.4286;6.1114361313894925;3.655916882335239
-5.0;-4.4;6.1114361313894925;3.655916882335239
-4.9375;-4.3429;6.1114361313894925;3.655916882335239
-4.8125;-4.3143;6.1114361313894925;3.655916882335239
-4.75;-4.3429;6.1114361313894925;3.655916882335239
-4.625;-4.2571;6.1114361313894925;3.655916882335239
-4.4375;-4.2;6.1114361313894925;3.655916882335239
-4.25;-4.1714;6.1114361313894925;3.655916882335239
-4.25;-4.1714;6.1114361313894925;3.655916882335239
-4.25;-4.1429;6.1114361313894925;3.655916882335239
-4.3125;-4.0571;6.1114361313894925;3.655916882335239
-4.375;-4.1143;6.1114361313894925;3.655916882335239
-4.5;-4.0;6.1114361313894925;3.655916882335239
-4.5;-3.9714;6.1114361313894925;3.655916882335239
-4.5;-3.9714;6.1114361313894925;3.655916882335239
-4.5;-3.8857;6.1114361313894925;3.655916882335239
-4.4375;-3.8857;6.1114361313894925;3.655916882335239
-4.375;-3.8571;6.1114361313894925;3.655916882335239
-4.375;-3.8286;6.1114361313894925;3.655916882335239
-4.3125;-3.8;6.1114361313894925;3.655916882335239
-4.3125;-3.6857;6.1114361313894925;3.655916882335239
-4.3125;-3.6571;6.1114361313894925;3.655916882335239
-4.375;-3.6;6.1114361313894925;3.655916882335239
-4.25;-3.5429;6.1114361313894925;3.655916882335239
-4.0625;-3.4571;6.1114361313894925;3.655916882335239
-3.8125;-3.3714;6.1114361313894925;3.655916882335239
-3.6875;-3.4;6.1114361313894925;3.655916882335239
-3.5625;-3.2571;6.1114361313894925;3.655916882335239
-3.25;-3.1714;6.1114361313894925;3.655916882335239
-2.9375;-3.0571;6.1114361313894925;3.655916882335239
-2.625;-2.9143;6.1114361313894925;3.655916882335239
-2.4375;-2.7714;6.1114361313894925;3.655916882335239
-2.1875;-2.6571;6.1114361313894925;3.655916882335239
-1.625;-2.4571;6.1114361313894925;3.655916882335239
-0.9375;-2.3429;6.1114361313894925;3.655916882335239
-0.3125;-2.0286;6.1114361313894925;3.655916882335239
0.0;-1.8;6.1114361313894925;3.655916882335239
0.0625;-1.5714;6.1114361313894925;3.655916882335239
0.0625;-1.1714;6.1114361313894925;3.655916882335239
0.0625;-0.9429;6.1114361313894925;3.655916882335239
0.0;-0.4857;6.1114361313894925;3.655916882335239
0.0;0.0571;6.1114361313894925;3.655916882335239
0.0;0.6571;6.1114361313894925;3.655916882335239
0.25;1.1429;6.1114361313894925;3.655916882335239
0.75;1.5143;6.1114361313894925;3.655916882335239
1.0;2.1429;6.1114361313894925;3.655916882335239
1.3125;2.6286;6.1114361313894925;3.655916882335239
2.1875;3.1429;6.1114361313894925;3.655916882335239
3.125;3.6857;6.1114361313894925;3.655916882335239
3.75;4.0857;6.1114361313894925;3.655916882335239
4.0625;4.6;6.1114361313894925;3.655916882335239
4.125;5.1714;6.1114361313894925;3.655916882335239
4.0625;5.7714;6.1114361313894925;3.655916882335239
4.0;6.4571;6.1114361313894925;3.655916882335239
4.0;7.0857;6.1114361313894925;3.655916882335239
4.5625;7.8;6.1114361313894925;3.655916882335239
6.25;8.5429;6.1114361313894925;3.655916882335239
8.375;9.2571;6.1114361313894925;3.655916882335239
10.125;9.9714;6.1114361313894925;3.655916882335239
11.375;10.8;6.1114361313894925;3.655916882335239
12.375;11.5143;6.1114361313894925;3.655916882335239
13.1875;12.4;6.1114361313894925;3.655916882335239
14.0;13.1714;6.1114361313894925;3.655916882335239
14.8125;13.9429;6.1114361313894925;3.655916882335239
15.5625;14.8;6.1114361313894925;3.655916882335239
16.375;15.5429;6.1114361313894925;3.655916882335239
17.3125;16.4857;6.1114361313894925;3.655916882335239
18.25;17.2;6.1114361313894925;3.655916882335239
19.1875;17.8857;6.1114361313894925;3.655916882335239
20.0;18.7714;6.1114361313894925;3.655916882335239
20.875;19.5429;6.1114361313894925;3.655916882335239
21.6875;20.4;6.1114361313894925;3.655916882335239
22.375;21.1714;6.1114361313894925;3.655916882335239
23.0;22.0;6.1114361313894925;3.655916882335239
23.875;22.8857;6.1114361313894925;3.655916882335239
24.8125;23.6;6.1114361313894925;3.655916882335239
25.75;24.4;6.1114361313894925;3.655916882335239
26.625;25.1429;6.1114361313894925;3.655916882335239
27.5;25.7429;6.1114361313894925;3.655916882335239
28.375;26.6286;6.1114361313894925;3.655916882335239
29.0625;27.3714;6.1114361313894925;3.655916882335239
29.5625;28.0;6.1114361313894925;3.655916882335239
29.8125;28.6571;6.1114361313894925;3.655916882335239
29.8125;29.2286;6.1114361313894925;3.655916882335239
29.8125;30.0286;6.1114361313894925;3.655916882335239
29.75;30.8;6.1114361313894925;3.655916882335239
29.8125;31.5429;6.1114361313894925;3.655916882335239
30.5;32.0857;6.1114361313894925;3.655916882335239
32.1875;32.8286;6.1114361313894925;3.655916882335239
34.25;33.3143;6.1114361313894925;3.655916882335239
36.0;34.0;6.1114361313894925;3.655916882335239
37.125;34.6286;6.1114361313894925;3.655916882335239
37.875;35.5143;6.1114361313894925;3.655916882335239
38.375;36.1143;6.1114361313894925;3.655916882335239
38.9375;37.0;6.1114361313894925;3.655916882335239
39.625;37.8;6.1114361313894925;3.655916882335239
40.5625;38.4571;6.1114361313894925;3.655916882335239
41.5625;39.0571;6.1114361313894925;3.655916882335239
42.4375;39.7143;6.1114361313894925;3.655916882335239
43.125;40.6;6.1114361313894925;3.655916882335239
43.8125;41.4571;6.1114361313894925;3.655916882335239
44.5625;42.2571;6.1114361313894925;3.655916882335239
45.3125;42.4571;6.1114361313894925;3.655916882335239
46.0;43.0857;6.1114361313894925;3.655916882335239
46.5;43.8;6.1114361313894925;3.655916882335239
47.0625;44.5429;6.1114361313894925;3.655916882335239
47.6875;44.8571;6.1114361313894925;3.655916882335239
48.4375;45.7714;6.1114361313894925;3.655916882335239
49.1875;46.0;6.1114361313894925;3.655916882335239
50.0625;46.6857;6.1114361313894925;3.655916882335239
50.8125;47.1429;6.1114361313894925;3.655916882335239
51.375;48.0;6.1114361313894925;3.655916882335239
52.0;48.7429;6.1114361313894925;3.655916882335239
52.4375;49.4;6.1114361313894925;3.655916882335239
52.6875;49.9143;6.1114361313894925;3.655916882335239
52.75;50.1429;6.1114361313894925;3.655916882335239
52.75;50.5143;6.1114361313894925;3.655916882335239
52.6875;51.2571;6.1114361313894925;3.655916882335239
52.6875;51.8857;6.1114361313894925;3.655916882335239
53.0625;52.6286;6.1114361313894925;3.655916882335239
54.3125;53.5143;6.1114361313894925;3.655916882335239
55.875;54.3714;6.1114361313894925;3.655916882335239
57.1875;55.2286;6.1114361313894925;3.655916882335239
58.3125;55.1714;6.1114361313894925;3.655916882335239
59.1875;55.3714;6.1114361313894925;3.655916882335239
59.9375;56.6;6.1114361313894925;3.655916882335239
60.4375;57.2857;6.1114361313894925;3.655916882335239
60.875;57.6286;6.1114361313894925;3.655916882335239
61.5;57.7429;6.1114361313894925;3.655916882335239
62.375;58.0857;6.1114361313894925;3.655916882335239
63.375;59.0;6.1114361313894925;3.655916882335239
64.3125;59.5143;6.1114361313894925;3.655916882335239
65.125;60.6;6.1114361313894925;3.655916882335239
65.6875;61.0286;6.1114361313894925;3.655916882335239
66.1875;61.4857;6.1114361313894925;3.655916882335239
66.75;62.1143;6.1114361313894925;3.655916882335239
67.6875;62.4;6.1114361313894925;3.655916882335239
68.625;62.6571;6.1114361313894925;3.655916882335239
69.3125;63.1143;6.1114361313894925;3.655916882335239
69.8125;63.2571;6.1114361313894925;3.655916882335239
70.0;63.7143;6.1114361313894925;3.655916882335239
70.125;64.3714;6.1114361313894925;3.655916882335239
70.5625;65.0571;6.1114361313894925;3.655916882335239
71.125;65.4;6.1114361313894925;3.655916882335239
71.75;66.1714;6.1114361313894925;3.655916882335239
72.1875;66.9143;6.1114361313894925;3.655916882335239
72.4375;67.4;6.1114361313894925;3.655916882335239
72.5;67.3143;6.1114361313894925;3.655916882335239
72.5;68.0286;6.1114361313894925;3.655916882335239
72.4375;68.0286;6.1114361313894925;3.655916882335239
72.5625;68.4857;6.1114361313894925;3.655916882335239
73.125;70.5429;6.1114361313894925;3.655916882335239
74.3125;70.8286;6.1114361313894925;3.655916882335239
75.75;71.8857;6.1114361313894925;3.655916882335239
77.125;72.2286;6.1114361313894925;3.655916882335239
78.4375;72.3143;6.1114361313894925;3.655916882335239
79.1875;72.6857;6.1114361313894925;3.655916882335239
79.25;72.2857;6.1114361313894925;3.655916882335239
79.3125;72.6286;6.1114361313894925;3.655916882335239
80.0;73.6286;6.1114361313894925;3.655916882335239
81.0625;74.2;6.1114361313894925;3.655916882335239
82.0625;74.8857;6.1114361313894925;3.655916882335239
82.75;74.2286;6.1114361313894925;3.655916882335239
83.0625;75.7429;6.1114361313894925;3.655916882335239
83.125;74.8571;6.1114361313894925;3.655916882335239
83.125;75.3143;6.1114361313894925;3.655916882335239
83.375;75.5429;6.1114361313894925;3.655916882335239
84.0625;76.3714;6.1114361313894925;3.655916882335239
84.9375;76.8286;6.1114361313894925;3.655916882335239
85.875;78.8857;6.1114361313894925;3.655916882335239
87.3125;79.0;6.1114361313894925;3.655916882335239
88.6875;80.0571;6.1114361313894925;3.655916882335239
89.5;80.2857;6.1114361313894925;3.655916882335239
89.875;80.4857;6.1114361313894925;3.655916882335239
90.375;80.9143;6.1114361313894925;3.655916882335239
91.3125;81.3429;6.1114361313894925;3.655916882335239
92.125;81.6571;6.1114361313894925;3.655916882335239
92.625;81.0;6.1114361313894925;3.655916882335239
92.8125;81.3143;6.1114361313894925;3.655916882335239
92.8125;82.3143;6.1114361313894925;3.655916882335239
92.75;83.3143;6.1114361313894925;3.655916882335239
92.6875;82.8;6.1114361313894925;3.655916882335239
92.75;82.9714;6.1114361313894925;3.655916882335239
93.125;83.3714;6.1114361313894925;3.655916882335239
94.3125;83.7143;6.1114361313894925;3.655916882335239
95.75;83.4857;6.1114361313894925;3.655916882335239
96.9375;84.2;6.1114361313894925;3.655916882335239
97.6875;84.4571;6.1114361313894925;3.655916882335239
98.1875;84.6857;6.1114361313894925;3.655916882335239
98.375;84.9429;6.1114361313894925;3.655916882335239
98.625;85.0286;6.1114361313894925;3.655916882335239
99.0625;85.5714;6.1114361313894925;3.655916882335239
99.5;85.4286;6.1114361313894925;3.655916882335239
99.8125;85.9143;6.1114361313894925;3.655916882335239
99.8125;85.8571;6.1114361313894925;3.655916882335239
99.4375;86.5714;6.1114361313894925;3.655916882335239
99.125;87.0286;6.1114361313894925;3.655916882335239
99.3125;88.1429;6.1114361313894925;3.655916882335239
100.3125;88.5143;6.1114361313894925;3.655916882335239
101.9375;89.4286;6.1114361313894925;3.655916882335239
103.625;89.7429;6.1114361313894925;3.655916882335239
104.875;89.6;6.1114361313894925;3.655916882335239
105.25;89.9714;6.1114361313894925;3.655916882335239
105.0;91.0857;6.1114361313894925;3.655916882335239
104.5625;91.3143;6.1114361313894925;3.655916882335239
104.4375;91.7714;6.1114361313894925;3.655916882335239
104.6875;90.2571;6.1114361313894925;3.655916882335239
105.125;89.8286;6.1114361313894925;3.655916882335239
105.875;90.4571;6.1114361313894925;3.655916882335239
106.75;90.7714;6.1114361313894925;3.655916882335239
107.25;94.5429;6.1114361313894925;3.655916882335239
107.4375;92.8857;6.1114361313894925;3.655916882335239
107.5;94.8857;6.1114361313894925;3.655916882335239
107.4375;94.4857;6.1114361313894925;3.655916882335239
107.375;96.2;6.1114361313894925;3.655916882335239
107.5;94.2571;6.1114361313894925;3.655916882335239
107.875;95.6857;6.1114361313894925;3.655916882335239
108.6875;95.5429;6.1114361313894925;3.655916882335239
109.6875;95.4571;6.1114361313894925;3.655916882335239
110.3125;96.8571;6.1114361313894925;3.655916882335239
110.3125;96.2571;6.1114361313894925;3.655916882335239
110.4375;96.4571;6.1114361313894925;3.655916882335239
111.0;95.8;6.1114361313894925;3.655916882335239
111.9375;96.2286;6.1114361313894925;3.655916882335239
112.75;95.4857;6.1114361313894925;3.655916882335239
113.0625;96.9429;6.1114361313894925;3.655916882335239
112.8125;98.1714;6.1114361313894925;3.655916882335239
112.5;95.3429;6.1114361313894925;3.655916882335239
112.8125;99.2857;6.1114361313894925;3.655916882335239
114.375;98.2286;6.1114361313894925;3.655916882335239
116.5625;99.2286;6.1114361313894925;3.655916882335239
118.4375;101.1429;6.1114361313894925;3.655916882335239
118.875;99.6857;6.1114361313894925;3.655916882335239
117.75;99.0571;6.1114361313894925;3.655916882335239
116.0;98.5143;6.1114361313894925;3.655916882335239
115.375;102.5429;6.1114361313894925;3.655916882335239
116.1875;100.1429;6.1114361313894925;3.655916882335239
117.25;102.4571;6.1114361313894925;3.655916882335239
117.6875;100.5143;6.1114361313894925;3.655916882335239
118.0;102.4;6.1114361313894925;3.655916882335239
118.9375;102.4857;6.1114361313894925;3.655916882335239
120.3125;106.6286;6.1114361313894925;3.655916882335239
121.25;106.0;6.1114361313894925;3.655916882335239
121.6875;107.6286;6.1114361313894925;3.655916882335239
121.8125;108.2;6.1114361313894925;3.655916882335239
121.75;106.2857;6.1114361313894925;3.655916882335239
121.5625;106.5429;6.1114361313894925;3.655916882335239
121.3125;105.6286;6.1114361313894925;3.655916882335239
121.5;107.0286;6.1114361313894925;3.655916882335239
121.875;108.4286;6.1114361313894925;3.655916882335239
122.3125;108.0857;6.1114361313894925;3.655916882335239
123.0;108.1429;6.1114361313894925;3.655916882335239
123.875;107.8286;6.1114361313894925;3.655916882335239
124.375;107.6571;6.1114361313894925;3.655916882335239
124.625;109.1714;6.1114361313894925;3.655916882335239
125.0;108.7429;6.1114361313894925;3.655916882335239
125.375;109.1429;6.1114361313894925;3.655916882335239
125.75;108.6857;6.1114361313894925;3.655916882335239
125.875;108.1714;6.1114361313894925;3.655916882335239
125.6875;108.0857;6.1114361313894925;3.655916882335239
125.25;108.6286;6.1114361313894925;3.655916882335239
124.875;109.7429;6.1114361313894925;3.655916882335239
125.0625;111.1429;6.1114361313894925;3.655916882335239
126.0;110.8857;6.1114361313894925;3.655916882335239
127.0625;113.2857;6.1114361313894925;3.655916882335239
127.875;113.8;6.1114361313894925;3.655916882335239
128.5;112.0286;6.1114361313894925;3.655916882335239
128.9375;114.4;6.1114361313894925;3.655916882335239
129.0;114.6286;6.1114361313894925;3.655916882335239
129.0625;114.2286;6.1114361313894925;3.655916882335239
129.0625;113.6857;6.1114361313894925;3.655916882335239
128.875;113.3429;6.1114361313894925;3.655916882335239
129.0625;113.2;6.1114361313894925;3.655916882335239
129.625;113.6286;6.1114361313894925;3.655916882335239
130.125;113.5429;6.1114361313894925;3.655916882335239
130.375;113.5429;6.1114361313894925;3.655916882335239
130.5;113.4;6.1114361313894925;3.655916882335239
130.5;114.8571;6.1114361313894925;3.655916882335239
130.1875;115.4857;6.1114361313894925;3.655916882335239
129.5;113.4;6.1114361313894925;3.655916882335239
129.25;113.5143;6.1114361313894925;3.655916882335239
129.4375;113.4286;6.1114361313894925;3.655916882335239
129.9375;115.1143;6.1114361313894925;3.655916882335239
130.75;115.0;6.1114361313894925;3.655916882335239
131.625;114.7714;6.1114361313894925;3.655916882335239
132.1875;115.2286;6.1114361313894925;3.655916882335239
132.125;115.6571;6.1114361313894925;3.655916882335239
132.125;116.0571;6.1114361313894925;3.655916882335239
132.375;117.9714;6.1114361313894925;3.655916882335239
132.625;116.0571;6.1114361313894925;3.655916882335239
132.6875;117.0286;6.1114361313894925;3.655916882335239
132.8125;117.4286;6.1114361313894925;3.655916882335239
133.0;116.8571;6.1114361313894925;3.655916882335239
133.5;115.9714;6.1114361313894925;3.655916882335239
133.8125;118.6571;6.1114361313894925;3.655916882335239
133.6875;118.5714;6.1114361313894925;3.655916882335239
134.0625;118.0286;6.1114361313894925;3.655916882335239
134.8125;117.1429;6.1114361313894925;3.655916882335239
135.3125;118.9429;6.1114361313894925;3.655916882335239
135.625;119.6286;6.1114361313894925;3.655916882335239
135.6875;120.0857;6.1114361313894925;3.655916882335239
135.375;118.1143;6.1114361313894925;3.655916882335239
135.0625;117.9143;6.1114361313894925;3.655916882335239
135.25;118.4;6.1114361313894925;3.655916882335239
135.75;119.1714;6.1114361313894925;3.655916882335239
136.1875;120.0286;6.1114361313894925;3.655916882335239
136.4375;121.3143;6.1114361313894925;3.655916882335239
136.5;121.0571;6.1114361313894925;3.655916882335239
136.5;119.4571;6.1114361313894925;3.655916882335239
136.4375;120.1143;6.1114361313894925;3.655916882335239
136.4375;122.4286;6.1114361313894925;3.655916882335239
136.5625;122.6857;6.1114361313894925;3.655916882335239
137.0625;121.4857;6.1114361313894925;3.655916882335239
137.625;122.8;6.1114361313894925;3.655916882335239
138.1875;123.8571;6.1114361313894925;3.655916882335239
138.4375;124.2;6.1114361313894925;3.655916882335239
138.5625;123.8857;6.1114361313894925;3.655916882335239
138.75;122.5143;6.1114361313894925;3.655916882335239
139.0;123.1714;6.1114361313894925;3.655916882335239
139.5625;123.5714;6.1114361313894925;3.655916882335239
140.625;124.6857;6.1114361313894925;3.655916882335239
140.8125;124.2857;6.1114361313894925;3.655916882335239
139.9375;124.6857;6.1114361313894925;3.655916882335239
139.25;123.2571;6.1114361313894925;3.655916882335239
139.625;125.0286;6.1114361313894925;3.655916882335239
140.8125;123.9143;6.1114361313894925;3.655916882335239
141.875;123.8286;6.1114361313894925;3.655916882335239
142.125;125.8571;6.1114361313894925;3.655916882335239
142.3125;126.0857;6.1114361313894925;3.655916882335239
142.5;125.4571;6.1114361313894925;3.655916882335239
142.25;123.9714;6.1114361313894925;3.655916882335239
142.125;124.8;6.1114361313894925;3.655916882335239
142.4375;126.5429;6.1114361313894925;3.655916882335239
143.0;126.0286;6.1114361313894925;3.655916882335239
143.1875;126.5429;6.1114361313894925;3.655916882335239
142.875;126.3429;6.1114361313894925;3.655916882335239
142.375;126.4;6.1114361313894925;3.655916882335239
141.9375;127.2;6.1114361313894925;3.655916882335239
141.75;127.3714;6.1114361313894925;3.655916882335239
141.625;126.4857;6.1114361313894925;3.655916882335239
141.625;127.2;6.1114361313894925;3.655916882335239
141.6875;127.7714;6.1114361313894925;3.655916882335239
141.875;127.4571;6.1114361313894925;3.655916882335239
142.625;127.5429;6.1114361313894925;3.655916882335239
144.0;125.6286;6.1114361313894925;3.655916882335239
145.0625;125.4571;6.1114361313894925;3.655916882335239
145.125;124.7429;6.1114361313894925;3.655916882335239
144.8125;125.4286;6.1114361313894925;3.655916882335239
145.0;126.6;6.1114361313894925;3.655916882335239
145.75;127.3143;6.1114361313894925;3.655916882335239
146.4375;127.7714;6.1114361313894925;3.655916882335239
146.75;128.6;6.1114361313894925;3.655916882335239
146.8125;127.6857;6.1114361313894925;3.655916882335239
146.625;130.0857;6.1114361313894925;3.655916882335239
146.25;129.9143;6.1114361313894925;3.655916882335239
145.75;130.5143;6.1114361313894925;3.655916882335239
145.75;130.0286;6.1114361313894925;3.655916882335239
146.1875;127.2286;6.1114361313894925;3.655916882335239
146.5625;128.7429;6.1114361313894925;3.655916882335239
146.5625;128.9429;6.1114361313894925;3.655916882335239
146.6875;129.3143;6.1114361313894925;3.655916882335239
147.375;131.0857;6.1114361313894925;3.655916882335239
148.375;130.5143;6.1114361313894925;3.655916882335239
149.25;131.9714;6.1114361313894925;3.655916882335239
149.625;132.5143;6.1114361313894925;3.655916882335239
149.5;129.4571;6.1114361313894925;3.655916882335239
149.125;128.1143;6.1114361313894925;3.655916882335239
148.625;128.6571;6.1114361313894925;3.655916882335239
148.1875;128.1429;6.1114361313894925;3.655916882335239
147.75;129.3429;6.1114361313894925;3.655916882335239
147.5625;129.0857;6.1114361313894925;3.655916882335239
147.4375;129.7143;6.1114361313894925;3.655916882335239
147.4375;130.3429;6.1114361313894925;3.655916882335239
147.5;130.7143;6.1114361313894925;3.655916882335239
147.375;130.8286;6.1114361313894925;3.655916882335239
147.5;132.1714;6.1114361313894925;3.655916882335239
148.625;131.5143;6.1114361313894925;3.655916882335239
150.125;131.0;6.1114361313894925;3.655916882335239
151.0625;132.0857;6.1114361313894925;3.655916882335239
151.4375;133.7429;6.1114361313894925;3.655916882335239
151.3125;133.7429;6.1114361313894925;3.655916882335239
150.9375;134.2857;6.1114361313894925;3.655916882335239
150.375;133.8286;6.1114361313894925;3.655916882335239
150.0;134.4286;6.1114361313894925;3.655916882335239
150.5;134.6857;6.1114361313894925;3.655916882335239
151.25;135.1143;6.1114361313894925;3.655916882335239
151.5625;133.1143;6.1114361313894925;3.655916882335239
151.6875;133.7714;6.1114361313894925;3.655916882335239
152.0;134.9143;6.1114361313894925;3.655916882335239
152.5;135.2571;6.1114361313894925;3.655916882335239
153.125;134.8857;6.1114361313894925;3.655916882335239
153.375;132.7714;6.1114361313894925;3.655916882335239
153.3125;134.7714;6.1114361313894925;3.655916882335239
153.3125;134.6;6.1114361313894925;3.655916882335239
153.625;133.2286;6.1114361313894925;3.655916882335239
153.875;134.4571;6.1114361313894925;3.655916882335239
153.75;135.7714;6.1114361313894925;3.655916882335239
154.0;135.4286;6.1114361313894925;3.655916882335239
154.9375;135.3143;6.1114361313894925;3.655916882335239
155.375;136.2571;6.1114361313894925;3.655916882335239
154.75;135.8;6.1114361313894925;3.655916882335239
153.75;135.4571;6.1114361313894925;3.655916882335239
153.0625;136.5714;6.1114361313894925;3.655916882335239
152.6875;136.2;6.1114361313894925;3.655916882335239
152.625;137.5714;6.1114361313894925;3.655916882335239
152.625;136.9714;6.1114361313894925;3.655916882335239
152.625;135.8;6.1114361313894925;3.655916882335239
152.6875;134.6571;6.1114361313894925;3.655916882335239
153.125;136.5143;6.1114361313894925;3.655916882335239
153.3125;137.3714;6.1114361313894925;3.655916882335239
153.0;136.4286;6.1114361313894925;3.655916882335239
152.5625;134.4;6.1114361313894925;3.655916882335239
152.25;133.8857;6.1114361313894925;3.655916882335239
151.8125;132.1143;6.1114361313894925;3.655916882335239
151.3125;132.0;6.1114361313894925;3.655916882335239
150.75;134.4571;6.1114361313894925;3.655916882335239
150.4375;134.2;6.1114361313894925;3.655916882335239
150.0;131.2;6.1114361313894925;3.655916882335239
149.375;130.6857;6.1114361313894925;3.655916882335239
148.75;129.4571;6.1114361313894925;3.655916882335239
147.9375;130.1714;6.1114361313894925;3.655916882335239
146.875;129.1143;6.1114361313894925;3.655916882335239
146.0;129.4857;6.1114361313894925;3.655916882335239
144.9375;128.3714;6.1114361313894925;3.655916882335239
144.125;128.6571;6.1114361313894925;3.655916882335239
143.875;127.5714;6.1114361313894925;3.655916882335239
143.6875;126.6286;6.1114361313894925;3.655916882335239
143.5;126.7143;6.1114361313894925;3.655916882335239
143.3125;125.2857;6.1114361313894925;3.655916882335239
143.0;124.0857;6.1114361313894925;3.655916882335239
143.0625;126.5714;6.1114361313894925;3.655916882335239
143.5;125.6286;6.1114361313894925;3.655916882335239
144.0;126.0;6.1114361313894925;3.655916882335239
144.4375;125.1143;6.1114361313894925;3.655916882335239
144.6875;125.1429;6.1114361313894925;3.655916882335239
144.8125;124.9714;6.1114361313894925;3.655916882335239
144.8125;123.6;6.1114361313894925;3.655916882335239
144.75;122.0286;6.1114361313894925;3.655916882335239
144.625;122.7143;6.1114361313894925;3.655916882335239
143.625;122.5714;6.1114361313894925;3.655916882335239
141.875;123.1714;6.1114361313894925;3.655916882335239
140.4375;122.1429;6.1114361313894925;3.655916882335239
139.3125;122.4;6.1114361313894925;3.655916882335239
138.25;122.6571;6.1114361313894925;3.655916882335239
137.625;121.4;6.1114361313894925;3.655916882335239
136.9375;122.7143;6.1114361313894925;3.655916882335239
136.125;122.5143;6.1114361313894925;3.655916882335239
135.5;120.4;6.1114361313894925;3.655916882335239
135.0625;119.4;6.1114361313894925;3.655916882335239
134.1875;119.4571;6.1114361313894925;3.655916882335239
133.3125;119.3429;6.1114361313894925;3.655916882335239
133.375;118.4857;6.1114361313894925;3.655916882335239
133.9375;117.3714;6.1114361313894925;3.655916882335239
134.0625;116.8571;6.1114361313894925;3.655916882335239
133.625;115.7143;6.1114361313894925;3.655916882335239
133.0;115.4;6.1114361313894925;3.655916882335239
132.125;114.6;6.1114361313894925;3.655916882335239
131.25;115.7143;6.1114361313894925;3.655916882335239
130.5625;114.5714;6.1114361313894925;3.655916882335239
130.5625;115.3714;6.1114361313894925;3.655916882335239
131.0;113.8286;6.1114361313894925;3.655916882335239
131.0625;114.5429;6.1114361313894925;3.655916882335239
130.375;113.4857;6.1114361313894925;3.655916882335239
129.4375;113.1714;6.1114361313894925;3.655916882335239
128.875;112.9143;6.1114361313894925;3.655916882335239
128.75;114.0286;6.1114361313894925;3.655916882335239
128.875;111.5143;6.1114361313894925;3.655916882335239
129.0;110.7429;6.1114361313894925;3.655916882335239
129.0625;110.2571;6.1114361313894925;3.655916882335239
129.125;110.4571;6.1114361313894925;3.655916882335239
129.0625;110.6571;6.1114361313894925;3.655916882335239
128.5625;111.1714;6.1114361313894925;3.655916882335239
127.6875;110.4571;6.1114361313894925;3.655916882335239
126.8125;110.4286;6.1114361313894925;3.655916882335239
126.0625;109.6286;6.1114361313894925;3.655916882335239
125.5;109.0571;6.1114361313894925;3.655916882335239
125.25;108.8286;6.1114361313894925;3.655916882335239
125.0625;108.5429;6.1114361313894925;3.655916882335239
124.75;109.1429;6.1114361313894925;3.655916882335239
124.4375;108.2286;6.1114361313894925;3.655916882335239
124.125;108.0;6.1114361313894925;3.655916882335239
123.4375;107.0286;6.1114361313894925;3.655916882335239
122.6875;106.0286;6.1114361313894925;3.655916882335239
122.125;105.6571;6.1114361313894925;3.655916882335239
121.8125;107.4857;6.1114361313894925;3.655916882335239
121.5625;105.7429;6.1114361313894925;3.655916882335239
121.625;106.8;6.1114361313894925;3.655916882335239
122.0;104.6857;6.1114361313894925;3.655916882335239
122.1875;104.3143;6.1114361313894925;3.655916882335239
121.5625;103.9714;6.1114361313894925;3.655916882335239
120.4375;103.6286;6.1114361313894925;3.655916882335239
119.4375;102.7714;6.1114361313894925;3.655916882335239
118.875;103.8286;6.1114361313894925;3.655916882335239
118.75;104.6857;6.1114361313894925;3.655916882335239
118.8125;105.1714;6.1114361313894925;3.655916882335239
118.9375;104.2857;6.1114361313894925;3.655916882335239
118.9375;104.1143;6.1114361313894925;3.655916882335239
118.9375;103.7429;6.1114361313894925;3.655916882335239
118.875;102.9429;6.1114361313894925;3.655916882335239
118.875;102.2857;6.1114361313894925;3.655916882335239
118.8125;102.1143;6.1114361313894925;3.655916882335239
118.8125;101.7429;6.1114361313894925;3.655916882335239
118.9375;100.2;6.1114361313894925;3.655916882335239
119.0;101.2286;6.1114361313894925;3.655916882335239
118.5625;100.8286;6.1114361313894925;3.655916882335239
117.375;100.1143;6.1114361313894925;3.655916882335239
116.1875;99.5143;6.1114361313894925;3.655916882335239
115.5;98.8857;6.1114361313894925;3.655916882335239
115.0625;98.0857;6.1114361313894925;3.655916882335239
114.5625;98.9143;6.1114361313894925;3.655916882335239
114.0;99.3429;6.1114361313894925;3.655916882335239
113.75;98.8571;6.1114361313894925;3.655916882335239
113.8125;97.8571;6.1114361313894925;3.655916882335239
113.75;96.5429;6.1114361313894925;3.655916882335239
113.375;96.8;6.1114361313894925;3.655916882335239
112.9375;97.8;6.1114361313894925;3.655916882335239
112.625;97.0571;6.1114361313894925;3.655916882335239
112.375;95.9143;6.1114361313894925;3.655916882335239
111.9375;96.0;6.1114361313894925;3.655916882335239
111.375;95.9714;6.1114361313894925;3.655916882335239
110.75;95.4857;6.1114361313894925;3.655916882335239
110.375;93.4857;6.1114361313894925;3.655916882335239
110.0625;93.3429;6.1114361313894925;3.655916882335239
109.625;94.4571;6.1114361313894925;3.655916882335239
109.1875;94.1143;6.1114361313894925;3.655916882335239
108.875;93.6;6.1114361313894925;3.655916882335239
108.8125;93.5714;6.1114361313894925;3.655916882335239
108.8125;93.4;6.1114361313894925;3.655916882335239
108.625;92.4;6.1114361313894925;3.655916882335239
108.3125;93.6;6.1114361313894925;3.655916882335239
108.125;91.5714;6.1114361313894925;3.655916882335239
108.0;91.7143;6.1114361313894925;3.655916882335239
108.0;92.5143;6.1114361313894925;3.655916882335239
107.8125;93.0286;6.1114361313894925;3.655916882335239
107.3125;93.4286;6.1114361313894925;3.655916882335239
106.625;92.3429;6.1114361313894925;3.655916882335239
105.875;91.0286;6.1114361313894925;3.655916882335239
104.875;91.1429;6.1114361313894925;3.655916882335239
104.0;90.6571;6.1114361313894925;3.655916882335239
103.9375;89.6286;6.1114361313894925;3.655916882335239
104.375;89.6;6.1114361313894925;3.655916882335239
104.75;90.1714;6.1114361313894925;3.655916882335239
104.75;89.1143;6.1114361313894925;3.655916882335239
104.25;89.2;6.1114361313894925;3.655916882335239
103.5;88.4286;6.1114361313894925;3.655916882335239
102.9375;89.2;6.1114361313894925;3.655916882335239
102.6875;88.9429;6.1114361313894925;3.655916882335239
102.4375;88.5714;6.1114361313894925;3.655916882335239
102.0625;87.7714;6.1114361313894925;3.655916882335239
102.0;87.9714;6.1114361313894925;3.655916882335239
102.125;87.6;6.1114361313894925;3.655916882335239
102.3125;88.0571;6.1114361313894925;3.655916882335239
102.4375;88.4857;6.1114361313894925;3.655916882335239
102.375;87.4286;6.1114361313894925;3.655916882335239
101.9375;87.0857;6.1114361313894925;3.655916882335239
101.0;86.6857;6.1114361313894925;3.655916882335239
99.9375;86.2;6.1114361313894925;3.655916882335239
99.3125;87.0286;6.1114361313894925;3.655916882335239
99.125;86.6857;6.1114361313894925;3.655916882335239
99.0625;85.3714;6.1114361313894925;3.655916882335239
98.75;83.8;6.1114361313894925;3.655916882335239
98.375;83.3143;6.1114361313894925;3.655916882335239
98.0625;82.1429;6.1114361313894925;3.655916882335239
97.9375;83.6;6.1114361313894925;3.655916882335239
97.875;83.2286;6.1114361313894925;3.655916882335239
97.9375;84.9429;6.1114361313894925;3.655916882335239
97.625;83.1143;6.1114361313894925;3.655916882335239
96.6875;83.8857;6.1114361313894925;3.655916882335239
95.1875;82.6571;6.1114361313894925;3.655916882335239
93.5625;82.4;6.1114361313894925;3.655916882335239
92.4375;81.1429;6.1114361313894925;3.655916882335239
92.1875;80.6286;6.1114361313894925;3.655916882335239
92.625;80.3429;6.1114361313894925;3.655916882335239
93.3125;82.7429;6.1114361313894925;3.655916882335239
93.625;82.8857;6.1114361313894925;3.655916882335239
93.4375;82.2286;6.1114361313894925;3.655916882335239
93.1875;81.2;6.1114361313894925;3.655916882335239
92.875;81.1429;6.1114361313894925;3.655916882335239
92.3125;79.6286;6.1114361313894925;3.655916882335239
91.75;80.2571;6.1114361313894925;3.655916882335239
91.3125;80.5143;6.1114361313894925;3.655916882335239
91.125;80.1143;6.1114361313894925;3.655916882335239
91.125;80.2571;6.1114361313894925;3.655916882335239
91.1875;79.7714;6.1114361313894925;3.655916882335239
91.3125;79.6857;6.1114361313894925;3.655916882335239
91.25;78.9143;6.1114361313894925;3.655916882335239
91.125;78.6857;6.1114361313894925;3.655916882335239
90.9375;79.1429;6.1114361313894925;3.655916882335239
90.75;80.5429;6.1114361313894925;3.655916882335239
90.4375;78.4;6.1114361313894925;3.655916882335239
89.875;79.0571;6.1114361313894925;3.655916882335239
89.125;78.0286;6.1114361313894925;3.655916882335239
88.5625;78.6857;6.1114361313894925;3.655916882335239
88.1875;78.3714;6.1114361313894925;3.655916882335239
88.0625;77.7714;6.1114361313894925;3.655916882335239
88.0625;79.2;6.1114361313894925;3.655916882335239
88.0625;79.2286;6.1114361313894925;3.655916882335239
88.0625;78.4286;6.1114361313894925;3.655916882335239
87.8125;77.5714;6.1114361313894925;3.655916882335239
87.3125;76.2;6.1114361313894925;3.655916882335239
86.5625;76.1143;6.1114361313894925;3.655916882335239
85.75;76.7714;6.1114361313894925;3.655916882335239
85.25;75.6;6.1114361313894925;3.655916882335239
84.625;74.7143;6.1114361313894925;3.655916882335239
83.5625;75.0286;6.1114361313894925;3.655916882335239
82.6875;74.7429;6.1114361313894925;3.655916882335239
82.3125;75.0857;6.1114361313894925;3.655916882335239
82.5625;75.2286;6.1114361313894925;3.655916882335239
82.9375;74.8286;6.1114361313894925;3.655916882335239
82.9375;74.5714;6.1114361313894925;3.655916882335239
82.8125;74.7429;6.1114361313894925;3.655916882335239
82.875;75.3714;6.1114361313894925;3.655916882335239
83.0625;75.0286;6.1114361313894925;3.655916882335239
83.25;74.6857;6.1114361313894925;3.655916882335239
83.5;76.0286;6.1114361313894925;3.655916882335239
83.6875;75.9143;6.1114361313894925;3.655916882335239
83.75;76.1143;6.1114361313894925;3.655916882335239
83.5625;75.8571;6.1114361313894925;3.655916882335239
83.0625;74.2571;6.1114361313894925;3.655916882335239
82.4375;74.3714;6.1114361313894925;3.655916882335239
82.0;73.7714;6.1114361313894925;3.655916882335239
81.4375;74.2;6.1114361313894925;3.655916882335239
80.6875;73.0571;6.1114361313894925;3.655916882335239
80.0625;72.0857;6.1114361313894925;3.655916882335239
80.0;71.4857;6.1114361313894925;3.655916882335239
80.25;72.0571;6.1114361313894925;3.655916882335239
80.5625;71.8571;6.1114361313894925;3.655916882335239
80.75;71.6286;6.1114361313894925;3.655916882335239
80.8125;72.3429;6.1114361313894925;3.655916882335239
80.8125;72.1429;6.1114361313894925;3.655916882335239
80.6875;71.6286;6.1114361313894925;3.655916882335239
80.25;70.1714;6.1114361313894925;3.655916882335239
79.375;70.8286;6.1114361313894925;3.655916882335239
78.5625;69.8571;6.1114361313894925;3.655916882335239
78.0625;72.1429;6.1114361313894925;3.655916882335239
77.8125;71.6857;6.1114361313894925;3.655916882335239
77.5625;70.4571;6.1114361313894925;3.655916882335239
77.25;70.4;6.1114361313894925;3.655916882335239
77.0;68.8571;6.1114361313894925;3.655916882335239
76.75;69.5429;6.1114361313894925;3.655916882335239
76.25;69.0571;6.1114361313894925;3.655916882335239
75.625;69.2571;6.1114361313894925;3.655916882335239
75.0625;68.5143;6.1114361313894925;3.655916882335239
74.75;68.9143;6.1114361313894925;3.655916882335239
75.0625;68.2;6.1114361313894925;3.655916882335239
75.8125;69.0286;6.1114361313894925;3.655916882335239
76.1875;68.9714;6.1114361313894925;3.655916882335239
76.1875;68.6571;6.1114361313894925;3.655916882335239
76.0;69.3143;6.1114361313894925;3.655916882335239
75.8125;69.0857;6.1114361313894925;3.655916882335239
75.3125;69.4;6.1114361313894925;3.655916882335239
74.5625;68.5143;6.1114361313894925;3.655916882335239
73.8125;67.4571;6.1114361313894925;3.655916882335239
73.1875;67.6286;6.1114361313894925;3.655916882335239
72.6875;65.7429;6.1114361313894925;3.655916882335239
72.125;64.8;6.1114361313894925;3.655916882335239
71.6875;66.6;6.1114361313894925;3.655916882335239
71.4375;65.5429;6.1114361313894925;3.655916882335239
71.375;66.3143;6.1114361313894925;3.655916882335239
71.3125;67.6857;6.1114361313894925;3.655916882335239
71.375;67.0571;6.1114361313894925;3.655916882335239
71.375;66.6571;6.1114361313894925;3.655916882335239
71.4375;66.5429;6.1114361313894925;3.655916882335239
71.75;65.8571;6.1114361313894925;3.655916882335239
72.1875;65.9714;6.1114361313894925;3.655916882335239
72.25;65.4857;6.1114361313894925;3.655916882335239
71.8125;65.6571;6.1114361313894925;3.655916882335239
71.125;65.3429;6.1114361313894925;3.655916882335239
70.625;65.1429;6.1114361313894925;3.655916882335239
70.375;65.6;6.1114361313894925;3.655916882335239
70.5625;65.5429;6.1114361313894925;3.655916882335239
71.0625;65.7429;6.1114361313894925;3.655916882335239
71.3125;65.2286;6.1114361313894925;3.655916882335239
70.8125;64.2;6.1114361313894925;3.655916882335239
69.75;62.6286;6.1114361313894925;3.655916882335239
68.8125;63.5714;6.1114361313894925;3.655916882335239
68.4375;62.5143;6.1114361313894925;3.655916882335239
68.75;63.7429;6.1114361313894925;3.655916882335239
69.6875;64.0571;6.1114361313894925;3.655916882335239
70.75;64.7429;6.1114361313894925;3.655916882335239
71.5;64.1714;6.1114361313894925;3.655916882335239
71.6875;64.0286;6.1114361313894925;3.655916882335239
71.1875;63.7714;6.1114361313894925;3.655916882335239
70.125;63.7714;6.1114361313894925;3.655916882335239
69.0625;63.4;6.1114361313894925;3.655916882335239
68.5625;63.4857;6.1114361313894925;3.655916882335239
68.8125;62.6286;6.1114361313894925;3.655916882335239
69.3125;62.4571;6.1114361313894925;3.655916882335239
69.375;62.0857;6.1114361313894925;3.655916882335239
69.125;61.6286;6.1114361313894925;3.655916882335239
68.875;61.3143;6.1114361313894925;3.655916882335239
68.6875;61.2857;6.1114361313894925;3.655916882335239
68.625;61.3714;6.1114361313894925;3.655916882335239
68.5;61.5429;6.1114361313894925;3.655916882335239
68.125;60.6857;6.1114361313894925;3.655916882335239
67.5625;60.2;6.1114361313894925;3.655916882335239
66.8125;59.5429;6.1114361313894925;3.655916882335239
65.6875;59.6286;6.1114361313894925;3.655916882335239
64.5;59.3429;6.1114361313894925;3.655916882335239
63.75;59.1143;6.1114361313894925;3.655916882335239
63.625;59.7714;6.1114361313894925;3.655916882335239
63.9375;59.4571;6.1114361313894925;3.655916882335239
64.25;59.3714;6.1114361313894925;3.655916882335239
64.1875;59.0857;6.1114361313894925;3.655916882335239
63.75;59.2571;6.1114361313894925;3.655916882335239
63.3125;58.4571;6.1114361313894925;3.655916882335239
63.125;59.0;6.1114361313894925;3.655916882335239
62.875;58.6286;6.1114361313894925;3.655916882335239
62.5625;58.6286;6.1114361313894925;3.655916882335239
62.1875;57.7714;6.1114361313894925;3.655916882335239
62.125;57.8286;6.1114361313894925;3.655916882335239
62.25;57.8;6.1114361313894925;3.655916882335239
62.375;57.4;6.1114361313894925;3.655916882335239
62.3125;57.8571;6.1114361313894925;3.655916882335239
62.0625;57.2857;6.1114361313894925;3.655916882335239
61.5625;57.0;6.1114361313894925;3.655916882335239
61.0625;56.1714;6.1114361313894925;3.655916882335239
60.625;57.5429;6.1114361313894925;3.655916882335239
60.5;58.1143;6.1114361313894925;3.655916882335239
60.6875;56.6;6.1114361313894925;3.655916882335239
61.0625;57.7143;6.1114361313894925;3.655916882335239
61.375;57.3143;6.1114361313894925;3.655916882335239
61.5;57.5429;6.1114361313894925;3.655916882335239
61.5;57.6286;6.1114361313894925;3.655916882335239
61.5;57.3143;6.1114361313894925;3.655916882335239
61.5;56.4571;6.1114361313894925;3.655916882335239
61.625;55.9429;6.1114361313894925;3.655916882335239
61.5;55.2857;6.1114361313894925;3.655916882335239
60.5625;55.2857;6.1114361313894925;3.655916882335239
59.0625;54.9143;6.1114361313894925;3.655916882335239
57.9375;54.8571;6.1114361313894925;3.655916882335239
57.6875;54.7429;6.1114361313894925;3.655916882335239
58.0625;54.5429;6.1114361313894925;3.655916882335239
58.625;54.3429;6.1114361313894925;3.655916882335239
58.75;54.4;6.1114361313894925;3.655916882335239
58.4375;54.2857;6.1114361313894925;3.655916882335239
58.0625;54.3714;6.1114361313894925;3.655916882335239
58.0;54.0;6.1114361313894925;3.655916882335239
58.1875;54.2;6.1114361313894925;3.655916882335239
58.4375;54.0286;6.1114361313894925;3.655916882335239
58.3125;53.5429;6.1114361313894925;3.655916882335239
57.75;53.3714;6.1114361313894925;3.655916882335239
57.125;53.3143;6.1114361313894925;3.655916882335239
56.8125;53.9429;6.1114361313894925;3.655916882335239
56.75;53.1143;6.1114361313894925;3.655916882335239
56.8125;52.7714;6.1114361313894925;3.655916882335239
56.6875;52.7714;6.1114361313894925;3.655916882335239
56.5625;52.7429;6.1114361313894925;3.655916882335239
56.5;52.2;6.1114361313894925;3.655916882335239
56.4375;52.4286;6.1114361313894925;3.655916882335239
56.375;52.6;6.1114361313894925;3.655916882335239
56.25;51.4286;6.1114361313894925;3.655916882335239
56.0625;52.4857;6.1114361313894925;3.655916882335239
55.9375;51.8;6.1114361313894925;3.655916882335239
55.875;51.8571;6.1114361313894925;3.655916882335239
55.875;51.8286;6.1114361313894925;3.655916882335239
55.875;52.6;6.1114361313894925;3.655916882335239
55.875;52.4286;6.1114361313894925;3.655916882335239
55.875;52.1714;6.1114361313894925;3.655916882335239
55.875;52.5429;6.1114361313894925;3.655916882335239
55.8125;52.4;6.1114361313894925;3.655916882335239
55.625;52.2571;6.1114361313894925;3.655916882335239
55.375;51.3714;6.1114361313894925;3.655916882335239
55.0;51.2;6.1114361313894925;3.655916882335239
54.625;50.9429;6.1114361313894925;3.655916882335239
54.1875;50.4;6.1114361313894925;3.655916882335239
53.9375;50.2286;6.1114361313894925;3.655916882335239
54.125;50.2857;6.1114361313894925;3.655916882335239
54.375;50.8857;6.1114361313894925;3.655916882335239
54.4375;49.9714;6.1114361313894925;3.655916882335239
54.25;50.6;6.1114361313894925;3.655916882335239
54.0625;50.3714;6.1114361313894925;3.655916882335239
53.9375;50.7143;6.1114361313894925;3.655916882335239
53.8125;50.2;6.1114361313894925;3.655916882335239
53.625;49.3714;6.1114361313894925;3.655916882335239
53.375;50.0857;6.1114361313894925;3.655916882335239
53.1875;49.4286;6.1114361313894925;3.655916882335239
53.0625;50.0;6.1114361313894925;3.655916882335239
52.9375;49.8;6.1114361313894925;3.655916882335239
52.875;49.7143;6.1114361313894925;3.655916882335239
52.75;49.4;6.1114361313894925;3.655916882335239
52.6875;48.8571;6.1114361313894925;3.655916882335239
52.625;49.4;6.1114361313894925;3.655916882335239
52.8125;49.3714;6.1114361313894925;3.655916882335239
52.9375;50.1143;6.1114361313894925;3.655916882335239
53.0625;49.6571;6.1114361313894925;3.655916882335239
53.125;49.0571;6.1114361313894925;3.655916882335239
53.125;48.4286;6.1114361313894925;3.655916882335239
53.125;48.1429;6.1114361313894925;3.655916882335239
53.0625;48.0571;6.1114361313894925;3.655916882335239
52.9375;47.9714;6.1114361313894925;3.655916882335239
52.75;48.4;6.1114361313894925;3.655916882335239
52.4375;48.6857;6.1114361313894925;3.655916882335239
52.25;48.4857;6.1114361313894925;3.655916882335239
52.125;48.4286;6.1114361313894925;3.655916882335239
51.875;48.3429;6.1114361313894925;3.655916882335239
51.5;47.9143;6.1114361313894925;3.655916882335239
51.0;47.4286;6.1114361313894925;3.655916882335239
50.5;46.9714;6.1114361313894925;3.655916882335239
50.0625;46.4857;6.1114361313894925;3.655916882335239
49.8125;46.2857;6.1114361313894925;3.655916882335239
49.75;46.6571;6.1114361313894925;3.655916882335239
49.625;46.0571;6.1114361313894925;3.655916882335239
49.5;45.9714;6.1114361313894925;3.655916882335239
49.4375;46.0571;6.1114361313894925;3.655916882335239
49.3125;45.5143;6.1114361313894925;3.655916882335239
49.125;45.6286;6.1114361313894925;3.655916882335239
49.0;45.0571;6.1114361313894925;3.655916882335239
49.0625;45.3143;6.1114361313894925;3.655916882335239
49.1875;45.3714;6.1114361313894925;3.655916882335239
49.25;45.2286;6.1114361313894925;3.655916882335239
49.125;45.6571;6.1114361313894925;3.655916882335239
49.0;45.8571;6.1114361313894925;3.655916882335239
48.8125;45.6;6.1114361313894925;3.655916882335239
48.6875;45.8857;6.1114361313894925;3.655916882335239
48.625;45.4857;6.1114361313894925;3.655916882335239
48.625;45.2;6.1114361313894925;3.655916882335239
48.625;45.0286;6.1114361313894925;3.655916882335239
48.6875;45.2571;6.1114361313894925;3.655916882335239
48.6875;45.2857;6.1114361313894925;3.655916882335239
48.6875;45.1143;6.1114361313894925;3.655916882335239
48.6875;45.3429;6.1114361313894925;3.655916882335239
48.625;45.0286;6.1114361313894925;3.655916882335239
48.5;44.9714;6.1114361313894925;3.655916882335239
48.3125;44.4571;6.1114361313894925;3.655916882335239
48.0;44.1429;6.1114361313894925;3.655916882335239
47.5;44.1714;6.1114361313894925;3.655916882335239
47.0625;43.8;6.1114361313894925;3.655916882335239
46.875;44.0857;6.1114361313894925;3.655916882335239
46.75;43.4;6.1114361313894925;3.655916882335239
46.6875;43.3429;6.1114361313894925;3.655916882335239
46.4375;42.6857;6.1114361313894925;3.655916882335239
46.0;42.5714;6.1114361313894925;3.655916882335239
45.625;42.8857;6.1114361313894925;3.655916882335239
45.5;42.8;6.1114361313894925;3.655916882335239
45.625;42.7429;6.1114361313894925;3.655916882335239
46.0625;43.2571;6.1114361313894925;3.655916882335239
46.5625;43.1714;6.1114361313894925;3.655916882335239
46.875;43.5429;6.1114361313894925;3.655916882335239
46.875;43.3429;6.1114361313894925;3.655916882335239
46.6875;42.9714;6.1114361313894925;3.655916882335239
46.375;42.4857;6.1114361313894925;3.655916882335239
46.0;42.2571;6.1114361313894925;3.655916882335239
45.5625;42.2286;6.1114361313894925;3.655916882335239
45.125;41.8;6.1114361313894925;3.655916882335239
44.8125;41.8;6.1114361313894925;3.655916882335239
44.875;41.6571;6.1114361313894925;3.655916882335239
45.1875;42.0286;6.1114361313894925;3.655916882335239
45.4375;41.8571;6.1114361313894925;3.655916882335239
45.625;42.0286;6.1114361313894925;3.655916882335239
45.6875;41.3714;6.1114361313894925;3.655916882335239
45.6875;41.0857;6.1114361313894925;3.655916882335239
45.6875;41.0286;6.1114361313894925;3.655916882335239
45.6875;40.8857;6.1114361313894925;3.655916882335239
45.5625;40.8286;6.1114361313894925;3.655916882335239
45.3125;41.0857;6.1114361313894925;3.655916882335239
44.875;41.3429;6.1114361313894925;3.655916882335239
44.375;40.7143;6.1114361313894925;3.655916882335239
43.75;40.4857;6.1114361313894925;3.655916882335239
43.1875;40.2571;6.1114361313894925;3.655916882335239
42.75;40.3714;6.1114361313894925;3.655916882335239
42.5625;40.2857;6.1114361313894925;3.655916882335239
42.3125;39.6;6.1114361313894925;3.655916882335239
42.125;39.2571;6.1114361313894925;3.655916882335239
41.9375;39.6;6.1114361313894925;3.655916882335239
41.875;39.5429;6.1114361313894925;3.655916882335239
41.9375;39.4;6.1114361313894925;3.655916882335239
42.125;39.8857;6.1114361313894925;3.655916882335239
42.3125;39.9714;6.1114361313894925;3.655916882335239
42.5;39.8;6.1114361313894925;3.655916882335239
42.5625;40.0571;6.1114361313894925;3.655916882335239
42.4375;39.6;6.1114361313894925;3.655916882335239
42.25;39.3143;6.1114361313894925;3.655916882335239
41.875;38.7143;6.1114361313894925;3.655916882335239
41.25;38.4286;6.1114361313894925;3.655916882335239
40.5625;38.5143;6.1114361313894925;3.655916882335239
39.9375;38.3429;6.1114361313894925;3.655916882335239
39.6875;37.8857;6.1114361313894925;3.655916882335239
39.6875;37.8;6.1114361313894925;3.655916882335239
39.9375;38.1143;6.1114361313894925;3.655916882335239
40.1875;38.3429;6.1114361313894925;3.655916882335239
40.3125;38.2857;6.1114361313894925;3.655916882335239
40.4375;38.0286;6.1114361313894925;3.655916882335239
40.4375;38.2286;6.1114361313894925;3.655916882335239
40.4375;37.8857;6.1114361313894925;3.655916882335239
40.4375;38.4286;6.1114361313894925;3.655916882335239
40.4375;38.2286;6.1114361313894925;3.655916882335239
40.25;37.8;6.1114361313894925;3.655916882335239
39.75;37.2571;6.1114361313894925;3.655916882335239
39.125;37.4571;6.1114361313894925;3.655916882335239
38.75;37.5429;6.1114361313894925;3.655916882335239
38.75;36.9429;6.1114361313894925;3.655916882335239
38.9375;37.4571;6.1114361313894925;3.655916882335239
39.1875;37.1714;6.1114361313894925;3.655916882335239
39.3125;37.1429;6.1114361313894925;3.655916882335239
39.0;36.2857;6.1114361313894925;3.655916882335239
38.5;36.0286;6.1114361313894925;3.655916882335239
37.9375;36.0857;6.1114361313894925;3.655916882335239
37.6875;35.8857;6.1114361313894925;3.655916882335239
37.625;36.1429;6.1114361313894925;3.655916882335239
37.75;36.2;6.1114361313894925;3.655916882335239
37.9375;36.0857;6.1114361313894925;3.655916882335239
38.0625;36.2;6.1114361313894925;3.655916882335239
38.0625;36.2286;6.1114361313894925;3.655916882335239
38.0625;36.0286;6.1114361313894925;3.655916882335239
38.0;36.1429;6.1114361313894925;3.655916882335239
37.8125;36.0;6.1114361313894925;3.655916882335239
37.5625;35.9429;6.1114361313894925;3.655916882335239
37.4375;35.8;6.1114361313894925;3.655916882335239
37.4375;35.9143;6.1114361313894925;3.655916882335239
37.4375;36.0571;6.1114361313894925;3.655916882335239
37.4375;35.6286;6.1114361313894925;3.655916882335239
37.3125;35.2;6.1114361313894925;3.655916882335239
37.1875;35.0857;6.1114361313894925;3.655916882335239
37.125;34.9143;6.1114361313894925;3.655916882335239
37.0625;35.2571;6.1114361313894925;3.655916882335239
37.0625;35.1714;6.1114361313894925;3.655916882335239
37.0625;34.9714;6.1114361313894925;3.655916882335239
37.0625;35.0286;6.1114361313894925;3.655916882335239
36.875;34.4286;6.1114361313894925;3.655916882335239
36.5;34.4286;6.1114361313894925;3.655916882335239
36.25;34.4857;6.1114361313894925;3.655916882335239
36.125;34.6286;6.1114361313894925;3.655916882335239
36.125;34.7714;6.1114361313894925;3.655916882335239
36.1875;34.4;6.1114361313894925;3.655916882335239
36.125;34.2;6.1114361313894925;3.655916882335239
36.0;33.8857;6.1114361313894925;3.655916882335239
35.875;33.7429;6.1114361313894925;3.655916882335239
35.625;33.4;6.1114361313894925;3.655916882335239
35.375;33.2857;6.1114361313894925;3.655916882335239
35.125;33.2857;6.1114361313894925;3.655916882335239
35.0;33.1429;6.1114361313894925;3.655916882335239
34.875;33.2571;6.1114361313894925;3.655916882335239
34.8125;32.8571;6.1114361313894925;3.655916882335239
34.6875;32.7714;6.1114361313894925;3.655916882335239
34.625;32.6286;6.1114361313894925;3.655916882335239
34.4375;32.5429;6.1114361313894925;3.655916882335239
34.375;32.4286;6.1114361313894925;3.655916882335239
34.4375;32.1714;6.1114361313894925;3.655916882335239
34.625;32.2;6.1114361313894925;3.655916882335239
34.625;32.5714;6.1114361313894925;3.655916882335239
34.5625;32.5714;6.1114361313894925;3.655916882335239
34.4375;32.0571;6.1114361313894925;3.655916882335239
34.125;31.9429;6.1114361313894925;3.655916882335239
33.75;31.8571;6.1114361313894925;3.655916882335239
33.4375;31.5714;6.1114361313894925;3.655916882335239
33.25;31.7143;6.1114361313894925;3.655916882335239
33.25;31.8571;6.1114361313894925;3.655916882335239
33.25;31.6286;6.1114361313894925;3.655916882335239
33.25;31.9714;6.1114361313894925;3.655916882335239
33.25;32.0286;6.1114361313894925;3.655916882335239
33.375;31.8857;6.1114361313894925;3.655916882335239
33.625;31.7714;6.1114361313894925;3.655916882335239
33.75;31.6286;6.1114361313894925;3.655916882335239
33.625;31.4571;6.1114361313894925;3.655916882335239
33.375;31.4286;6.1114361313894925;3.655916882335239
33.25;31.7143;6.1114361313894925;3.655916882335239
33.1875;31.2857;6.1114361313894925;3.655916882335239
33.25;31.3429;6.1114361313894925;3.655916882335239
33.1875;31.1714;6.1114361313894925;3.655916882335239
32.9375;30.7714;6.1114361313894925;3.655916882335239
32.5;30.6286;6.1114361313894925;3.655916882335239
32.0;30.2286;6.1114361313894925;3.655916882335239
31.6875;30.1143;6.1114361313894925;3.655916882335239
31.625;29.9714;6.1114361313894925;3.655916882335239
31.8125;29.8;6.1114361313894925;3.655916882335239
31.875;29.8;6.1114361313894925;3.655916882335239
31.875;29.7429;6.1114361313894925;3.655916882335239
31.75;29.7714;6.1114361313894925;3.655916882335239
31.5;29.8857;6.1114361313894925;3.655916882335239
31.4375;29.9143;6.1114361313894925;3.655916882335239
31.4375;29.9714;6.1114361313894925;3.655916882335239
31.5625;29.8;6.1114361313894925;3.655916882335239
31.5625;29.7714;6.1114361313894925;3.655916882335239
31.5;29.3429;6.1114361313894925;3.655916882335239
31.375;29.3143;6.1114361313894925;3.655916882335239
31.25;29.0857;6.1114361313894925;3.655916882335239
31.125;29.0571;6.1114361313894925;3.655916882335239
31.0625;29.1143;6.1114361313894925;3.655916882335239
31.0;28.9714;6.1114361313894925;3.655916882335239
31.0;28.9714;6.1114361313894925;3.655916882335239
31.0;28.7714;6.1114361313894925;3.655916882335239
31.0;28.8;6.1114361313894925;3.655916882335239
31.0;28.4286;6.1114361313894925;3.655916882335239
30.8125;28.6286;6.1114361313894925;3.655916882335239
30.5625;28.4857;6.1114361313894925;3.655916882335239
30.3125;28.0571;6.1114361313894925;3.655916882335239
30.0625;28.5143;6.1114361313894925;3.655916882335239
30.0;28.1429;6.1114361313894925;3.655916882335239
30.0625;28.5143;6.1114361313894925;3.655916882335239
30.25;28.4857;6.1114361313894925;3.655916882335239
30.375;28.4286;6.1114361313894925;3.655916882335239
30.25;28.3143;6.1114361313894925;3.655916882335239
30.0;28.0571;6.1114361313894925;3.655916882335239
29.5625;27.8286;6.1114361313894925;3.655916882335239
29.25;27.8;6.1114361313894925;3.655916882335239
29.125;27.6286;6.1114361313894925;3.655916882335239
29.1875;27.7429;6.1114361313894925;3.655916882335239
29.25;27.6571;6.1114361313894925;3.655916882335239
29.25;27.4;6.1114361313894925;3.655916882335239
29.125;27.4286;6.1114361313894925;3.655916882335239
29.0;27.3143;6.1114361313894925;3.655916882335239
28.875;27.2571;6.1114361313894925;3.655916882335239
28.8125;27.4;6.1114361313894925;3.655916882335239
28.75;27.2;6.1114361313894925;3.655916882335239
28.6875;27.2;6.1114361313894925;3.655916882335239
28.5625;26.8857;6.1114361313894925;3.655916882335239
28.4375;26.9143;6.1114361313894925;3.655916882335239
28.375;26.9714;6.1114361313894925;3.655916882335239
28.4375;27.0857;6.1114361313894925;3.655916882335239
28.5;27.3143;6.1114361313894925;3.655916882335239
28.5;27.0286;6.1114361313894925;3.655916882335239
28.5625;26.7143;6.1114361313894925;3.655916882335239
28.5625;26.2571;6.1114361313894925;3.655916882335239
28.5625;26.2286;6.1114361313894925;3.655916882335239
28.4375;26.3429;6.1114361313894925;3.655916882335239
28.0625;26.2857;6.1114361313894925;3.655916882335239
27.6875;26.0286;6.1114361313894925;3.655916882335239
27.375;25.7714;6.1114361313894925;3.655916882335239
27.1875;25.8;6.1114361313894925;3.655916882335239
27.0;25.7429;6.1114361313894925;3.655916882335239
26.875;25.5714;6.1114361313894925;3.655916882335239
26.875;25.4286;6.1114361313894925;3.655916882335239
26.875;25.2857;6.1114361313894925;3.655916882335239
26.875;25.3714;6.1114361313894925;3.655916882335239
26.75;25.1143;6.1114361313894925;3.655916882335239
26.5;24.8857;6.1114361313894925;3.655916882335239
26.375;24.9714;6.1114361313894925;3.655916882335239
26.3125;25.1143;6.1114361313894925;3.655916882335239
26.375;25.1429;6.1114361313894925;3.655916882335239
26.4375;25.2286;6.1114361313894925;3.655916882335239
26.4375;24.9714;6.1114361313894925;3.655916882335239
26.3125;24.8286;6.1114361313894925;3.655916882335239
26.125;24.7143;6.1114361313894925;3.655916882335239
26.0;24.7429;6.1114361313894925;3.655916882335239
25.8125;24.2571;6.1114361313894925;3.655916882335239
25.6875;24.6286;6.1114361313894925;3.655916882335239
25.625;24.3143;6.1114361313894925;3.655916882335239
25.625;24.4286;6.1114361313894925;3.655916882335239
25.6875;24.2571;6.1114361313894925;3.655916882335239
25.75;24.1714;6.1114361313894925;3.655916882335239
25.75;24.2;6.1114361313894925;3.655916882335239
25.75;24.0;6.1114361313894925;3.655916882335239
25.75;23.7429;6.1114361313894925;3.655916882335239
25.75;23.6571;6.1114361313894925;3.655916882335239
25.6875;23.9143;6.1114361313894925;3.655916882335239
25.6875;23.9714;6.1114361313894925;3.655916882335239
25.625;23.5714;6.1114361313894925;3.655916882335239
25.375;23.7143;6.1114361313894925;3.655916882335239
25.0625;23.5143;6.1114361313894925;3.655916882335239
24.6875;23.3714;6.1114361313894925;3.655916882335239
24.5;23.1143;6.1114361313894925;3.655916882335239
24.375;23.3429;6.1114361313894925;3.655916882335239
24.3125;23.1429;6.1114361313894925;3.655916882335239
24.375;23.1143;6.1114361313894925;3.655916882335239
24.4375;23.2286;6.1114361313894925;3.655916882335239
24.5;23.2857;6.1114361313894925;3.655916882335239
24.5;23.0857;6.1114361313894925;3.655916882335239
24.4375;22.9429;6.1114361313894925;3.655916882335239
24.25;22.8857;6.1114361313894925;3.655916882335239
23.9375;22.6;6.1114361313894925;3.655916882335239
23.75;22.4286;6.1114361313894925;3.655916882335239
23.625;22.3714;6.1114361313894925;3.655916882335239
23.6875;22.4857;6.1114361313894925;3.655916882335239
23.6875;22.1429;6.1114361313894925;3.655916882335239
23.5625;22.0571;6.1114361313894925;3.655916882335239
23.3125;22.1714;6.1114361313894925;3.655916882335239
23.1875;21.9429;6.1114361313894925;3.655916882335239
23.1875;21.8857;6.1114361313894925;3.655916882335239
23.125;21.9143;6.1114361313894925;3.655916882335239
23.0625;21.6286;6.1114361313894925;3.655916882335239
23.0;21.6571;6.1114361313894925;3.655916882335239
22.875;21.7143;6.1114361313894925;3.655916882335239
22.8125;21.4857;6.1114361313894925;3.655916882335239
22.75;21.2857;6.1114361313894925;3.655916882335239
22.75;21.4286;6.1114361313894925;3.655916882335239
22.75;21.1429;6.1114361313894925;3.655916882335239
22.75;21.2286;6.1114361313894925;3.655916882335239
22.75;21.1429;6.1114361313894925;3.655916882335239
22.625;21.0571;6.1114361313894925;3.655916882335239
22.4375;20.8857;6.1114361313894925;3.655916882335239
22.1875;21.0286;6.1114361313894925;3.655916882335239
22.0625;21.0571;6.1114361313894925;3.655916882335239
22.0;20.8857;6.1114361313894925;3.655916882335239
21.9375;20.9143;6.1114361313894925;3.655916882335239
21.875;20.9429;6.1114361313894925;3.655916882335239
21.75;20.5714;6.1114361313894925;3.655916882335239
21.75;20.7714;6.1114361313894925;3.655916882335239
21.75;20.7143;6.1114361313894925;3.655916882335239
21.75;20.6571;6.1114361313894925;3.655916882335239
21.75;20.6857;6.1114361313894925;3.655916882335239
21.6875;20.5429;6.1114361313894925;3.655916882335239
21.5625;20.5429;6.1114361313894925;3.655916882335239
21.4375;20.3143;6.1114361313894925;3.655916882335239
21.3125;20.3714;6.1114361313894925;3.655916882335239
21.25;20.2857;6.1114361313894925;3.655916882335239
21.1875;20.1429;6.1114361313894925;3.655916882335239
21.1875;20.2;6.1114361313894925;3.655916882335239
21.1875;19.9714;6.1114361313894925;3.655916882335239
21.125;19.9429;6.1114361313894925;3.655916882335239
21.0625;19.9429;6.1114361313894925;3.655916882335239
20.9375;19.9714;6.1114361313894925;3.655916882335239
20.875;19.8;6.1114361313894925;3.655916882335239
20.875;19.8571;6.1114361313894925;3.655916882335239
20.8125;19.7714;6.1114361313894925;3.655916882335239
20.75;19.7143;6.1114361313894925;3.655916882335239
20.75;19.6857;6.1114361313894925;3.655916882335239
20.6875;19.3429;6.1114361313894925;3.655916882335239
20.6875;19.2286;6.1114361313894925;3.655916882335239
20.6875;19.3143;6.1114361313894925;3.655916882335239
20.75;18.9714;6.1114361313894925;3.655916882335239
20.6875;19.1714;6.1114361313894925;3.655916882335239
20.5625;19.0571;6.1114361313894925;3.655916882335239
20.375;19.0286;6.1114361313894925;3.655916882335239
20.125;19.1143;6.1114361313894925;3.655916882335239
20.0;18.9429;6.1114361313894925;3.655916882335239
19.9375;19.0;6.1114361313894925;3.655916882335239
19.9375;18.9143;6.1114361313894925;3.655916882335239
19.875;18.7429;6.1114361313894925;3.655916882335239
19.75;18.6571;6.1114361313894925;3.655916882335239
19.6875;18.5143;6.1114361313894925;3.655916882335239
19.5625;18.6;6.1114361313894925;3.655916882335239
19.5;18.4286;6.1114361313894925;3.655916882335239
19.375;18.4286;6.1114361313894925;3.655916882335239
19.3125;18.2857;6.1114361313894925;3.655916882335239
19.25;18.2;6.1114361313894925;3.655916882335239
19.1875;18.1714;6.1114361313894925;3.655916882335239
19.125;18.0286;6.1114361313894925;3.655916882335239
19.125;18.0857;6.1114361313894925;3.655916882335239
19.0;17.9143;6.1114361313894925;3.655916882335239
18.9375;17.8286;6.1114361313894925;3.655916882335239
18.75;17.8286;6.1114361313894925;3.655916882335239
18.625;17.7143;6.1114361313894925;3.655916882335239
18.5;17.6571;6.1114361313894925;3.655916882335239
18.5;17.5429;6.1114361313894925;3.655916882335239
18.5;17.5429;6.1114361313894925;3.655916882335239
18.5;17.5714;6.1114361313894925;3.655916882335239
18.4375;17.4571;6.1114361313894925;3.655916882335239
18.4375;17.5143;6.1114361313894925;3.655916882335239
18.375;17.4286;6.1114361313894925;3.655916882335239
18.375;17.1714;6.1114361313894925;3.655916882335239
18.375;17.2286;6.1114361313894925;3.655916882335239
18.4375;17.2571;6.1114361313894925;3.655916882335239
18.4375;17.1429;6.1114361313894925;3.655916882335239
18.3125;17.0286;6.1114361313894925;3.655916882335239
18.125;17.0571;6.1114361313894925;3.655916882335239
17.9375;16.9143;6.1114361313894925;3.655916882335239
17.75;16.8286;6.1114361313894925;3.655916882335239
17.5625;16.6857;6.1114361313894925;3.655916882335239
17.5;16.6571;6.1114361313894925;3.655916882335239
17.4375;16.6286;6.1114361313894925;3.655916882335239
17.4375;16.5429;6.1114361313894925;3.655916882335239
17.375;16.4857;6.1114361313894925;3.655916882335239
17.375;16.4;6.1114361313894925;3.655916882335239
17.3125;16.4571;6.1114361313894925;3.655916882335239
17.25;16.3143;6.1114361313894925;3.655916882335239
17.125;16.2571;6.1114361313894925;3.655916882335239
17.0;16.2286;6.1114361313894925;3.655916882335239
16.875;16.0286;6.1114361313894925;3.655916882335239
16.8125;16.0857;6.1114361313894925;3.655916882335239
16.75;15.8571;6.1114361313894925;3.655916882335239
16.6875;15.8286;6.1114361313894925;3.655916882335239
16.625;15.8286;6.1114361313894925;3.655916882335239
16.5625;15.7714;6.1114361313894925;3.655916882335239
16.5625;15.6286;6.1114361313894925;3.655916882335239
16.4375;15.6857;6.1114361313894925;3.655916882335239
16.3125;15.5143;6.1114361313894925;3.655916882335239
16.25;15.5143;6.1114361313894925;3.655916882335239
16.25;15.4571;6.1114361313894925;3.655916882335239
16.3125;15.4571;6.1114361313894925;3.655916882335239
16.375;15.3429;6.1114361313894925;3.655916882335239
16.375;15.4;6.1114361313894925;3.655916882335239
16.4375;15.2286;6.1114361313894925;3.655916882335239
16.4375;15.2;6.1114361313894925;3.655916882335239
16.375;15.0857;6.1114361313894925;3.655916882335239
16.3125;15.1714;6.1114361313894925;3.655916882335239
16.125;15.0571;6.1114361313894925;3.655916882335239
15.9375;14.8857;6.1114361313894925;3.655916882335239
15.75;14.8857;6.1114361313894925;3.655916882335239
15.6875;14.7429;6.1114361313894925;3.655916882335239
15.625;14.6857;6.1114361313894925;3.655916882335239
15.5625;14.6857;6.1114361313894925;3.655916882335239
15.5625;14.7714;6.1114361313894925;3.655916882335239
15.625;14.6;6.1114361313894925;3.655916882335239
15.5625;14.6;6.1114361313894925;3.655916882335239
15.4375;14.5143;6.1114361313894925;3.655916882335239
15.375;14.4;6.1114361313894925;3.655916882335239
15.25;14.2857;6.1114361313894925;3.655916882335239
15.1875;14.2857;6.1114361313894925;3.655916882335239
15.125;14.1143;6.1114361313894925;3.655916882335239
15.0625;14.0571;6.1114361313894925;3.655916882335239
15.0625;13.9714;6.1114361313894925;3.655916882335239
15.0625;13.8857;6.1114361313894925;3.655916882335239
14.9375;13.8857;6.1114361313894925;3.655916882335239
14.75;13.7714;6.1114361313894925;3.655916882335239
14.6875;13.6857;6.1114361313894925;3.655916882335239
14.625;13.6;6.1114361313894925;3.655916882335239
14.5;13.5429;6.1114361313894925;3.655916882335239
14.4375;13.5143;6.1114361313894925;3.655916882335239
14.4375;13.4857;6.1114361313894925;3.655916882335239
14.4375;13.4286;6.1114361313894925;3.655916882335239
14.5;13.4286;6.1114361313894925;3.655916882335239
14.5;13.4571;6.1114361313894925;3.655916882335239
14.5625;13.3429;6.1114361313894925;3.655916882335239
14.5625;13.2857;6.1114361313894925;3.655916882335239
14.5625;13.2571;6.1114361313894925;3.655916882335239
14.5;13.1714;6.1114361313894925;3.655916882335239
14.4375;13.1143;6.1114361313894925;3.655916882335239
14.25;13.0857;6.1114361313894925;3.655916882335239
14.0625;13.0286;6.1114361313894925;3.655916882335239
13.875;12.9714;6.1114361313894925;3.655916882335239
13.75;12.9429;6.1114361313894925;3.655916882335239
13.6875;12.8;6.1114361313894925;3.655916882335239
13.625;12.7143;6.1114361313894925;3.655916882335239
13.5625;12.6857;6.1114361313894925;3.655916882335239
13.5;12.5714;6.1114361313894925;3.655916882335239
13.5;12.6571;6.1114361313894925;3.655916882335239
13.4375;12.5143;6.1114361313894925;3.655916882335239
13.375;12.4857;6.1114361313894925;3.655916882335239
13.3125;12.3714;6.1114361313894925;3.655916882335239
13.25;12.3143;6.1114361313894925;3.655916882335239
13.1875;12.3429;6.1114361313894925;3.655916882335239
13.1875;12.2571;6.1114361313894925;3.655916882335239
13.125;12.2286;6.1114361313894925;3.655916882335239
13.125;12.2;6.1114361313894925;3.655916882335239
13.0625;12.1143;6.1114361313894925;3.655916882335239
13.0625;12.0571;6.1114361313894925;3.655916882335239
12.9375;12.0286;6.1114361313894925;3.655916882335239
12.875;12.0286;6.1114361313894925;3.655916882335239
12.8125;12.0;6.1114361313894925;3.655916882335239
12.6875;11.8571;6.1114361313894925;3.655916882335239
12.625;11.8571;6.1114361313894925;3.655916882335239
12.625;11.8;6.1114361313894925;3.655916882335239
12.6875;11.7143;6.1114361313894925;3.655916882335239
12.75;11.6286;6.1114361313894925;3.655916882335239
12.75;11.6;6.1114361313894925;3.655916882335239
12.8125;11.6;6.1114361313894925;3.655916882335239
12.8125;11.5429;6.1114361313894925;3.655916882335239
12.75;11.5429;6.1114361313894925;3.655916882335239
12.625;11.4286;6.1114361313894925;3.655916882335239
12.4375;11.3714;6.1114361313894925;3.655916882335239
12.25;11.3143;6.1114361313894925;3.655916882335239
12.125;11.2571;6.1114361313894925;3.655916882335239
12.0;11.2286;6.1114361313894925;3.655916882335239
12.0;11.2571;6.1114361313894925;3.655916882335239
11.9375;11.1714;6.1114361313894925;3.655916882335239
11.9375;11.1429;6.1114361313894925;3.655916882335239
11.875;11.0857;6.1114361313894925;3.655916882335239
11.875;10.9714;6.1114361313894925;3.655916882335239
11.8125;10.9429;6.1114361313894925;3.655916882335239
11.75;10.8571;6.1114361313894925;3.655916882335239
11.75;10.8;6.1114361313894925;3.655916882335239
11.75;10.8;6.1114361313894925;3.655916882335239
11.6875;10.6857;6.1114361313894925;3.655916882335239
11.625;10.6857;6.1114361313894925;3.655916882335239
11.5;10.6286;6.1114361313894925;3.655916882335239
11.5;10.5714;6.1114361313894925;3.655916882335239
11.4375;10.4571;6.1114361313894925;3.655916882335239
11.375;10.4857;6.1114361313894925;3.655916882335239
11.25;10.3714;6.1114361313894925;3.655916882335239
11.125;10.3143;6.1114361313894925;3.655916882335239
11.0625;10.2286;6.1114361313894925;3.655916882335239
11.0625;10.1714;6.1114361313894925;3.655916882335239
11.0625;10.1429;6.1114361313894925;3.655916882335239
11.0625;10.0857;6.1114361313894925;3.655916882335239
11.0625;10.1143;6.1114361313894925;3.655916882335239
11.0625;9.9714;6.1114361313894925;3.655916882335239
11.0625;9.9143;6.1114361313894925;3.655916882335239
11.125;9.8857;6.1114361313894925;3.655916882335239
11.125;9.8571;6.1114361313894925;3.655916882335239
11.0625;9.8571;6.1114361313894925;3.655916882335239
11.0;9.7714;6.1114361313894925;3.655916882335239
10.75;9.7143;6.1114361313894925;3.655916882335239
10.5625;9.6286;6.1114361313894925;3.655916882335239
10.4375;9.5714;6.1114361313894925;3.655916882335239
10.375;9.5429;6.1114361313894925;3.655916882335239
10.375;9.4857;6.1114361313894925;3.655916882335239
10.4375;9.4;6.1114361313894925;3.655916882335239
10.5;9.3714;6.1114361313894925;3.655916882335239
10.4375;9.2857;6.1114361313894925;3.655916882335239
10.375;9.2571;6.1114361313894925;3.655916882335239
10.3125;9.2286;6.1114361313894925;3.655916882335239
10.25;9.1714;6.1114361313894925;3.655916882335239
10.25;9.1429;6.1114361313894925;3.655916882335239
10.1875;9.0571;6.1114361313894925;3.655916882335239
10.125;9.0571;6.1114361313894925;3.655916882335239
10.0625;9.0286;6.1114361313894925;3.655916882335239
10.0625;9.0;6.1114361313894925;3.655916882335239
10.125;8.9714;6.1114361313894925;3.655916882335239
10.0625;8.8571;6.1114361313894925;3.655916882335239
10.0;8.7714;6.1114361313894925;3.655916882335239
9.9375;8.7714;6.1114361313894925;3.655916882335239
9.875;8.6857;6.1114361313894925;3.655916882335239
9.8125;8.6;6.1114361313894925;3.655916882335239
9.6875;8.6286;6.1114361313894925;3.655916882335239
9.5625;8.5143;6.1114361313894925;3.655916882335239
9.4375;8.5429;6.1114361313894925;3.655916882335239
9.3125;8.4286;6.1114361313894925;3.655916882335239
9.25;8.4;6.1114361313894925;3.655916882335239
9.25;8.3714;6.1114361313894925;3.655916882335239
9.25;8.2857;6.1114361313894925;3.655916882335239
9.3125;8.2571;6.1114361313894925;3.655916882335239
9.375;8.1429;6.1114361313894925;3.655916882335239
9.4375;8.1714;6.1114361313894925;3.655916882335239
9.375;8.0571;6.1114361313894925;3.655916882335239
9.3125;8.0571;6.1114361313894925;3.655916882335239
9.25;8.0;6.1114361313894925;3.655916882335239
9.1875;7.9714;6.1114361313894925;3.655916882335239
9.125;7.8571;6.1114361313894925;3.655916882335239
9.125;7.8571;6.1114361313894925;3.655916882335239
9.0625;7.8286;6.1114361313894925;3.655916882335239
9.0;7.8286;6.1114361313894925;3.655916882335239
8.9375;7.7714;6.1114361313894925;3.655916882335239
9.0;7.7429;6.1114361313894925;3.655916882335239
9.0;7.6857;6.1114361313894925;3.655916882335239
9.0625;7.6857;6.1114361313894925;3.655916882335239
9.0;7.6286;6.1114361313894925;3.655916882335239
8.8125;7.5143;6.1114361313894925;3.655916882335239
8.5625;7.4571;6.1114361313894925;3.655916882335239
8.5;7.4;6.1114361313894925;3.655916882335239
8.5;7.4;6.1114361313894925;3.655916882335239
8.5;7.3143;6.1114361313894925;3.655916882335239
8.375;7.2571;6.1114361313894925;3.655916882335239
8.375;7.2857;6.1114361313894925;3.655916882335239
8.4375;7.2286;6.1114361313894925;3.655916882335239
8.375;7.1714;6.1114361313894925;3.655916882335239
8.1875;7.2;6.1114361313894925;3.655916882335239
7.9375;7.1143;6.1114361313894925;3.655916882335239
7.8125;7.0286;6.1114361313894925;3.655916882335239
7.875;6.9714;6.1114361313894925;3.655916882335239
7.9375;6.9714;6.1114361313894925;3.655916882335239
8.0;6.9143;6.1114361313894925;3.655916882335239
8.0625;6.8571;6.1114361313894925;3.655916882335239
8.0;6.8286;6.1114361313894925;3.655916882335239
7.75;6.7143;6.1114361313894925;3.655916882335239
7.5625;6.7714;6.1114361313894925;3.655916882335239
7.4375;6.6857;6.1114361313894925;3.655916882335239
7.375;6.6286;6.1114361313894925;3.655916882335239
7.1875;6.6;6.1114361313894925;3.655916882335239
6.9375;6.5714;6.1114361313894925;3.655916882335239
6.6875;6.5429;6.1114361313894925;3.655916882335239
6.6875;6.5143;6.1114361313894925;3.655916882335239
6.875;6.4857;6.1114361313894925;3.655916882335239
6.9375;6.4286;6.1114361313894925;3.655916882335239
6.8125;6.3714;6.1114361313894925;3.655916882335239
6.75;6.3429;6.1114361313894925;3.655916882335239
6.8125;6.3143;6.1114361313894925;3.655916882335239
6.875;6.2857;6.1114361313894925;3.655916882335239
6.8125;6.1429;6.1114361313894925;3.655916882335239
6.6875;6.1429;6.1114361313894925;3.655916882335239
6.625;6.1143;6.1114361313894925;3.655916882335239
6.5625;6.0571;6.1114361313894925;3.655916882335239
6.5625;6.0286;6.1114361313894925;3.655916882335239
6.625;5.9429;6.1114361313894925;3.655916882335239
6.5;5.9429;6.1114361313894925;3.655916882335239
6.3125;5.8857;6.1114361313894925;3.655916882335239
6.1875;5.8;6.1114361313894925;3.655916882335239
6.0;5.8571;6.1114361313894925;3.655916882335239
6.0;5.8286;6.1114361313894925;3.655916882335239
5.9375;5.7429;6.1114361313894925;3.655916882335239
5.75;5.7143;6.1114361313894925;3.655916882335239
5.5;5.6571;6.1114361313894925;3.655916882335239
5.3125;5.6571;6.1114361313894925;3.655916882335239
5.1875;5.6;6.1114361313894925;3.655916882335239
5.1875;5.5429;6.1114361313894925;3.655916882335239
5.1875;5.4857;6.1114361313894925;3.655916882335239
5.25;5.4571;6.1114361313894925;3.655916882335239
5.4375;5.4;6.1114361313894925;3.655916882335239
5.5625;5.3714;6.1114361313894925;3.655916882335239
5.5625;5.3143;6.1114361313894925;3.655916882335239
5.5;5.2;6.1114361313894925;3.655916882335239
5.375;5.2286;6.1114361313894925;3.655916882335239
5.1875;5.2286;6.1114361313894925;3.655916882335239
5.125;5.1714;6.1114361313894925;3.655916882335239
5.0625;5.1714;6.1114361313894925;3.655916882335239
5.0625;5.0857;6.1114361313894925;3.655916882335239
5.0625;5.0286;6.1114361313894925;3.655916882335239
5.0;5.0571;6.1114361313894925;3.655916882335239
5.0;5.0;6.1114361313894925;3.655916882335239
5.0625;4.9429;6.1114361313894925;3.655916882335239
5.0625;4.9143;6.1114361313894925;3.655916882335239
5.0;4.8857;6.1114361313894925;3.655916882335239
4.875;4.8857;6.1114361313894925;3.655916882335239
4.625;4.7714;6.1114361313894925;3.655916882335239
4.4375;4.7143;6.1114361313894925;3.655916882335239
4.375;4.6571;6.1114361313894925;3.655916882335239
4.5625;4.6571;6.1114361313894925;3.655916882335239
4.6875;4.6286;6.1114361313894925;3.655916882335239
4.625;4.5714;6.1114361313894925;3.655916882335239
4.5;4.6;6.1114361313894925;3.655916882335239
4.375;4.4857;6.1114361313894925;3.655916882335239
4.25;4.4857;6.1114361313894925;3.655916882335239
4.1875;4.4571;6.1114361313894925;3.655916882335239
4.1875;4.4;6.1114361313894925;3.655916882335239
4.25;4.4;6.1114361313894925;3.655916882335239
4.25;4.2857;6.1114361313894925;3.655916882335239
4.3125;4.2857;6.1114361313894925;3.655916882335239
4.3125;4.2857;6.1114361313894925;3.655916882335239
4.1875;4.2286;6.1114361313894925;3.655916882335239
3.9375;4.2;6.1114361313894925;3.655916882335239
3.6875;4.1429;6.1114361313894925;3.655916882335239
3.5;4.1143;6.1114361313894925;3.655916882335239
3.375;4.0571;6.1114361313894925;3.655916882335239
3.375;4.0857;6.1114361313894925;3.655916882335239
3.5625;4.0286;6.1114361313894925;3.655916882335239
3.6875;4.0;6.1114361313894925;3.655916882335239
3.625;3.9429;6.1114361313894925;3.655916882335239
3.5;3.8857;6.1114361313894925;3.655916882335239
3.3125;3.8571;6.1114361313894925;3.655916882335239
3.3125;3.8571;6.1114361313894925;3.655916882335239
3.375;3.8571;6.1114361313894925;3.655916882335239
3.3125;3.7429;6.1114361313894925;3.655916882335239
3.0625;3.7714;6.1114361313894925;3.655916882335239
2.5;3.7143;6.1114361313894925;3.655916882335239
1.9375;3.6857;6.1114361313894925;3.655916882335239
1.5;3.6571;6.1114361313894925;3.655916882335239
1.75;3.5714;6.1114361313894925;3.655916882335239
2.3125;3.5714;6.1114361313894925;3.655916882335239
2.6875;3.5429;6.1114361313894925;3.655916882335239
3.0;3.5143;6.1114361313894925;3.655916882335239
3.375;3.4571;6.1114361313894925;3.655916882335239
3.6875;3.4;6.1114361313894925;3.655916882335239
3.875;3.4;6.1114361313894925;3.655916882335239
3.6875;3.3429;6.1114361313894925;3.655916882335239
3.125;3.3143;6.1114361313894925;3.655916882335239
2.4375;3.3143;6.1114361313894925;3.655916882335239
2.0625;3.3429;6.1114361313894925;3.655916882335239
1.875;3.2286;6.1114361313894925;3.655916882335239
1.875;3.2;6.1114361313894925;3.655916882335239
2.0;3.2571;6.1114361313894925;3.655916882335239
2.25;3.1714;6.1114361313894925;3.655916882335239
2.1875;3.0571;6.1114361313894925;3.655916882335239
1.75;3.0857;6.1114361313894925;3.655916882335239
1.375;3.0286;6.1114361313894925;3.655916882335239
1.3125;3.0286;6.1114361313894925;3.655916882335239
1.375;2.9714;6.1114361313894925;3.655916882335239
1.625;3.0286;6.1114361313894925;3.655916882335239
1.6875;2.8857;6.1114361313894925;3.655916882335239
1.4375;2.9143;6.1114361313894925;3.655916882335239
1.4375;2.8286;6.1114361313894925;3.655916882335239
1.6875;2.8286;6.1114361313894925;3.655916882335239
2.0;2.8;6.1114361313894925;3.655916882335239
2.0;2.8;6.1114361313894925;3.655916882335239
1.625;2.7143;6.1114361313894925;3.655916882335239
1.4375;2.6857;6.1114361313894925;3.655916882335239
1.25;2.6286;6.1114361313894925;3.655916882335239
1.0625;2.6571;6.1114361313894925;3.655916882335239
1.0;2.5714;6.1114361313894925;3.655916882335239
0.8125;2.5143;6.1114361313894925;3.655916882335239
0.8125;2.5429;6.1114361313894925;3.655916882335239
1.0625;2.4857;6.1114361313894925;3.655916882335239
1.5;2.4571;6.1114361313894925;3.655916882335239
1.625;2.4286;6.1114361313894925;3.655916882335239
1.1875;2.3429;6.1114361313894925;3.655916882335239
0.625;2.4;6.1114361313894925;3.655916882335239
0.25;2.2857;6.1114361313894925;3.655916882335239
0.0625;2.3714;6.1114361313894925;3.655916882335239
0.0;2.2571;6.1114361313894925;3.655916882335239
0.0;2.2286;6.1114361313894925;3.655916882335239
0.0;2.2286;6.1114361313894925;3.655916882335239
0.0;2.2286;6.1114361313894925;3.655916882335239
0.0;2.1429;6.1114361313894925;3.655916882335239
0.0;2.1143;6.1114361313894925;3.655916882335239
0.0;2.1143;6.1114361313894925;3.655916882335239
0.0;2.0571;6.1114361313894925;3.655916882335239
0.0;2.0857;6.1114361313894925;3.655916882335239
0.0;2.0571;6.1114361313894925;3.655916882335239
0.0625;2.0286;6.1114361313894925;3.655916882335239
0.0;2.0;6.1114361313894925;3.655916882335239
0.125;1.9143;6.1114361313894925;3.655916882335239
0.375;1.9143;6.1114361313894925;3.655916882335239
0.4375;1.9714;6.1114361313894925;3.655916882335239
0.25;1.9429;6.1114361313894925;3.655916882335239
0.125;1.8286;6.1114361313894925;3.655916882335239
0.0;1.8286;6.1114361313894925;3.655916882335239
0.0;1.7714;6.1114361313894925;3.655916882335239
-0.25;1.6857;6.1114361313894925;3.655916882335239
-0.75;1.7429;6.1114361313894925;3.655916882335239
-0.8125;1.6571;6.1114361313894925;3.655916882335239
-0.5;1.6857;6.1114361313894925;3.655916882335239
-0.1875;1.6857;6.1114361313894925;3.655916882335239
0.0;1.6286;6.1114361313894925;3.655916882335239
0.0;1.5429;6.1114361313894925;3.655916882335239
0.0;1.6;6.1114361313894925;3.655916882335239
0.0625;1.4857;6.1114361313894925;3.655916882335239
0.125;1.5429;6.1114361313894925;3.655916882335239
0.1875;1.4857;6.1114361313894925;3.655916882335239
0.1875;1.4;6.1114361313894925;3.655916882335239
0.0625;1.4286;6.1114361313894925;3.655916882335239
0.0;1.3714;6.1114361313894925;3.655916882335239
0.0;1.3429;6.1114361313894925;3.655916882335239
0.0;1.3714;6.1114361313894925;3.655916882335239
0.0;1.3143;6.1114361313894925;3.655916882335239
0.1875;1.3143;6.1114361313894925;3.655916882335239
0.5625;1.3143;6.1114361313894925;3.655916882335239
0.625;1.2857;6.1114361313894925;3.655916882335239
0.1875;1.3143;6.1114361313894925;3.655916882335239
-0.375;1.2571;6.1114361313894925;3.655916882335239
-0.625;1.2286;6.1114361313894925;3.655916882335239
-0.4375;1.2286;6.1114361313894925;3.655916882335239
-0.3125;1.1143;6.1114361313894925;3.655916882335239
-0.4375;1.1429;6.1114361313894925;3.655916882335239
-0.375;1.1143;6.1114361313894925;3.655916882335239
-0.25;1.0571;6.1114361313894925;3.655916882335239
-0.3125;1.0286;6.1114361313894925;3.655916882335239
-0.625;1.0;6.1114361313894925;3.655916882335239
-1.0;0.9143;6.1114361313894925;3.655916882335239
-0.75;0.9143;6.1114361313894925;3.655916882335239
0.0;0.8857;6.1114361313894925;3.655916882335239
0.375;0.9714;6.1114361313894925;3.655916882335239
0.375;0.9143;6.1114361313894925;3.655916882335239
0.1875;0.8286;6.1114361313894925;3.655916882335239
0.0625;0.9143;6.1114361313894925;3.655916882335239
0.0;0.8571;6.1114361313894925;3.655916882335239
-0.0625;0.8;6.1114361313894925;3.655916882335239
-0.1875;0.8286;6.1114361313894925;3.655916882335239
-0.1875;0.7714;6.1114361313894925;3.655916882335239
-0.125;0.7143;6.1114361313894925;3.655916882335239
-0.375;0.8;6.1114361313894925;3.655916882335239
-1.125;0.7429;6.1114361313894925;3.655916882335239
-1.625;0.7143;6.1114361313894925;3.655916882335239
-1.6875;0.7143;6.1114361313894925;3.655916882335239
-1.5;0.7143;6.1114361313894925;3.655916882335239
-1.375;0.6286;6.1114361313894925;3.655916882335239
-1.3125;0.6571;6.1114361313894925;3.655916882335239
-1.125;0.6286;6.1114361313894925;3.655916882335239
-1.125;0.6;6.1114361313894925;3.655916882335239
-1.375;0.6286;6.1114361313894925;3.655916882335239
-1.25;0.6571;6.1114361313894925;3.655916882335239
-0.6875;0.6;6.1114361313894925;3.655916882335239
-0.25;0.5143;6.1114361313894925;3.655916882335239
-0.3125;0.4857;6.1114361313894925;3.655916882335239
-0.875;0.5714;6.1114361313894925;3.655916882335239
-1.125;0.4571;6.1114361313894925;3.655916882335239
-0.75;0.5429;6.1114361313894925;3.655916882335239
-0.25;0.5143;6.1114361313894925;3.655916882335239
0.0;0.4571;6.1114361313894925;3.655916882335239
0.125;0.4571;6.1114361313894925;3.655916882335239
0.1875;0.4286;6.1114361313894925;3.655916882335239
0.0625;0.4286;6.1114361313894925;3.655916882335239
-0.375;0.4286;6.1114361313894925;3.655916882335239
-1.0;0.4571;6.1114361313894925;3.655916882335239
-1.25;0.3714;6.1114361313894925;3.655916882335239
-1.125;0.3714;6.1114361313894925;3.655916882335239
-0.9375;0.3714;6.1114361313894925;3.655916882335239
-0.9375;0.2571;6.1114361313894925;3.655916882335239
-0.6875;0.3143;6.1114361313894925;3.655916882335239
0.0;0.3143;6.1114361313894925;3.655916882335239
0.5625;0.3429;6.1114361313894925;3.655916882335239
0.625;0.3429;6.1114361313894925;3.655916882335239
0.1875;0.2571;6.1114361313894925;3.655916882335239
-0.4375;0.3429;6.1114361313894925;3.655916882335239
-0.6875;0.2857;6.1114361313894925;3.655916882335239
-0.5;0.2571;6.1114361313894925;3.655916882335239
-0.25;0.2286;6.1114361313894925;3.655916882335239
-0.0625;0.2;6.1114361313894925;3.655916882335239
0.0;0.2857;6.1114361313894925;3.655916882335239
0.0;0.2571;6.1114361313894925;3.655916882335239
-0.0625;0.2571;6.1114361313894925;3.655916882335239
-0.4375;0.2571;6.1114361313894925;3.655916882335239
-0.5;0.2857;6.1114361313894925;3.655916882335239
-0.1875;0.1143;6.1114361313894925;3.655916882335239
0.0;0.1714;6.1114361313894925;3.655916882335239
0.0625;0.1143;6.1114361313894925;3.655916882335239
0.0625;0.1714;6.1114361313894925;3.655916882335239
0.0625;0.2571;6.1114361313894925;3.655916882335239
0.0625;0.2286;6.1114361313894925;3.655916882335239
0.0625;0.2571;6.1114361313894925;3.655916882335239
0.0;0.2286;6.1114361313894925;3.655916882335239
-0.3125;0.2286;6.1114361313894925;3.655916882335239
-1.0;0.2;6.1114361313894925;3.655916882335239
-1.1875;0.1714;6.1114361313894925;3.655916882335239
-0.75;0.1429;6.1114361313894925;3.655916882335239
-0.3125;0.2;6.1114361313894925;3.655916882335239
-0.0625;0.2286;6.1114361313894925;3.655916882335239
-0.0625;0.1429;6.1114361313894925;3.655916882335239
0.0;0.2;6.1114361313894925;3.655916882335239
0.0;0.2571;6.1114361313894925;3.655916882335239
-0.0625;0.2;6.1114361313894925;3.655916882335239
-0.3125;0.2;6.1114361313894925;3.655916882335239
-0.375;0.1429;6.1114361313894925;3.655916882335239
-0.25;0.2;6.1114361313894925;3.655916882335239
-0.125;0.1143;6.1114361313894925;3.655916882335239
0.0;0.1429;6.1114361313894925;3.655916882335239
0.1875;0.1429;6.1114361313894925;3.655916882335239
0.375;0.2;6.1114361313894925;3.655916882335239
0.5;0.1714;6.1114361313894925;3.655916882335239
0.5625;0.1429;6.1114361313894925;3.655916882335239
0.5625;0.0857;6.1114361313894925;3.655916882335239
0.5;0.0286;6.1114361313894925;3.655916882335239
0.125;0.1714;6.1114361313894925;3.655916882335239
-0.375;0.0857;6.1114361313894925;3.655916882335239
-0.625;0.1429;6.1114361313894925;3.655916882335239
-0.4375;0.1429;6.1114361313894925;3.655916882335239
-0.1875;0.0857;6.1114361313894925;3.655916882335239
0.0;0.1714;6.1114361313894925;3.655916882335239
0.0;0.1143;6.1114361313894925;3.655916882335239
0.0;0.1714;6.1114361313894925;3.655916882335239
0.0;0.1429;6.1114361313894925;3.655916882335239
-0.125;0.1429;6.1114361313894925;3.655916882335239
-0.5625;0.2;6.1114361313894925;3.655916882335239
-1.0;0.1429;6.1114361313894925;3.655916882335239
-0.875;0.0571;6.1114361313894925;3.655916882335239
-0.5;0.1143;6.1114361313894925;3.655916882335239
-0.125;0.0857;6.1114361313894925;3.655916882335239
0.0;0.0571;6.1114361313894925;3.655916882335239
0.0;0.0857;6.1114361313894925;3.655916882335239
-0.125;0.1143;6.1114361313894925;3.655916882335239
-0.625;0.1429;6.1114361313894925;3.655916882335239
-0.75;0.0857;6.1114361313894925;3.655916882335239
-0.5;0.0571;6.1114361313894925;3.655916882335239
-0.375;0.1429;6.1114361313894925;3.655916882335239
-0.5;0.1429;6.1114361313894925;3.655916882335239
-0.5;0.1143;6.1114361313894925;3.655916882335239
-0.5625;0.0857;6.1114361313894925;3.655916882335239
-1.0;0.0857;6.1114361313894925;3.655916882335239
-1.0;0.1429;6.1114361313894925;3.655916882335239
-0.625;0.1143;6.1114361313894925;3.655916882335239
-0.25;0.0286;6.1114361313894925;3.655916882335239
0.0;0.2;6.1114361313894925;3.655916882335239
0.0;0.0857;6.1114361313894925;3.655916882335239
0.0625;0.1429;6.1114361313894925;3.655916882335239
-0.1875;0.0286;6.1114361313894925;3.655916882335239
-1.0625;0.0571;6.1114361313894925;3.655916882335239
-2.0625;0.0857;6.1114361313894925;3.655916882335239
-2.3125;0.1143;6.1114361313894925;3.655916882335239
-1.6875;0.1143;6.1114361313894925;3.655916882335239
-1.125;0.0857;6.1114361313894925;3.655916882335239
-1.0625;0.0286;6.1114361313894925;3.655916882335239
-0.875;0.0286;6.1114361313894925;3.655916882335239
-0.5;-0.0286;6.1114361313894925;3.655916882335239
-0.1875;0.0;6.1114361313894925;3.655916882335239
-0.1875;0.1429;6.1114361313894925;3.655916882335239
-0.375;0.0286;6.1114361313894925;3.655916882335239
-0.375;-0.0286;6.1114361313894925;3.655916882335239
-0.375;0.0571;6.1114361313894925;3.655916882335239
-0.625;0.2;6.1114361313894925;3.655916882335239
-0.75;0.0286;6.1114361313894925;3.655916882335239
-0.6875;0.1143;6.1114361313894925;3.655916882335239
-0.5;0.0571;6.1114361313894925;3.655916882335239
-0.3125;-0.0286;6.1114361313894925;3.655916882335239
-0.4375;0.0286;6.1114361313894925;3.655916882335239
-0.5625;0.0286;6.1114361313894925;3.655916882335239
-0.4375;0.0571;6.1114361313894925;3.655916882335239
-0.375;0.0286;6.1114361313894925;3.655916882335239
-0.6875;0.0571;6.1114361313894925;3.655916882335239
-0.9375;-0.0286;6.1114361313894925;3.655916882335239
-0.8125;0.0857;6.1114361313894925;3.655916882335239
-0.4375;0.0286;6.1114361313894925;3.655916882335239
-0.125;0.0571;6.1114361313894925;3.655916882335239
0.0;0.0286;6.1114361313894925;3.655916882335239
0.0;0.0;6.1114361313894925;3.655916882335239
0.0;0.0286;6.1114361313894925;3.655916882335239
-0.125;0.0571;6.1114361313894925;3.655916882335239
-0.6875;0.0286;6.1114361313894925;3.655916882335239
-1.125;0.1429;6.1114361313894925;3.655916882335239
-0.9375;0.0571;6.1114361313894925;3.655916882335239
-0.5;0.0857;6.1114361313894925;3.655916882335239
-0.1875;0.0857;6.1114361313894925;3.655916882335239
0.0;0.0;6.1114361313894925;3.655916882335239
0.0625;-0.0286;6.1114361313894925;3.655916882335239
