SF-A-022;Sensirion;RMSE;MAE
5.9375;-6.1714;135.17696636224102;101.58797550345656
5.8125;-6.1714;135.17696636224102;101.58797550345656
5.5;-6.1143;135.17696636224102;101.58797550345656
5.25;-6.0571;135.17696636224102;101.58797550345656
5.25;-6.0571;135.17696636224102;101.58797550345656
5.5;-6.0571;135.17696636224102;101.58797550345656
5.875;-5.9429;135.17696636224102;101.58797550345656
6.0;-5.9143;135.17696636224102;101.58797550345656
5.8125;-5.9143;135.17696636224102;101.58797550345656
5.375;-5.8286;135.17696636224102;101.58797550345656
5.1875;-5.8286;135.17696636224102;101.58797550345656
5.125;-5.7714;135.17696636224102;101.58797550345656
5.125;-5.7429;135.17696636224102;101.58797550345656
5.375;-5.7143;135.17696636224102;101.58797550345656
5.625;-5.6571;135.17696636224102;101.58797550345656
5.5;-5.6286;135.17696636224102;101.58797550345656
5.25;-5.5714;135.17696636224102;101.58797550345656
5.0625;-5.5714;135.17696636224102;101.58797550345656
4.875;-5.5429;135.17696636224102;101.58797550345656
4.75;-5.5714;135.17696636224102;101.58797550345656
4.75;-5.4571;135.17696636224102;101.58797550345656
4.9375;-5.5143;135.17696636224102;101.58797550345656
5.1875;-5.5143;135.17696636224102;101.58797550345656
5.375;-5.4857;135.17696636224102;101.58797550345656
5.4375;-5.5143;135.17696636224102;101.58797550345656
5.4375;-5.5429;135.17696636224102;101.58797550345656
5.375;-5.5714;135.17696636224102;101.58797550345656
5.3125;-5.6857;135.17696636224102;101.58797550345656
5.125;-5.6857;135.17696636224102;101.58797550345656
5.0;-5.7714;135.17696636224102;101.58797550345656
5.0;-5.8571;135.17696636224102;101.58797550345656
5.125;-6.0;135.17696636224102;101.58797550345656
5.1875;-6.1143;135.17696636224102;101.58797550345656
5.1875;-6.2857;135.17696636224102;101.58797550345656
5.1875;-6.4857;135.17696636224102;101.58797550345656
5.4375;-6.6286;135.17696636224102;101.58797550345656
5.75;-6.8;135.17696636224102;101.58797550345656
5.9375;-7.0571;135.17696636224102;101.58797550345656
6.125;-7.3429;135.17696636224102;101.58797550345656
6.375;-7.5429;135.17696636224102;101.58797550345656
6.625;-7.8286;135.17696636224102;101.58797550345656
6.875;-8.0857;135.17696636224102;101.58797550345656
7.1875;-8.4;135.17696636224102;101.58797550345656
7.5625;-8.8857;135.17696636224102;101.58797550345656
8.0;-9.2;135.17696636224102;101.58797550345656
8.4375;-9.5714;135.17696636224102;101.58797550345656
8.875;-9.8857;135.17696636224102;101.58797550345656
9.25;-10.4;135.17696636224102;101.58797550345656
9.375;-10.7714;135.17696636224102;101.58797550345656
9.5625;-11.2286;135.17696636224102;101.58797550345656
9.8125;-11.7143;135.17696636224102;101.58797550345656
10.1875;-12.3143;135.17696636224102;101.58797550345656
10.6875;-12.7714;135.17696636224102;101.58797550345656
11.1875;-13.3143;135.17696636224102;101.58797550345656
11.5;-13.8571;135.17696636224102;101.58797550345656
11.625;-14.4571;135.17696636224102;101.58797550345656
11.6875;-15.0571;135.17696636224102;101.58797550345656
11.625;-15.7143;135.17696636224102;101.58797550345656
11.625;-16.4;135.17696636224102;101.58797550345656
11.625;-17.0;135.17696636224102;101.58797550345656
12.0;-17.7429;135.17696636224102;101.58797550345656
13.0625;-18.3429;135.17696636224102;101.58797550345656
14.5;-19.0571;135.17696636224102;101.58797550345656
15.75;-19.7429;135.17696636224102;101.58797550345656
16.75;-20.5714;135.17696636224102;101.58797550345656
17.5625;-21.1143;135.17696636224102;101.58797550345656
18.375;-21.8571;135.17696636224102;101.58797550345656
19.1875;-22.7143;135.17696636224102;101.58797550345656
19.875;-23.2571;135.17696636224102;101.58797550345656
20.25;-23.9429;135.17696636224102;101.58797550345656
20.75;-24.6571;135.17696636224102;101.58797550345656
21.5;-25.3429;135.17696636224102;101.58797550345656
22.25;-25.9143;135.17696636224102;101.58797550345656
22.875;-26.5714;135.17696636224102;101.58797550345656
23.5;-27.2286;135.17696636224102;101.58797550345656
24.3125;-27.9714;135.17696636224102;101.58797550345656
24.8125;-28.5714;135.17696636224102;101.58797550345656
25.0625;-29.3429;135.17696636224102;101.58797550345656
25.25;-30.1714;135.17696636224102;101.58797550345656
25.6875;-30.7143;135.17696636224102;101.58797550345656
26.5625;-31.5429;135.17696636224102;101.58797550345656
27.8125;-32.2286;135.17696636224102;101.58797550345656
29.0;-32.6857;135.17696636224102;101.58797550345656
29.875;-33.4;135.17696636224102;101.58797550345656
30.5625;-34.2857;135.17696636224102;101.58797550345656
31.125;-34.9143;135.17696636224102;101.58797550345656
31.4375;-35.6;135.17696636224102;101.58797550345656
31.625;-36.2;135.17696636224102;101.58797550345656
31.625;-36.9143;135.17696636224102;101.58797550345656
31.625;-37.6857;135.17696636224102;101.58797550345656
31.5625;-38.3714;135.17696636224102;101.58797550345656
31.5;-39.0286;135.17696636224102;101.58797550345656
31.9375;-39.7143;135.17696636224102;101.58797550345656
33.0625;-40.6;135.17696636224102;101.58797550345656
34.5;-41.2857;135.17696636224102;101.58797550345656
35.5625;-41.7429;135.17696636224102;101.58797550345656
36.4375;-42.2571;135.17696636224102;101.58797550345656
37.25;-43.1143;135.17696636224102;101.58797550345656
38.0625;-43.8571;135.17696636224102;101.58797550345656
38.9375;-44.6;135.17696636224102;101.58797550345656
39.8125;-45.1143;135.17696636224102;101.58797550345656
40.5625;-45.6;135.17696636224102;101.58797550345656
41.125;-46.2857;135.17696636224102;101.58797550345656
41.5625;-47.1429;135.17696636224102;101.58797550345656
41.6875;-47.8857;135.17696636224102;101.58797550345656
41.8125;-48.4286;135.17696636224102;101.58797550345656
42.4375;-49.0571;135.17696636224102;101.58797550345656
43.4375;-49.6;135.17696636224102;101.58797550345656
44.625;-50.0286;135.17696636224102;101.58797550345656
45.625;-50.7714;135.17696636224102;101.58797550345656
46.25;-51.4286;135.17696636224102;101.58797550345656
46.6875;-52.4857;135.17696636224102;101.58797550345656
47.0625;-52.8571;135.17696636224102;101.58797550345656
47.5;-53.6286;135.17696636224102;101.58797550345656
48.0;-53.9143;135.17696636224102;101.58797550345656
48.4375;-54.3714;135.17696636224102;101.58797550345656
48.4375;-55.2;135.17696636224102;101.58797550345656
48.0625;-55.4857;135.17696636224102;101.58797550345656
47.6875;-56.1429;135.17696636224102;101.58797550345656
47.4375;-56.7714;135.17696636224102;101.58797550345656
47.3125;-57.9429;135.17696636224102;101.58797550345656
47.25;-58.1143;135.17696636224102;101.58797550345656
47.3125;-58.1429;135.17696636224102;101.58797550345656
47.625;-59.2;135.17696636224102;101.58797550345656
48.875;-59.0857;135.17696636224102;101.58797550345656
50.875;-59.7714;135.17696636224102;101.58797550345656
52.625;-60.5143;135.17696636224102;101.58797550345656
53.5625;-60.8;135.17696636224102;101.58797550345656
53.875;-61.6571;135.17696636224102;101.58797550345656
53.8125;-62.3714;135.17696636224102;101.58797550345656
53.9375;-62.8857;135.17696636224102;101.58797550345656
54.6875;-63.8571;135.17696636224102;101.58797550345656
55.875;-63.9429;135.17696636224102;101.58797550345656
56.875;-64.6286;135.17696636224102;101.58797550345656
57.3125;-65.4857;135.17696636224102;101.58797550345656
57.3125;-65.2286;135.17696636224102;101.58797550345656
57.0625;-65.4571;135.17696636224102;101.58797550345656
57.0;-66.6857;135.17696636224102;101.58797550345656
57.5625;-67.2857;135.17696636224102;101.58797550345656
58.625;-67.6857;135.17696636224102;101.58797550345656
59.4375;-68.4571;135.17696636224102;101.58797550345656
59.6875;-68.7429;135.17696636224102;101.58797550345656
59.5;-68.5143;135.17696636224102;101.58797550345656
59.5;-69.5429;135.17696636224102;101.58797550345656
60.0;-70.3143;135.17696636224102;101.58797550345656
61.0;-70.3143;135.17696636224102;101.58797550345656
62.4375;-71.1143;135.17696636224102;101.58797550345656
63.625;-71.9429;135.17696636224102;101.58797550345656
64.4375;-72.6;135.17696636224102;101.58797550345656
65.0;-72.2;135.17696636224102;101.58797550345656
65.4375;-73.2286;135.17696636224102;101.58797550345656
65.5625;-73.4571;135.17696636224102;101.58797550345656
65.625;-73.8286;135.17696636224102;101.58797550345656
65.625;-75.4286;135.17696636224102;101.58797550345656
65.5625;-75.7714;135.17696636224102;101.58797550345656
65.0;-76.4857;135.17696636224102;101.58797550345656
64.3125;-76.4286;135.17696636224102;101.58797550345656
65.125;-77.4;135.17696636224102;101.58797550345656
66.875;-76.8857;135.17696636224102;101.58797550345656
68.3125;-77.4571;135.17696636224102;101.58797550345656
69.4375;-78.6;135.17696636224102;101.58797550345656
70.375;-79.4571;135.17696636224102;101.58797550345656
71.125;-79.4571;135.17696636224102;101.58797550345656
71.375;-79.3714;135.17696636224102;101.58797550345656
70.8125;-79.6857;135.17696636224102;101.58797550345656
70.25;-80.9143;135.17696636224102;101.58797550345656
70.4375;-81.2;135.17696636224102;101.58797550345656
71.125;-82.1429;135.17696636224102;101.58797550345656
72.25;-82.3714;135.17696636224102;101.58797550345656
73.5625;-82.8286;135.17696636224102;101.58797550345656
74.5625;-83.0857;135.17696636224102;101.58797550345656
75.0625;-82.8;135.17696636224102;101.58797550345656
75.125;-83.6857;135.17696636224102;101.58797550345656
74.625;-84.4286;135.17696636224102;101.58797550345656
73.5;-84.5143;135.17696636224102;101.58797550345656
72.875;-84.3143;135.17696636224102;101.58797550345656
73.3125;-84.3429;135.17696636224102;101.58797550345656
74.125;-85.1143;135.17696636224102;101.58797550345656
75.3125;-86.2286;135.17696636224102;101.58797550345656
77.0625;-86.8286;135.17696636224102;101.58797550345656
78.4375;-87.0857;135.17696636224102;101.58797550345656
79.0625;-88.0;135.17696636224102;101.58797550345656
79.1875;-88.4;135.17696636224102;101.58797550345656
79.125;-88.2857;135.17696636224102;101.58797550345656
78.9375;-88.8857;135.17696636224102;101.58797550345656
78.875;-88.9143;135.17696636224102;101.58797550345656
78.8125;-89.6286;135.17696636224102;101.58797550345656
78.4375;-90.4286;135.17696636224102;101.58797550345656
77.625;-91.2571;135.17696636224102;101.58797550345656
77.5625;-91.0;135.17696636224102;101.58797550345656
78.4375;-90.7714;135.17696636224102;101.58797550345656
79.3125;-91.5143;135.17696636224102;101.58797550345656
79.5625;-91.1429;135.17696636224102;101.58797550345656
80.125;-91.5143;135.17696636224102;101.58797550345656
81.375;-92.0286;135.17696636224102;101.58797550345656
82.3125;-91.8571;135.17696636224102;101.58797550345656
82.6875;-92.5143;135.17696636224102;101.58797550345656
82.9375;-92.8286;135.17696636224102;101.58797550345656
83.25;-93.9143;135.17696636224102;101.58797550345656
83.8125;-94.1429;135.17696636224102;101.58797550345656
84.5;-93.6571;135.17696636224102;101.58797550345656
84.8125;-93.7429;135.17696636224102;101.58797550345656
85.0;-93.5429;135.17696636224102;101.58797550345656
85.1875;-94.8;135.17696636224102;101.58797550345656
85.6875;-94.3143;135.17696636224102;101.58797550345656
86.1875;-95.9429;135.17696636224102;101.58797550345656
86.3125;-95.8286;135.17696636224102;101.58797550345656
86.625;-97.3714;135.17696636224102;101.58797550345656
87.3125;-97.2;135.17696636224102;101.58797550345656
88.25;-97.0571;135.17696636224102;101.58797550345656
89.0;-98.3714;135.17696636224102;101.58797550345656
89.1875;-98.6571;135.17696636224102;101.58797550345656
88.8125;-99.7429;135.17696636224102;101.58797550345656
88.375;-99.8;135.17696636224102;101.58797550345656
88.125;-100.2286;135.17696636224102;101.58797550345656
88.0625;-100.0286;135.17696636224102;101.58797550345656
88.0;-100.2;135.17696636224102;101.58797550345656
88.0625;-99.7143;135.17696636224102;101.58797550345656
88.0625;-101.4;135.17696636224102;101.58797550345656
87.875;-101.2571;135.17696636224102;101.58797550345656
87.6875;-101.9143;135.17696636224102;101.58797550345656
88.375;-102.0857;135.17696636224102;101.58797550345656
89.8125;-102.3429;135.17696636224102;101.58797550345656
91.25;-102.9429;135.17696636224102;101.58797550345656
92.1875;-102.5143;135.17696636224102;101.58797550345656
92.8125;-102.1143;135.17696636224102;101.58797550345656
93.375;-104.0;135.17696636224102;101.58797550345656
93.625;-102.4286;135.17696636224102;101.58797550345656
93.5;-102.9714;135.17696636224102;101.58797550345656
93.6875;-104.3143;135.17696636224102;101.58797550345656
94.6875;-104.4571;135.17696636224102;101.58797550345656
95.875;-104.9143;135.17696636224102;101.58797550345656
96.6875;-103.9714;135.17696636224102;101.58797550345656
97.1875;-105.0857;135.17696636224102;101.58797550345656
97.125;-105.6857;135.17696636224102;101.58797550345656
96.25;-105.3714;135.17696636224102;101.58797550345656
95.5625;-105.9714;135.17696636224102;101.58797550345656
95.75;-105.8857;135.17696636224102;101.58797550345656
96.4375;-107.6286;135.17696636224102;101.58797550345656
96.75;-106.9429;135.17696636224102;101.58797550345656
96.8125;-106.8857;135.17696636224102;101.58797550345656
97.3125;-107.7429;135.17696636224102;101.58797550345656
98.0625;-106.5429;135.17696636224102;101.58797550345656
98.75;-107.5714;135.17696636224102;101.58797550345656
99.4375;-107.2286;135.17696636224102;101.58797550345656
100.0625;-109.0286;135.17696636224102;101.58797550345656
100.5;-108.4286;135.17696636224102;101.58797550345656
100.6875;-109.3143;135.17696636224102;101.58797550345656
100.75;-108.8286;135.17696636224102;101.58797550345656
100.75;-110.8857;135.17696636224102;101.58797550345656
100.6875;-110.5429;135.17696636224102;101.58797550345656
100.75;-110.1429;135.17696636224102;101.58797550345656
100.875;-110.2286;135.17696636224102;101.58797550345656
101.0;-110.0;135.17696636224102;101.58797550345656
101.0;-110.7714;135.17696636224102;101.58797550345656
100.8125;-111.8571;135.17696636224102;101.58797550345656
100.3125;-111.6571;135.17696636224102;101.58797550345656
100.0;-111.6571;135.17696636224102;101.58797550345656
100.625;-112.7429;135.17696636224102;101.58797550345656
101.6875;-112.4;135.17696636224102;101.58797550345656
102.625;-112.9143;135.17696636224102;101.58797550345656
103.25;-113.5143;135.17696636224102;101.58797550345656
103.3125;-113.6571;135.17696636224102;101.58797550345656
102.5;-112.6;135.17696636224102;101.58797550345656
101.6875;-113.1714;135.17696636224102;101.58797550345656
101.75;-113.3714;135.17696636224102;101.58797550345656
102.4375;-113.8286;135.17696636224102;101.58797550345656
103.3125;-114.8;135.17696636224102;101.58797550345656
104.0625;-115.3714;135.17696636224102;101.58797550345656
104.125;-114.6857;135.17696636224102;101.58797550345656
104.25;-114.0286;135.17696636224102;101.58797550345656
104.8125;-114.7429;135.17696636224102;101.58797550345656
105.3125;-115.2;135.17696636224102;101.58797550345656
105.3125;-114.8286;135.17696636224102;101.58797550345656
104.9375;-116.6286;135.17696636224102;101.58797550345656
104.25;-116.7143;135.17696636224102;101.58797550345656
104.1875;-117.0;135.17696636224102;101.58797550345656
105.4375;-116.3429;135.17696636224102;101.58797550345656
107.0;-117.1714;135.17696636224102;101.58797550345656
108.0625;-116.7143;135.17696636224102;101.58797550345656
108.5625;-116.8286;135.17696636224102;101.58797550345656
108.6875;-115.2286;135.17696636224102;101.58797550345656
108.625;-116.2571;135.17696636224102;101.58797550345656
108.25;-117.6571;135.17696636224102;101.58797550345656
107.625;-116.7429;135.17696636224102;101.58797550345656
107.0625;-117.4571;135.17696636224102;101.58797550345656
107.0;-118.5429;135.17696636224102;101.58797550345656
107.125;-119.9143;135.17696636224102;101.58797550345656
106.8125;-120.2286;135.17696636224102;101.58797550345656
106.375;-119.3143;135.17696636224102;101.58797550345656
106.4375;-118.7429;135.17696636224102;101.58797550345656
107.1875;-118.5143;135.17696636224102;101.58797550345656
108.125;-118.9714;135.17696636224102;101.58797550345656
109.0625;-120.2571;135.17696636224102;101.58797550345656
110.0;-119.6;135.17696636224102;101.58797550345656
110.4375;-119.2286;135.17696636224102;101.58797550345656
110.1875;-119.7429;135.17696636224102;101.58797550345656
109.625;-121.2571;135.17696636224102;101.58797550345656
109.3125;-120.6;135.17696636224102;101.58797550345656
109.75;-120.0857;135.17696636224102;101.58797550345656
110.75;-120.6286;135.17696636224102;101.58797550345656
111.3125;-120.3143;135.17696636224102;101.58797550345656
111.25;-121.6;135.17696636224102;101.58797550345656
110.8125;-123.4;135.17696636224102;101.58797550345656
110.0;-123.2571;135.17696636224102;101.58797550345656
109.1875;-123.0571;135.17696636224102;101.58797550345656
109.1875;-122.8571;135.17696636224102;101.58797550345656
110.1875;-123.0857;135.17696636224102;101.58797550345656
111.0;-123.6571;135.17696636224102;101.58797550345656
111.0;-122.6286;135.17696636224102;101.58797550345656
110.5625;-122.9143;135.17696636224102;101.58797550345656
110.125;-121.7429;135.17696636224102;101.58797550345656
109.9375;-123.8;135.17696636224102;101.58797550345656
109.8125;-123.9429;135.17696636224102;101.58797550345656
109.8125;-124.1714;135.17696636224102;101.58797550345656
110.0625;-124.5714;135.17696636224102;101.58797550345656
110.5625;-125.1429;135.17696636224102;101.58797550345656
111.0;-125.3714;135.17696636224102;101.58797550345656
111.0625;-123.8286;135.17696636224102;101.58797550345656
111.4375;-124.4;135.17696636224102;101.58797550345656
112.1875;-124.2571;135.17696636224102;101.58797550345656
112.625;-125.0571;135.17696636224102;101.58797550345656
112.6875;-124.4286;135.17696636224102;101.58797550345656
112.875;-124.6286;135.17696636224102;101.58797550345656
112.75;-125.4;135.17696636224102;101.58797550345656
112.8125;-126.1429;135.17696636224102;101.58797550345656
113.1875;-125.2857;135.17696636224102;101.58797550345656
113.4375;-125.9143;135.17696636224102;101.58797550345656
113.3125;-126.6857;135.17696636224102;101.58797550345656
113.0625;-127.0857;135.17696636224102;101.58797550345656
112.75;-127.6286;135.17696636224102;101.58797550345656
112.4375;-126.6857;135.17696636224102;101.58797550345656
112.25;-127.1429;135.17696636224102;101.58797550345656
112.6875;-127.8286;135.17696636224102;101.58797550345656
113.5;-127.6571;135.17696636224102;101.58797550345656
114.3125;-126.0571;135.17696636224102;101.58797550345656
114.875;-126.9714;135.17696636224102;101.58797550345656
114.875;-127.6571;135.17696636224102;101.58797550345656
114.75;-128.1714;135.17696636224102;101.58797550345656
114.875;-128.1714;135.17696636224102;101.58797550345656
114.875;-128.2857;135.17696636224102;101.58797550345656
115.1875;-128.3143;135.17696636224102;101.58797550345656
115.75;-128.8286;135.17696636224102;101.58797550345656
116.125;-128.0857;135.17696636224102;101.58797550345656
116.375;-128.5429;135.17696636224102;101.58797550345656
116.4375;-128.9143;135.17696636224102;101.58797550345656
116.4375;-128.1714;135.17696636224102;101.58797550345656
116.375;-128.3714;135.17696636224102;101.58797550345656
116.3125;-128.8571;135.17696636224102;101.58797550345656
116.4375;-129.9429;135.17696636224102;101.58797550345656
116.6875;-128.7429;135.17696636224102;101.58797550345656
116.5;-128.6;135.17696636224102;101.58797550345656
115.8125;-129.3429;135.17696636224102;101.58797550345656
115.125;-128.9429;135.17696636224102;101.58797550345656
114.8125;-129.1143;135.17696636224102;101.58797550345656
114.8125;-129.4571;135.17696636224102;101.58797550345656
114.875;-130.0286;135.17696636224102;101.58797550345656
115.375;-130.6571;135.17696636224102;101.58797550345656
116.5625;-130.5143;135.17696636224102;101.58797550345656
118.1875;-131.5429;135.17696636224102;101.58797550345656
119.5;-131.6857;135.17696636224102;101.58797550345656
120.125;-131.0571;135.17696636224102;101.58797550345656
120.0625;-131.7143;135.17696636224102;101.58797550345656
119.75;-132.6286;135.17696636224102;101.58797550345656
119.3125;-131.4286;135.17696636224102;101.58797550345656
118.5;-132.6286;135.17696636224102;101.58797550345656
117.875;-133.8286;135.17696636224102;101.58797550345656
117.8125;-132.8286;135.17696636224102;101.58797550345656
118.125;-133.6857;135.17696636224102;101.58797550345656
119.0;-132.2286;135.17696636224102;101.58797550345656
120.0;-132.5429;135.17696636224102;101.58797550345656
120.625;-132.3143;135.17696636224102;101.58797550345656
120.6875;-133.0286;135.17696636224102;101.58797550345656
120.375;-133.9143;135.17696636224102;101.58797550345656
120.0;-133.9429;135.17696636224102;101.58797550345656
119.75;-134.5714;135.17696636224102;101.58797550345656
119.625;-134.8571;135.17696636224102;101.58797550345656
119.5625;-134.0;135.17696636224102;101.58797550345656
119.625;-134.0571;135.17696636224102;101.58797550345656
119.625;-133.7714;135.17696636224102;101.58797550345656
119.4375;-133.4571;135.17696636224102;101.58797550345656
118.8125;-135.1143;135.17696636224102;101.58797550345656
118.1875;-133.4286;135.17696636224102;101.58797550345656
118.5;-133.3143;135.17696636224102;101.58797550345656
119.9375;-134.8857;135.17696636224102;101.58797550345656
121.9375;-135.0286;135.17696636224102;101.58797550345656
123.4375;-134.8;135.17696636224102;101.58797550345656
124.0625;-134.7429;135.17696636224102;101.58797550345656
123.75;-135.7143;135.17696636224102;101.58797550345656
122.75;-136.6857;135.17696636224102;101.58797550345656
121.6875;-135.5714;135.17696636224102;101.58797550345656
121.125;-136.8;135.17696636224102;101.58797550345656
121.0;-137.0286;135.17696636224102;101.58797550345656
121.375;-135.6857;135.17696636224102;101.58797550345656
122.5;-135.8286;135.17696636224102;101.58797550345656
123.6875;-136.9143;135.17696636224102;101.58797550345656
124.375;-137.8;135.17696636224102;101.58797550345656
124.6875;-137.3714;135.17696636224102;101.58797550345656
124.5;-137.0286;135.17696636224102;101.58797550345656
123.5625;-136.5143;135.17696636224102;101.58797550345656
122.25;-138.1429;135.17696636224102;101.58797550345656
121.4375;-137.8571;135.17696636224102;101.58797550345656
121.375;-137.9714;135.17696636224102;101.58797550345656
122.125;-137.0857;135.17696636224102;101.58797550345656
123.25;-136.6857;135.17696636224102;101.58797550345656
124.8125;-137.4286;135.17696636224102;101.58797550345656
126.25;-137.9714;135.17696636224102;101.58797550345656
127.125;-137.2571;135.17696636224102;101.58797550345656
127.4375;-135.8857;135.17696636224102;101.58797550345656
127.4375;-136.3429;135.17696636224102;101.58797550345656
127.375;-137.2286;135.17696636224102;101.58797550345656
126.9375;-135.1429;135.17696636224102;101.58797550345656
125.5;-135.5143;135.17696636224102;101.58797550345656
123.3125;-134.0571;135.17696636224102;101.58797550345656
121.625;-134.6857;135.17696636224102;101.58797550345656
120.9375;-134.0286;135.17696636224102;101.58797550345656
121.125;-133.0286;135.17696636224102;101.58797550345656
121.375;-133.9429;135.17696636224102;101.58797550345656
120.875;-132.0;135.17696636224102;101.58797550345656
119.5625;-132.3143;135.17696636224102;101.58797550345656
118.25;-132.0286;135.17696636224102;101.58797550345656
118.125;-131.9429;135.17696636224102;101.58797550345656
118.5;-132.2571;135.17696636224102;101.58797550345656
118.75;-131.3143;135.17696636224102;101.58797550345656
119.0;-131.6571;135.17696636224102;101.58797550345656
119.25;-132.0;135.17696636224102;101.58797550345656
119.375;-130.9714;135.17696636224102;101.58797550345656
119.3125;-131.2857;135.17696636224102;101.58797550345656
118.75;-129.7429;135.17696636224102;101.58797550345656
118.0625;-128.5714;135.17696636224102;101.58797550345656
117.75;-128.3143;135.17696636224102;101.58797550345656
118.0;-129.0;135.17696636224102;101.58797550345656
118.5;-128.6571;135.17696636224102;101.58797550345656
118.9375;-128.5714;135.17696636224102;101.58797550345656
118.625;-128.1429;135.17696636224102;101.58797550345656
117.8125;-128.1714;135.17696636224102;101.58797550345656
116.9375;-128.4286;135.17696636224102;101.58797550345656
116.125;-127.8857;135.17696636224102;101.58797550345656
115.625;-127.2286;135.17696636224102;101.58797550345656
115.4375;-126.4571;135.17696636224102;101.58797550345656
115.375;-125.9143;135.17696636224102;101.58797550345656
115.4375;-125.6857;135.17696636224102;101.58797550345656
115.5;-126.1714;135.17696636224102;101.58797550345656
115.4375;-125.5429;135.17696636224102;101.58797550345656
115.3125;-125.4571;135.17696636224102;101.58797550345656
115.0625;-124.6571;135.17696636224102;101.58797550345656
114.3125;-125.2286;135.17696636224102;101.58797550345656
113.4375;-125.4857;135.17696636224102;101.58797550345656
112.9375;-125.2286;135.17696636224102;101.58797550345656
112.625;-123.9429;135.17696636224102;101.58797550345656
112.25;-122.7714;135.17696636224102;101.58797550345656
112.25;-122.4857;135.17696636224102;101.58797550345656
112.75;-123.7429;135.17696636224102;101.58797550345656
113.125;-122.3714;135.17696636224102;101.58797550345656
112.5625;-122.2;135.17696636224102;101.58797550345656
111.1875;-120.6286;135.17696636224102;101.58797550345656
110.125;-121.3714;135.17696636224102;101.58797550345656
109.875;-122.1714;135.17696636224102;101.58797550345656
110.375;-121.0;135.17696636224102;101.58797550345656
110.8125;-120.6;135.17696636224102;101.58797550345656
110.5625;-119.1714;135.17696636224102;101.58797550345656
109.8125;-120.8286;135.17696636224102;101.58797550345656
109.125;-121.9143;135.17696636224102;101.58797550345656
108.5625;-121.6571;135.17696636224102;101.58797550345656
107.875;-121.0286;135.17696636224102;101.58797550345656
107.375;-120.1714;135.17696636224102;101.58797550345656
107.375;-119.2857;135.17696636224102;101.58797550345656
107.625;-118.6857;135.17696636224102;101.58797550345656
107.25;-118.4;135.17696636224102;101.58797550345656
105.625;-117.9714;135.17696636224102;101.58797550345656
103.5625;-117.2857;135.17696636224102;101.58797550345656
102.1875;-117.5143;135.17696636224102;101.58797550345656
101.5625;-117.3429;135.17696636224102;101.58797550345656
101.4375;-117.5429;135.17696636224102;101.58797550345656
101.5625;-116.6857;135.17696636224102;101.58797550345656
102.125;-115.7143;135.17696636224102;101.58797550345656
103.5;-114.3714;135.17696636224102;101.58797550345656
104.9375;-115.6857;135.17696636224102;101.58797550345656
106.0625;-114.3714;135.17696636224102;101.58797550345656
106.8125;-115.4286;135.17696636224102;101.58797550345656
107.125;-114.2;135.17696636224102;101.58797550345656
106.6875;-115.1429;135.17696636224102;101.58797550345656
105.9375;-115.1714;135.17696636224102;101.58797550345656
105.4375;-114.6571;135.17696636224102;101.58797550345656
105.1875;-113.3143;135.17696636224102;101.58797550345656
104.75;-112.5429;135.17696636224102;101.58797550345656
104.1875;-112.0571;135.17696636224102;101.58797550345656
103.875;-112.7714;135.17696636224102;101.58797550345656
103.6875;-113.1429;135.17696636224102;101.58797550345656
103.375;-112.4;135.17696636224102;101.58797550345656
102.875;-111.4571;135.17696636224102;101.58797550345656
102.0625;-110.9143;135.17696636224102;101.58797550345656
101.125;-110.7429;135.17696636224102;101.58797550345656
100.6875;-110.3714;135.17696636224102;101.58797550345656
100.75;-111.9143;135.17696636224102;101.58797550345656
100.625;-110.8857;135.17696636224102;101.58797550345656
100.875;-110.8;135.17696636224102;101.58797550345656
101.5625;-110.5143;135.17696636224102;101.58797550345656
101.8125;-110.5714;135.17696636224102;101.58797550345656
101.25;-109.9143;135.17696636224102;101.58797550345656
101.0;-109.4286;135.17696636224102;101.58797550345656
101.8125;-109.2571;135.17696636224102;101.58797550345656
103.0;-107.0857;135.17696636224102;101.58797550345656
103.875;-108.8286;135.17696636224102;101.58797550345656
104.25;-108.0286;135.17696636224102;101.58797550345656
104.375;-108.3714;135.17696636224102;101.58797550345656
104.3125;-107.7429;135.17696636224102;101.58797550345656
103.9375;-107.7429;135.17696636224102;101.58797550345656
102.625;-107.6857;135.17696636224102;101.58797550345656
100.375;-107.0286;135.17696636224102;101.58797550345656
98.5;-106.4286;135.17696636224102;101.58797550345656
97.1875;-106.4286;135.17696636224102;101.58797550345656
96.8125;-107.5429;135.17696636224102;101.58797550345656
97.5;-107.6286;135.17696636224102;101.58797550345656
98.5;-106.0571;135.17696636224102;101.58797550345656
98.5;-105.8571;135.17696636224102;101.58797550345656
97.4375;-105.2571;135.17696636224102;101.58797550345656
96.375;-104.7714;135.17696636224102;101.58797550345656
96.125;-105.0286;135.17696636224102;101.58797550345656
96.75;-103.7143;135.17696636224102;101.58797550345656
97.625;-103.8857;135.17696636224102;101.58797550345656
98.375;-103.8571;135.17696636224102;101.58797550345656
98.4375;-104.6857;135.17696636224102;101.58797550345656
97.8125;-104.8;135.17696636224102;101.58797550345656
97.3125;-104.7429;135.17696636224102;101.58797550345656
97.0625;-103.9143;135.17696636224102;101.58797550345656
96.5625;-102.8;135.17696636224102;101.58797550345656
95.4375;-103.1429;135.17696636224102;101.58797550345656
94.3125;-103.1714;135.17696636224102;101.58797550345656
93.75;-103.1429;135.17696636224102;101.58797550345656
93.6875;-101.1143;135.17696636224102;101.58797550345656
93.75;-102.5143;135.17696636224102;101.58797550345656
93.5;-100.9714;135.17696636224102;101.58797550345656
92.8125;-100.4286;135.17696636224102;101.58797550345656
92.0625;-100.5429;135.17696636224102;101.58797550345656
91.5625;-100.4857;135.17696636224102;101.58797550345656
91.375;-100.9714;135.17696636224102;101.58797550345656
91.3125;-100.7714;135.17696636224102;101.58797550345656
91.375;-99.8571;135.17696636224102;101.58797550345656
91.6875;-100.7714;135.17696636224102;101.58797550345656
91.875;-100.3714;135.17696636224102;101.58797550345656
91.375;-99.2;135.17696636224102;101.58797550345656
90.6875;-99.5143;135.17696636224102;101.58797550345656
90.625;-98.8286;135.17696636224102;101.58797550345656
91.5;-100.6286;135.17696636224102;101.58797550345656
92.6875;-100.3143;135.17696636224102;101.58797550345656
93.1875;-98.4571;135.17696636224102;101.58797550345656
92.1875;-97.7714;135.17696636224102;101.58797550345656
90.625;-97.6857;135.17696636224102;101.58797550345656
90.0625;-98.0571;135.17696636224102;101.58797550345656
90.375;-98.7143;135.17696636224102;101.58797550345656
90.5625;-98.2286;135.17696636224102;101.58797550345656
90.5625;-98.6857;135.17696636224102;101.58797550345656
90.6875;-97.5143;135.17696636224102;101.58797550345656
90.8125;-96.6857;135.17696636224102;101.58797550345656
90.3125;-97.4857;135.17696636224102;101.58797550345656
89.625;-96.9714;135.17696636224102;101.58797550345656
89.8125;-96.4571;135.17696636224102;101.58797550345656
90.3125;-96.4286;135.17696636224102;101.58797550345656
90.3125;-95.9143;135.17696636224102;101.58797550345656
89.4375;-95.1143;135.17696636224102;101.58797550345656
87.1875;-96.8857;135.17696636224102;101.58797550345656
84.1875;-96.0;135.17696636224102;101.58797550345656
82.5625;-94.8286;135.17696636224102;101.58797550345656
83.25;-95.0571;135.17696636224102;101.58797550345656
84.625;-95.1429;135.17696636224102;101.58797550345656
85.375;-94.8286;135.17696636224102;101.58797550345656
85.625;-94.1429;135.17696636224102;101.58797550345656
85.625;-94.3429;135.17696636224102;101.58797550345656
85.5625;-92.8571;135.17696636224102;101.58797550345656
85.4375;-93.0286;135.17696636224102;101.58797550345656
85.6875;-93.0;135.17696636224102;101.58797550345656
85.9375;-92.8857;135.17696636224102;101.58797550345656
85.4375;-92.4857;135.17696636224102;101.58797550345656
84.5;-93.1143;135.17696636224102;101.58797550345656
83.875;-92.2286;135.17696636224102;101.58797550345656
83.875;-92.6;135.17696636224102;101.58797550345656
84.0625;-93.2286;135.17696636224102;101.58797550345656
83.6875;-91.8286;135.17696636224102;101.58797550345656
82.625;-92.0857;135.17696636224102;101.58797550345656
81.8125;-91.4;135.17696636224102;101.58797550345656
82.0625;-90.9714;135.17696636224102;101.58797550345656
82.8125;-91.1143;135.17696636224102;101.58797550345656
83.125;-90.2;135.17696636224102;101.58797550345656
83.375;-89.9429;135.17696636224102;101.58797550345656
83.8125;-90.5429;135.17696636224102;101.58797550345656
84.375;-90.8571;135.17696636224102;101.58797550345656
84.25;-90.8;135.17696636224102;101.58797550345656
83.1875;-89.8857;135.17696636224102;101.58797550345656
81.625;-89.4;135.17696636224102;101.58797550345656
80.5;-90.1429;135.17696636224102;101.58797550345656
80.0625;-89.7429;135.17696636224102;101.58797550345656
79.9375;-89.3714;135.17696636224102;101.58797550345656
79.9375;-89.4286;135.17696636224102;101.58797550345656
80.3125;-88.8;135.17696636224102;101.58797550345656
81.125;-88.6857;135.17696636224102;101.58797550345656
81.625;-88.7429;135.17696636224102;101.58797550345656
80.9375;-88.3143;135.17696636224102;101.58797550345656
79.625;-87.4857;135.17696636224102;101.58797550345656
78.625;-88.8286;135.17696636224102;101.58797550345656
78.1875;-88.4286;135.17696636224102;101.58797550345656
78.0;-88.2571;135.17696636224102;101.58797550345656
78.0625;-87.5429;135.17696636224102;101.58797550345656
78.4375;-87.5714;135.17696636224102;101.58797550345656
79.1875;-87.2286;135.17696636224102;101.58797550345656
79.625;-87.9714;135.17696636224102;101.58797550345656
79.5625;-87.4857;135.17696636224102;101.58797550345656
79.5;-87.2;135.17696636224102;101.58797550345656
79.25;-86.9143;135.17696636224102;101.58797550345656
78.625;-86.8;135.17696636224102;101.58797550345656
77.3125;-86.2286;135.17696636224102;101.58797550345656
75.875;-85.8571;135.17696636224102;101.58797550345656
75.375;-86.3429;135.17696636224102;101.58797550345656
75.8125;-85.1143;135.17696636224102;101.58797550345656
76.6875;-85.0286;135.17696636224102;101.58797550345656
77.6875;-85.2571;135.17696636224102;101.58797550345656
78.5;-85.2286;135.17696636224102;101.58797550345656
78.875;-85.0;135.17696636224102;101.58797550345656
78.625;-84.6;135.17696636224102;101.58797550345656
77.875;-84.4857;135.17696636224102;101.58797550345656
77.1875;-84.3714;135.17696636224102;101.58797550345656
76.6875;-84.2857;135.17696636224102;101.58797550345656
76.25;-84.3714;135.17696636224102;101.58797550345656
75.8125;-83.9714;135.17696636224102;101.58797550345656
75.125;-84.0;135.17696636224102;101.58797550345656
74.625;-84.5429;135.17696636224102;101.58797550345656
74.375;-83.7429;135.17696636224102;101.58797550345656
74.3125;-83.5714;135.17696636224102;101.58797550345656
74.6875;-83.4571;135.17696636224102;101.58797550345656
75.5625;-82.8571;135.17696636224102;101.58797550345656
76.3125;-82.8857;135.17696636224102;101.58797550345656
76.75;-82.9143;135.17696636224102;101.58797550345656
76.9375;-82.2;135.17696636224102;101.58797550345656
76.9375;-82.6857;135.17696636224102;101.58797550345656
76.875;-83.3429;135.17696636224102;101.58797550345656
76.6875;-83.1714;135.17696636224102;101.58797550345656
76.3125;-82.1714;135.17696636224102;101.58797550345656
75.9375;-81.8286;135.17696636224102;101.58797550345656
75.375;-82.0571;135.17696636224102;101.58797550345656
74.6875;-81.7143;135.17696636224102;101.58797550345656
73.8125;-81.4286;135.17696636224102;101.58797550345656
72.875;-81.7429;135.17696636224102;101.58797550345656
72.625;-80.6286;135.17696636224102;101.58797550345656
72.875;-81.0571;135.17696636224102;101.58797550345656
72.75;-80.8286;135.17696636224102;101.58797550345656
72.625;-80.6;135.17696636224102;101.58797550345656
72.6875;-80.0571;135.17696636224102;101.58797550345656
72.625;-80.2;135.17696636224102;101.58797550345656
72.4375;-80.0286;135.17696636224102;101.58797550345656
72.4375;-79.4857;135.17696636224102;101.58797550345656
72.875;-79.0286;135.17696636224102;101.58797550345656
73.0;-78.9714;135.17696636224102;101.58797550345656
72.3125;-79.6;135.17696636224102;101.58797550345656
70.875;-79.6571;135.17696636224102;101.58797550345656
69.8125;-78.8571;135.17696636224102;101.58797550345656
69.625;-78.3143;135.17696636224102;101.58797550345656
70.125;-79.0;135.17696636224102;101.58797550345656
70.6875;-78.4286;135.17696636224102;101.58797550345656
71.375;-78.2857;135.17696636224102;101.58797550345656
72.1875;-78.4;135.17696636224102;101.58797550345656
72.6875;-77.9429;135.17696636224102;101.58797550345656
72.875;-77.6857;135.17696636224102;101.58797550345656
72.75;-77.5143;135.17696636224102;101.58797550345656
72.6875;-76.8571;135.17696636224102;101.58797550345656
72.5625;-76.4857;135.17696636224102;101.58797550345656
72.5;-77.4;135.17696636224102;101.58797550345656
72.5;-76.7143;135.17696636224102;101.58797550345656
72.25;-76.9143;135.17696636224102;101.58797550345656
71.1875;-75.7429;135.17696636224102;101.58797550345656
69.1875;-76.7714;135.17696636224102;101.58797550345656
67.3125;-76.9429;135.17696636224102;101.58797550345656
66.6875;-76.6286;135.17696636224102;101.58797550345656
67.375;-75.8857;135.17696636224102;101.58797550345656
68.375;-75.2857;135.17696636224102;101.58797550345656
69.0;-75.3429;135.17696636224102;101.58797550345656
69.0625;-75.7714;135.17696636224102;101.58797550345656
68.75;-75.9143;135.17696636224102;101.58797550345656
68.0;-75.5429;135.17696636224102;101.58797550345656
67.5625;-75.5429;135.17696636224102;101.58797550345656
67.375;-75.5143;135.17696636224102;101.58797550345656
66.875;-74.9429;135.17696636224102;101.58797550345656
66.5;-74.4857;135.17696636224102;101.58797550345656
66.375;-74.2;135.17696636224102;101.58797550345656
66.1875;-74.2857;135.17696636224102;101.58797550345656
66.0;-74.6;135.17696636224102;101.58797550345656
66.0;-73.7429;135.17696636224102;101.58797550345656
65.9375;-73.8571;135.17696636224102;101.58797550345656
66.0;-73.9714;135.17696636224102;101.58797550345656
66.0625;-73.2286;135.17696636224102;101.58797550345656
66.0625;-72.9714;135.17696636224102;101.58797550345656
65.625;-72.8857;135.17696636224102;101.58797550345656
64.9375;-73.1714;135.17696636224102;101.58797550345656
64.625;-72.5429;135.17696636224102;101.58797550345656
64.3125;-72.4571;135.17696636224102;101.58797550345656
63.875;-72.8571;135.17696636224102;101.58797550345656
63.5;-72.8571;135.17696636224102;101.58797550345656
63.375;-72.2;135.17696636224102;101.58797550345656
63.3125;-71.2286;135.17696636224102;101.58797550345656
63.375;-70.7143;135.17696636224102;101.58797550345656
63.6875;-71.5429;135.17696636224102;101.58797550345656
64.25;-72.0;135.17696636224102;101.58797550345656
64.3125;-72.3429;135.17696636224102;101.58797550345656
63.875;-71.9143;135.17696636224102;101.58797550345656
63.5;-71.3714;135.17696636224102;101.58797550345656
63.1875;-70.8;135.17696636224102;101.58797550345656
63.0;-70.7714;135.17696636224102;101.58797550345656
62.875;-71.3143;135.17696636224102;101.58797550345656
63.1875;-70.0571;135.17696636224102;101.58797550345656
63.75;-69.4286;135.17696636224102;101.58797550345656
63.9375;-69.8857;135.17696636224102;101.58797550345656
63.875;-70.1429;135.17696636224102;101.58797550345656
63.75;-69.0286;135.17696636224102;101.58797550345656
63.5625;-69.6857;135.17696636224102;101.58797550345656
63.1875;-70.1143;135.17696636224102;101.58797550345656
63.125;-69.3143;135.17696636224102;101.58797550345656
63.625;-69.1143;135.17696636224102;101.58797550345656
63.875;-69.7714;135.17696636224102;101.58797550345656
63.125;-69.3429;135.17696636224102;101.58797550345656
61.875;-68.5143;135.17696636224102;101.58797550345656
60.9375;-68.6286;135.17696636224102;101.58797550345656
60.5625;-68.9714;135.17696636224102;101.58797550345656
60.3125;-68.3714;135.17696636224102;101.58797550345656
59.875;-68.1143;135.17696636224102;101.58797550345656
59.5;-67.7714;135.17696636224102;101.58797550345656
59.3125;-67.4857;135.17696636224102;101.58797550345656
59.25;-67.5429;135.17696636224102;101.58797550345656
59.25;-67.7429;135.17696636224102;101.58797550345656
59.25;-67.4286;135.17696636224102;101.58797550345656
59.25;-66.9143;135.17696636224102;101.58797550345656
59.25;-67.2286;135.17696636224102;101.58797550345656
59.25;-67.0286;135.17696636224102;101.58797550345656
59.5;-66.9714;135.17696636224102;101.58797550345656
60.0625;-66.7143;135.17696636224102;101.58797550345656
60.5625;-66.8857;135.17696636224102;101.58797550345656
60.75;-66.1714;135.17696636224102;101.58797550345656
60.4375;-65.6571;135.17696636224102;101.58797550345656
59.6875;-66.0857;135.17696636224102;101.58797550345656
59.0625;-65.4571;135.17696636224102;101.58797550345656
58.75;-65.8571;135.17696636224102;101.58797550345656
58.625;-66.1429;135.17696636224102;101.58797550345656
58.875;-65.8286;135.17696636224102;101.58797550345656
59.0625;-65.4;135.17696636224102;101.58797550345656
59.0;-65.6571;135.17696636224102;101.58797550345656
58.875;-65.6;135.17696636224102;101.58797550345656
58.625;-64.4571;135.17696636224102;101.58797550345656
58.0;-64.9429;135.17696636224102;101.58797550345656
57.4375;-64.9714;135.17696636224102;101.58797550345656
57.5;-64.9714;135.17696636224102;101.58797550345656
57.875;-65.5429;135.17696636224102;101.58797550345656
58.0;-64.9143;135.17696636224102;101.58797550345656
58.0;-64.2;135.17696636224102;101.58797550345656
57.875;-64.5714;135.17696636224102;101.58797550345656
57.625;-64.4286;135.17696636224102;101.58797550345656
57.8125;-64.2;135.17696636224102;101.58797550345656
58.4375;-64.1143;135.17696636224102;101.58797550345656
58.5625;-63.8571;135.17696636224102;101.58797550345656
57.75;-63.5429;135.17696636224102;101.58797550345656
56.5625;-63.8857;135.17696636224102;101.58797550345656
55.625;-63.3429;135.17696636224102;101.58797550345656
55.1875;-63.2;135.17696636224102;101.58797550345656
55.0;-63.0571;135.17696636224102;101.58797550345656
55.0625;-62.2857;135.17696636224102;101.58797550345656
55.125;-62.3714;135.17696636224102;101.58797550345656
55.25;-62.6286;135.17696636224102;101.58797550345656
55.375;-62.1714;135.17696636224102;101.58797550345656
55.4375;-62.5429;135.17696636224102;101.58797550345656
55.875;-62.5714;135.17696636224102;101.58797550345656
56.1875;-62.1143;135.17696636224102;101.58797550345656
56.5;-62.1143;135.17696636224102;101.58797550345656
56.8125;-62.0571;135.17696636224102;101.58797550345656
56.75;-61.8571;135.17696636224102;101.58797550345656
56.25;-62.4857;135.17696636224102;101.58797550345656
55.5;-61.4;135.17696636224102;101.58797550345656
55.125;-60.6571;135.17696636224102;101.58797550345656
55.125;-60.7714;135.17696636224102;101.58797550345656
55.25;-60.8286;135.17696636224102;101.58797550345656
55.5625;-61.0;135.17696636224102;101.58797550345656
55.625;-61.2857;135.17696636224102;101.58797550345656
55.4375;-60.6857;135.17696636224102;101.58797550345656
55.375;-60.4857;135.17696636224102;101.58797550345656
55.4375;-61.0;135.17696636224102;101.58797550345656
55.3125;-60.1429;135.17696636224102;101.58797550345656
54.75;-60.9143;135.17696636224102;101.58797550345656
54.3125;-60.1429;135.17696636224102;101.58797550345656
54.1875;-59.8286;135.17696636224102;101.58797550345656
54.1875;-60.1714;135.17696636224102;101.58797550345656
54.1875;-59.4857;135.17696636224102;101.58797550345656
54.1875;-59.8571;135.17696636224102;101.58797550345656
54.0625;-59.8286;135.17696636224102;101.58797550345656
54.0625;-59.5429;135.17696636224102;101.58797550345656
54.1875;-59.4857;135.17696636224102;101.58797550345656
54.25;-59.0857;135.17696636224102;101.58797550345656
54.3125;-58.9143;135.17696636224102;101.58797550345656
54.375;-58.8857;135.17696636224102;101.58797550345656
54.375;-58.5714;135.17696636224102;101.58797550345656
54.125;-58.6857;135.17696636224102;101.58797550345656
53.5625;-58.3143;135.17696636224102;101.58797550345656
52.9375;-58.6571;135.17696636224102;101.58797550345656
52.4375;-58.4286;135.17696636224102;101.58797550345656
52.4375;-57.9429;135.17696636224102;101.58797550345656
53.0;-58.4286;135.17696636224102;101.58797550345656
53.5;-57.8857;135.17696636224102;101.58797550345656
53.6875;-57.5714;135.17696636224102;101.58797550345656
53.375;-58.0571;135.17696636224102;101.58797550345656
52.8125;-57.4857;135.17696636224102;101.58797550345656
52.375;-57.6571;135.17696636224102;101.58797550345656
52.3125;-56.9429;135.17696636224102;101.58797550345656
52.3125;-56.8286;135.17696636224102;101.58797550345656
52.1875;-57.0;135.17696636224102;101.58797550345656
51.9375;-56.6857;135.17696636224102;101.58797550345656
51.875;-57.2571;135.17696636224102;101.58797550345656
51.9375;-56.8571;135.17696636224102;101.58797550345656
52.0625;-57.1429;135.17696636224102;101.58797550345656
52.125;-56.8857;135.17696636224102;101.58797550345656
52.1875;-56.3143;135.17696636224102;101.58797550345656
52.125;-56.5143;135.17696636224102;101.58797550345656
51.5625;-56.0;135.17696636224102;101.58797550345656
51.0625;-56.3143;135.17696636224102;101.58797550345656
51.25;-56.1429;135.17696636224102;101.58797550345656
51.4375;-56.2571;135.17696636224102;101.58797550345656
51.5625;-56.0571;135.17696636224102;101.58797550345656
51.875;-56.0571;135.17696636224102;101.58797550345656
52.3125;-55.8857;135.17696636224102;101.58797550345656
52.625;-55.2571;135.17696636224102;101.58797550345656
52.75;-55.6571;135.17696636224102;101.58797550345656
52.8125;-55.2857;135.17696636224102;101.58797550345656
52.75;-55.2286;135.17696636224102;101.58797550345656
52.5;-55.7143;135.17696636224102;101.58797550345656
51.8125;-55.3143;135.17696636224102;101.58797550345656
51.25;-55.5429;135.17696636224102;101.58797550345656
51.0;-54.9143;135.17696636224102;101.58797550345656
50.75;-54.8;135.17696636224102;101.58797550345656
50.375;-54.8;135.17696636224102;101.58797550345656
50.0;-54.3714;135.17696636224102;101.58797550345656
49.75;-54.5714;135.17696636224102;101.58797550345656
49.75;-54.2571;135.17696636224102;101.58797550345656
49.8125;-54.3143;135.17696636224102;101.58797550345656
50.1875;-53.9714;135.17696636224102;101.58797550345656
50.4375;-54.2;135.17696636224102;101.58797550345656
50.4375;-53.8286;135.17696636224102;101.58797550345656
50.1875;-53.6571;135.17696636224102;101.58797550345656
49.75;-53.6;135.17696636224102;101.58797550345656
49.0625;-53.0;135.17696636224102;101.58797550345656
48.625;-53.2857;135.17696636224102;101.58797550345656
48.5;-52.7143;135.17696636224102;101.58797550345656
48.5;-52.8286;135.17696636224102;101.58797550345656
48.6875;-52.4857;135.17696636224102;101.58797550345656
48.875;-52.7143;135.17696636224102;101.58797550345656
48.8125;-52.4;135.17696636224102;101.58797550345656
48.625;-51.9429;135.17696636224102;101.58797550345656
48.1875;-51.6286;135.17696636224102;101.58797550345656
47.6875;-51.8571;135.17696636224102;101.58797550345656
47.375;-52.4;135.17696636224102;101.58797550345656
47.1875;-52.0857;135.17696636224102;101.58797550345656
47.1875;-52.1714;135.17696636224102;101.58797550345656
47.1875;-51.9429;135.17696636224102;101.58797550345656
47.1875;-52.2286;135.17696636224102;101.58797550345656
47.1875;-51.8286;135.17696636224102;101.58797550345656
47.1875;-51.7143;135.17696636224102;101.58797550345656
47.375;-51.5143;135.17696636224102;101.58797550345656
47.875;-51.5143;135.17696636224102;101.58797550345656
48.3125;-51.2286;135.17696636224102;101.58797550345656
48.375;-51.0571;135.17696636224102;101.58797550345656
48.25;-51.0;135.17696636224102;101.58797550345656
48.0;-51.0;135.17696636224102;101.58797550345656
47.5625;-50.6286;135.17696636224102;101.58797550345656
47.0625;-50.7143;135.17696636224102;101.58797550345656
46.6875;-50.7143;135.17696636224102;101.58797550345656
46.5625;-50.4571;135.17696636224102;101.58797550345656
46.5;-50.8286;135.17696636224102;101.58797550345656
46.5;-50.4;135.17696636224102;101.58797550345656
46.375;-50.3714;135.17696636224102;101.58797550345656
46.25;-49.9143;135.17696636224102;101.58797550345656
46.0;-50.1143;135.17696636224102;101.58797550345656
45.625;-49.7429;135.17696636224102;101.58797550345656
45.4375;-49.9143;135.17696636224102;101.58797550345656
45.4375;-49.6571;135.17696636224102;101.58797550345656
45.375;-49.4;135.17696636224102;101.58797550345656
45.4375;-48.9143;135.17696636224102;101.58797550345656
45.625;-48.7714;135.17696636224102;101.58797550345656
45.625;-48.5143;135.17696636224102;101.58797550345656
45.0;-49.0;135.17696636224102;101.58797550345656
44.1875;-48.7714;135.17696636224102;101.58797550345656
43.6875;-49.0286;135.17696636224102;101.58797550345656
43.8125;-48.7714;135.17696636224102;101.58797550345656
44.375;-49.0;135.17696636224102;101.58797550345656
45.1875;-48.8571;135.17696636224102;101.58797550345656
45.75;-48.8571;135.17696636224102;101.58797550345656
46.0;-48.6;135.17696636224102;101.58797550345656
46.0625;-48.5429;135.17696636224102;101.58797550345656
46.0;-48.6571;135.17696636224102;101.58797550345656
45.875;-48.6;135.17696636224102;101.58797550345656
45.6875;-48.1143;135.17696636224102;101.58797550345656
45.4375;-47.5429;135.17696636224102;101.58797550345656
45.1875;-47.5143;135.17696636224102;101.58797550345656
44.9375;-47.5714;135.17696636224102;101.58797550345656
44.625;-47.5143;135.17696636224102;101.58797550345656
44.5;-47.4857;135.17696636224102;101.58797550345656
44.6875;-47.3714;135.17696636224102;101.58797550345656
45.25;-47.0857;135.17696636224102;101.58797550345656
45.75;-46.6857;135.17696636224102;101.58797550345656
45.3125;-46.7143;135.17696636224102;101.58797550345656
44.0625;-46.8286;135.17696636224102;101.58797550345656
42.625;-46.9429;135.17696636224102;101.58797550345656
41.875;-46.8;135.17696636224102;101.58797550345656
42.125;-46.7143;135.17696636224102;101.58797550345656
42.75;-46.5429;135.17696636224102;101.58797550345656
43.0;-46.5429;135.17696636224102;101.58797550345656
42.875;-46.4571;135.17696636224102;101.58797550345656
42.5;-46.6286;135.17696636224102;101.58797550345656
42.125;-46.3143;135.17696636224102;101.58797550345656
41.9375;-46.3143;135.17696636224102;101.58797550345656
42.0;-45.8857;135.17696636224102;101.58797550345656
42.3125;-46.2286;135.17696636224102;101.58797550345656
42.375;-46.0286;135.17696636224102;101.58797550345656
41.9375;-46.0;135.17696636224102;101.58797550345656
41.6875;-45.6571;135.17696636224102;101.58797550345656
41.75;-45.7143;135.17696636224102;101.58797550345656
41.8125;-45.4;135.17696636224102;101.58797550345656
41.875;-45.1714;135.17696636224102;101.58797550345656
41.9375;-45.2;135.17696636224102;101.58797550345656
41.9375;-45.2286;135.17696636224102;101.58797550345656
41.9375;-45.1714;135.17696636224102;101.58797550345656
42.1875;-45.0571;135.17696636224102;101.58797550345656
42.75;-45.0;135.17696636224102;101.58797550345656
42.8125;-44.7714;135.17696636224102;101.58797550345656
42.125;-44.3429;135.17696636224102;101.58797550345656
41.125;-44.3143;135.17696636224102;101.58797550345656
40.3125;-44.2857;135.17696636224102;101.58797550345656
40.0;-44.2857;135.17696636224102;101.58797550345656
40.3125;-44.3714;135.17696636224102;101.58797550345656
40.875;-44.0857;135.17696636224102;101.58797550345656
41.25;-43.8286;135.17696636224102;101.58797550345656
41.1875;-43.6;135.17696636224102;101.58797550345656
40.625;-43.6286;135.17696636224102;101.58797550345656
40.3125;-43.6286;135.17696636224102;101.58797550345656
40.5625;-43.6286;135.17696636224102;101.58797550345656
40.8125;-43.3714;135.17696636224102;101.58797550345656
40.4375;-43.1714;135.17696636224102;101.58797550345656
39.75;-43.3429;135.17696636224102;101.58797550345656
39.5625;-43.1714;135.17696636224102;101.58797550345656
40.0625;-43.2;135.17696636224102;101.58797550345656
40.625;-42.8571;135.17696636224102;101.58797550345656
40.75;-42.8571;135.17696636224102;101.58797550345656
40.5;-42.6857;135.17696636224102;101.58797550345656
40.0;-42.7714;135.17696636224102;101.58797550345656
39.625;-42.6;135.17696636224102;101.58797550345656
39.625;-42.5143;135.17696636224102;101.58797550345656
39.6875;-42.3429;135.17696636224102;101.58797550345656
39.5625;-42.2857;135.17696636224102;101.58797550345656
39.4375;-42.1714;135.17696636224102;101.58797550345656
39.375;-41.8857;135.17696636224102;101.58797550345656
39.3125;-41.9429;135.17696636224102;101.58797550345656
39.3125;-41.8;135.17696636224102;101.58797550345656
39.3125;-41.9429;135.17696636224102;101.58797550345656
39.3125;-41.6857;135.17696636224102;101.58797550345656
39.25;-41.6571;135.17696636224102;101.58797550345656
38.9375;-41.3714;135.17696636224102;101.58797550345656
38.6875;-41.4286;135.17696636224102;101.58797550345656
38.5625;-41.3143;135.17696636224102;101.58797550345656
38.5;-41.2286;135.17696636224102;101.58797550345656
38.4375;-41.2286;135.17696636224102;101.58797550345656
38.25;-41.1143;135.17696636224102;101.58797550345656
37.75;-41.3143;135.17696636224102;101.58797550345656
37.125;-41.0;135.17696636224102;101.58797550345656
36.5;-40.7429;135.17696636224102;101.58797550345656
36.3125;-40.6;135.17696636224102;101.58797550345656
36.5625;-40.2857;135.17696636224102;101.58797550345656
37.125;-40.2;135.17696636224102;101.58797550345656
37.8125;-40.1429;135.17696636224102;101.58797550345656
38.3125;-40.0571;135.17696636224102;101.58797550345656
38.5;-40.1143;135.17696636224102;101.58797550345656
38.125;-40.0571;135.17696636224102;101.58797550345656
37.4375;-39.9143;135.17696636224102;101.58797550345656
36.875;-40.0286;135.17696636224102;101.58797550345656
36.875;-40.0;135.17696636224102;101.58797550345656
37.0625;-39.8;135.17696636224102;101.58797550345656
37.125;-39.7714;135.17696636224102;101.58797550345656
37.0625;-39.6286;135.17696636224102;101.58797550345656
36.8125;-39.4286;135.17696636224102;101.58797550345656
36.625;-39.4286;135.17696636224102;101.58797550345656
36.6875;-39.4;135.17696636224102;101.58797550345656
36.8125;-39.3429;135.17696636224102;101.58797550345656
36.9375;-39.2571;135.17696636224102;101.58797550345656
37.0625;-39.1429;135.17696636224102;101.58797550345656
37.0625;-39.1143;135.17696636224102;101.58797550345656
37.0625;-38.9143;135.17696636224102;101.58797550345656
37.0625;-38.8;135.17696636224102;101.58797550345656
37.0;-38.8;135.17696636224102;101.58797550345656
37.1875;-38.6;135.17696636224102;101.58797550345656
37.3125;-38.6286;135.17696636224102;101.58797550345656
37.1875;-38.4857;135.17696636224102;101.58797550345656
36.75;-38.3714;135.17696636224102;101.58797550345656
36.25;-38.0857;135.17696636224102;101.58797550345656
35.9375;-38.0857;135.17696636224102;101.58797550345656
35.875;-38.0571;135.17696636224102;101.58797550345656
35.8125;-38.0;135.17696636224102;101.58797550345656
35.4375;-37.8571;135.17696636224102;101.58797550345656
35.0;-37.8857;135.17696636224102;101.58797550345656
34.75;-37.6571;135.17696636224102;101.58797550345656
34.6875;-37.7143;135.17696636224102;101.58797550345656
34.75;-37.5143;135.17696636224102;101.58797550345656
35.125;-37.4;135.17696636224102;101.58797550345656
35.4375;-37.3143;135.17696636224102;101.58797550345656
35.5;-37.2571;135.17696636224102;101.58797550345656
35.5;-37.1714;135.17696636224102;101.58797550345656
35.3125;-37.0857;135.17696636224102;101.58797550345656
35.25;-36.8857;135.17696636224102;101.58797550345656
35.0;-36.9714;135.17696636224102;101.58797550345656
34.5;-37.0286;135.17696636224102;101.58797550345656
33.9375;-36.7714;135.17696636224102;101.58797550345656
33.8125;-36.6;135.17696636224102;101.58797550345656
34.0625;-36.5714;135.17696636224102;101.58797550345656
34.25;-36.3429;135.17696636224102;101.58797550345656
34.1875;-36.2286;135.17696636224102;101.58797550345656
34.125;-36.1143;135.17696636224102;101.58797550345656
34.0625;-36.2286;135.17696636224102;101.58797550345656
34.0;-36.1714;135.17696636224102;101.58797550345656
34.0;-35.9429;135.17696636224102;101.58797550345656
34.0;-35.9714;135.17696636224102;101.58797550345656
33.8125;-35.7429;135.17696636224102;101.58797550345656
33.5625;-35.7429;135.17696636224102;101.58797550345656
33.1875;-35.6857;135.17696636224102;101.58797550345656
32.8125;-35.7429;135.17696636224102;101.58797550345656
32.625;-35.4;135.17696636224102;101.58797550345656
32.875;-35.3714;135.17696636224102;101.58797550345656
33.4375;-35.1714;135.17696636224102;101.58797550345656
34.0;-35.1714;135.17696636224102;101.58797550345656
34.3125;-35.0286;135.17696636224102;101.58797550345656
34.125;-35.0286;135.17696636224102;101.58797550345656
33.5;-34.9143;135.17696636224102;101.58797550345656
32.6875;-34.7429;135.17696636224102;101.58797550345656
32.125;-34.4571;135.17696636224102;101.58797550345656
32.1875;-34.4;135.17696636224102;101.58797550345656
32.5;-34.3714;135.17696636224102;101.58797550345656
32.625;-34.4571;135.17696636224102;101.58797550345656
32.5625;-34.4286;135.17696636224102;101.58797550345656
32.5;-34.3143;135.17696636224102;101.58797550345656
32.625;-34.2286;135.17696636224102;101.58797550345656
32.625;-34.0857;135.17696636224102;101.58797550345656
32.3125;-34.0857;135.17696636224102;101.58797550345656
31.9375;-33.9429;135.17696636224102;101.58797550345656
31.875;-33.7429;135.17696636224102;101.58797550345656
32.1875;-33.5714;135.17696636224102;101.58797550345656
32.4375;-33.6571;135.17696636224102;101.58797550345656
32.375;-33.6857;135.17696636224102;101.58797550345656
32.125;-33.4571;135.17696636224102;101.58797550345656
31.875;-33.3429;135.17696636224102;101.58797550345656
31.8125;-33.2;135.17696636224102;101.58797550345656
31.75;-33.2286;135.17696636224102;101.58797550345656
31.75;-33.1143;135.17696636224102;101.58797550345656
31.8125;-33.0;135.17696636224102;101.58797550345656
31.8125;-32.8571;135.17696636224102;101.58797550345656
31.5625;-32.9429;135.17696636224102;101.58797550345656
31.125;-32.9143;135.17696636224102;101.58797550345656
30.9375;-32.8286;135.17696636224102;101.58797550345656
31.0;-32.6857;135.17696636224102;101.58797550345656
31.3125;-32.7143;135.17696636224102;101.58797550345656
31.5625;-32.5429;135.17696636224102;101.58797550345656
31.625;-32.3143;135.17696636224102;101.58797550345656
31.5625;-32.2571;135.17696636224102;101.58797550345656
31.5625;-32.2286;135.17696636224102;101.58797550345656
31.625;-31.9714;135.17696636224102;101.58797550345656
31.625;-32.0;135.17696636224102;101.58797550345656
31.3125;-32.0571;135.17696636224102;101.58797550345656
30.6875;-32.0571;135.17696636224102;101.58797550345656
29.875;-31.7714;135.17696636224102;101.58797550345656
29.4375;-31.6857;135.17696636224102;101.58797550345656
29.75;-31.4857;135.17696636224102;101.58797550345656
30.25;-31.5143;135.17696636224102;101.58797550345656
30.6875;-31.4;135.17696636224102;101.58797550345656
30.875;-31.0857;135.17696636224102;101.58797550345656
30.5625;-31.0;135.17696636224102;101.58797550345656
29.875;-30.9714;135.17696636224102;101.58797550345656
29.375;-30.9714;135.17696636224102;101.58797550345656
29.25;-30.9429;135.17696636224102;101.58797550345656
29.375;-30.7143;135.17696636224102;101.58797550345656
29.75;-30.7143;135.17696636224102;101.58797550345656
30.125;-30.6286;135.17696636224102;101.58797550345656
30.375;-30.6;135.17696636224102;101.58797550345656
30.4375;-30.4286;135.17696636224102;101.58797550345656
30.5;-30.3143;135.17696636224102;101.58797550345656
30.4375;-30.2;135.17696636224102;101.58797550345656
30.4375;-30.0571;135.17696636224102;101.58797550345656
30.375;-30.0857;135.17696636224102;101.58797550345656
30.0625;-30.0571;135.17696636224102;101.58797550345656
29.5;-30.0;135.17696636224102;101.58797550345656
29.0625;-29.9714;135.17696636224102;101.58797550345656
29.0625;-29.7429;135.17696636224102;101.58797550345656
29.1875;-29.8;135.17696636224102;101.58797550345656
29.0625;-29.8;135.17696636224102;101.58797550345656
28.75;-29.7143;135.17696636224102;101.58797550345656
28.25;-29.8857;135.17696636224102;101.58797550345656
27.9375;-29.7714;135.17696636224102;101.58797550345656
28.0625;-29.5714;135.17696636224102;101.58797550345656
28.5;-29.4857;135.17696636224102;101.58797550345656
28.8125;-29.4571;135.17696636224102;101.58797550345656
28.6875;-29.4;135.17696636224102;101.58797550345656
28.125;-29.2857;135.17696636224102;101.58797550345656
27.3125;-29.1714;135.17696636224102;101.58797550345656
26.9375;-28.9714;135.17696636224102;101.58797550345656
27.3125;-28.9429;135.17696636224102;101.58797550345656
27.9375;-28.7714;135.17696636224102;101.58797550345656
28.3125;-28.8286;135.17696636224102;101.58797550345656
28.4375;-28.7143;135.17696636224102;101.58797550345656
28.1875;-28.4857;135.17696636224102;101.58797550345656
27.5625;-28.6;135.17696636224102;101.58797550345656
27.0625;-28.4286;135.17696636224102;101.58797550345656
26.8125;-28.3143;135.17696636224102;101.58797550345656
26.625;-28.1714;135.17696636224102;101.58797550345656
26.4375;-28.1143;135.17696636224102;101.58797550345656
26.3125;-28.1714;135.17696636224102;101.58797550345656
26.25;-28.2286;135.17696636224102;101.58797550345656
26.25;-27.9714;135.17696636224102;101.58797550345656
26.25;-27.8286;135.17696636224102;101.58797550345656
26.4375;-27.8;135.17696636224102;101.58797550345656
26.75;-27.7429;135.17696636224102;101.58797550345656
26.8125;-27.8286;135.17696636224102;101.58797550345656
26.5;-27.6857;135.17696636224102;101.58797550345656
26.125;-27.6286;135.17696636224102;101.58797550345656
25.625;-27.6;135.17696636224102;101.58797550345656
25.1875;-27.5714;135.17696636224102;101.58797550345656
25.0625;-27.4571;135.17696636224102;101.58797550345656
25.3125;-27.2286;135.17696636224102;101.58797550345656
25.6875;-27.0857;135.17696636224102;101.58797550345656
26.125;-27.0;135.17696636224102;101.58797550345656
26.5625;-26.8571;135.17696636224102;101.58797550345656
26.6875;-26.8286;135.17696636224102;101.58797550345656
26.1875;-26.9429;135.17696636224102;101.58797550345656
25.5;-26.8857;135.17696636224102;101.58797550345656
25.0;-26.6286;135.17696636224102;101.58797550345656
25.0;-26.7429;135.17696636224102;101.58797550345656
25.375;-26.5714;135.17696636224102;101.58797550345656
25.6875;-26.4;135.17696636224102;101.58797550345656
25.6875;-26.2857;135.17696636224102;101.58797550345656
25.375;-26.3429;135.17696636224102;101.58797550345656
25.0;-26.0286;135.17696636224102;101.58797550345656
24.8125;-25.9714;135.17696636224102;101.58797550345656
24.9375;-26.0286;135.17696636224102;101.58797550345656
25.125;-25.8571;135.17696636224102;101.58797550345656
25.1875;-25.8857;135.17696636224102;101.58797550345656
25.1875;-25.7429;135.17696636224102;101.58797550345656
25.125;-25.5429;135.17696636224102;101.58797550345656
25.125;-25.4857;135.17696636224102;101.58797550345656
25.0625;-25.4571;135.17696636224102;101.58797550345656
25.0625;-25.4286;135.17696636224102;101.58797550345656
25.0625;-25.3714;135.17696636224102;101.58797550345656
25.0625;-25.4;135.17696636224102;101.58797550345656
24.875;-25.4286;135.17696636224102;101.58797550345656
24.5625;-25.1714;135.17696636224102;101.58797550345656
24.5625;-25.2286;135.17696636224102;101.58797550345656
24.75;-25.2286;135.17696636224102;101.58797550345656
24.8125;-25.1429;135.17696636224102;101.58797550345656
24.5;-25.0286;135.17696636224102;101.58797550345656
24.125;-24.8857;135.17696636224102;101.58797550345656
24.0;-24.7143;135.17696636224102;101.58797550345656
23.875;-24.5429;135.17696636224102;101.58797550345656
23.75;-24.5143;135.17696636224102;101.58797550345656
23.4375;-24.5143;135.17696636224102;101.58797550345656
23.0625;-24.4286;135.17696636224102;101.58797550345656
22.8125;-24.2286;135.17696636224102;101.58797550345656
22.6875;-24.1714;135.17696636224102;101.58797550345656
22.9375;-24.2286;135.17696636224102;101.58797550345656
23.3125;-24.2286;135.17696636224102;101.58797550345656
23.5;-24.2857;135.17696636224102;101.58797550345656
23.5;-24.2;135.17696636224102;101.58797550345656
23.625;-23.9714;135.17696636224102;101.58797550345656
23.8125;-23.9429;135.17696636224102;101.58797550345656
24.0;-23.8857;135.17696636224102;101.58797550345656
24.0625;-23.9143;135.17696636224102;101.58797550345656
23.6875;-23.8571;135.17696636224102;101.58797550345656
22.9375;-23.8286;135.17696636224102;101.58797550345656
22.5625;-23.6286;135.17696636224102;101.58797550345656
22.5;-23.5429;135.17696636224102;101.58797550345656
22.625;-23.4857;135.17696636224102;101.58797550345656
22.75;-23.3429;135.17696636224102;101.58797550345656
22.8125;-23.2857;135.17696636224102;101.58797550345656
22.875;-23.1143;135.17696636224102;101.58797550345656
22.875;-23.0571;135.17696636224102;101.58797550345656
22.875;-23.0571;135.17696636224102;101.58797550345656
22.75;-22.8857;135.17696636224102;101.58797550345656
22.5;-22.7429;135.17696636224102;101.58797550345656
22.25;-22.7714;135.17696636224102;101.58797550345656
22.1875;-22.6857;135.17696636224102;101.58797550345656
22.125;-22.8571;135.17696636224102;101.58797550345656
22.0625;-22.7429;135.17696636224102;101.58797550345656
21.875;-22.6571;135.17696636224102;101.58797550345656
21.625;-22.5714;135.17696636224102;101.58797550345656
21.375;-22.4;135.17696636224102;101.58797550345656
21.5625;-22.3714;135.17696636224102;101.58797550345656
22.0;-22.2571;135.17696636224102;101.58797550345656
22.1875;-22.2571;135.17696636224102;101.58797550345656
22.0;-22.2286;135.17696636224102;101.58797550345656
21.625;-22.1714;135.17696636224102;101.58797550345656
21.1875;-22.0857;135.17696636224102;101.58797550345656
20.8125;-22.0571;135.17696636224102;101.58797550345656
20.625;-22.1143;135.17696636224102;101.58797550345656
20.5;-21.9429;135.17696636224102;101.58797550345656
20.5;-21.8;135.17696636224102;101.58797550345656
20.75;-21.8286;135.17696636224102;101.58797550345656
21.125;-21.6571;135.17696636224102;101.58797550345656
21.5625;-21.4857;135.17696636224102;101.58797550345656
21.75;-21.5429;135.17696636224102;101.58797550345656
21.5;-21.5143;135.17696636224102;101.58797550345656
21.0;-21.3429;135.17696636224102;101.58797550345656
20.5;-21.3143;135.17696636224102;101.58797550345656
20.0;-21.1429;135.17696636224102;101.58797550345656
19.75;-21.2;135.17696636224102;101.58797550345656
19.625;-21.0571;135.17696636224102;101.58797550345656
19.625;-20.8571;135.17696636224102;101.58797550345656
19.6875;-20.8857;135.17696636224102;101.58797550345656
19.8125;-20.6857;135.17696636224102;101.58797550345656
20.125;-20.7714;135.17696636224102;101.58797550345656
20.1875;-20.7143;135.17696636224102;101.58797550345656
19.875;-20.6571;135.17696636224102;101.58797550345656
19.5625;-20.7143;135.17696636224102;101.58797550345656
19.625;-20.7714;135.17696636224102;101.58797550345656
19.9375;-20.6857;135.17696636224102;101.58797550345656
20.1875;-20.4857;135.17696636224102;101.58797550345656
20.1875;-20.4857;135.17696636224102;101.58797550345656
20.0625;-20.3714;135.17696636224102;101.58797550345656
19.8125;-20.3143;135.17696636224102;101.58797550345656
19.4375;-20.2571;135.17696636224102;101.58797550345656
19.0625;-20.1143;135.17696636224102;101.58797550345656
19.0;-20.0571;135.17696636224102;101.58797550345656
19.3125;-20.0857;135.17696636224102;101.58797550345656
19.625;-19.9714;135.17696636224102;101.58797550345656
19.5625;-19.9429;135.17696636224102;101.58797550345656
19.25;-19.8;135.17696636224102;101.58797550345656
18.875;-19.7429;135.17696636224102;101.58797550345656
18.75;-19.5714;135.17696636224102;101.58797550345656
19.0625;-19.6571;135.17696636224102;101.58797550345656
19.375;-19.6857;135.17696636224102;101.58797550345656
19.25;-19.6571;135.17696636224102;101.58797550345656
19.0;-19.5429;135.17696636224102;101.58797550345656
18.8125;-19.5143;135.17696636224102;101.58797550345656
18.875;-19.3714;135.17696636224102;101.58797550345656
19.375;-19.3714;135.17696636224102;101.58797550345656
19.8125;-19.2571;135.17696636224102;101.58797550345656
20.125;-19.0857;135.17696636224102;101.58797550345656
20.25;-18.9429;135.17696636224102;101.58797550345656
20.3125;-18.9143;135.17696636224102;101.58797550345656
20.25;-18.8571;135.17696636224102;101.58797550345656
20.25;-18.8571;135.17696636224102;101.58797550345656
20.1875;-18.8;135.17696636224102;101.58797550345656
20.0;-18.7714;135.17696636224102;101.58797550345656
19.625;-18.6571;135.17696636224102;101.58797550345656
19.25;-18.5429;135.17696636224102;101.58797550345656
18.875;-18.5143;135.17696636224102;101.58797550345656
18.4375;-18.4286;135.17696636224102;101.58797550345656
18.125;-18.4;135.17696636224102;101.58797550345656
17.9375;-18.4;135.17696636224102;101.58797550345656
17.6875;-18.2857;135.17696636224102;101.58797550345656
17.5;-18.2286;135.17696636224102;101.58797550345656
17.75;-18.0286;135.17696636224102;101.58797550345656
18.25;-18.0286;135.17696636224102;101.58797550345656
18.5;-18.0;135.17696636224102;101.58797550345656
18.4375;-17.8571;135.17696636224102;101.58797550345656
17.9375;-17.8286;135.17696636224102;101.58797550345656
17.3125;-17.7714;135.17696636224102;101.58797550345656
16.9375;-17.6857;135.17696636224102;101.58797550345656
16.8125;-17.6286;135.17696636224102;101.58797550345656
17.0;-17.5714;135.17696636224102;101.58797550345656
17.4375;-17.5143;135.17696636224102;101.58797550345656
17.6875;-17.3714;135.17696636224102;101.58797550345656
17.5;-17.3143;135.17696636224102;101.58797550345656
17.125;-17.2857;135.17696636224102;101.58797550345656
16.8125;-17.2286;135.17696636224102;101.58797550345656
16.5;-17.1714;135.17696636224102;101.58797550345656
16.375;-17.2286;135.17696636224102;101.58797550345656
16.375;-17.2;135.17696636224102;101.58797550345656
16.375;-17.2286;135.17696636224102;101.58797550345656
16.4375;-17.0571;135.17696636224102;101.58797550345656
16.4375;-16.9429;135.17696636224102;101.58797550345656
16.5;-16.8571;135.17696636224102;101.58797550345656
16.5;-16.8571;135.17696636224102;101.58797550345656
16.5;-16.8286;135.17696636224102;101.58797550345656
16.3125;-16.8;135.17696636224102;101.58797550345656
16.125;-16.7714;135.17696636224102;101.58797550345656
15.9375;-16.7143;135.17696636224102;101.58797550345656
15.8125;-16.6;135.17696636224102;101.58797550345656
15.9375;-16.5429;135.17696636224102;101.58797550345656
16.25;-16.4857;135.17696636224102;101.58797550345656
16.6875;-16.3429;135.17696636224102;101.58797550345656
17.0625;-16.4286;135.17696636224102;101.58797550345656
17.0625;-16.2857;135.17696636224102;101.58797550345656
16.8125;-16.2571;135.17696636224102;101.58797550345656
16.375;-16.1429;135.17696636224102;101.58797550345656
15.875;-15.9714;135.17696636224102;101.58797550345656
15.5;-15.9143;135.17696636224102;101.58797550345656
15.3125;-15.8857;135.17696636224102;101.58797550345656
15.4375;-15.8286;135.17696636224102;101.58797550345656
15.625;-15.8;135.17696636224102;101.58797550345656
15.75;-15.6286;135.17696636224102;101.58797550345656
15.75;-15.6;135.17696636224102;101.58797550345656
15.625;-15.6;135.17696636224102;101.58797550345656
15.5625;-15.4286;135.17696636224102;101.58797550345656
15.5;-15.4;135.17696636224102;101.58797550345656
15.5;-15.3429;135.17696636224102;101.58797550345656
15.5625;-15.2857;135.17696636224102;101.58797550345656
15.5625;-15.2;135.17696636224102;101.58797550345656
15.5;-15.0857;135.17696636224102;101.58797550345656
15.4375;-14.9429;135.17696636224102;101.58797550345656
15.375;-14.8857;135.17696636224102;101.58797550345656
15.3125;-14.8571;135.17696636224102;101.58797550345656
15.3125;-14.6857;135.17696636224102;101.58797550345656
15.3125;-14.7429;135.17696636224102;101.58797550345656
15.25;-14.6286;135.17696636224102;101.58797550345656
15.0;-14.6286;135.17696636224102;101.58797550345656
14.5625;-14.5143;135.17696636224102;101.58797550345656
14.125;-14.5143;135.17696636224102;101.58797550345656
13.8125;-14.5429;135.17696636224102;101.58797550345656
13.6875;-14.4;135.17696636224102;101.58797550345656
13.875;-14.4286;135.17696636224102;101.58797550345656
14.1875;-14.2857;135.17696636224102;101.58797550345656
14.375;-14.2286;135.17696636224102;101.58797550345656
14.375;-14.1714;135.17696636224102;101.58797550345656
14.1875;-14.1143;135.17696636224102;101.58797550345656
14.0;-14.0857;135.17696636224102;101.58797550345656
13.875;-13.9714;135.17696636224102;101.58797550345656
13.75;-13.9429;135.17696636224102;101.58797550345656
13.8125;-13.9429;135.17696636224102;101.58797550345656
14.0;-13.9143;135.17696636224102;101.58797550345656
14.125;-13.8857;135.17696636224102;101.58797550345656
14.1875;-13.8;135.17696636224102;101.58797550345656
14.0;-13.7714;135.17696636224102;101.58797550345656
13.75;-13.6857;135.17696636224102;101.58797550345656
13.5625;-13.6571;135.17696636224102;101.58797550345656
13.5;-13.6571;135.17696636224102;101.58797550345656
13.4375;-13.5714;135.17696636224102;101.58797550345656
13.625;-13.5429;135.17696636224102;101.58797550345656
13.75;-13.4571;135.17696636224102;101.58797550345656
13.6875;-13.4286;135.17696636224102;101.58797550345656
13.5;-13.2286;135.17696636224102;101.58797550345656
13.375;-13.2571;135.17696636224102;101.58797550345656
13.3125;-13.2;135.17696636224102;101.58797550345656
13.3125;-13.1143;135.17696636224102;101.58797550345656
13.3125;-13.0286;135.17696636224102;101.58797550345656
13.3125;-13.0286;135.17696636224102;101.58797550345656
13.3125;-12.9714;135.17696636224102;101.58797550345656
13.1875;-12.9714;135.17696636224102;101.58797550345656
12.8125;-12.8857;135.17696636224102;101.58797550345656
12.375;-12.8286;135.17696636224102;101.58797550345656
12.375;-12.8;135.17696636224102;101.58797550345656
12.6875;-12.7714;135.17696636224102;101.58797550345656
13.125;-12.7429;135.17696636224102;101.58797550345656
13.375;-12.7143;135.17696636224102;101.58797550345656
13.3125;-12.6;135.17696636224102;101.58797550345656
12.875;-12.4857;135.17696636224102;101.58797550345656
12.4375;-12.4571;135.17696636224102;101.58797550345656
12.125;-12.4286;135.17696636224102;101.58797550345656
11.9375;-12.4;135.17696636224102;101.58797550345656
11.875;-12.3143;135.17696636224102;101.58797550345656
11.9375;-12.3429;135.17696636224102;101.58797550345656
11.875;-12.2;135.17696636224102;101.58797550345656
11.75;-12.1143;135.17696636224102;101.58797550345656
11.625;-12.0857;135.17696636224102;101.58797550345656
11.75;-11.9714;135.17696636224102;101.58797550345656
11.9375;-12.0;135.17696636224102;101.58797550345656
12.25;-11.8286;135.17696636224102;101.58797550345656
12.5625;-11.8286;135.17696636224102;101.58797550345656
12.625;-11.7714;135.17696636224102;101.58797550345656
12.6875;-11.6571;135.17696636224102;101.58797550345656
12.625;-11.6;135.17696636224102;101.58797550345656
12.3125;-11.6286;135.17696636224102;101.58797550345656
11.8125;-11.5429;135.17696636224102;101.58797550345656
11.5;-11.5143;135.17696636224102;101.58797550345656
11.375;-11.5429;135.17696636224102;101.58797550345656
11.3125;-11.4857;135.17696636224102;101.58797550345656
11.375;-11.4857;135.17696636224102;101.58797550345656
11.375;-11.4;135.17696636224102;101.58797550345656
11.3125;-11.3429;135.17696636224102;101.58797550345656
11.0625;-11.2;135.17696636224102;101.58797550345656
10.8125;-11.2;135.17696636224102;101.58797550345656
10.75;-11.1143;135.17696636224102;101.58797550345656
10.625;-11.0857;135.17696636224102;101.58797550345656
10.5625;-11.0286;135.17696636224102;101.58797550345656
10.625;-11.0286;135.17696636224102;101.58797550345656
10.8125;-11.0;135.17696636224102;101.58797550345656
11.0;-10.9714;135.17696636224102;101.58797550345656
11.1875;-10.8286;135.17696636224102;101.58797550345656
11.3125;-10.8;135.17696636224102;101.58797550345656
11.3125;-10.6857;135.17696636224102;101.58797550345656
11.3125;-10.6857;135.17696636224102;101.58797550345656
11.3125;-10.6;135.17696636224102;101.58797550345656
11.125;-10.6;135.17696636224102;101.58797550345656
10.9375;-10.5143;135.17696636224102;101.58797550345656
10.6875;-10.4857;135.17696636224102;101.58797550345656
10.5625;-10.4;135.17696636224102;101.58797550345656
10.5625;-10.3714;135.17696636224102;101.58797550345656
10.6875;-10.3143;135.17696636224102;101.58797550345656
10.6875;-10.2857;135.17696636224102;101.58797550345656
10.6875;-10.2571;135.17696636224102;101.58797550345656
10.5625;-10.2;135.17696636224102;101.58797550345656
10.4375;-10.1429;135.17696636224102;101.58797550345656
10.4375;-10.0571;135.17696636224102;101.58797550345656
10.375;-10.0286;135.17696636224102;101.58797550345656
10.3125;-10.0286;135.17696636224102;101.58797550345656
10.25;-10.0;135.17696636224102;101.58797550345656
10.25;-9.9714;135.17696636224102;101.58797550345656
10.1875;-9.9429;135.17696636224102;101.58797550345656
10.1875;-9.8286;135.17696636224102;101.58797550345656
10.1875;-9.7429;135.17696636224102;101.58797550345656
10.25;-9.7714;135.17696636224102;101.58797550345656
10.1875;-9.7143;135.17696636224102;101.58797550345656
9.9375;-9.6286;135.17696636224102;101.58797550345656
9.75;-9.6286;135.17696636224102;101.58797550345656
9.75;-9.5143;135.17696636224102;101.58797550345656
9.75;-9.5429;135.17696636224102;101.58797550345656
9.75;-9.5143;135.17696636224102;101.58797550345656
9.6875;-9.3714;135.17696636224102;101.58797550345656
9.5625;-9.3714;135.17696636224102;101.58797550345656
9.3125;-9.3429;135.17696636224102;101.58797550345656
9.125;-9.3429;135.17696636224102;101.58797550345656
9.125;-9.2286;135.17696636224102;101.58797550345656
9.25;-9.2;135.17696636224102;101.58797550345656
9.375;-9.1429;135.17696636224102;101.58797550345656
9.375;-9.0857;135.17696636224102;101.58797550345656
9.3125;-9.0571;135.17696636224102;101.58797550345656
9.125;-9.0;135.17696636224102;101.58797550345656
8.9375;-8.9143;135.17696636224102;101.58797550345656
8.9375;-8.8857;135.17696636224102;101.58797550345656
9.0625;-8.8571;135.17696636224102;101.58797550345656
9.125;-8.8286;135.17696636224102;101.58797550345656
9.25;-8.8;135.17696636224102;101.58797550345656
9.3125;-8.7429;135.17696636224102;101.58797550345656
9.25;-8.6857;135.17696636224102;101.58797550345656
9.125;-8.6571;135.17696636224102;101.58797550345656
9.125;-8.5429;135.17696636224102;101.58797550345656
9.25;-8.5714;135.17696636224102;101.58797550345656
9.4375;-8.5143;135.17696636224102;101.58797550345656
9.5625;-8.4857;135.17696636224102;101.58797550345656
9.625;-8.3714;135.17696636224102;101.58797550345656
9.625;-8.4;135.17696636224102;101.58797550345656
9.625;-8.3143;135.17696636224102;101.58797550345656
9.625;-8.2571;135.17696636224102;101.58797550345656
9.5;-8.2571;135.17696636224102;101.58797550345656
9.125;-8.1714;135.17696636224102;101.58797550345656
8.625;-8.2;135.17696636224102;101.58797550345656
8.0625;-8.1429;135.17696636224102;101.58797550345656
7.5625;-8.0857;135.17696636224102;101.58797550345656
7.25;-8.0286;135.17696636224102;101.58797550345656
7.1875;-8.0;135.17696636224102;101.58797550345656
7.1875;-7.9143;135.17696636224102;101.58797550345656
7.1875;-7.8857;135.17696636224102;101.58797550345656
7.375;-7.8;135.17696636224102;101.58797550345656
7.75;-7.8;135.17696636224102;101.58797550345656
8.1875;-7.7714;135.17696636224102;101.58797550345656
8.375;-7.6857;135.17696636224102;101.58797550345656
8.0625;-7.6857;135.17696636224102;101.58797550345656
7.4375;-7.5429;135.17696636224102;101.58797550345656
7.125;-7.5143;135.17696636224102;101.58797550345656
7.375;-7.4857;135.17696636224102;101.58797550345656
7.75;-7.4286;135.17696636224102;101.58797550345656
7.9375;-7.3714;135.17696636224102;101.58797550345656
7.6875;-7.4286;135.17696636224102;101.58797550345656
7.25;-7.3714;135.17696636224102;101.58797550345656
6.9375;-7.3143;135.17696636224102;101.58797550345656
7.0;-7.2857;135.17696636224102;101.58797550345656
7.1875;-7.2286;135.17696636224102;101.58797550345656
7.125;-7.1714;135.17696636224102;101.58797550345656
6.75;-7.1429;135.17696636224102;101.58797550345656
6.375;-7.0571;135.17696636224102;101.58797550345656
6.125;-7.0286;135.17696636224102;101.58797550345656
6.0625;-7.0286;135.17696636224102;101.58797550345656
6.0;-7.0;135.17696636224102;101.58797550345656
6.0625;-6.8857;135.17696636224102;101.58797550345656
6.125;-6.8857;135.17696636224102;101.58797550345656
6.25;-6.7429;135.17696636224102;101.58797550345656
6.375;-6.7714;135.17696636224102;101.58797550345656
6.6875;-6.7143;135.17696636224102;101.58797550345656
6.9375;-6.6857;135.17696636224102;101.58797550345656
6.875;-6.6;135.17696636224102;101.58797550345656
6.5;-6.5714;135.17696636224102;101.58797550345656
6.0625;-6.4857;135.17696636224102;101.58797550345656
5.875;-6.4571;135.17696636224102;101.58797550345656
5.875;-6.4;135.17696636224102;101.58797550345656
5.875;-6.3429;135.17696636224102;101.58797550345656
6.0;-6.3429;135.17696636224102;101.58797550345656
6.4375;-6.2857;135.17696636224102;101.58797550345656
6.9375;-6.2857;135.17696636224102;101.58797550345656
7.25;-6.2286;135.17696636224102;101.58797550345656
7.3125;-6.1714;135.17696636224102;101.58797550345656
6.875;-6.1429;135.17696636224102;101.58797550345656
6.0625;-6.1143;135.17696636224102;101.58797550345656
5.25;-6.0286;135.17696636224102;101.58797550345656
4.8125;-5.9429;135.17696636224102;101.58797550345656
4.875;-5.9143;135.17696636224102;101.58797550345656
5.375;-5.9143;135.17696636224102;101.58797550345656
5.75;-5.8571;135.17696636224102;101.58797550345656
5.875;-5.8857;135.17696636224102;101.58797550345656
5.5625;-5.8;135.17696636224102;101.58797550345656
5.1875;-5.7429;135.17696636224102;101.58797550345656
4.8125;-5.7143;135.17696636224102;101.58797550345656
4.6875;-5.6571;135.17696636224102;101.58797550345656
4.625;-5.6286;135.17696636224102;101.58797550345656
4.6875;-5.6;135.17696636224102;101.58797550345656
4.6875;-5.4857;135.17696636224102;101.58797550345656
4.6875;-5.4571;135.17696636224102;101.58797550345656
4.8125;-5.4571;135.17696636224102;101.58797550345656
4.9375;-5.4286;135.17696636224102;101.58797550345656
4.9375;-5.4;135.17696636224102;101.58797550345656
4.8125;-5.3429;135.17696636224102;101.58797550345656
4.8125;-5.3143;135.17696636224102;101.58797550345656
4.8125;-5.2857;135.17696636224102;101.58797550345656
4.6875;-5.2;135.17696636224102;101.58797550345656
4.375;-5.1714;135.17696636224102;101.58797550345656
4.1875;-5.1143;135.17696636224102;101.58797550345656
4.25;-5.1143;135.17696636224102;101.58797550345656
4.5;-5.0857;135.17696636224102;101.58797550345656
4.625;-5.0571;135.17696636224102;101.58797550345656
4.4375;-4.9714;135.17696636224102;101.58797550345656
4.125;-4.9714;135.17696636224102;101.58797550345656
3.875;-4.9714;135.17696636224102;101.58797550345656
3.6875;-4.9143;135.17696636224102;101.58797550345656
3.6875;-4.8571;135.17696636224102;101.58797550345656
3.75;-4.8571;135.17696636224102;101.58797550345656
3.625;-4.8;135.17696636224102;101.58797550345656
3.5;-4.8;135.17696636224102;101.58797550345656
3.625;-4.7714;135.17696636224102;101.58797550345656
3.875;-4.7143;135.17696636224102;101.58797550345656
4.125;-4.6857;135.17696636224102;101.58797550345656
4.4375;-4.6571;135.17696636224102;101.58797550345656
4.5;-4.6571;135.17696636224102;101.58797550345656
4.375;-4.6286;135.17696636224102;101.58797550345656
4.0625;-4.6;135.17696636224102;101.58797550345656
3.8125;-4.4857;135.17696636224102;101.58797550345656
3.6875;-4.4857;135.17696636224102;101.58797550345656
3.6875;-4.3714;135.17696636224102;101.58797550345656
3.6875;-4.4571;135.17696636224102;101.58797550345656
3.6875;-4.3429;135.17696636224102;101.58797550345656
3.6875;-4.3143;135.17696636224102;101.58797550345656
3.5;-4.2571;135.17696636224102;101.58797550345656
3.0625;-4.3143;135.17696636224102;101.58797550345656
2.6875;-4.2857;135.17696636224102;101.58797550345656
2.75;-4.1714;135.17696636224102;101.58797550345656
3.0;-4.1714;135.17696636224102;101.58797550345656
3.375;-4.1429;135.17696636224102;101.58797550345656
3.625;-4.0857;135.17696636224102;101.58797550345656
3.5625;-4.0857;135.17696636224102;101.58797550345656
3.1875;-4.0571;135.17696636224102;101.58797550345656
3.0625;-4.0;135.17696636224102;101.58797550345656
3.125;-3.9429;135.17696636224102;101.58797550345656
3.25;-3.9143;135.17696636224102;101.58797550345656
3.5625;-3.9429;135.17696636224102;101.58797550345656
3.6875;-3.8857;135.17696636224102;101.58797550345656
3.6875;-3.8571;135.17696636224102;101.58797550345656
3.75;-3.8286;135.17696636224102;101.58797550345656
3.75;-3.8;135.17696636224102;101.58797550345656
3.8125;-3.7429;135.17696636224102;101.58797550345656
3.625;-3.7429;135.17696636224102;101.58797550345656
2.8125;-3.7143;135.17696636224102;101.58797550345656
1.9375;-3.6571;135.17696636224102;101.58797550345656
1.875;-3.6571;135.17696636224102;101.58797550345656
2.1875;-3.6;135.17696636224102;101.58797550345656
2.375;-3.4571;135.17696636224102;101.58797550345656
2.6875;-3.5143;135.17696636224102;101.58797550345656
3.0625;-3.5143;135.17696636224102;101.58797550345656
3.375;-3.4286;135.17696636224102;101.58797550345656
3.4375;-3.4;135.17696636224102;101.58797550345656
3.5;-3.3714;135.17696636224102;101.58797550345656
3.4375;-3.4;135.17696636224102;101.58797550345656
3.4375;-3.3143;135.17696636224102;101.58797550345656
3.375;-3.2857;135.17696636224102;101.58797550345656
3.1875;-3.2571;135.17696636224102;101.58797550345656
2.5;-3.1714;135.17696636224102;101.58797550345656
1.5;-3.1714;135.17696636224102;101.58797550345656
0.75;-3.1143;135.17696636224102;101.58797550345656
0.625;-3.1143;135.17696636224102;101.58797550345656
1.1875;-3.0286;135.17696636224102;101.58797550345656
1.875;-3.0571;135.17696636224102;101.58797550345656
2.4375;-3.0;135.17696636224102;101.58797550345656
2.9375;-2.9714;135.17696636224102;101.58797550345656
3.0;-3.0;135.17696636224102;101.58797550345656
2.6875;-2.9714;135.17696636224102;101.58797550345656
2.375;-2.8571;135.17696636224102;101.58797550345656
2.3125;-2.9143;135.17696636224102;101.58797550345656
2.25;-2.8286;135.17696636224102;101.58797550345656
1.9375;-2.8;135.17696636224102;101.58797550345656
1.4375;-2.7714;135.17696636224102;101.58797550345656
1.4375;-2.7714;135.17696636224102;101.58797550345656
1.6875;-2.6857;135.17696636224102;101.58797550345656
1.625;-2.7143;135.17696636224102;101.58797550345656
1.25;-2.6286;135.17696636224102;101.58797550345656
1.0625;-2.6571;135.17696636224102;101.58797550345656
1.1875;-2.6;135.17696636224102;101.58797550345656
1.375;-2.5429;135.17696636224102;101.58797550345656
1.375;-2.6286;135.17696636224102;101.58797550345656
1.3125;-2.5143;135.17696636224102;101.58797550345656
1.1875;-2.4857;135.17696636224102;101.58797550345656
1.125;-2.4571;135.17696636224102;101.58797550345656
1.125;-2.4;135.17696636224102;101.58797550345656
1.125;-2.4286;135.17696636224102;101.58797550345656
1.125;-2.4;135.17696636224102;101.58797550345656
1.1875;-2.3429;135.17696636224102;101.58797550345656
1.125;-2.3429;135.17696636224102;101.58797550345656
0.75;-2.2571;135.17696636224102;101.58797550345656
0.3125;-2.2571;135.17696636224102;101.58797550345656
0.0625;-2.2;135.17696636224102;101.58797550345656
0.0;-2.2;135.17696636224102;101.58797550345656
-0.0625;-2.2;135.17696636224102;101.58797550345656
0.0;-2.1143;135.17696636224102;101.58797550345656
0.0;-2.0857;135.17696636224102;101.58797550345656
0.25;-2.1143;135.17696636224102;101.58797550345656
0.8125;-2.1143;135.17696636224102;101.58797550345656
1.0;-2.0571;135.17696636224102;101.58797550345656
0.75;-1.8857;135.17696636224102;101.58797550345656
0.625;-2.0;135.17696636224102;101.58797550345656
0.625;-2.0;135.17696636224102;101.58797550345656
0.6875;-1.8857;135.17696636224102;101.58797550345656
0.9375;-1.9429;135.17696636224102;101.58797550345656
0.9375;-1.8857;135.17696636224102;101.58797550345656
0.75;-1.8;135.17696636224102;101.58797550345656
0.5625;-1.7429;135.17696636224102;101.58797550345656
0.375;-1.7714;135.17696636224102;101.58797550345656
0.125;-1.7143;135.17696636224102;101.58797550345656
0.3125;-1.7143;135.17696636224102;101.58797550345656
1.125;-1.7143;135.17696636224102;101.58797550345656
1.8125;-1.6;135.17696636224102;101.58797550345656
1.625;-1.7143;135.17696636224102;101.58797550345656
0.9375;-1.6571;135.17696636224102;101.58797550345656
0.3125;-1.6;135.17696636224102;101.58797550345656
0.0;-1.6286;135.17696636224102;101.58797550345656
-0.0625;-1.6286;135.17696636224102;101.58797550345656
-0.0625;-1.5143;135.17696636224102;101.58797550345656
-0.0625;-1.5429;135.17696636224102;101.58797550345656
0.125;-1.4286;135.17696636224102;101.58797550345656
0.4375;-1.3714;135.17696636224102;101.58797550345656
0.375;-1.4857;135.17696636224102;101.58797550345656
0.0625;-1.3714;135.17696636224102;101.58797550345656
-0.125;-1.3714;135.17696636224102;101.58797550345656
-0.1875;-1.4;135.17696636224102;101.58797550345656
-0.0625;-1.3429;135.17696636224102;101.58797550345656
0.0;-1.3714;135.17696636224102;101.58797550345656
0.0;-1.2857;135.17696636224102;101.58797550345656
0.0;-1.2571;135.17696636224102;101.58797550345656
0.0;-1.2857;135.17696636224102;101.58797550345656
0.0;-1.2;135.17696636224102;101.58797550345656
0.0625;-1.2286;135.17696636224102;101.58797550345656
0.25;-1.2286;135.17696636224102;101.58797550345656
0.3125;-1.1714;135.17696636224102;101.58797550345656
0.1875;-1.1714;135.17696636224102;101.58797550345656
0.1875;-1.0857;135.17696636224102;101.58797550345656
0.0;-1.1143;135.17696636224102;101.58797550345656
-0.625;-1.1143;135.17696636224102;101.58797550345656
-0.9375;-1.0571;135.17696636224102;101.58797550345656
-0.6875;-1.0286;135.17696636224102;101.58797550345656
-0.3125;-1.0;135.17696636224102;101.58797550345656
-0.0625;-0.9714;135.17696636224102;101.58797550345656
-0.0625;-0.9714;135.17696636224102;101.58797550345656
-0.375;-0.8286;135.17696636224102;101.58797550345656
-0.4375;-0.9429;135.17696636224102;101.58797550345656
-0.3125;-0.8857;135.17696636224102;101.58797550345656
-0.125;-0.8857;135.17696636224102;101.58797550345656
0.0;-0.8857;135.17696636224102;101.58797550345656
0.0;-0.8;135.17696636224102;101.58797550345656
0.0;-0.8857;135.17696636224102;101.58797550345656
0.0;-0.8571;135.17696636224102;101.58797550345656
0.0;-0.7714;135.17696636224102;101.58797550345656
0.0;-0.7429;135.17696636224102;101.58797550345656
0.0;-0.7714;135.17696636224102;101.58797550345656
-0.125;-0.7714;135.17696636224102;101.58797550345656
-0.3125;-0.7429;135.17696636224102;101.58797550345656
-0.5;-0.6857;135.17696636224102;101.58797550345656
-0.5;-0.6571;135.17696636224102;101.58797550345656
-0.3125;-0.6857;135.17696636224102;101.58797550345656
-0.1875;-0.6857;135.17696636224102;101.58797550345656
-0.3125;-0.6286;135.17696636224102;101.58797550345656
-0.6875;-0.5429;135.17696636224102;101.58797550345656
-0.6875;-0.6;135.17696636224102;101.58797550345656
-0.5625;-0.5143;135.17696636224102;101.58797550345656
-0.8125;-0.5714;135.17696636224102;101.58797550345656
-0.9375;-0.5143;135.17696636224102;101.58797550345656
-0.625;-0.5714;135.17696636224102;101.58797550345656
-0.3125;-0.5429;135.17696636224102;101.58797550345656
-0.125;-0.5143;135.17696636224102;101.58797550345656
-0.125;-0.4571;135.17696636224102;101.58797550345656
-0.4375;-0.5143;135.17696636224102;101.58797550345656
-1.0;-0.4;135.17696636224102;101.58797550345656
-1.0625;-0.4286;135.17696636224102;101.58797550345656
-0.6875;-0.4286;135.17696636224102;101.58797550345656
-0.25;-0.3429;135.17696636224102;101.58797550345656
-0.1875;-0.3143;135.17696636224102;101.58797550345656
-0.75;-0.2286;135.17696636224102;101.58797550345656
-1.3125;-0.2571;135.17696636224102;101.58797550345656
-1.1875;-0.1143;135.17696636224102;101.58797550345656
-0.6875;-0.2286;135.17696636224102;101.58797550345656
-0.25;-0.0286;135.17696636224102;101.58797550345656
0.0;-0.0857;135.17696636224102;101.58797550345656
0.0625;0.1429;135.17696636224102;101.58797550345656
0.0;0.2286;135.17696636224102;101.58797550345656
0.0;0.4571;135.17696636224102;101.58797550345656
-0.375;0.5429;135.17696636224102;101.58797550345656
-1.0;0.6286;135.17696636224102;101.58797550345656
-1.4375;0.8286;135.17696636224102;101.58797550345656
-1.75;0.9143;135.17696636224102;101.58797550345656
-1.8125;1.1714;135.17696636224102;101.58797550345656
-1.5625;1.4857;135.17696636224102;101.58797550345656
-1.375;1.6286;135.17696636224102;101.58797550345656
-1.1875;1.8286;135.17696636224102;101.58797550345656
-1.25;2.1714;135.17696636224102;101.58797550345656
-1.625;2.4286;135.17696636224102;101.58797550345656
-2.1875;2.6571;135.17696636224102;101.58797550345656
-2.875;2.9714;135.17696636224102;101.58797550345656
-3.5;3.3714;135.17696636224102;101.58797550345656
-3.75;3.7429;135.17696636224102;101.58797550345656
-3.625;4.0857;135.17696636224102;101.58797550345656
-3.5;4.5429;135.17696636224102;101.58797550345656
-3.625;4.9714;135.17696636224102;101.58797550345656
-4.0;5.4286;135.17696636224102;101.58797550345656
-4.75;5.9429;135.17696636224102;101.58797550345656
-5.4375;6.4286;135.17696636224102;101.58797550345656
-5.9375;7.0571;135.17696636224102;101.58797550345656
-6.375;7.5429;135.17696636224102;101.58797550345656
-6.8125;8.1429;135.17696636224102;101.58797550345656
-7.1875;8.7714;135.17696636224102;101.58797550345656
-7.8125;9.4571;135.17696636224102;101.58797550345656
-8.4375;10.0;135.17696636224102;101.58797550345656
-9.0;10.7143;135.17696636224102;101.58797550345656
-9.25;11.4571;135.17696636224102;101.58797550345656
-9.3125;12.1143;135.17696636224102;101.58797550345656
-9.3125;12.8571;135.17696636224102;101.58797550345656
-9.25;13.5143;135.17696636224102;101.58797550345656
-9.3125;14.2;135.17696636224102;101.58797550345656
-10.0625;15.0;135.17696636224102;101.58797550345656
-11.9375;15.7714;135.17696636224102;101.58797550345656
-14.125;16.4571;135.17696636224102;101.58797550345656
-15.8125;17.1429;135.17696636224102;101.58797550345656
-17.0;17.8857;135.17696636224102;101.58797550345656
-17.9375;18.7714;135.17696636224102;101.58797550345656
-18.75;19.5429;135.17696636224102;101.58797550345656
-19.5625;20.2571;135.17696636224102;101.58797550345656
-20.4375;21.0571;135.17696636224102;101.58797550345656
-21.375;21.8571;135.17696636224102;101.58797550345656
-22.3125;22.7143;135.17696636224102;101.58797550345656
-23.375;23.4286;135.17696636224102;101.58797550345656
-24.375;24.2286;135.17696636224102;101.58797550345656
-25.375;25.0;135.17696636224102;101.58797550345656
-26.375;25.7714;135.17696636224102;101.58797550345656
-27.5;26.5143;135.17696636224102;101.58797550345656
-28.6875;27.0857;135.17696636224102;101.58797550345656
-29.6875;27.7143;135.17696636224102;101.58797550345656
-30.4375;28.4857;135.17696636224102;101.58797550345656
-31.125;29.2;135.17696636224102;101.58797550345656
-31.875;29.8857;135.17696636224102;101.58797550345656
-32.6875;30.5714;135.17696636224102;101.58797550345656
-33.5;31.3429;135.17696636224102;101.58797550345656
-34.375;32.0571;135.17696636224102;101.58797550345656
-35.3125;32.7429;135.17696636224102;101.58797550345656
-36.1875;33.5143;135.17696636224102;101.58797550345656
-36.8125;34.1143;135.17696636224102;101.58797550345656
-37.125;34.5714;135.17696636224102;101.58797550345656
-37.1875;35.3714;135.17696636224102;101.58797550345656
-37.125;35.9714;135.17696636224102;101.58797550345656
-37.1875;36.6857;135.17696636224102;101.58797550345656
-37.4375;37.3143;135.17696636224102;101.58797550345656
-38.3125;38.1143;135.17696636224102;101.58797550345656
-40.1875;38.6;135.17696636224102;101.58797550345656
-42.4375;39.2857;135.17696636224102;101.58797550345656
-44.25;39.7714;135.17696636224102;101.58797550345656
-45.5625;40.4857;135.17696636224102;101.58797550345656
-46.6875;41.4;135.17696636224102;101.58797550345656
-47.5625;42.2;135.17696636224102;101.58797550345656
-48.4375;43.1429;135.17696636224102;101.58797550345656
-49.1875;43.4;135.17696636224102;101.58797550345656
-49.9375;43.9429;135.17696636224102;101.58797550345656
-50.75;44.7714;135.17696636224102;101.58797550345656
-51.6875;45.4;135.17696636224102;101.58797550345656
-52.75;46.2;135.17696636224102;101.58797550345656
-53.6875;46.5714;135.17696636224102;101.58797550345656
-54.4375;47.5429;135.17696636224102;101.58797550345656
-55.125;48.0286;135.17696636224102;101.58797550345656
-55.9375;48.4286;135.17696636224102;101.58797550345656
-56.8125;49.2286;135.17696636224102;101.58797550345656
-57.625;49.4571;135.17696636224102;101.58797550345656
-58.3125;50.2571;135.17696636224102;101.58797550345656
-59.0625;51.1429;135.17696636224102;101.58797550345656
-59.875;51.6;135.17696636224102;101.58797550345656
-60.6875;52.0571;135.17696636224102;101.58797550345656
-61.625;52.5714;135.17696636224102;101.58797550345656
-62.5;53.0571;135.17696636224102;101.58797550345656
-63.1875;53.7429;135.17696636224102;101.58797550345656
-63.625;54.6571;135.17696636224102;101.58797550345656
-63.75;54.8286;135.17696636224102;101.58797550345656
-63.75;54.8;135.17696636224102;101.58797550345656
-63.75;55.2571;135.17696636224102;101.58797550345656
-63.75;55.6857;135.17696636224102;101.58797550345656
-63.8125;56.5714;135.17696636224102;101.58797550345656
-64.5;56.8286;135.17696636224102;101.58797550345656
-66.125;57.7714;135.17696636224102;101.58797550345656
-68.125;58.2571;135.17696636224102;101.58797550345656
-69.8125;58.0857;135.17696636224102;101.58797550345656
-71.125;59.1143;135.17696636224102;101.58797550345656
-71.9375;59.4;135.17696636224102;101.58797550345656
-72.4375;59.7429;135.17696636224102;101.58797550345656
-73.0;60.3714;135.17696636224102;101.58797550345656
-73.8125;60.4857;135.17696636224102;101.58797550345656
-74.6875;61.8;135.17696636224102;101.58797550345656
-75.5;61.8286;135.17696636224102;101.58797550345656
-76.125;62.4571;135.17696636224102;101.58797550345656
-76.8125;62.7143;135.17696636224102;101.58797550345656
-77.4375;62.7143;135.17696636224102;101.58797550345656
-78.125;63.2286;135.17696636224102;101.58797550345656
-78.875;64.2857;135.17696636224102;101.58797550345656
-79.625;64.4;135.17696636224102;101.58797550345656
-80.375;65.3714;135.17696636224102;101.58797550345656
-81.0;66.7714;135.17696636224102;101.58797550345656
-81.4375;66.7143;135.17696636224102;101.58797550345656
-81.75;67.1143;135.17696636224102;101.58797550345656
-82.1875;68.0286;135.17696636224102;101.58797550345656
-82.875;69.0571;135.17696636224102;101.58797550345656
-83.6875;69.3143;135.17696636224102;101.58797550345656
-84.3125;69.7143;135.17696636224102;101.58797550345656
-84.75;69.3429;135.17696636224102;101.58797550345656
-84.9375;70.2857;135.17696636224102;101.58797550345656
-84.9375;69.5429;135.17696636224102;101.58797550345656
-84.9375;69.6857;135.17696636224102;101.58797550345656
-84.875;69.2571;135.17696636224102;101.58797550345656
-84.9375;69.6;135.17696636224102;101.58797550345656
-85.125;71.7714;135.17696636224102;101.58797550345656
-85.625;72.3714;135.17696636224102;101.58797550345656
-86.4375;73.8857;135.17696636224102;101.58797550345656
-87.625;75.0571;135.17696636224102;101.58797550345656
-89.125;75.5143;135.17696636224102;101.58797550345656
-90.5625;75.0;135.17696636224102;101.58797550345656
-91.875;75.2571;135.17696636224102;101.58797550345656
-92.875;75.7143;135.17696636224102;101.58797550345656
-93.75;77.1714;135.17696636224102;101.58797550345656
-94.625;77.1429;135.17696636224102;101.58797550345656
-95.6875;76.8286;135.17696636224102;101.58797550345656
-96.6875;76.9429;135.17696636224102;101.58797550345656
-97.6875;77.2857;135.17696636224102;101.58797550345656
-98.5625;78.3143;135.17696636224102;101.58797550345656
-98.9375;77.9143;135.17696636224102;101.58797550345656
-98.75;78.7714;135.17696636224102;101.58797550345656
-98.375;80.1143;135.17696636224102;101.58797550345656
-98.5625;78.3429;135.17696636224102;101.58797550345656
-99.375;79.8;135.17696636224102;101.58797550345656
-100.25;79.4571;135.17696636224102;101.58797550345656
-101.0625;80.0571;135.17696636224102;101.58797550345656
-101.8125;81.2857;135.17696636224102;101.58797550345656
-102.625;82.0;135.17696636224102;101.58797550345656
-103.25;81.2571;135.17696636224102;101.58797550345656
-103.5625;82.6286;135.17696636224102;101.58797550345656
-103.6875;81.3714;135.17696636224102;101.58797550345656
-103.625;83.0;135.17696636224102;101.58797550345656
-103.5625;81.8;135.17696636224102;101.58797550345656
-103.5625;82.2857;135.17696636224102;101.58797550345656
-103.5;83.4571;135.17696636224102;101.58797550345656
-103.5;83.7143;135.17696636224102;101.58797550345656
-103.5;86.2571;135.17696636224102;101.58797550345656
-103.5;87.8286;135.17696636224102;101.58797550345656
-103.9375;86.6571;135.17696636224102;101.58797550345656
-105.4375;86.5143;135.17696636224102;101.58797550345656
-107.3125;85.3143;135.17696636224102;101.58797550345656
-108.8125;87.4857;135.17696636224102;101.58797550345656
-109.875;86.1143;135.17696636224102;101.58797550345656
-110.5;86.2857;135.17696636224102;101.58797550345656
-110.625;85.9714;135.17696636224102;101.58797550345656
-110.75;86.6857;135.17696636224102;101.58797550345656
-111.1875;87.8286;135.17696636224102;101.58797550345656
-111.75;90.0857;135.17696636224102;101.58797550345656
-112.25;87.7429;135.17696636224102;101.58797550345656
-112.75;89.1714;135.17696636224102;101.58797550345656
-113.0;89.5714;135.17696636224102;101.58797550345656
-113.25;88.3143;135.17696636224102;101.58797550345656
-114.0625;89.6571;135.17696636224102;101.58797550345656
-114.9375;88.9429;135.17696636224102;101.58797550345656
-115.5;89.6;135.17696636224102;101.58797550345656
-115.875;92.3714;135.17696636224102;101.58797550345656
-116.25;90.3714;135.17696636224102;101.58797550345656
-116.6875;92.1143;135.17696636224102;101.58797550345656
-117.1875;91.5143;135.17696636224102;101.58797550345656
-117.75;92.2857;135.17696636224102;101.58797550345656
-118.125;92.3143;135.17696636224102;101.58797550345656
-118.4375;90.6286;135.17696636224102;101.58797550345656
-119.0;95.0;135.17696636224102;101.58797550345656
-119.625;94.6571;135.17696636224102;101.58797550345656
-120.0625;94.5143;135.17696636224102;101.58797550345656
-120.3125;92.8571;135.17696636224102;101.58797550345656
-120.3125;94.3143;135.17696636224102;101.58797550345656
-120.3125;96.3429;135.17696636224102;101.58797550345656
-120.25;95.1429;135.17696636224102;101.58797550345656
-120.3125;96.3143;135.17696636224102;101.58797550345656
-120.875;94.4571;135.17696636224102;101.58797550345656
-122.1875;96.5714;135.17696636224102;101.58797550345656
-123.4375;96.7429;135.17696636224102;101.58797550345656
-123.875;97.9143;135.17696636224102;101.58797550345656
-123.75;98.2571;135.17696636224102;101.58797550345656
-123.6875;96.8571;135.17696636224102;101.58797550345656
-124.125;98.6857;135.17696636224102;101.58797550345656
-125.125;101.3429;135.17696636224102;101.58797550345656
-126.5;97.9143;135.17696636224102;101.58797550345656
-127.5;100.8286;135.17696636224102;101.58797550345656
-127.6875;100.6;135.17696636224102;101.58797550345656
-127.625;100.8571;135.17696636224102;101.58797550345656
-127.75;102.5429;135.17696636224102;101.58797550345656
-128.0;101.2571;135.17696636224102;101.58797550345656
-128.25;102.2571;135.17696636224102;101.58797550345656
-128.5625;102.0286;135.17696636224102;101.58797550345656
-129.0;102.8857;135.17696636224102;101.58797550345656
-129.4375;102.5429;135.17696636224102;101.58797550345656
-130.0;100.6571;135.17696636224102;101.58797550345656
-130.625;103.0571;135.17696636224102;101.58797550345656
-130.8125;101.6857;135.17696636224102;101.58797550345656
-130.5625;102.9429;135.17696636224102;101.58797550345656
-130.75;104.1143;135.17696636224102;101.58797550345656
-131.4375;105.0857;135.17696636224102;101.58797550345656
-132.0;104.1714;135.17696636224102;101.58797550345656
-132.125;104.3714;135.17696636224102;101.58797550345656
-131.9375;103.5143;135.17696636224102;101.58797550345656
-131.6875;102.0857;135.17696636224102;101.58797550345656
-131.5625;106.2286;135.17696636224102;101.58797550345656
-131.5;102.1143;135.17696636224102;101.58797550345656
-131.5;107.0;135.17696636224102;101.58797550345656
-131.625;103.1429;135.17696636224102;101.58797550345656
-132.1875;106.4571;135.17696636224102;101.58797550345656
-133.5625;104.6571;135.17696636224102;101.58797550345656
-134.875;106.7429;135.17696636224102;101.58797550345656
-135.75;105.1429;135.17696636224102;101.58797550345656
-136.3125;107.7143;135.17696636224102;101.58797550345656
-136.5625;106.3143;135.17696636224102;101.58797550345656
-136.5;106.6571;135.17696636224102;101.58797550345656
-136.4375;108.4;135.17696636224102;101.58797550345656
-136.8125;106.2;135.17696636224102;101.58797550345656
-137.5;107.1143;135.17696636224102;101.58797550345656
-137.6875;107.6;135.17696636224102;101.58797550345656
-137.6875;108.3429;135.17696636224102;101.58797550345656
-137.875;109.7714;135.17696636224102;101.58797550345656
-138.5;110.2857;135.17696636224102;101.58797550345656
-139.1875;108.4571;135.17696636224102;101.58797550345656
-139.6875;111.0;135.17696636224102;101.58797550345656
-140.0625;110.9429;135.17696636224102;101.58797550345656
-140.125;112.5714;135.17696636224102;101.58797550345656
-140.3125;114.2571;135.17696636224102;101.58797550345656
-140.75;115.2857;135.17696636224102;101.58797550345656
-141.5625;115.4286;135.17696636224102;101.58797550345656
-142.5625;114.7143;135.17696636224102;101.58797550345656
-143.5625;113.8857;135.17696636224102;101.58797550345656
-144.375;113.2571;135.17696636224102;101.58797550345656
-145.0625;114.5714;135.17696636224102;101.58797550345656
-145.75;113.5714;135.17696636224102;101.58797550345656
-146.3125;114.4571;135.17696636224102;101.58797550345656
-146.625;114.8571;135.17696636224102;101.58797550345656
-146.6875;115.0571;135.17696636224102;101.58797550345656
-146.6875;115.0286;135.17696636224102;101.58797550345656
-146.625;115.2857;135.17696636224102;101.58797550345656
-146.1875;115.8286;135.17696636224102;101.58797550345656
-145.1875;115.6857;135.17696636224102;101.58797550345656
-144.625;115.8;135.17696636224102;101.58797550345656
-144.9375;115.8571;135.17696636224102;101.58797550345656
-145.4375;116.7429;135.17696636224102;101.58797550345656
-146.0625;117.0857;135.17696636224102;101.58797550345656
-147.0625;116.9429;135.17696636224102;101.58797550345656
-148.125;117.3143;135.17696636224102;101.58797550345656
-148.625;116.7143;135.17696636224102;101.58797550345656
-148.5;117.3714;135.17696636224102;101.58797550345656
-148.5625;117.0857;135.17696636224102;101.58797550345656
-148.8125;116.3429;135.17696636224102;101.58797550345656
-149.4375;117.5143;135.17696636224102;101.58797550345656
-150.5625;117.2571;135.17696636224102;101.58797550345656
-151.4375;116.1714;135.17696636224102;101.58797550345656
-151.1875;118.0857;135.17696636224102;101.58797550345656
-150.125;119.8;135.17696636224102;101.58797550345656
-149.0;118.1143;135.17696636224102;101.58797550345656
-148.1875;117.6857;135.17696636224102;101.58797550345656
-147.9375;118.3143;135.17696636224102;101.58797550345656
-148.375;119.1143;135.17696636224102;101.58797550345656
-149.4375;118.8857;135.17696636224102;101.58797550345656
-150.1875;119.1714;135.17696636224102;101.58797550345656
-150.9375;119.2571;135.17696636224102;101.58797550345656
-151.9375;121.0571;135.17696636224102;101.58797550345656
-152.8125;120.6286;135.17696636224102;101.58797550345656
-153.375;119.7429;135.17696636224102;101.58797550345656
-153.75;119.9143;135.17696636224102;101.58797550345656
-153.9375;119.5143;135.17696636224102;101.58797550345656
-153.9375;119.9429;135.17696636224102;101.58797550345656
-153.9375;119.8857;135.17696636224102;101.58797550345656
-153.875;121.2286;135.17696636224102;101.58797550345656
-153.75;120.6857;135.17696636224102;101.58797550345656
-153.3125;121.0;135.17696636224102;101.58797550345656
-153.0;121.4571;135.17696636224102;101.58797550345656
-153.3125;120.7143;135.17696636224102;101.58797550345656
-153.9375;121.8571;135.17696636224102;101.58797550345656
-154.6875;121.9714;135.17696636224102;101.58797550345656
-155.375;121.9429;135.17696636224102;101.58797550345656
-155.5;122.4286;135.17696636224102;101.58797550345656
-155.0625;121.4571;135.17696636224102;101.58797550345656
-154.75;121.5714;135.17696636224102;101.58797550345656
-155.375;121.6857;135.17696636224102;101.58797550345656
-156.4375;122.8571;135.17696636224102;101.58797550345656
-156.6875;123.0;135.17696636224102;101.58797550345656
-156.125;123.1429;135.17696636224102;101.58797550345656
-155.5625;123.6857;135.17696636224102;101.58797550345656
-155.5625;122.8;135.17696636224102;101.58797550345656
-155.875;124.0;135.17696636224102;101.58797550345656
-156.3125;123.3429;135.17696636224102;101.58797550345656
-156.625;125.0571;135.17696636224102;101.58797550345656
-156.875;125.2;135.17696636224102;101.58797550345656
-157.0625;126.4857;135.17696636224102;101.58797550345656
-156.9375;126.2571;135.17696636224102;101.58797550345656
-156.5625;125.8;135.17696636224102;101.58797550345656
-156.3125;125.9714;135.17696636224102;101.58797550345656
-156.625;126.8571;135.17696636224102;101.58797550345656
-157.4375;126.4286;135.17696636224102;101.58797550345656
-158.125;127.5714;135.17696636224102;101.58797550345656
-158.5;127.6857;135.17696636224102;101.58797550345656
-158.5625;126.6571;135.17696636224102;101.58797550345656
-158.5;129.3714;135.17696636224102;101.58797550345656
-158.5;128.4857;135.17696636224102;101.58797550345656
-158.4375;127.8;135.17696636224102;101.58797550345656
-158.5;129.0857;135.17696636224102;101.58797550345656
-158.9375;130.0286;135.17696636224102;101.58797550345656
-159.625;127.4;135.17696636224102;101.58797550345656
-160.1875;128.4857;135.17696636224102;101.58797550345656
-160.375;129.4857;135.17696636224102;101.58797550345656
-160.25;129.1714;135.17696636224102;101.58797550345656
-160.375;126.8;135.17696636224102;101.58797550345656
-160.75;127.3143;135.17696636224102;101.58797550345656
-161.0;127.7429;135.17696636224102;101.58797550345656
-161.0;128.5714;135.17696636224102;101.58797550345656
-160.9375;128.2286;135.17696636224102;101.58797550345656
-161.375;127.6;135.17696636224102;101.58797550345656
-162.375;128.1714;135.17696636224102;101.58797550345656
-162.8125;127.7429;135.17696636224102;101.58797550345656
-161.9375;128.7714;135.17696636224102;101.58797550345656
-160.8125;128.1714;135.17696636224102;101.58797550345656
-160.5625;128.1429;135.17696636224102;101.58797550345656
-160.75;130.0857;135.17696636224102;101.58797550345656
-161.25;128.1429;135.17696636224102;101.58797550345656
-162.3125;129.0571;135.17696636224102;101.58797550345656
-163.875;129.6;135.17696636224102;101.58797550345656
-165.375;129.0571;135.17696636224102;101.58797550345656
-166.0;127.3429;135.17696636224102;101.58797550345656
-165.1875;128.8286;135.17696636224102;101.58797550345656
-163.8125;131.4571;135.17696636224102;101.58797550345656
-163.1875;131.2571;135.17696636224102;101.58797550345656
-163.625;131.1143;135.17696636224102;101.58797550345656
-164.375;131.2571;135.17696636224102;101.58797550345656
-164.9375;130.1143;135.17696636224102;101.58797550345656
-165.1875;129.7429;135.17696636224102;101.58797550345656
-165.25;131.9429;135.17696636224102;101.58797550345656
-165.4375;131.6857;135.17696636224102;101.58797550345656
-166.0625;132.4;135.17696636224102;101.58797550345656
-166.6875;134.0286;135.17696636224102;101.58797550345656
-167.0;131.8571;135.17696636224102;101.58797550345656
-167.0;133.0857;135.17696636224102;101.58797550345656
-167.0625;133.2857;135.17696636224102;101.58797550345656
-167.1875;133.4857;135.17696636224102;101.58797550345656
-167.0625;131.6571;135.17696636224102;101.58797550345656
-166.375;131.6571;135.17696636224102;101.58797550345656
-165.6875;133.5429;135.17696636224102;101.58797550345656
-165.5;134.2286;135.17696636224102;101.58797550345656
-165.9375;134.8286;135.17696636224102;101.58797550345656
-166.5625;134.6857;135.17696636224102;101.58797550345656
-167.375;134.4857;135.17696636224102;101.58797550345656
-167.875;135.8571;135.17696636224102;101.58797550345656
-168.0;135.6286;135.17696636224102;101.58797550345656
-168.25;136.1429;135.17696636224102;101.58797550345656
-168.8125;136.9714;135.17696636224102;101.58797550345656
-169.375;136.5714;135.17696636224102;101.58797550345656
-169.625;136.5429;135.17696636224102;101.58797550345656
-169.125;135.5714;135.17696636224102;101.58797550345656
-168.6875;136.1429;135.17696636224102;101.58797550345656
-169.125;136.0571;135.17696636224102;101.58797550345656
-169.625;134.9714;135.17696636224102;101.58797550345656
-169.6875;134.6857;135.17696636224102;101.58797550345656
-169.1875;134.3429;135.17696636224102;101.58797550345656
-168.125;137.3714;135.17696636224102;101.58797550345656
-166.875;134.7714;135.17696636224102;101.58797550345656
-166.0;136.9714;135.17696636224102;101.58797550345656
-165.625;135.0286;135.17696636224102;101.58797550345656
-165.5;135.3429;135.17696636224102;101.58797550345656
-165.5625;134.6857;135.17696636224102;101.58797550345656
-165.625;132.3714;135.17696636224102;101.58797550345656
-165.625;131.4857;135.17696636224102;101.58797550345656
-165.9375;131.9714;135.17696636224102;101.58797550345656
-166.6875;132.0;135.17696636224102;101.58797550345656
-166.875;130.8;135.17696636224102;101.58797550345656
-166.4375;131.8857;135.17696636224102;101.58797550345656
-166.0;130.9143;135.17696636224102;101.58797550345656
-165.625;129.6286;135.17696636224102;101.58797550345656
-165.375;130.6857;135.17696636224102;101.58797550345656
-165.0625;129.6571;135.17696636224102;101.58797550345656
-164.4375;131.0857;135.17696636224102;101.58797550345656
-163.75;129.0857;135.17696636224102;101.58797550345656
-163.125;128.6286;135.17696636224102;101.58797550345656
-162.6875;128.5714;135.17696636224102;101.58797550345656
-162.5;128.3429;135.17696636224102;101.58797550345656
-162.0625;127.7429;135.17696636224102;101.58797550345656
-161.25;127.6;135.17696636224102;101.58797550345656
-160.4375;128.4;135.17696636224102;101.58797550345656
-159.4375;126.6;135.17696636224102;101.58797550345656
-157.9375;126.8;135.17696636224102;101.58797550345656
-156.5625;127.2286;135.17696636224102;101.58797550345656
-156.25;127.6571;135.17696636224102;101.58797550345656
-156.875;125.0286;135.17696636224102;101.58797550345656
-157.625;124.4857;135.17696636224102;101.58797550345656
-157.9375;125.8286;135.17696636224102;101.58797550345656
-157.5625;125.2;135.17696636224102;101.58797550345656
-156.5625;125.2857;135.17696636224102;101.58797550345656
-155.75;124.0571;135.17696636224102;101.58797550345656
-155.375;122.2;135.17696636224102;101.58797550345656
-155.3125;121.5429;135.17696636224102;101.58797550345656
-155.3125;122.2857;135.17696636224102;101.58797550345656
-155.375;121.8857;135.17696636224102;101.58797550345656
-155.4375;120.8571;135.17696636224102;101.58797550345656
-155.5625;121.5714;135.17696636224102;101.58797550345656
-155.625;120.2286;135.17696636224102;101.58797550345656
-155.3125;120.5143;135.17696636224102;101.58797550345656
-154.4375;121.1714;135.17696636224102;101.58797550345656
-153.1875;119.3143;135.17696636224102;101.58797550345656
-151.8125;119.6286;135.17696636224102;101.58797550345656
-150.6875;119.0286;135.17696636224102;101.58797550345656
-149.625;119.0;135.17696636224102;101.58797550345656
-148.625;117.6;135.17696636224102;101.58797550345656
-148.0;118.0286;135.17696636224102;101.58797550345656
-147.5;117.3429;135.17696636224102;101.58797550345656
-147.5;117.4286;135.17696636224102;101.58797550345656
-148.3125;117.7143;135.17696636224102;101.58797550345656
-149.0625;115.2857;135.17696636224102;101.58797550345656
-149.0625;115.8;135.17696636224102;101.58797550345656
-148.375;116.2857;135.17696636224102;101.58797550345656
-147.0625;116.6286;135.17696636224102;101.58797550345656
-145.625;115.9429;135.17696636224102;101.58797550345656
-145.0625;114.5429;135.17696636224102;101.58797550345656
-145.1875;115.0857;135.17696636224102;101.58797550345656
-145.4375;114.7429;135.17696636224102;101.58797550345656
-145.5;112.8571;135.17696636224102;101.58797550345656
-144.875;111.9429;135.17696636224102;101.58797550345656
-144.0;110.8571;135.17696636224102;101.58797550345656
-143.25;111.2;135.17696636224102;101.58797550345656
-142.5625;111.6571;135.17696636224102;101.58797550345656
-141.625;111.7429;135.17696636224102;101.58797550345656
-140.75;110.8;135.17696636224102;101.58797550345656
-140.25;110.7714;135.17696636224102;101.58797550345656
-140.0;112.1714;135.17696636224102;101.58797550345656
-140.0;110.6286;135.17696636224102;101.58797550345656
-140.125;108.9714;135.17696636224102;101.58797550345656
-140.25;108.0571;135.17696636224102;101.58797550345656
-140.1875;107.9429;135.17696636224102;101.58797550345656
-139.4375;107.0;135.17696636224102;101.58797550345656
-138.3125;107.1143;135.17696636224102;101.58797550345656
-137.375;106.2286;135.17696636224102;101.58797550345656
-136.9375;104.7714;135.17696636224102;101.58797550345656
-136.9375;104.9429;135.17696636224102;101.58797550345656
-136.5;102.7429;135.17696636224102;101.58797550345656
-135.25;104.2286;135.17696636224102;101.58797550345656
-133.6875;101.8857;135.17696636224102;101.58797550345656
-132.375;103.7714;135.17696636224102;101.58797550345656
-131.5625;103.5714;135.17696636224102;101.58797550345656
-131.4375;102.3714;135.17696636224102;101.58797550345656
-131.4375;102.1714;135.17696636224102;101.58797550345656
-131.1875;101.2857;135.17696636224102;101.58797550345656
-130.8125;101.2571;135.17696636224102;101.58797550345656
-130.375;100.2571;135.17696636224102;101.58797550345656
-129.75;101.2571;135.17696636224102;101.58797550345656
-129.125;101.5143;135.17696636224102;101.58797550345656
-129.1875;99.7714;135.17696636224102;101.58797550345656
-129.6875;95.7143;135.17696636224102;101.58797550345656
-129.5;97.6;135.17696636224102;101.58797550345656
-128.625;99.9143;135.17696636224102;101.58797550345656
-127.9375;100.8;135.17696636224102;101.58797550345656
-127.5625;99.6286;135.17696636224102;101.58797550345656
-127.3125;99.7429;135.17696636224102;101.58797550345656
-126.8125;99.8857;135.17696636224102;101.58797550345656
-126.3125;99.1429;135.17696636224102;101.58797550345656
-126.0;98.8857;135.17696636224102;101.58797550345656
-125.8125;98.2857;135.17696636224102;101.58797550345656
-125.8125;98.2286;135.17696636224102;101.58797550345656
-125.875;96.2857;135.17696636224102;101.58797550345656
-126.0625;96.8857;135.17696636224102;101.58797550345656
-126.5625;95.0;135.17696636224102;101.58797550345656
-126.75;96.6286;135.17696636224102;101.58797550345656
-126.3125;97.6857;135.17696636224102;101.58797550345656
-125.5625;94.8286;135.17696636224102;101.58797550345656
-125.0;95.1143;135.17696636224102;101.58797550345656
-124.625;95.0857;135.17696636224102;101.58797550345656
-124.1875;92.5429;135.17696636224102;101.58797550345656
-123.5625;94.6286;135.17696636224102;101.58797550345656
-122.875;91.6857;135.17696636224102;101.58797550345656
-122.1875;94.8;135.17696636224102;101.58797550345656
-121.625;92.4857;135.17696636224102;101.58797550345656
-121.3125;92.6;135.17696636224102;101.58797550345656
-121.25;91.7143;135.17696636224102;101.58797550345656
-121.0;93.5714;135.17696636224102;101.58797550345656
-120.5625;92.4571;135.17696636224102;101.58797550345656
-120.0625;92.2;135.17696636224102;101.58797550345656
-119.5625;92.3429;135.17696636224102;101.58797550345656
-119.4375;90.8286;135.17696636224102;101.58797550345656
-119.875;91.0857;135.17696636224102;101.58797550345656
-120.3125;91.2286;135.17696636224102;101.58797550345656
-120.3125;91.4;135.17696636224102;101.58797550345656
-119.5625;90.5714;135.17696636224102;101.58797550345656
-118.625;91.3714;135.17696636224102;101.58797550345656
-118.1875;91.4571;135.17696636224102;101.58797550345656
-118.75;90.5714;135.17696636224102;101.58797550345656
-119.6875;89.5143;135.17696636224102;101.58797550345656
-120.4375;89.9143;135.17696636224102;101.58797550345656
-120.8125;88.8571;135.17696636224102;101.58797550345656
-120.9375;89.2857;135.17696636224102;101.58797550345656
-120.9375;87.8;135.17696636224102;101.58797550345656
-120.875;87.8286;135.17696636224102;101.58797550345656
-120.75;87.0;135.17696636224102;101.58797550345656
-120.25;87.6857;135.17696636224102;101.58797550345656
-118.8125;87.4286;135.17696636224102;101.58797550345656
-116.4375;86.5714;135.17696636224102;101.58797550345656
-114.0;86.2857;135.17696636224102;101.58797550345656
-112.4375;85.5714;135.17696636224102;101.58797550345656
-112.0625;83.4;135.17696636224102;101.58797550345656
-112.125;86.3143;135.17696636224102;101.58797550345656
-111.9375;84.8;135.17696636224102;101.58797550345656
-111.625;86.5143;135.17696636224102;101.58797550345656
-111.125;85.0857;135.17696636224102;101.58797550345656
-110.25;85.8571;135.17696636224102;101.58797550345656
-109.4375;84.2571;135.17696636224102;101.58797550345656
-109.1875;84.2;135.17696636224102;101.58797550345656
-109.625;84.2857;135.17696636224102;101.58797550345656
-109.9375;83.4;135.17696636224102;101.58797550345656
-109.75;83.0571;135.17696636224102;101.58797550345656
-109.1875;83.0286;135.17696636224102;101.58797550345656
-108.25;83.0857;135.17696636224102;101.58797550345656
-107.5625;83.1714;135.17696636224102;101.58797550345656
-107.125;82.1429;135.17696636224102;101.58797550345656
-106.875;83.5143;135.17696636224102;101.58797550345656
-106.75;80.3714;135.17696636224102;101.58797550345656
-106.5;82.9143;135.17696636224102;101.58797550345656
-106.1875;81.3143;135.17696636224102;101.58797550345656
-105.875;80.8857;135.17696636224102;101.58797550345656
-105.5;81.9714;135.17696636224102;101.58797550345656
-105.125;81.4286;135.17696636224102;101.58797550345656
-104.875;82.3714;135.17696636224102;101.58797550345656
-104.75;82.3143;135.17696636224102;101.58797550345656
-104.6875;81.6;135.17696636224102;101.58797550345656
-104.6875;80.9714;135.17696636224102;101.58797550345656
-104.5625;81.0;135.17696636224102;101.58797550345656
-104.625;80.1714;135.17696636224102;101.58797550345656
-104.875;80.0286;135.17696636224102;101.58797550345656
-105.125;80.0;135.17696636224102;101.58797550345656
-105.0625;80.5429;135.17696636224102;101.58797550345656
-104.4375;80.0286;135.17696636224102;101.58797550345656
-103.5;79.3143;135.17696636224102;101.58797550345656
-102.6875;77.4857;135.17696636224102;101.58797550345656
-102.1875;77.3143;135.17696636224102;101.58797550345656
-102.1875;78.4857;135.17696636224102;101.58797550345656
-102.4375;78.4286;135.17696636224102;101.58797550345656
-102.3125;80.1714;135.17696636224102;101.58797550345656
-101.625;78.4857;135.17696636224102;101.58797550345656
-100.8125;77.5429;135.17696636224102;101.58797550345656
-100.375;77.2857;135.17696636224102;101.58797550345656
-100.3125;77.2;135.17696636224102;101.58797550345656
-100.25;77.1429;135.17696636224102;101.58797550345656
-100.125;76.4571;135.17696636224102;101.58797550345656
-100.0;77.0857;135.17696636224102;101.58797550345656
-100.0;75.2286;135.17696636224102;101.58797550345656
-99.875;76.2571;135.17696636224102;101.58797550345656
-99.375;74.8286;135.17696636224102;101.58797550345656
-98.75;75.3714;135.17696636224102;101.58797550345656
-98.125;75.5143;135.17696636224102;101.58797550345656
-97.6875;76.4857;135.17696636224102;101.58797550345656
-97.125;76.8857;135.17696636224102;101.58797550345656
-96.6875;73.9143;135.17696636224102;101.58797550345656
-96.5;74.4286;135.17696636224102;101.58797550345656
-96.5;74.6857;135.17696636224102;101.58797550345656
-96.5;74.7429;135.17696636224102;101.58797550345656
-96.5625;74.8571;135.17696636224102;101.58797550345656
-96.5;74.0571;135.17696636224102;101.58797550345656
-96.1875;73.9143;135.17696636224102;101.58797550345656
-95.75;73.0;135.17696636224102;101.58797550345656
-95.0625;73.3429;135.17696636224102;101.58797550345656
-94.4375;73.9143;135.17696636224102;101.58797550345656
-94.0625;73.0857;135.17696636224102;101.58797550345656
-93.6875;72.0;135.17696636224102;101.58797550345656
-92.9375;71.5714;135.17696636224102;101.58797550345656
-92.1875;71.5429;135.17696636224102;101.58797550345656
-91.8125;72.6286;135.17696636224102;101.58797550345656
-91.4375;72.7714;135.17696636224102;101.58797550345656
-91.125;73.9714;135.17696636224102;101.58797550345656
-90.9375;73.2571;135.17696636224102;101.58797550345656
-91.1875;72.8;135.17696636224102;101.58797550345656
-91.5;72.8857;135.17696636224102;101.58797550345656
-91.8125;71.4857;135.17696636224102;101.58797550345656
-92.0;71.3714;135.17696636224102;101.58797550345656
-91.375;71.4286;135.17696636224102;101.58797550345656
-90.25;71.6286;135.17696636224102;101.58797550345656
-89.25;72.6286;135.17696636224102;101.58797550345656
-88.75;71.7429;135.17696636224102;101.58797550345656
-88.625;71.6571;135.17696636224102;101.58797550345656
-88.8125;71.2571;135.17696636224102;101.58797550345656
-89.125;70.6857;135.17696636224102;101.58797550345656
-89.25;71.0571;135.17696636224102;101.58797550345656
-89.125;69.1429;135.17696636224102;101.58797550345656
-88.875;70.0;135.17696636224102;101.58797550345656
-88.5625;70.2857;135.17696636224102;101.58797550345656
-88.25;70.6;135.17696636224102;101.58797550345656
-88.0625;70.4;135.17696636224102;101.58797550345656
-88.0625;69.2857;135.17696636224102;101.58797550345656
-88.0625;67.9429;135.17696636224102;101.58797550345656
-88.0;68.0571;135.17696636224102;101.58797550345656
-87.75;67.9143;135.17696636224102;101.58797550345656
-87.3125;67.1429;135.17696636224102;101.58797550345656
-86.75;66.9714;135.17696636224102;101.58797550345656
-86.125;66.7714;135.17696636224102;101.58797550345656
-85.5625;67.3143;135.17696636224102;101.58797550345656
-85.125;66.6;135.17696636224102;101.58797550345656
-85.125;65.7429;135.17696636224102;101.58797550345656
-85.25;66.8286;135.17696636224102;101.58797550345656
-85.3125;65.7143;135.17696636224102;101.58797550345656
-85.125;66.2857;135.17696636224102;101.58797550345656
-84.625;66.1714;135.17696636224102;101.58797550345656
-84.0625;65.4857;135.17696636224102;101.58797550345656
-83.4375;66.1714;135.17696636224102;101.58797550345656
-83.0;65.2571;135.17696636224102;101.58797550345656
-82.75;66.6;135.17696636224102;101.58797550345656
-82.6875;66.6857;135.17696636224102;101.58797550345656
-82.8125;66.7429;135.17696636224102;101.58797550345656
-83.0625;66.5429;135.17696636224102;101.58797550345656
-83.5;66.3143;135.17696636224102;101.58797550345656
-84.0;66.8;135.17696636224102;101.58797550345656
-84.5625;66.6286;135.17696636224102;101.58797550345656
-84.75;65.3143;135.17696636224102;101.58797550345656
-84.5;64.4571;135.17696636224102;101.58797550345656
-83.75;63.0286;135.17696636224102;101.58797550345656
-82.6875;63.7429;135.17696636224102;101.58797550345656
-81.5625;63.2;135.17696636224102;101.58797550345656
-80.625;63.9143;135.17696636224102;101.58797550345656
-80.125;63.0;135.17696636224102;101.58797550345656
-79.9375;63.0857;135.17696636224102;101.58797550345656
-79.9375;63.0571;135.17696636224102;101.58797550345656
-80.0;62.8571;135.17696636224102;101.58797550345656
-80.125;63.2857;135.17696636224102;101.58797550345656
-80.25;63.0286;135.17696636224102;101.58797550345656
-80.375;62.0286;135.17696636224102;101.58797550345656
-80.1875;63.0571;135.17696636224102;101.58797550345656
-79.625;62.4857;135.17696636224102;101.58797550345656
-79.0;62.2286;135.17696636224102;101.58797550345656
-78.5;61.1714;135.17696636224102;101.58797550345656
-78.4375;61.6286;135.17696636224102;101.58797550345656
-78.75;61.5429;135.17696636224102;101.58797550345656
-79.0;60.4286;135.17696636224102;101.58797550345656
-78.9375;58.9429;135.17696636224102;101.58797550345656
-78.4375;61.0;135.17696636224102;101.58797550345656
-77.5;60.8;135.17696636224102;101.58797550345656
-76.4375;61.2857;135.17696636224102;101.58797550345656
-75.6875;60.0;135.17696636224102;101.58797550345656
-75.5625;59.7143;135.17696636224102;101.58797550345656
-75.75;59.2571;135.17696636224102;101.58797550345656
-75.875;59.3714;135.17696636224102;101.58797550345656
-75.5625;59.2;135.17696636224102;101.58797550345656
-75.125;58.0571;135.17696636224102;101.58797550345656
-74.5625;58.5714;135.17696636224102;101.58797550345656
-74.125;58.4;135.17696636224102;101.58797550345656
-73.875;59.2857;135.17696636224102;101.58797550345656
-73.625;60.4;135.17696636224102;101.58797550345656
-73.4375;59.2571;135.17696636224102;101.58797550345656
-73.5625;58.8286;135.17696636224102;101.58797550345656
-74.0625;58.6857;135.17696636224102;101.58797550345656
-74.8125;58.2;135.17696636224102;101.58797550345656
-75.375;58.0857;135.17696636224102;101.58797550345656
-75.6875;58.0286;135.17696636224102;101.58797550345656
-75.8125;58.4571;135.17696636224102;101.58797550345656
-75.8125;58.6857;135.17696636224102;101.58797550345656
-75.75;57.6857;135.17696636224102;101.58797550345656
-75.5625;57.2;135.17696636224102;101.58797550345656
-75.3125;57.1714;135.17696636224102;101.58797550345656
-74.8125;56.1429;135.17696636224102;101.58797550345656
-74.0625;56.4;135.17696636224102;101.58797550345656
-73.1875;55.5429;135.17696636224102;101.58797550345656
-72.1875;56.0857;135.17696636224102;101.58797550345656
-71.125;55.9429;135.17696636224102;101.58797550345656
-70.5;55.9714;135.17696636224102;101.58797550345656
-70.375;56.1429;135.17696636224102;101.58797550345656
-70.5;55.4286;135.17696636224102;101.58797550345656
-70.5625;55.7429;135.17696636224102;101.58797550345656
-70.25;54.9429;135.17696636224102;101.58797550345656
-69.625;55.6286;135.17696636224102;101.58797550345656
-69.0625;55.9429;135.17696636224102;101.58797550345656
-68.6875;56.1714;135.17696636224102;101.58797550345656
-68.625;55.3714;135.17696636224102;101.58797550345656
-68.875;55.0;135.17696636224102;101.58797550345656
-69.1875;54.9429;135.17696636224102;101.58797550345656
-69.1875;55.6286;135.17696636224102;101.58797550345656
-68.75;54.5714;135.17696636224102;101.58797550345656
-68.25;54.8571;135.17696636224102;101.58797550345656
-67.875;54.2571;135.17696636224102;101.58797550345656
-67.8125;54.4;135.17696636224102;101.58797550345656
-67.6875;54.0;135.17696636224102;101.58797550345656
-67.6875;53.8571;135.17696636224102;101.58797550345656
-67.6875;54.3143;135.17696636224102;101.58797550345656
-67.625;54.2857;135.17696636224102;101.58797550345656
-67.5625;53.4571;135.17696636224102;101.58797550345656
-67.5;52.9143;135.17696636224102;101.58797550345656
-67.4375;51.8857;135.17696636224102;101.58797550345656
-67.4375;51.9143;135.17696636224102;101.58797550345656
-67.4375;51.0571;135.17696636224102;101.58797550345656
-67.4375;52.3143;135.17696636224102;101.58797550345656
-67.125;52.2;135.17696636224102;101.58797550345656
-66.1875;52.1714;135.17696636224102;101.58797550345656
-65.125;52.5714;135.17696636224102;101.58797550345656
-64.5;52.2;135.17696636224102;101.58797550345656
-64.3125;52.0857;135.17696636224102;101.58797550345656
-64.375;51.1714;135.17696636224102;101.58797550345656
-64.6875;51.0286;135.17696636224102;101.58797550345656
-65.0;51.4286;135.17696636224102;101.58797550345656
-64.875;51.5429;135.17696636224102;101.58797550345656
-64.125;51.5714;135.17696636224102;101.58797550345656
-63.375;51.0;135.17696636224102;101.58797550345656
-63.0;51.2;135.17696636224102;101.58797550345656
-63.0;51.1714;135.17696636224102;101.58797550345656
-63.0625;50.1429;135.17696636224102;101.58797550345656
-63.0625;50.1714;135.17696636224102;101.58797550345656
-62.875;50.8571;135.17696636224102;101.58797550345656
-62.6875;50.9143;135.17696636224102;101.58797550345656
-62.625;50.8;135.17696636224102;101.58797550345656
-62.6875;50.4571;135.17696636224102;101.58797550345656
-62.875;50.6571;135.17696636224102;101.58797550345656
-63.0625;50.1714;135.17696636224102;101.58797550345656
-63.0625;50.3714;135.17696636224102;101.58797550345656
-62.9375;49.2571;135.17696636224102;101.58797550345656
-62.5625;49.3143;135.17696636224102;101.58797550345656
-62.0625;49.6857;135.17696636224102;101.58797550345656
-61.5625;49.9143;135.17696636224102;101.58797550345656
-61.3125;49.4571;135.17696636224102;101.58797550345656
-61.1875;49.0857;135.17696636224102;101.58797550345656
-61.1875;49.2571;135.17696636224102;101.58797550345656
-61.25;48.8571;135.17696636224102;101.58797550345656
-61.1875;48.9429;135.17696636224102;101.58797550345656
-60.875;48.6286;135.17696636224102;101.58797550345656
-60.5625;48.1714;135.17696636224102;101.58797550345656
-60.375;48.6;135.17696636224102;101.58797550345656
-60.3125;47.9429;135.17696636224102;101.58797550345656
-60.125;47.9714;135.17696636224102;101.58797550345656
-59.8125;47.8857;135.17696636224102;101.58797550345656
-59.5;48.0857;135.17696636224102;101.58797550345656
-59.125;47.3429;135.17696636224102;101.58797550345656
-58.6875;47.4;135.17696636224102;101.58797550345656
-58.5;47.8;135.17696636224102;101.58797550345656
-58.5625;47.7429;135.17696636224102;101.58797550345656
-58.6875;47.2;135.17696636224102;101.58797550345656
-58.625;47.1143;135.17696636224102;101.58797550345656
-58.5;46.4286;135.17696636224102;101.58797550345656
-58.4375;47.0571;135.17696636224102;101.58797550345656
-58.1875;46.6857;135.17696636224102;101.58797550345656
-57.9375;46.4857;135.17696636224102;101.58797550345656
-57.6875;46.0857;135.17696636224102;101.58797550345656
-57.5;46.4286;135.17696636224102;101.58797550345656
-57.3125;46.5714;135.17696636224102;101.58797550345656
-57.0625;46.1429;135.17696636224102;101.58797550345656
-56.8125;47.2286;135.17696636224102;101.58797550345656
-56.625;46.6857;135.17696636224102;101.58797550345656
-56.5;46.2286;135.17696636224102;101.58797550345656
-56.5625;46.4286;135.17696636224102;101.58797550345656
-56.6875;45.9143;135.17696636224102;101.58797550345656
-56.875;45.5143;135.17696636224102;101.58797550345656
-56.9375;45.4857;135.17696636224102;101.58797550345656
-56.9375;45.6857;135.17696636224102;101.58797550345656
-56.9375;45.4286;135.17696636224102;101.58797550345656
-56.9375;45.1143;135.17696636224102;101.58797550345656
-56.875;45.0286;135.17696636224102;101.58797550345656
-56.75;44.6857;135.17696636224102;101.58797550345656
-56.5;44.3714;135.17696636224102;101.58797550345656
-56.0625;44.5429;135.17696636224102;101.58797550345656
-55.5625;44.5143;135.17696636224102;101.58797550345656
-55.125;44.0857;135.17696636224102;101.58797550345656
-54.75;44.1143;135.17696636224102;101.58797550345656
-54.375;44.1429;135.17696636224102;101.58797550345656
-54.0;44.2571;135.17696636224102;101.58797550345656
-53.6875;44.1429;135.17696636224102;101.58797550345656
-53.5625;43.9714;135.17696636224102;101.58797550345656
-53.5;43.5714;135.17696636224102;101.58797550345656
-53.5;43.6;135.17696636224102;101.58797550345656
-53.375;43.6857;135.17696636224102;101.58797550345656
-53.1875;43.6286;135.17696636224102;101.58797550345656
-52.9375;43.0571;135.17696636224102;101.58797550345656
-52.6875;43.0;135.17696636224102;101.58797550345656
-52.625;42.4286;135.17696636224102;101.58797550345656
-52.6875;42.0;135.17696636224102;101.58797550345656
-52.625;41.7429;135.17696636224102;101.58797550345656
-52.3125;41.8286;135.17696636224102;101.58797550345656
-51.875;42.4;135.17696636224102;101.58797550345656
-51.3125;42.0286;135.17696636224102;101.58797550345656
-50.8125;41.6571;135.17696636224102;101.58797550345656
-50.5625;41.3143;135.17696636224102;101.58797550345656
-50.625;41.0571;135.17696636224102;101.58797550345656
-50.9375;41.3429;135.17696636224102;101.58797550345656
-51.125;41.3714;135.17696636224102;101.58797550345656
-51.125;41.2286;135.17696636224102;101.58797550345656
-51.125;40.8286;135.17696636224102;101.58797550345656
-51.0625;40.9143;135.17696636224102;101.58797550345656
-51.0625;40.8857;135.17696636224102;101.58797550345656
-50.9375;41.0286;135.17696636224102;101.58797550345656
-50.75;41.2571;135.17696636224102;101.58797550345656
-50.5;40.5714;135.17696636224102;101.58797550345656
-50.125;41.1429;135.17696636224102;101.58797550345656
-49.6875;40.4857;135.17696636224102;101.58797550345656
-49.4375;40.2571;135.17696636224102;101.58797550345656
-49.25;40.2;135.17696636224102;101.58797550345656
-49.1875;40.0571;135.17696636224102;101.58797550345656
-49.125;40.1429;135.17696636224102;101.58797550345656
-48.9375;39.7429;135.17696636224102;101.58797550345656
-48.625;39.2;135.17696636224102;101.58797550345656
-48.25;38.8571;135.17696636224102;101.58797550345656
-48.0;39.0857;135.17696636224102;101.58797550345656
-47.8125;39.3714;135.17696636224102;101.58797550345656
-47.6875;38.8571;135.17696636224102;101.58797550345656
-47.5;39.1143;135.17696636224102;101.58797550345656
-47.1875;39.1143;135.17696636224102;101.58797550345656
-46.9375;39.0571;135.17696636224102;101.58797550345656
-46.875;38.9714;135.17696636224102;101.58797550345656
-47.0;38.6;135.17696636224102;101.58797550345656
-47.1875;38.8571;135.17696636224102;101.58797550345656
-47.25;38.6;135.17696636224102;101.58797550345656
-47.25;38.2857;135.17696636224102;101.58797550345656
-47.125;38.0;135.17696636224102;101.58797550345656
-46.9375;38.1429;135.17696636224102;101.58797550345656
-46.625;37.7143;135.17696636224102;101.58797550345656
-46.25;38.0286;135.17696636224102;101.58797550345656
-45.875;37.8857;135.17696636224102;101.58797550345656
-45.625;37.9143;135.17696636224102;101.58797550345656
-45.5625;37.9143;135.17696636224102;101.58797550345656
-45.5;37.4;135.17696636224102;101.58797550345656
-45.5625;37.7143;135.17696636224102;101.58797550345656
-45.5625;37.5714;135.17696636224102;101.58797550345656
-45.5625;37.5429;135.17696636224102;101.58797550345656
-45.5;37.2571;135.17696636224102;101.58797550345656
-45.3125;36.9714;135.17696636224102;101.58797550345656
-45.25;37.1429;135.17696636224102;101.58797550345656
-45.125;37.1143;135.17696636224102;101.58797550345656
-44.9375;37.3714;135.17696636224102;101.58797550345656
-44.6875;37.1714;135.17696636224102;101.58797550345656
-44.4375;37.0571;135.17696636224102;101.58797550345656
-44.25;37.0286;135.17696636224102;101.58797550345656
-44.125;36.9714;135.17696636224102;101.58797550345656
-44.1875;36.4857;135.17696636224102;101.58797550345656
-44.375;35.7143;135.17696636224102;101.58797550345656
-44.4375;36.0286;135.17696636224102;101.58797550345656
-44.25;36.2;135.17696636224102;101.58797550345656
-43.6875;36.2571;135.17696636224102;101.58797550345656
-43.0;36.0571;135.17696636224102;101.58797550345656
-42.5;35.6857;135.17696636224102;101.58797550345656
-42.375;35.8;135.17696636224102;101.58797550345656
-42.5;35.3429;135.17696636224102;101.58797550345656
-42.625;35.0571;135.17696636224102;101.58797550345656
-42.625;35.2571;135.17696636224102;101.58797550345656
-42.4375;34.7143;135.17696636224102;101.58797550345656
-42.0625;34.8;135.17696636224102;101.58797550345656
-41.6875;34.8;135.17696636224102;101.58797550345656
-41.4375;34.9143;135.17696636224102;101.58797550345656
-41.375;35.0;135.17696636224102;101.58797550345656
-41.375;34.4857;135.17696636224102;101.58797550345656
-41.4375;34.0857;135.17696636224102;101.58797550345656
-41.4375;33.9143;135.17696636224102;101.58797550345656
-41.5;33.8286;135.17696636224102;101.58797550345656
-41.5;33.4;135.17696636224102;101.58797550345656
-41.4375;33.3714;135.17696636224102;101.58797550345656
-41.4375;33.7143;135.17696636224102;101.58797550345656
-41.3125;33.5143;135.17696636224102;101.58797550345656
-40.875;33.6286;135.17696636224102;101.58797550345656
-40.375;33.5714;135.17696636224102;101.58797550345656
-40.125;33.0286;135.17696636224102;101.58797550345656
-40.0625;33.1429;135.17696636224102;101.58797550345656
-39.9375;33.1714;135.17696636224102;101.58797550345656
-39.875;33.2;135.17696636224102;101.58797550345656
-39.75;32.7714;135.17696636224102;101.58797550345656
-39.625;32.4286;135.17696636224102;101.58797550345656
-39.4375;32.4286;135.17696636224102;101.58797550345656
-39.25;32.6571;135.17696636224102;101.58797550345656
-39.0625;32.4857;135.17696636224102;101.58797550345656
-38.75;32.5714;135.17696636224102;101.58797550345656
-38.5625;32.3143;135.17696636224102;101.58797550345656
-38.5;31.9714;135.17696636224102;101.58797550345656
-38.5;31.9714;135.17696636224102;101.58797550345656
-38.4375;32.2286;135.17696636224102;101.58797550345656
-38.25;32.3429;135.17696636224102;101.58797550345656
-38.125;32.0571;135.17696636224102;101.58797550345656
-38.125;31.8;135.17696636224102;101.58797550345656
-38.25;31.3429;135.17696636224102;101.58797550345656
-38.375;31.6;135.17696636224102;101.58797550345656
-38.25;31.3429;135.17696636224102;101.58797550345656
-37.8125;31.2;135.17696636224102;101.58797550345656
-37.375;31.0286;135.17696636224102;101.58797550345656
-36.9375;30.8857;135.17696636224102;101.58797550345656
-36.75;30.6571;135.17696636224102;101.58797550345656
-36.6875;30.6857;135.17696636224102;101.58797550345656
-36.6875;30.8857;135.17696636224102;101.58797550345656
-36.75;30.8286;135.17696636224102;101.58797550345656
-36.75;30.9714;135.17696636224102;101.58797550345656
-36.75;30.5429;135.17696636224102;101.58797550345656
-36.625;30.6286;135.17696636224102;101.58797550345656
-36.4375;30.8286;135.17696636224102;101.58797550345656
-36.25;30.3143;135.17696636224102;101.58797550345656
-36.125;30.3143;135.17696636224102;101.58797550345656
-36.0625;30.2;135.17696636224102;101.58797550345656
-36.0;30.2571;135.17696636224102;101.58797550345656
-35.8125;30.2857;135.17696636224102;101.58797550345656
-35.5625;30.3429;135.17696636224102;101.58797550345656
-35.375;30.0857;135.17696636224102;101.58797550345656
-35.4375;29.9714;135.17696636224102;101.58797550345656
-35.5625;29.7714;135.17696636224102;101.58797550345656
-35.625;30.3143;135.17696636224102;101.58797550345656
-35.4375;30.1714;135.17696636224102;101.58797550345656
-35.1875;30.1143;135.17696636224102;101.58797550345656
-35.0;30.0571;135.17696636224102;101.58797550345656
-35.0625;30.1714;135.17696636224102;101.58797550345656
-35.25;30.2;135.17696636224102;101.58797550345656
-35.375;30.0571;135.17696636224102;101.58797550345656
-35.4375;29.8286;135.17696636224102;101.58797550345656
-35.375;29.3714;135.17696636224102;101.58797550345656
-35.25;29.0571;135.17696636224102;101.58797550345656
-35.0;28.9429;135.17696636224102;101.58797550345656
-34.75;28.9714;135.17696636224102;101.58797550345656
-34.4375;28.6571;135.17696636224102;101.58797550345656
-34.0625;28.5429;135.17696636224102;101.58797550345656
-33.8125;28.4286;135.17696636224102;101.58797550345656
-33.6875;28.2571;135.17696636224102;101.58797550345656
-33.6875;28.2286;135.17696636224102;101.58797550345656
-33.6875;28.2;135.17696636224102;101.58797550345656
-33.6875;28.1143;135.17696636224102;101.58797550345656
-33.6875;27.8286;135.17696636224102;101.58797550345656
-33.75;27.9714;135.17696636224102;101.58797550345656
-33.625;27.5143;135.17696636224102;101.58797550345656
-33.25;27.8286;135.17696636224102;101.58797550345656
-32.75;27.6;135.17696636224102;101.58797550345656
-32.375;27.4286;135.17696636224102;101.58797550345656
-32.125;27.2571;135.17696636224102;101.58797550345656
-32.0;26.7714;135.17696636224102;101.58797550345656
-31.8125;27.0286;135.17696636224102;101.58797550345656
-31.6875;27.0571;135.17696636224102;101.58797550345656
-31.5;26.8857;135.17696636224102;101.58797550345656
-31.3125;26.7429;135.17696636224102;101.58797550345656
-31.25;26.5143;135.17696636224102;101.58797550345656
-31.25;26.4857;135.17696636224102;101.58797550345656
-31.1875;26.7429;135.17696636224102;101.58797550345656
-31.125;26.6571;135.17696636224102;101.58797550345656
-31.0625;26.7143;135.17696636224102;101.58797550345656
-31.0;26.5714;135.17696636224102;101.58797550345656
-30.9375;26.5714;135.17696636224102;101.58797550345656
-30.8125;26.1714;135.17696636224102;101.58797550345656
-30.75;26.0;135.17696636224102;101.58797550345656
-30.625;25.8;135.17696636224102;101.58797550345656
-30.5;25.6;135.17696636224102;101.58797550345656
-30.3125;25.6;135.17696636224102;101.58797550345656
-30.125;25.6571;135.17696636224102;101.58797550345656
-29.9375;25.7143;135.17696636224102;101.58797550345656
-29.6875;25.3714;135.17696636224102;101.58797550345656
-29.5;25.5714;135.17696636224102;101.58797550345656
-29.3125;25.3143;135.17696636224102;101.58797550345656
-29.25;25.0857;135.17696636224102;101.58797550345656
-29.25;25.0;135.17696636224102;101.58797550345656
-29.25;24.8;135.17696636224102;101.58797550345656
-29.25;24.8286;135.17696636224102;101.58797550345656
-29.25;25.0857;135.17696636224102;101.58797550345656
-29.125;24.9143;135.17696636224102;101.58797550345656
-28.9375;24.9429;135.17696636224102;101.58797550345656
-28.8125;24.6;135.17696636224102;101.58797550345656
-28.6875;24.5714;135.17696636224102;101.58797550345656
-28.625;24.4571;135.17696636224102;101.58797550345656
-28.5625;24.3143;135.17696636224102;101.58797550345656
-28.4375;24.1714;135.17696636224102;101.58797550345656
-28.25;24.2286;135.17696636224102;101.58797550345656
-28.0625;24.2857;135.17696636224102;101.58797550345656
-27.875;23.9429;135.17696636224102;101.58797550345656
-27.75;23.9143;135.17696636224102;101.58797550345656
-27.5625;23.8;135.17696636224102;101.58797550345656
-27.4375;23.7143;135.17696636224102;101.58797550345656
-27.4375;23.7714;135.17696636224102;101.58797550345656
-27.375;23.8;135.17696636224102;101.58797550345656
-27.3125;23.6286;135.17696636224102;101.58797550345656
-27.25;23.4857;135.17696636224102;101.58797550345656
-27.25;23.4286;135.17696636224102;101.58797550345656
-27.25;23.4;135.17696636224102;101.58797550345656
-27.125;23.2286;135.17696636224102;101.58797550345656
-26.9375;23.1429;135.17696636224102;101.58797550345656
-26.75;23.0571;135.17696636224102;101.58797550345656
-26.625;23.0286;135.17696636224102;101.58797550345656
-26.5;23.0571;135.17696636224102;101.58797550345656
-26.375;23.0286;135.17696636224102;101.58797550345656
-26.3125;22.6857;135.17696636224102;101.58797550345656
-26.3125;22.6;135.17696636224102;101.58797550345656
-26.25;22.4571;135.17696636224102;101.58797550345656
-26.25;22.7429;135.17696636224102;101.58797550345656
-26.25;22.3714;135.17696636224102;101.58797550345656
-26.3125;22.3143;135.17696636224102;101.58797550345656
-26.3125;22.1714;135.17696636224102;101.58797550345656
-26.25;22.0857;135.17696636224102;101.58797550345656
-26.0;22.0;135.17696636224102;101.58797550345656
-25.75;21.9429;135.17696636224102;101.58797550345656
-25.4375;21.8;135.17696636224102;101.58797550345656
-25.1875;21.8571;135.17696636224102;101.58797550345656
-25.0;21.9143;135.17696636224102;101.58797550345656
-24.9375;21.6;135.17696636224102;101.58797550345656
-24.875;21.7429;135.17696636224102;101.58797550345656
-24.8125;21.4857;135.17696636224102;101.58797550345656
-24.6875;21.2;135.17696636224102;101.58797550345656
-24.625;21.3714;135.17696636224102;101.58797550345656
-24.4375;21.2286;135.17696636224102;101.58797550345656
-24.3125;21.1429;135.17696636224102;101.58797550345656
-24.1875;21.1429;135.17696636224102;101.58797550345656
-24.125;21.1429;135.17696636224102;101.58797550345656
-24.0625;20.9714;135.17696636224102;101.58797550345656
-24.0;21.1429;135.17696636224102;101.58797550345656
-23.875;20.8571;135.17696636224102;101.58797550345656
-23.75;20.8286;135.17696636224102;101.58797550345656
-23.6875;20.9429;135.17696636224102;101.58797550345656
-23.6875;20.7143;135.17696636224102;101.58797550345656
-23.625;20.5143;135.17696636224102;101.58797550345656
-23.5625;20.5714;135.17696636224102;101.58797550345656
-23.4375;20.2286;135.17696636224102;101.58797550345656
-23.3125;20.1714;135.17696636224102;101.58797550345656
-23.1875;20.3143;135.17696636224102;101.58797550345656
-23.0625;20.0857;135.17696636224102;101.58797550345656
-23.0;20.1143;135.17696636224102;101.58797550345656
-22.9375;20.1429;135.17696636224102;101.58797550345656
-22.9375;19.8857;135.17696636224102;101.58797550345656
-22.9375;19.8857;135.17696636224102;101.58797550345656
-23.0;19.9143;135.17696636224102;101.58797550345656
-22.9375;19.7714;135.17696636224102;101.58797550345656
-22.75;19.8857;135.17696636224102;101.58797550345656
-22.5;19.6857;135.17696636224102;101.58797550345656
-22.375;19.6286;135.17696636224102;101.58797550345656
-22.25;19.5714;135.17696636224102;101.58797550345656
-22.1875;19.3143;135.17696636224102;101.58797550345656
-22.1875;19.2857;135.17696636224102;101.58797550345656
-22.0625;19.3429;135.17696636224102;101.58797550345656
-22.0;19.2857;135.17696636224102;101.58797550345656
-21.8125;19.2;135.17696636224102;101.58797550345656
-21.75;19.2286;135.17696636224102;101.58797550345656
-21.6875;19.0571;135.17696636224102;101.58797550345656
-21.625;18.9714;135.17696636224102;101.58797550345656
-21.5625;19.0;135.17696636224102;101.58797550345656
-21.5;18.8571;135.17696636224102;101.58797550345656
-21.4375;18.9429;135.17696636224102;101.58797550345656
-21.375;18.8571;135.17696636224102;101.58797550345656
-21.25;18.7429;135.17696636224102;101.58797550345656
-21.1875;18.6;135.17696636224102;101.58797550345656
-21.1875;18.4571;135.17696636224102;101.58797550345656
-21.125;18.4571;135.17696636224102;101.58797550345656
-21.0;18.4;135.17696636224102;101.58797550345656
-20.8125;18.2571;135.17696636224102;101.58797550345656
-20.6875;18.2857;135.17696636224102;101.58797550345656
-20.5625;18.0857;135.17696636224102;101.58797550345656
-20.5;18.0571;135.17696636224102;101.58797550345656
-20.5;17.8286;135.17696636224102;101.58797550345656
-20.5;17.6857;135.17696636224102;101.58797550345656
-20.5;17.7143;135.17696636224102;101.58797550345656
-20.5;17.5429;135.17696636224102;101.58797550345656
-20.5625;17.4857;135.17696636224102;101.58797550345656
-20.5;17.3714;135.17696636224102;101.58797550345656
-20.4375;17.4;135.17696636224102;101.58797550345656
-20.25;17.3714;135.17696636224102;101.58797550345656
-19.9375;17.2857;135.17696636224102;101.58797550345656
-19.75;17.2286;135.17696636224102;101.58797550345656
-19.625;17.0571;135.17696636224102;101.58797550345656
-19.5625;16.9143;135.17696636224102;101.58797550345656
-19.5;17.0286;135.17696636224102;101.58797550345656
-19.4375;16.9143;135.17696636224102;101.58797550345656
-19.375;16.8;135.17696636224102;101.58797550345656
-19.1875;16.7714;135.17696636224102;101.58797550345656
-19.0;16.7429;135.17696636224102;101.58797550345656
-18.9375;16.6;135.17696636224102;101.58797550345656
-18.9375;16.5429;135.17696636224102;101.58797550345656
-18.9375;16.5143;135.17696636224102;101.58797550345656
-18.875;16.4286;135.17696636224102;101.58797550345656
-18.75;16.4286;135.17696636224102;101.58797550345656
-18.5625;16.2571;135.17696636224102;101.58797550345656
-18.375;16.1429;135.17696636224102;101.58797550345656
-18.3125;16.1143;135.17696636224102;101.58797550345656
-18.3125;16.0571;135.17696636224102;101.58797550345656
-18.25;16.0857;135.17696636224102;101.58797550345656
-18.1875;15.8857;135.17696636224102;101.58797550345656
-18.0;15.8857;135.17696636224102;101.58797550345656
-17.875;15.6857;135.17696636224102;101.58797550345656
-17.8125;15.6286;135.17696636224102;101.58797550345656
-17.75;15.6;135.17696636224102;101.58797550345656
-17.75;15.5143;135.17696636224102;101.58797550345656
-17.6875;15.4857;135.17696636224102;101.58797550345656
-17.6875;15.4571;135.17696636224102;101.58797550345656
-17.6875;15.4;135.17696636224102;101.58797550345656
-17.6875;15.4571;135.17696636224102;101.58797550345656
-17.6875;15.2286;135.17696636224102;101.58797550345656
-17.625;15.0857;135.17696636224102;101.58797550345656
-17.4375;15.0;135.17696636224102;101.58797550345656
-17.25;14.9714;135.17696636224102;101.58797550345656
-17.0625;14.8571;135.17696636224102;101.58797550345656
-16.9375;14.7429;135.17696636224102;101.58797550345656
-16.8125;14.6571;135.17696636224102;101.58797550345656
-16.6875;14.6;135.17696636224102;101.58797550345656
-16.5625;14.5714;135.17696636224102;101.58797550345656
-16.5;14.5429;135.17696636224102;101.58797550345656
-16.375;14.5429;135.17696636224102;101.58797550345656
-16.375;14.4857;135.17696636224102;101.58797550345656
-16.3125;14.3429;135.17696636224102;101.58797550345656
-16.25;14.3429;135.17696636224102;101.58797550345656
-16.1875;14.2;135.17696636224102;101.58797550345656
-16.125;14.1429;135.17696636224102;101.58797550345656
-16.0625;14.0286;135.17696636224102;101.58797550345656
-15.9375;14.0;135.17696636224102;101.58797550345656
-15.875;13.9714;135.17696636224102;101.58797550345656
-15.8125;13.8857;135.17696636224102;101.58797550345656
-15.8125;13.8571;135.17696636224102;101.58797550345656
-15.8125;13.7714;135.17696636224102;101.58797550345656
-15.8125;13.8857;135.17696636224102;101.58797550345656
-15.6875;13.7429;135.17696636224102;101.58797550345656
-15.625;13.7429;135.17696636224102;101.58797550345656
-15.5625;13.6286;135.17696636224102;101.58797550345656
-15.5;13.5143;135.17696636224102;101.58797550345656
-15.4375;13.4571;135.17696636224102;101.58797550345656
-15.4375;13.4857;135.17696636224102;101.58797550345656
-15.375;13.3714;135.17696636224102;101.58797550345656
-15.375;13.3143;135.17696636224102;101.58797550345656
-15.375;13.2857;135.17696636224102;101.58797550345656
-15.4375;13.1714;135.17696636224102;101.58797550345656
-15.4375;13.1429;135.17696636224102;101.58797550345656
-15.375;13.0857;135.17696636224102;101.58797550345656
-15.1875;12.9429;135.17696636224102;101.58797550345656
-15.0;12.8857;135.17696636224102;101.58797550345656
-14.8125;12.9143;135.17696636224102;101.58797550345656
-14.75;12.7429;135.17696636224102;101.58797550345656
-14.6875;12.7143;135.17696636224102;101.58797550345656
-14.5;12.6286;135.17696636224102;101.58797550345656
-14.3125;12.6571;135.17696636224102;101.58797550345656
-14.125;12.5429;135.17696636224102;101.58797550345656
-14.0625;12.5429;135.17696636224102;101.58797550345656
-14.0625;12.4;135.17696636224102;101.58797550345656
-14.125;12.3429;135.17696636224102;101.58797550345656
-14.0625;12.1714;135.17696636224102;101.58797550345656
-13.9375;12.2286;135.17696636224102;101.58797550345656
-13.875;12.1714;135.17696636224102;101.58797550345656
-13.8125;12.1429;135.17696636224102;101.58797550345656
-13.8125;12.0857;135.17696636224102;101.58797550345656
-13.6875;12.0571;135.17696636224102;101.58797550345656
-13.5625;12.0286;135.17696636224102;101.58797550345656
-13.4375;11.9429;135.17696636224102;101.58797550345656
-13.375;11.9143;135.17696636224102;101.58797550345656
-13.375;11.8571;135.17696636224102;101.58797550345656
-13.375;11.7714;135.17696636224102;101.58797550345656
-13.3125;11.6286;135.17696636224102;101.58797550345656
-13.25;11.5143;135.17696636224102;101.58797550345656
-13.1875;11.5429;135.17696636224102;101.58797550345656
-13.125;11.4571;135.17696636224102;101.58797550345656
-13.0625;11.4571;135.17696636224102;101.58797550345656
-13.0625;11.4286;135.17696636224102;101.58797550345656
-13.0625;11.3429;135.17696636224102;101.58797550345656
-13.125;11.2571;135.17696636224102;101.58797550345656
-13.1875;11.1714;135.17696636224102;101.58797550345656
-13.125;11.1143;135.17696636224102;101.58797550345656
-13.0;11.0286;135.17696636224102;101.58797550345656
-12.8125;11.0;135.17696636224102;101.58797550345656
-12.75;10.8857;135.17696636224102;101.58797550345656
-12.6875;10.8857;135.17696636224102;101.58797550345656
-12.6875;10.8;135.17696636224102;101.58797550345656
-12.625;10.7429;135.17696636224102;101.58797550345656
-12.5;10.7143;135.17696636224102;101.58797550345656
-12.375;10.6857;135.17696636224102;101.58797550345656
-12.25;10.6286;135.17696636224102;101.58797550345656
-12.25;10.5714;135.17696636224102;101.58797550345656
-12.25;10.5143;135.17696636224102;101.58797550345656
-12.25;10.4857;135.17696636224102;101.58797550345656
-12.1875;10.3714;135.17696636224102;101.58797550345656
-12.125;10.2286;135.17696636224102;101.58797550345656
-12.125;10.2286;135.17696636224102;101.58797550345656
-12.1875;10.1714;135.17696636224102;101.58797550345656
-12.125;10.1143;135.17696636224102;101.58797550345656
-12.0;10.1429;135.17696636224102;101.58797550345656
-11.75;10.0286;135.17696636224102;101.58797550345656
-11.5625;9.9714;135.17696636224102;101.58797550345656
-11.5;9.9714;135.17696636224102;101.58797550345656
-11.5;9.8286;135.17696636224102;101.58797550345656
-11.4375;9.8286;135.17696636224102;101.58797550345656
-11.25;9.7714;135.17696636224102;101.58797550345656
-11.0;9.7429;135.17696636224102;101.58797550345656
-10.875;9.6857;135.17696636224102;101.58797550345656
-10.8125;9.6571;135.17696636224102;101.58797550345656
-10.8125;9.5714;135.17696636224102;101.58797550345656
-10.8125;9.5714;135.17696636224102;101.58797550345656
-10.875;9.4;135.17696636224102;101.58797550345656
-11.0;9.3429;135.17696636224102;101.58797550345656
-11.125;9.3143;135.17696636224102;101.58797550345656
-11.0625;9.2857;135.17696636224102;101.58797550345656
-10.875;9.2286;135.17696636224102;101.58797550345656
-10.75;9.1714;135.17696636224102;101.58797550345656
-10.625;9.1429;135.17696636224102;101.58797550345656
-10.5625;9.0571;135.17696636224102;101.58797550345656
-10.5625;8.9714;135.17696636224102;101.58797550345656
-10.5;8.9429;135.17696636224102;101.58797550345656
-10.375;8.8571;135.17696636224102;101.58797550345656
-10.25;8.8;135.17696636224102;101.58797550345656
-10.1875;8.7429;135.17696636224102;101.58797550345656
-10.125;8.7143;135.17696636224102;101.58797550345656
-10.0625;8.6286;135.17696636224102;101.58797550345656
-9.9375;8.6286;135.17696636224102;101.58797550345656
-9.875;8.6;135.17696636224102;101.58797550345656
-9.8125;8.5429;135.17696636224102;101.58797550345656
-9.8125;8.4286;135.17696636224102;101.58797550345656
-9.625;8.3714;135.17696636224102;101.58797550345656
-9.4375;8.3429;135.17696636224102;101.58797550345656
-9.375;8.3143;135.17696636224102;101.58797550345656
-9.375;8.3143;135.17696636224102;101.58797550345656
-9.375;8.2;135.17696636224102;101.58797550345656
-9.375;8.1714;135.17696636224102;101.58797550345656
-9.3125;8.1143;135.17696636224102;101.58797550345656
-9.1875;8.0286;135.17696636224102;101.58797550345656
-9.125;7.9714;135.17696636224102;101.58797550345656
-9.0625;7.9143;135.17696636224102;101.58797550345656
-9.0625;7.8571;135.17696636224102;101.58797550345656
-9.0625;7.8857;135.17696636224102;101.58797550345656
-9.125;7.8;135.17696636224102;101.58797550345656
-9.1875;7.8286;135.17696636224102;101.58797550345656
-9.3125;7.7143;135.17696636224102;101.58797550345656
-9.25;7.6571;135.17696636224102;101.58797550345656
-9.0625;7.6;135.17696636224102;101.58797550345656
-8.8125;7.5143;135.17696636224102;101.58797550345656
-8.6875;7.5143;135.17696636224102;101.58797550345656
-8.625;7.4571;135.17696636224102;101.58797550345656
-8.625;7.4286;135.17696636224102;101.58797550345656
-8.5625;7.3714;135.17696636224102;101.58797550345656
-8.5625;7.2571;135.17696636224102;101.58797550345656
-8.5;7.2571;135.17696636224102;101.58797550345656
-8.4375;7.2;135.17696636224102;101.58797550345656
-8.3125;7.2;135.17696636224102;101.58797550345656
-8.25;7.0857;135.17696636224102;101.58797550345656
-8.1875;7.0571;135.17696636224102;101.58797550345656
-8.125;6.9714;135.17696636224102;101.58797550345656
-8.0625;6.9429;135.17696636224102;101.58797550345656
-8.0625;6.9143;135.17696636224102;101.58797550345656
-8.0;6.8571;135.17696636224102;101.58797550345656
-7.9375;6.8;135.17696636224102;101.58797550345656
-7.9375;6.7429;135.17696636224102;101.58797550345656
-7.875;6.6857;135.17696636224102;101.58797550345656
-7.75;6.6;135.17696636224102;101.58797550345656
-7.6875;6.6286;135.17696636224102;101.58797550345656
-7.5625;6.5714;135.17696636224102;101.58797550345656
-7.375;6.6;135.17696636224102;101.58797550345656
-7.1875;6.5714;135.17696636224102;101.58797550345656
-7.0;6.5143;135.17696636224102;101.58797550345656
-6.875;6.4857;135.17696636224102;101.58797550345656
-6.875;6.4571;135.17696636224102;101.58797550345656
-6.875;6.3714;135.17696636224102;101.58797550345656
-6.9375;6.3143;135.17696636224102;101.58797550345656
-7.1875;6.3143;135.17696636224102;101.58797550345656
-7.375;6.2571;135.17696636224102;101.58797550345656
-7.5625;6.2;135.17696636224102;101.58797550345656
-7.6875;6.1429;135.17696636224102;101.58797550345656
-7.625;6.1143;135.17696636224102;101.58797550345656
-7.375;6.0571;135.17696636224102;101.58797550345656
-7.125;6.0;135.17696636224102;101.58797550345656
-7.0;5.8571;135.17696636224102;101.58797550345656
-7.0;5.8857;135.17696636224102;101.58797550345656
-7.0;5.8286;135.17696636224102;101.58797550345656
-6.875;5.8571;135.17696636224102;101.58797550345656
-6.75;5.8571;135.17696636224102;101.58797550345656
-6.5625;5.7429;135.17696636224102;101.58797550345656
-6.5;5.6857;135.17696636224102;101.58797550345656
-6.5625;5.6857;135.17696636224102;101.58797550345656
-6.625;5.6;135.17696636224102;101.58797550345656
-6.6875;5.5429;135.17696636224102;101.58797550345656
-6.625;5.5143;135.17696636224102;101.58797550345656
-6.5625;5.4286;135.17696636224102;101.58797550345656
-6.375;5.4286;135.17696636224102;101.58797550345656
-6.3125;5.3143;135.17696636224102;101.58797550345656
-6.375;5.2571;135.17696636224102;101.58797550345656
-6.3125;5.2857;135.17696636224102;101.58797550345656
-5.9375;5.2286;135.17696636224102;101.58797550345656
-5.625;5.1714;135.17696636224102;101.58797550345656
-5.5;5.1429;135.17696636224102;101.58797550345656
-5.375;5.0571;135.17696636224102;101.58797550345656
-5.3125;5.0857;135.17696636224102;101.58797550345656
-5.25;4.9714;135.17696636224102;101.58797550345656
-5.1875;5.0;135.17696636224102;101.58797550345656
-5.1875;4.9429;135.17696636224102;101.58797550345656
-5.3125;4.9143;135.17696636224102;101.58797550345656
-5.625;4.8286;135.17696636224102;101.58797550345656
-5.875;4.8286;135.17696636224102;101.58797550345656
-5.8125;4.7714;135.17696636224102;101.58797550345656
-5.5625;4.7429;135.17696636224102;101.58797550345656
-5.3125;4.6857;135.17696636224102;101.58797550345656
-5.1875;4.6571;135.17696636224102;101.58797550345656
-5.125;4.6;135.17696636224102;101.58797550345656
-5.1875;4.6;135.17696636224102;101.58797550345656
-5.25;4.4857;135.17696636224102;101.58797550345656
-5.3125;4.5143;135.17696636224102;101.58797550345656
-5.3125;4.4571;135.17696636224102;101.58797550345656
-5.25;4.4857;135.17696636224102;101.58797550345656
-5.25;4.3714;135.17696636224102;101.58797550345656
-5.25;4.3714;135.17696636224102;101.58797550345656
-5.0625;4.3143;135.17696636224102;101.58797550345656
-5.0625;4.2857;135.17696636224102;101.58797550345656
-5.0;4.2571;135.17696636224102;101.58797550345656
-4.9375;4.2286;135.17696636224102;101.58797550345656
-4.8125;4.1429;135.17696636224102;101.58797550345656
-4.6875;4.1143;135.17696636224102;101.58797550345656
-4.5;4.0857;135.17696636224102;101.58797550345656
-4.5;4.0286;135.17696636224102;101.58797550345656
-4.625;4.0286;135.17696636224102;101.58797550345656
-4.6875;3.9714;135.17696636224102;101.58797550345656
-4.5625;3.9143;135.17696636224102;101.58797550345656
-4.4375;3.8857;135.17696636224102;101.58797550345656
-4.1875;3.8286;135.17696636224102;101.58797550345656
-4.0;3.6857;135.17696636224102;101.58797550345656
-3.9375;3.7429;135.17696636224102;101.58797550345656
-3.875;3.7143;135.17696636224102;101.58797550345656
-3.875;3.6857;135.17696636224102;101.58797550345656
-3.875;3.6;135.17696636224102;101.58797550345656
-3.875;3.5714;135.17696636224102;101.58797550345656
-4.0;3.5714;135.17696636224102;101.58797550345656
-4.3125;3.5143;135.17696636224102;101.58797550345656
-4.3125;3.4857;135.17696636224102;101.58797550345656
-4.0;3.4286;135.17696636224102;101.58797550345656
-3.625;3.4571;135.17696636224102;101.58797550345656
-3.4375;3.4;135.17696636224102;101.58797550345656
-3.6875;3.3429;135.17696636224102;101.58797550345656
-4.0;3.2857;135.17696636224102;101.58797550345656
-4.1875;3.2857;135.17696636224102;101.58797550345656
-4.125;3.2571;135.17696636224102;101.58797550345656
-3.8125;3.1714;135.17696636224102;101.58797550345656
-3.375;3.1714;135.17696636224102;101.58797550345656
-3.1875;3.1143;135.17696636224102;101.58797550345656
-3.0625;3.0571;135.17696636224102;101.58797550345656
-2.8125;3.0571;135.17696636224102;101.58797550345656
-2.8125;3.0286;135.17696636224102;101.58797550345656
-3.0625;2.9714;135.17696636224102;101.58797550345656
-3.1875;3.0286;135.17696636224102;101.58797550345656
-3.25;2.9143;135.17696636224102;101.58797550345656
-3.1875;2.9143;135.17696636224102;101.58797550345656
-3.125;2.8857;135.17696636224102;101.58797550345656
-2.625;2.8571;135.17696636224102;101.58797550345656
-2.125;2.7714;135.17696636224102;101.58797550345656
-2.0625;2.7714;135.17696636224102;101.58797550345656
-2.375;2.6857;135.17696636224102;101.58797550345656
-2.6875;2.7143;135.17696636224102;101.58797550345656
-3.125;2.6857;135.17696636224102;101.58797550345656
-3.375;2.6;135.17696636224102;101.58797550345656
-3.4375;2.5714;135.17696636224102;101.58797550345656
-3.5;2.5714;135.17696636224102;101.58797550345656
-3.125;2.4571;135.17696636224102;101.58797550345656
-2.3125;2.5143;135.17696636224102;101.58797550345656
-1.8125;2.5143;135.17696636224102;101.58797550345656
-1.9375;2.4857;135.17696636224102;101.58797550345656
-2.25;2.4;135.17696636224102;101.58797550345656
-2.4375;2.3429;135.17696636224102;101.58797550345656
-2.4375;2.3143;135.17696636224102;101.58797550345656
-2.125;2.3429;135.17696636224102;101.58797550345656
-1.5;2.3143;135.17696636224102;101.58797550345656
-0.875;2.3143;135.17696636224102;101.58797550345656
-0.625;2.2571;135.17696636224102;101.58797550345656
-1.0;2.1714;135.17696636224102;101.58797550345656
-1.25;2.2;135.17696636224102;101.58797550345656
-1.5625;2.0571;135.17696636224102;101.58797550345656
-2.125;2.1429;135.17696636224102;101.58797550345656
-2.4375;2.0571;135.17696636224102;101.58797550345656
-2.25;2.0286;135.17696636224102;101.58797550345656
-2.0;2.0286;135.17696636224102;101.58797550345656
-1.75;2.0;135.17696636224102;101.58797550345656
-1.8125;1.9714;135.17696636224102;101.58797550345656
-2.25;1.9429;135.17696636224102;101.58797550345656
-2.375;1.8286;135.17696636224102;101.58797550345656
-1.8125;1.8857;135.17696636224102;101.58797550345656
-0.875;1.8857;135.17696636224102;101.58797550345656
-0.4375;1.8;135.17696636224102;101.58797550345656
-0.5625;1.7714;135.17696636224102;101.58797550345656
-0.5625;1.7143;135.17696636224102;101.58797550345656
-0.3125;1.6857;135.17696636224102;101.58797550345656
0.0;1.6571;135.17696636224102;101.58797550345656
0.125;1.6571;135.17696636224102;101.58797550345656
0.1875;1.6571;135.17696636224102;101.58797550345656
0.1875;1.6;135.17696636224102;101.58797550345656
-0.0625;1.5429;135.17696636224102;101.58797550345656
-0.8125;1.5714;135.17696636224102;101.58797550345656
-1.375;1.4571;135.17696636224102;101.58797550345656
-1.4375;1.4857;135.17696636224102;101.58797550345656
-1.1875;1.4571;135.17696636224102;101.58797550345656
-0.6875;1.4286;135.17696636224102;101.58797550345656
-0.625;1.3429;135.17696636224102;101.58797550345656
-1.0;1.3429;135.17696636224102;101.58797550345656
-1.375;1.4;135.17696636224102;101.58797550345656
-1.5625;1.3143;135.17696636224102;101.58797550345656
-1.625;1.3429;135.17696636224102;101.58797550345656
-1.6875;1.2571;135.17696636224102;101.58797550345656
-1.5;1.2286;135.17696636224102;101.58797550345656
-1.4375;1.2571;135.17696636224102;101.58797550345656
-1.6875;1.2286;135.17696636224102;101.58797550345656
-1.8125;1.1714;135.17696636224102;101.58797550345656
-1.75;1.1714;135.17696636224102;101.58797550345656
-1.375;1.1143;135.17696636224102;101.58797550345656
-1.0;1.1143;135.17696636224102;101.58797550345656
-1.0625;1.0857;135.17696636224102;101.58797550345656
-1.25;1.0571;135.17696636224102;101.58797550345656
-1.375;1.0571;135.17696636224102;101.58797550345656
-1.125;1.0857;135.17696636224102;101.58797550345656
-0.5625;0.9429;135.17696636224102;101.58797550345656
-0.1875;0.9714;135.17696636224102;101.58797550345656
-0.0625;0.9143;135.17696636224102;101.58797550345656
0.0;0.9143;135.17696636224102;101.58797550345656
0.0625;0.9143;135.17696636224102;101.58797550345656
0.0625;0.8857;135.17696636224102;101.58797550345656
0.0;0.7429;135.17696636224102;101.58797550345656
0.0;0.7143;135.17696636224102;101.58797550345656
0.0;0.8;135.17696636224102;101.58797550345656
0.0;0.7429;135.17696636224102;101.58797550345656
0.0;0.7429;135.17696636224102;101.58797550345656
0.0;0.6286;135.17696636224102;101.58797550345656
0.0625;0.7143;135.17696636224102;101.58797550345656
0.3125;0.7143;135.17696636224102;101.58797550345656
0.375;0.6571;135.17696636224102;101.58797550345656
0.3125;0.6;135.17696636224102;101.58797550345656
-0.0625;0.7143;135.17696636224102;101.58797550345656
-1.0;0.6286;135.17696636224102;101.58797550345656
-1.4375;0.6286;135.17696636224102;101.58797550345656
-0.875;0.6857;135.17696636224102;101.58797550345656
-0.1875;0.5714;135.17696636224102;101.58797550345656
0.0625;0.5714;135.17696636224102;101.58797550345656
0.0;0.6;135.17696636224102;101.58797550345656
-0.5;0.5429;135.17696636224102;101.58797550345656
-0.875;0.5714;135.17696636224102;101.58797550345656
-1.25;0.4857;135.17696636224102;101.58797550345656
-1.5625;0.4571;135.17696636224102;101.58797550345656
-1.25;0.5429;135.17696636224102;101.58797550345656
-0.625;0.5143;135.17696636224102;101.58797550345656
-0.1875;0.4;135.17696636224102;101.58797550345656
0.0;0.4286;135.17696636224102;101.58797550345656
0.0625;0.4571;135.17696636224102;101.58797550345656
0.0625;0.4;135.17696636224102;101.58797550345656
0.1875;0.3714;135.17696636224102;101.58797550345656
0.6875;0.3429;135.17696636224102;101.58797550345656
1.0625;0.3429;135.17696636224102;101.58797550345656
0.9375;0.2286;135.17696636224102;101.58797550345656
0.5;0.3143;135.17696636224102;101.58797550345656
0.1875;0.2857;135.17696636224102;101.58797550345656
0.0;0.3429;135.17696636224102;101.58797550345656
-0.0625;0.3429;135.17696636224102;101.58797550345656
0.0;0.3143;135.17696636224102;101.58797550345656
0.0;0.4;135.17696636224102;101.58797550345656
0.0;0.2571;135.17696636224102;101.58797550345656
-0.0625;0.2857;135.17696636224102;101.58797550345656
-0.0625;0.1429;135.17696636224102;101.58797550345656
0.0;0.2857;135.17696636224102;101.58797550345656
0.0625;0.2857;135.17696636224102;101.58797550345656
0.25;0.2286;135.17696636224102;101.58797550345656
0.4375;0.2;135.17696636224102;101.58797550345656
0.5;0.2571;135.17696636224102;101.58797550345656
0.4375;0.2857;135.17696636224102;101.58797550345656
0.1875;0.2286;135.17696636224102;101.58797550345656
0.0625;0.3429;135.17696636224102;101.58797550345656
0.0625;0.2571;135.17696636224102;101.58797550345656
0.25;0.2286;135.17696636224102;101.58797550345656
0.25;0.1714;135.17696636224102;101.58797550345656
0.1875;0.2286;135.17696636224102;101.58797550345656
0.0625;0.2286;135.17696636224102;101.58797550345656
0.0625;0.1714;135.17696636224102;101.58797550345656
0.1875;0.1429;135.17696636224102;101.58797550345656
0.1875;0.2286;135.17696636224102;101.58797550345656
0.125;0.1429;135.17696636224102;101.58797550345656
0.0;0.1714;135.17696636224102;101.58797550345656
-0.5;0.1714;135.17696636224102;101.58797550345656
-1.125;0.2;135.17696636224102;101.58797550345656
-1.4375;0.1429;135.17696636224102;101.58797550345656
-1.0625;0.1429;135.17696636224102;101.58797550345656
-0.5625;0.1714;135.17696636224102;101.58797550345656
-0.125;0.2;135.17696636224102;101.58797550345656
0.0;0.1714;135.17696636224102;101.58797550345656
0.0625;0.2;135.17696636224102;101.58797550345656
0.0625;0.2;135.17696636224102;101.58797550345656
0.0;0.2;135.17696636224102;101.58797550345656
-0.125;0.1429;135.17696636224102;101.58797550345656
-0.5625;0.1143;135.17696636224102;101.58797550345656
-0.5;0.2;135.17696636224102;101.58797550345656
0.0;0.1714;135.17696636224102;101.58797550345656
0.25;0.2;135.17696636224102;101.58797550345656
0.3125;0.0;135.17696636224102;101.58797550345656
0.1875;0.1714;135.17696636224102;101.58797550345656
0.0625;0.1143;135.17696636224102;101.58797550345656
-0.1875;0.1714;135.17696636224102;101.58797550345656
-0.4375;0.2;135.17696636224102;101.58797550345656
-0.5;0.1143;135.17696636224102;101.58797550345656
-0.3125;0.1429;135.17696636224102;101.58797550345656
-0.0625;0.1143;135.17696636224102;101.58797550345656
0.1875;0.1429;135.17696636224102;101.58797550345656
0.25;0.1714;135.17696636224102;101.58797550345656
0.1875;0.1714;135.17696636224102;101.58797550345656
0.1875;0.0571;135.17696636224102;101.58797550345656
0.3125;0.1429;135.17696636224102;101.58797550345656
0.375;0.0857;135.17696636224102;101.58797550345656
0.1875;0.0857;135.17696636224102;101.58797550345656
0.0625;0.1143;135.17696636224102;101.58797550345656
0.125;0.2;135.17696636224102;101.58797550345656
0.375;0.0857;135.17696636224102;101.58797550345656
0.4375;0.1143;135.17696636224102;101.58797550345656
0.375;0.0857;135.17696636224102;101.58797550345656
0.25;0.0571;135.17696636224102;101.58797550345656
0.25;0.1143;135.17696636224102;101.58797550345656
0.3125;0.1143;135.17696636224102;101.58797550345656
0.3125;0.1429;135.17696636224102;101.58797550345656
0.3125;0.1143;135.17696636224102;101.58797550345656
0.375;0.0857;135.17696636224102;101.58797550345656
0.3125;0.1429;135.17696636224102;101.58797550345656
0.1875;0.1143;135.17696636224102;101.58797550345656
0.0625;0.0857;135.17696636224102;101.58797550345656
0.0;0.0857;135.17696636224102;101.58797550345656
-0.1875;0.0571;135.17696636224102;101.58797550345656
-0.1875;0.0857;135.17696636224102;101.58797550345656
-0.4375;0.0857;135.17696636224102;101.58797550345656
-1.0;0.1143;135.17696636224102;101.58797550345656
-1.0625;0.1429;135.17696636224102;101.58797550345656
-0.6875;0.1143;135.17696636224102;101.58797550345656
-0.25;0.0571;135.17696636224102;101.58797550345656
0.0;0.0857;135.17696636224102;101.58797550345656
0.25;0.2;135.17696636224102;101.58797550345656
0.3125;0.0286;135.17696636224102;101.58797550345656
0.1875;0.2;135.17696636224102;101.58797550345656
0.0625;0.1429;135.17696636224102;101.58797550345656
0.0;0.0857;135.17696636224102;101.58797550345656
-0.125;0.0571;135.17696636224102;101.58797550345656
-0.4375;0.0857;135.17696636224102;101.58797550345656
-0.5;0.0571;135.17696636224102;101.58797550345656
-0.3125;0.0857;135.17696636224102;101.58797550345656
-0.125;0.0857;135.17696636224102;101.58797550345656
0.0;0.0857;135.17696636224102;101.58797550345656
0.0;0.1143;135.17696636224102;101.58797550345656
0.0;0.0857;135.17696636224102;101.58797550345656
0.0;0.0857;135.17696636224102;101.58797550345656
-0.125;0.0857;135.17696636224102;101.58797550345656
-0.5625;0.0571;135.17696636224102;101.58797550345656
-1.125;0.0286;135.17696636224102;101.58797550345656
-1.5;0.0571;135.17696636224102;101.58797550345656
-1.6875;0.0;135.17696636224102;101.58797550345656
-1.6875;0.0857;135.17696636224102;101.58797550345656
-1.8125;0.0571;135.17696636224102;101.58797550345656
-1.875;0.0857;135.17696636224102;101.58797550345656
-1.4375;0.0571;135.17696636224102;101.58797550345656
-0.625;0.0571;135.17696636224102;101.58797550345656
-0.0625;0.1429;135.17696636224102;101.58797550345656
0.0;0.0;135.17696636224102;101.58797550345656
-0.1875;0.0857;135.17696636224102;101.58797550345656
-0.3125;0.0571;135.17696636224102;101.58797550345656
-0.1875;-0.0286;135.17696636224102;101.58797550345656
0.0;0.1143;135.17696636224102;101.58797550345656
0.1875;0.1714;135.17696636224102;101.58797550345656
0.375;0.1429;135.17696636224102;101.58797550345656
0.375;0.0857;135.17696636224102;101.58797550345656
0.375;-0.0857;135.17696636224102;101.58797550345656
0.4375;0.0857;135.17696636224102;101.58797550345656
0.5;0.0;135.17696636224102;101.58797550345656
0.4375;0.0286;135.17696636224102;101.58797550345656
0.25;0.0571;135.17696636224102;101.58797550345656
0.0625;0.0571;135.17696636224102;101.58797550345656
0.0;0.0571;135.17696636224102;101.58797550345656
0.0;0.0286;135.17696636224102;101.58797550345656
0.0;0.1143;135.17696636224102;101.58797550345656
0.125;0.0571;135.17696636224102;101.58797550345656
0.6875;0.0286;135.17696636224102;101.58797550345656
1.5;-0.0286;135.17696636224102;101.58797550345656
1.9375;0.0286;135.17696636224102;101.58797550345656
1.6875;0.0286;135.17696636224102;101.58797550345656
1.0;0.0286;135.17696636224102;101.58797550345656
0.375;0.1143;135.17696636224102;101.58797550345656
0.0;0.0571;135.17696636224102;101.58797550345656
-0.0625;0.1143;135.17696636224102;101.58797550345656
-0.0625;0.1143;135.17696636224102;101.58797550345656
-0.0625;0.0286;135.17696636224102;101.58797550345656
0.0;0.0857;135.17696636224102;101.58797550345656
0.0625;0.0857;135.17696636224102;101.58797550345656
0.1875;0.0286;135.17696636224102;101.58797550345656
0.1875;0.1429;135.17696636224102;101.58797550345656
0.1875;-0.0857;135.17696636224102;101.58797550345656
0.4375;0.0;135.17696636224102;101.58797550345656
0.5625;-0.0286;135.17696636224102;101.58797550345656
0.5;0.0571;135.17696636224102;101.58797550345656
0.1875;0.0286;135.17696636224102;101.58797550345656
0.0625;0.0286;135.17696636224102;101.58797550345656
0.375;0.0571;135.17696636224102;101.58797550345656
0.9375;0.0;135.17696636224102;101.58797550345656
1.25;0.0286;135.17696636224102;101.58797550345656
1.3125;0.0571;135.17696636224102;101.58797550345656
0.9375;-0.0286;135.17696636224102;101.58797550345656
0.4375;0.0571;135.17696636224102;101.58797550345656
0.125;0.0857;135.17696636224102;101.58797550345656
0.0;0.0571;135.17696636224102;101.58797550345656
0.0;0.1714;135.17696636224102;101.58797550345656
0.0625;0.0286;135.17696636224102;101.58797550345656
0.125;0.0286;135.17696636224102;101.58797550345656
0.125;0.0;135.17696636224102;101.58797550345656
0.0625;0.0571;135.17696636224102;101.58797550345656
0.1875;0.0286;135.17696636224102;101.58797550345656
0.375;-0.0286;135.17696636224102;101.58797550345656
0.375;0.0286;135.17696636224102;101.58797550345656
0.1875;0.0286;135.17696636224102;101.58797550345656
0.0625;0.0286;135.17696636224102;101.58797550345656
0.0;0.0571;135.17696636224102;101.58797550345656
0.0;0.0857;135.17696636224102;101.58797550345656
0.0;0.0571;135.17696636224102;101.58797550345656
0.0;0.0286;135.17696636224102;101.58797550345656
0.0;-0.0286;135.17696636224102;101.58797550345656
-0.0625;0.0857;135.17696636224102;101.58797550345656
-0.0625;0.1143;135.17696636224102;101.58797550345656
-0.0625;0.0;135.17696636224102;101.58797550345656
0.0;0.0857;135.17696636224102;101.58797550345656
0.0;0.0286;135.17696636224102;101.58797550345656
-0.125;0.0;135.17696636224102;101.58797550345656
-0.4375;0.1143;135.17696636224102;101.58797550345656
-0.375;0.0;135.17696636224102;101.58797550345656
0.0625;-0.0571;135.17696636224102;101.58797550345656
0.375;0.0;135.17696636224102;101.58797550345656
0.375;0.0286;135.17696636224102;101.58797550345656
0.1875;0.0286;135.17696636224102;101.58797550345656
0.1875;0.0857;135.17696636224102;101.58797550345656
0.5625;0.0857;135.17696636224102;101.58797550345656
0.9375;0.0857;135.17696636224102;101.58797550345656
0.6875;-0.0286;135.17696636224102;101.58797550345656
0.3125;0.0571;135.17696636224102;101.58797550345656
0.25;-0.0286;135.17696636224102;101.58797550345656
0.25;0.0286;135.17696636224102;101.58797550345656
0.0;0.0286;135.17696636224102;101.58797550345656
-0.5625;0.0571;135.17696636224102;101.58797550345656
-0.75;0.0286;135.17696636224102;101.58797550345656
-0.5;0.0571;135.17696636224102;101.58797550345656
-0.1875;0.0571;135.17696636224102;101.58797550345656
0.0;0.0571;135.17696636224102;101.58797550345656
0.0;0.0;135.17696636224102;101.58797550345656
0.0;0.0286;135.17696636224102;101.58797550345656
0.0;-0.0286;135.17696636224102;101.58797550345656
0.0;0.0286;135.17696636224102;101.58797550345656
0.0;-0.0286;135.17696636224102;101.58797550345656
-0.3125;0.0857;135.17696636224102;101.58797550345656
-0.875;0.0;135.17696636224102;101.58797550345656
-1.0625;0.0286;135.17696636224102;101.58797550345656
-0.5625;-0.0286;135.17696636224102;101.58797550345656
0.0625;0.0571;135.17696636224102;101.58797550345656
