SF-A-022;Sensirion;RMSE;MAE
-7.1875;-7.2286;6.1257966729084385;3.8844822141560797
-7.3125;-7.2286;6.1257966729084385;3.8844822141560797
-7.375;-7.1714;6.1257966729084385;3.8844822141560797
-7.375;-7.1143;6.1257966729084385;3.8844822141560797
-7.3125;-7.0857;6.1257966729084385;3.8844822141560797
-7.25;-7.0286;6.1257966729084385;3.8844822141560797
-7.25;-7.0;6.1257966729084385;3.8844822141560797
-7.125;-6.9714;6.1257966729084385;3.8844822141560797
-6.9375;-6.9429;6.1257966729084385;3.8844822141560797
-6.875;-6.8857;6.1257966729084385;3.8844822141560797
-6.6875;-6.8571;6.1257966729084385;3.8844822141560797
-6.3125;-6.8;6.1257966729084385;3.8844822141560797
-5.9375;-6.7714;6.1257966729084385;3.8844822141560797
-5.8125;-6.6857;6.1257966729084385;3.8844822141560797
-5.9375;-6.6286;6.1257966729084385;3.8844822141560797
-6.4375;-6.6571;6.1257966729084385;3.8844822141560797
-7.0;-6.6;6.1257966729084385;3.8844822141560797
-7.4375;-6.6;6.1257966729084385;3.8844822141560797
-7.5;-6.4857;6.1257966729084385;3.8844822141560797
-7.1875;-6.5429;6.1257966729084385;3.8844822141560797
-6.6875;-6.4571;6.1257966729084385;3.8844822141560797
-6.25;-6.4857;6.1257966729084385;3.8844822141560797
-5.875;-6.5143;6.1257966729084385;3.8844822141560797
-5.8125;-6.4857;6.1257966729084385;3.8844822141560797
-5.9375;-6.4286;6.1257966729084385;3.8844822141560797
-6.0625;-6.5143;6.1257966729084385;3.8844822141560797
-6.1875;-6.4857;6.1257966729084385;3.8844822141560797
-6.25;-6.5143;6.1257966729084385;3.8844822141560797
-6.25;-6.6;6.1257966729084385;3.8844822141560797
-6.25;-6.6286;6.1257966729084385;3.8844822141560797
-6.3125;-6.6857;6.1257966729084385;3.8844822141560797
-6.5;-6.8;6.1257966729084385;3.8844822141560797
-6.5625;-6.9429;6.1257966729084385;3.8844822141560797
-6.5;-7.0571;6.1257966729084385;3.8844822141560797
-6.4375;-7.1714;6.1257966729084385;3.8844822141560797
-6.5;-7.3429;6.1257966729084385;3.8844822141560797
-6.6875;-7.5429;6.1257966729084385;3.8844822141560797
-6.8125;-7.7429;6.1257966729084385;3.8844822141560797
-7.0;-7.9429;6.1257966729084385;3.8844822141560797
-7.1875;-8.2;6.1257966729084385;3.8844822141560797
-7.375;-8.4857;6.1257966729084385;3.8844822141560797
-7.5625;-8.7143;6.1257966729084385;3.8844822141560797
-7.625;-9.0571;6.1257966729084385;3.8844822141560797
-7.75;-9.4;6.1257966729084385;3.8844822141560797
-7.875;-9.6857;6.1257966729084385;3.8844822141560797
-8.25;-10.0286;6.1257966729084385;3.8844822141560797
-8.75;-10.5143;6.1257966729084385;3.8844822141560797
-9.125;-10.9714;6.1257966729084385;3.8844822141560797
-9.3125;-11.3143;6.1257966729084385;3.8844822141560797
-9.5;-11.8;6.1257966729084385;3.8844822141560797
-9.75;-12.2571;6.1257966729084385;3.8844822141560797
-10.1875;-12.7429;6.1257966729084385;3.8844822141560797
-10.6875;-13.2;6.1257966729084385;3.8844822141560797
-11.3125;-13.8;6.1257966729084385;3.8844822141560797
-11.8125;-14.3143;6.1257966729084385;3.8844822141560797
-12.25;-14.9714;6.1257966729084385;3.8844822141560797
-12.5625;-15.5143;6.1257966729084385;3.8844822141560797
-12.875;-16.0857;6.1257966729084385;3.8844822141560797
-13.0625;-16.6857;6.1257966729084385;3.8844822141560797
-13.0625;-17.2857;6.1257966729084385;3.8844822141560797
-13.0625;-17.9143;6.1257966729084385;3.8844822141560797
-13.0625;-18.7143;6.1257966729084385;3.8844822141560797
-13.125;-19.3143;6.1257966729084385;3.8844822141560797
-13.625;-19.9429;6.1257966729084385;3.8844822141560797
-15.0;-20.7714;6.1257966729084385;3.8844822141560797
-17.0;-21.3143;6.1257966729084385;3.8844822141560797
-19.0;-22.0;6.1257966729084385;3.8844822141560797
-20.6875;-22.7429;6.1257966729084385;3.8844822141560797
-21.75;-23.3429;6.1257966729084385;3.8844822141560797
-22.25;-24.2;6.1257966729084385;3.8844822141560797
-22.25;-24.7143;6.1257966729084385;3.8844822141560797
-22.3125;-25.3714;6.1257966729084385;3.8844822141560797
-22.8125;-26.0286;6.1257966729084385;3.8844822141560797
-23.6875;-26.6;6.1257966729084385;3.8844822141560797
-25.0;-27.4;6.1257966729084385;3.8844822141560797
-26.375;-28.0857;6.1257966729084385;3.8844822141560797
-27.5;-28.7429;6.1257966729084385;3.8844822141560797
-28.3125;-29.5429;6.1257966729084385;3.8844822141560797
-28.9375;-30.2;6.1257966729084385;3.8844822141560797
-29.4375;-30.8571;6.1257966729084385;3.8844822141560797
-29.9375;-31.4286;6.1257966729084385;3.8844822141560797
-30.625;-31.9714;6.1257966729084385;3.8844822141560797
-31.25;-32.8857;6.1257966729084385;3.8844822141560797
-31.875;-33.5143;6.1257966729084385;3.8844822141560797
-32.6875;-34.2571;6.1257966729084385;3.8844822141560797
-33.5;-34.7714;6.1257966729084385;3.8844822141560797
-34.1875;-35.5714;6.1257966729084385;3.8844822141560797
-35.0;-36.3143;6.1257966729084385;3.8844822141560797
-36.0;-36.9143;6.1257966729084385;3.8844822141560797
-36.8125;-37.5143;6.1257966729084385;3.8844822141560797
-37.1875;-38.1714;6.1257966729084385;3.8844822141560797
-37.3125;-38.7714;6.1257966729084385;3.8844822141560797
-37.3125;-39.5714;6.1257966729084385;3.8844822141560797
-37.25;-40.1714;6.1257966729084385;3.8844822141560797
-37.25;-41.0286;6.1257966729084385;3.8844822141560797
-38.0;-41.7429;6.1257966729084385;3.8844822141560797
-39.6875;-42.4;6.1257966729084385;3.8844822141560797
-41.5;-43.0571;6.1257966729084385;3.8844822141560797
-42.6875;-43.8571;6.1257966729084385;3.8844822141560797
-43.375;-44.4;6.1257966729084385;3.8844822141560797
-43.8125;-45.0;6.1257966729084385;3.8844822141560797
-44.4375;-45.7714;6.1257966729084385;3.8844822141560797
-45.25;-46.3143;6.1257966729084385;3.8844822141560797
-45.8125;-47.0571;6.1257966729084385;3.8844822141560797
-46.375;-47.7143;6.1257966729084385;3.8844822141560797
-47.375;-48.2286;6.1257966729084385;3.8844822141560797
-48.75;-48.5714;6.1257966729084385;3.8844822141560797
-49.875;-49.2571;6.1257966729084385;3.8844822141560797
-50.4375;-50.0286;6.1257966729084385;3.8844822141560797
-50.6875;-50.5429;6.1257966729084385;3.8844822141560797
-50.8125;-51.4;6.1257966729084385;3.8844822141560797
-50.875;-51.6571;6.1257966729084385;3.8844822141560797
-51.3125;-52.6;6.1257966729084385;3.8844822141560797
-52.5;-52.8857;6.1257966729084385;3.8844822141560797
-53.8125;-53.7429;6.1257966729084385;3.8844822141560797
-54.5;-54.3714;6.1257966729084385;3.8844822141560797
-54.5;-55.0857;6.1257966729084385;3.8844822141560797
-54.75;-55.6;6.1257966729084385;3.8844822141560797
-55.625;-55.8286;6.1257966729084385;3.8844822141560797
-56.6875;-56.6286;6.1257966729084385;3.8844822141560797
-57.3125;-57.0571;6.1257966729084385;3.8844822141560797
-57.4375;-57.8857;6.1257966729084385;3.8844822141560797
-57.3125;-58.2286;6.1257966729084385;3.8844822141560797
-57.1875;-58.7429;6.1257966729084385;3.8844822141560797
-57.125;-59.5143;6.1257966729084385;3.8844822141560797
-57.0625;-59.6;6.1257966729084385;3.8844822141560797
-57.25;-60.2571;6.1257966729084385;3.8844822141560797
-58.1875;-61.0;6.1257966729084385;3.8844822141560797
-60.0;-60.8;6.1257966729084385;3.8844822141560797
-62.0;-62.2857;6.1257966729084385;3.8844822141560797
-63.5;-62.6;6.1257966729084385;3.8844822141560797
-64.625;-62.9143;6.1257966729084385;3.8844822141560797
-65.3125;-64.0857;6.1257966729084385;3.8844822141560797
-65.625;-63.9143;6.1257966729084385;3.8844822141560797
-65.9375;-64.2286;6.1257966729084385;3.8844822141560797
-66.3125;-65.0857;6.1257966729084385;3.8844822141560797
-66.5;-65.9429;6.1257966729084385;3.8844822141560797
-66.25;-65.5143;6.1257966729084385;3.8844822141560797
-65.875;-66.6286;6.1257966729084385;3.8844822141560797
-66.1875;-66.8857;6.1257966729084385;3.8844822141560797
-67.125;-66.7429;6.1257966729084385;3.8844822141560797
-68.375;-68.0286;6.1257966729084385;3.8844822141560797
-69.8125;-68.3429;6.1257966729084385;3.8844822141560797
-71.25;-68.9714;6.1257966729084385;3.8844822141560797
-72.5;-69.1429;6.1257966729084385;3.8844822141560797
-73.25;-70.4;6.1257966729084385;3.8844822141560797
-72.9375;-70.8286;6.1257966729084385;3.8844822141560797
-71.75;-70.8286;6.1257966729084385;3.8844822141560797
-71.3125;-71.5429;6.1257966729084385;3.8844822141560797
-72.125;-72.7429;6.1257966729084385;3.8844822141560797
-73.25;-72.9429;6.1257966729084385;3.8844822141560797
-74.1875;-73.1143;6.1257966729084385;3.8844822141560797
-74.75;-74.5429;6.1257966729084385;3.8844822141560797
-75.0;-75.0857;6.1257966729084385;3.8844822141560797
-75.125;-75.2;6.1257966729084385;3.8844822141560797
-75.0625;-75.6;6.1257966729084385;3.8844822141560797
-75.0;-75.6;6.1257966729084385;3.8844822141560797
-75.0;-77.0857;6.1257966729084385;3.8844822141560797
-75.0625;-77.4571;6.1257966729084385;3.8844822141560797
-75.3125;-76.8857;6.1257966729084385;3.8844822141560797
-76.0;-77.1714;6.1257966729084385;3.8844822141560797
-77.375;-78.2571;6.1257966729084385;3.8844822141560797
-78.875;-79.4286;6.1257966729084385;3.8844822141560797
-79.9375;-79.6857;6.1257966729084385;3.8844822141560797
-81.1875;-79.1714;6.1257966729084385;3.8844822141560797
-82.4375;-79.4571;6.1257966729084385;3.8844822141560797
-82.75;-79.8571;6.1257966729084385;3.8844822141560797
-82.6875;-80.8571;6.1257966729084385;3.8844822141560797
-82.8125;-81.2286;6.1257966729084385;3.8844822141560797
-83.125;-81.8571;6.1257966729084385;3.8844822141560797
-83.375;-81.8571;6.1257966729084385;3.8844822141560797
-83.5;-82.6286;6.1257966729084385;3.8844822141560797
-83.875;-83.7143;6.1257966729084385;3.8844822141560797
-84.9375;-84.1714;6.1257966729084385;3.8844822141560797
-86.25;-84.4286;6.1257966729084385;3.8844822141560797
-87.3125;-84.6;6.1257966729084385;3.8844822141560797
-88.0625;-84.6;6.1257966729084385;3.8844822141560797
-88.25;-85.3143;6.1257966729084385;3.8844822141560797
-87.625;-85.5429;6.1257966729084385;3.8844822141560797
-86.875;-85.8286;6.1257966729084385;3.8844822141560797
-86.8125;-86.7429;6.1257966729084385;3.8844822141560797
-87.375;-86.9429;6.1257966729084385;3.8844822141560797
-88.3125;-87.7143;6.1257966729084385;3.8844822141560797
-89.25;-88.4286;6.1257966729084385;3.8844822141560797
-89.6875;-87.9429;6.1257966729084385;3.8844822141560797
-89.625;-88.3429;6.1257966729084385;3.8844822141560797
-89.3125;-89.5429;6.1257966729084385;3.8844822141560797
-89.125;-88.9429;6.1257966729084385;3.8844822141560797
-89.0;-89.4857;6.1257966729084385;3.8844822141560797
-89.0;-89.8857;6.1257966729084385;3.8844822141560797
-89.0;-90.5714;6.1257966729084385;3.8844822141560797
-89.1875;-90.9429;6.1257966729084385;3.8844822141560797
-89.875;-90.7143;6.1257966729084385;3.8844822141560797
-91.125;-92.0857;6.1257966729084385;3.8844822141560797
-92.3125;-91.5429;6.1257966729084385;3.8844822141560797
-92.75;-92.6286;6.1257966729084385;3.8844822141560797
-92.9375;-92.1143;6.1257966729084385;3.8844822141560797
-93.375;-92.4286;6.1257966729084385;3.8844822141560797
-94.5;-92.6857;6.1257966729084385;3.8844822141560797
-96.0625;-93.3143;6.1257966729084385;3.8844822141560797
-97.25;-93.4857;6.1257966729084385;3.8844822141560797
-97.6875;-93.9429;6.1257966729084385;3.8844822141560797
-97.6875;-94.0;6.1257966729084385;3.8844822141560797
-97.3125;-94.0;6.1257966729084385;3.8844822141560797
-96.5;-94.1714;6.1257966729084385;3.8844822141560797
-95.75;-94.9429;6.1257966729084385;3.8844822141560797
-96.0625;-95.4571;6.1257966729084385;3.8844822141560797
-97.0625;-96.8;6.1257966729084385;3.8844822141560797
-97.875;-96.9714;6.1257966729084385;3.8844822141560797
-98.375;-96.4857;6.1257966729084385;3.8844822141560797
-99.0625;-97.7143;6.1257966729084385;3.8844822141560797
-100.0;-97.7714;6.1257966729084385;3.8844822141560797
-100.75;-98.3714;6.1257966729084385;3.8844822141560797
-101.375;-97.5714;6.1257966729084385;3.8844822141560797
-102.4375;-97.9429;6.1257966729084385;3.8844822141560797
-103.4375;-99.4;6.1257966729084385;3.8844822141560797
-103.3125;-100.1714;6.1257966729084385;3.8844822141560797
-102.4375;-99.0;6.1257966729084385;3.8844822141560797
-101.625;-98.9143;6.1257966729084385;3.8844822141560797
-101.125;-100.4286;6.1257966729084385;3.8844822141560797
-100.9375;-100.4286;6.1257966729084385;3.8844822141560797
-100.9375;-101.2857;6.1257966729084385;3.8844822141560797
-100.875;-101.2857;6.1257966729084385;3.8844822141560797
-101.0625;-102.2857;6.1257966729084385;3.8844822141560797
-102.125;-102.4;6.1257966729084385;3.8844822141560797
-103.375;-102.8571;6.1257966729084385;3.8844822141560797
-104.25;-103.5143;6.1257966729084385;3.8844822141560797
-105.125;-102.8857;6.1257966729084385;3.8844822141560797
-106.0;-102.4;6.1257966729084385;3.8844822141560797
-106.6875;-101.8;6.1257966729084385;3.8844822141560797
-107.0;-103.4857;6.1257966729084385;3.8844822141560797
-106.375;-103.6;6.1257966729084385;3.8844822141560797
-105.1875;-105.7143;6.1257966729084385;3.8844822141560797
-104.9375;-105.9714;6.1257966729084385;3.8844822141560797
-105.75;-106.3714;6.1257966729084385;3.8844822141560797
-106.75;-105.7143;6.1257966729084385;3.8844822141560797
-107.9375;-106.8;6.1257966729084385;3.8844822141560797
-109.0;-106.9143;6.1257966729084385;3.8844822141560797
-109.5;-107.4286;6.1257966729084385;3.8844822141560797
-109.6875;-105.8;6.1257966729084385;3.8844822141560797
-109.875;-106.5714;6.1257966729084385;3.8844822141560797
-110.1875;-105.8;6.1257966729084385;3.8844822141560797
-110.75;-106.5143;6.1257966729084385;3.8844822141560797
-111.3125;-107.9429;6.1257966729084385;3.8844822141560797
-111.4375;-108.0857;6.1257966729084385;3.8844822141560797
-110.875;-108.1429;6.1257966729084385;3.8844822141560797
-110.5;-107.8;6.1257966729084385;3.8844822141560797
-110.875;-108.5714;6.1257966729084385;3.8844822141560797
-111.375;-108.6;6.1257966729084385;3.8844822141560797
-111.5625;-110.2286;6.1257966729084385;3.8844822141560797
-111.625;-110.1429;6.1257966729084385;3.8844822141560797
-111.5625;-109.6286;6.1257966729084385;3.8844822141560797
-111.5;-109.7429;6.1257966729084385;3.8844822141560797
-111.5;-111.2286;6.1257966729084385;3.8844822141560797
-111.6875;-111.1714;6.1257966729084385;3.8844822141560797
-112.1875;-111.4857;6.1257966729084385;3.8844822141560797
-112.625;-112.1714;6.1257966729084385;3.8844822141560797
-113.0625;-112.2286;6.1257966729084385;3.8844822141560797
-114.0;-113.2286;6.1257966729084385;3.8844822141560797
-115.75;-113.1143;6.1257966729084385;3.8844822141560797
-117.3125;-112.5429;6.1257966729084385;3.8844822141560797
-117.625;-112.7143;6.1257966729084385;3.8844822141560797
-117.1875;-112.9714;6.1257966729084385;3.8844822141560797
-116.25;-112.0857;6.1257966729084385;3.8844822141560797
-115.5625;-113.8571;6.1257966729084385;3.8844822141560797
-115.8125;-114.5714;6.1257966729084385;3.8844822141560797
-116.6875;-113.8286;6.1257966729084385;3.8844822141560797
-117.75;-113.0286;6.1257966729084385;3.8844822141560797
-118.4375;-113.7429;6.1257966729084385;3.8844822141560797
-118.6875;-114.9429;6.1257966729084385;3.8844822141560797
-119.3125;-115.5714;6.1257966729084385;3.8844822141560797
-119.5;-116.8286;6.1257966729084385;3.8844822141560797
-118.5625;-115.7714;6.1257966729084385;3.8844822141560797
-117.0625;-115.4857;6.1257966729084385;3.8844822141560797
-115.9375;-116.4;6.1257966729084385;3.8844822141560797
-116.1875;-117.8286;6.1257966729084385;3.8844822141560797
-117.5;-116.9714;6.1257966729084385;3.8844822141560797
-118.625;-116.8571;6.1257966729084385;3.8844822141560797
-119.25;-117.7714;6.1257966729084385;3.8844822141560797
-119.8125;-118.6857;6.1257966729084385;3.8844822141560797
-120.375;-117.3714;6.1257966729084385;3.8844822141560797
-120.6875;-117.6;6.1257966729084385;3.8844822141560797
-120.875;-118.0571;6.1257966729084385;3.8844822141560797
-120.875;-118.6286;6.1257966729084385;3.8844822141560797
-120.8125;-119.4857;6.1257966729084385;3.8844822141560797
-120.8125;-118.5714;6.1257966729084385;3.8844822141560797
-120.6875;-119.0857;6.1257966729084385;3.8844822141560797
-120.625;-118.4857;6.1257966729084385;3.8844822141560797
-120.625;-119.1714;6.1257966729084385;3.8844822141560797
-120.5;-119.6286;6.1257966729084385;3.8844822141560797
-120.3125;-119.2857;6.1257966729084385;3.8844822141560797
-120.9375;-119.1429;6.1257966729084385;3.8844822141560797
-122.125;-119.8;6.1257966729084385;3.8844822141560797
-122.9375;-119.6;6.1257966729084385;3.8844822141560797
-123.0625;-119.8571;6.1257966729084385;3.8844822141560797
-122.8125;-120.1143;6.1257966729084385;3.8844822141560797
-122.5;-119.9714;6.1257966729084385;3.8844822141560797
-122.375;-119.6857;6.1257966729084385;3.8844822141560797
-123.0625;-120.0857;6.1257966729084385;3.8844822141560797
-124.5625;-119.4857;6.1257966729084385;3.8844822141560797
-125.6875;-120.4571;6.1257966729084385;3.8844822141560797
-126.0;-122.5429;6.1257966729084385;3.8844822141560797
-126.0625;-122.6857;6.1257966729084385;3.8844822141560797
-125.875;-123.6;6.1257966729084385;3.8844822141560797
-124.875;-123.2286;6.1257966729084385;3.8844822141560797
-123.4375;-122.9143;6.1257966729084385;3.8844822141560797
-123.0625;-122.4286;6.1257966729084385;3.8844822141560797
-124.0;-122.4857;6.1257966729084385;3.8844822141560797
-125.0625;-123.8857;6.1257966729084385;3.8844822141560797
-125.3125;-123.4857;6.1257966729084385;3.8844822141560797
-124.5625;-123.2571;6.1257966729084385;3.8844822141560797
-123.75;-123.8;6.1257966729084385;3.8844822141560797
-123.1875;-124.7143;6.1257966729084385;3.8844822141560797
-122.8125;-123.5143;6.1257966729084385;3.8844822141560797
-122.6875;-123.5143;6.1257966729084385;3.8844822141560797
-122.625;-123.6857;6.1257966729084385;3.8844822141560797
-122.625;-123.1714;6.1257966729084385;3.8844822141560797
-122.6875;-124.2286;6.1257966729084385;3.8844822141560797
-122.75;-124.4857;6.1257966729084385;3.8844822141560797
-122.875;-125.6571;6.1257966729084385;3.8844822141560797
-123.5625;-126.4857;6.1257966729084385;3.8844822141560797
-125.0;-126.5429;6.1257966729084385;3.8844822141560797
-126.5625;-126.0;6.1257966729084385;3.8844822141560797
-127.0625;-125.6;6.1257966729084385;3.8844822141560797
-126.9375;-126.7714;6.1257966729084385;3.8844822141560797
-126.75;-126.0286;6.1257966729084385;3.8844822141560797
-126.4375;-125.4857;6.1257966729084385;3.8844822141560797
-126.5;-126.5714;6.1257966729084385;3.8844822141560797
-127.1875;-126.4286;6.1257966729084385;3.8844822141560797
-127.9375;-126.5714;6.1257966729084385;3.8844822141560797
-128.4375;-127.4857;6.1257966729084385;3.8844822141560797
-128.875;-126.7143;6.1257966729084385;3.8844822141560797
-128.8125;-127.8571;6.1257966729084385;3.8844822141560797
-128.0625;-127.9714;6.1257966729084385;3.8844822141560797
-127.125;-127.1429;6.1257966729084385;3.8844822141560797
-126.75;-127.4857;6.1257966729084385;3.8844822141560797
-127.1875;-127.7714;6.1257966729084385;3.8844822141560797
-127.75;-128.6;6.1257966729084385;3.8844822141560797
-128.25;-127.4;6.1257966729084385;3.8844822141560797
-129.0;-128.0286;6.1257966729084385;3.8844822141560797
-129.625;-127.7429;6.1257966729084385;3.8844822141560797
-129.3125;-128.3429;6.1257966729084385;3.8844822141560797
-128.3125;-128.3714;6.1257966729084385;3.8844822141560797
-128.125;-128.2571;6.1257966729084385;3.8844822141560797
-129.3125;-129.5143;6.1257966729084385;3.8844822141560797
-130.8125;-129.8286;6.1257966729084385;3.8844822141560797
-131.875;-129.4286;6.1257966729084385;3.8844822141560797
-132.375;-129.9143;6.1257966729084385;3.8844822141560797
-132.4375;-129.7429;6.1257966729084385;3.8844822141560797
-132.375;-128.5714;6.1257966729084385;3.8844822141560797
-132.0;-130.1429;6.1257966729084385;3.8844822141560797
-131.125;-131.2857;6.1257966729084385;3.8844822141560797
-130.5;-131.9143;6.1257966729084385;3.8844822141560797
-131.125;-132.5429;6.1257966729084385;3.8844822141560797
-132.5;-131.7429;6.1257966729084385;3.8844822141560797
-133.6875;-130.9143;6.1257966729084385;3.8844822141560797
-133.75;-131.8286;6.1257966729084385;3.8844822141560797
-132.75;-130.6857;6.1257966729084385;3.8844822141560797
-131.5;-130.5429;6.1257966729084385;3.8844822141560797
-131.0;-130.3143;6.1257966729084385;3.8844822141560797
-131.6875;-130.3429;6.1257966729084385;3.8844822141560797
-132.8125;-131.9143;6.1257966729084385;3.8844822141560797
-133.625;-131.0857;6.1257966729084385;3.8844822141560797
-133.5625;-132.9429;6.1257966729084385;3.8844822141560797
-132.5625;-133.4571;6.1257966729084385;3.8844822141560797
-131.125;-132.3143;6.1257966729084385;3.8844822141560797
-130.4375;-131.6;6.1257966729084385;3.8844822141560797
-130.9375;-131.5429;6.1257966729084385;3.8844822141560797
-131.9375;-131.0286;6.1257966729084385;3.8844822141560797
-132.4375;-131.4857;6.1257966729084385;3.8844822141560797
-132.25;-132.8286;6.1257966729084385;3.8844822141560797
-132.0;-133.4857;6.1257966729084385;3.8844822141560797
-132.5625;-134.4286;6.1257966729084385;3.8844822141560797
-133.75;-134.7429;6.1257966729084385;3.8844822141560797
-135.0625;-133.9429;6.1257966729084385;3.8844822141560797
-136.3125;-133.2;6.1257966729084385;3.8844822141560797
-136.9375;-134.2571;6.1257966729084385;3.8844822141560797
-136.9375;-136.0286;6.1257966729084385;3.8844822141560797
-136.75;-135.8286;6.1257966729084385;3.8844822141560797
-136.625;-136.1714;6.1257966729084385;3.8844822141560797
-136.5;-136.4286;6.1257966729084385;3.8844822141560797
-136.4375;-136.1143;6.1257966729084385;3.8844822141560797
-136.125;-135.7143;6.1257966729084385;3.8844822141560797
-135.25;-135.1429;6.1257966729084385;3.8844822141560797
-134.0;-136.4;6.1257966729084385;3.8844822141560797
-133.0;-135.1714;6.1257966729084385;3.8844822141560797
-133.25;-135.8857;6.1257966729084385;3.8844822141560797
-134.75;-135.2571;6.1257966729084385;3.8844822141560797
-136.4375;-136.6286;6.1257966729084385;3.8844822141560797
-137.3125;-136.7143;6.1257966729084385;3.8844822141560797
-137.1875;-137.3143;6.1257966729084385;3.8844822141560797
-137.0625;-139.0286;6.1257966729084385;3.8844822141560797
-137.25;-137.7714;6.1257966729084385;3.8844822141560797
-137.0625;-137.4286;6.1257966729084385;3.8844822141560797
-136.125;-137.4571;6.1257966729084385;3.8844822141560797
-135.8125;-136.1714;6.1257966729084385;3.8844822141560797
-136.8125;-137.0;6.1257966729084385;3.8844822141560797
-137.3125;-137.0;6.1257966729084385;3.8844822141560797
-136.625;-137.9143;6.1257966729084385;3.8844822141560797
-135.75;-137.8286;6.1257966729084385;3.8844822141560797
-135.875;-137.2286;6.1257966729084385;3.8844822141560797
-136.625;-138.5429;6.1257966729084385;3.8844822141560797
-137.1875;-137.3429;6.1257966729084385;3.8844822141560797
-137.8125;-139.4286;6.1257966729084385;3.8844822141560797
-138.6875;-138.3714;6.1257966729084385;3.8844822141560797
-138.9375;-139.7429;6.1257966729084385;3.8844822141560797
-138.25;-138.7714;6.1257966729084385;3.8844822141560797
-137.0;-138.8857;6.1257966729084385;3.8844822141560797
-135.75;-138.3143;6.1257966729084385;3.8844822141560797
-134.8125;-137.6;6.1257966729084385;3.8844822141560797
-134.3125;-136.8;6.1257966729084385;3.8844822141560797
-134.1875;-136.6286;6.1257966729084385;3.8844822141560797
-134.25;-136.6571;6.1257966729084385;3.8844822141560797
-134.3125;-137.2286;6.1257966729084385;3.8844822141560797
-134.8125;-137.0;6.1257966729084385;3.8844822141560797
-136.0;-136.9143;6.1257966729084385;3.8844822141560797
-137.0625;-136.3429;6.1257966729084385;3.8844822141560797
-137.3125;-135.5714;6.1257966729084385;3.8844822141560797
-137.0;-135.0571;6.1257966729084385;3.8844822141560797
-136.3125;-134.3143;6.1257966729084385;3.8844822141560797
-135.5;-134.5429;6.1257966729084385;3.8844822141560797
-135.3125;-134.2857;6.1257966729084385;3.8844822141560797
-134.9375;-133.8857;6.1257966729084385;3.8844822141560797
-133.8125;-133.1143;6.1257966729084385;3.8844822141560797
-132.75;-133.0571;6.1257966729084385;3.8844822141560797
-132.1875;-132.3143;6.1257966729084385;3.8844822141560797
-131.75;-133.2;6.1257966729084385;3.8844822141560797
-131.25;-132.2;6.1257966729084385;3.8844822141560797
-130.8125;-132.6286;6.1257966729084385;3.8844822141560797
-131.8125;-131.8571;6.1257966729084385;3.8844822141560797
-134.25;-131.8;6.1257966729084385;3.8844822141560797
-136.625;-130.3714;6.1257966729084385;3.8844822141560797
-137.0;-129.5143;6.1257966729084385;3.8844822141560797
-134.9375;-130.6286;6.1257966729084385;3.8844822141560797
-132.5;-129.5429;6.1257966729084385;3.8844822141560797
-131.4375;-129.6571;6.1257966729084385;3.8844822141560797
-131.125;-128.6286;6.1257966729084385;3.8844822141560797
-130.9375;-127.3429;6.1257966729084385;3.8844822141560797
-130.1875;-128.7429;6.1257966729084385;3.8844822141560797
-129.3125;-127.1714;6.1257966729084385;3.8844822141560797
-129.0625;-127.4286;6.1257966729084385;3.8844822141560797
-129.3125;-127.4571;6.1257966729084385;3.8844822141560797
-129.625;-127.7143;6.1257966729084385;3.8844822141560797
-129.875;-126.8857;6.1257966729084385;3.8844822141560797
-130.0;-127.0;6.1257966729084385;3.8844822141560797
-130.0;-125.8571;6.1257966729084385;3.8844822141560797
-129.75;-125.9143;6.1257966729084385;3.8844822141560797
-128.9375;-125.8857;6.1257966729084385;3.8844822141560797
-127.5625;-126.3429;6.1257966729084385;3.8844822141560797
-126.25;-125.2571;6.1257966729084385;3.8844822141560797
-126.0625;-125.0;6.1257966729084385;3.8844822141560797
-126.75;-123.9714;6.1257966729084385;3.8844822141560797
-127.125;-123.6;6.1257966729084385;3.8844822141560797
-127.125;-123.0;6.1257966729084385;3.8844822141560797
-127.125;-123.2857;6.1257966729084385;3.8844822141560797
-126.625;-123.3714;6.1257966729084385;3.8844822141560797
-125.5625;-123.2857;6.1257966729084385;3.8844822141560797
-124.5;-123.5143;6.1257966729084385;3.8844822141560797
-124.0;-122.6;6.1257966729084385;3.8844822141560797
-124.1875;-122.2571;6.1257966729084385;3.8844822141560797
-124.9375;-122.7429;6.1257966729084385;3.8844822141560797
-125.6875;-121.2;6.1257966729084385;3.8844822141560797
-125.875;-121.2;6.1257966729084385;3.8844822141560797
-125.5;-121.1143;6.1257966729084385;3.8844822141560797
-124.875;-121.4286;6.1257966729084385;3.8844822141560797
-124.25;-121.3429;6.1257966729084385;3.8844822141560797
-123.9375;-120.9143;6.1257966729084385;3.8844822141560797
-124.25;-121.1429;6.1257966729084385;3.8844822141560797
-124.5625;-119.7429;6.1257966729084385;3.8844822141560797
-124.625;-119.8286;6.1257966729084385;3.8844822141560797
-124.1875;-120.0857;6.1257966729084385;3.8844822141560797
-123.1875;-120.1429;6.1257966729084385;3.8844822141560797
-122.5;-120.1429;6.1257966729084385;3.8844822141560797
-122.375;-119.1714;6.1257966729084385;3.8844822141560797
-122.4375;-118.0;6.1257966729084385;3.8844822141560797
-122.5625;-118.1429;6.1257966729084385;3.8844822141560797
-122.6875;-117.2571;6.1257966729084385;3.8844822141560797
-122.75;-117.6;6.1257966729084385;3.8844822141560797
-123.0;-117.4571;6.1257966729084385;3.8844822141560797
-123.5;-118.0286;6.1257966729084385;3.8844822141560797
-123.5;-117.6857;6.1257966729084385;3.8844822141560797
-122.3125;-115.9429;6.1257966729084385;3.8844822141560797
-120.5625;-116.7429;6.1257966729084385;3.8844822141560797
-119.375;-115.5429;6.1257966729084385;3.8844822141560797
-119.1875;-116.3714;6.1257966729084385;3.8844822141560797
-120.0625;-116.2857;6.1257966729084385;3.8844822141560797
-121.0;-115.9429;6.1257966729084385;3.8844822141560797
-121.0;-114.7143;6.1257966729084385;3.8844822141560797
-119.875;-115.7429;6.1257966729084385;3.8844822141560797
-118.375;-115.6;6.1257966729084385;3.8844822141560797
-117.625;-116.1429;6.1257966729084385;3.8844822141560797
-118.25;-113.9143;6.1257966729084385;3.8844822141560797
-119.5625;-112.8286;6.1257966729084385;3.8844822141560797
-120.125;-113.2857;6.1257966729084385;3.8844822141560797
-119.25;-112.6;6.1257966729084385;3.8844822141560797
-118.125;-113.4286;6.1257966729084385;3.8844822141560797
-118.0625;-112.6857;6.1257966729084385;3.8844822141560797
-118.5625;-113.0286;6.1257966729084385;3.8844822141560797
-119.125;-113.5143;6.1257966729084385;3.8844822141560797
-119.25;-112.8857;6.1257966729084385;3.8844822141560797
-118.75;-111.6857;6.1257966729084385;3.8844822141560797
-118.3125;-113.1143;6.1257966729084385;3.8844822141560797
-118.375;-111.1714;6.1257966729084385;3.8844822141560797
-117.8125;-111.5143;6.1257966729084385;3.8844822141560797
-116.25;-110.0;6.1257966729084385;3.8844822141560797
-114.5;-111.1429;6.1257966729084385;3.8844822141560797
-113.375;-110.8;6.1257966729084385;3.8844822141560797
-112.9375;-111.0857;6.1257966729084385;3.8844822141560797
-112.875;-109.8;6.1257966729084385;3.8844822141560797
-112.9375;-109.5143;6.1257966729084385;3.8844822141560797
-113.125;-109.6571;6.1257966729084385;3.8844822141560797
-113.4375;-109.6571;6.1257966729084385;3.8844822141560797
-113.75;-110.1143;6.1257966729084385;3.8844822141560797
-113.6875;-109.1714;6.1257966729084385;3.8844822141560797
-113.375;-109.0;6.1257966729084385;3.8844822141560797
-113.5;-109.8;6.1257966729084385;3.8844822141560797
-113.8125;-109.3714;6.1257966729084385;3.8844822141560797
-113.5;-108.5714;6.1257966729084385;3.8844822141560797
-113.0625;-107.2286;6.1257966729084385;3.8844822141560797
-113.0;-107.8571;6.1257966729084385;3.8844822141560797
-112.8125;-106.6857;6.1257966729084385;3.8844822141560797
-112.0;-107.1714;6.1257966729084385;3.8844822141560797
-110.75;-106.5429;6.1257966729084385;3.8844822141560797
-109.8125;-106.8571;6.1257966729084385;3.8844822141560797
-109.3125;-107.4571;6.1257966729084385;3.8844822141560797
-108.9375;-106.7714;6.1257966729084385;3.8844822141560797
-109.0;-106.5143;6.1257966729084385;3.8844822141560797
-109.625;-105.7429;6.1257966729084385;3.8844822141560797
-110.4375;-105.9714;6.1257966729084385;3.8844822141560797
-111.125;-105.4286;6.1257966729084385;3.8844822141560797
-110.9375;-105.6571;6.1257966729084385;3.8844822141560797
-109.9375;-103.7429;6.1257966729084385;3.8844822141560797
-109.25;-103.6857;6.1257966729084385;3.8844822141560797
-109.1875;-103.9429;6.1257966729084385;3.8844822141560797
-109.3125;-104.0;6.1257966729084385;3.8844822141560797
-109.5;-104.1714;6.1257966729084385;3.8844822141560797
-109.125;-104.3143;6.1257966729084385;3.8844822141560797
-108.4375;-103.7143;6.1257966729084385;3.8844822141560797
-107.875;-104.1143;6.1257966729084385;3.8844822141560797
-107.5625;-103.2286;6.1257966729084385;3.8844822141560797
-107.5;-103.7143;6.1257966729084385;3.8844822141560797
-107.5;-104.4571;6.1257966729084385;3.8844822141560797
-107.4375;-102.8;6.1257966729084385;3.8844822141560797
-107.5;-102.6857;6.1257966729084385;3.8844822141560797
-107.8125;-102.4857;6.1257966729084385;3.8844822141560797
-107.75;-102.5143;6.1257966729084385;3.8844822141560797
-106.6875;-102.3714;6.1257966729084385;3.8844822141560797
-105.25;-102.2571;6.1257966729084385;3.8844822141560797
-104.375;-102.0571;6.1257966729084385;3.8844822141560797
-103.9375;-102.3429;6.1257966729084385;3.8844822141560797
-104.0625;-102.3429;6.1257966729084385;3.8844822141560797
-104.875;-100.8857;6.1257966729084385;3.8844822141560797
-105.5625;-100.9714;6.1257966729084385;3.8844822141560797
-105.625;-101.0;6.1257966729084385;3.8844822141560797
-105.4375;-101.2286;6.1257966729084385;3.8844822141560797
-105.4375;-100.6571;6.1257966729084385;3.8844822141560797
-105.0625;-100.6571;6.1257966729084385;3.8844822141560797
-104.0625;-100.4857;6.1257966729084385;3.8844822141560797
-102.8125;-100.0286;6.1257966729084385;3.8844822141560797
-101.75;-100.1714;6.1257966729084385;3.8844822141560797
-101.3125;-100.3429;6.1257966729084385;3.8844822141560797
-102.0;-99.5714;6.1257966729084385;3.8844822141560797
-103.5;-99.3714;6.1257966729084385;3.8844822141560797
-104.6875;-99.7143;6.1257966729084385;3.8844822141560797
-104.875;-99.3143;6.1257966729084385;3.8844822141560797
-103.875;-98.5429;6.1257966729084385;3.8844822141560797
-102.375;-98.2857;6.1257966729084385;3.8844822141560797
-101.125;-98.4857;6.1257966729084385;3.8844822141560797
-100.625;-97.7429;6.1257966729084385;3.8844822141560797
-100.5625;-97.9714;6.1257966729084385;3.8844822141560797
-100.6875;-97.4571;6.1257966729084385;3.8844822141560797
-100.8125;-97.7429;6.1257966729084385;3.8844822141560797
-100.875;-98.4286;6.1257966729084385;3.8844822141560797
-100.9375;-97.4857;6.1257966729084385;3.8844822141560797
-101.1875;-96.6857;6.1257966729084385;3.8844822141560797
-101.625;-97.1429;6.1257966729084385;3.8844822141560797
-101.8125;-96.6857;6.1257966729084385;3.8844822141560797
-101.375;-96.6286;6.1257966729084385;3.8844822141560797
-100.5625;-96.3429;6.1257966729084385;3.8844822141560797
-100.3125;-95.5429;6.1257966729084385;3.8844822141560797
-100.625;-95.2857;6.1257966729084385;3.8844822141560797
-101.0625;-95.4571;6.1257966729084385;3.8844822141560797
-101.375;-95.4286;6.1257966729084385;3.8844822141560797
-101.25;-95.3714;6.1257966729084385;3.8844822141560797
-100.8125;-94.8857;6.1257966729084385;3.8844822141560797
-100.5625;-94.5429;6.1257966729084385;3.8844822141560797
-100.3125;-94.4571;6.1257966729084385;3.8844822141560797
-99.1875;-94.3429;6.1257966729084385;3.8844822141560797
-97.75;-94.3429;6.1257966729084385;3.8844822141560797
-97.0625;-94.6;6.1257966729084385;3.8844822141560797
-97.375;-93.5429;6.1257966729084385;3.8844822141560797
-98.625;-93.1143;6.1257966729084385;3.8844822141560797
-99.75;-94.0286;6.1257966729084385;3.8844822141560797
-99.25;-93.1143;6.1257966729084385;3.8844822141560797
-97.375;-93.7714;6.1257966729084385;3.8844822141560797
-95.875;-94.3429;6.1257966729084385;3.8844822141560797
-95.625;-94.1714;6.1257966729084385;3.8844822141560797
-96.125;-93.2857;6.1257966729084385;3.8844822141560797
-97.0;-93.6857;6.1257966729084385;3.8844822141560797
-98.0625;-93.0286;6.1257966729084385;3.8844822141560797
-98.8125;-92.7143;6.1257966729084385;3.8844822141560797
-99.0625;-92.2286;6.1257966729084385;3.8844822141560797
-99.0;-91.0286;6.1257966729084385;3.8844822141560797
-98.9375;-90.9143;6.1257966729084385;3.8844822141560797
-98.8125;-91.1429;6.1257966729084385;3.8844822141560797
-98.8125;-90.1429;6.1257966729084385;3.8844822141560797
-98.75;-90.3429;6.1257966729084385;3.8844822141560797
-98.6875;-90.5143;6.1257966729084385;3.8844822141560797
-98.375;-91.0286;6.1257966729084385;3.8844822141560797
-97.6875;-91.6286;6.1257966729084385;3.8844822141560797
-97.1875;-90.1714;6.1257966729084385;3.8844822141560797
-96.5;-89.4286;6.1257966729084385;3.8844822141560797
-94.875;-89.8571;6.1257966729084385;3.8844822141560797
-92.875;-90.7714;6.1257966729084385;3.8844822141560797
-91.9375;-91.2857;6.1257966729084385;3.8844822141560797
-92.5;-90.5143;6.1257966729084385;3.8844822141560797
-93.25;-89.7143;6.1257966729084385;3.8844822141560797
-93.3125;-89.9143;6.1257966729084385;3.8844822141560797
-93.5625;-88.0571;6.1257966729084385;3.8844822141560797
-94.0;-88.6;6.1257966729084385;3.8844822141560797
-94.0625;-89.1143;6.1257966729084385;3.8844822141560797
-93.625;-89.1143;6.1257966729084385;3.8844822141560797
-92.6875;-89.0571;6.1257966729084385;3.8844822141560797
-91.1875;-88.7143;6.1257966729084385;3.8844822141560797
-89.875;-88.4;6.1257966729084385;3.8844822141560797
-89.1875;-88.7143;6.1257966729084385;3.8844822141560797
-89.5;-88.1429;6.1257966729084385;3.8844822141560797
-90.5625;-87.6571;6.1257966729084385;3.8844822141560797
-91.5;-87.2286;6.1257966729084385;3.8844822141560797
-92.125;-87.3714;6.1257966729084385;3.8844822141560797
-92.25;-87.2286;6.1257966729084385;3.8844822141560797
-91.5;-87.3143;6.1257966729084385;3.8844822141560797
-90.5;-87.7714;6.1257966729084385;3.8844822141560797
-89.8125;-87.9429;6.1257966729084385;3.8844822141560797
-89.5;-87.5714;6.1257966729084385;3.8844822141560797
-89.4375;-86.5429;6.1257966729084385;3.8844822141560797
-89.5;-86.1714;6.1257966729084385;3.8844822141560797
-89.5625;-85.4857;6.1257966729084385;3.8844822141560797
-89.4375;-85.7429;6.1257966729084385;3.8844822141560797
-89.1875;-85.8571;6.1257966729084385;3.8844822141560797
-88.875;-86.1429;6.1257966729084385;3.8844822141560797
-88.25;-85.5143;6.1257966729084385;3.8844822141560797
-87.75;-84.9429;6.1257966729084385;3.8844822141560797
-87.75;-85.2;6.1257966729084385;3.8844822141560797
-88.25;-85.2857;6.1257966729084385;3.8844822141560797
-88.8125;-85.4571;6.1257966729084385;3.8844822141560797
-89.25;-85.6857;6.1257966729084385;3.8844822141560797
-89.75;-84.6857;6.1257966729084385;3.8844822141560797
-89.5625;-85.1143;6.1257966729084385;3.8844822141560797
-88.6875;-84.2286;6.1257966729084385;3.8844822141560797
-87.75;-84.5429;6.1257966729084385;3.8844822141560797
-87.3125;-83.6571;6.1257966729084385;3.8844822141560797
-87.3125;-82.8857;6.1257966729084385;3.8844822141560797
-87.625;-84.5429;6.1257966729084385;3.8844822141560797
-88.0;-84.7143;6.1257966729084385;3.8844822141560797
-88.75;-83.8857;6.1257966729084385;3.8844822141560797
-88.8125;-83.5143;6.1257966729084385;3.8844822141560797
-87.6875;-83.1143;6.1257966729084385;3.8844822141560797
-86.5625;-83.3429;6.1257966729084385;3.8844822141560797
-86.1875;-82.7143;6.1257966729084385;3.8844822141560797
-86.5;-82.6286;6.1257966729084385;3.8844822141560797
-87.25;-83.1714;6.1257966729084385;3.8844822141560797
-87.875;-82.2857;6.1257966729084385;3.8844822141560797
-88.0;-81.6286;6.1257966729084385;3.8844822141560797
-87.5625;-81.3714;6.1257966729084385;3.8844822141560797
-86.8125;-82.6857;6.1257966729084385;3.8844822141560797
-86.3125;-82.2571;6.1257966729084385;3.8844822141560797
-86.0625;-81.7714;6.1257966729084385;3.8844822141560797
-86.0;-81.7143;6.1257966729084385;3.8844822141560797
-86.0;-81.6286;6.1257966729084385;3.8844822141560797
-85.9375;-80.9143;6.1257966729084385;3.8844822141560797
-85.75;-81.2571;6.1257966729084385;3.8844822141560797
-85.375;-81.0286;6.1257966729084385;3.8844822141560797
-84.875;-81.2571;6.1257966729084385;3.8844822141560797
-84.125;-80.2571;6.1257966729084385;3.8844822141560797
-83.75;-79.9143;6.1257966729084385;3.8844822141560797
-83.9375;-80.3429;6.1257966729084385;3.8844822141560797
-84.25;-80.6857;6.1257966729084385;3.8844822141560797
-84.375;-80.2286;6.1257966729084385;3.8844822141560797
-84.5625;-80.2571;6.1257966729084385;3.8844822141560797
-84.5625;-79.3714;6.1257966729084385;3.8844822141560797
-83.9375;-79.6857;6.1257966729084385;3.8844822141560797
-83.0625;-79.9429;6.1257966729084385;3.8844822141560797
-82.8125;-79.5143;6.1257966729084385;3.8844822141560797
-83.0625;-79.3429;6.1257966729084385;3.8844822141560797
-83.4375;-78.8571;6.1257966729084385;3.8844822141560797
-83.4375;-78.2;6.1257966729084385;3.8844822141560797
-83.1875;-78.8;6.1257966729084385;3.8844822141560797
-83.1875;-78.7429;6.1257966729084385;3.8844822141560797
-83.625;-78.4286;6.1257966729084385;3.8844822141560797
-83.5625;-78.0286;6.1257966729084385;3.8844822141560797
-82.375;-77.6571;6.1257966729084385;3.8844822141560797
-80.5625;-77.0857;6.1257966729084385;3.8844822141560797
-79.1875;-78.3143;6.1257966729084385;3.8844822141560797
-79.1875;-76.9429;6.1257966729084385;3.8844822141560797
-80.25;-76.9143;6.1257966729084385;3.8844822141560797
-81.125;-76.6571;6.1257966729084385;3.8844822141560797
-81.375;-76.8286;6.1257966729084385;3.8844822141560797
-81.3125;-77.0857;6.1257966729084385;3.8844822141560797
-81.1875;-76.5714;6.1257966729084385;3.8844822141560797
-81.0625;-76.3429;6.1257966729084385;3.8844822141560797
-81.0;-75.8571;6.1257966729084385;3.8844822141560797
-81.25;-76.2286;6.1257966729084385;3.8844822141560797
-81.875;-76.6571;6.1257966729084385;3.8844822141560797
-82.1875;-75.8571;6.1257966729084385;3.8844822141560797
-81.625;-76.3714;6.1257966729084385;3.8844822141560797
-80.6875;-76.4571;6.1257966729084385;3.8844822141560797
-80.125;-76.8857;6.1257966729084385;3.8844822141560797
-79.875;-76.3143;6.1257966729084385;3.8844822141560797
-79.5;-76.0571;6.1257966729084385;3.8844822141560797
-79.0;-75.5143;6.1257966729084385;3.8844822141560797
-78.875;-75.7429;6.1257966729084385;3.8844822141560797
-79.1875;-75.4857;6.1257966729084385;3.8844822141560797
-79.5;-74.5429;6.1257966729084385;3.8844822141560797
-79.5;-74.2857;6.1257966729084385;3.8844822141560797
-79.25;-74.7714;6.1257966729084385;3.8844822141560797
-79.25;-75.1429;6.1257966729084385;3.8844822141560797
-79.25;-73.7429;6.1257966729084385;3.8844822141560797
-79.0625;-73.6571;6.1257966729084385;3.8844822141560797
-78.5625;-73.6857;6.1257966729084385;3.8844822141560797
-78.1875;-73.4571;6.1257966729084385;3.8844822141560797
-78.1875;-73.6571;6.1257966729084385;3.8844822141560797
-77.9375;-73.2571;6.1257966729084385;3.8844822141560797
-77.625;-73.3429;6.1257966729084385;3.8844822141560797
-77.3125;-73.3429;6.1257966729084385;3.8844822141560797
-76.75;-73.7714;6.1257966729084385;3.8844822141560797
-76.0;-72.2857;6.1257966729084385;3.8844822141560797
-75.8125;-73.0571;6.1257966729084385;3.8844822141560797
-76.125;-73.3429;6.1257966729084385;3.8844822141560797
-76.5;-72.9714;6.1257966729084385;3.8844822141560797
-76.6875;-72.5429;6.1257966729084385;3.8844822141560797
-76.75;-72.5143;6.1257966729084385;3.8844822141560797
-76.75;-72.2571;6.1257966729084385;3.8844822141560797
-76.75;-72.4857;6.1257966729084385;3.8844822141560797
-76.875;-72.3429;6.1257966729084385;3.8844822141560797
-77.375;-72.0571;6.1257966729084385;3.8844822141560797
-77.8125;-72.7429;6.1257966729084385;3.8844822141560797
-77.9375;-72.2571;6.1257966729084385;3.8844822141560797
-77.6875;-71.2286;6.1257966729084385;3.8844822141560797
-77.0625;-71.5143;6.1257966729084385;3.8844822141560797
-76.375;-71.9714;6.1257966729084385;3.8844822141560797
-75.8125;-71.3714;6.1257966729084385;3.8844822141560797
-75.5625;-71.3429;6.1257966729084385;3.8844822141560797
-75.375;-71.8571;6.1257966729084385;3.8844822141560797
-75.0625;-71.9714;6.1257966729084385;3.8844822141560797
-74.5625;-71.6;6.1257966729084385;3.8844822141560797
-74.3125;-70.9714;6.1257966729084385;3.8844822141560797
-74.375;-71.3429;6.1257966729084385;3.8844822141560797
-74.25;-70.5714;6.1257966729084385;3.8844822141560797
-74.1875;-69.7714;6.1257966729084385;3.8844822141560797
-74.5625;-70.2;6.1257966729084385;3.8844822141560797
-75.0;-70.2571;6.1257966729084385;3.8844822141560797
-75.1875;-70.0857;6.1257966729084385;3.8844822141560797
-74.8125;-69.3714;6.1257966729084385;3.8844822141560797
-73.9375;-69.5714;6.1257966729084385;3.8844822141560797
-72.9375;-69.2571;6.1257966729084385;3.8844822141560797
-72.125;-68.9429;6.1257966729084385;3.8844822141560797
-72.0;-69.2;6.1257966729084385;3.8844822141560797
-72.375;-68.9143;6.1257966729084385;3.8844822141560797
-72.6875;-67.9143;6.1257966729084385;3.8844822141560797
-72.8125;-68.0286;6.1257966729084385;3.8844822141560797
-72.8125;-68.6857;6.1257966729084385;3.8844822141560797
-72.8125;-68.8571;6.1257966729084385;3.8844822141560797
-72.8125;-68.6;6.1257966729084385;3.8844822141560797
-72.8125;-67.9143;6.1257966729084385;3.8844822141560797
-72.8125;-68.2857;6.1257966729084385;3.8844822141560797
-72.8125;-68.4;6.1257966729084385;3.8844822141560797
-72.75;-67.9143;6.1257966729084385;3.8844822141560797
-72.375;-68.2857;6.1257966729084385;3.8844822141560797
-71.875;-68.0;6.1257966729084385;3.8844822141560797
-71.625;-67.0571;6.1257966729084385;3.8844822141560797
-71.1875;-68.0857;6.1257966729084385;3.8844822141560797
-70.5;-67.7429;6.1257966729084385;3.8844822141560797
-70.125;-67.3714;6.1257966729084385;3.8844822141560797
-70.1875;-68.1429;6.1257966729084385;3.8844822141560797
-70.3125;-67.3714;6.1257966729084385;3.8844822141560797
-70.6875;-66.9714;6.1257966729084385;3.8844822141560797
-70.8125;-66.6286;6.1257966729084385;3.8844822141560797
-70.5;-66.9143;6.1257966729084385;3.8844822141560797
-70.0625;-66.9714;6.1257966729084385;3.8844822141560797
-69.9375;-66.2286;6.1257966729084385;3.8844822141560797
-70.3125;-66.2857;6.1257966729084385;3.8844822141560797
-70.9375;-66.0857;6.1257966729084385;3.8844822141560797
-71.6875;-66.0571;6.1257966729084385;3.8844822141560797
-72.4375;-66.5714;6.1257966729084385;3.8844822141560797
-72.5625;-65.8857;6.1257966729084385;3.8844822141560797
-71.3125;-65.3143;6.1257966729084385;3.8844822141560797
-69.25;-66.1143;6.1257966729084385;3.8844822141560797
-67.5;-65.7143;6.1257966729084385;3.8844822141560797
-66.5625;-65.0286;6.1257966729084385;3.8844822141560797
-66.6875;-65.5143;6.1257966729084385;3.8844822141560797
-67.6875;-65.6;6.1257966729084385;3.8844822141560797
-69.1875;-64.4286;6.1257966729084385;3.8844822141560797
-70.375;-65.0571;6.1257966729084385;3.8844822141560797
-71.0625;-65.0857;6.1257966729084385;3.8844822141560797
-71.25;-64.5429;6.1257966729084385;3.8844822141560797
-71.25;-64.8286;6.1257966729084385;3.8844822141560797
-71.125;-64.6286;6.1257966729084385;3.8844822141560797
-71.1875;-64.5143;6.1257966729084385;3.8844822141560797
-71.0;-64.6286;6.1257966729084385;3.8844822141560797
-70.1875;-64.3143;6.1257966729084385;3.8844822141560797
-69.1875;-64.1143;6.1257966729084385;3.8844822141560797
-68.5;-64.3143;6.1257966729084385;3.8844822141560797
-68.0625;-63.9429;6.1257966729084385;3.8844822141560797
-67.25;-63.4;6.1257966729084385;3.8844822141560797
-65.9375;-63.7143;6.1257966729084385;3.8844822141560797
-64.625;-63.4571;6.1257966729084385;3.8844822141560797
-63.8125;-63.0571;6.1257966729084385;3.8844822141560797
-64.3125;-63.7429;6.1257966729084385;3.8844822141560797
-66.0625;-62.8857;6.1257966729084385;3.8844822141560797
-67.8125;-63.0;6.1257966729084385;3.8844822141560797
-68.3125;-63.0571;6.1257966729084385;3.8844822141560797
-67.5;-62.5714;6.1257966729084385;3.8844822141560797
-66.3125;-62.5714;6.1257966729084385;3.8844822141560797
-65.25;-62.8857;6.1257966729084385;3.8844822141560797
-64.5;-62.3429;6.1257966729084385;3.8844822141560797
-64.0;-62.0857;6.1257966729084385;3.8844822141560797
-64.0625;-62.3429;6.1257966729084385;3.8844822141560797
-64.9375;-61.9714;6.1257966729084385;3.8844822141560797
-66.125;-61.7714;6.1257966729084385;3.8844822141560797
-66.5;-62.0571;6.1257966729084385;3.8844822141560797
-65.8125;-61.4;6.1257966729084385;3.8844822141560797
-64.875;-61.9714;6.1257966729084385;3.8844822141560797
-64.4375;-61.5714;6.1257966729084385;3.8844822141560797
-64.75;-61.4;6.1257966729084385;3.8844822141560797
-65.375;-61.6286;6.1257966729084385;3.8844822141560797
-65.875;-61.5714;6.1257966729084385;3.8844822141560797
-66.125;-60.8;6.1257966729084385;3.8844822141560797
-66.1875;-61.4857;6.1257966729084385;3.8844822141560797
-66.1875;-61.0286;6.1257966729084385;3.8844822141560797
-66.1875;-61.2286;6.1257966729084385;3.8844822141560797
-65.8125;-61.2286;6.1257966729084385;3.8844822141560797
-64.9375;-60.4571;6.1257966729084385;3.8844822141560797
-64.5;-60.1429;6.1257966729084385;3.8844822141560797
-64.5;-60.4;6.1257966729084385;3.8844822141560797
-64.0625;-59.7429;6.1257966729084385;3.8844822141560797
-63.3125;-60.5429;6.1257966729084385;3.8844822141560797
-63.0625;-59.8857;6.1257966729084385;3.8844822141560797
-63.4375;-59.9714;6.1257966729084385;3.8844822141560797
-63.75;-60.4286;6.1257966729084385;3.8844822141560797
-63.9375;-59.6571;6.1257966729084385;3.8844822141560797
-63.9375;-60.0286;6.1257966729084385;3.8844822141560797
-63.5625;-60.0;6.1257966729084385;3.8844822141560797
-63.0625;-59.3143;6.1257966729084385;3.8844822141560797
-62.75;-60.1143;6.1257966729084385;3.8844822141560797
-62.375;-59.3429;6.1257966729084385;3.8844822141560797
-62.1875;-59.1143;6.1257966729084385;3.8844822141560797
-62.5625;-59.3429;6.1257966729084385;3.8844822141560797
-63.125;-59.0857;6.1257966729084385;3.8844822141560797
-63.375;-59.3429;6.1257966729084385;3.8844822141560797
-63.4375;-59.0571;6.1257966729084385;3.8844822141560797
-63.5625;-58.8;6.1257966729084385;3.8844822141560797
-63.3125;-59.0571;6.1257966729084385;3.8844822141560797
-62.6875;-58.1143;6.1257966729084385;3.8844822141560797
-62.0625;-58.3429;6.1257966729084385;3.8844822141560797
-61.4375;-58.0286;6.1257966729084385;3.8844822141560797
-60.4375;-57.8;6.1257966729084385;3.8844822141560797
-59.625;-58.2;6.1257966729084385;3.8844822141560797
-59.125;-57.9429;6.1257966729084385;3.8844822141560797
-58.9375;-58.1429;6.1257966729084385;3.8844822141560797
-58.9375;-57.9143;6.1257966729084385;3.8844822141560797
-59.0;-57.4571;6.1257966729084385;3.8844822141560797
-59.3125;-57.6;6.1257966729084385;3.8844822141560797
-60.125;-57.2857;6.1257966729084385;3.8844822141560797
-61.1875;-57.4286;6.1257966729084385;3.8844822141560797
-61.875;-57.2;6.1257966729084385;3.8844822141560797
-61.6875;-56.8;6.1257966729084385;3.8844822141560797
-60.875;-57.3429;6.1257966729084385;3.8844822141560797
-60.125;-56.5143;6.1257966729084385;3.8844822141560797
-59.6875;-56.6571;6.1257966729084385;3.8844822141560797
-59.5;-56.5429;6.1257966729084385;3.8844822141560797
-59.4375;-56.5143;6.1257966729084385;3.8844822141560797
-59.5625;-56.9143;6.1257966729084385;3.8844822141560797
-59.9375;-56.5429;6.1257966729084385;3.8844822141560797
-60.25;-57.1714;6.1257966729084385;3.8844822141560797
-60.125;-56.8286;6.1257966729084385;3.8844822141560797
-59.5;-56.5714;6.1257966729084385;3.8844822141560797
-58.875;-56.2857;6.1257966729084385;3.8844822141560797
-58.8125;-56.2286;6.1257966729084385;3.8844822141560797
-59.1875;-56.1143;6.1257966729084385;3.8844822141560797
-59.125;-55.8571;6.1257966729084385;3.8844822141560797
-58.75;-56.0;6.1257966729084385;3.8844822141560797
-58.375;-55.5714;6.1257966729084385;3.8844822141560797
-58.3125;-55.4857;6.1257966729084385;3.8844822141560797
-58.625;-55.6857;6.1257966729084385;3.8844822141560797
-59.0;-55.1429;6.1257966729084385;3.8844822141560797
-59.0;-55.5143;6.1257966729084385;3.8844822141560797
-58.875;-54.8857;6.1257966729084385;3.8844822141560797
-58.5;-55.3429;6.1257966729084385;3.8844822141560797
-58.0625;-55.1143;6.1257966729084385;3.8844822141560797
-57.6875;-55.0;6.1257966729084385;3.8844822141560797
-57.5625;-55.0571;6.1257966729084385;3.8844822141560797
-57.5;-54.4571;6.1257966729084385;3.8844822141560797
-57.5625;-55.1143;6.1257966729084385;3.8844822141560797
-57.625;-54.4571;6.1257966729084385;3.8844822141560797
-57.9375;-54.0857;6.1257966729084385;3.8844822141560797
-58.125;-54.2286;6.1257966729084385;3.8844822141560797
-57.75;-53.9714;6.1257966729084385;3.8844822141560797
-57.1875;-54.2571;6.1257966729084385;3.8844822141560797
-56.625;-53.7429;6.1257966729084385;3.8844822141560797
-56.4375;-53.6571;6.1257966729084385;3.8844822141560797
-56.5625;-53.3714;6.1257966729084385;3.8844822141560797
-56.8125;-53.7143;6.1257966729084385;3.8844822141560797
-56.875;-53.3714;6.1257966729084385;3.8844822141560797
-56.875;-53.9714;6.1257966729084385;3.8844822141560797
-56.625;-53.5714;6.1257966729084385;3.8844822141560797
-55.9375;-53.1143;6.1257966729084385;3.8844822141560797
-55.6875;-53.2571;6.1257966729084385;3.8844822141560797
-55.8125;-52.8857;6.1257966729084385;3.8844822141560797
-55.6875;-52.9714;6.1257966729084385;3.8844822141560797
-55.5625;-52.6;6.1257966729084385;3.8844822141560797
-55.875;-52.6857;6.1257966729084385;3.8844822141560797
-56.5;-52.5714;6.1257966729084385;3.8844822141560797
-57.0;-52.4857;6.1257966729084385;3.8844822141560797
-56.5625;-52.4;6.1257966729084385;3.8844822141560797
-55.5625;-52.2;6.1257966729084385;3.8844822141560797
-54.5625;-52.4;6.1257966729084385;3.8844822141560797
-54.125;-52.0286;6.1257966729084385;3.8844822141560797
-54.125;-52.2;6.1257966729084385;3.8844822141560797
-54.0625;-51.6571;6.1257966729084385;3.8844822141560797
-53.8125;-51.9714;6.1257966729084385;3.8844822141560797
-53.625;-51.5429;6.1257966729084385;3.8844822141560797
-53.5;-51.8286;6.1257966729084385;3.8844822141560797
-53.5;-51.5429;6.1257966729084385;3.8844822141560797
-53.5;-51.6;6.1257966729084385;3.8844822141560797
-53.5;-51.2;6.1257966729084385;3.8844822141560797
-53.4375;-50.7429;6.1257966729084385;3.8844822141560797
-53.375;-51.0857;6.1257966729084385;3.8844822141560797
-53.4375;-50.9429;6.1257966729084385;3.8844822141560797
-53.5625;-51.2;6.1257966729084385;3.8844822141560797
-53.625;-51.0571;6.1257966729084385;3.8844822141560797
-53.5625;-51.0;6.1257966729084385;3.8844822141560797
-53.4375;-50.6286;6.1257966729084385;3.8844822141560797
-53.3125;-50.8286;6.1257966729084385;3.8844822141560797
-53.0625;-50.3714;6.1257966729084385;3.8844822141560797
-53.1875;-50.5429;6.1257966729084385;3.8844822141560797
-53.6875;-50.0286;6.1257966729084385;3.8844822141560797
-53.875;-50.0286;6.1257966729084385;3.8844822141560797
-53.625;-49.9714;6.1257966729084385;3.8844822141560797
-53.1875;-50.0857;6.1257966729084385;3.8844822141560797
-52.9375;-50.0286;6.1257966729084385;3.8844822141560797
-52.8125;-49.6857;6.1257966729084385;3.8844822141560797
-52.8125;-49.7143;6.1257966729084385;3.8844822141560797
-52.8125;-49.4286;6.1257966729084385;3.8844822141560797
-52.75;-49.2857;6.1257966729084385;3.8844822141560797
-52.8125;-49.3143;6.1257966729084385;3.8844822141560797
-52.9375;-49.4;6.1257966729084385;3.8844822141560797
-52.6875;-49.3143;6.1257966729084385;3.8844822141560797
-52.0625;-49.2857;6.1257966729084385;3.8844822141560797
-51.5625;-49.0571;6.1257966729084385;3.8844822141560797
-51.1875;-49.2286;6.1257966729084385;3.8844822141560797
-50.8125;-48.8;6.1257966729084385;3.8844822141560797
-50.5;-48.8;6.1257966729084385;3.8844822141560797
-50.1875;-48.6571;6.1257966729084385;3.8844822141560797
-50.0625;-48.7143;6.1257966729084385;3.8844822141560797
-50.0;-48.3714;6.1257966729084385;3.8844822141560797
-50.0;-48.2286;6.1257966729084385;3.8844822141560797
-50.0;-47.9714;6.1257966729084385;3.8844822141560797
-50.125;-48.2286;6.1257966729084385;3.8844822141560797
-50.4375;-48.1429;6.1257966729084385;3.8844822141560797
-50.6875;-47.9143;6.1257966729084385;3.8844822141560797
-50.625;-48.0571;6.1257966729084385;3.8844822141560797
-50.625;-47.9143;6.1257966729084385;3.8844822141560797
-50.5;-47.6286;6.1257966729084385;3.8844822141560797
-50.25;-47.9143;6.1257966729084385;3.8844822141560797
-49.9375;-47.6286;6.1257966729084385;3.8844822141560797
-49.5;-47.4857;6.1257966729084385;3.8844822141560797
-49.0;-47.4857;6.1257966729084385;3.8844822141560797
-48.8125;-47.4857;6.1257966729084385;3.8844822141560797
-49.25;-47.1143;6.1257966729084385;3.8844822141560797
-49.875;-47.3714;6.1257966729084385;3.8844822141560797
-50.1875;-47.0571;6.1257966729084385;3.8844822141560797
-50.0625;-47.3143;6.1257966729084385;3.8844822141560797
-49.5;-46.8571;6.1257966729084385;3.8844822141560797
-48.8125;-46.8;6.1257966729084385;3.8844822141560797
-48.25;-46.7143;6.1257966729084385;3.8844822141560797
-47.6875;-46.8571;6.1257966729084385;3.8844822141560797
-47.1875;-46.6571;6.1257966729084385;3.8844822141560797
-47.5625;-46.8286;6.1257966729084385;3.8844822141560797
-48.6875;-46.5143;6.1257966729084385;3.8844822141560797
-49.5;-46.4857;6.1257966729084385;3.8844822141560797
-49.5625;-46.2857;6.1257966729084385;3.8844822141560797
-49.375;-46.4857;6.1257966729084385;3.8844822141560797
-49.375;-46.2857;6.1257966729084385;3.8844822141560797
-49.3125;-46.2857;6.1257966729084385;3.8844822141560797
-49.125;-46.1143;6.1257966729084385;3.8844822141560797
-49.0;-45.8;6.1257966729084385;3.8844822141560797
-48.875;-45.8286;6.1257966729084385;3.8844822141560797
-48.875;-45.6;6.1257966729084385;3.8844822141560797
-48.875;-45.4;6.1257966729084385;3.8844822141560797
-48.8125;-45.5143;6.1257966729084385;3.8844822141560797
-48.75;-45.4571;6.1257966729084385;3.8844822141560797
-48.75;-45.2857;6.1257966729084385;3.8844822141560797
-48.5625;-45.3429;6.1257966729084385;3.8844822141560797
-48.0625;-45.2571;6.1257966729084385;3.8844822141560797
-47.8125;-45.2571;6.1257966729084385;3.8844822141560797
-47.5;-45.0286;6.1257966729084385;3.8844822141560797
-47.0;-45.0857;6.1257966729084385;3.8844822141560797
-46.6875;-44.6571;6.1257966729084385;3.8844822141560797
-46.75;-44.4571;6.1257966729084385;3.8844822141560797
-47.0625;-44.4286;6.1257966729084385;3.8844822141560797
-47.375;-44.4286;6.1257966729084385;3.8844822141560797
-47.4375;-44.3429;6.1257966729084385;3.8844822141560797
-47.3125;-44.1714;6.1257966729084385;3.8844822141560797
-47.1875;-44.0571;6.1257966729084385;3.8844822141560797
-47.1875;-44.0;6.1257966729084385;3.8844822141560797
-47.3125;-43.9714;6.1257966729084385;3.8844822141560797
-47.5;-44.0571;6.1257966729084385;3.8844822141560797
-47.625;-43.9143;6.1257966729084385;3.8844822141560797
-47.6875;-43.7143;6.1257966729084385;3.8844822141560797
-47.375;-43.9429;6.1257966729084385;3.8844822141560797
-46.875;-43.8;6.1257966729084385;3.8844822141560797
-46.375;-43.8571;6.1257966729084385;3.8844822141560797
-45.75;-43.4571;6.1257966729084385;3.8844822141560797
-45.125;-43.4;6.1257966729084385;3.8844822141560797
-44.5;-43.0;6.1257966729084385;3.8844822141560797
-44.125;-43.2286;6.1257966729084385;3.8844822141560797
-43.875;-43.3143;6.1257966729084385;3.8844822141560797
-43.75;-43.2;6.1257966729084385;3.8844822141560797
-43.75;-43.0286;6.1257966729084385;3.8844822141560797
-43.8125;-42.8857;6.1257966729084385;3.8844822141560797
-43.8125;-42.8;6.1257966729084385;3.8844822141560797
-44.125;-42.6571;6.1257966729084385;3.8844822141560797
-44.9375;-42.2857;6.1257966729084385;3.8844822141560797
-45.75;-42.1143;6.1257966729084385;3.8844822141560797
-45.8125;-42.4571;6.1257966729084385;3.8844822141560797
-45.3125;-42.5143;6.1257966729084385;3.8844822141560797
-44.875;-42.4;6.1257966729084385;3.8844822141560797
-44.625;-42.1714;6.1257966729084385;3.8844822141560797
-44.25;-42.1429;6.1257966729084385;3.8844822141560797
-43.8125;-41.9143;6.1257966729084385;3.8844822141560797
-43.6875;-42.2;6.1257966729084385;3.8844822141560797
-43.875;-42.1429;6.1257966729084385;3.8844822141560797
-44.1875;-41.8286;6.1257966729084385;3.8844822141560797
-44.5625;-41.8;6.1257966729084385;3.8844822141560797
-44.75;-41.6857;6.1257966729084385;3.8844822141560797
-44.6875;-41.6;6.1257966729084385;3.8844822141560797
-44.5;-41.7143;6.1257966729084385;3.8844822141560797
-44.0625;-41.5429;6.1257966729084385;3.8844822141560797
-43.5;-41.4;6.1257966729084385;3.8844822141560797
-43.1875;-41.3429;6.1257966729084385;3.8844822141560797
-43.1875;-41.3714;6.1257966729084385;3.8844822141560797
-43.3125;-41.1429;6.1257966729084385;3.8844822141560797
-43.6875;-41.2571;6.1257966729084385;3.8844822141560797
-44.0625;-41.2571;6.1257966729084385;3.8844822141560797
-44.4375;-41.0571;6.1257966729084385;3.8844822141560797
-44.8125;-40.9714;6.1257966729084385;3.8844822141560797
-44.625;-40.8;6.1257966729084385;3.8844822141560797
-43.6875;-40.7429;6.1257966729084385;3.8844822141560797
-42.5625;-40.6286;6.1257966729084385;3.8844822141560797
-41.875;-40.7429;6.1257966729084385;3.8844822141560797
-41.5625;-40.6571;6.1257966729084385;3.8844822141560797
-41.5625;-40.4857;6.1257966729084385;3.8844822141560797
-41.625;-40.2571;6.1257966729084385;3.8844822141560797
-41.75;-40.2286;6.1257966729084385;3.8844822141560797
-42.0;-40.2286;6.1257966729084385;3.8844822141560797
-42.0625;-40.1143;6.1257966729084385;3.8844822141560797
-41.875;-39.9143;6.1257966729084385;3.8844822141560797
-41.875;-39.6857;6.1257966729084385;3.8844822141560797
-42.125;-39.6857;6.1257966729084385;3.8844822141560797
-42.125;-39.4;6.1257966729084385;3.8844822141560797
-41.75;-39.3714;6.1257966729084385;3.8844822141560797
-41.1875;-39.2857;6.1257966729084385;3.8844822141560797
-41.0;-39.1143;6.1257966729084385;3.8844822141560797
-41.125;-39.1143;6.1257966729084385;3.8844822141560797
-41.1875;-39.0571;6.1257966729084385;3.8844822141560797
-41.3125;-38.9143;6.1257966729084385;3.8844822141560797
-41.6875;-38.9143;6.1257966729084385;3.8844822141560797
-41.9375;-38.7429;6.1257966729084385;3.8844822141560797
-42.0;-38.8286;6.1257966729084385;3.8844822141560797
-42.0;-38.6286;6.1257966729084385;3.8844822141560797
-42.375;-38.7429;6.1257966729084385;3.8844822141560797
-42.75;-38.7714;6.1257966729084385;3.8844822141560797
-42.6875;-38.6571;6.1257966729084385;3.8844822141560797
-42.0625;-38.6857;6.1257966729084385;3.8844822141560797
-41.25;-38.3143;6.1257966729084385;3.8844822141560797
-40.625;-38.2286;6.1257966729084385;3.8844822141560797
-40.3125;-38.4286;6.1257966729084385;3.8844822141560797
-40.3125;-38.2857;6.1257966729084385;3.8844822141560797
-40.4375;-38.2571;6.1257966729084385;3.8844822141560797
-40.6875;-38.0571;6.1257966729084385;3.8844822141560797
-41.0;-38.0286;6.1257966729084385;3.8844822141560797
-41.1875;-38.1143;6.1257966729084385;3.8844822141560797
-41.25;-38.0286;6.1257966729084385;3.8844822141560797
-41.25;-37.9714;6.1257966729084385;3.8844822141560797
-41.25;-37.7143;6.1257966729084385;3.8844822141560797
-41.25;-37.6286;6.1257966729084385;3.8844822141560797
-41.0625;-37.5143;6.1257966729084385;3.8844822141560797
-40.6875;-37.5143;6.1257966729084385;3.8844822141560797
-40.375;-37.3429;6.1257966729084385;3.8844822141560797
-40.3125;-37.3429;6.1257966729084385;3.8844822141560797
-40.0625;-37.2571;6.1257966729084385;3.8844822141560797
-39.5;-37.0;6.1257966729084385;3.8844822141560797
-39.125;-37.0286;6.1257966729084385;3.8844822141560797
-39.0625;-36.9143;6.1257966729084385;3.8844822141560797
-39.4375;-36.8286;6.1257966729084385;3.8844822141560797
-39.75;-36.9143;6.1257966729084385;3.8844822141560797
-39.5;-36.8;6.1257966729084385;3.8844822141560797
-38.875;-36.7714;6.1257966729084385;3.8844822141560797
-38.375;-36.6286;6.1257966729084385;3.8844822141560797
-38.1875;-36.4857;6.1257966729084385;3.8844822141560797
-38.3125;-36.4;6.1257966729084385;3.8844822141560797
-38.8125;-36.3143;6.1257966729084385;3.8844822141560797
-39.25;-36.0286;6.1257966729084385;3.8844822141560797
-39.125;-36.0571;6.1257966729084385;3.8844822141560797
-38.5;-36.0286;6.1257966729084385;3.8844822141560797
-37.9375;-35.9429;6.1257966729084385;3.8844822141560797
-37.75;-36.0;6.1257966729084385;3.8844822141560797
-38.0625;-35.8857;6.1257966729084385;3.8844822141560797
-38.625;-35.9714;6.1257966729084385;3.8844822141560797
-39.0625;-35.9143;6.1257966729084385;3.8844822141560797
-39.125;-35.6857;6.1257966729084385;3.8844822141560797
-38.6875;-35.8571;6.1257966729084385;3.8844822141560797
-38.125;-35.6286;6.1257966729084385;3.8844822141560797
-37.75;-35.6286;6.1257966729084385;3.8844822141560797
-37.625;-35.5714;6.1257966729084385;3.8844822141560797
-37.5625;-35.4571;6.1257966729084385;3.8844822141560797
-37.5625;-35.3714;6.1257966729084385;3.8844822141560797
-37.5625;-35.2286;6.1257966729084385;3.8844822141560797
-37.5;-35.0286;6.1257966729084385;3.8844822141560797
-37.5;-35.0857;6.1257966729084385;3.8844822141560797
-37.5;-34.8286;6.1257966729084385;3.8844822141560797
-37.5;-34.9714;6.1257966729084385;3.8844822141560797
-37.3125;-34.8286;6.1257966729084385;3.8844822141560797
-36.8125;-34.8;6.1257966729084385;3.8844822141560797
-36.5;-34.8857;6.1257966729084385;3.8844822141560797
-36.5;-34.7429;6.1257966729084385;3.8844822141560797
-36.625;-34.7429;6.1257966729084385;3.8844822141560797
-36.5;-34.6857;6.1257966729084385;3.8844822141560797
-36.3125;-34.7143;6.1257966729084385;3.8844822141560797
-36.125;-34.5714;6.1257966729084385;3.8844822141560797
-36.25;-34.1714;6.1257966729084385;3.8844822141560797
-36.25;-34.1714;6.1257966729084385;3.8844822141560797
-36.0625;-34.1143;6.1257966729084385;3.8844822141560797
-35.75;-33.9429;6.1257966729084385;3.8844822141560797
-35.625;-34.0286;6.1257966729084385;3.8844822141560797
-35.6875;-34.0571;6.1257966729084385;3.8844822141560797
-35.875;-33.9143;6.1257966729084385;3.8844822141560797
-35.8125;-33.7714;6.1257966729084385;3.8844822141560797
-35.25;-33.6286;6.1257966729084385;3.8844822141560797
-34.5625;-33.4857;6.1257966729084385;3.8844822141560797
-34.625;-33.4286;6.1257966729084385;3.8844822141560797
-35.25;-33.3143;6.1257966729084385;3.8844822141560797
-35.875;-33.1714;6.1257966729084385;3.8844822141560797
-36.1875;-33.1143;6.1257966729084385;3.8844822141560797
-36.3125;-33.1429;6.1257966729084385;3.8844822141560797
-36.25;-33.0;6.1257966729084385;3.8844822141560797
-36.25;-32.8857;6.1257966729084385;3.8844822141560797
-36.1875;-32.8571;6.1257966729084385;3.8844822141560797
-36.125;-32.9714;6.1257966729084385;3.8844822141560797
-36.0;-32.9429;6.1257966729084385;3.8844822141560797
-35.625;-32.7143;6.1257966729084385;3.8844822141560797
-35.0625;-32.6;6.1257966729084385;3.8844822141560797
-34.6875;-32.6571;6.1257966729084385;3.8844822141560797
-34.4375;-32.4857;6.1257966729084385;3.8844822141560797
-34.375;-32.4571;6.1257966729084385;3.8844822141560797
-34.375;-32.3714;6.1257966729084385;3.8844822141560797
-34.25;-32.3714;6.1257966729084385;3.8844822141560797
-33.9375;-32.4;6.1257966729084385;3.8844822141560797
-33.5625;-32.1429;6.1257966729084385;3.8844822141560797
-33.3125;-32.2286;6.1257966729084385;3.8844822141560797
-33.125;-32.0;6.1257966729084385;3.8844822141560797
-32.875;-32.0571;6.1257966729084385;3.8844822141560797
-32.8125;-32.0571;6.1257966729084385;3.8844822141560797
-32.6875;-31.9429;6.1257966729084385;3.8844822141560797
-32.5;-31.7143;6.1257966729084385;3.8844822141560797
-32.625;-31.7429;6.1257966729084385;3.8844822141560797
-33.0625;-31.7429;6.1257966729084385;3.8844822141560797
-33.5;-31.6;6.1257966729084385;3.8844822141560797
-33.9375;-31.4;6.1257966729084385;3.8844822141560797
-34.3125;-31.2;6.1257966729084385;3.8844822141560797
-34.375;-31.2286;6.1257966729084385;3.8844822141560797
-33.8125;-31.2286;6.1257966729084385;3.8844822141560797
-32.8125;-31.1714;6.1257966729084385;3.8844822141560797
-31.8125;-31.0286;6.1257966729084385;3.8844822141560797
-31.25;-31.0;6.1257966729084385;3.8844822141560797
-31.25;-30.9143;6.1257966729084385;3.8844822141560797
-31.4375;-30.8571;6.1257966729084385;3.8844822141560797
-31.6875;-30.8;6.1257966729084385;3.8844822141560797
-31.8125;-30.7714;6.1257966729084385;3.8844822141560797
-31.875;-30.7143;6.1257966729084385;3.8844822141560797
-31.875;-30.5429;6.1257966729084385;3.8844822141560797
-31.875;-30.4571;6.1257966729084385;3.8844822141560797
-31.8125;-30.2857;6.1257966729084385;3.8844822141560797
-31.6875;-30.2286;6.1257966729084385;3.8844822141560797
-31.6875;-30.0857;6.1257966729084385;3.8844822141560797
-31.75;-30.0857;6.1257966729084385;3.8844822141560797
-31.5625;-30.0857;6.1257966729084385;3.8844822141560797
-31.375;-30.0286;6.1257966729084385;3.8844822141560797
-31.1875;-29.8857;6.1257966729084385;3.8844822141560797
-31.0;-29.9429;6.1257966729084385;3.8844822141560797
-31.125;-29.8286;6.1257966729084385;3.8844822141560797
-31.4375;-29.8571;6.1257966729084385;3.8844822141560797
-31.8125;-29.8;6.1257966729084385;3.8844822141560797
-32.0;-29.8;6.1257966729084385;3.8844822141560797
-32.0;-29.6286;6.1257966729084385;3.8844822141560797
-31.875;-29.6286;6.1257966729084385;3.8844822141560797
-31.4375;-29.6286;6.1257966729084385;3.8844822141560797
-30.9375;-29.5143;6.1257966729084385;3.8844822141560797
-30.5625;-29.3714;6.1257966729084385;3.8844822141560797
-30.375;-29.1429;6.1257966729084385;3.8844822141560797
-30.4375;-29.0857;6.1257966729084385;3.8844822141560797
-30.6875;-29.0857;6.1257966729084385;3.8844822141560797
-31.0625;-29.0571;6.1257966729084385;3.8844822141560797
-31.3125;-28.9143;6.1257966729084385;3.8844822141560797
-31.3125;-28.8286;6.1257966729084385;3.8844822141560797
-31.0;-28.8286;6.1257966729084385;3.8844822141560797
-30.5625;-28.7429;6.1257966729084385;3.8844822141560797
-30.0625;-28.6;6.1257966729084385;3.8844822141560797
-29.6875;-28.3714;6.1257966729084385;3.8844822141560797
-29.5;-28.4286;6.1257966729084385;3.8844822141560797
-29.4375;-28.3429;6.1257966729084385;3.8844822141560797
-29.4375;-28.2857;6.1257966729084385;3.8844822141560797
-29.5;-28.2286;6.1257966729084385;3.8844822141560797
-29.5;-27.8571;6.1257966729084385;3.8844822141560797
-29.4375;-28.0571;6.1257966729084385;3.8844822141560797
-29.375;-28.0286;6.1257966729084385;3.8844822141560797
-29.375;-28.1143;6.1257966729084385;3.8844822141560797
-29.375;-27.9429;6.1257966729084385;3.8844822141560797
-29.0;-28.0;6.1257966729084385;3.8844822141560797
-28.625;-27.7429;6.1257966729084385;3.8844822141560797
-28.8125;-27.7143;6.1257966729084385;3.8844822141560797
-29.5;-27.5429;6.1257966729084385;3.8844822141560797
-30.0;-27.3714;6.1257966729084385;3.8844822141560797
-30.0;-27.4286;6.1257966729084385;3.8844822141560797
-29.5;-27.4571;6.1257966729084385;3.8844822141560797
-28.75;-27.2857;6.1257966729084385;3.8844822141560797
-28.25;-27.3429;6.1257966729084385;3.8844822141560797
-28.1875;-27.2857;6.1257966729084385;3.8844822141560797
-28.375;-27.1714;6.1257966729084385;3.8844822141560797
-28.4375;-27.0571;6.1257966729084385;3.8844822141560797
-28.125;-27.0;6.1257966729084385;3.8844822141560797
-27.8125;-27.0286;6.1257966729084385;3.8844822141560797
-28.125;-26.7714;6.1257966729084385;3.8844822141560797
-28.6875;-26.8;6.1257966729084385;3.8844822141560797
-28.6875;-26.7143;6.1257966729084385;3.8844822141560797
-28.125;-26.6857;6.1257966729084385;3.8844822141560797
-27.5625;-26.5429;6.1257966729084385;3.8844822141560797
-27.375;-26.4571;6.1257966729084385;3.8844822141560797
-27.6875;-26.3714;6.1257966729084385;3.8844822141560797
-28.125;-26.2571;6.1257966729084385;3.8844822141560797
-28.375;-26.2;6.1257966729084385;3.8844822141560797
-28.5;-26.2571;6.1257966729084385;3.8844822141560797
-28.5;-26.1429;6.1257966729084385;3.8844822141560797
-28.4375;-26.0571;6.1257966729084385;3.8844822141560797
-28.4375;-25.9714;6.1257966729084385;3.8844822141560797
-28.5;-25.8;6.1257966729084385;3.8844822141560797
-28.4375;-25.8571;6.1257966729084385;3.8844822141560797
-27.875;-25.8286;6.1257966729084385;3.8844822141560797
-27.0;-25.8286;6.1257966729084385;3.8844822141560797
-26.5;-25.7143;6.1257966729084385;3.8844822141560797
-26.5;-25.7429;6.1257966729084385;3.8844822141560797
-26.5;-25.5714;6.1257966729084385;3.8844822141560797
-26.4375;-25.4286;6.1257966729084385;3.8844822141560797
-26.3125;-25.5143;6.1257966729084385;3.8844822141560797
-26.1875;-25.3429;6.1257966729084385;3.8844822141560797
-26.25;-25.2857;6.1257966729084385;3.8844822141560797
-26.5;-25.3714;6.1257966729084385;3.8844822141560797
-26.6875;-25.4;6.1257966729084385;3.8844822141560797
-26.75;-25.2857;6.1257966729084385;3.8844822141560797
-26.75;-25.1429;6.1257966729084385;3.8844822141560797
-26.75;-25.1143;6.1257966729084385;3.8844822141560797
-26.8125;-24.8571;6.1257966729084385;3.8844822141560797
-26.9375;-24.8;6.1257966729084385;3.8844822141560797
-26.875;-24.7429;6.1257966729084385;3.8844822141560797
-26.5;-24.6;6.1257966729084385;3.8844822141560797
-25.9375;-24.5429;6.1257966729084385;3.8844822141560797
-25.375;-24.5143;6.1257966729084385;3.8844822141560797
-25.0625;-24.3714;6.1257966729084385;3.8844822141560797
-24.875;-24.2571;6.1257966729084385;3.8844822141560797
-24.9375;-24.2857;6.1257966729084385;3.8844822141560797
-25.1875;-24.2;6.1257966729084385;3.8844822141560797
-25.5;-24.2286;6.1257966729084385;3.8844822141560797
-25.6875;-24.1429;6.1257966729084385;3.8844822141560797
-25.8125;-24.0;6.1257966729084385;3.8844822141560797
-25.8125;-23.8857;6.1257966729084385;3.8844822141560797
-25.8125;-23.8286;6.1257966729084385;3.8844822141560797
-25.8125;-23.8;6.1257966729084385;3.8844822141560797
-25.75;-23.7143;6.1257966729084385;3.8844822141560797
-25.625;-23.8;6.1257966729084385;3.8844822141560797
-25.1875;-23.6857;6.1257966729084385;3.8844822141560797
-24.75;-23.4857;6.1257966729084385;3.8844822141560797
-24.375;-23.4857;6.1257966729084385;3.8844822141560797
-24.4375;-23.4286;6.1257966729084385;3.8844822141560797
-24.75;-23.2857;6.1257966729084385;3.8844822141560797
-25.0625;-23.4571;6.1257966729084385;3.8844822141560797
-24.875;-23.4;6.1257966729084385;3.8844822141560797
-24.375;-23.4;6.1257966729084385;3.8844822141560797
-24.125;-23.4;6.1257966729084385;3.8844822141560797
-24.3125;-23.2857;6.1257966729084385;3.8844822141560797
-24.4375;-23.2286;6.1257966729084385;3.8844822141560797
-24.25;-23.1143;6.1257966729084385;3.8844822141560797
-23.875;-22.8571;6.1257966729084385;3.8844822141560797
-23.5625;-22.8571;6.1257966729084385;3.8844822141560797
-23.6875;-22.9429;6.1257966729084385;3.8844822141560797
-24.0;-22.7143;6.1257966729084385;3.8844822141560797
-24.3125;-22.6571;6.1257966729084385;3.8844822141560797
-24.375;-22.6286;6.1257966729084385;3.8844822141560797
-24.375;-22.5429;6.1257966729084385;3.8844822141560797
-24.125;-22.4857;6.1257966729084385;3.8844822141560797
-23.75;-22.3143;6.1257966729084385;3.8844822141560797
-23.4375;-22.4857;6.1257966729084385;3.8844822141560797
-23.125;-22.2571;6.1257966729084385;3.8844822141560797
-22.9375;-22.2857;6.1257966729084385;3.8844822141560797
-23.1875;-22.2857;6.1257966729084385;3.8844822141560797
-23.625;-22.1429;6.1257966729084385;3.8844822141560797
-24.0;-22.2;6.1257966729084385;3.8844822141560797
-24.1875;-22.0571;6.1257966729084385;3.8844822141560797
-24.25;-21.9143;6.1257966729084385;3.8844822141560797
-24.25;-21.9714;6.1257966729084385;3.8844822141560797
-24.0625;-21.9143;6.1257966729084385;3.8844822141560797
-23.5625;-21.7714;6.1257966729084385;3.8844822141560797
-22.9375;-21.7143;6.1257966729084385;3.8844822141560797
-22.5625;-21.7143;6.1257966729084385;3.8844822141560797
-22.375;-21.7143;6.1257966729084385;3.8844822141560797
-22.5;-21.5143;6.1257966729084385;3.8844822141560797
-22.875;-21.4571;6.1257966729084385;3.8844822141560797
-23.1875;-21.4571;6.1257966729084385;3.8844822141560797
-23.1875;-21.4;6.1257966729084385;3.8844822141560797
-22.9375;-21.3714;6.1257966729084385;3.8844822141560797
-22.3125;-21.2286;6.1257966729084385;3.8844822141560797
-21.8125;-21.2571;6.1257966729084385;3.8844822141560797
-21.75;-21.2286;6.1257966729084385;3.8844822141560797
-22.0;-21.0857;6.1257966729084385;3.8844822141560797
-22.375;-21.0857;6.1257966729084385;3.8844822141560797
-22.5;-21.0286;6.1257966729084385;3.8844822141560797
-22.3125;-20.8571;6.1257966729084385;3.8844822141560797
-22.0;-20.8286;6.1257966729084385;3.8844822141560797
-21.75;-20.7714;6.1257966729084385;3.8844822141560797
-21.625;-20.6857;6.1257966729084385;3.8844822141560797
-21.5;-20.6857;6.1257966729084385;3.8844822141560797
-21.3125;-20.6857;6.1257966729084385;3.8844822141560797
-21.25;-20.6286;6.1257966729084385;3.8844822141560797
-21.4375;-20.6;6.1257966729084385;3.8844822141560797
-21.5625;-20.4286;6.1257966729084385;3.8844822141560797
-21.5625;-20.4286;6.1257966729084385;3.8844822141560797
-21.5625;-20.3429;6.1257966729084385;3.8844822141560797
-21.625;-20.2;6.1257966729084385;3.8844822141560797
-21.6875;-20.1429;6.1257966729084385;3.8844822141560797
-21.6875;-20.1429;6.1257966729084385;3.8844822141560797
-21.75;-20.0857;6.1257966729084385;3.8844822141560797
-21.75;-20.0;6.1257966729084385;3.8844822141560797
-21.625;-20.0286;6.1257966729084385;3.8844822141560797
-21.5;-20.0;6.1257966729084385;3.8844822141560797
-21.375;-19.8571;6.1257966729084385;3.8844822141560797
-21.3125;-19.8571;6.1257966729084385;3.8844822141560797
-21.3125;-19.6286;6.1257966729084385;3.8844822141560797
-21.25;-19.6;6.1257966729084385;3.8844822141560797
-20.8125;-19.4571;6.1257966729084385;3.8844822141560797
-20.5;-19.4857;6.1257966729084385;3.8844822141560797
-20.4375;-19.4;6.1257966729084385;3.8844822141560797
-20.5625;-19.4857;6.1257966729084385;3.8844822141560797
-20.625;-19.4;6.1257966729084385;3.8844822141560797
-20.4375;-19.4;6.1257966729084385;3.8844822141560797
-20.0;-19.3429;6.1257966729084385;3.8844822141560797
-19.625;-19.2286;6.1257966729084385;3.8844822141560797
-19.625;-19.1714;6.1257966729084385;3.8844822141560797
-20.0;-19.0571;6.1257966729084385;3.8844822141560797
-20.5625;-19.1143;6.1257966729084385;3.8844822141560797
-21.0625;-18.9714;6.1257966729084385;3.8844822141560797
-21.3125;-18.8857;6.1257966729084385;3.8844822141560797
-21.0625;-18.8857;6.1257966729084385;3.8844822141560797
-20.4375;-18.7429;6.1257966729084385;3.8844822141560797
-19.75;-18.7143;6.1257966729084385;3.8844822141560797
-19.375;-18.7429;6.1257966729084385;3.8844822141560797
-19.25;-18.6857;6.1257966729084385;3.8844822141560797
-19.1875;-18.5714;6.1257966729084385;3.8844822141560797
-19.3125;-18.6286;6.1257966729084385;3.8844822141560797
-19.75;-18.5429;6.1257966729084385;3.8844822141560797
-20.3125;-18.4286;6.1257966729084385;3.8844822141560797
-20.6875;-18.3714;6.1257966729084385;3.8844822141560797
-20.8125;-18.3143;6.1257966729084385;3.8844822141560797
-20.875;-18.2571;6.1257966729084385;3.8844822141560797
-20.875;-18.3714;6.1257966729084385;3.8844822141560797
-20.8125;-18.1714;6.1257966729084385;3.8844822141560797
-20.4375;-18.1143;6.1257966729084385;3.8844822141560797
-19.75;-18.0;6.1257966729084385;3.8844822141560797
-19.1875;-18.0286;6.1257966729084385;3.8844822141560797
-18.8125;-17.9429;6.1257966729084385;3.8844822141560797
-18.625;-17.9143;6.1257966729084385;3.8844822141560797
-18.6875;-17.8286;6.1257966729084385;3.8844822141560797
-18.8125;-17.6571;6.1257966729084385;3.8844822141560797
-18.75;-17.6286;6.1257966729084385;3.8844822141560797
-18.5625;-17.5714;6.1257966729084385;3.8844822141560797
-18.75;-17.5429;6.1257966729084385;3.8844822141560797
-19.0;-17.6;6.1257966729084385;3.8844822141560797
-18.9375;-17.4857;6.1257966729084385;3.8844822141560797
-18.5;-17.4;6.1257966729084385;3.8844822141560797
-18.0625;-17.3714;6.1257966729084385;3.8844822141560797
-18.125;-17.2571;6.1257966729084385;3.8844822141560797
-18.375;-17.3714;6.1257966729084385;3.8844822141560797
-18.5;-17.1714;6.1257966729084385;3.8844822141560797
-18.375;-17.0857;6.1257966729084385;3.8844822141560797
-18.125;-17.0571;6.1257966729084385;3.8844822141560797
-17.75;-17.0571;6.1257966729084385;3.8844822141560797
-17.5;-16.8571;6.1257966729084385;3.8844822141560797
-17.375;-16.9143;6.1257966729084385;3.8844822141560797
-17.3125;-16.8;6.1257966729084385;3.8844822141560797
-17.3125;-16.7143;6.1257966729084385;3.8844822141560797
-17.375;-16.7429;6.1257966729084385;3.8844822141560797
-17.5;-16.7714;6.1257966729084385;3.8844822141560797
-17.625;-16.7143;6.1257966729084385;3.8844822141560797
-17.6875;-16.6857;6.1257966729084385;3.8844822141560797
-17.75;-16.6286;6.1257966729084385;3.8844822141560797
-17.75;-16.4;6.1257966729084385;3.8844822141560797
-17.75;-16.3714;6.1257966729084385;3.8844822141560797
-17.8125;-16.2857;6.1257966729084385;3.8844822141560797
-17.9375;-16.2286;6.1257966729084385;3.8844822141560797
-17.6875;-16.0857;6.1257966729084385;3.8844822141560797
-17.3125;-16.0571;6.1257966729084385;3.8844822141560797
-17.0625;-15.9714;6.1257966729084385;3.8844822141560797
-17.0;-15.8286;6.1257966729084385;3.8844822141560797
-16.75;-15.7143;6.1257966729084385;3.8844822141560797
-16.375;-15.6571;6.1257966729084385;3.8844822141560797
-16.0625;-15.5714;6.1257966729084385;3.8844822141560797
-16.0;-15.5429;6.1257966729084385;3.8844822141560797
-16.3125;-15.5143;6.1257966729084385;3.8844822141560797
-16.5625;-15.5429;6.1257966729084385;3.8844822141560797
-16.4375;-15.4857;6.1257966729084385;3.8844822141560797
-16.125;-15.4;6.1257966729084385;3.8844822141560797
-15.8125;-15.3429;6.1257966729084385;3.8844822141560797
-15.8125;-15.2857;6.1257966729084385;3.8844822141560797
-16.125;-15.2571;6.1257966729084385;3.8844822141560797
-16.5;-15.2286;6.1257966729084385;3.8844822141560797
-16.5;-15.1429;6.1257966729084385;3.8844822141560797
-16.125;-15.1429;6.1257966729084385;3.8844822141560797
-15.6875;-15.0571;6.1257966729084385;3.8844822141560797
-15.4375;-15.0;6.1257966729084385;3.8844822141560797
-15.4375;-14.9143;6.1257966729084385;3.8844822141560797
-15.625;-14.9429;6.1257966729084385;3.8844822141560797
-15.8125;-14.8;6.1257966729084385;3.8844822141560797
-15.875;-14.7143;6.1257966729084385;3.8844822141560797
-15.75;-14.6857;6.1257966729084385;3.8844822141560797
-15.5;-14.6857;6.1257966729084385;3.8844822141560797
-15.3125;-14.6286;6.1257966729084385;3.8844822141560797
-15.1875;-14.6;6.1257966729084385;3.8844822141560797
-15.1875;-14.5143;6.1257966729084385;3.8844822141560797
-15.1875;-14.4286;6.1257966729084385;3.8844822141560797
-15.1875;-14.4;6.1257966729084385;3.8844822141560797
-15.375;-14.3714;6.1257966729084385;3.8844822141560797
-15.5;-14.2857;6.1257966729084385;3.8844822141560797
-15.375;-14.2;6.1257966729084385;3.8844822141560797
-15.125;-14.1714;6.1257966729084385;3.8844822141560797
-15.0;-14.1143;6.1257966729084385;3.8844822141560797
-14.875;-14.0571;6.1257966729084385;3.8844822141560797
-14.625;-14.0857;6.1257966729084385;3.8844822141560797
-14.4375;-14.0857;6.1257966729084385;3.8844822141560797
-14.375;-14.0;6.1257966729084385;3.8844822141560797
-14.3125;-14.0857;6.1257966729084385;3.8844822141560797
-14.375;-14.0;6.1257966729084385;3.8844822141560797
-14.6875;-13.9143;6.1257966729084385;3.8844822141560797
-15.0;-13.9143;6.1257966729084385;3.8844822141560797
-15.25;-13.8857;6.1257966729084385;3.8844822141560797
-15.1875;-13.6857;6.1257966729084385;3.8844822141560797
-14.9375;-13.7429;6.1257966729084385;3.8844822141560797
-14.8125;-13.6571;6.1257966729084385;3.8844822141560797
-14.9375;-13.5429;6.1257966729084385;3.8844822141560797
-14.9375;-13.5429;6.1257966729084385;3.8844822141560797
-14.75;-13.4857;6.1257966729084385;3.8844822141560797
-14.5;-13.4286;6.1257966729084385;3.8844822141560797
-14.1875;-13.4;6.1257966729084385;3.8844822141560797
-13.875;-13.3714;6.1257966729084385;3.8844822141560797
-13.6875;-13.3429;6.1257966729084385;3.8844822141560797
-13.375;-13.2286;6.1257966729084385;3.8844822141560797
-13.25;-13.2;6.1257966729084385;3.8844822141560797
-13.25;-13.2;6.1257966729084385;3.8844822141560797
-13.375;-13.0857;6.1257966729084385;3.8844822141560797
-13.4375;-13.0857;6.1257966729084385;3.8844822141560797
-13.5;-13.0286;6.1257966729084385;3.8844822141560797
-13.5;-12.9429;6.1257966729084385;3.8844822141560797
-13.5;-12.9429;6.1257966729084385;3.8844822141560797
-13.5;-12.8;6.1257966729084385;3.8844822141560797
-13.5;-12.7429;6.1257966729084385;3.8844822141560797
-13.4375;-12.7429;6.1257966729084385;3.8844822141560797
-13.3125;-12.7429;6.1257966729084385;3.8844822141560797
-13.1875;-12.6857;6.1257966729084385;3.8844822141560797
-13.125;-12.6571;6.1257966729084385;3.8844822141560797
-13.1875;-12.5714;6.1257966729084385;3.8844822141560797
-13.375;-12.5714;6.1257966729084385;3.8844822141560797
-13.375;-12.5143;6.1257966729084385;3.8844822141560797
-13.3125;-12.5143;6.1257966729084385;3.8844822141560797
-13.125;-12.4;6.1257966729084385;3.8844822141560797
-12.9375;-12.3429;6.1257966729084385;3.8844822141560797
-12.75;-12.2857;6.1257966729084385;3.8844822141560797
-12.625;-12.2571;6.1257966729084385;3.8844822141560797
-12.625;-12.2286;6.1257966729084385;3.8844822141560797
-12.625;-12.2286;6.1257966729084385;3.8844822141560797
-12.6875;-12.1714;6.1257966729084385;3.8844822141560797
-12.75;-12.1429;6.1257966729084385;3.8844822141560797
-12.875;-12.0857;6.1257966729084385;3.8844822141560797
-12.9375;-12.0571;6.1257966729084385;3.8844822141560797
-13.0;-12.0;6.1257966729084385;3.8844822141560797
-13.0625;-11.9143;6.1257966729084385;3.8844822141560797
-13.125;-11.9143;6.1257966729084385;3.8844822141560797
-13.25;-11.8286;6.1257966729084385;3.8844822141560797
-13.3125;-11.8286;6.1257966729084385;3.8844822141560797
-13.125;-11.7429;6.1257966729084385;3.8844822141560797
-12.9375;-11.7143;6.1257966729084385;3.8844822141560797
-12.8125;-11.6571;6.1257966729084385;3.8844822141560797
-12.75;-11.5714;6.1257966729084385;3.8844822141560797
-12.75;-11.5143;6.1257966729084385;3.8844822141560797
-12.75;-11.4;6.1257966729084385;3.8844822141560797
-12.75;-11.3714;6.1257966729084385;3.8844822141560797
-12.5625;-11.3429;6.1257966729084385;3.8844822141560797
-12.375;-11.2857;6.1257966729084385;3.8844822141560797
-12.0625;-11.2857;6.1257966729084385;3.8844822141560797
-11.8125;-11.1429;6.1257966729084385;3.8844822141560797
-11.625;-11.1714;6.1257966729084385;3.8844822141560797
-11.5;-11.1429;6.1257966729084385;3.8844822141560797
-11.4375;-11.0857;6.1257966729084385;3.8844822141560797
-11.25;-11.0571;6.1257966729084385;3.8844822141560797
-11.0;-11.0286;6.1257966729084385;3.8844822141560797
-10.75;-10.9143;6.1257966729084385;3.8844822141560797
-10.875;-10.8571;6.1257966729084385;3.8844822141560797
-11.125;-10.8286;6.1257966729084385;3.8844822141560797
-11.125;-10.8;6.1257966729084385;3.8844822141560797
-11.125;-10.7143;6.1257966729084385;3.8844822141560797
-11.1875;-10.6571;6.1257966729084385;3.8844822141560797
-11.3125;-10.5714;6.1257966729084385;3.8844822141560797
-11.3125;-10.5429;6.1257966729084385;3.8844822141560797
-11.125;-10.5714;6.1257966729084385;3.8844822141560797
-10.8125;-10.5143;6.1257966729084385;3.8844822141560797
-10.5625;-10.5143;6.1257966729084385;3.8844822141560797
-10.5625;-10.4286;6.1257966729084385;3.8844822141560797
-10.5625;-10.4286;6.1257966729084385;3.8844822141560797
-10.4375;-10.4;6.1257966729084385;3.8844822141560797
-10.4375;-10.3714;6.1257966729084385;3.8844822141560797
-10.6875;-10.2857;6.1257966729084385;3.8844822141560797
-11.125;-10.2286;6.1257966729084385;3.8844822141560797
-11.5;-10.1714;6.1257966729084385;3.8844822141560797
-11.75;-10.1143;6.1257966729084385;3.8844822141560797
-11.8125;-10.0857;6.1257966729084385;3.8844822141560797
-11.8125;-10.0286;6.1257966729084385;3.8844822141560797
-11.75;-10.0;6.1257966729084385;3.8844822141560797
-11.75;-9.9714;6.1257966729084385;3.8844822141560797
-11.625;-9.8571;6.1257966729084385;3.8844822141560797
-11.1875;-9.8857;6.1257966729084385;3.8844822141560797
-10.6875;-9.8;6.1257966729084385;3.8844822141560797
-10.1875;-9.8286;6.1257966729084385;3.8844822141560797
-9.9375;-9.7143;6.1257966729084385;3.8844822141560797
-9.8125;-9.6571;6.1257966729084385;3.8844822141560797
-9.875;-9.6;6.1257966729084385;3.8844822141560797
-9.875;-9.6571;6.1257966729084385;3.8844822141560797
-9.6875;-9.5714;6.1257966729084385;3.8844822141560797
-9.25;-9.5429;6.1257966729084385;3.8844822141560797
-8.875;-9.4571;6.1257966729084385;3.8844822141560797
-8.8125;-9.3714;6.1257966729084385;3.8844822141560797
-8.9375;-9.3714;6.1257966729084385;3.8844822141560797
-9.0;-9.3143;6.1257966729084385;3.8844822141560797
-8.9375;-9.2857;6.1257966729084385;3.8844822141560797
-8.8125;-9.2571;6.1257966729084385;3.8844822141560797
-8.875;-9.2;6.1257966729084385;3.8844822141560797
-9.0;-9.1429;6.1257966729084385;3.8844822141560797
-8.9375;-9.1143;6.1257966729084385;3.8844822141560797
-8.6875;-9.1143;6.1257966729084385;3.8844822141560797
-8.5;-9.0286;6.1257966729084385;3.8844822141560797
-8.75;-9.0857;6.1257966729084385;3.8844822141560797
-9.375;-8.9714;6.1257966729084385;3.8844822141560797
-9.8125;-8.8857;6.1257966729084385;3.8844822141560797
-9.875;-8.8857;6.1257966729084385;3.8844822141560797
-9.4375;-8.8857;6.1257966729084385;3.8844822141560797
-9.0;-8.8286;6.1257966729084385;3.8844822141560797
-8.6875;-8.7429;6.1257966729084385;3.8844822141560797
-8.5625;-8.7143;6.1257966729084385;3.8844822141560797
-8.5;-8.6571;6.1257966729084385;3.8844822141560797
-8.5625;-8.6;6.1257966729084385;3.8844822141560797
-8.5;-8.6;6.1257966729084385;3.8844822141560797
-8.375;-8.5429;6.1257966729084385;3.8844822141560797
-8.0625;-8.5429;6.1257966729084385;3.8844822141560797
-7.875;-8.5429;6.1257966729084385;3.8844822141560797
-7.8125;-8.4571;6.1257966729084385;3.8844822141560797
-8.0;-8.4571;6.1257966729084385;3.8844822141560797
-8.125;-8.4286;6.1257966729084385;3.8844822141560797
-8.125;-8.3714;6.1257966729084385;3.8844822141560797
-7.9375;-8.3143;6.1257966729084385;3.8844822141560797
-7.6875;-8.3143;6.1257966729084385;3.8844822141560797
-7.875;-8.2286;6.1257966729084385;3.8844822141560797
-8.375;-8.2286;6.1257966729084385;3.8844822141560797
-8.8125;-8.2;6.1257966729084385;3.8844822141560797
-8.6875;-8.0857;6.1257966729084385;3.8844822141560797
-8.3125;-8.0286;6.1257966729084385;3.8844822141560797
-8.0;-8.0;6.1257966729084385;3.8844822141560797
-7.8125;-7.9429;6.1257966729084385;3.8844822141560797
-7.625;-7.9143;6.1257966729084385;3.8844822141560797
-7.5;-7.8857;6.1257966729084385;3.8844822141560797
-7.5625;-7.8571;6.1257966729084385;3.8844822141560797
-7.8125;-7.7714;6.1257966729084385;3.8844822141560797
-8.0;-7.8;6.1257966729084385;3.8844822141560797
-8.125;-7.7429;6.1257966729084385;3.8844822141560797
-8.125;-7.6857;6.1257966729084385;3.8844822141560797
-8.125;-7.6286;6.1257966729084385;3.8844822141560797
-7.9375;-7.5714;6.1257966729084385;3.8844822141560797
-7.6875;-7.4857;6.1257966729084385;3.8844822141560797
-7.5;-7.4857;6.1257966729084385;3.8844822141560797
-7.4375;-7.4286;6.1257966729084385;3.8844822141560797
-7.4375;-7.3714;6.1257966729084385;3.8844822141560797
-7.4375;-7.3429;6.1257966729084385;3.8844822141560797
-7.4375;-7.2571;6.1257966729084385;3.8844822141560797
-7.5;-7.1714;6.1257966729084385;3.8844822141560797
-7.4375;-7.1429;6.1257966729084385;3.8844822141560797
-7.3125;-7.1429;6.1257966729084385;3.8844822141560797
-7.1875;-7.1143;6.1257966729084385;3.8844822141560797
-7.0625;-7.0286;6.1257966729084385;3.8844822141560797
-6.9375;-7.0286;6.1257966729084385;3.8844822141560797
-6.875;-7.0286;6.1257966729084385;3.8844822141560797
-6.875;-6.9714;6.1257966729084385;3.8844822141560797
-6.9375;-6.9143;6.1257966729084385;3.8844822141560797
-7.0625;-6.8571;6.1257966729084385;3.8844822141560797
-7.25;-6.8857;6.1257966729084385;3.8844822141560797
-7.25;-6.8286;6.1257966729084385;3.8844822141560797
-7.1875;-6.8;6.1257966729084385;3.8844822141560797
-7.0;-6.7714;6.1257966729084385;3.8844822141560797
-6.875;-6.6857;6.1257966729084385;3.8844822141560797
-6.625;-6.6571;6.1257966729084385;3.8844822141560797
-6.4375;-6.6;6.1257966729084385;3.8844822141560797
-6.4375;-6.6;6.1257966729084385;3.8844822141560797
-6.625;-6.5429;6.1257966729084385;3.8844822141560797
-6.875;-6.5143;6.1257966729084385;3.8844822141560797
-6.9375;-6.4286;6.1257966729084385;3.8844822141560797
-6.875;-6.4;6.1257966729084385;3.8844822141560797
-6.8125;-6.3714;6.1257966729084385;3.8844822141560797
-6.6875;-6.3143;6.1257966729084385;3.8844822141560797
-6.5;-6.2571;6.1257966729084385;3.8844822141560797
-6.1875;-6.2286;6.1257966729084385;3.8844822141560797
-5.6875;-6.2;6.1257966729084385;3.8844822141560797
-5.0625;-6.1714;6.1257966729084385;3.8844822141560797
-4.75;-6.1429;6.1257966729084385;3.8844822141560797
-4.5625;-6.1143;6.1257966729084385;3.8844822141560797
-4.5625;-6.0857;6.1257966729084385;3.8844822141560797
-4.5625;-6.0286;6.1257966729084385;3.8844822141560797
-4.6875;-5.9429;6.1257966729084385;3.8844822141560797
-4.875;-5.8857;6.1257966729084385;3.8844822141560797
-5.25;-5.8571;6.1257966729084385;3.8844822141560797
-5.4375;-5.8286;6.1257966729084385;3.8844822141560797
-5.0625;-5.8;6.1257966729084385;3.8844822141560797
-4.4375;-5.7429;6.1257966729084385;3.8844822141560797
-4.0;-5.7714;6.1257966729084385;3.8844822141560797
-3.9375;-5.6286;6.1257966729084385;3.8844822141560797
-4.25;-5.6571;6.1257966729084385;3.8844822141560797
-4.625;-5.6571;6.1257966729084385;3.8844822141560797
-4.9375;-5.6;6.1257966729084385;3.8844822141560797
-5.3125;-5.5429;6.1257966729084385;3.8844822141560797
-5.5;-5.5143;6.1257966729084385;3.8844822141560797
-5.5625;-5.5143;6.1257966729084385;3.8844822141560797
-5.6875;-5.4286;6.1257966729084385;3.8844822141560797
-5.75;-5.4;6.1257966729084385;3.8844822141560797
-5.8125;-5.3714;6.1257966729084385;3.8844822141560797
-5.6875;-5.3429;6.1257966729084385;3.8844822141560797
-5.5625;-5.2857;6.1257966729084385;3.8844822141560797
-5.4375;-5.2571;6.1257966729084385;3.8844822141560797
-5.25;-5.2286;6.1257966729084385;3.8844822141560797
-5.125;-5.2;6.1257966729084385;3.8844822141560797
-5.0;-5.1714;6.1257966729084385;3.8844822141560797
-4.75;-5.1143;6.1257966729084385;3.8844822141560797
-4.4375;-5.1429;6.1257966729084385;3.8844822141560797
-4.4375;-5.0571;6.1257966729084385;3.8844822141560797
-4.625;-5.0286;6.1257966729084385;3.8844822141560797
-4.8125;-4.9714;6.1257966729084385;3.8844822141560797
-4.9375;-4.9714;6.1257966729084385;3.8844822141560797
-5.0;-4.8857;6.1257966729084385;3.8844822141560797
-5.0;-4.8571;6.1257966729084385;3.8844822141560797
-5.0;-4.8571;6.1257966729084385;3.8844822141560797
-4.9375;-4.8286;6.1257966729084385;3.8844822141560797
-4.6875;-4.7714;6.1257966729084385;3.8844822141560797
-4.4375;-4.7429;6.1257966729084385;3.8844822141560797
-4.1875;-4.7429;6.1257966729084385;3.8844822141560797
-4.125;-4.6571;6.1257966729084385;3.8844822141560797
-4.25;-4.6571;6.1257966729084385;3.8844822141560797
-4.3125;-4.6571;6.1257966729084385;3.8844822141560797
-4.3125;-4.6286;6.1257966729084385;3.8844822141560797
-4.0625;-4.6;6.1257966729084385;3.8844822141560797
-3.9375;-4.5429;6.1257966729084385;3.8844822141560797
-4.0;-4.5143;6.1257966729084385;3.8844822141560797
-4.125;-4.4571;6.1257966729084385;3.8844822141560797
-4.3125;-4.4286;6.1257966729084385;3.8844822141560797
-4.375;-4.4286;6.1257966729084385;3.8844822141560797
-4.1875;-4.3714;6.1257966729084385;3.8844822141560797
-3.875;-4.2857;6.1257966729084385;3.8844822141560797
-3.6875;-4.3429;6.1257966729084385;3.8844822141560797
-3.5;-4.2571;6.1257966729084385;3.8844822141560797
-3.1875;-4.1714;6.1257966729084385;3.8844822141560797
-3.0;-4.2286;6.1257966729084385;3.8844822141560797
-3.3125;-4.2;6.1257966729084385;3.8844822141560797
-3.75;-4.1429;6.1257966729084385;3.8844822141560797
-4.125;-4.0857;6.1257966729084385;3.8844822141560797
-4.1875;-4.0;6.1257966729084385;3.8844822141560797
-4.0;-3.9714;6.1257966729084385;3.8844822141560797
-3.8125;-3.8857;6.1257966729084385;3.8844822141560797
-3.75;-3.8571;6.1257966729084385;3.8844822141560797
-3.75;-3.7714;6.1257966729084385;3.8844822141560797
-3.8125;-3.6857;6.1257966729084385;3.8844822141560797
-3.8125;-3.6;6.1257966729084385;3.8844822141560797
-3.875;-3.4286;6.1257966729084385;3.8844822141560797
-3.875;-3.3143;6.1257966729084385;3.8844822141560797
-3.8125;-3.2286;6.1257966729084385;3.8844822141560797
-3.625;-3.0857;6.1257966729084385;3.8844822141560797
-3.1875;-2.9143;6.1257966729084385;3.8844822141560797
-2.9375;-2.7714;6.1257966729084385;3.8844822141560797
-2.625;-2.5143;6.1257966729084385;3.8844822141560797
-2.1875;-2.2857;6.1257966729084385;3.8844822141560797
-1.75;-2.1143;6.1257966729084385;3.8844822141560797
-1.125;-1.8571;6.1257966729084385;3.8844822141560797
-0.5;-1.5143;6.1257966729084385;3.8844822141560797
-0.1875;-1.0571;6.1257966729084385;3.8844822141560797
0.0;-0.5143;6.1257966729084385;3.8844822141560797
0.0;0.0;6.1257966729084385;3.8844822141560797
0.0;0.6286;6.1257966729084385;3.8844822141560797
0.0;1.2571;6.1257966729084385;3.8844822141560797
0.0625;1.8;6.1257966729084385;3.8844822141560797
0.625;2.2286;6.1257966729084385;3.8844822141560797
1.4375;2.7714;6.1257966729084385;3.8844822141560797
2.1875;3.3429;6.1257966729084385;3.8844822141560797
2.375;3.8857;6.1257966729084385;3.8844822141560797
2.375;4.4;6.1257966729084385;3.8844822141560797
2.5;4.9714;6.1257966729084385;3.8844822141560797
2.9375;5.5143;6.1257966729084385;3.8844822141560797
3.5;6.1429;6.1257966729084385;3.8844822141560797
3.9375;6.8571;6.1257966729084385;3.8844822141560797
4.25;7.6286;6.1257966729084385;3.8844822141560797
4.6875;8.2857;6.1257966729084385;3.8844822141560797
5.0625;9.1143;6.1257966729084385;3.8844822141560797
5.125;9.9429;6.1257966729084385;3.8844822141560797
5.125;10.7429;6.1257966729084385;3.8844822141560797
5.125;11.4857;6.1257966729084385;3.8844822141560797
5.0625;12.3429;6.1257966729084385;3.8844822141560797
5.0625;13.1429;6.1257966729084385;3.8844822141560797
5.1875;13.9714;6.1257966729084385;3.8844822141560797
6.3125;14.9143;6.1257966729084385;3.8844822141560797
8.875;15.5429;6.1257966729084385;3.8844822141560797
11.875;16.4857;6.1257966729084385;3.8844822141560797
14.1875;17.2286;6.1257966729084385;3.8844822141560797
15.625;18.0286;6.1257966729084385;3.8844822141560797
16.5625;19.0;6.1257966729084385;3.8844822141560797
17.375;19.7714;6.1257966729084385;3.8844822141560797
18.1875;20.4571;6.1257966729084385;3.8844822141560797
19.0;21.4286;6.1257966729084385;3.8844822141560797
19.8125;22.3429;6.1257966729084385;3.8844822141560797
20.6875;22.9429;6.1257966729084385;3.8844822141560797
21.5625;23.7714;6.1257966729084385;3.8844822141560797
22.4375;24.6286;6.1257966729084385;3.8844822141560797
23.3125;25.4857;6.1257966729084385;3.8844822141560797
24.25;26.4;6.1257966729084385;3.8844822141560797
25.25;26.9429;6.1257966729084385;3.8844822141560797
26.1875;27.6857;6.1257966729084385;3.8844822141560797
27.0;28.3429;6.1257966729084385;3.8844822141560797
27.625;28.9429;6.1257966729084385;3.8844822141560797
28.3125;29.6;6.1257966729084385;3.8844822141560797
29.125;30.3143;6.1257966729084385;3.8844822141560797
29.9375;31.0286;6.1257966729084385;3.8844822141560797
30.625;31.9143;6.1257966729084385;3.8844822141560797
31.375;32.5714;6.1257966729084385;3.8844822141560797
32.0625;33.1429;6.1257966729084385;3.8844822141560797
32.75;33.5429;6.1257966729084385;3.8844822141560797
33.25;34.3143;6.1257966729084385;3.8844822141560797
33.4375;35.1143;6.1257966729084385;3.8844822141560797
33.5;35.8286;6.1257966729084385;3.8844822141560797
33.5;36.3714;6.1257966729084385;3.8844822141560797
33.4375;37.0857;6.1257966729084385;3.8844822141560797
33.5;37.9714;6.1257966729084385;3.8844822141560797
34.125;38.8286;6.1257966729084385;3.8844822141560797
35.6875;39.4571;6.1257966729084385;3.8844822141560797
37.625;40.1714;6.1257966729084385;3.8844822141560797
39.25;40.7714;6.1257966729084385;3.8844822141560797
40.4375;41.4857;6.1257966729084385;3.8844822141560797
41.375;42.3714;6.1257966729084385;3.8844822141560797
42.1875;43.0;6.1257966729084385;3.8844822141560797
42.9375;43.3714;6.1257966729084385;3.8844822141560797
43.6875;44.1429;6.1257966729084385;3.8844822141560797
44.4375;44.9143;6.1257966729084385;3.8844822141560797
45.125;45.2857;6.1257966729084385;3.8844822141560797
45.875;45.7143;6.1257966729084385;3.8844822141560797
46.625;46.4571;6.1257966729084385;3.8844822141560797
47.375;47.0286;6.1257966729084385;3.8844822141560797
48.125;47.9429;6.1257966729084385;3.8844822141560797
48.9375;48.8571;6.1257966729084385;3.8844822141560797
49.6875;49.2;6.1257966729084385;3.8844822141560797
50.3125;49.4571;6.1257966729084385;3.8844822141560797
50.6875;50.4286;6.1257966729084385;3.8844822141560797
51.125;50.7429;6.1257966729084385;3.8844822141560797
51.75;51.4571;6.1257966729084385;3.8844822141560797
52.5625;51.9429;6.1257966729084385;3.8844822141560797
53.375;52.0;6.1257966729084385;3.8844822141560797
54.0;53.1429;6.1257966729084385;3.8844822141560797
54.375;53.0857;6.1257966729084385;3.8844822141560797
54.625;54.4;6.1257966729084385;3.8844822141560797
54.8125;54.8857;6.1257966729084385;3.8844822141560797
54.875;54.7714;6.1257966729084385;3.8844822141560797
54.875;55.3714;6.1257966729084385;3.8844822141560797
54.875;55.7143;6.1257966729084385;3.8844822141560797
54.875;57.0857;6.1257966729084385;3.8844822141560797
55.4375;57.6;6.1257966729084385;3.8844822141560797
56.9375;57.9143;6.1257966729084385;3.8844822141560797
58.75;59.0857;6.1257966729084385;3.8844822141560797
60.1875;59.9429;6.1257966729084385;3.8844822141560797
61.125;60.1429;6.1257966729084385;3.8844822141560797
61.625;60.2286;6.1257966729084385;3.8844822141560797
62.0625;60.7143;6.1257966729084385;3.8844822141560797
62.75;61.2857;6.1257966729084385;3.8844822141560797
63.75;61.2857;6.1257966729084385;3.8844822141560797
64.75;62.4286;6.1257966729084385;3.8844822141560797
65.4375;62.8286;6.1257966729084385;3.8844822141560797
66.0;63.6857;6.1257966729084385;3.8844822141560797
66.5;63.4286;6.1257966729084385;3.8844822141560797
67.0625;64.2286;6.1257966729084385;3.8844822141560797
67.75;64.8286;6.1257966729084385;3.8844822141560797
68.5;65.9429;6.1257966729084385;3.8844822141560797
69.125;66.1714;6.1257966729084385;3.8844822141560797
69.875;66.2571;6.1257966729084385;3.8844822141560797
70.75;67.1714;6.1257966729084385;3.8844822141560797
71.6875;68.1429;6.1257966729084385;3.8844822141560797
72.375;68.3429;6.1257966729084385;3.8844822141560797
72.625;69.2;6.1257966729084385;3.8844822141560797
72.6875;68.7429;6.1257966729084385;3.8844822141560797
72.75;69.4857;6.1257966729084385;3.8844822141560797
73.1875;69.7714;6.1257966729084385;3.8844822141560797
74.0;70.2571;6.1257966729084385;3.8844822141560797
75.0;70.8857;6.1257966729084385;3.8844822141560797
75.6875;71.0286;6.1257966729084385;3.8844822141560797
76.0625;71.3429;6.1257966729084385;3.8844822141560797
76.1875;72.8;6.1257966729084385;3.8844822141560797
76.1875;73.1143;6.1257966729084385;3.8844822141560797
76.0625;74.5143;6.1257966729084385;3.8844822141560797
76.125;74.1429;6.1257966729084385;3.8844822141560797
76.75;75.5714;6.1257966729084385;3.8844822141560797
78.125;76.6857;6.1257966729084385;3.8844822141560797
79.6875;76.5143;6.1257966729084385;3.8844822141560797
80.8125;77.6;6.1257966729084385;3.8844822141560797
81.75;77.9714;6.1257966729084385;3.8844822141560797
82.5;77.3143;6.1257966729084385;3.8844822141560797
83.125;77.6857;6.1257966729084385;3.8844822141560797
83.625;77.0857;6.1257966729084385;3.8844822141560797
84.0625;76.6286;6.1257966729084385;3.8844822141560797
84.4375;77.0;6.1257966729084385;3.8844822141560797
84.8125;77.6571;6.1257966729084385;3.8844822141560797
85.0625;78.3143;6.1257966729084385;3.8844822141560797
85.5;78.1143;6.1257966729084385;3.8844822141560797
86.3125;77.7143;6.1257966729084385;3.8844822141560797
87.0625;78.8286;6.1257966729084385;3.8844822141560797
87.3125;80.0;6.1257966729084385;3.8844822141560797
87.0625;79.5143;6.1257966729084385;3.8844822141560797
87.0625;80.5714;6.1257966729084385;3.8844822141560797
87.8125;80.3714;6.1257966729084385;3.8844822141560797
89.1875;81.2571;6.1257966729084385;3.8844822141560797
90.625;83.7429;6.1257966729084385;3.8844822141560797
91.4375;82.4857;6.1257966729084385;3.8844822141560797
91.4375;82.6286;6.1257966729084385;3.8844822141560797
91.0625;82.4286;6.1257966729084385;3.8844822141560797
91.125;83.7143;6.1257966729084385;3.8844822141560797
91.875;80.8857;6.1257966729084385;3.8844822141560797
92.75;82.7429;6.1257966729084385;3.8844822141560797
93.3125;82.3714;6.1257966729084385;3.8844822141560797
93.5625;84.8857;6.1257966729084385;3.8844822141560797
93.625;83.8857;6.1257966729084385;3.8844822141560797
93.625;85.5429;6.1257966729084385;3.8844822141560797
93.875;84.6857;6.1257966729084385;3.8844822141560797
94.6875;85.5429;6.1257966729084385;3.8844822141560797
96.375;87.8857;6.1257966729084385;3.8844822141560797
98.1875;88.4857;6.1257966729084385;3.8844822141560797
99.4375;88.7143;6.1257966729084385;3.8844822141560797
99.875;89.4571;6.1257966729084385;3.8844822141560797
99.8125;90.3714;6.1257966729084385;3.8844822141560797
99.875;88.6571;6.1257966729084385;3.8844822141560797
100.5;87.9143;6.1257966729084385;3.8844822141560797
101.4375;87.1714;6.1257966729084385;3.8844822141560797
102.25;90.2;6.1257966729084385;3.8844822141560797
102.8125;88.5714;6.1257966729084385;3.8844822141560797
103.0625;90.2571;6.1257966729084385;3.8844822141560797
102.875;89.7714;6.1257966729084385;3.8844822141560797
102.4375;91.3714;6.1257966729084385;3.8844822141560797
102.1875;90.7429;6.1257966729084385;3.8844822141560797
102.5625;91.4;6.1257966729084385;3.8844822141560797
103.625;90.9714;6.1257966729084385;3.8844822141560797
104.5;90.6286;6.1257966729084385;3.8844822141560797
104.75;91.7714;6.1257966729084385;3.8844822141560797
104.875;93.8;6.1257966729084385;3.8844822141560797
105.3125;94.5143;6.1257966729084385;3.8844822141560797
105.75;94.2286;6.1257966729084385;3.8844822141560797
105.875;94.1714;6.1257966729084385;3.8844822141560797
106.4375;94.5143;6.1257966729084385;3.8844822141560797
107.875;95.3429;6.1257966729084385;3.8844822141560797
109.625;95.2;6.1257966729084385;3.8844822141560797
110.8125;96.7143;6.1257966729084385;3.8844822141560797
111.3125;95.3429;6.1257966729084385;3.8844822141560797
111.4375;94.2286;6.1257966729084385;3.8844822141560797
111.375;97.4571;6.1257966729084385;3.8844822141560797
111.3125;96.1143;6.1257966729084385;3.8844822141560797
111.0;97.6857;6.1257966729084385;3.8844822141560797
110.375;96.4857;6.1257966729084385;3.8844822141560797
109.75;98.8857;6.1257966729084385;3.8844822141560797
109.75;98.7429;6.1257966729084385;3.8844822141560797
110.25;100.1429;6.1257966729084385;3.8844822141560797
110.9375;99.8571;6.1257966729084385;3.8844822141560797
112.25;100.7429;6.1257966729084385;3.8844822141560797
114.25;100.2857;6.1257966729084385;3.8844822141560797
115.875;101.9714;6.1257966729084385;3.8844822141560797
116.4375;101.3429;6.1257966729084385;3.8844822141560797
116.3125;101.7714;6.1257966729084385;3.8844822141560797
116.1875;102.2286;6.1257966729084385;3.8844822141560797
116.125;100.9429;6.1257966729084385;3.8844822141560797
116.125;101.6;6.1257966729084385;3.8844822141560797
116.4375;102.6286;6.1257966729084385;3.8844822141560797
116.9375;101.5143;6.1257966729084385;3.8844822141560797
117.25;102.8857;6.1257966729084385;3.8844822141560797
117.4375;104.2571;6.1257966729084385;3.8844822141560797
117.375;103.9714;6.1257966729084385;3.8844822141560797
117.0625;104.5714;6.1257966729084385;3.8844822141560797
117.0625;105.0571;6.1257966729084385;3.8844822141560797
117.8125;105.7714;6.1257966729084385;3.8844822141560797
119.0625;105.0286;6.1257966729084385;3.8844822141560797
120.0625;103.9429;6.1257966729084385;3.8844822141560797
120.5625;104.4857;6.1257966729084385;3.8844822141560797
120.9375;105.2857;6.1257966729084385;3.8844822141560797
121.4375;107.0286;6.1257966729084385;3.8844822141560797
121.9375;106.4857;6.1257966729084385;3.8844822141560797
122.25;108.3714;6.1257966729084385;3.8844822141560797
122.4375;108.3714;6.1257966729084385;3.8844822141560797
122.4375;108.4286;6.1257966729084385;3.8844822141560797
122.125;108.9143;6.1257966729084385;3.8844822141560797
121.75;109.4571;6.1257966729084385;3.8844822141560797
121.8125;107.9714;6.1257966729084385;3.8844822141560797
122.1875;108.9714;6.1257966729084385;3.8844822141560797
122.4375;106.4;6.1257966729084385;3.8844822141560797
122.625;110.4286;6.1257966729084385;3.8844822141560797
122.5625;110.8;6.1257966729084385;3.8844822141560797
122.5;111.5714;6.1257966729084385;3.8844822141560797
122.75;111.1429;6.1257966729084385;3.8844822141560797
123.3125;112.0857;6.1257966729084385;3.8844822141560797
124.4375;111.4571;6.1257966729084385;3.8844822141560797
126.0;111.3143;6.1257966729084385;3.8844822141560797
127.5;112.8571;6.1257966729084385;3.8844822141560797
128.25;111.7714;6.1257966729084385;3.8844822141560797
128.0;112.0857;6.1257966729084385;3.8844822141560797
127.125;111.7714;6.1257966729084385;3.8844822141560797
126.5625;112.3714;6.1257966729084385;3.8844822141560797
126.75;113.2571;6.1257966729084385;3.8844822141560797
127.0625;113.9429;6.1257966729084385;3.8844822141560797
127.5;113.6286;6.1257966729084385;3.8844822141560797
127.8125;113.0;6.1257966729084385;3.8844822141560797
128.0625;114.5714;6.1257966729084385;3.8844822141560797
128.8125;114.5429;6.1257966729084385;3.8844822141560797
130.125;115.6;6.1257966729084385;3.8844822141560797
131.1875;115.9714;6.1257966729084385;3.8844822141560797
131.5625;114.3429;6.1257966729084385;3.8844822141560797
131.4375;116.0857;6.1257966729084385;3.8844822141560797
130.875;114.0286;6.1257966729084385;3.8844822141560797
130.3125;114.5429;6.1257966729084385;3.8844822141560797
129.9375;115.7143;6.1257966729084385;3.8844822141560797
129.8125;115.8857;6.1257966729084385;3.8844822141560797
129.8125;116.8286;6.1257966729084385;3.8844822141560797
129.75;115.5714;6.1257966729084385;3.8844822141560797
129.875;114.9143;6.1257966729084385;3.8844822141560797
130.5;116.5143;6.1257966729084385;3.8844822141560797
131.5;116.6;6.1257966729084385;3.8844822141560797
132.0625;117.1143;6.1257966729084385;3.8844822141560797
132.3125;117.5143;6.1257966729084385;3.8844822141560797
132.5;119.4857;6.1257966729084385;3.8844822141560797
132.5625;118.6;6.1257966729084385;3.8844822141560797
132.8125;119.3143;6.1257966729084385;3.8844822141560797
133.125;117.2857;6.1257966729084385;3.8844822141560797
133.5;117.6;6.1257966729084385;3.8844822141560797
134.25;119.3714;6.1257966729084385;3.8844822141560797
135.3125;117.7714;6.1257966729084385;3.8844822141560797
136.125;118.8571;6.1257966729084385;3.8844822141560797
136.1875;117.6857;6.1257966729084385;3.8844822141560797
135.5625;118.6571;6.1257966729084385;3.8844822141560797
134.625;118.2286;6.1257966729084385;3.8844822141560797
134.125;120.2857;6.1257966729084385;3.8844822141560797
134.4375;119.3714;6.1257966729084385;3.8844822141560797
135.0625;119.0857;6.1257966729084385;3.8844822141560797
135.625;119.8571;6.1257966729084385;3.8844822141560797
136.1875;120.4286;6.1257966729084385;3.8844822141560797
136.875;123.1429;6.1257966729084385;3.8844822141560797
137.5;122.2;6.1257966729084385;3.8844822141560797
137.8125;120.1143;6.1257966729084385;3.8844822141560797
137.625;120.0286;6.1257966729084385;3.8844822141560797
137.25;120.5714;6.1257966729084385;3.8844822141560797
137.4375;120.2571;6.1257966729084385;3.8844822141560797
138.125;121.1714;6.1257966729084385;3.8844822141560797
138.625;121.8571;6.1257966729084385;3.8844822141560797
138.9375;120.4286;6.1257966729084385;3.8844822141560797
139.0625;121.8857;6.1257966729084385;3.8844822141560797
138.875;122.1143;6.1257966729084385;3.8844822141560797
138.75;121.1143;6.1257966729084385;3.8844822141560797
139.25;122.2571;6.1257966729084385;3.8844822141560797
139.875;123.1714;6.1257966729084385;3.8844822141560797
139.9375;123.2286;6.1257966729084385;3.8844822141560797
139.875;122.6857;6.1257966729084385;3.8844822141560797
139.5;123.6857;6.1257966729084385;3.8844822141560797
139.25;122.0571;6.1257966729084385;3.8844822141560797
139.625;123.4286;6.1257966729084385;3.8844822141560797
140.25;124.1714;6.1257966729084385;3.8844822141560797
140.625;124.6571;6.1257966729084385;3.8844822141560797
140.75;123.9143;6.1257966729084385;3.8844822141560797
141.0;124.0571;6.1257966729084385;3.8844822141560797
141.375;123.0;6.1257966729084385;3.8844822141560797
141.125;124.0571;6.1257966729084385;3.8844822141560797
140.25;124.2857;6.1257966729084385;3.8844822141560797
139.625;123.1143;6.1257966729084385;3.8844822141560797
139.6875;125.2286;6.1257966729084385;3.8844822141560797
140.3125;124.5714;6.1257966729084385;3.8844822141560797
141.0625;125.1429;6.1257966729084385;3.8844822141560797
141.6875;126.5143;6.1257966729084385;3.8844822141560797
142.4375;127.7143;6.1257966729084385;3.8844822141560797
142.9375;128.4857;6.1257966729084385;3.8844822141560797
143.25;128.5429;6.1257966729084385;3.8844822141560797
143.375;127.5143;6.1257966729084385;3.8844822141560797
143.375;128.2286;6.1257966729084385;3.8844822141560797
143.125;129.5714;6.1257966729084385;3.8844822141560797
142.875;129.5429;6.1257966729084385;3.8844822141560797
142.875;129.4571;6.1257966729084385;3.8844822141560797
142.9375;127.0;6.1257966729084385;3.8844822141560797
143.0;125.6571;6.1257966729084385;3.8844822141560797
143.0;124.6286;6.1257966729084385;3.8844822141560797
143.0;128.0286;6.1257966729084385;3.8844822141560797
142.8125;129.1429;6.1257966729084385;3.8844822141560797
142.8125;129.5143;6.1257966729084385;3.8844822141560797
143.4375;129.7143;6.1257966729084385;3.8844822141560797
144.8125;128.3143;6.1257966729084385;3.8844822141560797
146.25;129.4;6.1257966729084385;3.8844822141560797
147.5;130.1429;6.1257966729084385;3.8844822141560797
148.5;128.5429;6.1257966729084385;3.8844822141560797
148.5;130.0;6.1257966729084385;3.8844822141560797
147.4375;129.9143;6.1257966729084385;3.8844822141560797
146.5;130.3714;6.1257966729084385;3.8844822141560797
146.3125;130.4286;6.1257966729084385;3.8844822141560797
146.9375;131.5143;6.1257966729084385;3.8844822141560797
147.75;131.6286;6.1257966729084385;3.8844822141560797
147.875;130.6857;6.1257966729084385;3.8844822141560797
147.6875;130.4286;6.1257966729084385;3.8844822141560797
147.75;132.2286;6.1257966729084385;3.8844822141560797
148.0;132.0857;6.1257966729084385;3.8844822141560797
147.9375;129.6857;6.1257966729084385;3.8844822141560797
147.75;129.4286;6.1257966729084385;3.8844822141560797
147.875;130.7143;6.1257966729084385;3.8844822141560797
148.0;131.7143;6.1257966729084385;3.8844822141560797
147.6875;132.4;6.1257966729084385;3.8844822141560797
147.5625;132.1429;6.1257966729084385;3.8844822141560797
147.8125;134.9429;6.1257966729084385;3.8844822141560797
148.375;133.9143;6.1257966729084385;3.8844822141560797
148.8125;132.8;6.1257966729084385;3.8844822141560797
149.125;133.0286;6.1257966729084385;3.8844822141560797
149.3125;131.7143;6.1257966729084385;3.8844822141560797
149.4375;132.8286;6.1257966729084385;3.8844822141560797
149.4375;133.0;6.1257966729084385;3.8844822141560797
149.4375;134.0;6.1257966729084385;3.8844822141560797
149.4375;133.8571;6.1257966729084385;3.8844822141560797
149.625;132.9143;6.1257966729084385;3.8844822141560797
150.0;132.7714;6.1257966729084385;3.8844822141560797
150.0625;134.1714;6.1257966729084385;3.8844822141560797
149.8125;133.9429;6.1257966729084385;3.8844822141560797
149.8125;133.5429;6.1257966729084385;3.8844822141560797
150.0;134.5714;6.1257966729084385;3.8844822141560797
150.1875;134.3714;6.1257966729084385;3.8844822141560797
150.4375;133.8857;6.1257966729084385;3.8844822141560797
150.8125;134.9143;6.1257966729084385;3.8844822141560797
150.9375;134.6571;6.1257966729084385;3.8844822141560797
151.0625;135.0;6.1257966729084385;3.8844822141560797
151.125;135.3714;6.1257966729084385;3.8844822141560797
151.5;134.8857;6.1257966729084385;3.8844822141560797
152.3125;135.9143;6.1257966729084385;3.8844822141560797
153.1875;135.6857;6.1257966729084385;3.8844822141560797
153.5625;137.1429;6.1257966729084385;3.8844822141560797
153.5625;136.2571;6.1257966729084385;3.8844822141560797
153.4375;136.0571;6.1257966729084385;3.8844822141560797
152.9375;136.0571;6.1257966729084385;3.8844822141560797
152.3125;135.2;6.1257966729084385;3.8844822141560797
152.25;134.5143;6.1257966729084385;3.8844822141560797
152.25;134.1714;6.1257966729084385;3.8844822141560797
152.25;133.9714;6.1257966729084385;3.8844822141560797
152.625;131.8;6.1257966729084385;3.8844822141560797
152.9375;132.5714;6.1257966729084385;3.8844822141560797
152.75;133.1429;6.1257966729084385;3.8844822141560797
152.0;132.0286;6.1257966729084385;3.8844822141560797
151.3125;131.9714;6.1257966729084385;3.8844822141560797
150.875;130.8;6.1257966729084385;3.8844822141560797
150.6875;130.1143;6.1257966729084385;3.8844822141560797
150.6875;128.7714;6.1257966729084385;3.8844822141560797
150.4375;130.2;6.1257966729084385;3.8844822141560797
149.5;128.6;6.1257966729084385;3.8844822141560797
148.0625;128.8286;6.1257966729084385;3.8844822141560797
146.6875;127.9714;6.1257966729084385;3.8844822141560797
145.9375;128.0;6.1257966729084385;3.8844822141560797
145.8125;126.9714;6.1257966729084385;3.8844822141560797
145.5625;125.6286;6.1257966729084385;3.8844822141560797
145.25;124.3714;6.1257966729084385;3.8844822141560797
144.875;124.6857;6.1257966729084385;3.8844822141560797
144.375;124.8571;6.1257966729084385;3.8844822141560797
143.8125;123.7143;6.1257966729084385;3.8844822141560797
143.3125;122.9429;6.1257966729084385;3.8844822141560797
142.4375;123.7714;6.1257966729084385;3.8844822141560797
141.1875;123.8857;6.1257966729084385;3.8844822141560797
140.375;122.8;6.1257966729084385;3.8844822141560797
140.4375;123.6857;6.1257966729084385;3.8844822141560797
141.25;123.6286;6.1257966729084385;3.8844822141560797
141.8125;122.7429;6.1257966729084385;3.8844822141560797
141.625;121.9714;6.1257966729084385;3.8844822141560797
141.125;121.0857;6.1257966729084385;3.8844822141560797
140.1875;122.2571;6.1257966729084385;3.8844822141560797
138.8125;121.8857;6.1257966729084385;3.8844822141560797
137.5;121.7143;6.1257966729084385;3.8844822141560797
136.625;120.4857;6.1257966729084385;3.8844822141560797
136.3125;121.3429;6.1257966729084385;3.8844822141560797
136.5;120.8;6.1257966729084385;3.8844822141560797
136.8125;120.4571;6.1257966729084385;3.8844822141560797
136.875;119.7714;6.1257966729084385;3.8844822141560797
136.5;118.8286;6.1257966729084385;3.8844822141560797
136.1875;118.1429;6.1257966729084385;3.8844822141560797
136.0;117.4857;6.1257966729084385;3.8844822141560797
135.9375;115.8857;6.1257966729084385;3.8844822141560797
135.9375;116.1143;6.1257966729084385;3.8844822141560797
135.5625;115.7429;6.1257966729084385;3.8844822141560797
134.5625;115.2571;6.1257966729084385;3.8844822141560797
133.1875;114.4286;6.1257966729084385;3.8844822141560797
132.0;115.5429;6.1257966729084385;3.8844822141560797
131.1875;114.7714;6.1257966729084385;3.8844822141560797
130.9375;112.9714;6.1257966729084385;3.8844822141560797
131.125;114.5714;6.1257966729084385;3.8844822141560797
131.125;115.5143;6.1257966729084385;3.8844822141560797
130.625;114.3714;6.1257966729084385;3.8844822141560797
130.0625;114.5714;6.1257966729084385;3.8844822141560797
129.5625;114.4571;6.1257966729084385;3.8844822141560797
129.125;114.0;6.1257966729084385;3.8844822141560797
128.6875;112.7143;6.1257966729084385;3.8844822141560797
128.25;113.0857;6.1257966729084385;3.8844822141560797
127.75;111.9429;6.1257966729084385;3.8844822141560797
127.375;111.4286;6.1257966729084385;3.8844822141560797
127.25;110.3714;6.1257966729084385;3.8844822141560797
127.0;110.0571;6.1257966729084385;3.8844822141560797
126.625;110.4286;6.1257966729084385;3.8844822141560797
126.5;109.4857;6.1257966729084385;3.8844822141560797
126.3125;110.2857;6.1257966729084385;3.8844822141560797
125.875;109.6286;6.1257966729084385;3.8844822141560797
125.875;108.6571;6.1257966729084385;3.8844822141560797
126.0625;108.8;6.1257966729084385;3.8844822141560797
125.6875;108.8;6.1257966729084385;3.8844822141560797
125.0;108.7143;6.1257966729084385;3.8844822141560797
124.125;108.3143;6.1257966729084385;3.8844822141560797
123.375;107.6571;6.1257966729084385;3.8844822141560797
123.0;107.2;6.1257966729084385;3.8844822141560797
122.8125;106.4286;6.1257966729084385;3.8844822141560797
122.8125;105.3714;6.1257966729084385;3.8844822141560797
122.875;106.8857;6.1257966729084385;3.8844822141560797
122.875;105.4857;6.1257966729084385;3.8844822141560797
122.5625;104.6571;6.1257966729084385;3.8844822141560797
121.9375;104.7429;6.1257966729084385;3.8844822141560797
121.25;103.5714;6.1257966729084385;3.8844822141560797
120.5625;104.6571;6.1257966729084385;3.8844822141560797
120.0625;103.7714;6.1257966729084385;3.8844822141560797
120.0;104.2;6.1257966729084385;3.8844822141560797
120.0625;102.3143;6.1257966729084385;3.8844822141560797
120.0;103.0571;6.1257966729084385;3.8844822141560797
119.9375;102.2;6.1257966729084385;3.8844822141560797
119.75;101.6857;6.1257966729084385;3.8844822141560797
119.8125;101.9143;6.1257966729084385;3.8844822141560797
120.1875;102.1429;6.1257966729084385;3.8844822141560797
120.1875;101.7429;6.1257966729084385;3.8844822141560797
119.125;100.6571;6.1257966729084385;3.8844822141560797
117.5;100.8857;6.1257966729084385;3.8844822141560797
116.125;100.7714;6.1257966729084385;3.8844822141560797
115.375;100.0;6.1257966729084385;3.8844822141560797
115.25;99.7429;6.1257966729084385;3.8844822141560797
115.3125;100.4;6.1257966729084385;3.8844822141560797
115.625;100.9429;6.1257966729084385;3.8844822141560797
115.8125;99.6;6.1257966729084385;3.8844822141560797
115.875;99.2857;6.1257966729084385;3.8844822141560797
115.75;98.7429;6.1257966729084385;3.8844822141560797
115.5;97.4;6.1257966729084385;3.8844822141560797
115.0625;97.0571;6.1257966729084385;3.8844822141560797
114.4375;97.2;6.1257966729084385;3.8844822141560797
113.875;95.6286;6.1257966729084385;3.8844822141560797
113.5625;94.4857;6.1257966729084385;3.8844822141560797
113.4375;94.7429;6.1257966729084385;3.8844822141560797
113.4375;96.2571;6.1257966729084385;3.8844822141560797
113.375;95.0286;6.1257966729084385;3.8844822141560797
112.875;93.5143;6.1257966729084385;3.8844822141560797
112.0;94.6;6.1257966729084385;3.8844822141560797
111.25;96.0857;6.1257966729084385;3.8844822141560797
111.0625;95.2857;6.1257966729084385;3.8844822141560797
111.0625;93.9143;6.1257966729084385;3.8844822141560797
111.1875;94.3714;6.1257966729084385;3.8844822141560797
111.0625;95.2286;6.1257966729084385;3.8844822141560797
110.75;93.9143;6.1257966729084385;3.8844822141560797
110.375;93.8571;6.1257966729084385;3.8844822141560797
110.125;93.7143;6.1257966729084385;3.8844822141560797
109.625;92.6286;6.1257966729084385;3.8844822141560797
108.8125;92.1143;6.1257966729084385;3.8844822141560797
108.1875;93.0571;6.1257966729084385;3.8844822141560797
108.1875;93.0857;6.1257966729084385;3.8844822141560797
108.6875;92.3143;6.1257966729084385;3.8844822141560797
108.8125;92.8571;6.1257966729084385;3.8844822141560797
108.375;91.0286;6.1257966729084385;3.8844822141560797
107.75;90.8;6.1257966729084385;3.8844822141560797
107.125;91.0857;6.1257966729084385;3.8844822141560797
106.75;90.0286;6.1257966729084385;3.8844822141560797
106.3125;90.9429;6.1257966729084385;3.8844822141560797
105.625;88.5143;6.1257966729084385;3.8844822141560797
104.625;90.1143;6.1257966729084385;3.8844822141560797
103.4375;87.1429;6.1257966729084385;3.8844822141560797
102.6875;87.1714;6.1257966729084385;3.8844822141560797
102.75;88.2;6.1257966729084385;3.8844822141560797
102.9375;88.8;6.1257966729084385;3.8844822141560797
103.0;86.7143;6.1257966729084385;3.8844822141560797
102.9375;86.4;6.1257966729084385;3.8844822141560797
102.875;87.6286;6.1257966729084385;3.8844822141560797
102.875;85.4;6.1257966729084385;3.8844822141560797
102.9375;85.7143;6.1257966729084385;3.8844822141560797
102.625;85.4286;6.1257966729084385;3.8844822141560797
101.5625;88.2571;6.1257966729084385;3.8844822141560797
100.5;85.1714;6.1257966729084385;3.8844822141560797
100.0;86.1429;6.1257966729084385;3.8844822141560797
99.8125;85.3143;6.1257966729084385;3.8844822141560797
99.6875;85.8;6.1257966729084385;3.8844822141560797
99.4375;85.9143;6.1257966729084385;3.8844822141560797
99.125;84.3143;6.1257966729084385;3.8844822141560797
99.0625;83.8286;6.1257966729084385;3.8844822141560797
99.1875;83.6571;6.1257966729084385;3.8844822141560797
99.375;84.1714;6.1257966729084385;3.8844822141560797
99.0625;83.9714;6.1257966729084385;3.8844822141560797
97.9375;86.1143;6.1257966729084385;3.8844822141560797
96.375;85.9429;6.1257966729084385;3.8844822141560797
95.3125;85.0857;6.1257966729084385;3.8844822141560797
95.6875;84.4571;6.1257966729084385;3.8844822141560797
96.8125;83.3429;6.1257966729084385;3.8844822141560797
97.6875;83.4571;6.1257966729084385;3.8844822141560797
97.8125;81.9714;6.1257966729084385;3.8844822141560797
97.4375;81.3714;6.1257966729084385;3.8844822141560797
96.5625;80.4;6.1257966729084385;3.8844822141560797
95.4375;80.8;6.1257966729084385;3.8844822141560797
94.3125;80.1143;6.1257966729084385;3.8844822141560797
93.375;82.4571;6.1257966729084385;3.8844822141560797
92.5625;80.7714;6.1257966729084385;3.8844822141560797
91.875;81.1429;6.1257966729084385;3.8844822141560797
91.5;81.9143;6.1257966729084385;3.8844822141560797
91.4375;81.7714;6.1257966729084385;3.8844822141560797
91.5;80.4857;6.1257966729084385;3.8844822141560797
91.5625;79.1714;6.1257966729084385;3.8844822141560797
91.625;81.2;6.1257966729084385;3.8844822141560797
91.5625;81.4857;6.1257966729084385;3.8844822141560797
91.125;81.3714;6.1257966729084385;3.8844822141560797
90.5;80.8571;6.1257966729084385;3.8844822141560797
90.25;80.4;6.1257966729084385;3.8844822141560797
90.6875;79.9143;6.1257966729084385;3.8844822141560797
91.5;81.1714;6.1257966729084385;3.8844822141560797
92.3125;80.6286;6.1257966729084385;3.8844822141560797
92.6875;80.9714;6.1257966729084385;3.8844822141560797
92.3125;79.0857;6.1257966729084385;3.8844822141560797
91.3125;79.7714;6.1257966729084385;3.8844822141560797
90.375;80.0;6.1257966729084385;3.8844822141560797
90.0;78.5143;6.1257966729084385;3.8844822141560797
89.75;77.9429;6.1257966729084385;3.8844822141560797
89.25;77.8;6.1257966729084385;3.8844822141560797
88.75;75.8571;6.1257966729084385;3.8844822141560797
88.375;76.9714;6.1257966729084385;3.8844822141560797
87.9375;76.5714;6.1257966729084385;3.8844822141560797
87.5625;75.2286;6.1257966729084385;3.8844822141560797
87.4375;77.4571;6.1257966729084385;3.8844822141560797
87.375;76.3143;6.1257966729084385;3.8844822141560797
86.75;77.2857;6.1257966729084385;3.8844822141560797
85.75;76.9143;6.1257966729084385;3.8844822141560797
85.0;76.0571;6.1257966729084385;3.8844822141560797
84.875;75.6857;6.1257966729084385;3.8844822141560797
85.0;75.9429;6.1257966729084385;3.8844822141560797
85.1875;76.4571;6.1257966729084385;3.8844822141560797
85.5;76.7143;6.1257966729084385;3.8844822141560797
86.0625;76.5714;6.1257966729084385;3.8844822141560797
86.625;76.8857;6.1257966729084385;3.8844822141560797
86.9375;76.4857;6.1257966729084385;3.8844822141560797
87.0625;74.9429;6.1257966729084385;3.8844822141560797
87.0625;74.8;6.1257966729084385;3.8844822141560797
86.875;74.4857;6.1257966729084385;3.8844822141560797
86.375;75.4857;6.1257966729084385;3.8844822141560797
85.5;75.8;6.1257966729084385;3.8844822141560797
84.375;74.8;6.1257966729084385;3.8844822141560797
83.4375;74.4;6.1257966729084385;3.8844822141560797
83.0625;74.8;6.1257966729084385;3.8844822141560797
83.0;74.3143;6.1257966729084385;3.8844822141560797
83.125;73.3429;6.1257966729084385;3.8844822141560797
83.125;73.3714;6.1257966729084385;3.8844822141560797
83.25;74.0286;6.1257966729084385;3.8844822141560797
83.4375;73.2571;6.1257966729084385;3.8844822141560797
83.25;73.2857;6.1257966729084385;3.8844822141560797
82.375;72.6857;6.1257966729084385;3.8844822141560797
81.125;72.8286;6.1257966729084385;3.8844822141560797
79.9375;71.9143;6.1257966729084385;3.8844822141560797
79.3125;71.3429;6.1257966729084385;3.8844822141560797
79.5625;71.4286;6.1257966729084385;3.8844822141560797
80.25;71.4286;6.1257966729084385;3.8844822141560797
80.4375;71.9143;6.1257966729084385;3.8844822141560797
80.0;69.9429;6.1257966729084385;3.8844822141560797
79.1875;69.4286;6.1257966729084385;3.8844822141560797
78.375;68.9429;6.1257966729084385;3.8844822141560797
77.6875;68.6857;6.1257966729084385;3.8844822141560797
77.0;70.0857;6.1257966729084385;3.8844822141560797
76.375;70.3429;6.1257966729084385;3.8844822141560797
75.9375;70.8286;6.1257966729084385;3.8844822141560797
75.875;70.1429;6.1257966729084385;3.8844822141560797
76.375;70.6;6.1257966729084385;3.8844822141560797
77.0625;69.9429;6.1257966729084385;3.8844822141560797
77.5625;70.0857;6.1257966729084385;3.8844822141560797
77.75;69.5714;6.1257966729084385;3.8844822141560797
77.8125;70.3714;6.1257966729084385;3.8844822141560797
77.8125;68.0571;6.1257966729084385;3.8844822141560797
77.5625;69.6286;6.1257966729084385;3.8844822141560797
76.9375;69.7143;6.1257966729084385;3.8844822141560797
75.8125;69.8571;6.1257966729084385;3.8844822141560797
74.8125;69.6286;6.1257966729084385;3.8844822141560797
74.25;69.0857;6.1257966729084385;3.8844822141560797
74.25;69.1429;6.1257966729084385;3.8844822141560797
74.75;69.2571;6.1257966729084385;3.8844822141560797
75.375;69.2857;6.1257966729084385;3.8844822141560797
75.75;68.8857;6.1257966729084385;3.8844822141560797
75.5625;68.4286;6.1257966729084385;3.8844822141560797
75.0625;67.4857;6.1257966729084385;3.8844822141560797
74.625;67.2;6.1257966729084385;3.8844822141560797
74.375;67.5714;6.1257966729084385;3.8844822141560797
74.1875;67.2;6.1257966729084385;3.8844822141560797
73.9375;66.6571;6.1257966729084385;3.8844822141560797
73.75;66.6286;6.1257966729084385;3.8844822141560797
73.625;66.9714;6.1257966729084385;3.8844822141560797
73.375;66.3143;6.1257966729084385;3.8844822141560797
72.9375;66.3143;6.1257966729084385;3.8844822141560797
72.625;66.4857;6.1257966729084385;3.8844822141560797
72.4375;65.9143;6.1257966729084385;3.8844822141560797
72.375;66.3429;6.1257966729084385;3.8844822141560797
72.25;65.4857;6.1257966729084385;3.8844822141560797
72.0625;65.8286;6.1257966729084385;3.8844822141560797
71.875;65.8857;6.1257966729084385;3.8844822141560797
71.6875;65.5143;6.1257966729084385;3.8844822141560797
71.6875;65.9143;6.1257966729084385;3.8844822141560797
71.6875;65.0286;6.1257966729084385;3.8844822141560797
71.6875;64.6571;6.1257966729084385;3.8844822141560797
71.6875;65.0857;6.1257966729084385;3.8844822141560797
71.75;63.9714;6.1257966729084385;3.8844822141560797
71.75;64.4286;6.1257966729084385;3.8844822141560797
71.5;62.9714;6.1257966729084385;3.8844822141560797
70.8125;63.2857;6.1257966729084385;3.8844822141560797
69.75;64.0;6.1257966729084385;3.8844822141560797
68.8125;64.7143;6.1257966729084385;3.8844822141560797
68.625;63.7429;6.1257966729084385;3.8844822141560797
68.8125;63.6286;6.1257966729084385;3.8844822141560797
69.0625;62.9143;6.1257966729084385;3.8844822141560797
69.5;63.8286;6.1257966729084385;3.8844822141560797
69.9375;63.5429;6.1257966729084385;3.8844822141560797
69.9375;63.5143;6.1257966729084385;3.8844822141560797
69.375;62.3143;6.1257966729084385;3.8844822141560797
68.625;61.9429;6.1257966729084385;3.8844822141560797
68.25;62.0286;6.1257966729084385;3.8844822141560797
68.0625;62.0;6.1257966729084385;3.8844822141560797
67.6875;61.8286;6.1257966729084385;3.8844822141560797
67.1875;61.3714;6.1257966729084385;3.8844822141560797
66.8125;61.2;6.1257966729084385;3.8844822141560797
66.625;62.5429;6.1257966729084385;3.8844822141560797
66.6875;60.5429;6.1257966729084385;3.8844822141560797
66.8125;61.0571;6.1257966729084385;3.8844822141560797
66.8125;61.8571;6.1257966729084385;3.8844822141560797
66.625;61.2;6.1257966729084385;3.8844822141560797
66.5;60.1429;6.1257966729084385;3.8844822141560797
66.3125;60.7143;6.1257966729084385;3.8844822141560797
66.25;60.4;6.1257966729084385;3.8844822141560797
66.25;59.4857;6.1257966729084385;3.8844822141560797
66.0625;59.5714;6.1257966729084385;3.8844822141560797
65.5625;59.7143;6.1257966729084385;3.8844822141560797
65.25;58.7714;6.1257966729084385;3.8844822141560797
65.0625;58.4571;6.1257966729084385;3.8844822141560797
65.0;58.8;6.1257966729084385;3.8844822141560797
64.9375;59.0857;6.1257966729084385;3.8844822141560797
64.75;58.4;6.1257966729084385;3.8844822141560797
64.375;58.9143;6.1257966729084385;3.8844822141560797
63.6875;59.5143;6.1257966729084385;3.8844822141560797
62.9375;59.7429;6.1257966729084385;3.8844822141560797
62.625;59.4;6.1257966729084385;3.8844822141560797
62.625;58.9714;6.1257966729084385;3.8844822141560797
62.9375;58.6;6.1257966729084385;3.8844822141560797
63.5625;58.6571;6.1257966729084385;3.8844822141560797
63.9375;58.8857;6.1257966729084385;3.8844822141560797
63.6875;58.1143;6.1257966729084385;3.8844822141560797
63.0625;58.1429;6.1257966729084385;3.8844822141560797
62.375;57.9143;6.1257966729084385;3.8844822141560797
61.875;56.9429;6.1257966729084385;3.8844822141560797
61.5625;57.0;6.1257966729084385;3.8844822141560797
61.4375;56.4571;6.1257966729084385;3.8844822141560797
61.4375;57.2857;6.1257966729084385;3.8844822141560797
61.375;56.5143;6.1257966729084385;3.8844822141560797
61.125;56.8857;6.1257966729084385;3.8844822141560797
60.8125;56.7143;6.1257966729084385;3.8844822141560797
60.4375;56.2571;6.1257966729084385;3.8844822141560797
60.1875;55.5429;6.1257966729084385;3.8844822141560797
60.125;55.9714;6.1257966729084385;3.8844822141560797
60.25;54.8;6.1257966729084385;3.8844822141560797
60.625;55.0286;6.1257966729084385;3.8844822141560797
60.75;54.5143;6.1257966729084385;3.8844822141560797
60.3125;55.4;6.1257966729084385;3.8844822141560797
59.625;54.5143;6.1257966729084385;3.8844822141560797
59.0625;54.6;6.1257966729084385;3.8844822141560797
58.8125;54.6571;6.1257966729084385;3.8844822141560797
58.75;54.5429;6.1257966729084385;3.8844822141560797
58.75;55.1143;6.1257966729084385;3.8844822141560797
58.625;55.3714;6.1257966729084385;3.8844822141560797
58.3125;55.1714;6.1257966729084385;3.8844822141560797
58.0625;55.4;6.1257966729084385;3.8844822141560797
58.1875;55.3429;6.1257966729084385;3.8844822141560797
58.5;54.8571;6.1257966729084385;3.8844822141560797
58.875;54.3143;6.1257966729084385;3.8844822141560797
59.125;54.6;6.1257966729084385;3.8844822141560797
59.125;54.3143;6.1257966729084385;3.8844822141560797
59.0;54.8;6.1257966729084385;3.8844822141560797
58.75;54.2857;6.1257966729084385;3.8844822141560797
58.25;53.5429;6.1257966729084385;3.8844822141560797
57.875;53.3143;6.1257966729084385;3.8844822141560797
57.6875;53.3714;6.1257966729084385;3.8844822141560797
57.625;52.6571;6.1257966729084385;3.8844822141560797
57.5625;52.7429;6.1257966729084385;3.8844822141560797
57.25;52.1429;6.1257966729084385;3.8844822141560797
56.8125;53.1429;6.1257966729084385;3.8844822141560797
56.3125;53.0;6.1257966729084385;3.8844822141560797
55.8125;52.8;6.1257966729084385;3.8844822141560797
55.5;52.2857;6.1257966729084385;3.8844822141560797
55.625;52.2857;6.1257966729084385;3.8844822141560797
55.9375;52.3143;6.1257966729084385;3.8844822141560797
56.1875;51.7143;6.1257966729084385;3.8844822141560797
56.125;51.2857;6.1257966729084385;3.8844822141560797
55.875;51.7429;6.1257966729084385;3.8844822141560797
55.5;51.2;6.1257966729084385;3.8844822141560797
55.0;50.8;6.1257966729084385;3.8844822141560797
54.5;51.0;6.1257966729084385;3.8844822141560797
54.125;50.9143;6.1257966729084385;3.8844822141560797
53.875;51.1714;6.1257966729084385;3.8844822141560797
53.8125;51.2857;6.1257966729084385;3.8844822141560797
53.8125;50.9143;6.1257966729084385;3.8844822141560797
53.9375;51.0286;6.1257966729084385;3.8844822141560797
54.125;51.3714;6.1257966729084385;3.8844822141560797
54.25;50.9429;6.1257966729084385;3.8844822141560797
54.25;50.3143;6.1257966729084385;3.8844822141560797
54.1875;50.7143;6.1257966729084385;3.8844822141560797
54.25;51.2571;6.1257966729084385;3.8844822141560797
54.3125;51.0;6.1257966729084385;3.8844822141560797
54.375;51.2571;6.1257966729084385;3.8844822141560797
54.3125;51.0;6.1257966729084385;3.8844822141560797
54.25;51.0286;6.1257966729084385;3.8844822141560797
54.25;50.3143;6.1257966729084385;3.8844822141560797
54.25;49.9429;6.1257966729084385;3.8844822141560797
54.125;49.7429;6.1257966729084385;3.8844822141560797
53.9375;49.1714;6.1257966729084385;3.8844822141560797
53.75;48.9143;6.1257966729084385;3.8844822141560797
53.5;48.8571;6.1257966729084385;3.8844822141560797
53.1875;48.6857;6.1257966729084385;3.8844822141560797
52.8125;49.1429;6.1257966729084385;3.8844822141560797
52.375;49.3714;6.1257966729084385;3.8844822141560797
51.9375;49.7429;6.1257966729084385;3.8844822141560797
51.625;49.2286;6.1257966729084385;3.8844822141560797
51.6875;48.7714;6.1257966729084385;3.8844822141560797
52.0;48.6571;6.1257966729084385;3.8844822141560797
52.375;48.1143;6.1257966729084385;3.8844822141560797
52.8125;48.2;6.1257966729084385;3.8844822141560797
52.9375;47.3143;6.1257966729084385;3.8844822141560797
52.75;47.3429;6.1257966729084385;3.8844822141560797
52.375;47.0286;6.1257966729084385;3.8844822141560797
52.125;47.6571;6.1257966729084385;3.8844822141560797
51.9375;47.5429;6.1257966729084385;3.8844822141560797
51.9375;47.3714;6.1257966729084385;3.8844822141560797
51.9375;47.4286;6.1257966729084385;3.8844822141560797
51.9375;47.7429;6.1257966729084385;3.8844822141560797
51.875;47.1429;6.1257966729084385;3.8844822141560797
51.625;47.6857;6.1257966729084385;3.8844822141560797
51.3125;47.2286;6.1257966729084385;3.8844822141560797
51.0;47.1143;6.1257966729084385;3.8844822141560797
50.8125;47.2571;6.1257966729084385;3.8844822141560797
50.75;46.9714;6.1257966729084385;3.8844822141560797
50.75;47.0571;6.1257966729084385;3.8844822141560797
50.625;46.8571;6.1257966729084385;3.8844822141560797
50.4375;46.9143;6.1257966729084385;3.8844822141560797
50.375;47.0;6.1257966729084385;3.8844822141560797
50.3125;46.9714;6.1257966729084385;3.8844822141560797
50.3125;45.8571;6.1257966729084385;3.8844822141560797
50.3125;45.7429;6.1257966729084385;3.8844822141560797
50.3125;45.2857;6.1257966729084385;3.8844822141560797
50.1875;44.9143;6.1257966729084385;3.8844822141560797
49.9375;45.0286;6.1257966729084385;3.8844822141560797
49.5;44.8857;6.1257966729084385;3.8844822141560797
48.875;45.5429;6.1257966729084385;3.8844822141560797
48.3125;45.4286;6.1257966729084385;3.8844822141560797
47.9375;45.6286;6.1257966729084385;3.8844822141560797
47.75;45.3429;6.1257966729084385;3.8844822141560797
47.9375;45.2;6.1257966729084385;3.8844822141560797
48.3125;45.2857;6.1257966729084385;3.8844822141560797
48.6875;45.4286;6.1257966729084385;3.8844822141560797
48.875;45.0571;6.1257966729084385;3.8844822141560797
48.75;44.8286;6.1257966729084385;3.8844822141560797
48.625;44.5714;6.1257966729084385;3.8844822141560797
48.4375;44.2857;6.1257966729084385;3.8844822141560797
48.375;43.9429;6.1257966729084385;3.8844822141560797
48.375;43.6286;6.1257966729084385;3.8844822141560797
48.375;43.2;6.1257966729084385;3.8844822141560797
48.375;43.5714;6.1257966729084385;3.8844822141560797
48.125;43.2;6.1257966729084385;3.8844822141560797
47.625;43.0286;6.1257966729084385;3.8844822141560797
47.0;43.1143;6.1257966729084385;3.8844822141560797
46.375;43.1143;6.1257966729084385;3.8844822141560797
46.0;43.2;6.1257966729084385;3.8844822141560797
45.875;43.1143;6.1257966729084385;3.8844822141560797
45.875;43.0286;6.1257966729084385;3.8844822141560797
46.0;42.7714;6.1257966729084385;3.8844822141560797
46.0625;42.5429;6.1257966729084385;3.8844822141560797
46.125;43.4;6.1257966729084385;3.8844822141560797
46.125;42.6857;6.1257966729084385;3.8844822141560797
45.9375;41.8857;6.1257966729084385;3.8844822141560797
45.6875;41.7143;6.1257966729084385;3.8844822141560797
45.5;42.0857;6.1257966729084385;3.8844822141560797
45.4375;41.9143;6.1257966729084385;3.8844822141560797
45.3125;42.0;6.1257966729084385;3.8844822141560797
45.1875;41.6571;6.1257966729084385;3.8844822141560797
45.125;42.2857;6.1257966729084385;3.8844822141560797
45.0;41.8;6.1257966729084385;3.8844822141560797
44.9375;41.7429;6.1257966729084385;3.8844822141560797
44.8125;41.8;6.1257966729084385;3.8844822141560797
44.6875;41.6571;6.1257966729084385;3.8844822141560797
44.5625;41.5714;6.1257966729084385;3.8844822141560797
44.5625;42.0;6.1257966729084385;3.8844822141560797
44.5;41.8571;6.1257966729084385;3.8844822141560797
44.4375;41.5714;6.1257966729084385;3.8844822141560797
44.3125;41.2857;6.1257966729084385;3.8844822141560797
44.25;41.1714;6.1257966729084385;3.8844822141560797
44.1875;41.3714;6.1257966729084385;3.8844822141560797
44.1875;41.1429;6.1257966729084385;3.8844822141560797
44.1875;41.2571;6.1257966729084385;3.8844822141560797
44.1875;40.9429;6.1257966729084385;3.8844822141560797
44.1875;40.8;6.1257966729084385;3.8844822141560797
44.0625;40.9714;6.1257966729084385;3.8844822141560797
43.9375;40.5714;6.1257966729084385;3.8844822141560797
43.8125;40.1714;6.1257966729084385;3.8844822141560797
43.6875;39.8286;6.1257966729084385;3.8844822141560797
43.625;40.1714;6.1257966729084385;3.8844822141560797
43.4375;40.3714;6.1257966729084385;3.8844822141560797
43.125;40.0571;6.1257966729084385;3.8844822141560797
42.625;40.1714;6.1257966729084385;3.8844822141560797
42.25;40.0286;6.1257966729084385;3.8844822141560797
42.125;39.8571;6.1257966729084385;3.8844822141560797
42.25;39.1429;6.1257966729084385;3.8844822141560797
42.4375;39.2571;6.1257966729084385;3.8844822141560797
42.625;38.8857;6.1257966729084385;3.8844822141560797
42.5;38.8857;6.1257966729084385;3.8844822141560797
42.125;38.8286;6.1257966729084385;3.8844822141560797
41.5625;38.1143;6.1257966729084385;3.8844822141560797
41.125;38.2857;6.1257966729084385;3.8844822141560797
40.8125;38.0857;6.1257966729084385;3.8844822141560797
40.5625;37.9714;6.1257966729084385;3.8844822141560797
40.25;37.6;6.1257966729084385;3.8844822141560797
39.9375;38.0571;6.1257966729084385;3.8844822141560797
39.6875;38.1429;6.1257966729084385;3.8844822141560797
39.5625;38.0286;6.1257966729084385;3.8844822141560797
39.5625;38.0286;6.1257966729084385;3.8844822141560797
39.6875;37.7429;6.1257966729084385;3.8844822141560797
39.875;37.9714;6.1257966729084385;3.8844822141560797
40.1875;37.8571;6.1257966729084385;3.8844822141560797
40.375;37.8286;6.1257966729084385;3.8844822141560797
40.4375;37.5429;6.1257966729084385;3.8844822141560797
40.4375;36.9429;6.1257966729084385;3.8844822141560797
40.375;36.7143;6.1257966729084385;3.8844822141560797
40.1875;36.3429;6.1257966729084385;3.8844822141560797
39.8125;36.4;6.1257966729084385;3.8844822141560797
39.3125;36.9143;6.1257966729084385;3.8844822141560797
38.8125;37.0286;6.1257966729084385;3.8844822141560797
38.5;37.2571;6.1257966729084385;3.8844822141560797
38.3125;36.9714;6.1257966729084385;3.8844822141560797
38.25;36.3429;6.1257966729084385;3.8844822141560797
38.4375;36.4286;6.1257966729084385;3.8844822141560797
38.6875;35.9143;6.1257966729084385;3.8844822141560797
38.875;35.8;6.1257966729084385;3.8844822141560797
38.8125;36.0286;6.1257966729084385;3.8844822141560797
38.5;36.1143;6.1257966729084385;3.8844822141560797
38.0625;35.7429;6.1257966729084385;3.8844822141560797
37.6875;35.6;6.1257966729084385;3.8844822141560797
37.625;35.5714;6.1257966729084385;3.8844822141560797
37.6875;35.6857;6.1257966729084385;3.8844822141560797
37.8125;35.6857;6.1257966729084385;3.8844822141560797
37.75;35.8286;6.1257966729084385;3.8844822141560797
37.5625;35.7429;6.1257966729084385;3.8844822141560797
37.25;35.6857;6.1257966729084385;3.8844822141560797
37.125;35.3714;6.1257966729084385;3.8844822141560797
37.125;35.4286;6.1257966729084385;3.8844822141560797
37.3125;35.0;6.1257966729084385;3.8844822141560797
37.5625;34.8857;6.1257966729084385;3.8844822141560797
37.625;34.8571;6.1257966729084385;3.8844822141560797
37.5625;35.0571;6.1257966729084385;3.8844822141560797
37.3125;34.8286;6.1257966729084385;3.8844822141560797
37.0625;34.7429;6.1257966729084385;3.8844822141560797
36.9375;34.5429;6.1257966729084385;3.8844822141560797
36.875;34.4571;6.1257966729084385;3.8844822141560797
36.875;34.4857;6.1257966729084385;3.8844822141560797
36.875;34.4571;6.1257966729084385;3.8844822141560797
36.75;34.4571;6.1257966729084385;3.8844822141560797
36.5625;33.9143;6.1257966729084385;3.8844822141560797
36.375;34.0286;6.1257966729084385;3.8844822141560797
36.25;33.9143;6.1257966729084385;3.8844822141560797
36.1875;33.6;6.1257966729084385;3.8844822141560797
36.0;33.4857;6.1257966729084385;3.8844822141560797
35.8125;33.4857;6.1257966729084385;3.8844822141560797
35.6875;33.2;6.1257966729084385;3.8844822141560797
35.625;33.0;6.1257966729084385;3.8844822141560797
35.5625;32.9143;6.1257966729084385;3.8844822141560797
35.3125;32.6;6.1257966729084385;3.8844822141560797
35.0;32.3429;6.1257966729084385;3.8844822141560797
34.8125;32.1714;6.1257966729084385;3.8844822141560797
34.6875;31.9429;6.1257966729084385;3.8844822141560797
34.5625;31.9714;6.1257966729084385;3.8844822141560797
34.375;31.9429;6.1257966729084385;3.8844822141560797
34.25;32.0857;6.1257966729084385;3.8844822141560797
34.0625;32.1429;6.1257966729084385;3.8844822141560797
34.0;32.2857;6.1257966729084385;3.8844822141560797
34.0625;32.1143;6.1257966729084385;3.8844822141560797
34.125;32.0;6.1257966729084385;3.8844822141560797
34.125;32.0;6.1257966729084385;3.8844822141560797
34.0625;32.0;6.1257966729084385;3.8844822141560797
34.0625;31.8857;6.1257966729084385;3.8844822141560797
34.0625;32.0;6.1257966729084385;3.8844822141560797
34.0;32.2;6.1257966729084385;3.8844822141560797
34.0;32.4857;6.1257966729084385;3.8844822141560797
34.0;32.4857;6.1257966729084385;3.8844822141560797
34.0;32.3143;6.1257966729084385;3.8844822141560797
34.0;31.9714;6.1257966729084385;3.8844822141560797
34.0625;31.8;6.1257966729084385;3.8844822141560797
34.0;31.4571;6.1257966729084385;3.8844822141560797
33.9375;31.4;6.1257966729084385;3.8844822141560797
33.8125;31.3714;6.1257966729084385;3.8844822141560797
33.6875;31.4;6.1257966729084385;3.8844822141560797
33.5625;31.3143;6.1257966729084385;3.8844822141560797
33.4375;31.0;6.1257966729084385;3.8844822141560797
33.25;31.0;6.1257966729084385;3.8844822141560797
33.125;31.0286;6.1257966729084385;3.8844822141560797
32.9375;31.0286;6.1257966729084385;3.8844822141560797
32.75;31.1143;6.1257966729084385;3.8844822141560797
32.6875;30.9714;6.1257966729084385;3.8844822141560797
32.75;31.0571;6.1257966729084385;3.8844822141560797
32.9375;30.7143;6.1257966729084385;3.8844822141560797
33.125;30.5714;6.1257966729084385;3.8844822141560797
33.25;30.4857;6.1257966729084385;3.8844822141560797
33.125;30.5143;6.1257966729084385;3.8844822141560797
32.875;30.4;6.1257966729084385;3.8844822141560797
32.5;30.3429;6.1257966729084385;3.8844822141560797
32.125;30.2571;6.1257966729084385;3.8844822141560797
31.8125;30.0;6.1257966729084385;3.8844822141560797
31.75;29.7143;6.1257966729084385;3.8844822141560797
31.75;29.3429;6.1257966729084385;3.8844822141560797
31.75;29.3714;6.1257966729084385;3.8844822141560797
31.6875;29.1714;6.1257966729084385;3.8844822141560797
31.625;29.3714;6.1257966729084385;3.8844822141560797
31.3125;29.3143;6.1257966729084385;3.8844822141560797
31.0;28.9714;6.1257966729084385;3.8844822141560797
30.75;29.1143;6.1257966729084385;3.8844822141560797
30.625;29.0571;6.1257966729084385;3.8844822141560797
30.5625;29.0571;6.1257966729084385;3.8844822141560797
30.625;29.0;6.1257966729084385;3.8844822141560797
30.625;28.7714;6.1257966729084385;3.8844822141560797
30.6875;28.7429;6.1257966729084385;3.8844822141560797
30.75;28.9429;6.1257966729084385;3.8844822141560797
30.875;28.5429;6.1257966729084385;3.8844822141560797
30.9375;28.6;6.1257966729084385;3.8844822141560797
30.8125;28.4;6.1257966729084385;3.8844822141560797
30.6875;28.0;6.1257966729084385;3.8844822141560797
30.5625;28.2857;6.1257966729084385;3.8844822141560797
30.4375;27.8286;6.1257966729084385;3.8844822141560797
30.3125;27.8857;6.1257966729084385;3.8844822141560797
30.1875;27.7429;6.1257966729084385;3.8844822141560797
29.9375;27.7429;6.1257966729084385;3.8844822141560797
29.6875;27.7143;6.1257966729084385;3.8844822141560797
29.5;27.6571;6.1257966729084385;3.8844822141560797
29.25;27.6857;6.1257966729084385;3.8844822141560797
29.1875;27.5143;6.1257966729084385;3.8844822141560797
29.25;27.1143;6.1257966729084385;3.8844822141560797
29.25;27.2;6.1257966729084385;3.8844822141560797
29.1875;27.0571;6.1257966729084385;3.8844822141560797
29.0625;26.9143;6.1257966729084385;3.8844822141560797
28.875;26.9714;6.1257966729084385;3.8844822141560797
28.625;26.9714;6.1257966729084385;3.8844822141560797
28.375;26.7714;6.1257966729084385;3.8844822141560797
28.25;26.8286;6.1257966729084385;3.8844822141560797
28.125;26.9714;6.1257966729084385;3.8844822141560797
28.125;26.5143;6.1257966729084385;3.8844822141560797
28.125;26.2571;6.1257966729084385;3.8844822141560797
28.125;26.3714;6.1257966729084385;3.8844822141560797
28.25;26.0;6.1257966729084385;3.8844822141560797
28.375;26.1714;6.1257966729084385;3.8844822141560797
28.375;26.1429;6.1257966729084385;3.8844822141560797
28.4375;26.2;6.1257966729084385;3.8844822141560797
28.4375;25.9429;6.1257966729084385;3.8844822141560797
28.4375;26.0571;6.1257966729084385;3.8844822141560797
28.3125;25.8286;6.1257966729084385;3.8844822141560797
28.125;26.0857;6.1257966729084385;3.8844822141560797
27.8125;25.8571;6.1257966729084385;3.8844822141560797
27.5625;25.7143;6.1257966729084385;3.8844822141560797
27.375;25.5714;6.1257966729084385;3.8844822141560797
27.3125;25.4571;6.1257966729084385;3.8844822141560797
27.375;25.7143;6.1257966729084385;3.8844822141560797
27.5;25.4286;6.1257966729084385;3.8844822141560797
27.5;24.9429;6.1257966729084385;3.8844822141560797
27.3125;25.0857;6.1257966729084385;3.8844822141560797
27.0625;24.9714;6.1257966729084385;3.8844822141560797
26.875;25.0857;6.1257966729084385;3.8844822141560797
26.6875;25.0286;6.1257966729084385;3.8844822141560797
26.5625;24.8286;6.1257966729084385;3.8844822141560797
26.375;24.8;6.1257966729084385;3.8844822141560797
26.3125;24.6;6.1257966729084385;3.8844822141560797
26.3125;24.3429;6.1257966729084385;3.8844822141560797
26.25;24.3714;6.1257966729084385;3.8844822141560797
26.125;24.2857;6.1257966729084385;3.8844822141560797
26.0625;24.3429;6.1257966729084385;3.8844822141560797
26.0;24.2286;6.1257966729084385;3.8844822141560797
25.875;24.0857;6.1257966729084385;3.8844822141560797
25.75;24.4571;6.1257966729084385;3.8844822141560797
25.5625;24.4286;6.1257966729084385;3.8844822141560797
25.5;24.2;6.1257966729084385;3.8844822141560797
25.5;24.1143;6.1257966729084385;3.8844822141560797
25.5625;24.1143;6.1257966729084385;3.8844822141560797
25.625;24.0857;6.1257966729084385;3.8844822141560797
25.625;23.8286;6.1257966729084385;3.8844822141560797
25.6875;23.8857;6.1257966729084385;3.8844822141560797
25.6875;23.7143;6.1257966729084385;3.8844822141560797
25.6875;23.4571;6.1257966729084385;3.8844822141560797
25.625;23.3143;6.1257966729084385;3.8844822141560797
25.5;23.4286;6.1257966729084385;3.8844822141560797
25.3125;23.1714;6.1257966729084385;3.8844822141560797
25.1875;23.0;6.1257966729084385;3.8844822141560797
25.0625;23.0;6.1257966729084385;3.8844822141560797
24.9375;23.1143;6.1257966729084385;3.8844822141560797
24.8125;22.9429;6.1257966729084385;3.8844822141560797
24.625;22.8571;6.1257966729084385;3.8844822141560797
24.375;23.2;6.1257966729084385;3.8844822141560797
24.1875;23.0857;6.1257966729084385;3.8844822141560797
24.1875;23.0;6.1257966729084385;3.8844822141560797
24.1875;23.2857;6.1257966729084385;3.8844822141560797
24.1875;23.2;6.1257966729084385;3.8844822141560797
24.3125;23.0;6.1257966729084385;3.8844822141560797
24.375;22.8571;6.1257966729084385;3.8844822141560797
24.375;22.8857;6.1257966729084385;3.8844822141560797
24.375;22.6;6.1257966729084385;3.8844822141560797
24.375;22.4286;6.1257966729084385;3.8844822141560797
24.3125;22.3429;6.1257966729084385;3.8844822141560797
24.125;22.1429;6.1257966729084385;3.8844822141560797
23.875;22.1143;6.1257966729084385;3.8844822141560797
23.625;22.1714;6.1257966729084385;3.8844822141560797
23.4375;22.1143;6.1257966729084385;3.8844822141560797
23.3125;22.0571;6.1257966729084385;3.8844822141560797
23.1875;21.9429;6.1257966729084385;3.8844822141560797
23.125;22.0571;6.1257966729084385;3.8844822141560797
23.125;21.8571;6.1257966729084385;3.8844822141560797
23.125;21.6571;6.1257966729084385;3.8844822141560797
23.1875;21.7714;6.1257966729084385;3.8844822141560797
23.1875;21.5714;6.1257966729084385;3.8844822141560797
23.25;21.5429;6.1257966729084385;3.8844822141560797
23.25;21.4571;6.1257966729084385;3.8844822141560797
23.25;21.3143;6.1257966729084385;3.8844822141560797
23.0625;21.2;6.1257966729084385;3.8844822141560797
22.875;21.3143;6.1257966729084385;3.8844822141560797
22.6875;21.2286;6.1257966729084385;3.8844822141560797
22.5;21.2571;6.1257966729084385;3.8844822141560797
22.375;21.2286;6.1257966729084385;3.8844822141560797
22.25;20.9143;6.1257966729084385;3.8844822141560797
22.25;20.7143;6.1257966729084385;3.8844822141560797
22.25;20.6571;6.1257966729084385;3.8844822141560797
22.25;20.6286;6.1257966729084385;3.8844822141560797
22.1875;20.7714;6.1257966729084385;3.8844822141560797
22.0625;20.7143;6.1257966729084385;3.8844822141560797
21.875;20.7429;6.1257966729084385;3.8844822141560797
21.6875;20.6;6.1257966729084385;3.8844822141560797
21.625;20.5429;6.1257966729084385;3.8844822141560797
21.625;20.6;6.1257966729084385;3.8844822141560797
21.6875;20.7143;6.1257966729084385;3.8844822141560797
21.6875;20.6857;6.1257966729084385;3.8844822141560797
21.6875;20.6286;6.1257966729084385;3.8844822141560797
21.5625;20.7143;6.1257966729084385;3.8844822141560797
21.5625;20.3429;6.1257966729084385;3.8844822141560797
21.625;20.4857;6.1257966729084385;3.8844822141560797
21.6875;20.3714;6.1257966729084385;3.8844822141560797
21.75;19.9429;6.1257966729084385;3.8844822141560797
21.6875;19.8857;6.1257966729084385;3.8844822141560797
21.625;19.8;6.1257966729084385;3.8844822141560797
21.5625;19.5714;6.1257966729084385;3.8844822141560797
21.5;19.6857;6.1257966729084385;3.8844822141560797
21.4375;19.5714;6.1257966729084385;3.8844822141560797
21.4375;19.5714;6.1257966729084385;3.8844822141560797
21.4375;19.5714;6.1257966729084385;3.8844822141560797
21.4375;19.3143;6.1257966729084385;3.8844822141560797
21.3125;19.4;6.1257966729084385;3.8844822141560797
21.0625;19.1429;6.1257966729084385;3.8844822141560797
20.8125;19.2;6.1257966729084385;3.8844822141560797
20.625;19.1429;6.1257966729084385;3.8844822141560797
20.5625;19.0;6.1257966729084385;3.8844822141560797
20.5;18.9714;6.1257966729084385;3.8844822141560797
20.3125;18.5714;6.1257966729084385;3.8844822141560797
20.25;18.6571;6.1257966729084385;3.8844822141560797
20.125;18.4571;6.1257966729084385;3.8844822141560797
20.125;18.3714;6.1257966729084385;3.8844822141560797
20.0625;18.5143;6.1257966729084385;3.8844822141560797
20.0;18.4;6.1257966729084385;3.8844822141560797
19.875;18.3714;6.1257966729084385;3.8844822141560797
19.6875;18.3143;6.1257966729084385;3.8844822141560797
19.5625;18.1143;6.1257966729084385;3.8844822141560797
19.5;18.1714;6.1257966729084385;3.8844822141560797
19.5;18.0;6.1257966729084385;3.8844822141560797
19.5;18.1429;6.1257966729084385;3.8844822141560797
19.5;17.8857;6.1257966729084385;3.8844822141560797
19.375;17.8286;6.1257966729084385;3.8844822141560797
19.25;17.7714;6.1257966729084385;3.8844822141560797
19.0625;17.7429;6.1257966729084385;3.8844822141560797
19.0;17.6857;6.1257966729084385;3.8844822141560797
18.9375;17.5429;6.1257966729084385;3.8844822141560797
18.8125;17.7143;6.1257966729084385;3.8844822141560797
18.6875;17.5714;6.1257966729084385;3.8844822141560797
18.625;17.6286;6.1257966729084385;3.8844822141560797
18.6875;17.5714;6.1257966729084385;3.8844822141560797
18.6875;17.4571;6.1257966729084385;3.8844822141560797
18.6875;17.4286;6.1257966729084385;3.8844822141560797
18.75;17.3714;6.1257966729084385;3.8844822141560797
18.6875;17.2857;6.1257966729084385;3.8844822141560797
18.625;17.1143;6.1257966729084385;3.8844822141560797
18.5;17.1429;6.1257966729084385;3.8844822141560797
18.3125;16.9429;6.1257966729084385;3.8844822141560797
18.1875;16.8286;6.1257966729084385;3.8844822141560797
18.0625;16.9143;6.1257966729084385;3.8844822141560797
18.0;16.8571;6.1257966729084385;3.8844822141560797
17.9375;16.9429;6.1257966729084385;3.8844822141560797
17.8125;16.8571;6.1257966729084385;3.8844822141560797
17.75;16.8571;6.1257966729084385;3.8844822141560797
17.75;16.7429;6.1257966729084385;3.8844822141560797
17.75;16.7714;6.1257966729084385;3.8844822141560797
17.75;16.6571;6.1257966729084385;3.8844822141560797
17.6875;16.6;6.1257966729084385;3.8844822141560797
17.6875;16.4571;6.1257966729084385;3.8844822141560797
17.6875;16.4286;6.1257966729084385;3.8844822141560797
17.625;16.2286;6.1257966729084385;3.8844822141560797
17.5625;16.0571;6.1257966729084385;3.8844822141560797
17.5;16.0286;6.1257966729084385;3.8844822141560797
17.375;15.9429;6.1257966729084385;3.8844822141560797
17.3125;15.9143;6.1257966729084385;3.8844822141560797
17.1875;15.7714;6.1257966729084385;3.8844822141560797
17.0;15.7429;6.1257966729084385;3.8844822141560797
16.9375;15.6;6.1257966729084385;3.8844822141560797
16.875;15.7714;6.1257966729084385;3.8844822141560797
16.75;15.7429;6.1257966729084385;3.8844822141560797
16.5625;15.6286;6.1257966729084385;3.8844822141560797
16.5;15.4571;6.1257966729084385;3.8844822141560797
16.5625;15.5429;6.1257966729084385;3.8844822141560797
16.625;15.3429;6.1257966729084385;3.8844822141560797
16.6875;15.2857;6.1257966729084385;3.8844822141560797
16.75;15.2;6.1257966729084385;3.8844822141560797
16.6875;15.2286;6.1257966729084385;3.8844822141560797
16.5625;15.1714;6.1257966729084385;3.8844822141560797
16.3125;15.0286;6.1257966729084385;3.8844822141560797
16.1875;15.0;6.1257966729084385;3.8844822141560797
16.1875;14.9429;6.1257966729084385;3.8844822141560797
16.1875;14.8857;6.1257966729084385;3.8844822141560797
16.1875;14.7714;6.1257966729084385;3.8844822141560797
16.0625;14.6857;6.1257966729084385;3.8844822141560797
16.0;14.6857;6.1257966729084385;3.8844822141560797
15.875;14.6286;6.1257966729084385;3.8844822141560797
15.8125;14.6857;6.1257966729084385;3.8844822141560797
15.75;14.6;6.1257966729084385;3.8844822141560797
15.6875;14.4857;6.1257966729084385;3.8844822141560797
15.6875;14.3429;6.1257966729084385;3.8844822141560797
15.6875;14.3429;6.1257966729084385;3.8844822141560797
15.625;14.2857;6.1257966729084385;3.8844822141560797
15.5625;14.3143;6.1257966729084385;3.8844822141560797
15.4375;14.2286;6.1257966729084385;3.8844822141560797
15.4375;14.1429;6.1257966729084385;3.8844822141560797
15.375;14.1429;6.1257966729084385;3.8844822141560797
15.375;14.0571;6.1257966729084385;3.8844822141560797
15.3125;14.0;6.1257966729084385;3.8844822141560797
15.3125;13.8571;6.1257966729084385;3.8844822141560797
15.25;13.8571;6.1257966729084385;3.8844822141560797
15.1875;13.7714;6.1257966729084385;3.8844822141560797
15.125;13.6857;6.1257966729084385;3.8844822141560797
15.0625;13.6286;6.1257966729084385;3.8844822141560797
15.0;13.6286;6.1257966729084385;3.8844822141560797
14.9375;13.5143;6.1257966729084385;3.8844822141560797
14.875;13.5143;6.1257966729084385;3.8844822141560797
14.875;13.3714;6.1257966729084385;3.8844822141560797
14.875;13.3429;6.1257966729084385;3.8844822141560797
14.875;13.2571;6.1257966729084385;3.8844822141560797
14.875;13.1714;6.1257966729084385;3.8844822141560797
14.75;13.1143;6.1257966729084385;3.8844822141560797
14.5;13.0286;6.1257966729084385;3.8844822141560797
14.3125;12.9429;6.1257966729084385;3.8844822141560797
14.1875;12.9429;6.1257966729084385;3.8844822141560797
14.125;12.8571;6.1257966729084385;3.8844822141560797
14.0625;12.8;6.1257966729084385;3.8844822141560797
14.0;12.8286;6.1257966729084385;3.8844822141560797
14.0;12.6571;6.1257966729084385;3.8844822141560797
13.9375;12.6571;6.1257966729084385;3.8844822141560797
13.875;12.6286;6.1257966729084385;3.8844822141560797
13.8125;12.6;6.1257966729084385;3.8844822141560797
13.8125;12.6;6.1257966729084385;3.8844822141560797
13.75;12.4571;6.1257966729084385;3.8844822141560797
13.625;12.4286;6.1257966729084385;3.8844822141560797
13.5;12.3714;6.1257966729084385;3.8844822141560797
13.4375;12.2857;6.1257966729084385;3.8844822141560797
13.375;12.2;6.1257966729084385;3.8844822141560797
13.375;12.1714;6.1257966729084385;3.8844822141560797
13.25;12.1429;6.1257966729084385;3.8844822141560797
13.1875;12.0857;6.1257966729084385;3.8844822141560797
13.125;12.0571;6.1257966729084385;3.8844822141560797
13.0625;12.0;6.1257966729084385;3.8844822141560797
13.0625;11.9429;6.1257966729084385;3.8844822141560797
13.0625;11.9143;6.1257966729084385;3.8844822141560797
13.0625;12.0286;6.1257966729084385;3.8844822141560797
13.0625;11.8571;6.1257966729084385;3.8844822141560797
13.0625;11.7714;6.1257966729084385;3.8844822141560797
13.0625;11.7429;6.1257966729084385;3.8844822141560797
13.0625;11.6571;6.1257966729084385;3.8844822141560797
13.0;11.5429;6.1257966729084385;3.8844822141560797
13.0625;11.5143;6.1257966729084385;3.8844822141560797
13.0625;11.4857;6.1257966729084385;3.8844822141560797
13.0625;11.4286;6.1257966729084385;3.8844822141560797
12.9375;11.3143;6.1257966729084385;3.8844822141560797
12.75;11.2571;6.1257966729084385;3.8844822141560797
12.625;11.2286;6.1257966729084385;3.8844822141560797
12.4375;11.1714;6.1257966729084385;3.8844822141560797
12.3125;11.1429;6.1257966729084385;3.8844822141560797
12.1875;11.1143;6.1257966729084385;3.8844822141560797
12.125;11.1143;6.1257966729084385;3.8844822141560797
12.125;11.1143;6.1257966729084385;3.8844822141560797
12.0625;11.0571;6.1257966729084385;3.8844822141560797
12.0625;11.0286;6.1257966729084385;3.8844822141560797
12.0;10.9143;6.1257966729084385;3.8844822141560797
12.0;10.8286;6.1257966729084385;3.8844822141560797
12.0625;10.8286;6.1257966729084385;3.8844822141560797
12.0625;10.7143;6.1257966729084385;3.8844822141560797
11.9375;10.6571;6.1257966729084385;3.8844822141560797
11.875;10.5714;6.1257966729084385;3.8844822141560797
11.75;10.5429;6.1257966729084385;3.8844822141560797
11.75;10.4857;6.1257966729084385;3.8844822141560797
11.75;10.4571;6.1257966729084385;3.8844822141560797
11.6875;10.4286;6.1257966729084385;3.8844822141560797
11.625;10.3429;6.1257966729084385;3.8844822141560797
11.5;10.3714;6.1257966729084385;3.8844822141560797
11.375;10.3143;6.1257966729084385;3.8844822141560797
11.25;10.2857;6.1257966729084385;3.8844822141560797
11.25;10.2286;6.1257966729084385;3.8844822141560797
11.3125;10.1429;6.1257966729084385;3.8844822141560797
11.3125;10.0571;6.1257966729084385;3.8844822141560797
11.3125;10.0286;6.1257966729084385;3.8844822141560797
11.375;9.9429;6.1257966729084385;3.8844822141560797
11.375;9.8571;6.1257966729084385;3.8844822141560797
11.375;9.8286;6.1257966729084385;3.8844822141560797
11.1875;9.8571;6.1257966729084385;3.8844822141560797
11.0625;9.8;6.1257966729084385;3.8844822141560797
11.0;9.7429;6.1257966729084385;3.8844822141560797
10.9375;9.6857;6.1257966729084385;3.8844822141560797
10.9375;9.6286;6.1257966729084385;3.8844822141560797
10.9375;9.5429;6.1257966729084385;3.8844822141560797
10.9375;9.5143;6.1257966729084385;3.8844822141560797
10.875;9.4857;6.1257966729084385;3.8844822141560797
10.8125;9.4286;6.1257966729084385;3.8844822141560797
10.875;9.3429;6.1257966729084385;3.8844822141560797
10.875;9.3143;6.1257966729084385;3.8844822141560797
10.75;9.2857;6.1257966729084385;3.8844822141560797
10.625;9.2;6.1257966729084385;3.8844822141560797
10.5625;9.2286;6.1257966729084385;3.8844822141560797
10.4375;9.1429;6.1257966729084385;3.8844822141560797
10.375;9.1143;6.1257966729084385;3.8844822141560797
10.375;9.0286;6.1257966729084385;3.8844822141560797
10.375;9.0;6.1257966729084385;3.8844822141560797
10.375;8.9429;6.1257966729084385;3.8844822141560797
10.3125;8.8857;6.1257966729084385;3.8844822141560797
10.25;8.8286;6.1257966729084385;3.8844822141560797
10.25;8.7714;6.1257966729084385;3.8844822141560797
10.1875;8.7143;6.1257966729084385;3.8844822141560797
10.125;8.6571;6.1257966729084385;3.8844822141560797
10.0625;8.6571;6.1257966729084385;3.8844822141560797
10.0625;8.5714;6.1257966729084385;3.8844822141560797
10.125;8.5429;6.1257966729084385;3.8844822141560797
10.125;8.5143;6.1257966729084385;3.8844822141560797
10.125;8.4857;6.1257966729084385;3.8844822141560797
10.1875;8.4286;6.1257966729084385;3.8844822141560797
10.125;8.4;6.1257966729084385;3.8844822141560797
10.0625;8.3143;6.1257966729084385;3.8844822141560797
9.75;8.3143;6.1257966729084385;3.8844822141560797
9.5625;8.2571;6.1257966729084385;3.8844822141560797
9.5625;8.2;6.1257966729084385;3.8844822141560797
9.6875;8.2;6.1257966729084385;3.8844822141560797
9.75;8.1143;6.1257966729084385;3.8844822141560797
9.6875;8.0286;6.1257966729084385;3.8844822141560797
9.625;8.0;6.1257966729084385;3.8844822141560797
9.6875;7.9429;6.1257966729084385;3.8844822141560797
9.6875;7.9143;6.1257966729084385;3.8844822141560797
9.625;7.8857;6.1257966729084385;3.8844822141560797
9.4375;7.8857;6.1257966729084385;3.8844822141560797
9.25;7.7714;6.1257966729084385;3.8844822141560797
9.1875;7.8286;6.1257966729084385;3.8844822141560797
9.1875;7.6857;6.1257966729084385;3.8844822141560797
9.25;7.6286;6.1257966729084385;3.8844822141560797
9.1875;7.6;6.1257966729084385;3.8844822141560797
9.0625;7.5714;6.1257966729084385;3.8844822141560797
9.0;7.5143;6.1257966729084385;3.8844822141560797
8.9375;7.4857;6.1257966729084385;3.8844822141560797
9.0;7.4286;6.1257966729084385;3.8844822141560797
9.125;7.3429;6.1257966729084385;3.8844822141560797
9.25;7.2857;6.1257966729084385;3.8844822141560797
9.1875;7.3143;6.1257966729084385;3.8844822141560797
9.125;7.3143;6.1257966729084385;3.8844822141560797
9.0;7.2;6.1257966729084385;3.8844822141560797
8.8125;7.2286;6.1257966729084385;3.8844822141560797
8.625;7.1429;6.1257966729084385;3.8844822141560797
8.5;7.0571;6.1257966729084385;3.8844822141560797
8.4375;7.0571;6.1257966729084385;3.8844822141560797
8.4375;7.0;6.1257966729084385;3.8844822141560797
8.375;6.9714;6.1257966729084385;3.8844822141560797
8.25;6.8857;6.1257966729084385;3.8844822141560797
8.125;6.8571;6.1257966729084385;3.8844822141560797
8.0625;6.8;6.1257966729084385;3.8844822141560797
8.0625;6.7714;6.1257966729084385;3.8844822141560797
8.1875;6.7429;6.1257966729084385;3.8844822141560797
8.125;6.7143;6.1257966729084385;3.8844822141560797
8.0;6.6286;6.1257966729084385;3.8844822141560797
7.9375;6.6;6.1257966729084385;3.8844822141560797
7.875;6.6;6.1257966729084385;3.8844822141560797
7.6875;6.6;6.1257966729084385;3.8844822141560797
7.6875;6.5143;6.1257966729084385;3.8844822141560797
7.6875;6.4857;6.1257966729084385;3.8844822141560797
7.625;6.4571;6.1257966729084385;3.8844822141560797
7.5;6.3714;6.1257966729084385;3.8844822141560797
7.4375;6.3143;6.1257966729084385;3.8844822141560797
7.5;6.3143;6.1257966729084385;3.8844822141560797
7.5625;6.2286;6.1257966729084385;3.8844822141560797
7.5625;6.2286;6.1257966729084385;3.8844822141560797
7.375;6.1714;6.1257966729084385;3.8844822141560797
7.1875;6.1429;6.1257966729084385;3.8844822141560797
7.0;6.1143;6.1257966729084385;3.8844822141560797
6.9375;6.0571;6.1257966729084385;3.8844822141560797
6.9375;6.0286;6.1257966729084385;3.8844822141560797
6.8125;5.9714;6.1257966729084385;3.8844822141560797
6.6875;5.9429;6.1257966729084385;3.8844822141560797
6.625;5.8571;6.1257966729084385;3.8844822141560797
6.625;5.8571;6.1257966729084385;3.8844822141560797
6.5625;5.8286;6.1257966729084385;3.8844822141560797
6.5625;5.8;6.1257966729084385;3.8844822141560797
6.5625;5.7429;6.1257966729084385;3.8844822141560797
6.5;5.6857;6.1257966729084385;3.8844822141560797
6.5625;5.6857;6.1257966729084385;3.8844822141560797
6.625;5.5714;6.1257966729084385;3.8844822141560797
6.625;5.5143;6.1257966729084385;3.8844822141560797
6.5625;5.5143;6.1257966729084385;3.8844822141560797
6.375;5.4571;6.1257966729084385;3.8844822141560797
6.25;5.4571;6.1257966729084385;3.8844822141560797
6.0625;5.4857;6.1257966729084385;3.8844822141560797
5.75;5.3714;6.1257966729084385;3.8844822141560797
5.5;5.3714;6.1257966729084385;3.8844822141560797
5.5;5.3429;6.1257966729084385;3.8844822141560797
5.5625;5.2857;6.1257966729084385;3.8844822141560797
5.75;5.2286;6.1257966729084385;3.8844822141560797
5.875;5.2;6.1257966729084385;3.8844822141560797
5.9375;5.1143;6.1257966729084385;3.8844822141560797
5.9375;5.1714;6.1257966729084385;3.8844822141560797
5.875;5.0571;6.1257966729084385;3.8844822141560797
5.75;5.0;6.1257966729084385;3.8844822141560797
5.6875;4.9429;6.1257966729084385;3.8844822141560797
5.5625;4.8857;6.1257966729084385;3.8844822141560797
5.4375;4.8857;6.1257966729084385;3.8844822141560797
5.4375;4.8571;6.1257966729084385;3.8844822141560797
5.4375;4.8286;6.1257966729084385;3.8844822141560797
5.3125;4.8286;6.1257966729084385;3.8844822141560797
5.125;4.8;6.1257966729084385;3.8844822141560797
4.875;4.7429;6.1257966729084385;3.8844822141560797
4.6875;4.6857;6.1257966729084385;3.8844822141560797
4.6875;4.6857;6.1257966729084385;3.8844822141560797
4.9375;4.6286;6.1257966729084385;3.8844822141560797
5.125;4.5714;6.1257966729084385;3.8844822141560797
5.25;4.5429;6.1257966729084385;3.8844822141560797
5.3125;4.5143;6.1257966729084385;3.8844822141560797
5.3125;4.4571;6.1257966729084385;3.8844822141560797
5.25;4.4;6.1257966729084385;3.8844822141560797
5.0625;4.3714;6.1257966729084385;3.8844822141560797
4.75;4.3714;6.1257966729084385;3.8844822141560797
4.5625;4.3714;6.1257966729084385;3.8844822141560797
4.4375;4.2286;6.1257966729084385;3.8844822141560797
4.5;4.2857;6.1257966729084385;3.8844822141560797
4.5625;4.2;6.1257966729084385;3.8844822141560797
4.5;4.1429;6.1257966729084385;3.8844822141560797
4.4375;4.1429;6.1257966729084385;3.8844822141560797
4.5;4.1143;6.1257966729084385;3.8844822141560797
4.625;4.0;6.1257966729084385;3.8844822141560797
4.6875;4.0286;6.1257966729084385;3.8844822141560797
4.6875;3.9429;6.1257966729084385;3.8844822141560797
4.625;4.0;6.1257966729084385;3.8844822141560797
4.5625;3.9429;6.1257966729084385;3.8844822141560797
4.5625;3.8571;6.1257966729084385;3.8844822141560797
4.5625;3.8571;6.1257966729084385;3.8844822141560797
4.4375;3.8;6.1257966729084385;3.8844822141560797
4.125;3.8;6.1257966729084385;3.8844822141560797
3.875;3.7429;6.1257966729084385;3.8844822141560797
3.75;3.7143;6.1257966729084385;3.8844822141560797
3.8125;3.6857;6.1257966729084385;3.8844822141560797
4.0;3.6571;6.1257966729084385;3.8844822141560797
4.125;3.6286;6.1257966729084385;3.8844822141560797
3.9375;3.5429;6.1257966729084385;3.8844822141560797
3.375;3.5429;6.1257966729084385;3.8844822141560797
3.125;3.4857;6.1257966729084385;3.8844822141560797
3.1875;3.5143;6.1257966729084385;3.8844822141560797
3.4375;3.4571;6.1257966729084385;3.8844822141560797
3.5625;3.4;6.1257966729084385;3.8844822141560797
3.6875;3.4;6.1257966729084385;3.8844822141560797
3.6875;3.3143;6.1257966729084385;3.8844822141560797
3.6875;3.3143;6.1257966729084385;3.8844822141560797
3.75;3.2286;6.1257966729084385;3.8844822141560797
3.5625;3.2571;6.1257966729084385;3.8844822141560797
3.125;3.2286;6.1257966729084385;3.8844822141560797
2.875;3.1429;6.1257966729084385;3.8844822141560797
3.0;3.1143;6.1257966729084385;3.8844822141560797
3.1875;3.1143;6.1257966729084385;3.8844822141560797
3.5;3.0571;6.1257966729084385;3.8844822141560797
3.6875;3.1143;6.1257966729084385;3.8844822141560797
3.6875;2.9429;6.1257966729084385;3.8844822141560797
3.1875;2.9714;6.1257966729084385;3.8844822141560797
2.4375;2.9429;6.1257966729084385;3.8844822141560797
2.375;2.9143;6.1257966729084385;3.8844822141560797
2.6875;2.9429;6.1257966729084385;3.8844822141560797
2.875;2.8571;6.1257966729084385;3.8844822141560797
2.9375;2.8;6.1257966729084385;3.8844822141560797
3.0625;2.7714;6.1257966729084385;3.8844822141560797
3.1875;2.7429;6.1257966729084385;3.8844822141560797
3.3125;2.8;6.1257966729084385;3.8844822141560797
3.3125;2.7429;6.1257966729084385;3.8844822141560797
3.25;2.6857;6.1257966729084385;3.8844822141560797
3.0625;2.7143;6.1257966729084385;3.8844822141560797
2.625;2.5429;6.1257966729084385;3.8844822141560797
2.1875;2.6;6.1257966729084385;3.8844822141560797
2.25;2.5143;6.1257966729084385;3.8844822141560797
2.3125;2.5429;6.1257966729084385;3.8844822141560797
2.25;2.4571;6.1257966729084385;3.8844822141560797
2.3125;2.4571;6.1257966729084385;3.8844822141560797
2.5;2.4571;6.1257966729084385;3.8844822141560797
2.625;2.4;6.1257966729084385;3.8844822141560797
2.6875;2.4;6.1257966729084385;3.8844822141560797
2.75;2.3429;6.1257966729084385;3.8844822141560797
2.6875;2.2571;6.1257966729084385;3.8844822141560797
2.5625;2.2857;6.1257966729084385;3.8844822141560797
2.5625;2.2571;6.1257966729084385;3.8844822141560797
2.5625;2.2;6.1257966729084385;3.8844822141560797
2.75;2.2;6.1257966729084385;3.8844822141560797
3.0;2.1429;6.1257966729084385;3.8844822141560797
3.1875;2.1714;6.1257966729084385;3.8844822141560797
3.125;2.1429;6.1257966729084385;3.8844822141560797
2.5;2.0286;6.1257966729084385;3.8844822141560797
1.5;2.0571;6.1257966729084385;3.8844822141560797
0.625;2.0286;6.1257966729084385;3.8844822141560797
0.125;2.0286;6.1257966729084385;3.8844822141560797
0.0;2.0;6.1257966729084385;3.8844822141560797
-0.0625;1.9714;6.1257966729084385;3.8844822141560797
0.0;2.0;6.1257966729084385;3.8844822141560797
0.0;1.9143;6.1257966729084385;3.8844822141560797
0.375;1.9429;6.1257966729084385;3.8844822141560797
1.0625;1.8857;6.1257966729084385;3.8844822141560797
1.6875;1.8286;6.1257966729084385;3.8844822141560797
1.8125;1.8;6.1257966729084385;3.8844822141560797
1.9375;1.7714;6.1257966729084385;3.8844822141560797
1.9375;1.7429;6.1257966729084385;3.8844822141560797
1.5;1.7429;6.1257966729084385;3.8844822141560797
1.1875;1.7143;6.1257966729084385;3.8844822141560797
0.875;1.6571;6.1257966729084385;3.8844822141560797
0.6875;1.5714;6.1257966729084385;3.8844822141560797
0.6875;1.6857;6.1257966729084385;3.8844822141560797
0.625;1.5429;6.1257966729084385;3.8844822141560797
0.375;1.5143;6.1257966729084385;3.8844822141560797
0.125;1.5143;6.1257966729084385;3.8844822141560797
0.0;1.4571;6.1257966729084385;3.8844822141560797
0.0;1.4857;6.1257966729084385;3.8844822141560797
0.0;1.4286;6.1257966729084385;3.8844822141560797
0.0;1.3714;6.1257966729084385;3.8844822141560797
0.25;1.4;6.1257966729084385;3.8844822141560797
0.875;1.3429;6.1257966729084385;3.8844822141560797
1.0625;1.4;6.1257966729084385;3.8844822141560797
0.875;1.3714;6.1257966729084385;3.8844822141560797
0.5625;1.3143;6.1257966729084385;3.8844822141560797
0.375;1.3143;6.1257966729084385;3.8844822141560797
0.1875;1.2286;6.1257966729084385;3.8844822141560797
0.0625;1.3143;6.1257966729084385;3.8844822141560797
0.0;1.2;6.1257966729084385;3.8844822141560797
0.125;1.2286;6.1257966729084385;3.8844822141560797
0.5;1.1429;6.1257966729084385;3.8844822141560797
0.625;1.2;6.1257966729084385;3.8844822141560797
0.375;1.0;6.1257966729084385;3.8844822141560797
0.1875;1.1429;6.1257966729084385;3.8844822141560797
0.125;1.1714;6.1257966729084385;3.8844822141560797
0.1875;0.9714;6.1257966729084385;3.8844822141560797
0.1875;1.0571;6.1257966729084385;3.8844822141560797
0.1875;0.9429;6.1257966729084385;3.8844822141560797
0.3125;0.9143;6.1257966729084385;3.8844822141560797
0.3125;0.9429;6.1257966729084385;3.8844822141560797
0.1875;0.9143;6.1257966729084385;3.8844822141560797
0.3125;0.9143;6.1257966729084385;3.8844822141560797
0.6875;0.9429;6.1257966729084385;3.8844822141560797
0.875;0.8;6.1257966729084385;3.8844822141560797
0.9375;0.8857;6.1257966729084385;3.8844822141560797
0.6875;0.9429;6.1257966729084385;3.8844822141560797
0.375;0.7714;6.1257966729084385;3.8844822141560797
0.0625;0.7714;6.1257966729084385;3.8844822141560797
0.0;0.7143;6.1257966729084385;3.8844822141560797
0.0;0.7429;6.1257966729084385;3.8844822141560797
0.0;0.7714;6.1257966729084385;3.8844822141560797
0.0;0.6857;6.1257966729084385;3.8844822141560797
-0.0625;0.7714;6.1257966729084385;3.8844822141560797
-0.1875;0.6571;6.1257966729084385;3.8844822141560797
-0.375;0.6;6.1257966729084385;3.8844822141560797
-0.3125;0.6286;6.1257966729084385;3.8844822141560797
-0.125;0.6286;6.1257966729084385;3.8844822141560797
0.0625;0.5714;6.1257966729084385;3.8844822141560797
0.1875;0.5714;6.1257966729084385;3.8844822141560797
0.125;0.6286;6.1257966729084385;3.8844822141560797
0.0625;0.5714;6.1257966729084385;3.8844822141560797
0.0;0.5429;6.1257966729084385;3.8844822141560797
0.0;0.5143;6.1257966729084385;3.8844822141560797
0.25;0.5714;6.1257966729084385;3.8844822141560797
0.9375;0.5143;6.1257966729084385;3.8844822141560797
1.4375;0.4571;6.1257966729084385;3.8844822141560797
1.5;0.5714;6.1257966729084385;3.8844822141560797
1.125;0.4857;6.1257966729084385;3.8844822141560797
0.9375;0.4286;6.1257966729084385;3.8844822141560797
0.875;0.4;6.1257966729084385;3.8844822141560797
0.6875;0.4571;6.1257966729084385;3.8844822141560797
0.3125;0.4;6.1257966729084385;3.8844822141560797
0.0625;0.2857;6.1257966729084385;3.8844822141560797
0.125;0.4571;6.1257966729084385;3.8844822141560797
0.8125;0.4286;6.1257966729084385;3.8844822141560797
1.5625;0.3143;6.1257966729084385;3.8844822141560797
1.75;0.4;6.1257966729084385;3.8844822141560797
1.8125;0.3429;6.1257966729084385;3.8844822141560797
2.0625;0.3429;6.1257966729084385;3.8844822141560797
2.25;0.2857;6.1257966729084385;3.8844822141560797
2.3125;0.3429;6.1257966729084385;3.8844822141560797
2.375;0.2286;6.1257966729084385;3.8844822141560797
2.125;0.2857;6.1257966729084385;3.8844822141560797
1.4375;0.2857;6.1257966729084385;3.8844822141560797
0.6875;0.2571;6.1257966729084385;3.8844822141560797
0.3125;0.4286;6.1257966729084385;3.8844822141560797
0.125;0.2857;6.1257966729084385;3.8844822141560797
0.0625;0.3143;6.1257966729084385;3.8844822141560797
0.1875;0.2286;6.1257966729084385;3.8844822141560797
0.25;0.2571;6.1257966729084385;3.8844822141560797
0.3125;0.2571;6.1257966729084385;3.8844822141560797
0.3125;0.2571;6.1257966729084385;3.8844822141560797
0.125;0.2571;6.1257966729084385;3.8844822141560797
0.25;0.1714;6.1257966729084385;3.8844822141560797
0.625;0.1143;6.1257966729084385;3.8844822141560797
0.75;0.1714;6.1257966729084385;3.8844822141560797
0.5;0.1714;6.1257966729084385;3.8844822141560797
0.1875;0.0857;6.1257966729084385;3.8844822141560797
0.0625;0.1714;6.1257966729084385;3.8844822141560797
0.0625;0.2571;6.1257966729084385;3.8844822141560797
0.1875;0.1714;6.1257966729084385;3.8844822141560797
0.0625;0.3143;6.1257966729084385;3.8844822141560797
-0.125;0.1714;6.1257966729084385;3.8844822141560797
-0.125;0.1714;6.1257966729084385;3.8844822141560797
0.0625;0.2;6.1257966729084385;3.8844822141560797
0.3125;0.1714;6.1257966729084385;3.8844822141560797
0.4375;0.2286;6.1257966729084385;3.8844822141560797
0.6875;0.2857;6.1257966729084385;3.8844822141560797
1.0;0.0857;6.1257966729084385;3.8844822141560797
0.875;0.2286;6.1257966729084385;3.8844822141560797
0.5;0.1429;6.1257966729084385;3.8844822141560797
0.1875;0.1714;6.1257966729084385;3.8844822141560797
0.0;0.1143;6.1257966729084385;3.8844822141560797
0.0;0.1714;6.1257966729084385;3.8844822141560797
0.0;0.1143;6.1257966729084385;3.8844822141560797
0.25;0.0571;6.1257966729084385;3.8844822141560797
0.375;0.0857;6.1257966729084385;3.8844822141560797
0.5625;0.1143;6.1257966729084385;3.8844822141560797
0.8125;0.0857;6.1257966729084385;3.8844822141560797
1.0625;0.1714;6.1257966729084385;3.8844822141560797
0.9375;0.0571;6.1257966729084385;3.8844822141560797
0.75;0.1429;6.1257966729084385;3.8844822141560797
0.8125;0.0857;6.1257966729084385;3.8844822141560797
0.625;0.1714;6.1257966729084385;3.8844822141560797
0.1875;0.1143;6.1257966729084385;3.8844822141560797
0.0;0.1143;6.1257966729084385;3.8844822141560797
-0.1875;0.0571;6.1257966729084385;3.8844822141560797
-0.1875;0.1714;6.1257966729084385;3.8844822141560797
0.0;0.0857;6.1257966729084385;3.8844822141560797
0.25;0.0286;6.1257966729084385;3.8844822141560797
0.8125;0.1429;6.1257966729084385;3.8844822141560797
1.125;0.1143;6.1257966729084385;3.8844822141560797
1.0625;0.1143;6.1257966729084385;3.8844822141560797
0.6875;0.0286;6.1257966729084385;3.8844822141560797
0.25;0.0857;6.1257966729084385;3.8844822141560797
0.125;0.1143;6.1257966729084385;3.8844822141560797
0.25;0.0571;6.1257966729084385;3.8844822141560797
0.3125;0.0857;6.1257966729084385;3.8844822141560797
0.375;0.0857;6.1257966729084385;3.8844822141560797
0.5625;0.0571;6.1257966729084385;3.8844822141560797
0.5625;0.0857;6.1257966729084385;3.8844822141560797
0.3125;-0.0286;6.1257966729084385;3.8844822141560797
0.125;0.0857;6.1257966729084385;3.8844822141560797
0.0;0.0286;6.1257966729084385;3.8844822141560797
0.0;0.0286;6.1257966729084385;3.8844822141560797
0.0;0.1143;6.1257966729084385;3.8844822141560797
0.0;0.0571;6.1257966729084385;3.8844822141560797
0.0;0.0286;6.1257966729084385;3.8844822141560797
0.0;0.1429;6.1257966729084385;3.8844822141560797
0.125;0.1143;6.1257966729084385;3.8844822141560797
0.625;0.1143;6.1257966729084385;3.8844822141560797
0.9375;0.0857;6.1257966729084385;3.8844822141560797
0.8125;0.0857;6.1257966729084385;3.8844822141560797
0.4375;0.0571;6.1257966729084385;3.8844822141560797
0.0;0.0286;6.1257966729084385;3.8844822141560797
-0.4375;0.0571;6.1257966729084385;3.8844822141560797
-0.4375;0.0571;6.1257966729084385;3.8844822141560797
0.0;0.0286;6.1257966729084385;3.8844822141560797
0.5;0.1143;6.1257966729084385;3.8844822141560797
