SF-A-022;Sensirion;RMSE;MAE
-5.4375;-6.1714;5.940736449480263;3.619612605548854
-5.4375;-6.1429;5.940736449480263;3.619612605548854
-5.625;-6.1143;5.940736449480263;3.619612605548854
-5.875;-6.0857;5.940736449480263;3.619612605548854
-6.0625;-6.0;5.940736449480263;3.619612605548854
-6.1875;-5.9714;5.940736449480263;3.619612605548854
-6.1875;-5.9429;5.940736449480263;3.619612605548854
-6.0625;-5.9429;5.940736449480263;3.619612605548854
-5.9375;-5.8571;5.940736449480263;3.619612605548854
-5.9375;-5.7714;5.940736449480263;3.619612605548854
-5.875;-5.7714;5.940736449480263;3.619612605548854
-5.875;-5.7429;5.940736449480263;3.619612605548854
-5.875;-5.7429;5.940736449480263;3.619612605548854
-5.8125;-5.7143;5.940736449480263;3.619612605548854
-5.6875;-5.7143;5.940736449480263;3.619612605548854
-5.6875;-5.6286;5.940736449480263;3.619612605548854
-5.6875;-5.6;5.940736449480263;3.619612605548854
-5.5625;-5.5714;5.940736449480263;3.619612605548854
-5.1875;-5.5714;5.940736449480263;3.619612605548854
-4.625;-5.5429;5.940736449480263;3.619612605548854
-4.3125;-5.4857;5.940736449480263;3.619612605548854
-4.3125;-5.5429;5.940736449480263;3.619612605548854
-4.5;-5.4571;5.940736449480263;3.619612605548854
-4.75;-5.5429;5.940736449480263;3.619612605548854
-5.0625;-5.5143;5.940736449480263;3.619612605548854
-5.375;-5.4857;5.940736449480263;3.619612605548854
-5.625;-5.5429;5.940736449480263;3.619612605548854
-5.75;-5.6;5.940736449480263;3.619612605548854
-5.75;-5.6857;5.940736449480263;3.619612605548854
-5.5;-5.6857;5.940736449480263;3.619612605548854
-5.25;-5.8286;5.940736449480263;3.619612605548854
-5.0;-5.9429;5.940736449480263;3.619612605548854
-4.9375;-6.0857;5.940736449480263;3.619612605548854
-5.0625;-6.2;5.940736449480263;3.619612605548854
-5.3125;-6.3714;5.940736449480263;3.619612605548854
-5.5;-6.5429;5.940736449480263;3.619612605548854
-5.75;-6.7143;5.940736449480263;3.619612605548854
-6.0625;-6.9714;5.940736449480263;3.619612605548854
-6.375;-7.2571;5.940736449480263;3.619612605548854
-6.5625;-7.5429;5.940736449480263;3.619612605548854
-6.6875;-7.8;5.940736449480263;3.619612605548854
-6.6875;-8.1143;5.940736449480263;3.619612605548854
-6.6875;-8.4571;5.940736449480263;3.619612605548854
-6.6875;-8.7429;5.940736449480263;3.619612605548854
-6.625;-9.0571;5.940736449480263;3.619612605548854
-6.75;-9.4857;5.940736449480263;3.619612605548854
-7.3125;-9.8286;5.940736449480263;3.619612605548854
-8.0;-10.3429;5.940736449480263;3.619612605548854
-8.625;-10.7714;5.940736449480263;3.619612605548854
-9.25;-11.2;5.940736449480263;3.619612605548854
-9.75;-11.6;5.940736449480263;3.619612605548854
-10.0625;-12.1714;5.940736449480263;3.619612605548854
-10.375;-12.7143;5.940736449480263;3.619612605548854
-10.875;-13.3143;5.940736449480263;3.619612605548854
-11.5;-13.6857;5.940736449480263;3.619612605548854
-12.125;-14.3429;5.940736449480263;3.619612605548854
-12.625;-14.9143;5.940736449480263;3.619612605548854
-13.0;-15.5143;5.940736449480263;3.619612605548854
-13.375;-16.1714;5.940736449480263;3.619612605548854
-13.8125;-16.9429;5.940736449480263;3.619612605548854
-14.5;-17.5714;5.940736449480263;3.619612605548854
-15.4375;-18.1429;5.940736449480263;3.619612605548854
-16.25;-18.8;5.940736449480263;3.619612605548854
-16.8125;-19.5143;5.940736449480263;3.619612605548854
-17.1875;-20.3714;5.940736449480263;3.619612605548854
-17.6875;-20.9429;5.940736449480263;3.619612605548854
-18.4375;-21.6286;5.940736449480263;3.619612605548854
-19.5625;-22.4;5.940736449480263;3.619612605548854
-20.75;-23.1714;5.940736449480263;3.619612605548854
-21.8125;-23.8;5.940736449480263;3.619612605548854
-22.6875;-24.5429;5.940736449480263;3.619612605548854
-23.25;-25.2857;5.940736449480263;3.619612605548854
-23.4375;-25.9143;5.940736449480263;3.619612605548854
-23.5;-26.6286;5.940736449480263;3.619612605548854
-23.4375;-27.1714;5.940736449480263;3.619612605548854
-23.375;-27.9714;5.940736449480263;3.619612605548854
-23.375;-28.6286;5.940736449480263;3.619612605548854
-24.0;-29.2857;5.940736449480263;3.619612605548854
-25.75;-29.9714;5.940736449480263;3.619612605548854
-28.125;-30.6286;5.940736449480263;3.619612605548854
-30.125;-31.3714;5.940736449480263;3.619612605548854
-31.25;-32.0286;5.940736449480263;3.619612605548854
-31.75;-32.6571;5.940736449480263;3.619612605548854
-32.0625;-33.2857;5.940736449480263;3.619612605548854
-32.5625;-33.9143;5.940736449480263;3.619612605548854
-33.3125;-34.7143;5.940736449480263;3.619612605548854
-34.25;-35.4571;5.940736449480263;3.619612605548854
-35.125;-36.2;5.940736449480263;3.619612605548854
-35.8125;-36.7714;5.940736449480263;3.619612605548854
-36.5;-37.4286;5.940736449480263;3.619612605548854
-37.6875;-38.4;5.940736449480263;3.619612605548854
-38.9375;-38.8571;5.940736449480263;3.619612605548854
-39.9375;-39.7429;5.940736449480263;3.619612605548854
-40.75;-40.2286;5.940736449480263;3.619612605548854
-41.3125;-41.0;5.940736449480263;3.619612605548854
-41.75;-41.6286;5.940736449480263;3.619612605548854
-42.125;-42.2857;5.940736449480263;3.619612605548854
-42.25;-42.8857;5.940736449480263;3.619612605548854
-42.375;-43.6857;5.940736449480263;3.619612605548854
-43.0625;-44.5429;5.940736449480263;3.619612605548854
-44.125;-45.2571;5.940736449480263;3.619612605548854
-44.9375;-45.8;5.940736449480263;3.619612605548854
-45.1875;-46.4286;5.940736449480263;3.619612605548854
-45.125;-46.9429;5.940736449480263;3.619612605548854
-44.9375;-47.7714;5.940736449480263;3.619612605548854
-44.8125;-48.1714;5.940736449480263;3.619612605548854
-44.75;-48.6;5.940736449480263;3.619612605548854
-44.75;-49.2286;5.940736449480263;3.619612605548854
-44.8125;-50.3429;5.940736449480263;3.619612605548854
-45.5625;-50.8857;5.940736449480263;3.619612605548854
-47.375;-51.6;5.940736449480263;3.619612605548854
-49.375;-51.8857;5.940736449480263;3.619612605548854
-50.75;-52.5429;5.940736449480263;3.619612605548854
-51.625;-52.9429;5.940736449480263;3.619612605548854
-52.375;-53.6857;5.940736449480263;3.619612605548854
-53.5;-54.1429;5.940736449480263;3.619612605548854
-55.0625;-54.8286;5.940736449480263;3.619612605548854
-56.375;-55.6571;5.940736449480263;3.619612605548854
-57.5;-56.0571;5.940736449480263;3.619612605548854
-58.5;-57.0;5.940736449480263;3.619612605548854
-59.0625;-56.9429;5.940736449480263;3.619612605548854
-59.1875;-57.7429;5.940736449480263;3.619612605548854
-59.625;-58.2286;5.940736449480263;3.619612605548854
-60.5;-58.2;5.940736449480263;3.619612605548854
-61.5;-59.6286;5.940736449480263;3.619612605548854
-62.25;-59.5429;5.940736449480263;3.619612605548854
-62.5;-60.2571;5.940736449480263;3.619612605548854
-62.75;-61.2286;5.940736449480263;3.619612605548854
-63.3125;-60.9714;5.940736449480263;3.619612605548854
-64.125;-61.7714;5.940736449480263;3.619612605548854
-64.6875;-62.2571;5.940736449480263;3.619612605548854
-64.75;-62.3714;5.940736449480263;3.619612605548854
-64.5625;-63.3429;5.940736449480263;3.619612605548854
-64.8125;-64.3714;5.940736449480263;3.619612605548854
-65.6875;-64.6857;5.940736449480263;3.619612605548854
-66.6875;-65.6571;5.940736449480263;3.619612605548854
-67.375;-65.8571;5.940736449480263;3.619612605548854
-67.6875;-65.7714;5.940736449480263;3.619612605548854
-67.75;-66.9429;5.940736449480263;3.619612605548854
-67.6875;-67.6571;5.940736449480263;3.619612605548854
-67.75;-67.6571;5.940736449480263;3.619612605548854
-68.3125;-67.8;5.940736449480263;3.619612605548854
-69.25;-68.8571;5.940736449480263;3.619612605548854
-70.4375;-69.1143;5.940736449480263;3.619612605548854
-71.9375;-69.7143;5.940736449480263;3.619612605548854
-73.4375;-70.7714;5.940736449480263;3.619612605548854
-73.8125;-70.8571;5.940736449480263;3.619612605548854
-72.9375;-71.0286;5.940736449480263;3.619612605548854
-72.25;-71.8571;5.940736449480263;3.619612605548854
-72.5;-72.9714;5.940736449480263;3.619612605548854
-72.8125;-73.2;5.940736449480263;3.619612605548854
-73.25;-73.5714;5.940736449480263;3.619612605548854
-74.6875;-74.4;5.940736449480263;3.619612605548854
-76.875;-75.1714;5.940736449480263;3.619612605548854
-78.6875;-75.3429;5.940736449480263;3.619612605548854
-79.9375;-75.3714;5.940736449480263;3.619612605548854
-80.625;-75.7143;5.940736449480263;3.619612605548854
-80.625;-76.0857;5.940736449480263;3.619612605548854
-80.4375;-76.6857;5.940736449480263;3.619612605548854
-80.3125;-77.3429;5.940736449480263;3.619612605548854
-79.8125;-77.9714;5.940736449480263;3.619612605548854
-78.9375;-78.5143;5.940736449480263;3.619612605548854
-78.3125;-80.0857;5.940736449480263;3.619612605548854
-78.625;-80.3429;5.940736449480263;3.619612605548854
-80.0625;-80.4286;5.940736449480263;3.619612605548854
-82.0;-80.5429;5.940736449480263;3.619612605548854
-83.1875;-80.2;5.940736449480263;3.619612605548854
-83.5;-81.8286;5.940736449480263;3.619612605548854
-83.375;-81.6286;5.940736449480263;3.619612605548854
-83.1875;-82.7143;5.940736449480263;3.619612605548854
-83.0625;-82.6;5.940736449480263;3.619612605548854
-82.9375;-83.0286;5.940736449480263;3.619612605548854
-83.0625;-83.4571;5.940736449480263;3.619612605548854
-83.4375;-83.8857;5.940736449480263;3.619612605548854
-84.125;-84.4;5.940736449480263;3.619612605548854
-84.875;-85.5143;5.940736449480263;3.619612605548854
-85.0;-85.3429;5.940736449480263;3.619612605548854
-85.1875;-85.8571;5.940736449480263;3.619612605548854
-85.875;-85.2;5.940736449480263;3.619612605548854
-86.5625;-85.6571;5.940736449480263;3.619612605548854
-86.875;-85.6857;5.940736449480263;3.619612605548854
-87.1875;-86.7429;5.940736449480263;3.619612605548854
-87.3125;-87.4286;5.940736449480263;3.619612605548854
-87.625;-88.4571;5.940736449480263;3.619612605548854
-88.1875;-88.4857;5.940736449480263;3.619612605548854
-88.75;-88.6857;5.940736449480263;3.619612605548854
-89.4375;-89.1143;5.940736449480263;3.619612605548854
-89.9375;-88.8857;5.940736449480263;3.619612605548854
-90.6875;-89.2;5.940736449480263;3.619612605548854
-91.9375;-90.0571;5.940736449480263;3.619612605548854
-93.25;-90.0;5.940736449480263;3.619612605548854
-93.875;-90.1714;5.940736449480263;3.619612605548854
-93.6875;-89.5714;5.940736449480263;3.619612605548854
-92.9375;-90.6286;5.940736449480263;3.619612605548854
-92.375;-92.1143;5.940736449480263;3.619612605548854
-92.75;-92.4;5.940736449480263;3.619612605548854
-93.9375;-92.4;5.940736449480263;3.619612605548854
-94.4375;-92.0571;5.940736449480263;3.619612605548854
-93.8125;-92.6857;5.940736449480263;3.619612605548854
-92.875;-93.8;5.940736449480263;3.619612605548854
-92.1875;-94.1143;5.940736449480263;3.619612605548854
-91.875;-93.8571;5.940736449480263;3.619612605548854
-91.8125;-94.2;5.940736449480263;3.619612605548854
-91.875;-93.8286;5.940736449480263;3.619612605548854
-92.0625;-94.2286;5.940736449480263;3.619612605548854
-92.4375;-94.9714;5.940736449480263;3.619612605548854
-93.1875;-94.4;5.940736449480263;3.619612605548854
-95.0625;-94.5143;5.940736449480263;3.619612605548854
-97.6875;-94.6857;5.940736449480263;3.619612605548854
-99.5;-96.9714;5.940736449480263;3.619612605548854
-100.25;-97.9714;5.940736449480263;3.619612605548854
-100.1875;-97.7429;5.940736449480263;3.619612605548854
-99.75;-98.7429;5.940736449480263;3.619612605548854
-99.5625;-98.4857;5.940736449480263;3.619612605548854
-99.5625;-98.5143;5.940736449480263;3.619612605548854
-99.625;-99.3714;5.940736449480263;3.619612605548854
-100.1875;-100.6571;5.940736449480263;3.619612605548854
-101.375;-100.0;5.940736449480263;3.619612605548854
-102.4375;-99.3714;5.940736449480263;3.619612605548854
-103.125;-100.2286;5.940736449480263;3.619612605548854
-103.75;-100.4571;5.940736449480263;3.619612605548854
-104.375;-101.4571;5.940736449480263;3.619612605548854
-104.625;-101.1143;5.940736449480263;3.619612605548854
-104.6875;-101.7143;5.940736449480263;3.619612605548854
-104.3125;-102.1143;5.940736449480263;3.619612605548854
-103.4375;-103.2286;5.940736449480263;3.619612605548854
-102.9375;-101.8286;5.940736449480263;3.619612605548854
-102.9375;-102.6857;5.940736449480263;3.619612605548854
-103.375;-103.5714;5.940736449480263;3.619612605548854
-104.5625;-104.0;5.940736449480263;3.619612605548854
-106.3125;-104.2857;5.940736449480263;3.619612605548854
-107.9375;-103.7714;5.940736449480263;3.619612605548854
-108.875;-104.8571;5.940736449480263;3.619612605548854
-109.25;-104.2;5.940736449480263;3.619612605548854
-109.25;-104.7714;5.940736449480263;3.619612605548854
-109.125;-104.7714;5.940736449480263;3.619612605548854
-108.875;-105.5714;5.940736449480263;3.619612605548854
-108.5;-106.0;5.940736449480263;3.619612605548854
-108.5;-107.1714;5.940736449480263;3.619612605548854
-108.75;-107.5429;5.940736449480263;3.619612605548854
-108.75;-107.3429;5.940736449480263;3.619612605548854
-108.5625;-108.1429;5.940736449480263;3.619612605548854
-108.8125;-107.4857;5.940736449480263;3.619612605548854
-109.6875;-107.9429;5.940736449480263;3.619612605548854
-110.1875;-107.5429;5.940736449480263;3.619612605548854
-109.75;-108.4;5.940736449480263;3.619612605548854
-109.125;-108.2286;5.940736449480263;3.619612605548854
-109.25;-107.9143;5.940736449480263;3.619612605548854
-110.8125;-109.3714;5.940736449480263;3.619612605548854
-113.4375;-109.9143;5.940736449480263;3.619612605548854
-115.3125;-110.8857;5.940736449480263;3.619612605548854
-115.1875;-109.2286;5.940736449480263;3.619612605548854
-114.25;-110.4857;5.940736449480263;3.619612605548854
-113.8125;-110.3143;5.940736449480263;3.619612605548854
-113.6875;-110.8286;5.940736449480263;3.619612605548854
-113.4375;-110.7429;5.940736449480263;3.619612605548854
-113.1875;-111.0857;5.940736449480263;3.619612605548854
-113.0;-111.6286;5.940736449480263;3.619612605548854
-113.0;-111.8286;5.940736449480263;3.619612605548854
-113.3125;-113.0857;5.940736449480263;3.619612605548854
-113.9375;-112.8286;5.940736449480263;3.619612605548854
-114.25;-112.6857;5.940736449480263;3.619612605548854
-114.5;-113.1143;5.940736449480263;3.619612605548854
-114.875;-113.0286;5.940736449480263;3.619612605548854
-115.0625;-113.6857;5.940736449480263;3.619612605548854
-115.1875;-115.0857;5.940736449480263;3.619612605548854
-115.1875;-114.8286;5.940736449480263;3.619612605548854
-115.1875;-115.1143;5.940736449480263;3.619612605548854
-114.75;-115.0;5.940736449480263;3.619612605548854
-114.4375;-114.8286;5.940736449480263;3.619612605548854
-114.875;-113.5143;5.940736449480263;3.619612605548854
-115.4375;-113.8;5.940736449480263;3.619612605548854
-116.0625;-114.3714;5.940736449480263;3.619612605548854
-116.6875;-115.4571;5.940736449480263;3.619612605548854
-117.25;-116.2286;5.940736449480263;3.619612605548854
-117.625;-116.8;5.940736449480263;3.619612605548854
-117.8125;-115.5143;5.940736449480263;3.619612605548854
-118.5625;-116.4;5.940736449480263;3.619612605548854
-119.375;-115.8857;5.940736449480263;3.619612605548854
-119.4375;-115.5429;5.940736449480263;3.619612605548854
-119.125;-116.9714;5.940736449480263;3.619612605548854
-119.25;-117.4571;5.940736449480263;3.619612605548854
-119.625;-118.3429;5.940736449480263;3.619612605548854
-120.0625;-118.2571;5.940736449480263;3.619612605548854
-120.5;-119.0857;5.940736449480263;3.619612605548854
-120.8125;-117.6286;5.940736449480263;3.619612605548854
-121.0;-118.1714;5.940736449480263;3.619612605548854
-121.4375;-118.4;5.940736449480263;3.619612605548854
-122.125;-118.8286;5.940736449480263;3.619612605548854
-122.6875;-119.2;5.940736449480263;3.619612605548854
-122.8125;-119.8;5.940736449480263;3.619612605548854
-122.9375;-120.1714;5.940736449480263;3.619612605548854
-123.25;-120.3143;5.940736449480263;3.619612605548854
-123.0625;-120.2;5.940736449480263;3.619612605548854
-122.25;-120.1143;5.940736449480263;3.619612605548854
-121.3125;-121.1429;5.940736449480263;3.619612605548854
-120.625;-120.9714;5.940736449480263;3.619612605548854
-120.375;-121.1143;5.940736449480263;3.619612605548854
-120.3125;-120.8;5.940736449480263;3.619612605548854
-120.375;-121.1429;5.940736449480263;3.619612605548854
-120.5625;-122.9429;5.940736449480263;3.619612605548854
-121.3125;-123.1429;5.940736449480263;3.619612605548854
-122.375;-122.9143;5.940736449480263;3.619612605548854
-123.0;-122.5143;5.940736449480263;3.619612605548854
-123.25;-121.9714;5.940736449480263;3.619612605548854
-124.0;-121.9429;5.940736449480263;3.619612605548854
-124.9375;-122.0571;5.940736449480263;3.619612605548854
-125.125;-121.4286;5.940736449480263;3.619612605548854
-125.0625;-122.1143;5.940736449480263;3.619612605548854
-125.125;-122.0;5.940736449480263;3.619612605548854
-125.0;-123.4857;5.940736449480263;3.619612605548854
-125.0;-123.2;5.940736449480263;3.619612605548854
-125.375;-122.8857;5.940736449480263;3.619612605548854
-125.875;-123.9714;5.940736449480263;3.619612605548854
-126.0625;-123.7714;5.940736449480263;3.619612605548854
-125.6875;-125.3714;5.940736449480263;3.619612605548854
-125.0;-124.4571;5.940736449480263;3.619612605548854
-124.1875;-123.9143;5.940736449480263;3.619612605548854
-123.875;-123.7429;5.940736449480263;3.619612605548854
-124.5;-124.1429;5.940736449480263;3.619612605548854
-125.5;-125.6286;5.940736449480263;3.619612605548854
-126.5625;-125.1143;5.940736449480263;3.619612605548854
-127.25;-124.8286;5.940736449480263;3.619612605548854
-126.75;-124.1714;5.940736449480263;3.619612605548854
-125.1875;-125.6571;5.940736449480263;3.619612605548854
-124.0;-124.2857;5.940736449480263;3.619612605548854
-124.3125;-125.4857;5.940736449480263;3.619612605548854
-125.5;-125.9143;5.940736449480263;3.619612605548854
-126.5;-126.3714;5.940736449480263;3.619612605548854
-127.0625;-125.5429;5.940736449480263;3.619612605548854
-127.25;-125.7143;5.940736449480263;3.619612605548854
-127.25;-127.3143;5.940736449480263;3.619612605548854
-126.9375;-127.5143;5.940736449480263;3.619612605548854
-126.6875;-126.5714;5.940736449480263;3.619612605548854
-127.0625;-127.8;5.940736449480263;3.619612605548854
-127.5625;-127.8571;5.940736449480263;3.619612605548854
-127.6875;-126.7714;5.940736449480263;3.619612605548854
-127.4375;-127.0286;5.940736449480263;3.619612605548854
-127.125;-127.7143;5.940736449480263;3.619612605548854
-127.25;-129.3143;5.940736449480263;3.619612605548854
-127.3125;-129.1429;5.940736449480263;3.619612605548854
-127.4375;-128.2286;5.940736449480263;3.619612605548854
-127.75;-127.2857;5.940736449480263;3.619612605548854
-127.75;-128.3429;5.940736449480263;3.619612605548854
-127.6875;-128.7143;5.940736449480263;3.619612605548854
-127.6875;-129.4857;5.940736449480263;3.619612605548854
-127.4375;-128.9429;5.940736449480263;3.619612605548854
-127.5625;-129.5429;5.940736449480263;3.619612605548854
-128.3125;-129.8857;5.940736449480263;3.619612605548854
-129.25;-131.3714;5.940736449480263;3.619612605548854
-130.1875;-130.5143;5.940736449480263;3.619612605548854
-131.0625;-129.5714;5.940736449480263;3.619612605548854
-131.0;-130.8286;5.940736449480263;3.619612605548854
-130.125;-129.6571;5.940736449480263;3.619612605548854
-129.5625;-129.0286;5.940736449480263;3.619612605548854
-129.875;-129.7143;5.940736449480263;3.619612605548854
-130.5;-130.7143;5.940736449480263;3.619612605548854
-130.875;-131.2857;5.940736449480263;3.619612605548854
-130.6875;-130.8286;5.940736449480263;3.619612605548854
-130.25;-131.9429;5.940736449480263;3.619612605548854
-129.9375;-132.2571;5.940736449480263;3.619612605548854
-129.75;-131.7143;5.940736449480263;3.619612605548854
-129.6875;-131.8;5.940736449480263;3.619612605548854
-129.75;-131.3714;5.940736449480263;3.619612605548854
-130.0;-130.8;5.940736449480263;3.619612605548854
-130.875;-131.4571;5.940736449480263;3.619612605548854
-132.625;-132.6;5.940736449480263;3.619612605548854
-134.6875;-131.0286;5.940736449480263;3.619612605548854
-135.5625;-133.1714;5.940736449480263;3.619612605548854
-135.0;-134.1714;5.940736449480263;3.619612605548854
-133.8125;-134.3143;5.940736449480263;3.619612605548854
-132.4375;-133.3143;5.940736449480263;3.619612605548854
-131.5625;-132.8286;5.940736449480263;3.619612605548854
-131.75;-134.0857;5.940736449480263;3.619612605548854
-132.3125;-134.3429;5.940736449480263;3.619612605548854
-132.5625;-134.2857;5.940736449480263;3.619612605548854
-132.5625;-135.3143;5.940736449480263;3.619612605548854
-132.4375;-133.8286;5.940736449480263;3.619612605548854
-132.5;-134.7429;5.940736449480263;3.619612605548854
-132.8125;-135.5714;5.940736449480263;3.619612605548854
-133.6875;-135.9429;5.940736449480263;3.619612605548854
-135.0625;-136.7429;5.940736449480263;3.619612605548854
-136.25;-134.8286;5.940736449480263;3.619612605548854
-136.6875;-135.3143;5.940736449480263;3.619612605548854
-136.3125;-134.6857;5.940736449480263;3.619612605548854
-135.0625;-135.7429;5.940736449480263;3.619612605548854
-133.3125;-134.9714;5.940736449480263;3.619612605548854
-131.875;-136.3714;5.940736449480263;3.619612605548854
-131.4375;-136.9143;5.940736449480263;3.619612605548854
-132.0625;-136.4;5.940736449480263;3.619612605548854
-133.625;-135.0571;5.940736449480263;3.619612605548854
-135.375;-136.0286;5.940736449480263;3.619612605548854
-136.5;-137.2857;5.940736449480263;3.619612605548854
-137.0;-137.1143;5.940736449480263;3.619612605548854
-137.0625;-137.1143;5.940736449480263;3.619612605548854
-137.0;-137.5143;5.940736449480263;3.619612605548854
-136.6875;-137.6;5.940736449480263;3.619612605548854
-136.125;-138.3143;5.940736449480263;3.619612605548854
-136.0;-139.1714;5.940736449480263;3.619612605548854
-136.375;-138.5429;5.940736449480263;3.619612605548854
-136.375;-137.3714;5.940736449480263;3.619612605548854
-135.875;-138.3429;5.940736449480263;3.619612605548854
-135.6875;-138.1143;5.940736449480263;3.619612605548854
-136.0;-137.9143;5.940736449480263;3.619612605548854
-136.8125;-136.3143;5.940736449480263;3.619612605548854
-138.0625;-136.8286;5.940736449480263;3.619612605548854
-138.6875;-136.8;5.940736449480263;3.619612605548854
-138.6875;-136.4857;5.940736449480263;3.619612605548854
-138.5625;-135.6857;5.940736449480263;3.619612605548854
-137.75;-134.9143;5.940736449480263;3.619612605548854
-136.0;-135.4286;5.940736449480263;3.619612605548854
-134.625;-134.4286;5.940736449480263;3.619612605548854
-134.8125;-134.5143;5.940736449480263;3.619612605548854
-135.8125;-133.2571;5.940736449480263;3.619612605548854
-136.625;-133.6;5.940736449480263;3.619612605548854
-136.1875;-133.0;5.940736449480263;3.619612605548854
-134.25;-134.0286;5.940736449480263;3.619612605548854
-132.125;-133.9714;5.940736449480263;3.619612605548854
-131.0625;-133.8;5.940736449480263;3.619612605548854
-130.625;-132.2571;5.940736449480263;3.619612605548854
-130.5625;-132.4286;5.940736449480263;3.619612605548854
-131.125;-131.7429;5.940736449480263;3.619612605548854
-131.9375;-130.3714;5.940736449480263;3.619612605548854
-132.5625;-130.5429;5.940736449480263;3.619612605548854
-132.8125;-130.0;5.940736449480263;3.619612605548854
-132.9375;-130.1143;5.940736449480263;3.619612605548854
-132.875;-129.6571;5.940736449480263;3.619612605548854
-132.8125;-129.8857;5.940736449480263;3.619612605548854
-132.6875;-129.3143;5.940736449480263;3.619612605548854
-132.125;-128.5429;5.940736449480263;3.619612605548854
-130.8125;-128.4286;5.940736449480263;3.619612605548854
-129.1875;-127.8286;5.940736449480263;3.619612605548854
-128.0625;-128.6857;5.940736449480263;3.619612605548854
-127.9375;-127.3714;5.940736449480263;3.619612605548854
-127.9375;-126.3714;5.940736449480263;3.619612605548854
-127.5;-126.2;5.940736449480263;3.619612605548854
-127.125;-125.4571;5.940736449480263;3.619612605548854
-127.375;-124.9143;5.940736449480263;3.619612605548854
-127.875;-124.7714;5.940736449480263;3.619612605548854
-128.375;-127.4857;5.940736449480263;3.619612605548854
-128.6875;-127.0571;5.940736449480263;3.619612605548854
-128.3125;-124.0857;5.940736449480263;3.619612605548854
-127.625;-123.9143;5.940736449480263;3.619612605548854
-127.25;-123.9714;5.940736449480263;3.619612605548854
-126.9375;-125.4;5.940736449480263;3.619612605548854
-126.625;-124.4286;5.940736449480263;3.619612605548854
-126.25;-123.4;5.940736449480263;3.619612605548854
-125.4375;-123.7429;5.940736449480263;3.619612605548854
-124.4375;-124.2571;5.940736449480263;3.619612605548854
-123.25;-122.5429;5.940736449480263;3.619612605548854
-122.375;-122.7429;5.940736449480263;3.619612605548854
-123.0;-122.4;5.940736449480263;3.619612605548854
-124.3125;-121.8857;5.940736449480263;3.619612605548854
-124.875;-121.7714;5.940736449480263;3.619612605548854
-124.3125;-123.0;5.940736449480263;3.619612605548854
-123.25;-122.4286;5.940736449480263;3.619612605548854
-122.4375;-121.8857;5.940736449480263;3.619612605548854
-122.0625;-121.0;5.940736449480263;3.619612605548854
-121.9375;-120.9714;5.940736449480263;3.619612605548854
-121.9375;-118.3143;5.940736449480263;3.619612605548854
-122.125;-118.4286;5.940736449480263;3.619612605548854
-122.375;-118.3143;5.940736449480263;3.619612605548854
-122.3125;-117.8571;5.940736449480263;3.619612605548854
-121.9375;-119.2;5.940736449480263;3.619612605548854
-121.8125;-119.2;5.940736449480263;3.619612605548854
-122.375;-119.0571;5.940736449480263;3.619612605548854
-123.25;-117.4571;5.940736449480263;3.619612605548854
-123.8125;-117.2857;5.940736449480263;3.619612605548854
-123.3125;-117.3143;5.940736449480263;3.619612605548854
-121.6875;-115.9714;5.940736449480263;3.619612605548854
-120.125;-117.4286;5.940736449480263;3.619612605548854
-120.3125;-117.0857;5.940736449480263;3.619612605548854
-121.1875;-116.0286;5.940736449480263;3.619612605548854
-121.0625;-115.7714;5.940736449480263;3.619612605548854
-120.1875;-115.6;5.940736449480263;3.619612605548854
-118.6875;-115.1143;5.940736449480263;3.619612605548854
-116.5625;-115.0;5.940736449480263;3.619612605548854
-115.1875;-115.0571;5.940736449480263;3.619612605548854
-115.375;-115.1143;5.940736449480263;3.619612605548854
-116.125;-114.8857;5.940736449480263;3.619612605548854
-116.8125;-115.1429;5.940736449480263;3.619612605548854
-117.625;-115.1429;5.940736449480263;3.619612605548854
-117.6875;-115.2571;5.940736449480263;3.619612605548854
-116.5;-114.7143;5.940736449480263;3.619612605548854
-115.0625;-113.4;5.940736449480263;3.619612605548854
-114.5;-111.5429;5.940736449480263;3.619612605548854
-114.75;-112.3714;5.940736449480263;3.619612605548854
-115.125;-111.2857;5.940736449480263;3.619612605548854
-115.4375;-111.7143;5.940736449480263;3.619612605548854
-115.625;-112.0;5.940736449480263;3.619612605548854
-115.6875;-111.6571;5.940736449480263;3.619612605548854
-115.625;-112.4857;5.940736449480263;3.619612605548854
-115.8125;-112.3714;5.940736449480263;3.619612605548854
-115.9375;-111.2;5.940736449480263;3.619612605548854
-115.25;-110.6857;5.940736449480263;3.619612605548854
-114.0625;-111.5714;5.940736449480263;3.619612605548854
-113.25;-110.6857;5.940736449480263;3.619612605548854
-113.3125;-110.6286;5.940736449480263;3.619612605548854
-113.75;-109.6571;5.940736449480263;3.619612605548854
-113.5;-110.3429;5.940736449480263;3.619612605548854
-112.75;-109.6286;5.940736449480263;3.619612605548854
-112.0625;-108.7714;5.940736449480263;3.619612605548854
-111.875;-108.7143;5.940736449480263;3.619612605548854
-112.0625;-108.6571;5.940736449480263;3.619612605548854
-112.0625;-107.5714;5.940736449480263;3.619612605548854
-111.9375;-108.6286;5.940736449480263;3.619612605548854
-111.875;-108.0286;5.940736449480263;3.619612605548854
-112.0;-108.2286;5.940736449480263;3.619612605548854
-112.4375;-107.3429;5.940736449480263;3.619612605548854
-112.875;-106.8571;5.940736449480263;3.619612605548854
-112.75;-106.8286;5.940736449480263;3.619612605548854
-111.625;-107.0857;5.940736449480263;3.619612605548854
-109.8125;-107.8857;5.940736449480263;3.619612605548854
-108.0625;-107.6;5.940736449480263;3.619612605548854
-107.0;-106.3429;5.940736449480263;3.619612605548854
-107.1875;-105.5143;5.940736449480263;3.619612605548854
-108.0;-105.7143;5.940736449480263;3.619612605548854
-108.9375;-104.3714;5.940736449480263;3.619612605548854
-109.9375;-105.2857;5.940736449480263;3.619612605548854
-110.625;-105.3429;5.940736449480263;3.619612605548854
-111.0;-104.4;5.940736449480263;3.619612605548854
-111.125;-104.5714;5.940736449480263;3.619612605548854
-111.125;-104.2;5.940736449480263;3.619612605548854
-111.0625;-104.0;5.940736449480263;3.619612605548854
-111.125;-104.3714;5.940736449480263;3.619612605548854
-110.875;-104.6571;5.940736449480263;3.619612605548854
-109.75;-103.8286;5.940736449480263;3.619612605548854
-108.1875;-102.9143;5.940736449480263;3.619612605548854
-107.1875;-103.6571;5.940736449480263;3.619612605548854
-107.375;-103.1143;5.940736449480263;3.619612605548854
-107.5625;-102.5714;5.940736449480263;3.619612605548854
-107.0;-102.2571;5.940736449480263;3.619612605548854
-106.5625;-102.0;5.940736449480263;3.619612605548854
-106.25;-102.5714;5.940736449480263;3.619612605548854
-105.4375;-102.1429;5.940736449480263;3.619612605548854
-104.5;-103.4571;5.940736449480263;3.619612605548854
-103.875;-102.7429;5.940736449480263;3.619612605548854
-103.75;-101.6286;5.940736449480263;3.619612605548854
-103.6875;-101.0857;5.940736449480263;3.619612605548854
-103.1875;-100.6;5.940736449480263;3.619612605548854
-102.8125;-100.4286;5.940736449480263;3.619612605548854
-102.9375;-100.5429;5.940736449480263;3.619612605548854
-103.5625;-100.7714;5.940736449480263;3.619612605548854
-104.0625;-99.4286;5.940736449480263;3.619612605548854
-104.0;-99.9429;5.940736449480263;3.619612605548854
-103.75;-99.0571;5.940736449480263;3.619612605548854
-103.4375;-98.0286;5.940736449480263;3.619612605548854
-103.125;-99.0857;5.940736449480263;3.619612605548854
-102.875;-99.0;5.940736449480263;3.619612605548854
-102.625;-98.8286;5.940736449480263;3.619612605548854
-102.0;-98.6571;5.940736449480263;3.619612605548854
-101.3125;-98.6;5.940736449480263;3.619612605548854
-100.8125;-98.3714;5.940736449480263;3.619612605548854
-100.5625;-98.0571;5.940736449480263;3.619612605548854
-100.5625;-97.8286;5.940736449480263;3.619612605548854
-100.5625;-96.8857;5.940736449480263;3.619612605548854
-100.9375;-97.4286;5.940736449480263;3.619612605548854
-101.3125;-97.5429;5.940736449480263;3.619612605548854
-100.8125;-96.9143;5.940736449480263;3.619612605548854
-100.375;-96.6857;5.940736449480263;3.619612605548854
-100.5625;-97.1714;5.940736449480263;3.619612605548854
-100.5;-97.7143;5.940736449480263;3.619612605548854
-100.0;-96.7143;5.940736449480263;3.619612605548854
-99.1875;-95.2857;5.940736449480263;3.619612605548854
-98.375;-96.4286;5.940736449480263;3.619612605548854
-97.6875;-95.8857;5.940736449480263;3.619612605548854
-97.0625;-95.6571;5.940736449480263;3.619612605548854
-96.6875;-95.6;5.940736449480263;3.619612605548854
-96.6875;-95.3143;5.940736449480263;3.619612605548854
-97.125;-94.1714;5.940736449480263;3.619612605548854
-98.0;-94.5429;5.940736449480263;3.619612605548854
-98.75;-94.3429;5.940736449480263;3.619612605548854
-99.1875;-94.6;5.940736449480263;3.619612605548854
-99.9375;-94.1429;5.940736449480263;3.619612605548854
-100.875;-93.3143;5.940736449480263;3.619612605548854
-100.9375;-93.8286;5.940736449480263;3.619612605548854
-99.1875;-94.4;5.940736449480263;3.619612605548854
-96.625;-93.2286;5.940736449480263;3.619612605548854
-94.9375;-93.5429;5.940736449480263;3.619612605548854
-95.3125;-91.8;5.940736449480263;3.619612605548854
-97.1875;-92.4286;5.940736449480263;3.619612605548854
-98.875;-92.6571;5.940736449480263;3.619612605548854
-99.4375;-92.1714;5.940736449480263;3.619612605548854
-99.125;-91.7429;5.940736449480263;3.619612605548854
-98.6875;-92.0286;5.940736449480263;3.619612605548854
-98.375;-91.6;5.940736449480263;3.619612605548854
-98.1875;-91.7714;5.940736449480263;3.619612605548854
-98.125;-91.1143;5.940736449480263;3.619612605548854
-98.1875;-90.1143;5.940736449480263;3.619612605548854
-97.9375;-90.2286;5.940736449480263;3.619612605548854
-97.125;-90.7143;5.940736449480263;3.619612605548854
-96.1875;-90.7714;5.940736449480263;3.619612605548854
-95.125;-90.9714;5.940736449480263;3.619612605548854
-94.25;-90.2;5.940736449480263;3.619612605548854
-93.4375;-90.5429;5.940736449480263;3.619612605548854
-92.8125;-90.1143;5.940736449480263;3.619612605548854
-92.5625;-90.7714;5.940736449480263;3.619612605548854
-92.4375;-90.1714;5.940736449480263;3.619612605548854
-92.375;-89.3429;5.940736449480263;3.619612605548854
-92.625;-88.7714;5.940736449480263;3.619612605548854
-93.4375;-88.6571;5.940736449480263;3.619612605548854
-93.8125;-88.4571;5.940736449480263;3.619612605548854
-93.5;-87.4571;5.940736449480263;3.619612605548854
-92.625;-87.9714;5.940736449480263;3.619612605548854
-91.6875;-88.3429;5.940736449480263;3.619612605548854
-91.125;-88.7429;5.940736449480263;3.619612605548854
-90.6875;-89.0857;5.940736449480263;3.619612605548854
-90.6875;-88.2571;5.940736449480263;3.619612605548854
-91.0625;-87.5429;5.940736449480263;3.619612605548854
-91.1875;-87.3714;5.940736449480263;3.619612605548854
-91.25;-87.4857;5.940736449480263;3.619612605548854
-91.1875;-87.4571;5.940736449480263;3.619612605548854
-90.6875;-87.0571;5.940736449480263;3.619612605548854
-90.375;-87.9143;5.940736449480263;3.619612605548854
-90.75;-87.7714;5.940736449480263;3.619612605548854
-91.4375;-87.5143;5.940736449480263;3.619612605548854
-92.0;-86.8286;5.940736449480263;3.619612605548854
-92.3125;-86.2857;5.940736449480263;3.619612605548854
-92.375;-86.1429;5.940736449480263;3.619612605548854
-92.375;-85.6286;5.940736449480263;3.619612605548854
-92.1875;-86.2857;5.940736449480263;3.619612605548854
-91.5625;-85.9429;5.940736449480263;3.619612605548854
-90.25;-85.7429;5.940736449480263;3.619612605548854
-88.4375;-85.3714;5.940736449480263;3.619612605548854
-87.0625;-84.5714;5.940736449480263;3.619612605548854
-86.75;-84.5143;5.940736449480263;3.619612605548854
-87.3125;-84.3429;5.940736449480263;3.619612605548854
-88.0625;-85.1714;5.940736449480263;3.619612605548854
-88.25;-85.0571;5.940736449480263;3.619612605548854
-88.125;-84.9429;5.940736449480263;3.619612605548854
-87.6875;-85.2;5.940736449480263;3.619612605548854
-86.9375;-84.1429;5.940736449480263;3.619612605548854
-86.375;-83.6286;5.940736449480263;3.619612605548854
-86.0625;-83.7714;5.940736449480263;3.619612605548854
-85.8125;-83.4;5.940736449480263;3.619612605548854
-85.625;-83.2286;5.940736449480263;3.619612605548854
-85.5625;-82.9143;5.940736449480263;3.619612605548854
-85.875;-83.0571;5.940736449480263;3.619612605548854
-86.4375;-82.6857;5.940736449480263;3.619612605548854
-86.8125;-82.5714;5.940736449480263;3.619612605548854
-86.8125;-83.2286;5.940736449480263;3.619612605548854
-86.75;-82.6286;5.940736449480263;3.619612605548854
-86.9375;-82.8857;5.940736449480263;3.619612605548854
-86.875;-82.3714;5.940736449480263;3.619612605548854
-86.5;-81.3714;5.940736449480263;3.619612605548854
-86.1875;-80.6;5.940736449480263;3.619612605548854
-85.875;-81.2857;5.940736449480263;3.619612605548854
-85.625;-80.7714;5.940736449480263;3.619612605548854
-85.5;-80.3714;5.940736449480263;3.619612605548854
-85.4375;-80.6286;5.940736449480263;3.619612605548854
-85.4375;-80.4571;5.940736449480263;3.619612605548854
-85.4375;-80.3714;5.940736449480263;3.619612605548854
-85.625;-80.6571;5.940736449480263;3.619612605548854
-85.875;-80.7714;5.940736449480263;3.619612605548854
-85.5;-80.4571;5.940736449480263;3.619612605548854
-84.3125;-80.3714;5.940736449480263;3.619612605548854
-83.125;-79.8571;5.940736449480263;3.619612605548854
-82.8125;-79.9429;5.940736449480263;3.619612605548854
-83.25;-80.6;5.940736449480263;3.619612605548854
-83.6875;-80.2857;5.940736449480263;3.619612605548854
-83.625;-79.5714;5.940736449480263;3.619612605548854
-83.5625;-79.7714;5.940736449480263;3.619612605548854
-83.75;-79.0857;5.940736449480263;3.619612605548854
-83.4375;-78.6;5.940736449480263;3.619612605548854
-82.5625;-78.0;5.940736449480263;3.619612605548854
-81.4375;-78.2857;5.940736449480263;3.619612605548854
-80.6875;-77.6;5.940736449480263;3.619612605548854
-80.75;-78.2286;5.940736449480263;3.619612605548854
-81.125;-78.2857;5.940736449480263;3.619612605548854
-81.1875;-78.0;5.940736449480263;3.619612605548854
-80.9375;-77.2857;5.940736449480263;3.619612605548854
-80.375;-76.9143;5.940736449480263;3.619612605548854
-79.6875;-77.2857;5.940736449480263;3.619612605548854
-79.625;-76.8571;5.940736449480263;3.619612605548854
-79.8125;-76.6286;5.940736449480263;3.619612605548854
-79.625;-75.8857;5.940736449480263;3.619612605548854
-79.1875;-76.1143;5.940736449480263;3.619612605548854
-79.25;-76.7714;5.940736449480263;3.619612605548854
-79.875;-76.6;5.940736449480263;3.619612605548854
-80.625;-76.3143;5.940736449480263;3.619612605548854
-81.0625;-76.0857;5.940736449480263;3.619612605548854
-81.3125;-75.2;5.940736449480263;3.619612605548854
-81.3125;-76.1429;5.940736449480263;3.619612605548854
-81.3125;-75.6;5.940736449480263;3.619612605548854
-81.125;-76.4286;5.940736449480263;3.619612605548854
-80.625;-76.0857;5.940736449480263;3.619612605548854
-80.125;-76.2571;5.940736449480263;3.619612605548854
-80.0625;-74.7714;5.940736449480263;3.619612605548854
-79.6875;-74.8571;5.940736449480263;3.619612605548854
-78.8125;-74.2857;5.940736449480263;3.619612605548854
-78.25;-74.5714;5.940736449480263;3.619612605548854
-78.4375;-74.8;5.940736449480263;3.619612605548854
-78.75;-74.2571;5.940736449480263;3.619612605548854
-78.625;-73.5143;5.940736449480263;3.619612605548854
-77.875;-74.2857;5.940736449480263;3.619612605548854
-76.75;-73.5714;5.940736449480263;3.619612605548854
-76.0;-73.5429;5.940736449480263;3.619612605548854
-75.75;-73.6;5.940736449480263;3.619612605548854
-75.9375;-73.2857;5.940736449480263;3.619612605548854
-76.625;-73.6571;5.940736449480263;3.619612605548854
-77.125;-73.2571;5.940736449480263;3.619612605548854
-76.625;-73.0857;5.940736449480263;3.619612605548854
-75.8125;-73.1143;5.940736449480263;3.619612605548854
-75.875;-72.5429;5.940736449480263;3.619612605548854
-76.9375;-72.2286;5.940736449480263;3.619612605548854
-78.0;-71.2286;5.940736449480263;3.619612605548854
-78.3125;-71.7714;5.940736449480263;3.619612605548854
-77.6875;-71.7714;5.940736449480263;3.619612605548854
-76.625;-72.0;5.940736449480263;3.619612605548854
-75.9375;-72.0857;5.940736449480263;3.619612605548854
-76.0;-71.9429;5.940736449480263;3.619612605548854
-76.4375;-71.5429;5.940736449480263;3.619612605548854
-76.8125;-70.9429;5.940736449480263;3.619612605548854
-77.0;-70.9714;5.940736449480263;3.619612605548854
-77.125;-71.2857;5.940736449480263;3.619612605548854
-77.125;-71.1714;5.940736449480263;3.619612605548854
-77.125;-71.0857;5.940736449480263;3.619612605548854
-77.0;-71.1429;5.940736449480263;3.619612605548854
-76.375;-71.2286;5.940736449480263;3.619612605548854
-75.1875;-70.3429;5.940736449480263;3.619612605548854
-74.1875;-70.5714;5.940736449480263;3.619612605548854
-73.625;-70.6857;5.940736449480263;3.619612605548854
-73.3125;-70.1143;5.940736449480263;3.619612605548854
-73.125;-69.8571;5.940736449480263;3.619612605548854
-73.1875;-69.9143;5.940736449480263;3.619612605548854
-73.0;-69.4286;5.940736449480263;3.619612605548854
-72.625;-68.7714;5.940736449480263;3.619612605548854
-72.625;-68.9714;5.940736449480263;3.619612605548854
-73.0;-68.7429;5.940736449480263;3.619612605548854
-73.5;-68.9429;5.940736449480263;3.619612605548854
-73.5;-68.5714;5.940736449480263;3.619612605548854
-73.0;-68.4857;5.940736449480263;3.619612605548854
-72.3125;-68.9143;5.940736449480263;3.619612605548854
-71.5625;-68.0286;5.940736449480263;3.619612605548854
-70.5;-68.6571;5.940736449480263;3.619612605548854
-69.5625;-68.6286;5.940736449480263;3.619612605548854
-69.25;-67.4571;5.940736449480263;3.619612605548854
-69.625;-67.6286;5.940736449480263;3.619612605548854
-70.625;-68.3143;5.940736449480263;3.619612605548854
-71.5625;-68.0;5.940736449480263;3.619612605548854
-72.0625;-67.4286;5.940736449480263;3.619612605548854
-72.0625;-67.2;5.940736449480263;3.619612605548854
-71.5625;-66.8857;5.940736449480263;3.619612605548854
-70.8125;-66.4571;5.940736449480263;3.619612605548854
-70.3125;-66.8857;5.940736449480263;3.619612605548854
-70.0625;-66.8286;5.940736449480263;3.619612605548854
-70.0;-66.2286;5.940736449480263;3.619612605548854
-70.0;-66.5429;5.940736449480263;3.619612605548854
-70.25;-66.6286;5.940736449480263;3.619612605548854
-70.375;-66.1429;5.940736449480263;3.619612605548854
-69.9375;-66.4571;5.940736449480263;3.619612605548854
-69.5;-66.4;5.940736449480263;3.619612605548854
-69.5625;-65.4;5.940736449480263;3.619612605548854
-69.5;-65.5714;5.940736449480263;3.619612605548854
-69.25;-65.7143;5.940736449480263;3.619612605548854
-69.25;-65.2286;5.940736449480263;3.619612605548854
-69.6875;-64.8857;5.940736449480263;3.619612605548854
-70.125;-64.7429;5.940736449480263;3.619612605548854
-69.75;-64.5143;5.940736449480263;3.619612605548854
-68.6875;-64.2571;5.940736449480263;3.619612605548854
-67.875;-64.6286;5.940736449480263;3.619612605548854
-68.0;-64.3714;5.940736449480263;3.619612605548854
-68.5;-64.4857;5.940736449480263;3.619612605548854
-68.625;-64.9714;5.940736449480263;3.619612605548854
-68.1875;-64.3143;5.940736449480263;3.619612605548854
-67.8125;-64.2286;5.940736449480263;3.619612605548854
-68.0625;-64.6;5.940736449480263;3.619612605548854
-68.4375;-64.0;5.940736449480263;3.619612605548854
-68.25;-64.0571;5.940736449480263;3.619612605548854
-67.75;-64.1429;5.940736449480263;3.619612605548854
-67.125;-63.6;5.940736449480263;3.619612605548854
-66.75;-62.7714;5.940736449480263;3.619612605548854
-66.6875;-63.0571;5.940736449480263;3.619612605548854
-66.8125;-62.8286;5.940736449480263;3.619612605548854
-67.0625;-63.0571;5.940736449480263;3.619612605548854
-67.3125;-63.5714;5.940736449480263;3.619612605548854
-67.4375;-62.7143;5.940736449480263;3.619612605548854
-67.5;-62.4857;5.940736449480263;3.619612605548854
-67.5;-62.9143;5.940736449480263;3.619612605548854
-67.5;-62.2286;5.940736449480263;3.619612605548854
-67.5;-62.5714;5.940736449480263;3.619612605548854
-67.4375;-62.4;5.940736449480263;3.619612605548854
-67.0;-61.8857;5.940736449480263;3.619612605548854
-66.625;-62.1143;5.940736449480263;3.619612605548854
-66.4375;-62.2;5.940736449480263;3.619612605548854
-66.125;-61.5714;5.940736449480263;3.619612605548854
-65.5;-62.0857;5.940736449480263;3.619612605548854
-65.0;-61.5714;5.940736449480263;3.619612605548854
-64.875;-61.2571;5.940736449480263;3.619612605548854
-64.9375;-61.4857;5.940736449480263;3.619612605548854
-65.0625;-60.8857;5.940736449480263;3.619612605548854
-65.0625;-61.1143;5.940736449480263;3.619612605548854
-65.0625;-61.0286;5.940736449480263;3.619612605548854
-65.3125;-60.5429;5.940736449480263;3.619612605548854
-65.5625;-60.9429;5.940736449480263;3.619612605548854
-65.375;-60.6571;5.940736449480263;3.619612605548854
-64.875;-60.1714;5.940736449480263;3.619612605548854
-64.4375;-60.8857;5.940736449480263;3.619612605548854
-64.3125;-60.2;5.940736449480263;3.619612605548854
-64.125;-60.2857;5.940736449480263;3.619612605548854
-63.8125;-60.0857;5.940736449480263;3.619612605548854
-63.5;-59.4571;5.940736449480263;3.619612605548854
-63.4375;-60.3429;5.940736449480263;3.619612605548854
-63.6875;-60.1714;5.940736449480263;3.619612605548854
-63.75;-59.4857;5.940736449480263;3.619612605548854
-63.5625;-59.4857;5.940736449480263;3.619612605548854
-63.0625;-58.9429;5.940736449480263;3.619612605548854
-62.5625;-59.5143;5.940736449480263;3.619612605548854
-62.25;-59.4;5.940736449480263;3.619612605548854
-62.125;-58.9429;5.940736449480263;3.619612605548854
-62.125;-59.1714;5.940736449480263;3.619612605548854
-62.1875;-58.7429;5.940736449480263;3.619612605548854
-62.4375;-58.8;5.940736449480263;3.619612605548854
-62.75;-59.0571;5.940736449480263;3.619612605548854
-62.4375;-58.8857;5.940736449480263;3.619612605548854
-61.5625;-58.8857;5.940736449480263;3.619612605548854
-60.5625;-58.7143;5.940736449480263;3.619612605548854
-59.9375;-58.5714;5.940736449480263;3.619612605548854
-60.0;-58.7143;5.940736449480263;3.619612605548854
-60.25;-58.2857;5.940736449480263;3.619612605548854
-60.3125;-58.3429;5.940736449480263;3.619612605548854
-60.375;-57.8;5.940736449480263;3.619612605548854
-60.9375;-57.8571;5.940736449480263;3.619612605548854
-61.5625;-57.7143;5.940736449480263;3.619612605548854
-61.625;-57.3714;5.940736449480263;3.619612605548854
-60.875;-57.8286;5.940736449480263;3.619612605548854
-60.375;-57.7143;5.940736449480263;3.619612605548854
-60.375;-56.9714;5.940736449480263;3.619612605548854
-60.625;-57.1714;5.940736449480263;3.619612605548854
-61.125;-56.6;5.940736449480263;3.619612605548854
-61.5;-57.0571;5.940736449480263;3.619612605548854
-60.9375;-56.8571;5.940736449480263;3.619612605548854
-60.0625;-56.7714;5.940736449480263;3.619612605548854
-59.875;-56.7714;5.940736449480263;3.619612605548854
-60.1875;-56.5143;5.940736449480263;3.619612605548854
-60.1875;-57.0;5.940736449480263;3.619612605548854
-59.875;-55.9143;5.940736449480263;3.619612605548854
-59.8125;-56.1429;5.940736449480263;3.619612605548854
-60.1875;-56.2571;5.940736449480263;3.619612605548854
-60.625;-55.9429;5.940736449480263;3.619612605548854
-60.9375;-56.4;5.940736449480263;3.619612605548854
-61.0625;-55.7714;5.940736449480263;3.619612605548854
-61.125;-55.8857;5.940736449480263;3.619612605548854
-61.0625;-55.6286;5.940736449480263;3.619612605548854
-61.0;-55.4571;5.940736449480263;3.619612605548854
-60.5625;-55.3714;5.940736449480263;3.619612605548854
-59.875;-55.3714;5.940736449480263;3.619612605548854
-59.3125;-55.4857;5.940736449480263;3.619612605548854
-58.625;-54.9143;5.940736449480263;3.619612605548854
-57.6875;-55.2571;5.940736449480263;3.619612605548854
-56.875;-54.9143;5.940736449480263;3.619612605548854
-56.625;-55.0;5.940736449480263;3.619612605548854
-57.0625;-54.6571;5.940736449480263;3.619612605548854
-57.4375;-54.5429;5.940736449480263;3.619612605548854
-57.5625;-54.6;5.940736449480263;3.619612605548854
-57.9375;-53.9429;5.940736449480263;3.619612605548854
-58.1875;-54.2;5.940736449480263;3.619612605548854
-57.875;-53.8286;5.940736449480263;3.619612605548854
-57.4375;-54.1714;5.940736449480263;3.619612605548854
-57.25;-54.2571;5.940736449480263;3.619612605548854
-57.125;-53.9429;5.940736449480263;3.619612605548854
-56.875;-53.9714;5.940736449480263;3.619612605548854
-56.5;-53.4;5.940736449480263;3.619612605548854
-56.125;-53.4857;5.940736449480263;3.619612605548854
-55.75;-52.8571;5.940736449480263;3.619612605548854
-55.5;-53.0;5.940736449480263;3.619612605548854
-55.1875;-53.0571;5.940736449480263;3.619612605548854
-54.75;-53.3143;5.940736449480263;3.619612605548854
-54.375;-53.2286;5.940736449480263;3.619612605548854
-54.3125;-53.0571;5.940736449480263;3.619612605548854
-54.5625;-52.6857;5.940736449480263;3.619612605548854
-54.875;-52.6286;5.940736449480263;3.619612605548854
-55.0625;-52.8286;5.940736449480263;3.619612605548854
-55.125;-52.2571;5.940736449480263;3.619612605548854
-55.125;-52.1714;5.940736449480263;3.619612605548854
-55.125;-51.8;5.940736449480263;3.619612605548854
-55.3125;-52.0857;5.940736449480263;3.619612605548854
-55.75;-51.6857;5.940736449480263;3.619612605548854
-55.75;-51.8571;5.940736449480263;3.619612605548854
-55.0625;-52.1429;5.940736449480263;3.619612605548854
-54.5;-51.7429;5.940736449480263;3.619612605548854
-54.1875;-51.8286;5.940736449480263;3.619612605548854
-54.25;-51.5714;5.940736449480263;3.619612605548854
-54.5;-51.5429;5.940736449480263;3.619612605548854
-54.75;-51.3429;5.940736449480263;3.619612605548854
-54.75;-51.5714;5.940736449480263;3.619612605548854
-54.375;-50.9714;5.940736449480263;3.619612605548854
-53.75;-51.1714;5.940736449480263;3.619612605548854
-53.3125;-50.6857;5.940736449480263;3.619612605548854
-53.125;-50.8857;5.940736449480263;3.619612605548854
-53.125;-50.6857;5.940736449480263;3.619612605548854
-53.375;-50.7714;5.940736449480263;3.619612605548854
-53.75;-50.5714;5.940736449480263;3.619612605548854
-54.125;-50.3714;5.940736449480263;3.619612605548854
-54.4375;-50.2857;5.940736449480263;3.619612605548854
-54.375;-50.3429;5.940736449480263;3.619612605548854
-53.75;-50.0857;5.940736449480263;3.619612605548854
-52.9375;-50.2;5.940736449480263;3.619612605548854
-52.875;-49.8571;5.940736449480263;3.619612605548854
-53.1875;-49.7143;5.940736449480263;3.619612605548854
-53.0;-49.8857;5.940736449480263;3.619612605548854
-52.375;-49.5714;5.940736449480263;3.619612605548854
-51.625;-49.6857;5.940736449480263;3.619612605548854
-51.125;-49.6571;5.940736449480263;3.619612605548854
-50.875;-49.7429;5.940736449480263;3.619612605548854
-50.8125;-49.1714;5.940736449480263;3.619612605548854
-50.8125;-49.3143;5.940736449480263;3.619612605548854
-50.875;-49.0;5.940736449480263;3.619612605548854
-50.9375;-48.8857;5.940736449480263;3.619612605548854
-51.3125;-48.6857;5.940736449480263;3.619612605548854
-51.8125;-49.2857;5.940736449480263;3.619612605548854
-51.75;-49.0571;5.940736449480263;3.619612605548854
-51.0;-48.8;5.940736449480263;3.619612605548854
-50.125;-48.8286;5.940736449480263;3.619612605548854
-49.9375;-48.6286;5.940736449480263;3.619612605548854
-50.5625;-48.4857;5.940736449480263;3.619612605548854
-51.3125;-48.4571;5.940736449480263;3.619612605548854
-51.25;-48.0571;5.940736449480263;3.619612605548854
-50.4375;-48.2286;5.940736449480263;3.619612605548854
-49.625;-47.8571;5.940736449480263;3.619612605548854
-49.375;-47.9714;5.940736449480263;3.619612605548854
-49.75;-47.5143;5.940736449480263;3.619612605548854
-50.5;-47.6571;5.940736449480263;3.619612605548854
-51.0625;-47.4857;5.940736449480263;3.619612605548854
-51.125;-47.7143;5.940736449480263;3.619612605548854
-50.5625;-47.2857;5.940736449480263;3.619612605548854
-49.625;-47.3429;5.940736449480263;3.619612605548854
-49.0;-47.2;5.940736449480263;3.619612605548854
-49.0625;-47.1429;5.940736449480263;3.619612605548854
-49.4375;-46.6571;5.940736449480263;3.619612605548854
-49.5625;-46.9143;5.940736449480263;3.619612605548854
-49.5;-46.6286;5.940736449480263;3.619612605548854
-49.125;-46.6857;5.940736449480263;3.619612605548854
-48.625;-46.4857;5.940736449480263;3.619612605548854
-48.5625;-46.6;5.940736449480263;3.619612605548854
-48.875;-46.6;5.940736449480263;3.619612605548854
-49.125;-46.7143;5.940736449480263;3.619612605548854
-49.3125;-46.1714;5.940736449480263;3.619612605548854
-49.375;-46.3714;5.940736449480263;3.619612605548854
-49.375;-46.0286;5.940736449480263;3.619612605548854
-49.1875;-46.2286;5.940736449480263;3.619612605548854
-48.5625;-46.2571;5.940736449480263;3.619612605548854
-48.125;-46.0857;5.940736449480263;3.619612605548854
-48.125;-45.9429;5.940736449480263;3.619612605548854
-48.0625;-45.7714;5.940736449480263;3.619612605548854
-48.0;-45.7143;5.940736449480263;3.619612605548854
-48.0;-45.6286;5.940736449480263;3.619612605548854
-47.8125;-45.6857;5.940736449480263;3.619612605548854
-47.375;-45.6;5.940736449480263;3.619612605548854
-46.875;-45.3429;5.940736449480263;3.619612605548854
-46.4375;-45.1143;5.940736449480263;3.619612605548854
-46.25;-45.0571;5.940736449480263;3.619612605548854
-46.5625;-44.7714;5.940736449480263;3.619612605548854
-47.3125;-44.8;5.940736449480263;3.619612605548854
-47.75;-44.5714;5.940736449480263;3.619612605548854
-47.5625;-44.7429;5.940736449480263;3.619612605548854
-47.125;-44.7714;5.940736449480263;3.619612605548854
-46.875;-44.7143;5.940736449480263;3.619612605548854
-46.9375;-44.6286;5.940736449480263;3.619612605548854
-47.5625;-44.4571;5.940736449480263;3.619612605548854
-47.8125;-44.1143;5.940736449480263;3.619612605548854
-47.1875;-44.3714;5.940736449480263;3.619612605548854
-46.375;-44.2571;5.940736449480263;3.619612605548854
-46.0;-44.1429;5.940736449480263;3.619612605548854
-45.9375;-44.0286;5.940736449480263;3.619612605548854
-45.9375;-43.6571;5.940736449480263;3.619612605548854
-46.0625;-43.7429;5.940736449480263;3.619612605548854
-46.25;-43.5429;5.940736449480263;3.619612605548854
-46.375;-43.9143;5.940736449480263;3.619612605548854
-46.4375;-43.7429;5.940736449480263;3.619612605548854
-46.4375;-43.7143;5.940736449480263;3.619612605548854
-46.4375;-43.5429;5.940736449480263;3.619612605548854
-46.375;-43.3714;5.940736449480263;3.619612605548854
-45.9375;-43.3429;5.940736449480263;3.619612605548854
-45.0625;-43.2571;5.940736449480263;3.619612605548854
-44.0625;-43.0857;5.940736449480263;3.619612605548854
-43.1875;-42.8286;5.940736449480263;3.619612605548854
-42.625;-42.9143;5.940736449480263;3.619612605548854
-42.6875;-42.7429;5.940736449480263;3.619612605548854
-43.75;-42.8286;5.940736449480263;3.619612605548854
-45.125;-42.7429;5.940736449480263;3.619612605548854
-45.9375;-42.6571;5.940736449480263;3.619612605548854
-46.1875;-42.4286;5.940736449480263;3.619612605548854
-45.9375;-42.3714;5.940736449480263;3.619612605548854
-45.125;-42.1143;5.940736449480263;3.619612605548854
-44.25;-42.1143;5.940736449480263;3.619612605548854
-43.6875;-42.2286;5.940736449480263;3.619612605548854
-43.375;-42.0857;5.940736449480263;3.619612605548854
-43.375;-42.0571;5.940736449480263;3.619612605548854
-43.6875;-41.9714;5.940736449480263;3.619612605548854
-43.875;-42.0286;5.940736449480263;3.619612605548854
-43.875;-41.6286;5.940736449480263;3.619612605548854
-43.9375;-41.8;5.940736449480263;3.619612605548854
-44.1875;-41.5714;5.940736449480263;3.619612605548854
-44.3125;-41.3714;5.940736449480263;3.619612605548854
-44.125;-41.3143;5.940736449480263;3.619612605548854
-43.875;-41.1429;5.940736449480263;3.619612605548854
-44.0625;-41.1714;5.940736449480263;3.619612605548854
-44.875;-41.0286;5.940736449480263;3.619612605548854
-45.6875;-41.0286;5.940736449480263;3.619612605548854
-46.25;-41.0286;5.940736449480263;3.619612605548854
-46.4375;-40.8857;5.940736449480263;3.619612605548854
-46.5;-40.8571;5.940736449480263;3.619612605548854
-46.4375;-40.6571;5.940736449480263;3.619612605548854
-46.25;-40.5429;5.940736449480263;3.619612605548854
-45.5625;-40.6857;5.940736449480263;3.619612605548854
-44.375;-40.7143;5.940736449480263;3.619612605548854
-43.125;-40.4;5.940736449480263;3.619612605548854
-42.25;-40.4286;5.940736449480263;3.619612605548854
-42.0;-40.3714;5.940736449480263;3.619612605548854
-42.0;-40.0;5.940736449480263;3.619612605548854
-42.0625;-40.0857;5.940736449480263;3.619612605548854
-42.3125;-39.9714;5.940736449480263;3.619612605548854
-42.3125;-39.9429;5.940736449480263;3.619612605548854
-41.875;-39.8571;5.940736449480263;3.619612605548854
-41.125;-39.5429;5.940736449480263;3.619612605548854
-40.6875;-39.5714;5.940736449480263;3.619612605548854
-40.9375;-39.5143;5.940736449480263;3.619612605548854
-41.5625;-39.4;5.940736449480263;3.619612605548854
-41.8125;-39.2857;5.940736449480263;3.619612605548854
-41.6875;-39.1714;5.940736449480263;3.619612605548854
-41.8125;-39.1143;5.940736449480263;3.619612605548854
-42.0;-39.0286;5.940736449480263;3.619612605548854
-41.875;-39.0286;5.940736449480263;3.619612605548854
-41.625;-38.7714;5.940736449480263;3.619612605548854
-41.625;-38.8571;5.940736449480263;3.619612605548854
-41.4375;-38.7429;5.940736449480263;3.619612605548854
-40.875;-38.6;5.940736449480263;3.619612605548854
-40.375;-38.6286;5.940736449480263;3.619612605548854
-40.25;-38.6;5.940736449480263;3.619612605548854
-40.5;-38.3143;5.940736449480263;3.619612605548854
-40.8125;-38.2857;5.940736449480263;3.619612605548854
-41.0;-38.2571;5.940736449480263;3.619612605548854
-41.125;-38.1429;5.940736449480263;3.619612605548854
-41.125;-38.2;5.940736449480263;3.619612605548854
-41.125;-38.0;5.940736449480263;3.619612605548854
-41.0625;-37.8;5.940736449480263;3.619612605548854
-40.9375;-37.6857;5.940736449480263;3.619612605548854
-40.6875;-37.7429;5.940736449480263;3.619612605548854
-40.3125;-37.8286;5.940736449480263;3.619612605548854
-39.9375;-37.6857;5.940736449480263;3.619612605548854
-39.75;-37.6286;5.940736449480263;3.619612605548854
-39.5625;-37.5143;5.940736449480263;3.619612605548854
-39.6875;-37.3143;5.940736449480263;3.619612605548854
-40.0;-37.1429;5.940736449480263;3.619612605548854
-40.25;-36.9429;5.940736449480263;3.619612605548854
-40.25;-37.0286;5.940736449480263;3.619612605548854
-40.25;-37.0;5.940736449480263;3.619612605548854
-40.1875;-37.0571;5.940736449480263;3.619612605548854
-40.0;-36.8857;5.940736449480263;3.619612605548854
-39.75;-36.6857;5.940736449480263;3.619612605548854
-39.375;-36.6571;5.940736449480263;3.619612605548854
-38.8125;-36.5429;5.940736449480263;3.619612605548854
-38.25;-36.6857;5.940736449480263;3.619612605548854
-37.9375;-36.5143;5.940736449480263;3.619612605548854
-37.9375;-36.3143;5.940736449480263;3.619612605548854
-38.1875;-36.3143;5.940736449480263;3.619612605548854
-38.5;-36.2286;5.940736449480263;3.619612605548854
-38.875;-36.2571;5.940736449480263;3.619612605548854
-39.125;-36.1429;5.940736449480263;3.619612605548854
-39.0625;-36.1714;5.940736449480263;3.619612605548854
-38.75;-36.0571;5.940736449480263;3.619612605548854
-38.5625;-35.8857;5.940736449480263;3.619612605548854
-38.5625;-35.7429;5.940736449480263;3.619612605548854
-38.625;-35.6;5.940736449480263;3.619612605548854
-38.6875;-35.8571;5.940736449480263;3.619612605548854
-38.6875;-35.5429;5.940736449480263;3.619612605548854
-38.75;-35.4;5.940736449480263;3.619612605548854
-38.8125;-35.5429;5.940736449480263;3.619612605548854
-38.9375;-35.3143;5.940736449480263;3.619612605548854
-38.6875;-35.4286;5.940736449480263;3.619612605548854
-38.1875;-35.1143;5.940736449480263;3.619612605548854
-37.5;-34.9429;5.940736449480263;3.619612605548854
-36.875;-35.0286;5.940736449480263;3.619612605548854
-36.25;-34.9429;5.940736449480263;3.619612605548854
-35.6875;-34.9429;5.940736449480263;3.619612605548854
-35.375;-34.8857;5.940736449480263;3.619612605548854
-35.3125;-34.6857;5.940736449480263;3.619612605548854
-35.25;-34.6286;5.940736449480263;3.619612605548854
-35.5625;-34.6286;5.940736449480263;3.619612605548854
-36.25;-34.5714;5.940736449480263;3.619612605548854
-36.9375;-34.4571;5.940736449480263;3.619612605548854
-37.0625;-34.4286;5.940736449480263;3.619612605548854
-36.375;-34.4857;5.940736449480263;3.619612605548854
-35.6875;-34.3714;5.940736449480263;3.619612605548854
-35.5;-34.1714;5.940736449480263;3.619612605548854
-35.625;-34.0286;5.940736449480263;3.619612605548854
-35.9375;-34.0;5.940736449480263;3.619612605548854
-36.125;-34.0286;5.940736449480263;3.619612605548854
-36.125;-34.0286;5.940736449480263;3.619612605548854
-35.875;-33.8286;5.940736449480263;3.619612605548854
-35.4375;-33.8;5.940736449480263;3.619612605548854
-35.125;-33.7143;5.940736449480263;3.619612605548854
-35.25;-33.5429;5.940736449480263;3.619612605548854
-35.625;-33.3714;5.940736449480263;3.619612605548854
-36.0;-33.3143;5.940736449480263;3.619612605548854
-36.1875;-33.1714;5.940736449480263;3.619612605548854
-36.25;-33.2286;5.940736449480263;3.619612605548854
-36.25;-33.1143;5.940736449480263;3.619612605548854
-36.25;-33.0286;5.940736449480263;3.619612605548854
-36.1875;-32.7429;5.940736449480263;3.619612605548854
-36.0;-32.8;5.940736449480263;3.619612605548854
-35.8125;-32.8286;5.940736449480263;3.619612605548854
-35.375;-32.7143;5.940736449480263;3.619612605548854
-34.625;-32.7714;5.940736449480263;3.619612605548854
-34.0;-32.7143;5.940736449480263;3.619612605548854
-33.8125;-32.6;5.940736449480263;3.619612605548854
-33.6875;-32.4857;5.940736449480263;3.619612605548854
-33.4375;-32.4;5.940736449480263;3.619612605548854
-33.4375;-32.3714;5.940736449480263;3.619612605548854
-33.875;-32.3429;5.940736449480263;3.619612605548854
-34.375;-32.1429;5.940736449480263;3.619612605548854
-34.6875;-32.0857;5.940736449480263;3.619612605548854
-34.75;-32.1143;5.940736449480263;3.619612605548854
-34.4375;-32.1714;5.940736449480263;3.619612605548854
-33.6875;-32.1143;5.940736449480263;3.619612605548854
-32.8125;-31.9143;5.940736449480263;3.619612605548854
-32.375;-31.9714;5.940736449480263;3.619612605548854
-32.5;-31.7714;5.940736449480263;3.619612605548854
-32.75;-31.7429;5.940736449480263;3.619612605548854
-32.75;-31.5714;5.940736449480263;3.619612605548854
-32.375;-31.4571;5.940736449480263;3.619612605548854
-32.0625;-31.3429;5.940736449480263;3.619612605548854
-32.0;-31.2857;5.940736449480263;3.619612605548854
-32.0;-31.3429;5.940736449480263;3.619612605548854
-32.1875;-31.2571;5.940736449480263;3.619612605548854
-32.3125;-31.2;5.940736449480263;3.619612605548854
-32.375;-31.0571;5.940736449480263;3.619612605548854
-32.3125;-30.9143;5.940736449480263;3.619612605548854
-32.3125;-30.9143;5.940736449480263;3.619612605548854
-32.3125;-30.9429;5.940736449480263;3.619612605548854
-32.25;-30.8857;5.940736449480263;3.619612605548854
-32.1875;-30.7429;5.940736449480263;3.619612605548854
-31.875;-30.5714;5.940736449480263;3.619612605548854
-31.8125;-30.4571;5.940736449480263;3.619612605548854
-32.0;-30.4857;5.940736449480263;3.619612605548854
-32.375;-30.5143;5.940736449480263;3.619612605548854
-32.625;-30.3714;5.940736449480263;3.619612605548854
-32.5;-30.2;5.940736449480263;3.619612605548854
-32.3125;-30.2286;5.940736449480263;3.619612605548854
-32.1875;-30.0286;5.940736449480263;3.619612605548854
-31.9375;-30.1143;5.940736449480263;3.619612605548854
-31.8125;-29.9714;5.940736449480263;3.619612605548854
-31.8125;-29.6571;5.940736449480263;3.619612605548854
-31.75;-29.8;5.940736449480263;3.619612605548854
-31.4375;-29.6857;5.940736449480263;3.619612605548854
-30.875;-29.7714;5.940736449480263;3.619612605548854
-30.4375;-29.7714;5.940736449480263;3.619612605548854
-30.375;-29.6;5.940736449480263;3.619612605548854
-30.6875;-29.4857;5.940736449480263;3.619612605548854
-31.0625;-29.4857;5.940736449480263;3.619612605548854
-31.375;-29.4571;5.940736449480263;3.619612605548854
-31.4375;-29.3429;5.940736449480263;3.619612605548854
-31.125;-29.3714;5.940736449480263;3.619612605548854
-30.6875;-29.3429;5.940736449480263;3.619612605548854
-30.375;-29.1429;5.940736449480263;3.619612605548854
-30.0;-29.0857;5.940736449480263;3.619612605548854
-29.6875;-29.0286;5.940736449480263;3.619612605548854
-29.4375;-29.0857;5.940736449480263;3.619612605548854
-29.3125;-28.8286;5.940736449480263;3.619612605548854
-29.25;-28.7143;5.940736449480263;3.619612605548854
-29.25;-28.5143;5.940736449480263;3.619612605548854
-29.25;-28.4857;5.940736449480263;3.619612605548854
-29.25;-28.6286;5.940736449480263;3.619612605548854
-29.3125;-28.5143;5.940736449480263;3.619612605548854
-29.375;-28.4571;5.940736449480263;3.619612605548854
-29.3125;-28.2857;5.940736449480263;3.619612605548854
-29.375;-28.2571;5.940736449480263;3.619612605548854
-29.75;-28.2286;5.940736449480263;3.619612605548854
-30.125;-28.1429;5.940736449480263;3.619612605548854
-30.0625;-28.1143;5.940736449480263;3.619612605548854
-29.625;-27.9714;5.940736449480263;3.619612605548854
-28.9375;-27.8571;5.940736449480263;3.619612605548854
-28.4375;-27.9143;5.940736449480263;3.619612605548854
-28.25;-28.0286;5.940736449480263;3.619612605548854
-28.4375;-27.9714;5.940736449480263;3.619612605548854
-28.8125;-27.9143;5.940736449480263;3.619612605548854
-29.25;-27.8857;5.940736449480263;3.619612605548854
-29.5625;-27.7143;5.940736449480263;3.619612605548854
-29.3125;-27.6571;5.940736449480263;3.619612605548854
-28.625;-27.5143;5.940736449480263;3.619612605548854
-27.875;-27.4857;5.940736449480263;3.619612605548854
-27.625;-27.3714;5.940736449480263;3.619612605548854
-28.0625;-27.1714;5.940736449480263;3.619612605548854
-28.75;-27.0;5.940736449480263;3.619612605548854
-29.0;-27.0286;5.940736449480263;3.619612605548854
-28.5;-26.9714;5.940736449480263;3.619612605548854
-27.625;-26.9143;5.940736449480263;3.619612605548854
-27.0625;-27.0286;5.940736449480263;3.619612605548854
-27.25;-26.8571;5.940736449480263;3.619612605548854
-27.9375;-26.8;5.940736449480263;3.619612605548854
-28.6875;-26.6571;5.940736449480263;3.619612605548854
-29.1875;-26.4286;5.940736449480263;3.619612605548854
-29.375;-26.4857;5.940736449480263;3.619612605548854
-29.4375;-26.3429;5.940736449480263;3.619612605548854
-29.375;-26.3143;5.940736449480263;3.619612605548854
-29.3125;-26.3714;5.940736449480263;3.619612605548854
-29.0;-26.3143;5.940736449480263;3.619612605548854
-28.4375;-26.2;5.940736449480263;3.619612605548854
-28.0;-26.1143;5.940736449480263;3.619612605548854
-27.875;-26.0857;5.940736449480263;3.619612605548854
-28.0625;-26.0;5.940736449480263;3.619612605548854
-28.125;-26.0857;5.940736449480263;3.619612605548854
-27.8125;-25.9143;5.940736449480263;3.619612605548854
-27.4375;-25.7429;5.940736449480263;3.619612605548854
-27.125;-25.7714;5.940736449480263;3.619612605548854
-26.8125;-25.6;5.940736449480263;3.619612605548854
-26.625;-25.6286;5.940736449480263;3.619612605548854
-26.1875;-25.6857;5.940736449480263;3.619612605548854
-25.6875;-25.3714;5.940736449480263;3.619612605548854
-25.375;-25.3143;5.940736449480263;3.619612605548854
-25.4375;-25.3143;5.940736449480263;3.619612605548854
-25.75;-25.2286;5.940736449480263;3.619612605548854
-26.0625;-25.2857;5.940736449480263;3.619612605548854
-26.1875;-25.0857;5.940736449480263;3.619612605548854
-26.1875;-25.1714;5.940736449480263;3.619612605548854
-26.3125;-25.0571;5.940736449480263;3.619612605548854
-26.5;-25.0571;5.940736449480263;3.619612605548854
-26.5;-25.0571;5.940736449480263;3.619612605548854
-26.125;-24.9143;5.940736449480263;3.619612605548854
-25.5;-24.8;5.940736449480263;3.619612605548854
-25.0625;-24.8;5.940736449480263;3.619612605548854
-25.0625;-24.8571;5.940736449480263;3.619612605548854
-25.25;-24.7143;5.940736449480263;3.619612605548854
-25.5;-24.5143;5.940736449480263;3.619612605548854
-25.625;-24.4571;5.940736449480263;3.619612605548854
-25.6875;-24.0857;5.940736449480263;3.619612605548854
-25.6875;-24.0;5.940736449480263;3.619612605548854
-25.75;-24.0;5.940736449480263;3.619612605548854
-25.6875;-23.9429;5.940736449480263;3.619612605548854
-25.5;-24.0;5.940736449480263;3.619612605548854
-25.4375;-24.0571;5.940736449480263;3.619612605548854
-25.8125;-24.0286;5.940736449480263;3.619612605548854
-26.125;-23.9429;5.940736449480263;3.619612605548854
-26.125;-23.8857;5.940736449480263;3.619612605548854
-25.75;-23.8571;5.940736449480263;3.619612605548854
-25.0;-23.7429;5.940736449480263;3.619612605548854
-24.4375;-23.6;5.940736449480263;3.619612605548854
-24.4375;-23.6286;5.940736449480263;3.619612605548854
-24.6875;-23.5143;5.940736449480263;3.619612605548854
-24.75;-23.4571;5.940736449480263;3.619612605548854
-24.5625;-23.3429;5.940736449480263;3.619612605548854
-24.1875;-23.3143;5.940736449480263;3.619612605548854
-23.875;-23.3143;5.940736449480263;3.619612605548854
-23.6875;-23.3143;5.940736449480263;3.619612605548854
-23.625;-23.2571;5.940736449480263;3.619612605548854
-23.875;-23.1429;5.940736449480263;3.619612605548854
-24.3125;-23.1143;5.940736449480263;3.619612605548854
-24.5625;-23.0;5.940736449480263;3.619612605548854
-24.5625;-22.9429;5.940736449480263;3.619612605548854
-24.0;-23.0;5.940736449480263;3.619612605548854
-23.0625;-22.9143;5.940736449480263;3.619612605548854
-22.5;-22.8;5.940736449480263;3.619612605548854
-22.625;-22.7429;5.940736449480263;3.619612605548854
-23.375;-22.6857;5.940736449480263;3.619612605548854
-24.3125;-22.6286;5.940736449480263;3.619612605548854
-24.9375;-22.6;5.940736449480263;3.619612605548854
-25.1875;-22.5714;5.940736449480263;3.619612605548854
-25.25;-22.5429;5.940736449480263;3.619612605548854
-25.1875;-22.4857;5.940736449480263;3.619612605548854
-25.0625;-22.4;5.940736449480263;3.619612605548854
-24.75;-22.3429;5.940736449480263;3.619612605548854
-24.25;-22.2286;5.940736449480263;3.619612605548854
-23.75;-22.1429;5.940736449480263;3.619612605548854
-23.375;-22.1429;5.940736449480263;3.619612605548854
-23.1875;-22.0571;5.940736449480263;3.619612605548854
-23.0625;-21.9143;5.940736449480263;3.619612605548854
-23.0;-21.7714;5.940736449480263;3.619612605548854
-22.875;-21.8286;5.940736449480263;3.619612605548854
-22.9375;-21.6857;5.940736449480263;3.619612605548854
-22.875;-21.6286;5.940736449480263;3.619612605548854
-22.5;-21.6;5.940736449480263;3.619612605548854
-22.0625;-21.5143;5.940736449480263;3.619612605548854
-21.9375;-21.4857;5.940736449480263;3.619612605548854
-22.125;-21.4857;5.940736449480263;3.619612605548854
-22.25;-21.3143;5.940736449480263;3.619612605548854
-22.25;-21.2571;5.940736449480263;3.619612605548854
-22.3125;-21.2571;5.940736449480263;3.619612605548854
-22.3125;-21.2286;5.940736449480263;3.619612605548854
-22.1875;-21.2;5.940736449480263;3.619612605548854
-21.9375;-21.0;5.940736449480263;3.619612605548854
-21.75;-21.0286;5.940736449480263;3.619612605548854
-21.75;-21.0571;5.940736449480263;3.619612605548854
-21.6875;-21.0286;5.940736449480263;3.619612605548854
-21.5625;-20.8571;5.940736449480263;3.619612605548854
-21.4375;-20.7714;5.940736449480263;3.619612605548854
-21.375;-20.7143;5.940736449480263;3.619612605548854
-21.3125;-20.6571;5.940736449480263;3.619612605548854
-21.25;-20.7143;5.940736449480263;3.619612605548854
-21.25;-20.6;5.940736449480263;3.619612605548854
-21.25;-20.5143;5.940736449480263;3.619612605548854
-21.25;-20.4857;5.940736449480263;3.619612605548854
-21.375;-20.3714;5.940736449480263;3.619612605548854
-21.5625;-20.2571;5.940736449480263;3.619612605548854
-21.625;-20.2571;5.940736449480263;3.619612605548854
-21.375;-20.2;5.940736449480263;3.619612605548854
-21.0;-20.0286;5.940736449480263;3.619612605548854
-20.6875;-20.1429;5.940736449480263;3.619612605548854
-20.375;-20.0857;5.940736449480263;3.619612605548854
-20.25;-19.9714;5.940736449480263;3.619612605548854
-20.3125;-20.0571;5.940736449480263;3.619612605548854
-20.5;-19.7714;5.940736449480263;3.619612605548854
-20.8125;-19.8571;5.940736449480263;3.619612605548854
-21.125;-19.8;5.940736449480263;3.619612605548854
-21.25;-19.7714;5.940736449480263;3.619612605548854
-20.9375;-19.6;5.940736449480263;3.619612605548854
-20.625;-19.5143;5.940736449480263;3.619612605548854
-20.4375;-19.6;5.940736449480263;3.619612605548854
-20.1875;-19.5714;5.940736449480263;3.619612605548854
-20.3125;-19.5429;5.940736449480263;3.619612605548854
-20.5;-19.4857;5.940736449480263;3.619612605548854
-20.5625;-19.4571;5.940736449480263;3.619612605548854
-20.5;-19.3714;5.940736449480263;3.619612605548854
-20.5625;-19.2286;5.940736449480263;3.619612605548854
-20.5;-19.1714;5.940736449480263;3.619612605548854
-20.5;-19.0;5.940736449480263;3.619612605548854
-20.3125;-19.0;5.940736449480263;3.619612605548854
-19.875;-18.9429;5.940736449480263;3.619612605548854
-19.5;-18.8571;5.940736449480263;3.619612605548854
-19.375;-18.9429;5.940736449480263;3.619612605548854
-19.375;-18.8571;5.940736449480263;3.619612605548854
-19.375;-18.8;5.940736449480263;3.619612605548854
-19.4375;-18.8;5.940736449480263;3.619612605548854
-19.4375;-18.6286;5.940736449480263;3.619612605548854
-19.375;-18.6571;5.940736449480263;3.619612605548854
-19.25;-18.6;5.940736449480263;3.619612605548854
-19.25;-18.5429;5.940736449480263;3.619612605548854
-19.3125;-18.4286;5.940736449480263;3.619612605548854
-19.375;-18.3714;5.940736449480263;3.619612605548854
-19.5;-18.4;5.940736449480263;3.619612605548854
-19.25;-18.2857;5.940736449480263;3.619612605548854
-18.6875;-18.0857;5.940736449480263;3.619612605548854
-18.1875;-18.0571;5.940736449480263;3.619612605548854
-17.9375;-18.0;5.940736449480263;3.619612605548854
-17.875;-18.0;5.940736449480263;3.619612605548854
-17.9375;-17.9429;5.940736449480263;3.619612605548854
-17.875;-17.8857;5.940736449480263;3.619612605548854
-17.9375;-17.8857;5.940736449480263;3.619612605548854
-18.3125;-17.7714;5.940736449480263;3.619612605548854
-18.5625;-17.6857;5.940736449480263;3.619612605548854
-18.4375;-17.6;5.940736449480263;3.619612605548854
-18.1875;-17.4571;5.940736449480263;3.619612605548854
-18.1875;-17.5143;5.940736449480263;3.619612605548854
-18.1875;-17.4286;5.940736449480263;3.619612605548854
-18.125;-17.4286;5.940736449480263;3.619612605548854
-17.9375;-17.3429;5.940736449480263;3.619612605548854
-17.5625;-17.2571;5.940736449480263;3.619612605548854
-17.25;-17.2286;5.940736449480263;3.619612605548854
-17.25;-17.1714;5.940736449480263;3.619612605548854
-17.5625;-17.0571;5.940736449480263;3.619612605548854
-17.75;-17.1143;5.940736449480263;3.619612605548854
-17.75;-17.0286;5.940736449480263;3.619612605548854
-17.625;-17.0571;5.940736449480263;3.619612605548854
-17.5625;-17.0286;5.940736449480263;3.619612605548854
-17.5;-16.9429;5.940736449480263;3.619612605548854
-17.5;-16.8;5.940736449480263;3.619612605548854
-17.5625;-16.7429;5.940736449480263;3.619612605548854
-17.6875;-16.6571;5.940736449480263;3.619612605548854
-17.75;-16.6;5.940736449480263;3.619612605548854
-17.4375;-16.4571;5.940736449480263;3.619612605548854
-16.8125;-16.4;5.940736449480263;3.619612605548854
-16.3125;-16.4286;5.940736449480263;3.619612605548854
-15.9375;-16.3714;5.940736449480263;3.619612605548854
-15.6875;-16.3143;5.940736449480263;3.619612605548854
-15.8125;-16.2286;5.940736449480263;3.619612605548854
-16.1875;-16.2571;5.940736449480263;3.619612605548854
-16.5625;-16.1714;5.940736449480263;3.619612605548854
-16.8125;-16.1714;5.940736449480263;3.619612605548854
-16.875;-16.0857;5.940736449480263;3.619612605548854
-16.9375;-15.9429;5.940736449480263;3.619612605548854
-16.9375;-15.8857;5.940736449480263;3.619612605548854
-16.8125;-15.8;5.940736449480263;3.619612605548854
-16.375;-15.7143;5.940736449480263;3.619612605548854
-15.8125;-15.6571;5.940736449480263;3.619612605548854
-15.625;-15.5714;5.940736449480263;3.619612605548854
-15.75;-15.5429;5.940736449480263;3.619612605548854
-15.875;-15.4857;5.940736449480263;3.619612605548854
-16.0625;-15.4286;5.940736449480263;3.619612605548854
-16.25;-15.4286;5.940736449480263;3.619612605548854
-16.4375;-15.4286;5.940736449480263;3.619612605548854
-16.3125;-15.3429;5.940736449480263;3.619612605548854
-15.875;-15.3143;5.940736449480263;3.619612605548854
-15.25;-15.3429;5.940736449480263;3.619612605548854
-14.6875;-15.2857;5.940736449480263;3.619612605548854
-14.375;-15.2;5.940736449480263;3.619612605548854
-14.25;-15.1429;5.940736449480263;3.619612605548854
-14.25;-15.0286;5.940736449480263;3.619612605548854
-14.3125;-14.9714;5.940736449480263;3.619612605548854
-14.5;-14.9143;5.940736449480263;3.619612605548854
-15.0;-14.8571;5.940736449480263;3.619612605548854
-15.4375;-14.8286;5.940736449480263;3.619612605548854
-15.6875;-14.7714;5.940736449480263;3.619612605548854
-15.75;-14.6571;5.940736449480263;3.619612605548854
-15.75;-14.5429;5.940736449480263;3.619612605548854
-15.625;-14.5714;5.940736449480263;3.619612605548854
-15.5;-14.5143;5.940736449480263;3.619612605548854
-15.25;-14.4286;5.940736449480263;3.619612605548854
-14.9375;-14.4286;5.940736449480263;3.619612605548854
-14.8125;-14.3714;5.940736449480263;3.619612605548854
-14.8125;-14.2857;5.940736449480263;3.619612605548854
-14.75;-14.2857;5.940736449480263;3.619612605548854
-14.625;-14.1714;5.940736449480263;3.619612605548854
-14.625;-14.0857;5.940736449480263;3.619612605548854
-14.75;-14.0571;5.940736449480263;3.619612605548854
-14.875;-13.9714;5.940736449480263;3.619612605548854
-14.8125;-13.8857;5.940736449480263;3.619612605548854
-14.5;-13.8571;5.940736449480263;3.619612605548854
-14.1875;-13.8286;5.940736449480263;3.619612605548854
-14.0625;-13.6857;5.940736449480263;3.619612605548854
-14.25;-13.7429;5.940736449480263;3.619612605548854
-14.3125;-13.5714;5.940736449480263;3.619612605548854
-14.1875;-13.5714;5.940736449480263;3.619612605548854
-14.1875;-13.5714;5.940736449480263;3.619612605548854
-14.0625;-13.5143;5.940736449480263;3.619612605548854
-13.75;-13.4286;5.940736449480263;3.619612605548854
-13.4375;-13.3714;5.940736449480263;3.619612605548854
-13.25;-13.4;5.940736449480263;3.619612605548854
-13.1875;-13.3143;5.940736449480263;3.619612605548854
-13.1875;-13.2857;5.940736449480263;3.619612605548854
-13.1875;-13.2857;5.940736449480263;3.619612605548854
-13.1875;-13.2;5.940736449480263;3.619612605548854
-13.1875;-13.1143;5.940736449480263;3.619612605548854
-13.375;-13.1714;5.940736449480263;3.619612605548854
-13.4375;-13.0;5.940736449480263;3.619612605548854
-13.1875;-13.0286;5.940736449480263;3.619612605548854
-13.0;-12.8571;5.940736449480263;3.619612605548854
-12.9375;-12.7714;5.940736449480263;3.619612605548854
-12.875;-12.7714;5.940736449480263;3.619612605548854
-13.0;-12.6571;5.940736449480263;3.619612605548854
-13.3125;-12.6857;5.940736449480263;3.619612605548854
-13.5625;-12.6857;5.940736449480263;3.619612605548854
-13.4375;-12.6857;5.940736449480263;3.619612605548854
-13.1875;-12.5714;5.940736449480263;3.619612605548854
-13.125;-12.5143;5.940736449480263;3.619612605548854
-13.0625;-12.4857;5.940736449480263;3.619612605548854
-13.0;-12.4571;5.940736449480263;3.619612605548854
-12.9375;-12.4286;5.940736449480263;3.619612605548854
-12.9375;-12.4571;5.940736449480263;3.619612605548854
-12.8125;-12.3429;5.940736449480263;3.619612605548854
-12.625;-12.2857;5.940736449480263;3.619612605548854
-12.4375;-12.2857;5.940736449480263;3.619612605548854
-12.25;-12.1714;5.940736449480263;3.619612605548854
-12.25;-12.1143;5.940736449480263;3.619612605548854
-12.3125;-12.1143;5.940736449480263;3.619612605548854
-12.375;-12.1429;5.940736449480263;3.619612605548854
-12.375;-12.0857;5.940736449480263;3.619612605548854
-12.4375;-12.0286;5.940736449480263;3.619612605548854
-12.5;-12.0571;5.940736449480263;3.619612605548854
-12.5;-11.9143;5.940736449480263;3.619612605548854
-12.5625;-11.9714;5.940736449480263;3.619612605548854
-12.5625;-11.8857;5.940736449480263;3.619612605548854
-12.5625;-11.8571;5.940736449480263;3.619612605548854
-12.5625;-11.7143;5.940736449480263;3.619612605548854
-12.5;-11.6857;5.940736449480263;3.619612605548854
-12.0;-11.6857;5.940736449480263;3.619612605548854
-11.625;-11.6571;5.940736449480263;3.619612605548854
-11.5625;-11.6;5.940736449480263;3.619612605548854
-11.6875;-11.5143;5.940736449480263;3.619612605548854
-11.75;-11.4857;5.940736449480263;3.619612605548854
-11.75;-11.4857;5.940736449480263;3.619612605548854
-11.6875;-11.4571;5.940736449480263;3.619612605548854
-11.625;-11.3714;5.940736449480263;3.619612605548854
-11.5;-11.3143;5.940736449480263;3.619612605548854
-11.25;-11.2286;5.940736449480263;3.619612605548854
-11.0625;-11.2286;5.940736449480263;3.619612605548854
-11.0625;-11.1714;5.940736449480263;3.619612605548854
-11.25;-11.1143;5.940736449480263;3.619612605548854
-11.375;-11.1429;5.940736449480263;3.619612605548854
-11.375;-11.0286;5.940736449480263;3.619612605548854
-11.4375;-11.0;5.940736449480263;3.619612605548854
-11.5;-10.9143;5.940736449480263;3.619612605548854
-11.5625;-10.8857;5.940736449480263;3.619612605548854
-11.5625;-10.8571;5.940736449480263;3.619612605548854
-11.375;-10.8;5.940736449480263;3.619612605548854
-11.125;-10.7429;5.940736449480263;3.619612605548854
-10.875;-10.6571;5.940736449480263;3.619612605548854
-10.625;-10.6286;5.940736449480263;3.619612605548854
-10.3125;-10.5429;5.940736449480263;3.619612605548854
-10.25;-10.5143;5.940736449480263;3.619612605548854
-10.375;-10.4571;5.940736449480263;3.619612605548854
-10.5;-10.4;5.940736449480263;3.619612605548854
-10.5625;-10.3429;5.940736449480263;3.619612605548854
-10.625;-10.3429;5.940736449480263;3.619612605548854
-10.625;-10.3143;5.940736449480263;3.619612605548854
-10.6875;-10.2;5.940736449480263;3.619612605548854
-10.75;-10.1714;5.940736449480263;3.619612605548854
-10.6875;-10.1429;5.940736449480263;3.619612605548854
-10.5;-10.0286;5.940736449480263;3.619612605548854
-10.1875;-10.0571;5.940736449480263;3.619612605548854
-9.875;-9.9714;5.940736449480263;3.619612605548854
-9.625;-9.9143;5.940736449480263;3.619612605548854
-9.75;-9.8857;5.940736449480263;3.619612605548854
-10.0625;-9.9143;5.940736449480263;3.619612605548854
-10.375;-9.8286;5.940736449480263;3.619612605548854
-10.4375;-9.8;5.940736449480263;3.619612605548854
-10.125;-9.6857;5.940736449480263;3.619612605548854
-9.875;-9.6571;5.940736449480263;3.619612605548854
-9.75;-9.6857;5.940736449480263;3.619612605548854
-9.6875;-9.6286;5.940736449480263;3.619612605548854
-9.5;-9.6;5.940736449480263;3.619612605548854
-9.125;-9.4857;5.940736449480263;3.619612605548854
-8.75;-9.4857;5.940736449480263;3.619612605548854
-8.625;-9.4286;5.940736449480263;3.619612605548854
-8.875;-9.3429;5.940736449480263;3.619612605548854
-9.1875;-9.3429;5.940736449480263;3.619612605548854
-9.5625;-9.2857;5.940736449480263;3.619612605548854
-9.6875;-9.2286;5.940736449480263;3.619612605548854
-9.5625;-9.1714;5.940736449480263;3.619612605548854
-9.3125;-9.1143;5.940736449480263;3.619612605548854
-8.9375;-9.1429;5.940736449480263;3.619612605548854
-8.625;-9.0857;5.940736449480263;3.619612605548854
-8.375;-9.0571;5.940736449480263;3.619612605548854
-8.3125;-9.0;5.940736449480263;3.619612605548854
-8.3125;-8.9143;5.940736449480263;3.619612605548854
-8.3125;-8.8571;5.940736449480263;3.619612605548854
-8.3125;-8.8571;5.940736449480263;3.619612605548854
-8.375;-8.8;5.940736449480263;3.619612605548854
-8.5;-8.7429;5.940736449480263;3.619612605548854
-8.6875;-8.7429;5.940736449480263;3.619612605548854
-8.9375;-8.6857;5.940736449480263;3.619612605548854
-9.0;-8.6286;5.940736449480263;3.619612605548854
-9.0625;-8.6286;5.940736449480263;3.619612605548854
-9.125;-8.5429;5.940736449480263;3.619612605548854
-9.0625;-8.5143;5.940736449480263;3.619612605548854
-8.75;-8.5143;5.940736449480263;3.619612605548854
-8.5;-8.4286;5.940736449480263;3.619612605548854
-8.4375;-8.4286;5.940736449480263;3.619612605548854
-8.5625;-8.3429;5.940736449480263;3.619612605548854
-8.6875;-8.2857;5.940736449480263;3.619612605548854
-8.75;-8.3143;5.940736449480263;3.619612605548854
-8.625;-8.2286;5.940736449480263;3.619612605548854
-8.3125;-8.2;5.940736449480263;3.619612605548854
-8.0625;-8.1143;5.940736449480263;3.619612605548854
-7.875;-8.1143;5.940736449480263;3.619612605548854
-7.875;-8.0857;5.940736449480263;3.619612605548854
-8.0;-7.9714;5.940736449480263;3.619612605548854
-8.0625;-8.0;5.940736449480263;3.619612605548854
-7.875;-7.9429;5.940736449480263;3.619612605548854
-7.6875;-7.8571;5.940736449480263;3.619612605548854
-7.625;-7.8286;5.940736449480263;3.619612605548854
-7.625;-7.8;5.940736449480263;3.619612605548854
-7.5625;-7.7143;5.940736449480263;3.619612605548854
-7.5;-7.7429;5.940736449480263;3.619612605548854
-7.375;-7.7143;5.940736449480263;3.619612605548854
-7.3125;-7.6;5.940736449480263;3.619612605548854
-7.3125;-7.6;5.940736449480263;3.619612605548854
-7.3125;-7.5429;5.940736449480263;3.619612605548854
-7.3125;-7.5429;5.940736449480263;3.619612605548854
-7.3125;-7.4857;5.940736449480263;3.619612605548854
-7.25;-7.4286;5.940736449480263;3.619612605548854
-7.375;-7.4286;5.940736449480263;3.619612605548854
-7.4375;-7.3143;5.940736449480263;3.619612605548854
-7.375;-7.2571;5.940736449480263;3.619612605548854
-7.1875;-7.2571;5.940736449480263;3.619612605548854
-7.0625;-7.1714;5.940736449480263;3.619612605548854
-7.1875;-7.1143;5.940736449480263;3.619612605548854
-7.5;-7.0857;5.940736449480263;3.619612605548854
-7.625;-7.0;5.940736449480263;3.619612605548854
-7.375;-6.9714;5.940736449480263;3.619612605548854
-6.9375;-6.9429;5.940736449480263;3.619612605548854
-6.375;-6.8857;5.940736449480263;3.619612605548854
-6.125;-6.8286;5.940736449480263;3.619612605548854
-6.0625;-6.8;5.940736449480263;3.619612605548854
-6.1875;-6.6857;5.940736449480263;3.619612605548854
-6.375;-6.6571;5.940736449480263;3.619612605548854
-6.625;-6.6286;5.940736449480263;3.619612605548854
-6.875;-6.6286;5.940736449480263;3.619612605548854
-6.9375;-6.6;5.940736449480263;3.619612605548854
-6.75;-6.5429;5.940736449480263;3.619612605548854
-6.3125;-6.4857;5.940736449480263;3.619612605548854
-6.0625;-6.4571;5.940736449480263;3.619612605548854
-6.125;-6.4286;5.940736449480263;3.619612605548854
-6.5;-6.3714;5.940736449480263;3.619612605548854
-6.8125;-6.2857;5.940736449480263;3.619612605548854
-6.875;-6.2857;5.940736449480263;3.619612605548854
-6.75;-6.2857;5.940736449480263;3.619612605548854
-6.625;-6.2286;5.940736449480263;3.619612605548854
-6.5625;-6.2286;5.940736449480263;3.619612605548854
-6.5;-6.1429;5.940736449480263;3.619612605548854
-6.5;-6.0571;5.940736449480263;3.619612605548854
-6.5;-6.0857;5.940736449480263;3.619612605548854
-6.375;-6.0571;5.940736449480263;3.619612605548854
-6.1875;-5.9714;5.940736449480263;3.619612605548854
-6.0;-5.9714;5.940736449480263;3.619612605548854
-6.0;-5.9714;5.940736449480263;3.619612605548854
-6.0625;-5.9143;5.940736449480263;3.619612605548854
-6.0;-5.8857;5.940736449480263;3.619612605548854
-5.75;-5.8;5.940736449480263;3.619612605548854
-5.5;-5.8286;5.940736449480263;3.619612605548854
-5.3125;-5.7714;5.940736449480263;3.619612605548854
-5.1875;-5.7143;5.940736449480263;3.619612605548854
-5.125;-5.7429;5.940736449480263;3.619612605548854
-5.1875;-5.6;5.940736449480263;3.619612605548854
-5.375;-5.6286;5.940736449480263;3.619612605548854
-5.5;-5.5429;5.940736449480263;3.619612605548854
-5.625;-5.5429;5.940736449480263;3.619612605548854
-5.5625;-5.4857;5.940736449480263;3.619612605548854
-5.5;-5.4571;5.940736449480263;3.619612605548854
-5.625;-5.4;5.940736449480263;3.619612605548854
-5.75;-5.3429;5.940736449480263;3.619612605548854
-5.6875;-5.3143;5.940736449480263;3.619612605548854
-5.6875;-5.3143;5.940736449480263;3.619612605548854
-5.8125;-5.2571;5.940736449480263;3.619612605548854
-5.75;-5.2286;5.940736449480263;3.619612605548854
-5.5;-5.2;5.940736449480263;3.619612605548854
-5.4375;-5.1143;5.940736449480263;3.619612605548854
-5.5625;-5.0857;5.940736449480263;3.619612605548854
-5.8125;-5.0571;5.940736449480263;3.619612605548854
-5.9375;-5.0286;5.940736449480263;3.619612605548854
-6.0625;-5.0857;5.940736449480263;3.619612605548854
-6.0625;-5.0;5.940736449480263;3.619612605548854
-6.0625;-4.9714;5.940736449480263;3.619612605548854
-6.0625;-4.9143;5.940736449480263;3.619612605548854
-6.0;-4.9143;5.940736449480263;3.619612605548854
-5.625;-4.8857;5.940736449480263;3.619612605548854
-5.125;-4.8286;5.940736449480263;3.619612605548854
-4.625;-4.8;5.940736449480263;3.619612605548854
-4.4375;-4.8286;5.940736449480263;3.619612605548854
-4.5;-4.7714;5.940736449480263;3.619612605548854
-4.5625;-4.6857;5.940736449480263;3.619612605548854
-4.625;-4.6857;5.940736449480263;3.619612605548854
-4.6875;-4.6;5.940736449480263;3.619612605548854
-4.8125;-4.6286;5.940736449480263;3.619612605548854
-5.0;-4.5714;5.940736449480263;3.619612605548854
-5.0;-4.5429;5.940736449480263;3.619612605548854
-4.6875;-4.5143;5.940736449480263;3.619612605548854
-4.3125;-4.4286;5.940736449480263;3.619612605548854
-4.125;-4.4;5.940736449480263;3.619612605548854
-4.1875;-4.3429;5.940736449480263;3.619612605548854
-4.3125;-4.4;5.940736449480263;3.619612605548854
-4.5;-4.3429;5.940736449480263;3.619612605548854
-4.625;-4.2857;5.940736449480263;3.619612605548854
-4.625;-4.3143;5.940736449480263;3.619612605548854
-4.5;-4.2286;5.940736449480263;3.619612605548854
-4.25;-4.2;5.940736449480263;3.619612605548854
-4.1875;-4.1714;5.940736449480263;3.619612605548854
-4.1875;-4.1429;5.940736449480263;3.619612605548854
-4.1875;-4.1143;5.940736449480263;3.619612605548854
-4.25;-4.0857;5.940736449480263;3.619612605548854
-4.375;-4.0857;5.940736449480263;3.619612605548854
-4.4375;-4.0;5.940736449480263;3.619612605548854
-4.5;-4.0;5.940736449480263;3.619612605548854
-4.5;-3.9143;5.940736449480263;3.619612605548854
-4.5;-3.9429;5.940736449480263;3.619612605548854
-4.375;-3.8857;5.940736449480263;3.619612605548854
-4.0625;-3.9143;5.940736449480263;3.619612605548854
-3.75;-3.8857;5.940736449480263;3.619612605548854
-3.625;-3.8571;5.940736449480263;3.619612605548854
-3.5625;-3.8;5.940736449480263;3.619612605548854
-3.5625;-3.7429;5.940736449480263;3.619612605548854
-3.3125;-3.7143;5.940736449480263;3.619612605548854
-2.625;-3.7429;5.940736449480263;3.619612605548854
-1.875;-3.6286;5.940736449480263;3.619612605548854
-1.875;-3.6;5.940736449480263;3.619612605548854
-2.375;-3.6;5.940736449480263;3.619612605548854
-2.5625;-3.5429;5.940736449480263;3.619612605548854
-2.8125;-3.6;5.940736449480263;3.619612605548854
-3.375;-3.4286;5.940736449480263;3.619612605548854
-3.875;-3.4857;5.940736449480263;3.619612605548854
-4.0;-3.4286;5.940736449480263;3.619612605548854
-3.9375;-3.4286;5.940736449480263;3.619612605548854
-3.75;-3.4286;5.940736449480263;3.619612605548854
-3.4375;-3.3429;5.940736449480263;3.619612605548854
-3.25;-3.3143;5.940736449480263;3.619612605548854
-3.25;-3.2571;5.940736449480263;3.619612605548854
-3.5;-3.2857;5.940736449480263;3.619612605548854
-3.5;-3.2571;5.940736449480263;3.619612605548854
-3.0625;-3.2;5.940736449480263;3.619612605548854
-2.6875;-3.2286;5.940736449480263;3.619612605548854
-2.625;-3.1714;5.940736449480263;3.619612605548854
-2.75;-3.0857;5.940736449480263;3.619612605548854
-2.875;-3.0571;5.940736449480263;3.619612605548854
-2.9375;-3.0571;5.940736449480263;3.619612605548854
-3.0;-3.0;5.940736449480263;3.619612605548854
-3.0;-2.9714;5.940736449480263;3.619612605548854
-2.9375;-2.9714;5.940736449480263;3.619612605548854
-2.75;-2.8571;5.940736449480263;3.619612605548854
-2.1875;-2.8571;5.940736449480263;3.619612605548854
-1.25;-2.9143;5.940736449480263;3.619612605548854
-0.8125;-2.7714;5.940736449480263;3.619612605548854
-1.125;-2.8;5.940736449480263;3.619612605548854
-1.75;-2.7429;5.940736449480263;3.619612605548854
-2.3125;-2.6571;5.940736449480263;3.619612605548854
-2.625;-2.6857;5.940736449480263;3.619612605548854
-2.5625;-2.4857;5.940736449480263;3.619612605548854
-2.4375;-2.4857;5.940736449480263;3.619612605548854
-2.25;-2.4571;5.940736449480263;3.619612605548854
-1.875;-2.2857;5.940736449480263;3.619612605548854
-1.875;-2.2571;5.940736449480263;3.619612605548854
-2.0625;-2.1714;5.940736449480263;3.619612605548854
-1.625;-2.1143;5.940736449480263;3.619612605548854
-1.0625;-1.9714;5.940736449480263;3.619612605548854
-0.6875;-1.8;5.940736449480263;3.619612605548854
-0.375;-1.7143;5.940736449480263;3.619612605548854
-0.125;-1.5714;5.940736449480263;3.619612605548854
-0.0625;-1.3714;5.940736449480263;3.619612605548854
-0.125;-1.2;5.940736449480263;3.619612605548854
-0.125;-0.8;5.940736449480263;3.619612605548854
-0.0625;-0.6571;5.940736449480263;3.619612605548854
-0.25;-0.3143;5.940736449480263;3.619612605548854
-0.4375;0.0286;5.940736449480263;3.619612605548854
0.0;0.4571;5.940736449480263;3.619612605548854
0.4375;0.8286;5.940736449480263;3.619612605548854
0.375;1.3143;5.940736449480263;3.619612605548854
0.1875;1.6286;5.940736449480263;3.619612605548854
0.0625;2.1714;5.940736449480263;3.619612605548854
0.0;2.4571;5.940736449480263;3.619612605548854
0.0;2.8571;5.940736449480263;3.619612605548854
0.25;3.4286;5.940736449480263;3.619612605548854
1.0625;3.8571;5.940736449480263;3.619612605548854
2.1875;4.2571;5.940736449480263;3.619612605548854
3.0;4.7714;5.940736449480263;3.619612605548854
3.5;5.3143;5.940736449480263;3.619612605548854
3.8125;5.9714;5.940736449480263;3.619612605548854
4.0625;6.4571;5.940736449480263;3.619612605548854
4.4375;7.1143;5.940736449480263;3.619612605548854
5.25;7.8;5.940736449480263;3.619612605548854
6.375;8.4571;5.940736449480263;3.619612605548854
7.5;9.1714;5.940736449480263;3.619612605548854
8.5;9.8571;5.940736449480263;3.619612605548854
9.3125;10.5714;5.940736449480263;3.619612605548854
10.0;11.3429;5.940736449480263;3.619612605548854
10.625;12.0571;5.940736449480263;3.619612605548854
11.1875;12.9143;5.940736449480263;3.619612605548854
11.875;13.6286;5.940736449480263;3.619612605548854
12.6875;14.3143;5.940736449480263;3.619612605548854
13.4375;15.2571;5.940736449480263;3.619612605548854
14.1875;16.0571;5.940736449480263;3.619612605548854
15.0;16.7143;5.940736449480263;3.619612605548854
15.8125;17.4857;5.940736449480263;3.619612605548854
16.5;18.3143;5.940736449480263;3.619612605548854
17.125;19.2;5.940736449480263;3.619612605548854
17.875;19.8857;5.940736449480263;3.619612605548854
18.75;20.8286;5.940736449480263;3.619612605548854
19.625;21.5143;5.940736449480263;3.619612605548854
20.375;22.3714;5.940736449480263;3.619612605548854
20.6875;23.1429;5.940736449480263;3.619612605548854
20.8125;23.9429;5.940736449480263;3.619612605548854
20.75;24.8571;5.940736449480263;3.619612605548854
20.75;25.5143;5.940736449480263;3.619612605548854
20.75;26.1143;5.940736449480263;3.619612605548854
21.4375;27.0;5.940736449480263;3.619612605548854
23.4375;27.5714;5.940736449480263;3.619612605548854
25.875;28.4;5.940736449480263;3.619612605548854
27.8125;29.0857;5.940736449480263;3.619612605548854
29.1875;29.7714;5.940736449480263;3.619612605548854
30.125;30.5429;5.940736449480263;3.619612605548854
30.8125;31.0857;5.940736449480263;3.619612605548854
31.5;31.8857;5.940736449480263;3.619612605548854
32.1875;32.6286;5.940736449480263;3.619612605548854
32.875;33.2857;5.940736449480263;3.619612605548854
33.5625;34.0571;5.940736449480263;3.619612605548854
34.3125;34.4857;5.940736449480263;3.619612605548854
35.0625;35.1429;5.940736449480263;3.619612605548854
35.75;35.9143;5.940736449480263;3.619612605548854
36.3125;36.7429;5.940736449480263;3.619612605548854
36.9375;37.3714;5.940736449480263;3.619612605548854
37.4375;37.9714;5.940736449480263;3.619612605548854
37.9375;38.5714;5.940736449480263;3.619612605548854
38.5;39.0571;5.940736449480263;3.619612605548854
39.1875;40.1429;5.940736449480263;3.619612605548854
39.9375;40.7714;5.940736449480263;3.619612605548854
40.75;41.5714;5.940736449480263;3.619612605548854
41.625;42.0286;5.940736449480263;3.619612605548854
42.5625;42.7714;5.940736449480263;3.619612605548854
43.4375;43.4;5.940736449480263;3.619612605548854
44.25;44.2286;5.940736449480263;3.619612605548854
44.75;44.9429;5.940736449480263;3.619612605548854
45.0;45.8286;5.940736449480263;3.619612605548854
45.0625;46.1429;5.940736449480263;3.619612605548854
45.0;46.8857;5.940736449480263;3.619612605548854
45.0;47.5143;5.940736449480263;3.619612605548854
45.125;47.8571;5.940736449480263;3.619612605548854
45.8125;48.3714;5.940736449480263;3.619612605548854
47.4375;49.0;5.940736449480263;3.619612605548854
49.4375;49.4;5.940736449480263;3.619612605548854
50.9375;50.1714;5.940736449480263;3.619612605548854
51.9375;50.9429;5.940736449480263;3.619612605548854
52.625;51.6571;5.940736449480263;3.619612605548854
53.125;52.0857;5.940736449480263;3.619612605548854
53.6875;52.8857;5.940736449480263;3.619612605548854
54.3125;53.7143;5.940736449480263;3.619612605548854
55.0;53.6857;5.940736449480263;3.619612605548854
55.75;54.5714;5.940736449480263;3.619612605548854
56.4375;54.7714;5.940736449480263;3.619612605548854
57.0625;55.7714;5.940736449480263;3.619612605548854
57.625;56.1429;5.940736449480263;3.619612605548854
58.1875;56.5714;5.940736449480263;3.619612605548854
58.6875;57.5429;5.940736449480263;3.619612605548854
59.25;57.6571;5.940736449480263;3.619612605548854
59.8125;58.2571;5.940736449480263;3.619612605548854
60.4375;58.7143;5.940736449480263;3.619612605548854
61.1875;59.5714;5.940736449480263;3.619612605548854
61.9375;60.2857;5.940736449480263;3.619612605548854
62.625;60.8286;5.940736449480263;3.619612605548854
63.25;60.9143;5.940736449480263;3.619612605548854
63.8125;61.6286;5.940736449480263;3.619612605548854
64.375;62.0857;5.940736449480263;3.619612605548854
65.0625;62.5429;5.940736449480263;3.619612605548854
65.625;63.4286;5.940736449480263;3.619612605548854
65.9375;63.1429;5.940736449480263;3.619612605548854
66.0625;63.2;5.940736449480263;3.619612605548854
66.0625;64.4857;5.940736449480263;3.619612605548854
66.125;65.5714;5.940736449480263;3.619612605548854
66.375;65.5714;5.940736449480263;3.619612605548854
67.0625;65.9714;5.940736449480263;3.619612605548854
68.1875;66.4571;5.940736449480263;3.619612605548854
69.5625;66.6857;5.940736449480263;3.619612605548854
70.6875;67.4;5.940736449480263;3.619612605548854
71.6875;67.2286;5.940736449480263;3.619612605548854
72.5;68.2857;5.940736449480263;3.619612605548854
73.0;69.0286;5.940736449480263;3.619612605548854
73.125;69.9143;5.940736449480263;3.619612605548854
73.3125;69.6;5.940736449480263;3.619612605548854
73.6875;69.6857;5.940736449480263;3.619612605548854
74.375;71.5429;5.940736449480263;3.619612605548854
75.3125;72.9143;5.940736449480263;3.619612605548854
76.4375;72.8857;5.940736449480263;3.619612605548854
77.3125;73.0;5.940736449480263;3.619612605548854
77.9375;74.1143;5.940736449480263;3.619612605548854
78.5625;74.7429;5.940736449480263;3.619612605548854
79.25;74.0286;5.940736449480263;3.619612605548854
79.75;74.6571;5.940736449480263;3.619612605548854
80.125;75.2;5.940736449480263;3.619612605548854
80.5;76.8;5.940736449480263;3.619612605548854
80.875;76.5143;5.940736449480263;3.619612605548854
81.3125;76.7714;5.940736449480263;3.619612605548854
82.0;77.0;5.940736449480263;3.619612605548854
82.9375;77.0;5.940736449480263;3.619612605548854
83.75;76.8;5.940736449480263;3.619612605548854
84.1875;76.6571;5.940736449480263;3.619612605548854
84.375;77.0;5.940736449480263;3.619612605548854
84.375;79.9143;5.940736449480263;3.619612605548854
84.3125;80.0;5.940736449480263;3.619612605548854
84.25;80.4571;5.940736449480263;3.619612605548854
84.25;79.5143;5.940736449480263;3.619612605548854
84.1875;80.4571;5.940736449480263;3.619612605548854
84.75;80.1143;5.940736449480263;3.619612605548854
86.375;80.1429;5.940736449480263;3.619612605548854
88.625;81.0857;5.940736449480263;3.619612605548854
90.5;82.1714;5.940736449480263;3.619612605548854
91.375;81.3143;5.940736449480263;3.619612605548854
91.5625;81.0286;5.940736449480263;3.619612605548854
91.8125;79.4;5.940736449480263;3.619612605548854
92.25;83.0571;5.940736449480263;3.619612605548854
92.6875;83.1143;5.940736449480263;3.619612605548854
92.8125;82.3714;5.940736449480263;3.619612605548854
92.9375;81.8286;5.940736449480263;3.619612605548854
93.6875;83.7429;5.940736449480263;3.619612605548854
94.875;85.7714;5.940736449480263;3.619612605548854
95.8125;86.8571;5.940736449480263;3.619612605548854
96.25;86.4;5.940736449480263;3.619612605548854
96.5625;84.3429;5.940736449480263;3.619612605548854
97.125;87.0286;5.940736449480263;3.619612605548854
97.875;87.6857;5.940736449480263;3.619612605548854
98.25;87.2571;5.940736449480263;3.619612605548854
98.375;87.1143;5.940736449480263;3.619612605548854
99.1875;87.0571;5.940736449480263;3.619612605548854
100.5;88.1429;5.940736449480263;3.619612605548854
101.5;86.9143;5.940736449480263;3.619612605548854
101.75;88.9143;5.940736449480263;3.619612605548854
101.4375;89.6;5.940736449480263;3.619612605548854
101.125;88.8857;5.940736449480263;3.619612605548854
100.9375;90.7714;5.940736449480263;3.619612605548854
100.9375;90.1143;5.940736449480263;3.619612605548854
100.9375;88.9429;5.940736449480263;3.619612605548854
101.0;87.6857;5.940736449480263;3.619612605548854
101.0;90.3429;5.940736449480263;3.619612605548854
100.9375;90.6;5.940736449480263;3.619612605548854
101.125;90.4857;5.940736449480263;3.619612605548854
102.0625;91.0;5.940736449480263;3.619612605548854
103.6875;91.1714;5.940736449480263;3.619612605548854
105.375;93.0857;5.940736449480263;3.619612605548854
107.125;91.6;5.940736449480263;3.619612605548854
108.5625;94.4857;5.940736449480263;3.619612605548854
108.9375;94.8571;5.940736449480263;3.619612605548854
108.25;95.1143;5.940736449480263;3.619612605548854
107.375;94.6571;5.940736449480263;3.619612605548854
107.625;95.2;5.940736449480263;3.619612605548854
108.6875;93.6857;5.940736449480263;3.619612605548854
109.75;95.6286;5.940736449480263;3.619612605548854
110.25;95.9429;5.940736449480263;3.619612605548854
110.0625;96.1143;5.940736449480263;3.619612605548854
109.6875;96.3429;5.940736449480263;3.619612605548854
109.75;94.5714;5.940736449480263;3.619612605548854
110.625;96.4286;5.940736449480263;3.619612605548854
111.9375;96.8857;5.940736449480263;3.619612605548854
112.8125;97.0;5.940736449480263;3.619612605548854
112.6875;98.2571;5.940736449480263;3.619612605548854
112.0625;97.8286;5.940736449480263;3.619612605548854
111.875;100.0;5.940736449480263;3.619612605548854
112.5;98.5429;5.940736449480263;3.619612605548854
113.25;99.3714;5.940736449480263;3.619612605548854
113.8125;100.9714;5.940736449480263;3.619612605548854
114.4375;101.4571;5.940736449480263;3.619612605548854
114.875;101.1714;5.940736449480263;3.619612605548854
115.0625;101.2571;5.940736449480263;3.619612605548854
115.125;102.1714;5.940736449480263;3.619612605548854
115.125;101.9714;5.940736449480263;3.619612605548854
115.0625;102.9143;5.940736449480263;3.619612605548854
115.0;101.3429;5.940736449480263;3.619612605548854
115.25;102.3143;5.940736449480263;3.619612605548854
116.4375;104.4;5.940736449480263;3.619612605548854
117.9375;102.5714;5.940736449480263;3.619612605548854
118.75;102.1429;5.940736449480263;3.619612605548854
118.8125;103.4;5.940736449480263;3.619612605548854
118.5;107.6286;5.940736449480263;3.619612605548854
118.125;104.9429;5.940736449480263;3.619612605548854
118.0;106.0;5.940736449480263;3.619612605548854
118.25;105.4286;5.940736449480263;3.619612605548854
119.0;106.0286;5.940736449480263;3.619612605548854
120.0;107.3143;5.940736449480263;3.619612605548854
121.0625;107.4857;5.940736449480263;3.619612605548854
122.0;106.8571;5.940736449480263;3.619612605548854
122.875;108.7429;5.940736449480263;3.619612605548854
123.75;109.0286;5.940736449480263;3.619612605548854
124.1875;108.5714;5.940736449480263;3.619612605548854
124.1875;108.6;5.940736449480263;3.619612605548854
124.0;108.8571;5.940736449480263;3.619612605548854
124.0;110.2;5.940736449480263;3.619612605548854
124.25;109.9714;5.940736449480263;3.619612605548854
124.5;110.3714;5.940736449480263;3.619612605548854
124.9375;111.5714;5.940736449480263;3.619612605548854
125.4375;112.0;5.940736449480263;3.619612605548854
125.6875;112.4571;5.940736449480263;3.619612605548854
125.875;112.2286;5.940736449480263;3.619612605548854
125.9375;112.2571;5.940736449480263;3.619612605548854
125.875;112.2;5.940736449480263;3.619612605548854
125.8125;110.7143;5.940736449480263;3.619612605548854
125.8125;110.4571;5.940736449480263;3.619612605548854
125.75;114.0857;5.940736449480263;3.619612605548854
125.75;113.0857;5.940736449480263;3.619612605548854
125.6875;112.3143;5.940736449480263;3.619612605548854
125.625;112.6571;5.940736449480263;3.619612605548854
125.875;113.1143;5.940736449480263;3.619612605548854
126.5;114.4571;5.940736449480263;3.619612605548854
127.25;112.8286;5.940736449480263;3.619612605548854
128.0;113.3714;5.940736449480263;3.619612605548854
128.875;113.4571;5.940736449480263;3.619612605548854
129.4375;113.5429;5.940736449480263;3.619612605548854
129.625;114.8286;5.940736449480263;3.619612605548854
129.6875;116.0;5.940736449480263;3.619612605548854
129.8125;115.9143;5.940736449480263;3.619612605548854
130.375;114.8857;5.940736449480263;3.619612605548854
131.0;116.0;5.940736449480263;3.619612605548854
131.3125;116.5143;5.940736449480263;3.619612605548854
131.3125;115.3714;5.940736449480263;3.619612605548854
131.0;115.9429;5.940736449480263;3.619612605548854
130.625;114.7714;5.940736449480263;3.619612605548854
130.5625;116.4571;5.940736449480263;3.619612605548854
131.0625;115.4286;5.940736449480263;3.619612605548854
131.6875;116.7429;5.940736449480263;3.619612605548854
132.125;117.3143;5.940736449480263;3.619612605548854
132.6875;117.2286;5.940736449480263;3.619612605548854
133.0;117.9714;5.940736449480263;3.619612605548854
133.3125;117.8571;5.940736449480263;3.619612605548854
134.0;119.8286;5.940736449480263;3.619612605548854
134.5;118.5143;5.940736449480263;3.619612605548854
134.3125;117.4571;5.940736449480263;3.619612605548854
133.8125;117.2;5.940736449480263;3.619612605548854
133.4375;116.8857;5.940736449480263;3.619612605548854
133.1875;118.0571;5.940736449480263;3.619612605548854
133.125;119.9143;5.940736449480263;3.619612605548854
133.125;121.4571;5.940736449480263;3.619612605548854
133.1875;121.0857;5.940736449480263;3.619612605548854
133.8125;119.8286;5.940736449480263;3.619612605548854
135.1875;120.4286;5.940736449480263;3.619612605548854
136.25;120.8857;5.940736449480263;3.619612605548854
136.375;120.9429;5.940736449480263;3.619612605548854
136.125;119.7429;5.940736449480263;3.619612605548854
135.9375;119.9143;5.940736449480263;3.619612605548854
136.0;120.6857;5.940736449480263;3.619612605548854
136.125;121.3714;5.940736449480263;3.619612605548854
136.25;121.3429;5.940736449480263;3.619612605548854
136.5625;120.5429;5.940736449480263;3.619612605548854
137.0;122.0286;5.940736449480263;3.619612605548854
137.0625;122.5714;5.940736449480263;3.619612605548854
136.875;124.6857;5.940736449480263;3.619612605548854
136.75;124.4286;5.940736449480263;3.619612605548854
137.0;123.8286;5.940736449480263;3.619612605548854
137.5625;122.1429;5.940736449480263;3.619612605548854
138.4375;123.4286;5.940736449480263;3.619612605548854
139.5;123.3429;5.940736449480263;3.619612605548854
140.0625;123.3143;5.940736449480263;3.619612605548854
140.0;124.5429;5.940736449480263;3.619612605548854
139.5;123.9429;5.940736449480263;3.619612605548854
138.75;124.4571;5.940736449480263;3.619612605548854
138.4375;125.4857;5.940736449480263;3.619612605548854
138.875;126.3429;5.940736449480263;3.619612605548854
139.4375;124.9143;5.940736449480263;3.619612605548854
139.8125;124.0286;5.940736449480263;3.619612605548854
140.0;125.7143;5.940736449480263;3.619612605548854
140.0;125.8571;5.940736449480263;3.619612605548854
140.0;126.0;5.940736449480263;3.619612605548854
139.9375;125.2286;5.940736449480263;3.619612605548854
139.9375;125.4286;5.940736449480263;3.619612605548854
139.875;128.0;5.940736449480263;3.619612605548854
140.1875;128.0857;5.940736449480263;3.619612605548854
141.0625;128.0857;5.940736449480263;3.619612605548854
142.125;126.9714;5.940736449480263;3.619612605548854
142.875;127.2571;5.940736449480263;3.619612605548854
143.375;127.1429;5.940736449480263;3.619612605548854
143.75;128.2571;5.940736449480263;3.619612605548854
143.625;128.8286;5.940736449480263;3.619612605548854
142.875;128.5143;5.940736449480263;3.619612605548854
142.125;127.8571;5.940736449480263;3.619612605548854
141.625;127.5714;5.940736449480263;3.619612605548854
141.25;128.6;5.940736449480263;3.619612605548854
141.5625;127.2571;5.940736449480263;3.619612605548854
142.625;128.2571;5.940736449480263;3.619612605548854
144.0;129.0857;5.940736449480263;3.619612605548854
145.1875;129.2857;5.940736449480263;3.619612605548854
145.6875;129.1143;5.940736449480263;3.619612605548854
145.5625;130.0571;5.940736449480263;3.619612605548854
145.25;131.4;5.940736449480263;3.619612605548854
145.125;129.8857;5.940736449480263;3.619612605548854
145.25;130.5429;5.940736449480263;3.619612605548854
145.6875;130.0;5.940736449480263;3.619612605548854
145.8125;129.5714;5.940736449480263;3.619612605548854
145.375;128.9143;5.940736449480263;3.619612605548854
145.125;130.9429;5.940736449480263;3.619612605548854
145.3125;129.5429;5.940736449480263;3.619612605548854
145.6875;130.1429;5.940736449480263;3.619612605548854
146.0625;131.2286;5.940736449480263;3.619612605548854
146.25;130.9143;5.940736449480263;3.619612605548854
146.3125;132.4286;5.940736449480263;3.619612605548854
146.3125;131.1714;5.940736449480263;3.619612605548854
146.3125;130.6571;5.940736449480263;3.619612605548854
146.3125;132.5429;5.940736449480263;3.619612605548854
146.375;134.0286;5.940736449480263;3.619612605548854
146.5625;132.9714;5.940736449480263;3.619612605548854
147.0625;134.1143;5.940736449480263;3.619612605548854
147.6875;133.6571;5.940736449480263;3.619612605548854
148.3125;132.0571;5.940736449480263;3.619612605548854
148.625;133.9714;5.940736449480263;3.619612605548854
148.9375;133.3429;5.940736449480263;3.619612605548854
149.25;133.0571;5.940736449480263;3.619612605548854
149.5625;133.8286;5.940736449480263;3.619612605548854
149.875;133.5143;5.940736449480263;3.619612605548854
150.0625;133.3714;5.940736449480263;3.619612605548854
150.375;133.5714;5.940736449480263;3.619612605548854
150.9375;133.9714;5.940736449480263;3.619612605548854
151.125;134.3429;5.940736449480263;3.619612605548854
151.0;134.9714;5.940736449480263;3.619612605548854
151.0625;134.8;5.940736449480263;3.619612605548854
151.0625;134.2857;5.940736449480263;3.619612605548854
150.6875;134.9714;5.940736449480263;3.619612605548854
150.0625;134.1429;5.940736449480263;3.619612605548854
149.375;135.6571;5.940736449480263;3.619612605548854
149.1875;134.0;5.940736449480263;3.619612605548854
150.0;133.8571;5.940736449480263;3.619612605548854
150.9375;133.9714;5.940736449480263;3.619612605548854
151.25;135.0857;5.940736449480263;3.619612605548854
151.25;134.9143;5.940736449480263;3.619612605548854
151.375;134.2571;5.940736449480263;3.619612605548854
151.5625;136.0857;5.940736449480263;3.619612605548854
151.6875;136.8857;5.940736449480263;3.619612605548854
151.75;135.4286;5.940736449480263;3.619612605548854
151.75;136.2;5.940736449480263;3.619612605548854
151.75;137.1143;5.940736449480263;3.619612605548854
151.75;136.4857;5.940736449480263;3.619612605548854
152.25;135.7714;5.940736449480263;3.619612605548854
153.3125;136.7429;5.940736449480263;3.619612605548854
154.375;136.8286;5.940736449480263;3.619612605548854
154.8125;136.3429;5.940736449480263;3.619612605548854
154.5;137.4571;5.940736449480263;3.619612605548854
153.6875;137.2286;5.940736449480263;3.619612605548854
153.0;135.8857;5.940736449480263;3.619612605548854
152.875;135.3714;5.940736449480263;3.619612605548854
152.9375;136.6;5.940736449480263;3.619612605548854
152.625;136.4286;5.940736449480263;3.619612605548854
152.4375;136.4;5.940736449480263;3.619612605548854
153.0;135.8857;5.940736449480263;3.619612605548854
153.5625;135.6;5.940736449480263;3.619612605548854
153.5625;135.4571;5.940736449480263;3.619612605548854
153.4375;134.3143;5.940736449480263;3.619612605548854
153.25;133.4857;5.940736449480263;3.619612605548854
152.5;133.5429;5.940736449480263;3.619612605548854
151.6875;132.8857;5.940736449480263;3.619612605548854
151.3125;132.6286;5.940736449480263;3.619612605548854
151.0625;133.1429;5.940736449480263;3.619612605548854
150.3125;133.5714;5.940736449480263;3.619612605548854
149.0625;132.7714;5.940736449480263;3.619612605548854
148.125;132.0571;5.940736449480263;3.619612605548854
147.625;130.7429;5.940736449480263;3.619612605548854
147.25;128.3143;5.940736449480263;3.619612605548854
147.0625;129.0571;5.940736449480263;3.619612605548854
147.0625;129.4857;5.940736449480263;3.619612605548854
147.1875;129.2571;5.940736449480263;3.619612605548854
147.25;128.7429;5.940736449480263;3.619612605548854
147.3125;128.3429;5.940736449480263;3.619612605548854
147.3125;128.6;5.940736449480263;3.619612605548854
147.125;128.6286;5.940736449480263;3.619612605548854
146.3125;126.9714;5.940736449480263;3.619612605548854
145.0625;127.8;5.940736449480263;3.619612605548854
144.125;127.1429;5.940736449480263;3.619612605548854
143.5;126.6;5.940736449480263;3.619612605548854
142.8125;125.1429;5.940736449480263;3.619612605548854
142.1875;123.1714;5.940736449480263;3.619612605548854
141.5;121.5143;5.940736449480263;3.619612605548854
140.875;121.6286;5.940736449480263;3.619612605548854
140.375;121.0286;5.940736449480263;3.619612605548854
139.9375;121.5714;5.940736449480263;3.619612605548854
139.3125;121.1714;5.940736449480263;3.619612605548854
138.6875;120.2571;5.940736449480263;3.619612605548854
138.625;120.4857;5.940736449480263;3.619612605548854
138.9375;119.8571;5.940736449480263;3.619612605548854
139.0;120.1714;5.940736449480263;3.619612605548854
138.4375;121.2286;5.940736449480263;3.619612605548854
137.5625;122.2286;5.940736449480263;3.619612605548854
137.0;121.8571;5.940736449480263;3.619612605548854
136.625;119.9714;5.940736449480263;3.619612605548854
136.125;119.3143;5.940736449480263;3.619612605548854
135.6875;120.1143;5.940736449480263;3.619612605548854
135.25;119.3714;5.940736449480263;3.619612605548854
134.6875;119.9429;5.940736449480263;3.619612605548854
133.875;119.3714;5.940736449480263;3.619612605548854
132.8125;118.1714;5.940736449480263;3.619612605548854
132.125;118.0;5.940736449480263;3.619612605548854
132.0625;117.6286;5.940736449480263;3.619612605548854
132.1875;117.2286;5.940736449480263;3.619612605548854
132.3125;115.9143;5.940736449480263;3.619612605548854
132.4375;116.5143;5.940736449480263;3.619612605548854
132.5;115.4286;5.940736449480263;3.619612605548854
132.1875;113.5429;5.940736449480263;3.619612605548854
131.5625;113.4;5.940736449480263;3.619612605548854
130.8125;112.3143;5.940736449480263;3.619612605548854
130.0;113.3429;5.940736449480263;3.619612605548854
129.4375;112.5429;5.940736449480263;3.619612605548854
128.8125;110.6571;5.940736449480263;3.619612605548854
128.125;110.7143;5.940736449480263;3.619612605548854
127.75;111.8857;5.940736449480263;3.619612605548854
127.25;111.5714;5.940736449480263;3.619612605548854
126.5;111.2571;5.940736449480263;3.619612605548854
125.875;109.7429;5.940736449480263;3.619612605548854
125.625;109.7143;5.940736449480263;3.619612605548854
125.625;109.6857;5.940736449480263;3.619612605548854
125.8125;109.2286;5.940736449480263;3.619612605548854
125.875;109.6286;5.940736449480263;3.619612605548854
125.6875;109.9143;5.940736449480263;3.619612605548854
125.3125;108.8571;5.940736449480263;3.619612605548854
124.875;108.2857;5.940736449480263;3.619612605548854
124.3125;107.8286;5.940736449480263;3.619612605548854
123.625;106.4286;5.940736449480263;3.619612605548854
123.125;106.6;5.940736449480263;3.619612605548854
122.875;105.7429;5.940736449480263;3.619612605548854
122.625;106.4571;5.940736449480263;3.619612605548854
122.5;105.7143;5.940736449480263;3.619612605548854
122.4375;107.6;5.940736449480263;3.619612605548854
122.0625;107.5429;5.940736449480263;3.619612605548854
121.4375;107.1429;5.940736449480263;3.619612605548854
121.0;106.0286;5.940736449480263;3.619612605548854
120.8125;105.0286;5.940736449480263;3.619612605548854
120.75;104.6286;5.940736449480263;3.619612605548854
120.75;104.2571;5.940736449480263;3.619612605548854
120.8125;104.0;5.940736449480263;3.619612605548854
120.9375;101.9714;5.940736449480263;3.619612605548854
121.0625;103.2286;5.940736449480263;3.619612605548854
120.625;102.7143;5.940736449480263;3.619612605548854
119.5625;102.6571;5.940736449480263;3.619612605548854
118.375;100.8571;5.940736449480263;3.619612605548854
117.4375;101.8;5.940736449480263;3.619612605548854
117.0;101.0;5.940736449480263;3.619612605548854
116.8125;100.4;5.940736449480263;3.619612605548854
116.875;100.7429;5.940736449480263;3.619612605548854
117.0625;99.4;5.940736449480263;3.619612605548854
117.1875;100.3143;5.940736449480263;3.619612605548854
117.125;99.7429;5.940736449480263;3.619612605548854
116.625;98.2857;5.940736449480263;3.619612605548854
116.0;98.7143;5.940736449480263;3.619612605548854
115.4375;97.5714;5.940736449480263;3.619612605548854
115.0;97.5714;5.940736449480263;3.619612605548854
114.4375;97.6857;5.940736449480263;3.619612605548854
113.9375;97.7714;5.940736449480263;3.619612605548854
113.4375;97.9714;5.940736449480263;3.619612605548854
112.875;97.7143;5.940736449480263;3.619612605548854
112.625;97.9143;5.940736449480263;3.619612605548854
112.375;96.6286;5.940736449480263;3.619612605548854
112.1875;97.0286;5.940736449480263;3.619612605548854
112.0;96.2;5.940736449480263;3.619612605548854
111.875;95.6571;5.940736449480263;3.619612605548854
111.8125;95.5714;5.940736449480263;3.619612605548854
111.875;95.4;5.940736449480263;3.619612605548854
112.0625;94.3429;5.940736449480263;3.619612605548854
112.1875;94.7143;5.940736449480263;3.619612605548854
112.3125;93.6571;5.940736449480263;3.619612605548854
112.3125;94.8857;5.940736449480263;3.619612605548854
112.3125;94.0;5.940736449480263;3.619612605548854
112.1875;92.9143;5.940736449480263;3.619612605548854
111.75;93.3143;5.940736449480263;3.619612605548854
110.9375;92.9429;5.940736449480263;3.619612605548854
109.5625;92.7143;5.940736449480263;3.619612605548854
108.3125;91.5714;5.940736449480263;3.619612605548854
107.875;92.2857;5.940736449480263;3.619612605548854
108.0;91.6571;5.940736449480263;3.619612605548854
107.9375;92.9143;5.940736449480263;3.619612605548854
107.5625;93.0857;5.940736449480263;3.619612605548854
107.0625;92.1143;5.940736449480263;3.619612605548854
106.3125;91.4857;5.940736449480263;3.619612605548854
105.5;90.4571;5.940736449480263;3.619612605548854
104.9375;90.2286;5.940736449480263;3.619612605548854
104.9375;89.5714;5.940736449480263;3.619612605548854
105.1875;90.0286;5.940736449480263;3.619612605548854
105.1875;89.7143;5.940736449480263;3.619612605548854
104.75;88.6857;5.940736449480263;3.619612605548854
103.875;88.1714;5.940736449480263;3.619612605548854
103.125;87.4286;5.940736449480263;3.619612605548854
102.6875;86.9143;5.940736449480263;3.619612605548854
102.6875;88.3143;5.940736449480263;3.619612605548854
102.75;89.0;5.940736449480263;3.619612605548854
102.5;88.2571;5.940736449480263;3.619612605548854
101.8125;88.1429;5.940736449480263;3.619612605548854
101.3125;87.5714;5.940736449480263;3.619612605548854
101.5;86.9714;5.940736449480263;3.619612605548854
101.9375;86.9429;5.940736449480263;3.619612605548854
102.125;87.0857;5.940736449480263;3.619612605548854
102.125;87.8571;5.940736449480263;3.619612605548854
102.125;86.2571;5.940736449480263;3.619612605548854
102.0625;86.2571;5.940736449480263;3.619612605548854
102.0625;85.1143;5.940736449480263;3.619612605548854
102.0;84.3714;5.940736449480263;3.619612605548854
101.625;84.9143;5.940736449480263;3.619612605548854
100.5625;84.7143;5.940736449480263;3.619612605548854
99.3125;85.2;5.940736449480263;3.619612605548854
98.6875;84.9143;5.940736449480263;3.619612605548854
98.8125;84.4;5.940736449480263;3.619612605548854
99.125;84.0286;5.940736449480263;3.619612605548854
99.0;84.1714;5.940736449480263;3.619612605548854
98.1875;83.4857;5.940736449480263;3.619612605548854
97.0625;83.2571;5.940736449480263;3.619612605548854
96.0625;83.9714;5.940736449480263;3.619612605548854
95.4375;83.0286;5.940736449480263;3.619612605548854
94.9375;82.8;5.940736449480263;3.619612605548854
94.625;83.0571;5.940736449480263;3.619612605548854
94.5625;82.7714;5.940736449480263;3.619612605548854
94.75;82.5143;5.940736449480263;3.619612605548854
94.5625;82.4;5.940736449480263;3.619612605548854
94.25;81.4;5.940736449480263;3.619612605548854
94.3125;80.8571;5.940736449480263;3.619612605548854
94.75;80.6571;5.940736449480263;3.619612605548854
95.0625;81.5143;5.940736449480263;3.619612605548854
94.8125;81.2571;5.940736449480263;3.619612605548854
93.875;80.7714;5.940736449480263;3.619612605548854
93.0625;81.0571;5.940736449480263;3.619612605548854
93.0625;79.8571;5.940736449480263;3.619612605548854
93.5625;79.0286;5.940736449480263;3.619612605548854
93.8125;79.2571;5.940736449480263;3.619612605548854
93.8125;79.2571;5.940736449480263;3.619612605548854
93.6875;78.9429;5.940736449480263;3.619612605548854
93.5625;79.2286;5.940736449480263;3.619612605548854
93.5625;78.0857;5.940736449480263;3.619612605548854
93.5;78.4571;5.940736449480263;3.619612605548854
93.3125;77.4857;5.940736449480263;3.619612605548854
92.4375;77.0;5.940736449480263;3.619612605548854
90.625;76.6857;5.940736449480263;3.619612605548854
88.75;77.7429;5.940736449480263;3.619612605548854
87.5;78.1714;5.940736449480263;3.619612605548854
86.5;78.0;5.940736449480263;3.619612605548854
85.875;77.9143;5.940736449480263;3.619612605548854
86.1875;76.4571;5.940736449480263;3.619612605548854
86.75;78.2;5.940736449480263;3.619612605548854
87.0;77.2;5.940736449480263;3.619612605548854
86.875;76.8;5.940736449480263;3.619612605548854
86.4375;75.3714;5.940736449480263;3.619612605548854
85.9375;76.0;5.940736449480263;3.619612605548854
85.5625;74.4857;5.940736449480263;3.619612605548854
85.25;75.2857;5.940736449480263;3.619612605548854
84.875;74.2;5.940736449480263;3.619612605548854
84.125;74.5429;5.940736449480263;3.619612605548854
83.3125;73.4286;5.940736449480263;3.619612605548854
82.9375;74.2571;5.940736449480263;3.619612605548854
82.8125;73.2571;5.940736449480263;3.619612605548854
82.5625;73.4571;5.940736449480263;3.619612605548854
82.375;75.9143;5.940736449480263;3.619612605548854
82.1875;73.8571;5.940736449480263;3.619612605548854
81.75;74.1714;5.940736449480263;3.619612605548854
81.5;73.1429;5.940736449480263;3.619612605548854
81.5625;73.5714;5.940736449480263;3.619612605548854
81.875;74.5429;5.940736449480263;3.619612605548854
82.25;73.6571;5.940736449480263;3.619612605548854
82.4375;73.6286;5.940736449480263;3.619612605548854
82.5;72.9714;5.940736449480263;3.619612605548854
82.5;72.7429;5.940736449480263;3.619612605548854
82.5;72.8;5.940736449480263;3.619612605548854
82.3125;73.3429;5.940736449480263;3.619612605548854
81.8125;72.0857;5.940736449480263;3.619612605548854
81.0625;72.3143;5.940736449480263;3.619612605548854
80.375;71.9714;5.940736449480263;3.619612605548854
79.875;69.7143;5.940736449480263;3.619612605548854
79.5;71.8;5.940736449480263;3.619612605548854
79.3125;71.0;5.940736449480263;3.619612605548854
79.0;72.1714;5.940736449480263;3.619612605548854
78.4375;71.2;5.940736449480263;3.619612605548854
77.9375;70.8;5.940736449480263;3.619612605548854
77.5625;70.5429;5.940736449480263;3.619612605548854
77.1875;70.8571;5.940736449480263;3.619612605548854
76.875;71.0286;5.940736449480263;3.619612605548854
76.875;70.3429;5.940736449480263;3.619612605548854
76.9375;70.1143;5.940736449480263;3.619612605548854
77.0;69.5143;5.940736449480263;3.619612605548854
76.9375;69.1143;5.940736449480263;3.619612605548854
76.875;68.8857;5.940736449480263;3.619612605548854
76.75;68.7429;5.940736449480263;3.619612605548854
76.4375;68.5143;5.940736449480263;3.619612605548854
76.1875;69.4286;5.940736449480263;3.619612605548854
76.0;69.3429;5.940736449480263;3.619612605548854
75.75;69.6571;5.940736449480263;3.619612605548854
75.4375;69.4;5.940736449480263;3.619612605548854
75.375;68.4286;5.940736449480263;3.619612605548854
75.6875;67.9143;5.940736449480263;3.619612605548854
76.0;67.4571;5.940736449480263;3.619612605548854
76.25;66.4;5.940736449480263;3.619612605548854
76.3125;67.6;5.940736449480263;3.619612605548854
76.3125;68.0571;5.940736449480263;3.619612605548854
76.3125;67.5429;5.940736449480263;3.619612605548854
76.3125;66.6;5.940736449480263;3.619612605548854
76.1875;67.0857;5.940736449480263;3.619612605548854
75.75;67.2857;5.940736449480263;3.619612605548854
74.875;67.4571;5.940736449480263;3.619612605548854
73.875;66.4857;5.940736449480263;3.619612605548854
73.25;66.2571;5.940736449480263;3.619612605548854
73.0625;66.5429;5.940736449480263;3.619612605548854
73.0625;65.5143;5.940736449480263;3.619612605548854
73.25;65.0857;5.940736449480263;3.619612605548854
73.5;64.3714;5.940736449480263;3.619612605548854
73.5625;64.2571;5.940736449480263;3.619612605548854
73.3125;64.8;5.940736449480263;3.619612605548854
72.5;64.4571;5.940736449480263;3.619612605548854
71.3125;64.6857;5.940736449480263;3.619612605548854
70.1875;64.2286;5.940736449480263;3.619612605548854
69.4375;64.0571;5.940736449480263;3.619612605548854
68.875;64.0857;5.940736449480263;3.619612605548854
68.5625;63.0286;5.940736449480263;3.619612605548854
68.25;64.9714;5.940736449480263;3.619612605548854
68.0625;64.3714;5.940736449480263;3.619612605548854
68.0;63.1714;5.940736449480263;3.619612605548854
68.125;63.6;5.940736449480263;3.619612605548854
68.375;62.9429;5.940736449480263;3.619612605548854
69.0;61.7714;5.940736449480263;3.619612605548854
69.4375;63.2857;5.940736449480263;3.619612605548854
69.5;62.4857;5.940736449480263;3.619612605548854
69.25;63.2571;5.940736449480263;3.619612605548854
68.6875;62.8286;5.940736449480263;3.619612605548854
68.1875;62.2571;5.940736449480263;3.619612605548854
67.9375;61.6571;5.940736449480263;3.619612605548854
67.8125;61.7714;5.940736449480263;3.619612605548854
67.8125;60.6;5.940736449480263;3.619612605548854
67.875;61.6;5.940736449480263;3.619612605548854
67.75;61.2286;5.940736449480263;3.619612605548854
67.1875;61.2;5.940736449480263;3.619612605548854
66.375;61.6;5.940736449480263;3.619612605548854
66.0;60.4286;5.940736449480263;3.619612605548854
65.8125;61.2857;5.940736449480263;3.619612605548854
65.4375;61.5429;5.940736449480263;3.619612605548854
64.9375;60.5429;5.940736449480263;3.619612605548854
64.625;59.7714;5.940736449480263;3.619612605548854
64.5625;60.1429;5.940736449480263;3.619612605548854
64.5;59.7429;5.940736449480263;3.619612605548854
64.1875;60.1714;5.940736449480263;3.619612605548854
63.8125;59.6857;5.940736449480263;3.619612605548854
63.3125;60.0;5.940736449480263;3.619612605548854
62.8125;58.9143;5.940736449480263;3.619612605548854
62.375;58.8286;5.940736449480263;3.619612605548854
62.0625;58.3714;5.940736449480263;3.619612605548854
62.25;58.1714;5.940736449480263;3.619612605548854
62.8125;58.0857;5.940736449480263;3.619612605548854
63.5625;58.0;5.940736449480263;3.619612605548854
64.0;59.1143;5.940736449480263;3.619612605548854
63.6875;58.9714;5.940736449480263;3.619612605548854
62.9375;58.0286;5.940736449480263;3.619612605548854
62.125;58.2;5.940736449480263;3.619612605548854
61.8125;57.8;5.940736449480263;3.619612605548854
62.0;58.6857;5.940736449480263;3.619612605548854
62.3125;58.6571;5.940736449480263;3.619612605548854
62.375;58.6857;5.940736449480263;3.619612605548854
62.1875;58.1143;5.940736449480263;3.619612605548854
62.0625;57.1714;5.940736449480263;3.619612605548854
61.9375;56.6571;5.940736449480263;3.619612605548854
61.875;56.2;5.940736449480263;3.619612605548854
61.875;56.2857;5.940736449480263;3.619612605548854
61.8125;55.9143;5.940736449480263;3.619612605548854
61.625;56.4857;5.940736449480263;3.619612605548854
61.1875;57.2857;5.940736449480263;3.619612605548854
60.4375;56.6;5.940736449480263;3.619612605548854
59.4375;56.3143;5.940736449480263;3.619612605548854
58.625;55.7143;5.940736449480263;3.619612605548854
58.3125;55.6286;5.940736449480263;3.619612605548854
58.3125;55.0857;5.940736449480263;3.619612605548854
58.375;55.0571;5.940736449480263;3.619612605548854
58.375;54.8857;5.940736449480263;3.619612605548854
58.1875;54.8;5.940736449480263;3.619612605548854
58.0625;54.9714;5.940736449480263;3.619612605548854
58.125;54.4857;5.940736449480263;3.619612605548854
58.0625;54.8571;5.940736449480263;3.619612605548854
57.6875;54.1143;5.940736449480263;3.619612605548854
57.1875;53.7143;5.940736449480263;3.619612605548854
56.6875;53.8571;5.940736449480263;3.619612605548854
56.5;53.1143;5.940736449480263;3.619612605548854
56.4375;54.0571;5.940736449480263;3.619612605548854
56.4375;53.4;5.940736449480263;3.619612605548854
56.5;53.8857;5.940736449480263;3.619612605548854
56.375;53.4286;5.940736449480263;3.619612605548854
56.3125;52.8;5.940736449480263;3.619612605548854
56.375;53.7143;5.940736449480263;3.619612605548854
56.6875;52.5714;5.940736449480263;3.619612605548854
57.0;53.2857;5.940736449480263;3.619612605548854
56.9375;52.9714;5.940736449480263;3.619612605548854
56.625;52.4571;5.940736449480263;3.619612605548854
56.375;52.8286;5.940736449480263;3.619612605548854
56.25;52.5714;5.940736449480263;3.619612605548854
56.1875;53.0;5.940736449480263;3.619612605548854
56.1875;52.5429;5.940736449480263;3.619612605548854
56.1875;52.1143;5.940736449480263;3.619612605548854
56.125;52.0857;5.940736449480263;3.619612605548854
55.875;52.4857;5.940736449480263;3.619612605548854
55.5;52.0286;5.940736449480263;3.619612605548854
55.1875;51.3143;5.940736449480263;3.619612605548854
54.75;51.2857;5.940736449480263;3.619612605548854
54.3125;51.0286;5.940736449480263;3.619612605548854
53.875;50.7143;5.940736449480263;3.619612605548854
53.6875;50.1143;5.940736449480263;3.619612605548854
53.6875;50.5714;5.940736449480263;3.619612605548854
53.9375;49.6857;5.940736449480263;3.619612605548854
54.0;50.5714;5.940736449480263;3.619612605548854
53.75;50.5143;5.940736449480263;3.619612605548854
53.3125;50.4571;5.940736449480263;3.619612605548854
52.875;50.4571;5.940736449480263;3.619612605548854
52.875;49.4857;5.940736449480263;3.619612605548854
53.0625;50.4857;5.940736449480263;3.619612605548854
53.3125;49.2857;5.940736449480263;3.619612605548854
53.5;50.0571;5.940736449480263;3.619612605548854
53.5;49.6571;5.940736449480263;3.619612605548854
53.4375;49.8857;5.940736449480263;3.619612605548854
53.3125;49.4286;5.940736449480263;3.619612605548854
53.1875;49.4857;5.940736449480263;3.619612605548854
53.125;49.6571;5.940736449480263;3.619612605548854
52.875;49.5714;5.940736449480263;3.619612605548854
52.375;49.6571;5.940736449480263;3.619612605548854
51.9375;49.2571;5.940736449480263;3.619612605548854
51.6875;48.9714;5.940736449480263;3.619612605548854
51.5625;48.4571;5.940736449480263;3.619612605548854
51.5625;48.2;5.940736449480263;3.619612605548854
51.625;47.8857;5.940736449480263;3.619612605548854
51.625;47.9429;5.940736449480263;3.619612605548854
51.5625;48.2571;5.940736449480263;3.619612605548854
51.5;48.2286;5.940736449480263;3.619612605548854
51.5625;48.6571;5.940736449480263;3.619612605548854
51.6875;48.0857;5.940736449480263;3.619612605548854
51.6875;48.1143;5.940736449480263;3.619612605548854
51.5625;48.3143;5.940736449480263;3.619612605548854
51.25;48.4;5.940736449480263;3.619612605548854
50.875;48.2286;5.940736449480263;3.619612605548854
50.625;47.8857;5.940736449480263;3.619612605548854
50.4375;47.6857;5.940736449480263;3.619612605548854
50.5;47.2571;5.940736449480263;3.619612605548854
50.625;47.4;5.940736449480263;3.619612605548854
50.5625;47.0571;5.940736449480263;3.619612605548854
50.3125;46.7714;5.940736449480263;3.619612605548854
49.875;45.9429;5.940736449480263;3.619612605548854
49.4375;45.7429;5.940736449480263;3.619612605548854
49.0;45.8571;5.940736449480263;3.619612605548854
48.6875;45.7143;5.940736449480263;3.619612605548854
48.4375;45.5714;5.940736449480263;3.619612605548854
48.375;45.5429;5.940736449480263;3.619612605548854
48.5;45.5143;5.940736449480263;3.619612605548854
48.6875;45.7429;5.940736449480263;3.619612605548854
48.9375;45.4857;5.940736449480263;3.619612605548854
48.9375;45.7714;5.940736449480263;3.619612605548854
48.625;45.9429;5.940736449480263;3.619612605548854
48.0625;45.2286;5.940736449480263;3.619612605548854
47.5;44.4;5.940736449480263;3.619612605548854
47.0625;44.8286;5.940736449480263;3.619612605548854
46.875;43.5714;5.940736449480263;3.619612605548854
46.8125;44.2286;5.940736449480263;3.619612605548854
46.8125;44.3714;5.940736449480263;3.619612605548854
46.875;44.5714;5.940736449480263;3.619612605548854
46.875;44.4857;5.940736449480263;3.619612605548854
46.9375;44.3143;5.940736449480263;3.619612605548854
47.125;44.2571;5.940736449480263;3.619612605548854
47.3125;44.5429;5.940736449480263;3.619612605548854
47.375;44.4;5.940736449480263;3.619612605548854
47.1875;43.8857;5.940736449480263;3.619612605548854
47.0625;43.9429;5.940736449480263;3.619612605548854
46.875;43.7714;5.940736449480263;3.619612605548854
46.6875;44.2571;5.940736449480263;3.619612605548854
46.4375;43.4;5.940736449480263;3.619612605548854
46.1875;43.9714;5.940736449480263;3.619612605548854
45.9375;43.3429;5.940736449480263;3.619612605548854
46.0;43.7143;5.940736449480263;3.619612605548854
46.25;43.6857;5.940736449480263;3.619612605548854
46.4375;43.6286;5.940736449480263;3.619612605548854
46.375;43.8571;5.940736449480263;3.619612605548854
46.1875;43.4571;5.940736449480263;3.619612605548854
46.0;43.6;5.940736449480263;3.619612605548854
45.9375;43.1714;5.940736449480263;3.619612605548854
46.0;42.9429;5.940736449480263;3.619612605548854
46.0;42.8286;5.940736449480263;3.619612605548854
45.8125;42.9143;5.940736449480263;3.619612605548854
45.4375;42.8571;5.940736449480263;3.619612605548854
45.0;42.5143;5.940736449480263;3.619612605548854
44.625;41.8857;5.940736449480263;3.619612605548854
44.375;41.5429;5.940736449480263;3.619612605548854
44.1875;41.7714;5.940736449480263;3.619612605548854
44.0625;41.3714;5.940736449480263;3.619612605548854
44.0;41.6;5.940736449480263;3.619612605548854
43.9375;41.6;5.940736449480263;3.619612605548854
43.9375;41.8286;5.940736449480263;3.619612605548854
43.9375;41.2286;5.940736449480263;3.619612605548854
44.0;41.1143;5.940736449480263;3.619612605548854
44.0625;40.8857;5.940736449480263;3.619612605548854
43.6875;40.6857;5.940736449480263;3.619612605548854
43.0;40.7714;5.940736449480263;3.619612605548854
42.5;40.6571;5.940736449480263;3.619612605548854
42.5;39.6857;5.940736449480263;3.619612605548854
42.9375;40.4286;5.940736449480263;3.619612605548854
43.3125;40.3714;5.940736449480263;3.619612605548854
43.25;41.0;5.940736449480263;3.619612605548854
42.75;40.8286;5.940736449480263;3.619612605548854
42.1875;40.1429;5.940736449480263;3.619612605548854
41.8125;39.6857;5.940736449480263;3.619612605548854
41.5625;39.2571;5.940736449480263;3.619612605548854
41.5;39.4571;5.940736449480263;3.619612605548854
41.6875;39.4286;5.940736449480263;3.619612605548854
42.0;39.5143;5.940736449480263;3.619612605548854
42.125;39.6;5.940736449480263;3.619612605548854
42.0;39.7143;5.940736449480263;3.619612605548854
41.5625;39.2286;5.940736449480263;3.619612605548854
41.125;39.2857;5.940736449480263;3.619612605548854
40.5625;38.9429;5.940736449480263;3.619612605548854
40.25;38.3714;5.940736449480263;3.619612605548854
40.125;38.2857;5.940736449480263;3.619612605548854
40.1875;38.2;5.940736449480263;3.619612605548854
40.25;37.8286;5.940736449480263;3.619612605548854
40.4375;37.6571;5.940736449480263;3.619612605548854
40.5625;38.0857;5.940736449480263;3.619612605548854
40.6875;37.8571;5.940736449480263;3.619612605548854
40.6875;38.2857;5.940736449480263;3.619612605548854
40.6875;38.4571;5.940736449480263;3.619612605548854
40.6875;38.2571;5.940736449480263;3.619612605548854
40.6875;38.2;5.940736449480263;3.619612605548854
40.6875;38.3143;5.940736449480263;3.619612605548854
40.625;37.4857;5.940736449480263;3.619612605548854
40.25;37.4857;5.940736449480263;3.619612605548854
39.75;37.1714;5.940736449480263;3.619612605548854
39.375;37.2571;5.940736449480263;3.619612605548854
39.0625;37.2286;5.940736449480263;3.619612605548854
38.9375;37.2;5.940736449480263;3.619612605548854
38.875;37.1143;5.940736449480263;3.619612605548854
38.9375;36.8857;5.940736449480263;3.619612605548854
38.875;36.9714;5.940736449480263;3.619612605548854
38.625;36.9143;5.940736449480263;3.619612605548854
38.25;36.8571;5.940736449480263;3.619612605548854
37.8125;36.7429;5.940736449480263;3.619612605548854
37.4375;36.0857;5.940736449480263;3.619612605548854
37.1875;36.0857;5.940736449480263;3.619612605548854
37.0625;35.7714;5.940736449480263;3.619612605548854
37.0;35.7714;5.940736449480263;3.619612605548854
36.9375;35.5714;5.940736449480263;3.619612605548854
36.9375;35.6286;5.940736449480263;3.619612605548854
36.9375;35.2857;5.940736449480263;3.619612605548854
36.9375;35.4;5.940736449480263;3.619612605548854
37.0;35.2;5.940736449480263;3.619612605548854
37.0625;35.1143;5.940736449480263;3.619612605548854
37.25;35.4571;5.940736449480263;3.619612605548854
37.3125;35.7714;5.940736449480263;3.619612605548854
37.1875;35.5714;5.940736449480263;3.619612605548854
37.0;35.0286;5.940736449480263;3.619612605548854
36.8125;35.1143;5.940736449480263;3.619612605548854
36.75;35.0;5.940736449480263;3.619612605548854
36.6875;34.7429;5.940736449480263;3.619612605548854
36.6875;34.5714;5.940736449480263;3.619612605548854
36.6875;34.6;5.940736449480263;3.619612605548854
36.6875;34.5143;5.940736449480263;3.619612605548854
36.5625;34.3429;5.940736449480263;3.619612605548854
36.1875;34.3143;5.940736449480263;3.619612605548854
35.75;33.6857;5.940736449480263;3.619612605548854
35.375;33.5714;5.940736449480263;3.619612605548854
35.125;33.3143;5.940736449480263;3.619612605548854
35.0625;33.2571;5.940736449480263;3.619612605548854
35.125;33.1714;5.940736449480263;3.619612605548854
35.375;33.4571;5.940736449480263;3.619612605548854
35.5;33.6;5.940736449480263;3.619612605548854
35.5;33.5143;5.940736449480263;3.619612605548854
35.25;33.4286;5.940736449480263;3.619612605548854
34.9375;33.1143;5.940736449480263;3.619612605548854
34.6875;33.2286;5.940736449480263;3.619612605548854
34.4375;33.0;5.940736449480263;3.619612605548854
34.3125;32.6571;5.940736449480263;3.619612605548854
34.3125;32.5429;5.940736449480263;3.619612605548854
34.375;32.4857;5.940736449480263;3.619612605548854
34.4375;32.6;5.940736449480263;3.619612605548854
34.5;32.4286;5.940736449480263;3.619612605548854
34.5;32.7143;5.940736449480263;3.619612605548854
34.375;32.6571;5.940736449480263;3.619612605548854
34.1875;32.6;5.940736449480263;3.619612605548854
33.875;32.2;5.940736449480263;3.619612605548854
33.6875;31.8857;5.940736449480263;3.619612605548854
33.5625;31.8;5.940736449480263;3.619612605548854
33.625;31.8286;5.940736449480263;3.619612605548854
33.6875;32.2;5.940736449480263;3.619612605548854
33.75;32.0857;5.940736449480263;3.619612605548854
33.8125;31.9714;5.940736449480263;3.619612605548854
33.8125;31.8;5.940736449480263;3.619612605548854
33.8125;31.5714;5.940736449480263;3.619612605548854
33.8125;31.8;5.940736449480263;3.619612605548854
33.8125;31.7143;5.940736449480263;3.619612605548854
33.625;31.8571;5.940736449480263;3.619612605548854
33.3125;31.5429;5.940736449480263;3.619612605548854
32.9375;31.2286;5.940736449480263;3.619612605548854
32.6875;31.2286;5.940736449480263;3.619612605548854
32.625;31.1143;5.940736449480263;3.619612605548854
32.75;31.1143;5.940736449480263;3.619612605548854
32.75;31.3429;5.940736449480263;3.619612605548854
32.5625;31.1714;5.940736449480263;3.619612605548854
32.125;30.8286;5.940736449480263;3.619612605548854
31.6875;30.4857;5.940736449480263;3.619612605548854
31.375;30.0286;5.940736449480263;3.619612605548854
31.1875;29.6857;5.940736449480263;3.619612605548854
31.1875;29.7143;5.940736449480263;3.619612605548854
31.25;29.6286;5.940736449480263;3.619612605548854
31.3125;29.7143;5.940736449480263;3.619612605548854
31.3125;29.5714;5.940736449480263;3.619612605548854
31.25;29.6571;5.940736449480263;3.619612605548854
31.1875;29.4857;5.940736449480263;3.619612605548854
31.1875;29.6571;5.940736449480263;3.619612605548854
31.125;29.7714;5.940736449480263;3.619612605548854
31.0;29.5143;5.940736449480263;3.619612605548854
30.75;29.2;5.940736449480263;3.619612605548854
30.4375;28.9429;5.940736449480263;3.619612605548854
30.1875;28.8286;5.940736449480263;3.619612605548854
30.0;28.4571;5.940736449480263;3.619612605548854
29.9375;28.3429;5.940736449480263;3.619612605548854
29.9375;28.6286;5.940736449480263;3.619612605548854
29.9375;28.5714;5.940736449480263;3.619612605548854
29.9375;28.7143;5.940736449480263;3.619612605548854
29.9375;28.7143;5.940736449480263;3.619612605548854
30.0;28.5429;5.940736449480263;3.619612605548854
30.125;28.5714;5.940736449480263;3.619612605548854
30.125;28.2571;5.940736449480263;3.619612605548854
30.0;28.3143;5.940736449480263;3.619612605548854
29.8125;28.3429;5.940736449480263;3.619612605548854
29.5;28.1143;5.940736449480263;3.619612605548854
29.125;27.8;5.940736449480263;3.619612605548854
28.875;27.6857;5.940736449480263;3.619612605548854
28.8125;27.6571;5.940736449480263;3.619612605548854
28.6875;27.6286;5.940736449480263;3.619612605548854
28.5625;27.5429;5.940736449480263;3.619612605548854
28.375;27.0286;5.940736449480263;3.619612605548854
28.3125;27.1429;5.940736449480263;3.619612605548854
28.375;27.0571;5.940736449480263;3.619612605548854
28.375;27.0857;5.940736449480263;3.619612605548854
28.1875;26.8286;5.940736449480263;3.619612605548854
27.9375;26.6286;5.940736449480263;3.619612605548854
27.6875;26.4857;5.940736449480263;3.619612605548854
27.5625;26.2857;5.940736449480263;3.619612605548854
27.5625;26.3429;5.940736449480263;3.619612605548854
27.5625;26.1143;5.940736449480263;3.619612605548854
27.625;26.1429;5.940736449480263;3.619612605548854
27.6875;26.2;5.940736449480263;3.619612605548854
27.6875;26.2;5.940736449480263;3.619612605548854
27.625;26.1429;5.940736449480263;3.619612605548854
27.375;26.1143;5.940736449480263;3.619612605548854
27.125;25.7143;5.940736449480263;3.619612605548854
27.0;25.8;5.940736449480263;3.619612605548854
26.875;25.8857;5.940736449480263;3.619612605548854
26.875;25.8;5.940736449480263;3.619612605548854
26.875;25.6571;5.940736449480263;3.619612605548854
26.875;25.7429;5.940736449480263;3.619612605548854
26.875;25.4571;5.940736449480263;3.619612605548854
26.875;25.2571;5.940736449480263;3.619612605548854
26.75;25.0857;5.940736449480263;3.619612605548854
26.5625;25.1143;5.940736449480263;3.619612605548854
26.4375;25.0;5.940736449480263;3.619612605548854
26.375;25.0571;5.940736449480263;3.619612605548854
26.4375;24.9429;5.940736449480263;3.619612605548854
26.375;25.1143;5.940736449480263;3.619612605548854
26.25;24.9143;5.940736449480263;3.619612605548854
26.125;24.7429;5.940736449480263;3.619612605548854
26.0;24.7714;5.940736449480263;3.619612605548854
26.0625;24.7429;5.940736449480263;3.619612605548854
26.125;24.9714;5.940736449480263;3.619612605548854
26.1875;24.7714;5.940736449480263;3.619612605548854
26.125;24.8;5.940736449480263;3.619612605548854
26.0625;24.8;5.940736449480263;3.619612605548854
25.8125;24.5714;5.940736449480263;3.619612605548854
25.5;24.4;5.940736449480263;3.619612605548854
25.25;24.0571;5.940736449480263;3.619612605548854
25.0625;24.1714;5.940736449480263;3.619612605548854
25.0;23.8571;5.940736449480263;3.619612605548854
25.0;23.5143;5.940736449480263;3.619612605548854
25.0;23.7143;5.940736449480263;3.619612605548854
24.9375;23.7429;5.940736449480263;3.619612605548854
24.875;23.5143;5.940736449480263;3.619612605548854
24.75;23.5429;5.940736449480263;3.619612605548854
24.6875;23.4857;5.940736449480263;3.619612605548854
24.6875;23.4286;5.940736449480263;3.619612605548854
24.6875;23.4;5.940736449480263;3.619612605548854
24.6875;23.5429;5.940736449480263;3.619612605548854
24.6875;23.6286;5.940736449480263;3.619612605548854
24.75;23.3714;5.940736449480263;3.619612605548854
24.6875;23.4286;5.940736449480263;3.619612605548854
24.625;23.4857;5.940736449480263;3.619612605548854
24.4375;23.2;5.940736449480263;3.619612605548854
24.3125;22.9714;5.940736449480263;3.619612605548854
24.25;23.0286;5.940736449480263;3.619612605548854
24.125;23.0;5.940736449480263;3.619612605548854
23.9375;22.8286;5.940736449480263;3.619612605548854
23.875;22.6571;5.940736449480263;3.619612605548854
23.75;22.7714;5.940736449480263;3.619612605548854
23.625;22.5143;5.940736449480263;3.619612605548854
23.5625;22.4571;5.940736449480263;3.619612605548854
23.4375;22.4286;5.940736449480263;3.619612605548854
23.25;22.3714;5.940736449480263;3.619612605548854
22.9375;22.0571;5.940736449480263;3.619612605548854
22.8125;21.7714;5.940736449480263;3.619612605548854
22.75;21.9429;5.940736449480263;3.619612605548854
22.8125;21.6857;5.940736449480263;3.619612605548854
22.875;21.7143;5.940736449480263;3.619612605548854
22.875;21.8;5.940736449480263;3.619612605548854
22.875;21.6;5.940736449480263;3.619612605548854
22.75;21.5143;5.940736449480263;3.619612605548854
22.5625;21.5143;5.940736449480263;3.619612605548854
22.4375;21.3429;5.940736449480263;3.619612605548854
22.4375;21.4;5.940736449480263;3.619612605548854
22.5;21.5714;5.940736449480263;3.619612605548854
22.4375;21.4286;5.940736449480263;3.619612605548854
22.375;21.3714;5.940736449480263;3.619612605548854
22.375;21.3429;5.940736449480263;3.619612605548854
22.3125;21.0571;5.940736449480263;3.619612605548854
22.3125;20.9714;5.940736449480263;3.619612605548854
22.3125;21.0571;5.940736449480263;3.619612605548854
22.3125;20.8571;5.940736449480263;3.619612605548854
22.3125;20.8571;5.940736449480263;3.619612605548854
22.1875;20.9429;5.940736449480263;3.619612605548854
21.9375;20.6286;5.940736449480263;3.619612605548854
21.75;20.6286;5.940736449480263;3.619612605548854
21.625;20.5429;5.940736449480263;3.619612605548854
21.5;20.5143;5.940736449480263;3.619612605548854
21.375;20.4;5.940736449480263;3.619612605548854
21.25;20.4286;5.940736449480263;3.619612605548854
21.0625;20.0571;5.940736449480263;3.619612605548854
20.9375;20.1429;5.940736449480263;3.619612605548854
20.875;20.0286;5.940736449480263;3.619612605548854
20.8125;19.7714;5.940736449480263;3.619612605548854
20.75;19.8;5.940736449480263;3.619612605548854
20.6875;19.8;5.940736449480263;3.619612605548854
20.625;19.6571;5.940736449480263;3.619612605548854
20.5625;19.6286;5.940736449480263;3.619612605548854
20.4375;19.5143;5.940736449480263;3.619612605548854
20.375;19.4;5.940736449480263;3.619612605548854
20.3125;19.5429;5.940736449480263;3.619612605548854
20.25;19.3143;5.940736449480263;3.619612605548854
20.1875;19.3143;5.940736449480263;3.619612605548854
20.0625;19.2;5.940736449480263;3.619612605548854
20.0;18.9714;5.940736449480263;3.619612605548854
19.9375;18.9143;5.940736449480263;3.619612605548854
19.9375;18.9429;5.940736449480263;3.619612605548854
19.9375;18.9143;5.940736449480263;3.619612605548854
19.875;18.8857;5.940736449480263;3.619612605548854
19.6875;18.7429;5.940736449480263;3.619612605548854
19.625;18.6571;5.940736449480263;3.619612605548854
19.5625;18.7143;5.940736449480263;3.619612605548854
19.5625;18.5714;5.940736449480263;3.619612605548854
19.5625;18.5429;5.940736449480263;3.619612605548854
19.625;18.4;5.940736449480263;3.619612605548854
19.5625;18.4;5.940736449480263;3.619612605548854
19.4375;18.3143;5.940736449480263;3.619612605548854
19.25;18.1143;5.940736449480263;3.619612605548854
19.125;18.1714;5.940736449480263;3.619612605548854
19.0625;18.2286;5.940736449480263;3.619612605548854
18.9375;18.0857;5.940736449480263;3.619612605548854
18.8125;17.9429;5.940736449480263;3.619612605548854
18.6875;17.8;5.940736449480263;3.619612605548854
18.625;17.8571;5.940736449480263;3.619612605548854
18.5625;17.7429;5.940736449480263;3.619612605548854
18.5625;17.5714;5.940736449480263;3.619612605548854
18.5625;17.7143;5.940736449480263;3.619612605548854
18.4375;17.4571;5.940736449480263;3.619612605548854
18.3125;17.4286;5.940736449480263;3.619612605548854
18.25;17.5429;5.940736449480263;3.619612605548854
18.1875;17.3143;5.940736449480263;3.619612605548854
18.125;17.2857;5.940736449480263;3.619612605548854
18.0625;17.2;5.940736449480263;3.619612605548854
18.0625;17.1143;5.940736449480263;3.619612605548854
17.9375;17.0571;5.940736449480263;3.619612605548854
17.875;17.0;5.940736449480263;3.619612605548854
17.9375;17.0286;5.940736449480263;3.619612605548854
17.9375;17.0571;5.940736449480263;3.619612605548854
17.875;16.9429;5.940736449480263;3.619612605548854
17.75;16.8571;5.940736449480263;3.619612605548854
17.625;16.8286;5.940736449480263;3.619612605548854
17.625;16.7714;5.940736449480263;3.619612605548854
17.625;16.7714;5.940736449480263;3.619612605548854
17.625;16.6;5.940736449480263;3.619612605548854
17.625;16.4571;5.940736449480263;3.619612605548854
17.625;16.2857;5.940736449480263;3.619612605548854
17.625;16.3429;5.940736449480263;3.619612605548854
17.5;16.1143;5.940736449480263;3.619612605548854
17.25;16.1429;5.940736449480263;3.619612605548854
17.0;16.0571;5.940736449480263;3.619612605548854
16.875;15.9429;5.940736449480263;3.619612605548854
16.8125;16.0;5.940736449480263;3.619612605548854
16.75;15.8857;5.940736449480263;3.619612605548854
16.6875;15.8;5.940736449480263;3.619612605548854
16.625;15.8;5.940736449480263;3.619612605548854
16.5625;15.6857;5.940736449480263;3.619612605548854
16.5;15.6857;5.940736449480263;3.619612605548854
16.4375;15.6571;5.940736449480263;3.619612605548854
16.375;15.4857;5.940736449480263;3.619612605548854
16.3125;15.4857;5.940736449480263;3.619612605548854
16.25;15.2857;5.940736449480263;3.619612605548854
16.125;15.3429;5.940736449480263;3.619612605548854
16.0625;15.2;5.940736449480263;3.619612605548854
16.0;15.2286;5.940736449480263;3.619612605548854
15.9375;15.1714;5.940736449480263;3.619612605548854
15.875;15.0571;5.940736449480263;3.619612605548854
15.875;14.9429;5.940736449480263;3.619612605548854
15.9375;15.0286;5.940736449480263;3.619612605548854
15.9375;14.8857;5.940736449480263;3.619612605548854
15.875;14.8286;5.940736449480263;3.619612605548854
15.8125;14.8571;5.940736449480263;3.619612605548854
15.6875;14.6571;5.940736449480263;3.619612605548854
15.5625;14.5429;5.940736449480263;3.619612605548854
15.4375;14.6286;5.940736449480263;3.619612605548854
15.375;14.4857;5.940736449480263;3.619612605548854
15.375;14.4857;5.940736449480263;3.619612605548854
15.375;14.5429;5.940736449480263;3.619612605548854
15.375;14.4857;5.940736449480263;3.619612605548854
15.375;14.4857;5.940736449480263;3.619612605548854
15.3125;14.3429;5.940736449480263;3.619612605548854
15.1875;14.2571;5.940736449480263;3.619612605548854
15.0;14.1714;5.940736449480263;3.619612605548854
14.9375;14.1429;5.940736449480263;3.619612605548854
14.875;14.0286;5.940736449480263;3.619612605548854
14.8125;13.9143;5.940736449480263;3.619612605548854
14.8125;13.8857;5.940736449480263;3.619612605548854
14.8125;13.7714;5.940736449480263;3.619612605548854
14.6875;13.7714;5.940736449480263;3.619612605548854
14.5625;13.6857;5.940736449480263;3.619612605548854
14.5;13.6571;5.940736449480263;3.619612605548854
14.4375;13.6286;5.940736449480263;3.619612605548854
14.4375;13.5714;5.940736449480263;3.619612605548854
14.4375;13.6;5.940736449480263;3.619612605548854
14.4375;13.4;5.940736449480263;3.619612605548854
14.375;13.4857;5.940736449480263;3.619612605548854
14.25;13.3714;5.940736449480263;3.619612605548854
14.0625;13.3143;5.940736449480263;3.619612605548854
14.0;13.1714;5.940736449480263;3.619612605548854
13.9375;13.1714;5.940736449480263;3.619612605548854
13.8125;13.0286;5.940736449480263;3.619612605548854
13.6875;12.8571;5.940736449480263;3.619612605548854
13.625;12.8571;5.940736449480263;3.619612605548854
13.625;12.8;5.940736449480263;3.619612605548854
13.625;12.7714;5.940736449480263;3.619612605548854
13.5;12.6857;5.940736449480263;3.619612605548854
13.4375;12.8;5.940736449480263;3.619612605548854
13.375;12.6571;5.940736449480263;3.619612605548854
13.3125;12.6286;5.940736449480263;3.619612605548854
13.3125;12.5714;5.940736449480263;3.619612605548854
13.3125;12.5143;5.940736449480263;3.619612605548854
13.375;12.4286;5.940736449480263;3.619612605548854
13.375;12.3714;5.940736449480263;3.619612605548854
13.3125;12.1714;5.940736449480263;3.619612605548854
13.125;12.1714;5.940736449480263;3.619612605548854
12.9375;12.1143;5.940736449480263;3.619612605548854
12.8125;11.9714;5.940736449480263;3.619612605548854
12.75;11.9429;5.940736449480263;3.619612605548854
12.6875;11.8857;5.940736449480263;3.619612605548854
12.625;11.7714;5.940736449480263;3.619612605548854
12.5625;11.8;5.940736449480263;3.619612605548854
12.5625;11.6857;5.940736449480263;3.619612605548854
12.5625;11.7143;5.940736449480263;3.619612605548854
12.5;11.6571;5.940736449480263;3.619612605548854
12.4375;11.5429;5.940736449480263;3.619612605548854
12.3125;11.5714;5.940736449480263;3.619612605548854
12.125;11.4286;5.940736449480263;3.619612605548854
12.0;11.3714;5.940736449480263;3.619612605548854
11.9375;11.3143;5.940736449480263;3.619612605548854
12.0;11.2286;5.940736449480263;3.619612605548854
12.0;11.1714;5.940736449480263;3.619612605548854
11.9375;11.1143;5.940736449480263;3.619612605548854
11.875;11.1429;5.940736449480263;3.619612605548854
11.875;11.0571;5.940736449480263;3.619612605548854
11.8125;11.0;5.940736449480263;3.619612605548854
11.75;11.0;5.940736449480263;3.619612605548854
11.75;10.8571;5.940736449480263;3.619612605548854
11.75;10.8571;5.940736449480263;3.619612605548854
11.6875;10.8286;5.940736449480263;3.619612605548854
11.6875;10.8;5.940736449480263;3.619612605548854
11.6875;10.7714;5.940736449480263;3.619612605548854
11.625;10.7143;5.940736449480263;3.619612605548854
11.625;10.7143;5.940736449480263;3.619612605548854
11.6875;10.6286;5.940736449480263;3.619612605548854
11.75;10.5429;5.940736449480263;3.619612605548854
11.625;10.5143;5.940736449480263;3.619612605548854
11.4375;10.4;5.940736449480263;3.619612605548854
11.25;10.3143;5.940736449480263;3.619612605548854
11.125;10.2571;5.940736449480263;3.619612605548854
11.0625;10.2;5.940736449480263;3.619612605548854
11.0;10.1143;5.940736449480263;3.619612605548854
10.9375;10.1714;5.940736449480263;3.619612605548854
10.875;10.0571;5.940736449480263;3.619612605548854
10.9375;9.9714;5.940736449480263;3.619612605548854
10.9375;9.8857;5.940736449480263;3.619612605548854
10.9375;9.9429;5.940736449480263;3.619612605548854
10.875;9.8571;5.940736449480263;3.619612605548854
10.8125;9.8;5.940736449480263;3.619612605548854
10.75;9.7429;5.940736449480263;3.619612605548854
10.625;9.6857;5.940736449480263;3.619612605548854
10.5625;9.6286;5.940736449480263;3.619612605548854
10.5625;9.6;5.940736449480263;3.619612605548854
10.5;9.5429;5.940736449480263;3.619612605548854
10.5;9.4857;5.940736449480263;3.619612605548854
10.5;9.4571;5.940736449480263;3.619612605548854
10.4375;9.3429;5.940736449480263;3.619612605548854
10.375;9.3429;5.940736449480263;3.619612605548854
10.25;9.2286;5.940736449480263;3.619612605548854
10.1875;9.1714;5.940736449480263;3.619612605548854
10.1875;9.1714;5.940736449480263;3.619612605548854
10.25;9.0857;5.940736449480263;3.619612605548854
10.25;9.0571;5.940736449480263;3.619612605548854
10.25;9.0;5.940736449480263;3.619612605548854
10.3125;8.9714;5.940736449480263;3.619612605548854
10.25;8.9429;5.940736449480263;3.619612605548854
10.1875;8.8857;5.940736449480263;3.619612605548854
10.125;8.8286;5.940736449480263;3.619612605548854
10.0;8.8286;5.940736449480263;3.619612605548854
9.875;8.6857;5.940736449480263;3.619612605548854
9.75;8.7143;5.940736449480263;3.619612605548854
9.6875;8.6857;5.940736449480263;3.619612605548854
9.6875;8.6;5.940736449480263;3.619612605548854
9.75;8.5429;5.940736449480263;3.619612605548854
9.6875;8.4571;5.940736449480263;3.619612605548854
9.625;8.4;5.940736449480263;3.619612605548854
9.5;8.3429;5.940736449480263;3.619612605548854
9.375;8.2571;5.940736449480263;3.619612605548854
9.375;8.2857;5.940736449480263;3.619612605548854
9.375;8.2286;5.940736449480263;3.619612605548854
9.5;8.1714;5.940736449480263;3.619612605548854
9.5;8.2;5.940736449480263;3.619612605548854
9.4375;8.0571;5.940736449480263;3.619612605548854
9.3125;8.0286;5.940736449480263;3.619612605548854
9.125;8.0;5.940736449480263;3.619612605548854
9.0;7.9143;5.940736449480263;3.619612605548854
8.9375;7.8857;5.940736449480263;3.619612605548854
8.9375;7.8;5.940736449480263;3.619612605548854
8.875;7.7714;5.940736449480263;3.619612605548854
8.75;7.7714;5.940736449480263;3.619612605548854
8.75;7.6571;5.940736449480263;3.619612605548854
8.8125;7.6286;5.940736449480263;3.619612605548854
8.875;7.6286;5.940736449480263;3.619612605548854
8.9375;7.5714;5.940736449480263;3.619612605548854
8.9375;7.5143;5.940736449480263;3.619612605548854
8.9375;7.4286;5.940736449480263;3.619612605548854
8.9375;7.3714;5.940736449480263;3.619612605548854
8.8125;7.3429;5.940736449480263;3.619612605548854
8.625;7.2857;5.940736449480263;3.619612605548854
8.25;7.2857;5.940736449480263;3.619612605548854
7.9375;7.2286;5.940736449480263;3.619612605548854
7.6875;7.1714;5.940736449480263;3.619612605548854
7.6875;7.1429;5.940736449480263;3.619612605548854
7.75;7.1143;5.940736449480263;3.619612605548854
7.875;7.0857;5.940736449480263;3.619612605548854
7.75;7.0286;5.940736449480263;3.619612605548854
7.5625;6.9429;5.940736449480263;3.619612605548854
7.5625;6.9143;5.940736449480263;3.619612605548854
7.6875;6.8857;5.940736449480263;3.619612605548854
7.8125;6.8571;5.940736449480263;3.619612605548854
7.9375;6.7714;5.940736449480263;3.619612605548854
7.875;6.7714;5.940736449480263;3.619612605548854
7.625;6.6857;5.940736449480263;3.619612605548854
7.3125;6.6857;5.940736449480263;3.619612605548854
7.125;6.6857;5.940736449480263;3.619612605548854
7.125;6.6;5.940736449480263;3.619612605548854
7.1875;6.5143;5.940736449480263;3.619612605548854
7.25;6.4571;5.940736449480263;3.619612605548854
7.125;6.4571;5.940736449480263;3.619612605548854
7.0;6.4;5.940736449480263;3.619612605548854
6.9375;6.3714;5.940736449480263;3.619612605548854
6.9375;6.2857;5.940736449480263;3.619612605548854
6.8125;6.2;5.940736449480263;3.619612605548854
6.8125;6.2;5.940736449480263;3.619612605548854
6.8125;6.1143;5.940736449480263;3.619612605548854
6.8125;6.1714;5.940736449480263;3.619612605548854
6.8125;6.1143;5.940736449480263;3.619612605548854
6.875;6.0571;5.940736449480263;3.619612605548854
6.875;5.9714;5.940736449480263;3.619612605548854
6.75;5.9429;5.940736449480263;3.619612605548854
6.5625;5.8857;5.940736449480263;3.619612605548854
6.375;5.8857;5.940736449480263;3.619612605548854
6.25;5.8286;5.940736449480263;3.619612605548854
6.1875;5.7429;5.940736449480263;3.619612605548854
6.125;5.7714;5.940736449480263;3.619612605548854
6.0;5.7143;5.940736449480263;3.619612605548854
5.875;5.6;5.940736449480263;3.619612605548854
5.75;5.5714;5.940736449480263;3.619612605548854
5.75;5.5714;5.940736449480263;3.619612605548854
5.8125;5.5714;5.940736449480263;3.619612605548854
5.75;5.4857;5.940736449480263;3.619612605548854
5.625;5.4;5.940736449480263;3.619612605548854
5.625;5.4;5.940736449480263;3.619612605548854
5.5625;5.3429;5.940736449480263;3.619612605548854
5.4375;5.2857;5.940736449480263;3.619612605548854
5.25;5.2571;5.940736449480263;3.619612605548854
5.1875;5.2286;5.940736449480263;3.619612605548854
5.1875;5.2;5.940736449480263;3.619612605548854
5.125;5.1143;5.940736449480263;3.619612605548854
5.0625;5.0857;5.940736449480263;3.619612605548854
5.1875;5.0286;5.940736449480263;3.619612605548854
5.1875;5.0286;5.940736449480263;3.619612605548854
5.0;4.9714;5.940736449480263;3.619612605548854
4.8125;4.9429;5.940736449480263;3.619612605548854
4.75;4.8857;5.940736449480263;3.619612605548854
4.6875;4.8857;5.940736449480263;3.619612605548854
4.75;4.8286;5.940736449480263;3.619612605548854
4.8125;4.8;5.940736449480263;3.619612605548854
4.9375;4.7714;5.940736449480263;3.619612605548854
5.0;4.7143;5.940736449480263;3.619612605548854
5.0;4.6857;5.940736449480263;3.619612605548854
5.0;4.6286;5.940736449480263;3.619612605548854
4.875;4.6571;5.940736449480263;3.619612605548854
4.5625;4.6286;5.940736449480263;3.619612605548854
4.1875;4.5143;5.940736449480263;3.619612605548854
4.0;4.5143;5.940736449480263;3.619612605548854
4.0;4.4286;5.940736449480263;3.619612605548854
4.0625;4.4286;5.940736449480263;3.619612605548854
4.0625;4.3429;5.940736449480263;3.619612605548854
4.1875;4.3143;5.940736449480263;3.619612605548854
4.3125;4.3429;5.940736449480263;3.619612605548854
4.375;4.2286;5.940736449480263;3.619612605548854
4.3125;4.2571;5.940736449480263;3.619612605548854
4.0625;4.2;5.940736449480263;3.619612605548854
3.75;4.1714;5.940736449480263;3.619612605548854
3.6875;4.1143;5.940736449480263;3.619612605548854
3.8125;4.0571;5.940736449480263;3.619612605548854
3.875;4.0571;5.940736449480263;3.619612605548854
3.875;3.9714;5.940736449480263;3.619612605548854
4.0;3.9714;5.940736449480263;3.619612605548854
4.125;3.9429;5.940736449480263;3.619612605548854
4.25;3.9429;5.940736449480263;3.619612605548854
4.0;3.8286;5.940736449480263;3.619612605548854
3.375;3.8;5.940736449480263;3.619612605548854
3.0625;3.7714;5.940736449480263;3.619612605548854
3.0625;3.6857;5.940736449480263;3.619612605548854
3.3125;3.6857;5.940736449480263;3.619612605548854
3.6875;3.6857;5.940736449480263;3.619612605548854
4.0;3.6;5.940736449480263;3.619612605548854
4.1875;3.6;5.940736449480263;3.619612605548854
4.25;3.5714;5.940736449480263;3.619612605548854
4.25;3.4857;5.940736449480263;3.619612605548854
4.25;3.5143;5.940736449480263;3.619612605548854
4.25;3.4286;5.940736449480263;3.619612605548854
4.25;3.4857;5.940736449480263;3.619612605548854
4.125;3.4;5.940736449480263;3.619612605548854
3.9375;3.3143;5.940736449480263;3.619612605548854
3.75;3.2857;5.940736449480263;3.619612605548854
3.3125;3.2286;5.940736449480263;3.619612605548854
2.6875;3.2857;5.940736449480263;3.619612605548854
2.5;3.2286;5.940736449480263;3.619612605548854
2.4375;3.1429;5.940736449480263;3.619612605548854
2.0;3.1429;5.940736449480263;3.619612605548854
1.9375;3.0571;5.940736449480263;3.619612605548854
2.375;3.0857;5.940736449480263;3.619612605548854
3.0;3.0286;5.940736449480263;3.619612605548854
3.25;3.0286;5.940736449480263;3.619612605548854
3.0;2.9714;5.940736449480263;3.619612605548854
2.625;2.9714;5.940736449480263;3.619612605548854
2.4375;2.8857;5.940736449480263;3.619612605548854
2.5625;2.8571;5.940736449480263;3.619612605548854
2.8125;2.8;5.940736449480263;3.619612605548854
3.0;2.8;5.940736449480263;3.619612605548854
2.875;2.7429;5.940736449480263;3.619612605548854
2.3125;2.7714;5.940736449480263;3.619612605548854
2.25;2.6857;5.940736449480263;3.619612605548854
2.5;2.7143;5.940736449480263;3.619612605548854
2.3125;2.6571;5.940736449480263;3.619612605548854
1.9375;2.6;5.940736449480263;3.619612605548854
1.875;2.6;5.940736449480263;3.619612605548854
1.625;2.5143;5.940736449480263;3.619612605548854
1.125;2.5143;5.940736449480263;3.619612605548854
0.6875;2.4571;5.940736449480263;3.619612605548854
0.5;2.4571;5.940736449480263;3.619612605548854
0.4375;2.4857;5.940736449480263;3.619612605548854
0.5;2.4286;5.940736449480263;3.619612605548854
0.5625;2.4;5.940736449480263;3.619612605548854
0.6875;2.3714;5.940736449480263;3.619612605548854
1.3125;2.2571;5.940736449480263;3.619612605548854
1.75;2.2571;5.940736449480263;3.619612605548854
1.5;2.2857;5.940736449480263;3.619612605548854
0.9375;2.1429;5.940736449480263;3.619612605548854
0.6875;2.1429;5.940736449480263;3.619612605548854
0.5;2.1429;5.940736449480263;3.619612605548854
0.25;2.0857;5.940736449480263;3.619612605548854
0.0625;2.0571;5.940736449480263;3.619612605548854
0.25;2.1143;5.940736449480263;3.619612605548854
0.8125;2.0286;5.940736449480263;3.619612605548854
1.4375;2.0;5.940736449480263;3.619612605548854
1.625;1.9714;5.940736449480263;3.619612605548854
1.3125;1.9429;5.940736449480263;3.619612605548854
0.8125;1.9143;5.940736449480263;3.619612605548854
0.5;1.8286;5.940736449480263;3.619612605548854
0.625;1.8286;5.940736449480263;3.619612605548854
0.8125;1.8;5.940736449480263;3.619612605548854
0.625;1.8286;5.940736449480263;3.619612605548854
0.125;1.7714;5.940736449480263;3.619612605548854
-0.4375;1.8;5.940736449480263;3.619612605548854
-0.75;1.7429;5.940736449480263;3.619612605548854
-0.625;1.6286;5.940736449480263;3.619612605548854
-0.25;1.5714;5.940736449480263;3.619612605548854
0.0;1.7143;5.940736449480263;3.619612605548854
0.0625;1.6571;5.940736449480263;3.619612605548854
0.0625;1.6;5.940736449480263;3.619612605548854
0.0;1.5714;5.940736449480263;3.619612605548854
0.0;1.4571;5.940736449480263;3.619612605548854
0.0;1.4857;5.940736449480263;3.619612605548854
0.0;1.5143;5.940736449480263;3.619612605548854
0.0;1.4571;5.940736449480263;3.619612605548854
0.0;1.4286;5.940736449480263;3.619612605548854
0.0;1.4;5.940736449480263;3.619612605548854
0.0;1.3714;5.940736449480263;3.619612605548854
0.125;1.3429;5.940736449480263;3.619612605548854
0.5;1.3143;5.940736449480263;3.619612605548854
0.625;1.3429;5.940736449480263;3.619612605548854
0.0625;1.2857;5.940736449480263;3.619612605548854
-0.3125;1.1714;5.940736449480263;3.619612605548854
-0.3125;1.2571;5.940736449480263;3.619612605548854
-0.1875;1.1143;5.940736449480263;3.619612605548854
0.0;1.1714;5.940736449480263;3.619612605548854
0.125;1.2;5.940736449480263;3.619612605548854
0.375;1.1714;5.940736449480263;3.619612605548854
0.5625;1.1714;5.940736449480263;3.619612605548854
0.4375;1.1429;5.940736449480263;3.619612605548854
0.25;1.0286;5.940736449480263;3.619612605548854
0.0625;1.0857;5.940736449480263;3.619612605548854
0.0;1.0571;5.940736449480263;3.619612605548854
0.0;0.9714;5.940736449480263;3.619612605548854
0.0;1.0571;5.940736449480263;3.619612605548854
0.0;0.9143;5.940736449480263;3.619612605548854
0.0;0.8857;5.940736449480263;3.619612605548854
0.0;0.8857;5.940736449480263;3.619612605548854
0.0;0.8571;5.940736449480263;3.619612605548854
0.0;0.8286;5.940736449480263;3.619612605548854
0.0;0.8;5.940736449480263;3.619612605548854
0.0;0.6857;5.940736449480263;3.619612605548854
0.0;0.8286;5.940736449480263;3.619612605548854
0.0;0.8286;5.940736449480263;3.619612605548854
0.0;0.7714;5.940736449480263;3.619612605548854
0.0;0.7429;5.940736449480263;3.619612605548854
0.0;0.7143;5.940736449480263;3.619612605548854
0.0;0.6857;5.940736449480263;3.619612605548854
0.0;0.6571;5.940736449480263;3.619612605548854
-0.25;0.6857;5.940736449480263;3.619612605548854
-1.1875;0.7143;5.940736449480263;3.619612605548854
-1.9375;0.6286;5.940736449480263;3.619612605548854
-1.8125;0.6286;5.940736449480263;3.619612605548854
-1.5;0.6;5.940736449480263;3.619612605548854
-1.3125;0.6286;5.940736449480263;3.619612605548854
-0.875;0.5143;5.940736449480263;3.619612605548854
-0.25;0.5429;5.940736449480263;3.619612605548854
0.0;0.5714;5.940736449480263;3.619612605548854
0.0;0.5143;5.940736449480263;3.619612605548854
-0.0625;0.5143;5.940736449480263;3.619612605548854
0.0;0.5714;5.940736449480263;3.619612605548854
0.0;0.4571;5.940736449480263;3.619612605548854
0.0;0.4571;5.940736449480263;3.619612605548854
0.0;0.4857;5.940736449480263;3.619612605548854
0.0;0.4571;5.940736449480263;3.619612605548854
0.125;0.4571;5.940736449480263;3.619612605548854
0.375;0.4571;5.940736449480263;3.619612605548854
0.4375;0.3429;5.940736449480263;3.619612605548854
0.25;0.4;5.940736449480263;3.619612605548854
0.125;0.3143;5.940736449480263;3.619612605548854
0.0;0.4;5.940736449480263;3.619612605548854
-0.0625;0.4286;5.940736449480263;3.619612605548854
-0.25;0.3714;5.940736449480263;3.619612605548854
-0.4375;0.2286;5.940736449480263;3.619612605548854
-0.5625;0.2857;5.940736449480263;3.619612605548854
-0.625;0.3143;5.940736449480263;3.619612605548854
-0.625;0.3143;5.940736449480263;3.619612605548854
-0.5625;0.2857;5.940736449480263;3.619612605548854
-0.375;0.3714;5.940736449480263;3.619612605548854
-0.0625;0.4;5.940736449480263;3.619612605548854
0.125;0.2571;5.940736449480263;3.619612605548854
0.1875;0.2571;5.940736449480263;3.619612605548854
0.125;0.2286;5.940736449480263;3.619612605548854
0.0625;0.2857;5.940736449480263;3.619612605548854
0.0;0.2;5.940736449480263;3.619612605548854
0.0;0.2571;5.940736449480263;3.619612605548854
0.0;0.2286;5.940736449480263;3.619612605548854
-0.0625;0.2;5.940736449480263;3.619612605548854
-0.125;0.2286;5.940736449480263;3.619612605548854
-0.1875;0.2286;5.940736449480263;3.619612605548854
-0.4375;0.2571;5.940736449480263;3.619612605548854
-0.9375;0.2571;5.940736449480263;3.619612605548854
-1.0625;0.2286;5.940736449480263;3.619612605548854
-0.6875;0.2857;5.940736449480263;3.619612605548854
-0.375;0.1143;5.940736449480263;3.619612605548854
-0.3125;0.2;5.940736449480263;3.619612605548854
-0.25;0.2571;5.940736449480263;3.619612605548854
-0.125;0.1429;5.940736449480263;3.619612605548854
0.0;0.2286;5.940736449480263;3.619612605548854
0.0;0.1429;5.940736449480263;3.619612605548854
-0.0625;0.2571;5.940736449480263;3.619612605548854
-0.3125;0.1429;5.940736449480263;3.619612605548854
-0.375;0.2571;5.940736449480263;3.619612605548854
-0.375;0.2;5.940736449480263;3.619612605548854
-0.625;0.2286;5.940736449480263;3.619612605548854
-0.9375;0.2;5.940736449480263;3.619612605548854
-1.1875;0.1143;5.940736449480263;3.619612605548854
-1.3125;0.1714;5.940736449480263;3.619612605548854
-1.3125;0.0571;5.940736449480263;3.619612605548854
-1.3125;0.0571;5.940736449480263;3.619612605548854
-1.1875;0.2;5.940736449480263;3.619612605548854
-0.8125;0.1714;5.940736449480263;3.619612605548854
-0.3125;0.1714;5.940736449480263;3.619612605548854
-0.0625;0.1143;5.940736449480263;3.619612605548854
0.0;0.1429;5.940736449480263;3.619612605548854
0.125;0.1143;5.940736449480263;3.619612605548854
0.25;0.1143;5.940736449480263;3.619612605548854
0.25;0.2286;5.940736449480263;3.619612605548854
0.125;0.0857;5.940736449480263;3.619612605548854
0.0625;0.1429;5.940736449480263;3.619612605548854
0.0;0.1429;5.940736449480263;3.619612605548854
0.0;0.0571;5.940736449480263;3.619612605548854
0.0;0.2286;5.940736449480263;3.619612605548854
0.0;0.1143;5.940736449480263;3.619612605548854
0.0;0.2;5.940736449480263;3.619612605548854
0.0;0.1429;5.940736449480263;3.619612605548854
0.0;0.1714;5.940736449480263;3.619612605548854
0.0;0.1714;5.940736449480263;3.619612605548854
0.0;0.1429;5.940736449480263;3.619612605548854
0.0;0.0857;5.940736449480263;3.619612605548854
0.0;0.0857;5.940736449480263;3.619612605548854
0.0;0.1429;5.940736449480263;3.619612605548854
0.0;0.0857;5.940736449480263;3.619612605548854
0.0;0.0857;5.940736449480263;3.619612605548854
0.0;0.1429;5.940736449480263;3.619612605548854
0.0;0.1429;5.940736449480263;3.619612605548854
0.0;0.1143;5.940736449480263;3.619612605548854
0.0;0.1714;5.940736449480263;3.619612605548854
0.0;0.1143;5.940736449480263;3.619612605548854
0.0;0.0857;5.940736449480263;3.619612605548854
0.0;0.1143;5.940736449480263;3.619612605548854
0.0;-0.0571;5.940736449480263;3.619612605548854
-0.3125;0.0571;5.940736449480263;3.619612605548854
-1.0;0.2;5.940736449480263;3.619612605548854
-1.125;0.0;5.940736449480263;3.619612605548854
-0.75;0.0286;5.940736449480263;3.619612605548854
-0.3125;0.1143;5.940736449480263;3.619612605548854
0.0;0.0857;5.940736449480263;3.619612605548854
0.0;0.1143;5.940736449480263;3.619612605548854
0.0625;0.0857;5.940736449480263;3.619612605548854
0.0;0.0571;5.940736449480263;3.619612605548854
-0.125;0.0286;5.940736449480263;3.619612605548854
-0.6875;0.0857;5.940736449480263;3.619612605548854
-1.0625;0.1429;5.940736449480263;3.619612605548854
-0.9375;0.0286;5.940736449480263;3.619612605548854
-0.8125;0.0857;5.940736449480263;3.619612605548854
-0.875;0.1143;5.940736449480263;3.619612605548854
-0.75;0.0857;5.940736449480263;3.619612605548854
-0.4375;0.0;5.940736449480263;3.619612605548854
-0.125;0.0571;5.940736449480263;3.619612605548854
0.0;0.0;5.940736449480263;3.619612605548854
0.0;0.0571;5.940736449480263;3.619612605548854
0.0;0.1143;5.940736449480263;3.619612605548854
0.0;0.0857;5.940736449480263;3.619612605548854
-0.25;-0.0286;5.940736449480263;3.619612605548854
-1.1875;0.0857;5.940736449480263;3.619612605548854
-1.9375;0.0857;5.940736449480263;3.619612605548854
-1.75;0.0857;5.940736449480263;3.619612605548854
-1.0;0.0857;5.940736449480263;3.619612605548854
-0.3125;0.0286;5.940736449480263;3.619612605548854
0.0;0.0571;5.940736449480263;3.619612605548854
0.0625;0.0857;5.940736449480263;3.619612605548854
0.0625;0.0286;5.940736449480263;3.619612605548854
0.0625;0.0286;5.940736449480263;3.619612605548854
0.0;0.0;5.940736449480263;3.619612605548854
0.0;0.1429;5.940736449480263;3.619612605548854
0.1875;0.0286;5.940736449480263;3.619612605548854
0.5;0.0571;5.940736449480263;3.619612605548854
0.5625;0.0857;5.940736449480263;3.619612605548854
0.375;0.1429;5.940736449480263;3.619612605548854
0.1875;0.0286;5.940736449480263;3.619612605548854
0.1875;0.0286;5.940736449480263;3.619612605548854
0.0;-0.0286;5.940736449480263;3.619612605548854
-0.4375;0.0;5.940736449480263;3.619612605548854
-0.875;0.0;5.940736449480263;3.619612605548854
-1.0625;-0.0857;5.940736449480263;3.619612605548854
-1.25;0.0;5.940736449480263;3.619612605548854
-1.0625;0.0286;5.940736449480263;3.619612605548854
-0.9375;-0.0286;5.940736449480263;3.619612605548854
-1.125;0.0571;5.940736449480263;3.619612605548854
-0.875;0.0;5.940736449480263;3.619612605548854
-0.3125;0.0286;5.940736449480263;3.619612605548854
0.0;0.0286;5.940736449480263;3.619612605548854
0.0625;0.0857;5.940736449480263;3.619612605548854
0.125;0.0571;5.940736449480263;3.619612605548854
0.375;0.0857;5.940736449480263;3.619612605548854
0.625;0.0571;5.940736449480263;3.619612605548854
0.75;0.0571;5.940736449480263;3.619612605548854
0.6875;0.0286;5.940736449480263;3.619612605548854
0.5;0.0571;5.940736449480263;3.619612605548854
0.1875;0.0571;5.940736449480263;3.619612605548854
0.0;0.0571;5.940736449480263;3.619612605548854
0.0;0.0;5.940736449480263;3.619612605548854
0.0;0.0857;5.940736449480263;3.619612605548854
0.0;0.0571;5.940736449480263;3.619612605548854
0.0;0.0;5.940736449480263;3.619612605548854
0.0;-0.0286;5.940736449480263;3.619612605548854
0.0;0.0571;5.940736449480263;3.619612605548854
0.0;0.0571;5.940736449480263;3.619612605548854
0.0;0.0571;5.940736449480263;3.619612605548854
0.0;0.0857;5.940736449480263;3.619612605548854
0.0;0.1429;5.940736449480263;3.619612605548854
-0.125;0.0857;5.940736449480263;3.619612605548854
-0.4375;0.0286;5.940736449480263;3.619612605548854
