SF-A-022;Sensirion;RMSE;MAE
13.27;-12.6571;119.60515817579027;96.22725985515602
13.21;-12.6286;119.60515817579027;96.22725985515602
13.13;-12.6;119.60515817579027;96.22725985515602
13.12;-12.5143;119.60515817579027;96.22725985515602
13.08;-12.5143;119.60515817579027;96.22725985515602
13.01;-12.4;119.60515817579027;96.22725985515602
12.93;-12.3714;119.60515817579027;96.22725985515602
12.86;-12.2857;119.60515817579027;96.22725985515602
12.77;-12.2;119.60515817579027;96.22725985515602
12.76;-12.2;119.60515817579027;96.22725985515602
12.62;-12.2;119.60515817579027;96.22725985515602
12.59;-12.1714;119.60515817579027;96.22725985515602
12.58;-12.1429;119.60515817579027;96.22725985515602
12.52;-12.1143;119.60515817579027;96.22725985515602
12.51;-12.0286;119.60515817579027;96.22725985515602
12.48;-12.0286;119.60515817579027;96.22725985515602
12.45;-12.0286;119.60515817579027;96.22725985515602
12.39;-12.0;119.60515817579027;96.22725985515602
12.38;-11.9143;119.60515817579027;96.22725985515602
12.35;-11.9714;119.60515817579027;96.22725985515602
12.33;-11.9143;119.60515817579027;96.22725985515602
12.33;-11.8857;119.60515817579027;96.22725985515602
12.32;-11.8571;119.60515817579027;96.22725985515602
12.37;-11.9143;119.60515817579027;96.22725985515602
12.39;-11.8;119.60515817579027;96.22725985515602
12.44;-11.8286;119.60515817579027;96.22725985515602
12.49;-11.7714;119.60515817579027;96.22725985515602
12.55;-11.7714;119.60515817579027;96.22725985515602
12.67;-11.8571;119.60515817579027;96.22725985515602
12.76;-11.8;119.60515817579027;96.22725985515602
13.2;-11.8857;119.60515817579027;96.22725985515602
13.41;-11.9429;119.60515817579027;96.22725985515602
13.65;-12.0286;119.60515817579027;96.22725985515602
13.87;-12.0571;119.60515817579027;96.22725985515602
14.13;-12.2;119.60515817579027;96.22725985515602
14.48;-12.3714;119.60515817579027;96.22725985515602
14.74;-12.4857;119.60515817579027;96.22725985515602
15.09;-12.6286;119.60515817579027;96.22725985515602
15.39;-12.6857;119.60515817579027;96.22725985515602
15.77;-12.9143;119.60515817579027;96.22725985515602
17.02;-13.1714;119.60515817579027;96.22725985515602
17.48;-13.4571;119.60515817579027;96.22725985515602
17.95;-13.7429;119.60515817579027;96.22725985515602
18.4;-14.0286;119.60515817579027;96.22725985515602
18.91;-14.4;119.60515817579027;96.22725985515602
19.41;-14.7143;119.60515817579027;96.22725985515602
20.0;-14.9429;119.60515817579027;96.22725985515602
20.59;-15.4;119.60515817579027;96.22725985515602
21.23;-15.7429;119.60515817579027;96.22725985515602
21.89;-16.2;119.60515817579027;96.22725985515602
23.91;-16.6571;119.60515817579027;96.22725985515602
24.55;-17.1429;119.60515817579027;96.22725985515602
25.29;-17.5143;119.60515817579027;96.22725985515602
25.94;-17.9714;119.60515817579027;96.22725985515602
26.72;-18.5143;119.60515817579027;96.22725985515602
27.4;-18.9714;119.60515817579027;96.22725985515602
28.02;-19.5143;119.60515817579027;96.22725985515602
28.71;-19.9714;119.60515817579027;96.22725985515602
29.35;-20.5714;119.60515817579027;96.22725985515602
29.96;-21.1714;119.60515817579027;96.22725985515602
31.68;-21.8;119.60515817579027;96.22725985515602
32.48;-22.4286;119.60515817579027;96.22725985515602
33.08;-23.0;119.60515817579027;96.22725985515602
33.85;-23.7143;119.60515817579027;96.22725985515602
34.67;-24.3143;119.60515817579027;96.22725985515602
35.26;-24.9429;119.60515817579027;96.22725985515602
35.91;-25.5143;119.60515817579027;96.22725985515602
36.53;-26.2;119.60515817579027;96.22725985515602
37.34;-26.9143;119.60515817579027;96.22725985515602
38.03;-27.5143;119.60515817579027;96.22725985515602
40.19;-28.1143;119.60515817579027;96.22725985515602
40.92;-28.7714;119.60515817579027;96.22725985515602
41.7;-29.4;119.60515817579027;96.22725985515602
42.52;-30.0857;119.60515817579027;96.22725985515602
43.23;-30.6571;119.60515817579027;96.22725985515602
43.92;-31.3143;119.60515817579027;96.22725985515602
44.68;-32.0857;119.60515817579027;96.22725985515602
45.41;-32.6571;119.60515817579027;96.22725985515602
46.15;-33.5429;119.60515817579027;96.22725985515602
46.87;-34.1143;119.60515817579027;96.22725985515602
49.08;-34.8857;119.60515817579027;96.22725985515602
49.9;-35.4286;119.60515817579027;96.22725985515602
50.51;-35.9714;119.60515817579027;96.22725985515602
51.2;-36.9143;119.60515817579027;96.22725985515602
51.81;-37.6;119.60515817579027;96.22725985515602
52.48;-38.2571;119.60515817579027;96.22725985515602
53.13;-38.9143;119.60515817579027;96.22725985515602
53.83;-39.5429;119.60515817579027;96.22725985515602
54.38;-40.3143;119.60515817579027;96.22725985515602
54.95;-40.8857;119.60515817579027;96.22725985515602
56.92;-41.7143;119.60515817579027;96.22725985515602
57.61;-42.4286;119.60515817579027;96.22725985515602
58.31;-43.2857;119.60515817579027;96.22725985515602
58.96;-44.0;119.60515817579027;96.22725985515602
59.6;-45.0;119.60515817579027;96.22725985515602
60.34;-45.5143;119.60515817579027;96.22725985515602
60.78;-46.4286;119.60515817579027;96.22725985515602
61.54;-46.8571;119.60515817579027;96.22725985515602
62.04;-47.6857;119.60515817579027;96.22725985515602
62.62;-48.1714;119.60515817579027;96.22725985515602
64.2;-49.2;119.60515817579027;96.22725985515602
64.73;-49.6571;119.60515817579027;96.22725985515602
65.37;-50.4;119.60515817579027;96.22725985515602
65.85;-50.6857;119.60515817579027;96.22725985515602
66.65;-51.5714;119.60515817579027;96.22725985515602
67.13;-52.0;119.60515817579027;96.22725985515602
67.78;-52.5429;119.60515817579027;96.22725985515602
68.38;-53.0857;119.60515817579027;96.22725985515602
68.96;-53.4571;119.60515817579027;96.22725985515602
69.57;-54.5429;119.60515817579027;96.22725985515602
71.01;-55.0571;119.60515817579027;96.22725985515602
71.6;-55.5714;119.60515817579027;96.22725985515602
72.02;-56.0571;119.60515817579027;96.22725985515602
72.56;-56.8286;119.60515817579027;96.22725985515602
73.44;-57.2857;119.60515817579027;96.22725985515602
74.31;-57.8571;119.60515817579027;96.22725985515602
74.96;-58.9429;119.60515817579027;96.22725985515602
75.39;-59.4571;119.60515817579027;96.22725985515602
75.62;-59.6857;119.60515817579027;96.22725985515602
75.94;-60.7714;119.60515817579027;96.22725985515602
77.85;-60.8286;119.60515817579027;96.22725985515602
78.57;-61.2857;119.60515817579027;96.22725985515602
79.38;-62.1714;119.60515817579027;96.22725985515602
79.86;-61.8286;119.60515817579027;96.22725985515602
80.33;-62.8857;119.60515817579027;96.22725985515602
81.16;-63.6571;119.60515817579027;96.22725985515602
81.33;-64.1714;119.60515817579027;96.22725985515602
81.8;-64.6571;119.60515817579027;96.22725985515602
82.26;-65.2571;119.60515817579027;96.22725985515602
82.73;-66.1714;119.60515817579027;96.22725985515602
84.42;-66.2286;119.60515817579027;96.22725985515602
84.88;-67.4571;119.60515817579027;96.22725985515602
85.62;-67.9714;119.60515817579027;96.22725985515602
86.18;-68.0286;119.60515817579027;96.22725985515602
86.59;-68.6286;119.60515817579027;96.22725985515602
86.93;-68.7429;119.60515817579027;96.22725985515602
87.64;-69.5429;119.60515817579027;96.22725985515602
87.89;-69.8857;119.60515817579027;96.22725985515602
88.34;-70.4857;119.60515817579027;96.22725985515602
88.8;-71.4857;119.60515817579027;96.22725985515602
90.69;-71.7714;119.60515817579027;96.22725985515602
91.24;-72.8857;119.60515817579027;96.22725985515602
91.7;-73.4857;119.60515817579027;96.22725985515602
92.07;-73.5714;119.60515817579027;96.22725985515602
92.48;-73.5429;119.60515817579027;96.22725985515602
92.95;-74.4571;119.60515817579027;96.22725985515602
93.14;-75.8286;119.60515817579027;96.22725985515602
93.83;-76.4286;119.60515817579027;96.22725985515602
93.97;-76.6857;119.60515817579027;96.22725985515602
94.2;-77.1429;119.60515817579027;96.22725985515602
95.7;-78.2;119.60515817579027;96.22725985515602
96.0;-78.8571;119.60515817579027;96.22725985515602
96.57;-78.8571;119.60515817579027;96.22725985515602
97.24;-78.8;119.60515817579027;96.22725985515602
97.71;-79.3714;119.60515817579027;96.22725985515602
97.74;-79.6;119.60515817579027;96.22725985515602
98.39;-80.3143;119.60515817579027;96.22725985515602
98.62;-81.1429;119.60515817579027;96.22725985515602
99.09;-81.0571;119.60515817579027;96.22725985515602
99.72;-81.9714;119.60515817579027;96.22725985515602
100.94;-82.5714;119.60515817579027;96.22725985515602
101.29;-83.5143;119.60515817579027;96.22725985515602
101.9;-84.1143;119.60515817579027;96.22725985515602
101.83;-84.6571;119.60515817579027;96.22725985515602
102.33;-85.4;119.60515817579027;96.22725985515602
102.91;-85.6;119.60515817579027;96.22725985515602
103.29;-85.4571;119.60515817579027;96.22725985515602
103.86;-85.9429;119.60515817579027;96.22725985515602
104.33;-86.4286;119.60515817579027;96.22725985515602
105.33;-86.9429;119.60515817579027;96.22725985515602
106.01;-88.0286;119.60515817579027;96.22725985515602
106.39;-88.5143;119.60515817579027;96.22725985515602
106.97;-88.7143;119.60515817579027;96.22725985515602
106.81;-88.9714;119.60515817579027;96.22725985515602
107.26;-88.8571;119.60515817579027;96.22725985515602
107.39;-89.2286;119.60515817579027;96.22725985515602
108.19;-89.2857;119.60515817579027;96.22725985515602
108.48;-89.8571;119.60515817579027;96.22725985515602
108.76;-90.7429;119.60515817579027;96.22725985515602
109.1;-91.1429;119.60515817579027;96.22725985515602
109.99;-91.8;119.60515817579027;96.22725985515602
110.38;-90.8571;119.60515817579027;96.22725985515602
110.84;-91.6;119.60515817579027;96.22725985515602
111.41;-91.9143;119.60515817579027;96.22725985515602
112.05;-92.4857;119.60515817579027;96.22725985515602
112.16;-92.6286;119.60515817579027;96.22725985515602
112.67;-92.8857;119.60515817579027;96.22725985515602
112.22;-93.6;119.60515817579027;96.22725985515602
112.65;-92.8857;119.60515817579027;96.22725985515602
113.6;-93.5143;119.60515817579027;96.22725985515602
114.7;-94.3714;119.60515817579027;96.22725985515602
115.29;-94.8;119.60515817579027;96.22725985515602
115.53;-95.7429;119.60515817579027;96.22725985515602
116.19;-96.5429;119.60515817579027;96.22725985515602
116.42;-96.5429;119.60515817579027;96.22725985515602
116.47;-96.1143;119.60515817579027;96.22725985515602
116.52;-96.4857;119.60515817579027;96.22725985515602
117.3;-97.3714;119.60515817579027;96.22725985515602
117.42;-97.5714;119.60515817579027;96.22725985515602
118.12;-98.4571;119.60515817579027;96.22725985515602
118.55;-98.9429;119.60515817579027;96.22725985515602
118.8;-100.1143;119.60515817579027;96.22725985515602
118.87;-100.5143;119.60515817579027;96.22725985515602
119.39;-100.2857;119.60515817579027;96.22725985515602
120.1;-101.6;119.60515817579027;96.22725985515602
120.62;-101.3714;119.60515817579027;96.22725985515602
120.4;-100.5143;119.60515817579027;96.22725985515602
120.82;-100.6857;119.60515817579027;96.22725985515602
121.37;-102.2286;119.60515817579027;96.22725985515602
121.89;-102.0;119.60515817579027;96.22725985515602
122.24;-102.2;119.60515817579027;96.22725985515602
122.35;-103.2571;119.60515817579027;96.22725985515602
122.96;-102.7429;119.60515817579027;96.22725985515602
123.09;-102.9714;119.60515817579027;96.22725985515602
123.15;-103.0571;119.60515817579027;96.22725985515602
123.51;-103.4;119.60515817579027;96.22725985515602
123.67;-104.6857;119.60515817579027;96.22725985515602
123.62;-104.2571;119.60515817579027;96.22725985515602
124.43;-104.4857;119.60515817579027;96.22725985515602
124.38;-105.0286;119.60515817579027;96.22725985515602
124.84;-105.1714;119.60515817579027;96.22725985515602
125.23;-105.6571;119.60515817579027;96.22725985515602
125.39;-105.9429;119.60515817579027;96.22725985515602
125.25;-107.0286;119.60515817579027;96.22725985515602
126.51;-106.7714;119.60515817579027;96.22725985515602
126.67;-107.6857;119.60515817579027;96.22725985515602
127.16;-107.0857;119.60515817579027;96.22725985515602
126.95;-107.2857;119.60515817579027;96.22725985515602
127.31;-108.4286;119.60515817579027;96.22725985515602
127.44;-108.1714;119.60515817579027;96.22725985515602
127.84;-109.3714;119.60515817579027;96.22725985515602
128.67;-110.1714;119.60515817579027;96.22725985515602
129.26;-110.5429;119.60515817579027;96.22725985515602
129.11;-110.2571;119.60515817579027;96.22725985515602
128.82;-111.2;119.60515817579027;96.22725985515602
129.16;-111.0857;119.60515817579027;96.22725985515602
129.86;-111.6286;119.60515817579027;96.22725985515602
129.85;-112.4857;119.60515817579027;96.22725985515602
129.7;-113.1714;119.60515817579027;96.22725985515602
129.66;-112.4286;119.60515817579027;96.22725985515602
130.46;-113.6286;119.60515817579027;96.22725985515602
131.05;-114.1714;119.60515817579027;96.22725985515602
131.4;-114.3143;119.60515817579027;96.22725985515602
131.95;-113.7143;119.60515817579027;96.22725985515602
132.36;-113.5143;119.60515817579027;96.22725985515602
132.03;-114.7143;119.60515817579027;96.22725985515602
132.03;-114.0857;119.60515817579027;96.22725985515602
132.59;-115.4286;119.60515817579027;96.22725985515602
132.63;-114.7714;119.60515817579027;96.22725985515602
132.91;-115.0857;119.60515817579027;96.22725985515602
133.5;-115.1714;119.60515817579027;96.22725985515602
133.5;-117.6857;119.60515817579027;96.22725985515602
133.89;-116.8571;119.60515817579027;96.22725985515602
134.49;-116.9429;119.60515817579027;96.22725985515602
134.58;-116.9714;119.60515817579027;96.22725985515602
134.73;-116.7714;119.60515817579027;96.22725985515602
134.31;-116.6;119.60515817579027;96.22725985515602
134.57;-116.8571;119.60515817579027;96.22725985515602
134.74;-118.3429;119.60515817579027;96.22725985515602
135.05;-117.4857;119.60515817579027;96.22725985515602
135.91;-117.3429;119.60515817579027;96.22725985515602
135.56;-117.7429;119.60515817579027;96.22725985515602
135.43;-117.5714;119.60515817579027;96.22725985515602
136.25;-119.0857;119.60515817579027;96.22725985515602
136.71;-119.9714;119.60515817579027;96.22725985515602
136.87;-119.2857;119.60515817579027;96.22725985515602
136.54;-119.0571;119.60515817579027;96.22725985515602
136.96;-119.4;119.60515817579027;96.22725985515602
137.69;-119.6;119.60515817579027;96.22725985515602
137.66;-120.8;119.60515817579027;96.22725985515602
138.46;-120.6571;119.60515817579027;96.22725985515602
139.05;-122.0286;119.60515817579027;96.22725985515602
138.8;-120.6571;119.60515817579027;96.22725985515602
138.75;-122.4;119.60515817579027;96.22725985515602
139.16;-122.2571;119.60515817579027;96.22725985515602
139.64;-122.3429;119.60515817579027;96.22725985515602
139.58;-122.2571;119.60515817579027;96.22725985515602
139.42;-121.9429;119.60515817579027;96.22725985515602
139.3;-121.3714;119.60515817579027;96.22725985515602
139.84;-122.6286;119.60515817579027;96.22725985515602
140.21;-122.8857;119.60515817579027;96.22725985515602
141.21;-123.2286;119.60515817579027;96.22725985515602
141.91;-122.7714;119.60515817579027;96.22725985515602
142.21;-124.1429;119.60515817579027;96.22725985515602
142.19;-123.9143;119.60515817579027;96.22725985515602
143.02;-123.7714;119.60515817579027;96.22725985515602
142.69;-124.0286;119.60515817579027;96.22725985515602
142.29;-123.5143;119.60515817579027;96.22725985515602
142.8;-124.3143;119.60515817579027;96.22725985515602
142.14;-124.1143;119.60515817579027;96.22725985515602
143.43;-124.9143;119.60515817579027;96.22725985515602
143.59;-125.1714;119.60515817579027;96.22725985515602
144.05;-125.8286;119.60515817579027;96.22725985515602
143.95;-126.7714;119.60515817579027;96.22725985515602
144.38;-127.2857;119.60515817579027;96.22725985515602
144.45;-127.0286;119.60515817579027;96.22725985515602
144.15;-126.5143;119.60515817579027;96.22725985515602
143.98;-126.9429;119.60515817579027;96.22725985515602
144.08;-126.4857;119.60515817579027;96.22725985515602
145.0;-126.8857;119.60515817579027;96.22725985515602
144.98;-127.8857;119.60515817579027;96.22725985515602
146.01;-127.9429;119.60515817579027;96.22725985515602
146.18;-126.6;119.60515817579027;96.22725985515602
145.69;-127.3714;119.60515817579027;96.22725985515602
146.0;-127.6857;119.60515817579027;96.22725985515602
145.76;-128.4286;119.60515817579027;96.22725985515602
145.65;-128.1429;119.60515817579027;96.22725985515602
146.02;-128.0571;119.60515817579027;96.22725985515602
146.33;-127.6286;119.60515817579027;96.22725985515602
146.26;-127.7429;119.60515817579027;96.22725985515602
147.87;-128.8;119.60515817579027;96.22725985515602
148.31;-129.2857;119.60515817579027;96.22725985515602
149.02;-128.3143;119.60515817579027;96.22725985515602
148.99;-128.1714;119.60515817579027;96.22725985515602
148.29;-129.8857;119.60515817579027;96.22725985515602
148.03;-129.4857;119.60515817579027;96.22725985515602
148.37;-128.5429;119.60515817579027;96.22725985515602
149.07;-129.0857;119.60515817579027;96.22725985515602
149.19;-129.6857;119.60515817579027;96.22725985515602
149.53;-130.9429;119.60515817579027;96.22725985515602
147.8;-131.1714;119.60515817579027;96.22725985515602
147.74;-129.2;119.60515817579027;96.22725985515602
147.58;-131.0;119.60515817579027;96.22725985515602
146.67;-130.8286;119.60515817579027;96.22725985515602
146.08;-130.6857;119.60515817579027;96.22725985515602
146.36;-132.0857;119.60515817579027;96.22725985515602
146.15;-132.7714;119.60515817579027;96.22725985515602
146.12;-133.0286;119.60515817579027;96.22725985515602
145.17;-134.2286;119.60515817579027;96.22725985515602
145.27;-134.0286;119.60515817579027;96.22725985515602
143.53;-133.6857;119.60515817579027;96.22725985515602
143.99;-133.3429;119.60515817579027;96.22725985515602
143.73;-133.2571;119.60515817579027;96.22725985515602
143.05;-133.5714;119.60515817579027;96.22725985515602
142.53;-133.8857;119.60515817579027;96.22725985515602
141.93;-134.0286;119.60515817579027;96.22725985515602
141.73;-133.5143;119.60515817579027;96.22725985515602
141.6;-133.6571;119.60515817579027;96.22725985515602
141.8;-134.1714;119.60515817579027;96.22725985515602
142.2;-134.0;119.60515817579027;96.22725985515602
139.5;-135.3143;119.60515817579027;96.22725985515602
139.17;-134.2571;119.60515817579027;96.22725985515602
138.65;-133.8571;119.60515817579027;96.22725985515602
138.71;-133.3714;119.60515817579027;96.22725985515602
138.55;-135.2857;119.60515817579027;96.22725985515602
137.87;-136.2286;119.60515817579027;96.22725985515602
136.86;-135.6;119.60515817579027;96.22725985515602
137.11;-136.7714;119.60515817579027;96.22725985515602
137.21;-136.3714;119.60515817579027;96.22725985515602
136.45;-136.0286;119.60515817579027;96.22725985515602
136.05;-136.5429;119.60515817579027;96.22725985515602
135.46;-135.7429;119.60515817579027;96.22725985515602
134.66;-137.0286;119.60515817579027;96.22725985515602
134.09;-136.4;119.60515817579027;96.22725985515602
134.06;-135.7143;119.60515817579027;96.22725985515602
133.69;-134.6571;119.60515817579027;96.22725985515602
133.38;-136.8857;119.60515817579027;96.22725985515602
133.35;-136.5429;119.60515817579027;96.22725985515602
133.25;-137.2;119.60515817579027;96.22725985515602
133.54;-136.9714;119.60515817579027;96.22725985515602
132.53;-138.3143;119.60515817579027;96.22725985515602
132.67;-138.2571;119.60515817579027;96.22725985515602
132.19;-138.1429;119.60515817579027;96.22725985515602
131.55;-138.8;119.60515817579027;96.22725985515602
131.45;-137.8286;119.60515817579027;96.22725985515602
131.2;-137.7143;119.60515817579027;96.22725985515602
130.31;-138.1143;119.60515817579027;96.22725985515602
129.85;-137.9143;119.60515817579027;96.22725985515602
129.47;-137.6286;119.60515817579027;96.22725985515602
129.58;-138.2857;119.60515817579027;96.22725985515602
129.69;-138.3143;119.60515817579027;96.22725985515602
129.04;-138.1714;119.60515817579027;96.22725985515602
128.03;-138.6571;119.60515817579027;96.22725985515602
127.82;-139.6286;119.60515817579027;96.22725985515602
127.33;-139.4857;119.60515817579027;96.22725985515602
127.08;-139.9143;119.60515817579027;96.22725985515602
127.04;-140.6286;119.60515817579027;96.22725985515602
126.11;-139.7143;119.60515817579027;96.22725985515602
126.18;-140.8286;119.60515817579027;96.22725985515602
125.81;-141.3429;119.60515817579027;96.22725985515602
124.88;-141.0;119.60515817579027;96.22725985515602
124.58;-140.0;119.60515817579027;96.22725985515602
124.67;-140.7429;119.60515817579027;96.22725985515602
124.4;-141.0857;119.60515817579027;96.22725985515602
124.13;-141.7714;119.60515817579027;96.22725985515602
124.06;-141.4857;119.60515817579027;96.22725985515602
123.67;-142.0286;119.60515817579027;96.22725985515602
123.27;-141.9429;119.60515817579027;96.22725985515602
123.1;-141.8571;119.60515817579027;96.22725985515602
122.89;-142.1143;119.60515817579027;96.22725985515602
121.73;-140.8;119.60515817579027;96.22725985515602
121.73;-143.1714;119.60515817579027;96.22725985515602
121.42;-142.2857;119.60515817579027;96.22725985515602
121.16;-143.5714;119.60515817579027;96.22725985515602
121.19;-142.4857;119.60515817579027;96.22725985515602
120.89;-141.9143;119.60515817579027;96.22725985515602
120.36;-143.1714;119.60515817579027;96.22725985515602
119.83;-143.0286;119.60515817579027;96.22725985515602
120.11;-141.3714;119.60515817579027;96.22725985515602
119.89;-141.3714;119.60515817579027;96.22725985515602
118.51;-141.5714;119.60515817579027;96.22725985515602
118.29;-140.1429;119.60515817579027;96.22725985515602
118.0;-140.5714;119.60515817579027;96.22725985515602
117.77;-139.3714;119.60515817579027;96.22725985515602
117.89;-140.2;119.60515817579027;96.22725985515602
117.94;-139.5714;119.60515817579027;96.22725985515602
117.42;-141.0857;119.60515817579027;96.22725985515602
116.56;-139.4286;119.60515817579027;96.22725985515602
116.28;-139.0571;119.60515817579027;96.22725985515602
116.49;-137.1143;119.60515817579027;96.22725985515602
116.83;-137.4;119.60515817579027;96.22725985515602
116.23;-136.9143;119.60515817579027;96.22725985515602
115.9;-137.7143;119.60515817579027;96.22725985515602
115.08;-137.6;119.60515817579027;96.22725985515602
115.04;-138.0571;119.60515817579027;96.22725985515602
114.81;-136.0;119.60515817579027;96.22725985515602
114.62;-136.8571;119.60515817579027;96.22725985515602
114.02;-136.0571;119.60515817579027;96.22725985515602
114.08;-134.7429;119.60515817579027;96.22725985515602
113.89;-136.4571;119.60515817579027;96.22725985515602
113.46;-136.0286;119.60515817579027;96.22725985515602
113.34;-134.9714;119.60515817579027;96.22725985515602
113.35;-134.4571;119.60515817579027;96.22725985515602
113.12;-132.9714;119.60515817579027;96.22725985515602
112.11;-132.3714;119.60515817579027;96.22725985515602
111.89;-132.7143;119.60515817579027;96.22725985515602
111.85;-132.8571;119.60515817579027;96.22725985515602
111.6;-131.8286;119.60515817579027;96.22725985515602
111.56;-130.7143;119.60515817579027;96.22725985515602
111.05;-130.5714;119.60515817579027;96.22725985515602
110.42;-130.8;119.60515817579027;96.22725985515602
110.38;-130.9714;119.60515817579027;96.22725985515602
110.04;-130.8286;119.60515817579027;96.22725985515602
109.88;-130.2286;119.60515817579027;96.22725985515602
109.67;-129.5714;119.60515817579027;96.22725985515602
109.25;-130.3429;119.60515817579027;96.22725985515602
109.23;-129.7429;119.60515817579027;96.22725985515602
108.5;-130.2857;119.60515817579027;96.22725985515602
108.11;-130.0;119.60515817579027;96.22725985515602
108.18;-128.0286;119.60515817579027;96.22725985515602
107.42;-128.4571;119.60515817579027;96.22725985515602
107.08;-128.6571;119.60515817579027;96.22725985515602
106.9;-127.7143;119.60515817579027;96.22725985515602
106.93;-126.8571;119.60515817579027;96.22725985515602
106.91;-128.4;119.60515817579027;96.22725985515602
106.05;-127.4286;119.60515817579027;96.22725985515602
106.1;-127.2571;119.60515817579027;96.22725985515602
105.87;-127.2857;119.60515817579027;96.22725985515602
105.62;-126.4857;119.60515817579027;96.22725985515602
105.39;-125.6571;119.60515817579027;96.22725985515602
104.91;-125.6571;119.60515817579027;96.22725985515602
104.57;-125.4571;119.60515817579027;96.22725985515602
104.51;-125.5143;119.60515817579027;96.22725985515602
103.82;-124.6857;119.60515817579027;96.22725985515602
103.79;-124.7429;119.60515817579027;96.22725985515602
103.65;-123.2571;119.60515817579027;96.22725985515602
103.61;-124.0286;119.60515817579027;96.22725985515602
103.37;-123.9429;119.60515817579027;96.22725985515602
103.18;-124.0571;119.60515817579027;96.22725985515602
102.79;-124.0;119.60515817579027;96.22725985515602
101.56;-123.2286;119.60515817579027;96.22725985515602
101.97;-121.6286;119.60515817579027;96.22725985515602
101.96;-121.6857;119.60515817579027;96.22725985515602
102.04;-122.1429;119.60515817579027;96.22725985515602
101.95;-121.4;119.60515817579027;96.22725985515602
101.6;-121.2857;119.60515817579027;96.22725985515602
101.47;-121.2;119.60515817579027;96.22725985515602
100.79;-121.6571;119.60515817579027;96.22725985515602
100.34;-121.1714;119.60515817579027;96.22725985515602
99.73;-120.3143;119.60515817579027;96.22725985515602
99.35;-120.3143;119.60515817579027;96.22725985515602
98.82;-119.7429;119.60515817579027;96.22725985515602
99.08;-118.0571;119.60515817579027;96.22725985515602
99.39;-119.0;119.60515817579027;96.22725985515602
99.23;-118.2286;119.60515817579027;96.22725985515602
98.75;-117.9143;119.60515817579027;96.22725985515602
98.33;-118.3714;119.60515817579027;96.22725985515602
98.14;-118.2;119.60515817579027;96.22725985515602
97.85;-117.0286;119.60515817579027;96.22725985515602
97.69;-117.3429;119.60515817579027;96.22725985515602
97.74;-117.4571;119.60515817579027;96.22725985515602
97.51;-116.4857;119.60515817579027;96.22725985515602
96.92;-116.9143;119.60515817579027;96.22725985515602
96.58;-116.1714;119.60515817579027;96.22725985515602
96.46;-116.8286;119.60515817579027;96.22725985515602
96.53;-115.4286;119.60515817579027;96.22725985515602
96.46;-114.6286;119.60515817579027;96.22725985515602
96.33;-114.4571;119.60515817579027;96.22725985515602
95.81;-115.0571;119.60515817579027;96.22725985515602
95.36;-114.5714;119.60515817579027;96.22725985515602
95.2;-114.6286;119.60515817579027;96.22725985515602
94.72;-114.0286;119.60515817579027;96.22725985515602
94.54;-115.2571;119.60515817579027;96.22725985515602
94.17;-114.3143;119.60515817579027;96.22725985515602
93.72;-114.1714;119.60515817579027;96.22725985515602
93.72;-114.2;119.60515817579027;96.22725985515602
93.57;-113.7429;119.60515817579027;96.22725985515602
93.87;-113.9143;119.60515817579027;96.22725985515602
93.83;-112.4857;119.60515817579027;96.22725985515602
93.61;-111.0;119.60515817579027;96.22725985515602
92.82;-111.7429;119.60515817579027;96.22725985515602
92.75;-111.7714;119.60515817579027;96.22725985515602
92.25;-111.9714;119.60515817579027;96.22725985515602
92.2;-110.8286;119.60515817579027;96.22725985515602
91.99;-110.3143;119.60515817579027;96.22725985515602
91.97;-110.7429;119.60515817579027;96.22725985515602
91.97;-110.5429;119.60515817579027;96.22725985515602
91.76;-111.0571;119.60515817579027;96.22725985515602
91.65;-110.5143;119.60515817579027;96.22725985515602
91.46;-109.8;119.60515817579027;96.22725985515602
90.68;-109.4571;119.60515817579027;96.22725985515602
90.32;-109.4286;119.60515817579027;96.22725985515602
90.42;-109.6;119.60515817579027;96.22725985515602
90.13;-109.6;119.60515817579027;96.22725985515602
90.15;-109.2;119.60515817579027;96.22725985515602
90.01;-108.9714;119.60515817579027;96.22725985515602
89.99;-109.2286;119.60515817579027;96.22725985515602
89.85;-108.6286;119.60515817579027;96.22725985515602
89.53;-108.5429;119.60515817579027;96.22725985515602
89.08;-107.6571;119.60515817579027;96.22725985515602
88.6;-107.1143;119.60515817579027;96.22725985515602
88.48;-107.2;119.60515817579027;96.22725985515602
88.18;-106.3143;119.60515817579027;96.22725985515602
87.96;-106.4857;119.60515817579027;96.22725985515602
87.84;-105.8571;119.60515817579027;96.22725985515602
87.85;-107.5429;119.60515817579027;96.22725985515602
87.29;-106.8571;119.60515817579027;96.22725985515602
86.99;-106.3143;119.60515817579027;96.22725985515602
87.23;-105.6;119.60515817579027;96.22725985515602
87.09;-105.2286;119.60515817579027;96.22725985515602
86.18;-105.2571;119.60515817579027;96.22725985515602
85.95;-105.4286;119.60515817579027;96.22725985515602
85.89;-105.2286;119.60515817579027;96.22725985515602
85.78;-105.1143;119.60515817579027;96.22725985515602
85.4;-104.0571;119.60515817579027;96.22725985515602
85.32;-103.9429;119.60515817579027;96.22725985515602
85.5;-103.4857;119.60515817579027;96.22725985515602
85.34;-103.8857;119.60515817579027;96.22725985515602
85.35;-104.0857;119.60515817579027;96.22725985515602
85.59;-103.7714;119.60515817579027;96.22725985515602
84.17;-103.9429;119.60515817579027;96.22725985515602
84.33;-103.1429;119.60515817579027;96.22725985515602
84.25;-102.6857;119.60515817579027;96.22725985515602
83.89;-102.1143;119.60515817579027;96.22725985515602
83.5;-101.5714;119.60515817579027;96.22725985515602
83.41;-101.0857;119.60515817579027;96.22725985515602
83.18;-101.4571;119.60515817579027;96.22725985515602
83.12;-101.6;119.60515817579027;96.22725985515602
83.04;-101.0;119.60515817579027;96.22725985515602
82.97;-100.4571;119.60515817579027;96.22725985515602
82.64;-101.0857;119.60515817579027;96.22725985515602
82.38;-101.1714;119.60515817579027;96.22725985515602
82.32;-100.4;119.60515817579027;96.22725985515602
82.15;-100.2857;119.60515817579027;96.22725985515602
81.99;-99.4;119.60515817579027;96.22725985515602
81.79;-99.9714;119.60515817579027;96.22725985515602
81.6;-99.8571;119.60515817579027;96.22725985515602
81.54;-99.4571;119.60515817579027;96.22725985515602
81.31;-98.6571;119.60515817579027;96.22725985515602
81.07;-98.6286;119.60515817579027;96.22725985515602
80.67;-99.1429;119.60515817579027;96.22725985515602
80.5;-98.4571;119.60515817579027;96.22725985515602
80.38;-98.8286;119.60515817579027;96.22725985515602
80.2;-98.5143;119.60515817579027;96.22725985515602
80.06;-98.2286;119.60515817579027;96.22725985515602
79.96;-98.0857;119.60515817579027;96.22725985515602
79.76;-97.7429;119.60515817579027;96.22725985515602
79.6;-97.7429;119.60515817579027;96.22725985515602
79.69;-97.8857;119.60515817579027;96.22725985515602
79.39;-97.3429;119.60515817579027;96.22725985515602
78.69;-96.8857;119.60515817579027;96.22725985515602
78.54;-97.0571;119.60515817579027;96.22725985515602
78.47;-96.1714;119.60515817579027;96.22725985515602
78.54;-96.5714;119.60515817579027;96.22725985515602
78.39;-96.4;119.60515817579027;96.22725985515602
78.24;-96.1143;119.60515817579027;96.22725985515602
78.09;-94.4571;119.60515817579027;96.22725985515602
77.82;-94.4857;119.60515817579027;96.22725985515602
77.74;-94.6286;119.60515817579027;96.22725985515602
77.51;-95.6286;119.60515817579027;96.22725985515602
76.95;-95.5714;119.60515817579027;96.22725985515602
76.87;-94.6857;119.60515817579027;96.22725985515602
76.87;-95.0571;119.60515817579027;96.22725985515602
76.63;-95.0;119.60515817579027;96.22725985515602
76.44;-94.7143;119.60515817579027;96.22725985515602
76.47;-94.0571;119.60515817579027;96.22725985515602
76.44;-93.9714;119.60515817579027;96.22725985515602
76.33;-93.7429;119.60515817579027;96.22725985515602
76.02;-93.8;119.60515817579027;96.22725985515602
75.87;-93.2286;119.60515817579027;96.22725985515602
75.39;-93.6857;119.60515817579027;96.22725985515602
75.41;-94.1429;119.60515817579027;96.22725985515602
75.18;-93.2857;119.60515817579027;96.22725985515602
75.16;-93.0;119.60515817579027;96.22725985515602
75.14;-92.6857;119.60515817579027;96.22725985515602
74.97;-92.9143;119.60515817579027;96.22725985515602
74.73;-91.6857;119.60515817579027;96.22725985515602
74.61;-92.1143;119.60515817579027;96.22725985515602
74.31;-92.1143;119.60515817579027;96.22725985515602
74.08;-91.7714;119.60515817579027;96.22725985515602
73.7;-91.4286;119.60515817579027;96.22725985515602
73.54;-91.6;119.60515817579027;96.22725985515602
73.45;-91.3143;119.60515817579027;96.22725985515602
73.32;-91.2571;119.60515817579027;96.22725985515602
73.05;-90.8571;119.60515817579027;96.22725985515602
73.04;-90.4857;119.60515817579027;96.22725985515602
72.84;-90.0857;119.60515817579027;96.22725985515602
72.93;-90.5714;119.60515817579027;96.22725985515602
72.72;-89.7143;119.60515817579027;96.22725985515602
72.6;-89.2857;119.60515817579027;96.22725985515602
72.22;-89.6571;119.60515817579027;96.22725985515602
71.9;-89.5714;119.60515817579027;96.22725985515602
71.58;-89.2571;119.60515817579027;96.22725985515602
71.35;-89.2857;119.60515817579027;96.22725985515602
71.63;-88.0286;119.60515817579027;96.22725985515602
71.64;-90.4571;119.60515817579027;96.22725985515602
71.48;-89.5143;119.60515817579027;96.22725985515602
71.29;-88.4571;119.60515817579027;96.22725985515602
71.02;-88.4857;119.60515817579027;96.22725985515602
70.81;-88.3714;119.60515817579027;96.22725985515602
70.46;-88.0571;119.60515817579027;96.22725985515602
70.4;-87.8571;119.60515817579027;96.22725985515602
70.22;-87.4286;119.60515817579027;96.22725985515602
70.06;-87.8571;119.60515817579027;96.22725985515602
70.09;-88.4571;119.60515817579027;96.22725985515602
69.75;-88.3714;119.60515817579027;96.22725985515602
69.31;-87.4857;119.60515817579027;96.22725985515602
69.1;-88.0;119.60515817579027;96.22725985515602
68.96;-87.0571;119.60515817579027;96.22725985515602
69.08;-86.5143;119.60515817579027;96.22725985515602
68.67;-86.7143;119.60515817579027;96.22725985515602
68.38;-87.1429;119.60515817579027;96.22725985515602
68.51;-86.9143;119.60515817579027;96.22725985515602
68.34;-86.4286;119.60515817579027;96.22725985515602
68.43;-86.3714;119.60515817579027;96.22725985515602
68.34;-85.6571;119.60515817579027;96.22725985515602
68.06;-85.3143;119.60515817579027;96.22725985515602
67.91;-85.1143;119.60515817579027;96.22725985515602
67.98;-85.3429;119.60515817579027;96.22725985515602
67.98;-85.5714;119.60515817579027;96.22725985515602
67.6;-85.3714;119.60515817579027;96.22725985515602
67.47;-85.2;119.60515817579027;96.22725985515602
67.09;-85.1143;119.60515817579027;96.22725985515602
67.19;-85.0571;119.60515817579027;96.22725985515602
67.16;-85.2571;119.60515817579027;96.22725985515602
66.75;-84.5714;119.60515817579027;96.22725985515602
66.46;-84.3429;119.60515817579027;96.22725985515602
66.38;-85.1714;119.60515817579027;96.22725985515602
66.49;-84.7714;119.60515817579027;96.22725985515602
66.36;-83.4857;119.60515817579027;96.22725985515602
65.96;-82.7429;119.60515817579027;96.22725985515602
65.87;-82.9143;119.60515817579027;96.22725985515602
65.84;-83.4857;119.60515817579027;96.22725985515602
65.71;-83.1714;119.60515817579027;96.22725985515602
65.66;-83.4;119.60515817579027;96.22725985515602
65.35;-82.7143;119.60515817579027;96.22725985515602
65.21;-82.4286;119.60515817579027;96.22725985515602
65.01;-82.3143;119.60515817579027;96.22725985515602
64.88;-82.1143;119.60515817579027;96.22725985515602
64.94;-81.3143;119.60515817579027;96.22725985515602
64.58;-82.9429;119.60515817579027;96.22725985515602
64.46;-82.4;119.60515817579027;96.22725985515602
64.34;-81.3143;119.60515817579027;96.22725985515602
64.24;-81.0286;119.60515817579027;96.22725985515602
64.13;-81.2;119.60515817579027;96.22725985515602
63.85;-82.0571;119.60515817579027;96.22725985515602
63.63;-81.5143;119.60515817579027;96.22725985515602
63.7;-81.1429;119.60515817579027;96.22725985515602
63.69;-80.1714;119.60515817579027;96.22725985515602
63.58;-80.1714;119.60515817579027;96.22725985515602
63.05;-80.3429;119.60515817579027;96.22725985515602
62.92;-80.4571;119.60515817579027;96.22725985515602
62.77;-79.8;119.60515817579027;96.22725985515602
62.61;-79.6;119.60515817579027;96.22725985515602
62.52;-79.0;119.60515817579027;96.22725985515602
62.61;-79.0286;119.60515817579027;96.22725985515602
62.48;-79.8571;119.60515817579027;96.22725985515602
62.35;-79.6286;119.60515817579027;96.22725985515602
62.21;-79.4857;119.60515817579027;96.22725985515602
62.14;-78.9143;119.60515817579027;96.22725985515602
61.84;-78.8;119.60515817579027;96.22725985515602
61.68;-78.3429;119.60515817579027;96.22725985515602
61.51;-78.1714;119.60515817579027;96.22725985515602
61.38;-78.3143;119.60515817579027;96.22725985515602
61.23;-78.3143;119.60515817579027;96.22725985515602
61.15;-77.8;119.60515817579027;96.22725985515602
61.06;-77.9429;119.60515817579027;96.22725985515602
60.95;-77.1429;119.60515817579027;96.22725985515602
60.89;-77.7143;119.60515817579027;96.22725985515602
60.72;-77.5429;119.60515817579027;96.22725985515602
60.24;-77.7714;119.60515817579027;96.22725985515602
60.19;-77.1714;119.60515817579027;96.22725985515602
60.15;-76.5714;119.60515817579027;96.22725985515602
59.88;-75.7143;119.60515817579027;96.22725985515602
59.77;-76.1143;119.60515817579027;96.22725985515602
59.67;-76.6;119.60515817579027;96.22725985515602
59.53;-77.0857;119.60515817579027;96.22725985515602
59.41;-76.1714;119.60515817579027;96.22725985515602
59.52;-75.6286;119.60515817579027;96.22725985515602
59.5;-75.2;119.60515817579027;96.22725985515602
59.15;-75.1714;119.60515817579027;96.22725985515602
58.91;-75.4857;119.60515817579027;96.22725985515602
58.76;-74.6857;119.60515817579027;96.22725985515602
58.68;-75.0286;119.60515817579027;96.22725985515602
58.56;-75.3143;119.60515817579027;96.22725985515602
58.56;-75.0571;119.60515817579027;96.22725985515602
58.34;-74.5714;119.60515817579027;96.22725985515602
58.28;-74.0571;119.60515817579027;96.22725985515602
58.3;-74.7429;119.60515817579027;96.22725985515602
58.2;-74.5143;119.60515817579027;96.22725985515602
57.81;-73.5429;119.60515817579027;96.22725985515602
57.66;-73.7429;119.60515817579027;96.22725985515602
57.57;-73.9143;119.60515817579027;96.22725985515602
57.43;-74.5429;119.60515817579027;96.22725985515602
57.27;-73.4571;119.60515817579027;96.22725985515602
57.17;-73.3429;119.60515817579027;96.22725985515602
57.32;-73.1143;119.60515817579027;96.22725985515602
57.18;-73.7429;119.60515817579027;96.22725985515602
57.2;-72.7429;119.60515817579027;96.22725985515602
56.94;-72.8;119.60515817579027;96.22725985515602
56.53;-72.1429;119.60515817579027;96.22725985515602
56.39;-72.6571;119.60515817579027;96.22725985515602
56.33;-73.2571;119.60515817579027;96.22725985515602
56.44;-72.7143;119.60515817579027;96.22725985515602
56.24;-72.4571;119.60515817579027;96.22725985515602
56.14;-72.1429;119.60515817579027;96.22725985515602
55.98;-71.8286;119.60515817579027;96.22725985515602
55.83;-71.4857;119.60515817579027;96.22725985515602
55.65;-71.6;119.60515817579027;96.22725985515602
55.47;-72.2;119.60515817579027;96.22725985515602
55.18;-71.4571;119.60515817579027;96.22725985515602
55.24;-71.6;119.60515817579027;96.22725985515602
55.26;-71.0857;119.60515817579027;96.22725985515602
55.03;-70.7714;119.60515817579027;96.22725985515602
54.96;-70.2;119.60515817579027;96.22725985515602
54.68;-70.4;119.60515817579027;96.22725985515602
54.7;-70.6286;119.60515817579027;96.22725985515602
54.46;-70.3143;119.60515817579027;96.22725985515602
54.36;-70.1714;119.60515817579027;96.22725985515602
54.16;-69.8;119.60515817579027;96.22725985515602
54.2;-69.9429;119.60515817579027;96.22725985515602
53.97;-69.3429;119.60515817579027;96.22725985515602
53.88;-69.3429;119.60515817579027;96.22725985515602
53.89;-69.3143;119.60515817579027;96.22725985515602
53.81;-69.7429;119.60515817579027;96.22725985515602
53.52;-69.6857;119.60515817579027;96.22725985515602
53.39;-69.6286;119.60515817579027;96.22725985515602
53.13;-69.2571;119.60515817579027;96.22725985515602
53.12;-69.3429;119.60515817579027;96.22725985515602
52.84;-68.5429;119.60515817579027;96.22725985515602
52.7;-68.7143;119.60515817579027;96.22725985515602
52.6;-68.8857;119.60515817579027;96.22725985515602
52.62;-68.7429;119.60515817579027;96.22725985515602
52.45;-68.8286;119.60515817579027;96.22725985515602
52.39;-68.6571;119.60515817579027;96.22725985515602
52.39;-68.3429;119.60515817579027;96.22725985515602
52.26;-67.8571;119.60515817579027;96.22725985515602
52.17;-67.7429;119.60515817579027;96.22725985515602
52.02;-67.6571;119.60515817579027;96.22725985515602
51.93;-67.3429;119.60515817579027;96.22725985515602
51.72;-67.7429;119.60515817579027;96.22725985515602
51.56;-67.7143;119.60515817579027;96.22725985515602
51.48;-67.3714;119.60515817579027;96.22725985515602
51.47;-67.1429;119.60515817579027;96.22725985515602
51.25;-67.3714;119.60515817579027;96.22725985515602
51.13;-66.6857;119.60515817579027;96.22725985515602
51.02;-66.1429;119.60515817579027;96.22725985515602
51.0;-66.4571;119.60515817579027;96.22725985515602
50.88;-66.6;119.60515817579027;96.22725985515602
50.78;-66.2571;119.60515817579027;96.22725985515602
50.47;-66.8;119.60515817579027;96.22725985515602
50.48;-66.6;119.60515817579027;96.22725985515602
50.48;-66.1714;119.60515817579027;96.22725985515602
50.26;-65.8857;119.60515817579027;96.22725985515602
50.04;-65.8571;119.60515817579027;96.22725985515602
49.94;-65.5714;119.60515817579027;96.22725985515602
49.85;-65.6286;119.60515817579027;96.22725985515602
49.88;-65.4286;119.60515817579027;96.22725985515602
49.85;-65.3429;119.60515817579027;96.22725985515602
49.69;-65.3143;119.60515817579027;96.22725985515602
49.46;-65.2286;119.60515817579027;96.22725985515602
49.28;-65.2286;119.60515817579027;96.22725985515602
49.23;-64.6286;119.60515817579027;96.22725985515602
49.15;-64.7429;119.60515817579027;96.22725985515602
49.12;-64.5714;119.60515817579027;96.22725985515602
48.92;-64.2286;119.60515817579027;96.22725985515602
48.92;-64.1429;119.60515817579027;96.22725985515602
48.74;-64.2286;119.60515817579027;96.22725985515602
48.7;-64.2;119.60515817579027;96.22725985515602
48.59;-64.2286;119.60515817579027;96.22725985515602
48.59;-63.8286;119.60515817579027;96.22725985515602
48.49;-63.6;119.60515817579027;96.22725985515602
48.36;-64.5143;119.60515817579027;96.22725985515602
48.19;-64.3143;119.60515817579027;96.22725985515602
48.06;-63.9429;119.60515817579027;96.22725985515602
47.97;-63.8857;119.60515817579027;96.22725985515602
47.93;-63.6;119.60515817579027;96.22725985515602
47.86;-63.4;119.60515817579027;96.22725985515602
47.66;-63.7143;119.60515817579027;96.22725985515602
47.51;-62.9143;119.60515817579027;96.22725985515602
47.25;-62.9143;119.60515817579027;96.22725985515602
47.19;-63.2286;119.60515817579027;96.22725985515602
47.14;-62.7714;119.60515817579027;96.22725985515602
46.99;-62.2857;119.60515817579027;96.22725985515602
46.95;-62.3429;119.60515817579027;96.22725985515602
46.78;-62.0571;119.60515817579027;96.22725985515602
46.7;-62.1429;119.60515817579027;96.22725985515602
46.69;-62.2286;119.60515817579027;96.22725985515602
46.53;-61.8571;119.60515817579027;96.22725985515602
46.28;-61.7714;119.60515817579027;96.22725985515602
46.2;-62.0;119.60515817579027;96.22725985515602
45.97;-61.7143;119.60515817579027;96.22725985515602
45.8;-62.0286;119.60515817579027;96.22725985515602
45.79;-61.7143;119.60515817579027;96.22725985515602
45.8;-61.2571;119.60515817579027;96.22725985515602
45.7;-61.8;119.60515817579027;96.22725985515602
45.57;-61.4;119.60515817579027;96.22725985515602
45.45;-61.1143;119.60515817579027;96.22725985515602
45.26;-60.9714;119.60515817579027;96.22725985515602
45.23;-60.6857;119.60515817579027;96.22725985515602
45.23;-60.9143;119.60515817579027;96.22725985515602
45.05;-60.9429;119.60515817579027;96.22725985515602
44.91;-60.3143;119.60515817579027;96.22725985515602
44.83;-60.5143;119.60515817579027;96.22725985515602
44.81;-60.5429;119.60515817579027;96.22725985515602
44.72;-60.2857;119.60515817579027;96.22725985515602
44.68;-60.6;119.60515817579027;96.22725985515602
44.51;-59.9714;119.60515817579027;96.22725985515602
44.29;-59.9429;119.60515817579027;96.22725985515602
44.27;-59.8571;119.60515817579027;96.22725985515602
43.99;-59.7143;119.60515817579027;96.22725985515602
43.81;-59.6857;119.60515817579027;96.22725985515602
43.95;-59.6;119.60515817579027;96.22725985515602
43.89;-59.2286;119.60515817579027;96.22725985515602
43.73;-59.2857;119.60515817579027;96.22725985515602
43.7;-58.9429;119.60515817579027;96.22725985515602
43.55;-58.9429;119.60515817579027;96.22725985515602
43.57;-58.9429;119.60515817579027;96.22725985515602
43.43;-58.8571;119.60515817579027;96.22725985515602
43.2;-58.7714;119.60515817579027;96.22725985515602
43.05;-58.6;119.60515817579027;96.22725985515602
43.02;-58.3714;119.60515817579027;96.22725985515602
42.79;-58.3429;119.60515817579027;96.22725985515602
42.8;-58.2;119.60515817579027;96.22725985515602
42.69;-58.0286;119.60515817579027;96.22725985515602
42.54;-57.6857;119.60515817579027;96.22725985515602
42.45;-57.6857;119.60515817579027;96.22725985515602
42.4;-57.8286;119.60515817579027;96.22725985515602
42.49;-57.6857;119.60515817579027;96.22725985515602
42.46;-57.6286;119.60515817579027;96.22725985515602
42.07;-57.5143;119.60515817579027;96.22725985515602
42.06;-57.4;119.60515817579027;96.22725985515602
41.9;-57.6;119.60515817579027;96.22725985515602
41.79;-57.2286;119.60515817579027;96.22725985515602
41.77;-56.9143;119.60515817579027;96.22725985515602
41.7;-56.7143;119.60515817579027;96.22725985515602
41.53;-56.5143;119.60515817579027;96.22725985515602
41.32;-56.7429;119.60515817579027;96.22725985515602
41.23;-56.4571;119.60515817579027;96.22725985515602
41.15;-56.7714;119.60515817579027;96.22725985515602
40.94;-56.3714;119.60515817579027;96.22725985515602
40.76;-56.0;119.60515817579027;96.22725985515602
40.73;-56.4;119.60515817579027;96.22725985515602
40.82;-56.2286;119.60515817579027;96.22725985515602
40.77;-56.3143;119.60515817579027;96.22725985515602
40.69;-56.0286;119.60515817579027;96.22725985515602
40.49;-55.8857;119.60515817579027;96.22725985515602
40.51;-56.0857;119.60515817579027;96.22725985515602
40.32;-55.6857;119.60515817579027;96.22725985515602
40.33;-55.7429;119.60515817579027;96.22725985515602
40.16;-55.3143;119.60515817579027;96.22725985515602
40.08;-55.5143;119.60515817579027;96.22725985515602
40.25;-55.5429;119.60515817579027;96.22725985515602
39.98;-55.4286;119.60515817579027;96.22725985515602
39.74;-55.6286;119.60515817579027;96.22725985515602
39.56;-55.0571;119.60515817579027;96.22725985515602
39.52;-55.0571;119.60515817579027;96.22725985515602
39.56;-54.5429;119.60515817579027;96.22725985515602
39.51;-54.6;119.60515817579027;96.22725985515602
39.48;-54.5429;119.60515817579027;96.22725985515602
39.33;-54.4571;119.60515817579027;96.22725985515602
39.02;-54.3143;119.60515817579027;96.22725985515602
38.81;-54.0857;119.60515817579027;96.22725985515602
38.87;-54.3429;119.60515817579027;96.22725985515602
38.91;-54.0;119.60515817579027;96.22725985515602
38.82;-54.0286;119.60515817579027;96.22725985515602
38.87;-53.6571;119.60515817579027;96.22725985515602
38.64;-53.2857;119.60515817579027;96.22725985515602
38.56;-53.7714;119.60515817579027;96.22725985515602
35.84;-53.5429;119.60515817579027;96.22725985515602
38.12;-53.7714;119.60515817579027;96.22725985515602
38.07;-53.3429;119.60515817579027;96.22725985515602
38.12;-53.5714;119.60515817579027;96.22725985515602
38.01;-53.4571;119.60515817579027;96.22725985515602
37.9;-53.2;119.60515817579027;96.22725985515602
37.74;-52.9714;119.60515817579027;96.22725985515602
37.74;-52.5143;119.60515817579027;96.22725985515602
37.59;-52.6;119.60515817579027;96.22725985515602
37.55;-52.6857;119.60515817579027;96.22725985515602
37.42;-52.8286;119.60515817579027;96.22725985515602
36.94;-52.3429;119.60515817579027;96.22725985515602
36.91;-52.4571;119.60515817579027;96.22725985515602
36.73;-52.4;119.60515817579027;96.22725985515602
36.77;-52.5143;119.60515817579027;96.22725985515602
36.76;-52.3714;119.60515817579027;96.22725985515602
36.78;-52.1143;119.60515817579027;96.22725985515602
36.83;-52.3429;119.60515817579027;96.22725985515602
36.69;-51.9143;119.60515817579027;96.22725985515602
36.56;-51.9429;119.60515817579027;96.22725985515602
36.49;-51.4571;119.60515817579027;96.22725985515602
36.39;-51.6286;119.60515817579027;96.22725985515602
36.32;-51.6;119.60515817579027;96.22725985515602
36.1;-51.4286;119.60515817579027;96.22725985515602
35.95;-51.2571;119.60515817579027;96.22725985515602
35.95;-51.0;119.60515817579027;96.22725985515602
35.91;-51.0857;119.60515817579027;96.22725985515602
35.82;-51.0;119.60515817579027;96.22725985515602
35.76;-51.2;119.60515817579027;96.22725985515602
35.65;-50.9143;119.60515817579027;96.22725985515602
35.55;-51.0286;119.60515817579027;96.22725985515602
35.4;-50.6286;119.60515817579027;96.22725985515602
35.27;-51.0;119.60515817579027;96.22725985515602
35.13;-50.7714;119.60515817579027;96.22725985515602
35.03;-50.4857;119.60515817579027;96.22725985515602
35.0;-50.2286;119.60515817579027;96.22725985515602
34.98;-50.4;119.60515817579027;96.22725985515602
34.93;-50.2571;119.60515817579027;96.22725985515602
34.84;-50.1429;119.60515817579027;96.22725985515602
34.81;-50.0571;119.60515817579027;96.22725985515602
34.76;-49.7429;119.60515817579027;96.22725985515602
34.33;-49.8;119.60515817579027;96.22725985515602
34.41;-49.5429;119.60515817579027;96.22725985515602
34.38;-49.5143;119.60515817579027;96.22725985515602
34.13;-49.2571;119.60515817579027;96.22725985515602
34.11;-49.4571;119.60515817579027;96.22725985515602
33.97;-49.1429;119.60515817579027;96.22725985515602
34.12;-48.9429;119.60515817579027;96.22725985515602
33.91;-48.7143;119.60515817579027;96.22725985515602
33.88;-48.8857;119.60515817579027;96.22725985515602
33.9;-48.8571;119.60515817579027;96.22725985515602
33.77;-49.0857;119.60515817579027;96.22725985515602
33.65;-49.0857;119.60515817579027;96.22725985515602
33.42;-48.8571;119.60515817579027;96.22725985515602
33.26;-48.3143;119.60515817579027;96.22725985515602
33.22;-48.2857;119.60515817579027;96.22725985515602
33.31;-48.2857;119.60515817579027;96.22725985515602
33.22;-48.5714;119.60515817579027;96.22725985515602
32.95;-48.5143;119.60515817579027;96.22725985515602
32.92;-48.4;119.60515817579027;96.22725985515602
32.85;-48.1714;119.60515817579027;96.22725985515602
32.63;-48.2857;119.60515817579027;96.22725985515602
32.59;-48.2571;119.60515817579027;96.22725985515602
32.57;-48.1143;119.60515817579027;96.22725985515602
32.51;-47.8;119.60515817579027;96.22725985515602
32.41;-47.5429;119.60515817579027;96.22725985515602
32.34;-47.3714;119.60515817579027;96.22725985515602
32.3;-47.2857;119.60515817579027;96.22725985515602
32.26;-47.3429;119.60515817579027;96.22725985515602
32.25;-47.2;119.60515817579027;96.22725985515602
32.24;-47.2;119.60515817579027;96.22725985515602
32.01;-47.1714;119.60515817579027;96.22725985515602
32.06;-47.2857;119.60515817579027;96.22725985515602
31.97;-47.0286;119.60515817579027;96.22725985515602
31.75;-46.7429;119.60515817579027;96.22725985515602
31.53;-46.7714;119.60515817579027;96.22725985515602
31.62;-46.9714;119.60515817579027;96.22725985515602
31.47;-46.7429;119.60515817579027;96.22725985515602
31.47;-46.8;119.60515817579027;96.22725985515602
31.51;-46.3714;119.60515817579027;96.22725985515602
31.42;-46.3143;119.60515817579027;96.22725985515602
31.13;-46.1714;119.60515817579027;96.22725985515602
30.99;-46.2571;119.60515817579027;96.22725985515602
30.96;-46.4286;119.60515817579027;96.22725985515602
30.9;-46.2;119.60515817579027;96.22725985515602
30.72;-46.0286;119.60515817579027;96.22725985515602
30.62;-45.9714;119.60515817579027;96.22725985515602
30.67;-46.0;119.60515817579027;96.22725985515602
30.57;-45.4571;119.60515817579027;96.22725985515602
30.45;-45.6286;119.60515817579027;96.22725985515602
30.4;-45.4;119.60515817579027;96.22725985515602
30.42;-45.4;119.60515817579027;96.22725985515602
30.36;-45.2;119.60515817579027;96.22725985515602
30.22;-45.2286;119.60515817579027;96.22725985515602
30.04;-44.9429;119.60515817579027;96.22725985515602
29.99;-44.8857;119.60515817579027;96.22725985515602
30.05;-44.6286;119.60515817579027;96.22725985515602
29.9;-44.7143;119.60515817579027;96.22725985515602
29.87;-44.5714;119.60515817579027;96.22725985515602
29.86;-44.6571;119.60515817579027;96.22725985515602
29.6;-44.4286;119.60515817579027;96.22725985515602
29.53;-44.6;119.60515817579027;96.22725985515602
29.52;-44.1143;119.60515817579027;96.22725985515602
29.37;-44.4857;119.60515817579027;96.22725985515602
29.22;-44.4286;119.60515817579027;96.22725985515602
29.18;-44.3143;119.60515817579027;96.22725985515602
29.05;-44.1143;119.60515817579027;96.22725985515602
29.12;-44.0286;119.60515817579027;96.22725985515602
29.16;-44.0286;119.60515817579027;96.22725985515602
29.06;-43.8286;119.60515817579027;96.22725985515602
28.94;-43.9143;119.60515817579027;96.22725985515602
28.87;-43.5429;119.60515817579027;96.22725985515602
28.87;-43.5714;119.60515817579027;96.22725985515602
28.77;-43.4286;119.60515817579027;96.22725985515602
28.7;-43.5714;119.60515817579027;96.22725985515602
28.54;-43.3143;119.60515817579027;96.22725985515602
28.48;-43.3714;119.60515817579027;96.22725985515602
28.55;-43.1714;119.60515817579027;96.22725985515602
28.42;-43.3143;119.60515817579027;96.22725985515602
28.36;-42.9429;119.60515817579027;96.22725985515602
28.19;-42.9429;119.60515817579027;96.22725985515602
27.93;-42.8857;119.60515817579027;96.22725985515602
27.83;-42.6857;119.60515817579027;96.22725985515602
27.74;-42.5429;119.60515817579027;96.22725985515602
27.78;-42.4571;119.60515817579027;96.22725985515602
27.79;-42.6;119.60515817579027;96.22725985515602
27.75;-42.2857;119.60515817579027;96.22725985515602
27.78;-42.4571;119.60515817579027;96.22725985515602
27.54;-42.3429;119.60515817579027;96.22725985515602
27.43;-42.2286;119.60515817579027;96.22725985515602
27.51;-42.1714;119.60515817579027;96.22725985515602
27.24;-42.2286;119.60515817579027;96.22725985515602
27.22;-41.8;119.60515817579027;96.22725985515602
27.15;-41.7714;119.60515817579027;96.22725985515602
27.09;-41.8;119.60515817579027;96.22725985515602
27.12;-41.8857;119.60515817579027;96.22725985515602
27.06;-41.8286;119.60515817579027;96.22725985515602
26.93;-41.4857;119.60515817579027;96.22725985515602
26.86;-41.4571;119.60515817579027;96.22725985515602
26.71;-41.1714;119.60515817579027;96.22725985515602
26.57;-41.0286;119.60515817579027;96.22725985515602
26.53;-40.9429;119.60515817579027;96.22725985515602
26.41;-41.0857;119.60515817579027;96.22725985515602
26.33;-41.2;119.60515817579027;96.22725985515602
26.18;-41.2;119.60515817579027;96.22725985515602
26.15;-41.0571;119.60515817579027;96.22725985515602
26.15;-40.8;119.60515817579027;96.22725985515602
26.2;-40.7429;119.60515817579027;96.22725985515602
26.12;-40.7143;119.60515817579027;96.22725985515602
26.08;-40.5714;119.60515817579027;96.22725985515602
26.07;-40.4286;119.60515817579027;96.22725985515602
25.8;-40.4286;119.60515817579027;96.22725985515602
25.72;-40.2286;119.60515817579027;96.22725985515602
25.67;-39.8286;119.60515817579027;96.22725985515602
25.59;-39.9429;119.60515817579027;96.22725985515602
25.39;-39.6857;119.60515817579027;96.22725985515602
25.35;-39.8857;119.60515817579027;96.22725985515602
25.31;-39.7143;119.60515817579027;96.22725985515602
25.34;-39.6857;119.60515817579027;96.22725985515602
25.29;-39.6857;119.60515817579027;96.22725985515602
25.23;-39.6286;119.60515817579027;96.22725985515602
25.05;-39.6857;119.60515817579027;96.22725985515602
25.03;-39.7714;119.60515817579027;96.22725985515602
24.92;-39.7429;119.60515817579027;96.22725985515602
24.86;-39.4286;119.60515817579027;96.22725985515602
24.72;-39.2857;119.60515817579027;96.22725985515602
24.59;-39.1143;119.60515817579027;96.22725985515602
24.51;-39.1143;119.60515817579027;96.22725985515602
24.52;-39.2571;119.60515817579027;96.22725985515602
24.43;-39.0857;119.60515817579027;96.22725985515602
24.35;-39.1143;119.60515817579027;96.22725985515602
24.29;-39.0571;119.60515817579027;96.22725985515602
24.25;-39.0571;119.60515817579027;96.22725985515602
24.18;-38.9714;119.60515817579027;96.22725985515602
24.06;-38.9143;119.60515817579027;96.22725985515602
24.08;-38.6857;119.60515817579027;96.22725985515602
24.06;-38.4286;119.60515817579027;96.22725985515602
23.97;-38.6571;119.60515817579027;96.22725985515602
23.9;-38.6;119.60515817579027;96.22725985515602
23.84;-38.3143;119.60515817579027;96.22725985515602
23.8;-38.4;119.60515817579027;96.22725985515602
23.55;-38.1714;119.60515817579027;96.22725985515602
23.43;-38.1143;119.60515817579027;96.22725985515602
23.31;-37.9714;119.60515817579027;96.22725985515602
23.33;-37.8857;119.60515817579027;96.22725985515602
23.31;-37.8;119.60515817579027;96.22725985515602
23.18;-37.8286;119.60515817579027;96.22725985515602
23.16;-37.8;119.60515817579027;96.22725985515602
23.19;-37.7429;119.60515817579027;96.22725985515602
23.12;-37.7429;119.60515817579027;96.22725985515602
23.01;-37.7429;119.60515817579027;96.22725985515602
22.67;-37.4571;119.60515817579027;96.22725985515602
22.64;-37.3714;119.60515817579027;96.22725985515602
22.63;-37.1429;119.60515817579027;96.22725985515602
22.6;-36.8857;119.60515817579027;96.22725985515602
22.54;-37.0857;119.60515817579027;96.22725985515602
22.48;-36.9143;119.60515817579027;96.22725985515602
22.43;-36.8571;119.60515817579027;96.22725985515602
22.4;-36.8;119.60515817579027;96.22725985515602
22.26;-36.6286;119.60515817579027;96.22725985515602
22.17;-36.6571;119.60515817579027;96.22725985515602
22.12;-36.5429;119.60515817579027;96.22725985515602
22.04;-36.5143;119.60515817579027;96.22725985515602
21.99;-36.4571;119.60515817579027;96.22725985515602
21.92;-36.3143;119.60515817579027;96.22725985515602
21.86;-36.1714;119.60515817579027;96.22725985515602
21.79;-36.1143;119.60515817579027;96.22725985515602
21.66;-36.0;119.60515817579027;96.22725985515602
21.59;-35.8857;119.60515817579027;96.22725985515602
21.6;-35.8286;119.60515817579027;96.22725985515602
21.57;-35.8286;119.60515817579027;96.22725985515602
21.44;-35.6286;119.60515817579027;96.22725985515602
21.36;-35.6857;119.60515817579027;96.22725985515602
21.29;-35.5714;119.60515817579027;96.22725985515602
21.25;-35.5143;119.60515817579027;96.22725985515602
21.18;-35.4571;119.60515817579027;96.22725985515602
21.16;-35.4286;119.60515817579027;96.22725985515602
21.13;-35.3714;119.60515817579027;96.22725985515602
21.1;-35.3714;119.60515817579027;96.22725985515602
21.02;-35.2286;119.60515817579027;96.22725985515602
20.98;-35.1143;119.60515817579027;96.22725985515602
20.77;-34.9429;119.60515817579027;96.22725985515602
20.65;-34.9143;119.60515817579027;96.22725985515602
20.52;-34.8857;119.60515817579027;96.22725985515602
20.57;-34.7714;119.60515817579027;96.22725985515602
20.53;-34.8;119.60515817579027;96.22725985515602
20.48;-34.6286;119.60515817579027;96.22725985515602
20.41;-34.5143;119.60515817579027;96.22725985515602
20.41;-34.6;119.60515817579027;96.22725985515602
20.33;-34.4;119.60515817579027;96.22725985515602
20.31;-34.4;119.60515817579027;96.22725985515602
20.1;-34.2571;119.60515817579027;96.22725985515602
20.01;-34.1429;119.60515817579027;96.22725985515602
19.96;-34.1429;119.60515817579027;96.22725985515602
19.92;-33.9429;119.60515817579027;96.22725985515602
19.8;-34.0;119.60515817579027;96.22725985515602
19.71;-34.0;119.60515817579027;96.22725985515602
19.59;-33.8;119.60515817579027;96.22725985515602
19.53;-33.9143;119.60515817579027;96.22725985515602
19.46;-33.7143;119.60515817579027;96.22725985515602
19.43;-33.6571;119.60515817579027;96.22725985515602
19.33;-33.6857;119.60515817579027;96.22725985515602
19.29;-33.4857;119.60515817579027;96.22725985515602
19.24;-33.5429;119.60515817579027;96.22725985515602
19.19;-33.2857;119.60515817579027;96.22725985515602
19.15;-33.2286;119.60515817579027;96.22725985515602
19.07;-33.2286;119.60515817579027;96.22725985515602
19.03;-33.2286;119.60515817579027;96.22725985515602
18.98;-33.0857;119.60515817579027;96.22725985515602
18.92;-32.9429;119.60515817579027;96.22725985515602
18.85;-32.9714;119.60515817579027;96.22725985515602
18.7;-32.9429;119.60515817579027;96.22725985515602
18.66;-32.8857;119.60515817579027;96.22725985515602
18.67;-32.7429;119.60515817579027;96.22725985515602
18.63;-32.7143;119.60515817579027;96.22725985515602
18.5;-32.6;119.60515817579027;96.22725985515602
18.47;-32.4286;119.60515817579027;96.22725985515602
18.47;-32.4;119.60515817579027;96.22725985515602
18.41;-32.2286;119.60515817579027;96.22725985515602
18.31;-32.1143;119.60515817579027;96.22725985515602
18.24;-32.0857;119.60515817579027;96.22725985515602
18.06;-32.0286;119.60515817579027;96.22725985515602
18.03;-31.9143;119.60515817579027;96.22725985515602
17.98;-31.9429;119.60515817579027;96.22725985515602
17.87;-31.7714;119.60515817579027;96.22725985515602
17.75;-31.6286;119.60515817579027;96.22725985515602
17.76;-31.6857;119.60515817579027;96.22725985515602
17.71;-31.5714;119.60515817579027;96.22725985515602
17.62;-31.6857;119.60515817579027;96.22725985515602
17.57;-31.4286;119.60515817579027;96.22725985515602
17.53;-31.3143;119.60515817579027;96.22725985515602
17.37;-31.4571;119.60515817579027;96.22725985515602
17.29;-31.4286;119.60515817579027;96.22725985515602
17.24;-31.4286;119.60515817579027;96.22725985515602
17.18;-31.2571;119.60515817579027;96.22725985515602
17.1;-31.1429;119.60515817579027;96.22725985515602
17.03;-31.0571;119.60515817579027;96.22725985515602
17.02;-31.0;119.60515817579027;96.22725985515602
17.0;-30.7714;119.60515817579027;96.22725985515602
16.92;-30.7714;119.60515817579027;96.22725985515602
16.88;-30.7429;119.60515817579027;96.22725985515602
16.67;-30.6286;119.60515817579027;96.22725985515602
16.62;-30.5429;119.60515817579027;96.22725985515602
16.59;-30.5143;119.60515817579027;96.22725985515602
16.47;-30.4286;119.60515817579027;96.22725985515602
16.49;-30.4;119.60515817579027;96.22725985515602
16.34;-30.4286;119.60515817579027;96.22725985515602
16.3;-30.3429;119.60515817579027;96.22725985515602
16.28;-30.2857;119.60515817579027;96.22725985515602
16.14;-30.1429;119.60515817579027;96.22725985515602
16.15;-30.0571;119.60515817579027;96.22725985515602
15.94;-30.0571;119.60515817579027;96.22725985515602
15.86;-30.0857;119.60515817579027;96.22725985515602
15.82;-30.0286;119.60515817579027;96.22725985515602
15.72;-29.8857;119.60515817579027;96.22725985515602
15.6;-29.6571;119.60515817579027;96.22725985515602
15.61;-29.6571;119.60515817579027;96.22725985515602
15.52;-29.6286;119.60515817579027;96.22725985515602
15.54;-29.5429;119.60515817579027;96.22725985515602
15.45;-29.4857;119.60515817579027;96.22725985515602
15.42;-29.4571;119.60515817579027;96.22725985515602
15.21;-29.3714;119.60515817579027;96.22725985515602
15.2;-29.3143;119.60515817579027;96.22725985515602
15.11;-29.4571;119.60515817579027;96.22725985515602
15.06;-29.2571;119.60515817579027;96.22725985515602
15.09;-29.1143;119.60515817579027;96.22725985515602
14.99;-29.1143;119.60515817579027;96.22725985515602
14.98;-29.1143;119.60515817579027;96.22725985515602
15.01;-28.9429;119.60515817579027;96.22725985515602
14.94;-28.9143;119.60515817579027;96.22725985515602
14.84;-28.7429;119.60515817579027;96.22725985515602
14.73;-28.6571;119.60515817579027;96.22725985515602
14.72;-28.5143;119.60515817579027;96.22725985515602
14.67;-28.6;119.60515817579027;96.22725985515602
14.62;-28.4857;119.60515817579027;96.22725985515602
14.53;-28.5714;119.60515817579027;96.22725985515602
14.46;-28.4;119.60515817579027;96.22725985515602
14.41;-28.2286;119.60515817579027;96.22725985515602
14.43;-28.1714;119.60515817579027;96.22725985515602
14.37;-28.1143;119.60515817579027;96.22725985515602
14.28;-28.0286;119.60515817579027;96.22725985515602
14.2;-28.1714;119.60515817579027;96.22725985515602
14.15;-28.1143;119.60515817579027;96.22725985515602
14.06;-28.0286;119.60515817579027;96.22725985515602
14.0;-27.8857;119.60515817579027;96.22725985515602
13.93;-27.8857;119.60515817579027;96.22725985515602
13.87;-27.7429;119.60515817579027;96.22725985515602
13.84;-27.7429;119.60515817579027;96.22725985515602
13.85;-27.7429;119.60515817579027;96.22725985515602
13.74;-27.5714;119.60515817579027;96.22725985515602
13.63;-27.4286;119.60515817579027;96.22725985515602
13.58;-27.5143;119.60515817579027;96.22725985515602
13.55;-27.3714;119.60515817579027;96.22725985515602
13.49;-27.3714;119.60515817579027;96.22725985515602
13.4;-27.3429;119.60515817579027;96.22725985515602
13.32;-27.3143;119.60515817579027;96.22725985515602
13.32;-27.1143;119.60515817579027;96.22725985515602
13.33;-27.0857;119.60515817579027;96.22725985515602
13.25;-27.0286;119.60515817579027;96.22725985515602
13.24;-26.8286;119.60515817579027;96.22725985515602
13.2;-26.7714;119.60515817579027;96.22725985515602
13.02;-26.8286;119.60515817579027;96.22725985515602
12.94;-26.7714;119.60515817579027;96.22725985515602
12.88;-26.6571;119.60515817579027;96.22725985515602
12.84;-26.7143;119.60515817579027;96.22725985515602
12.77;-26.6;119.60515817579027;96.22725985515602
12.74;-26.4857;119.60515817579027;96.22725985515602
12.68;-26.5429;119.60515817579027;96.22725985515602
12.64;-26.4;119.60515817579027;96.22725985515602
12.57;-26.3143;119.60515817579027;96.22725985515602
12.53;-26.2286;119.60515817579027;96.22725985515602
12.46;-26.2;119.60515817579027;96.22725985515602
12.41;-26.1143;119.60515817579027;96.22725985515602
12.39;-26.0286;119.60515817579027;96.22725985515602
12.31;-26.0286;119.60515817579027;96.22725985515602
12.27;-25.9429;119.60515817579027;96.22725985515602
12.24;-25.8571;119.60515817579027;96.22725985515602
12.24;-25.7429;119.60515817579027;96.22725985515602
12.23;-25.6571;119.60515817579027;96.22725985515602
12.19;-25.6571;119.60515817579027;96.22725985515602
12.13;-25.6;119.60515817579027;96.22725985515602
11.97;-25.5429;119.60515817579027;96.22725985515602
11.95;-25.3714;119.60515817579027;96.22725985515602
11.9;-25.3714;119.60515817579027;96.22725985515602
11.85;-25.3714;119.60515817579027;96.22725985515602
11.78;-25.3429;119.60515817579027;96.22725985515602
11.72;-25.2286;119.60515817579027;96.22725985515602
11.68;-25.2286;119.60515817579027;96.22725985515602
11.67;-25.1429;119.60515817579027;96.22725985515602
11.58;-25.1714;119.60515817579027;96.22725985515602
11.54;-25.1143;119.60515817579027;96.22725985515602
11.39;-25.0857;119.60515817579027;96.22725985515602
11.38;-25.0286;119.60515817579027;96.22725985515602
11.32;-24.9143;119.60515817579027;96.22725985515602
11.27;-24.9143;119.60515817579027;96.22725985515602
11.26;-24.7143;119.60515817579027;96.22725985515602
11.19;-24.6286;119.60515817579027;96.22725985515602
11.15;-24.6;119.60515817579027;96.22725985515602
11.09;-24.4857;119.60515817579027;96.22725985515602
11.05;-24.4571;119.60515817579027;96.22725985515602
10.99;-24.3429;119.60515817579027;96.22725985515602
10.86;-24.4286;119.60515817579027;96.22725985515602
10.81;-24.3714;119.60515817579027;96.22725985515602
10.74;-24.2571;119.60515817579027;96.22725985515602
10.75;-24.1143;119.60515817579027;96.22725985515602
10.64;-24.1143;119.60515817579027;96.22725985515602
10.6;-24.0286;119.60515817579027;96.22725985515602
10.56;-24.0857;119.60515817579027;96.22725985515602
10.52;-24.1143;119.60515817579027;96.22725985515602
10.51;-23.9429;119.60515817579027;96.22725985515602
10.45;-23.8;119.60515817579027;96.22725985515602
10.3;-23.6857;119.60515817579027;96.22725985515602
10.24;-23.5429;119.60515817579027;96.22725985515602
10.19;-23.5143;119.60515817579027;96.22725985515602
10.17;-23.4571;119.60515817579027;96.22725985515602
10.13;-23.3714;119.60515817579027;96.22725985515602
10.08;-23.4;119.60515817579027;96.22725985515602
10.06;-23.3429;119.60515817579027;96.22725985515602
10.01;-23.3143;119.60515817579027;96.22725985515602
9.95;-23.2857;119.60515817579027;96.22725985515602
9.87;-23.3143;119.60515817579027;96.22725985515602
9.73;-23.2571;119.60515817579027;96.22725985515602
9.69;-23.1429;119.60515817579027;96.22725985515602
9.67;-23.1429;119.60515817579027;96.22725985515602
9.63;-23.0286;119.60515817579027;96.22725985515602
9.59;-22.8857;119.60515817579027;96.22725985515602
9.56;-22.8571;119.60515817579027;96.22725985515602
9.5;-22.8857;119.60515817579027;96.22725985515602
9.46;-22.7429;119.60515817579027;96.22725985515602
9.41;-22.6571;119.60515817579027;96.22725985515602
9.37;-22.6857;119.60515817579027;96.22725985515602
9.25;-22.5714;119.60515817579027;96.22725985515602
9.21;-22.4;119.60515817579027;96.22725985515602
9.15;-22.4;119.60515817579027;96.22725985515602
9.1;-22.3714;119.60515817579027;96.22725985515602
9.05;-22.2857;119.60515817579027;96.22725985515602
8.99;-22.2286;119.60515817579027;96.22725985515602
8.93;-22.2;119.60515817579027;96.22725985515602
8.87;-22.1429;119.60515817579027;96.22725985515602
8.82;-22.0;119.60515817579027;96.22725985515602
8.77;-21.9143;119.60515817579027;96.22725985515602
8.63;-21.8571;119.60515817579027;96.22725985515602
8.61;-21.7714;119.60515817579027;96.22725985515602
8.56;-21.6857;119.60515817579027;96.22725985515602
8.52;-21.6857;119.60515817579027;96.22725985515602
8.47;-21.6286;119.60515817579027;96.22725985515602
8.41;-21.6571;119.60515817579027;96.22725985515602
8.37;-21.5714;119.60515817579027;96.22725985515602
8.36;-21.5429;119.60515817579027;96.22725985515602
8.33;-21.5714;119.60515817579027;96.22725985515602
8.28;-21.4571;119.60515817579027;96.22725985515602
8.15;-21.3429;119.60515817579027;96.22725985515602
8.11;-21.3143;119.60515817579027;96.22725985515602
8.08;-21.2571;119.60515817579027;96.22725985515602
8.06;-21.3143;119.60515817579027;96.22725985515602
7.98;-21.2286;119.60515817579027;96.22725985515602
7.92;-21.1429;119.60515817579027;96.22725985515602
7.88;-21.0857;119.60515817579027;96.22725985515602
7.84;-21.0857;119.60515817579027;96.22725985515602
7.77;-20.9429;119.60515817579027;96.22725985515602
7.74;-20.8857;119.60515817579027;96.22725985515602
7.63;-20.7714;119.60515817579027;96.22725985515602
7.61;-20.7714;119.60515817579027;96.22725985515602
7.58;-20.7429;119.60515817579027;96.22725985515602
7.56;-20.6857;119.60515817579027;96.22725985515602
7.51;-20.6857;119.60515817579027;96.22725985515602
7.45;-20.6571;119.60515817579027;96.22725985515602
7.43;-20.5143;119.60515817579027;96.22725985515602
7.38;-20.4;119.60515817579027;96.22725985515602
7.33;-20.4286;119.60515817579027;96.22725985515602
7.29;-20.3143;119.60515817579027;96.22725985515602
7.17;-20.2857;119.60515817579027;96.22725985515602
7.14;-20.3429;119.60515817579027;96.22725985515602
7.12;-20.2857;119.60515817579027;96.22725985515602
7.09;-20.2571;119.60515817579027;96.22725985515602
7.05;-20.0286;119.60515817579027;96.22725985515602
7.02;-20.1429;119.60515817579027;96.22725985515602
6.97;-20.0286;119.60515817579027;96.22725985515602
6.94;-19.9714;119.60515817579027;96.22725985515602
6.91;-19.8857;119.60515817579027;96.22725985515602
6.87;-19.8;119.60515817579027;96.22725985515602
6.77;-19.8;119.60515817579027;96.22725985515602
6.72;-19.7429;119.60515817579027;96.22725985515602
6.66;-19.6571;119.60515817579027;96.22725985515602
6.66;-19.6286;119.60515817579027;96.22725985515602
6.59;-19.6286;119.60515817579027;96.22725985515602
6.55;-19.6286;119.60515817579027;96.22725985515602
6.52;-19.5429;119.60515817579027;96.22725985515602
6.47;-19.4;119.60515817579027;96.22725985515602
6.42;-19.3429;119.60515817579027;96.22725985515602
6.38;-19.2857;119.60515817579027;96.22725985515602
6.17;-19.2;119.60515817579027;96.22725985515602
6.12;-19.2;119.60515817579027;96.22725985515602
6.06;-19.1143;119.60515817579027;96.22725985515602
5.97;-19.0857;119.60515817579027;96.22725985515602
5.9;-18.9714;119.60515817579027;96.22725985515602
5.82;-18.8857;119.60515817579027;96.22725985515602
5.72;-18.8286;119.60515817579027;96.22725985515602
5.62;-18.6857;119.60515817579027;96.22725985515602
5.5;-18.6;119.60515817579027;96.22725985515602
5.33;-18.6;119.60515817579027;96.22725985515602
4.77;-18.5143;119.60515817579027;96.22725985515602
4.57;-18.5714;119.60515817579027;96.22725985515602
4.31;-18.5429;119.60515817579027;96.22725985515602
4.04;-18.5143;119.60515817579027;96.22725985515602
3.73;-18.5143;119.60515817579027;96.22725985515602
3.37;-18.4286;119.60515817579027;96.22725985515602
2.96;-18.3714;119.60515817579027;96.22725985515602
2.52;-18.3429;119.60515817579027;96.22725985515602
2.03;-18.2571;119.60515817579027;96.22725985515602
1.51;-18.2286;119.60515817579027;96.22725985515602
0.46;-18.1714;119.60515817579027;96.22725985515602
0.76;-18.1143;119.60515817579027;96.22725985515602
1.35;-18.0857;119.60515817579027;96.22725985515602
2.13;-18.0286;119.60515817579027;96.22725985515602
2.99;-17.9714;119.60515817579027;96.22725985515602
3.91;-17.8857;119.60515817579027;96.22725985515602
4.83;-17.9143;119.60515817579027;96.22725985515602
5.7;-17.8286;119.60515817579027;96.22725985515602
6.5;-17.7429;119.60515817579027;96.22725985515602
7.41;-17.7429;119.60515817579027;96.22725985515602
10.09;-17.6286;119.60515817579027;96.22725985515602
10.92;-17.5714;119.60515817579027;96.22725985515602
11.89;-17.4286;119.60515817579027;96.22725985515602
12.87;-17.4286;119.60515817579027;96.22725985515602
13.85;-17.3714;119.60515817579027;96.22725985515602
14.86;-17.3429;119.60515817579027;96.22725985515602
15.86;-17.2857;119.60515817579027;96.22725985515602
16.83;-17.2286;119.60515817579027;96.22725985515602
17.83;-17.1714;119.60515817579027;96.22725985515602
18.8;-17.0857;119.60515817579027;96.22725985515602
21.73;-17.0857;119.60515817579027;96.22725985515602
22.71;-17.0;119.60515817579027;96.22725985515602
23.65;-16.8857;119.60515817579027;96.22725985515602
24.57;-16.8857;119.60515817579027;96.22725985515602
25.54;-16.8;119.60515817579027;96.22725985515602
26.47;-16.7429;119.60515817579027;96.22725985515602
27.5;-16.6;119.60515817579027;96.22725985515602
28.36;-16.6286;119.60515817579027;96.22725985515602
29.18;-16.6286;119.60515817579027;96.22725985515602
30.06;-16.5714;119.60515817579027;96.22725985515602
32.83;-16.4857;119.60515817579027;96.22725985515602
33.72;-16.4286;119.60515817579027;96.22725985515602
34.6;-16.4857;119.60515817579027;96.22725985515602
35.4;-16.4;119.60515817579027;96.22725985515602
36.24;-16.2571;119.60515817579027;96.22725985515602
37.0;-16.2286;119.60515817579027;96.22725985515602
37.78;-16.1429;119.60515817579027;96.22725985515602
38.59;-16.1714;119.60515817579027;96.22725985515602
39.18;-16.1143;119.60515817579027;96.22725985515602
39.99;-16.0571;119.60515817579027;96.22725985515602
42.34;-15.8857;119.60515817579027;96.22725985515602
43.11;-15.8286;119.60515817579027;96.22725985515602
43.74;-15.8;119.60515817579027;96.22725985515602
44.49;-15.6857;119.60515817579027;96.22725985515602
45.04;-15.7143;119.60515817579027;96.22725985515602
45.71;-15.6;119.60515817579027;96.22725985515602
46.38;-15.6;119.60515817579027;96.22725985515602
47.43;-15.4857;119.60515817579027;96.22725985515602
48.23;-15.4;119.60515817579027;96.22725985515602
48.94;-15.3429;119.60515817579027;96.22725985515602
50.99;-15.3143;119.60515817579027;96.22725985515602
51.53;-15.2;119.60515817579027;96.22725985515602
52.14;-15.1714;119.60515817579027;96.22725985515602
52.85;-15.0857;119.60515817579027;96.22725985515602
53.33;-15.0286;119.60515817579027;96.22725985515602
54.0;-14.9429;119.60515817579027;96.22725985515602
54.53;-14.9143;119.60515817579027;96.22725985515602
55.15;-14.8571;119.60515817579027;96.22725985515602
55.68;-14.8;119.60515817579027;96.22725985515602
56.27;-14.7714;119.60515817579027;96.22725985515602
58.5;-14.7714;119.60515817579027;96.22725985515602
58.84;-14.6857;119.60515817579027;96.22725985515602
59.35;-14.6286;119.60515817579027;96.22725985515602
60.09;-14.6;119.60515817579027;96.22725985515602
60.9;-14.5429;119.60515817579027;96.22725985515602
61.47;-14.5143;119.60515817579027;96.22725985515602
62.17;-14.4571;119.60515817579027;96.22725985515602
62.37;-14.4286;119.60515817579027;96.22725985515602
62.75;-14.4286;119.60515817579027;96.22725985515602
63.07;-14.3714;119.60515817579027;96.22725985515602
65.16;-14.3143;119.60515817579027;96.22725985515602
65.95;-14.2571;119.60515817579027;96.22725985515602
66.11;-14.2571;119.60515817579027;96.22725985515602
66.54;-14.2286;119.60515817579027;96.22725985515602
67.38;-14.1429;119.60515817579027;96.22725985515602
67.91;-14.1143;119.60515817579027;96.22725985515602
68.08;-14.0857;119.60515817579027;96.22725985515602
68.79;-14.0286;119.60515817579027;96.22725985515602
69.44;-13.9429;119.60515817579027;96.22725985515602
70.27;-13.8857;119.60515817579027;96.22725985515602
70.57;-13.8571;119.60515817579027;96.22725985515602
71.11;-13.8286;119.60515817579027;96.22725985515602
72.38;-13.7429;119.60515817579027;96.22725985515602
73.54;-13.7143;119.60515817579027;96.22725985515602
74.01;-13.6857;119.60515817579027;96.22725985515602
74.12;-13.6;119.60515817579027;96.22725985515602
74.68;-13.5429;119.60515817579027;96.22725985515602
75.73;-13.4571;119.60515817579027;96.22725985515602
76.14;-13.4571;119.60515817579027;96.22725985515602
77.19;-13.4571;119.60515817579027;96.22725985515602
78.71;-13.3429;119.60515817579027;96.22725985515602
78.8;-13.2857;119.60515817579027;96.22725985515602
79.11;-13.2857;119.60515817579027;96.22725985515602
79.79;-13.2286;119.60515817579027;96.22725985515602
80.32;-13.1714;119.60515817579027;96.22725985515602
80.01;-13.1714;119.60515817579027;96.22725985515602
80.34;-13.1143;119.60515817579027;96.22725985515602
81.29;-13.0571;119.60515817579027;96.22725985515602
82.08;-13.0;119.60515817579027;96.22725985515602
82.57;-12.9143;119.60515817579027;96.22725985515602
84.11;-12.9429;119.60515817579027;96.22725985515602
85.0;-12.8286;119.60515817579027;96.22725985515602
85.36;-12.7429;119.60515817579027;96.22725985515602
85.92;-12.7714;119.60515817579027;96.22725985515602
86.33;-12.6857;119.60515817579027;96.22725985515602
86.52;-12.6857;119.60515817579027;96.22725985515602
86.61;-12.6286;119.60515817579027;96.22725985515602
86.6;-12.6;119.60515817579027;96.22725985515602
87.53;-12.5429;119.60515817579027;96.22725985515602
87.96;-12.4571;119.60515817579027;96.22725985515602
88.45;-12.4857;119.60515817579027;96.22725985515602
88.69;-12.4286;119.60515817579027;96.22725985515602
89.44;-12.3429;119.60515817579027;96.22725985515602
90.4;-12.3143;119.60515817579027;96.22725985515602
90.9;-12.2286;119.60515817579027;96.22725985515602
91.12;-12.2286;119.60515817579027;96.22725985515602
91.13;-12.1429;119.60515817579027;96.22725985515602
91.49;-12.1429;119.60515817579027;96.22725985515602
91.82;-12.0571;119.60515817579027;96.22725985515602
91.91;-12.0;119.60515817579027;96.22725985515602
94.43;-11.9714;119.60515817579027;96.22725985515602
94.14;-11.9429;119.60515817579027;96.22725985515602
94.52;-11.9143;119.60515817579027;96.22725985515602
95.51;-11.8857;119.60515817579027;96.22725985515602
95.59;-11.8571;119.60515817579027;96.22725985515602
95.61;-11.8857;119.60515817579027;96.22725985515602
96.12;-11.7714;119.60515817579027;96.22725985515602
96.17;-11.8;119.60515817579027;96.22725985515602
95.9;-11.7143;119.60515817579027;96.22725985515602
95.66;-11.6857;119.60515817579027;96.22725985515602
97.5;-11.6571;119.60515817579027;96.22725985515602
97.96;-11.6571;119.60515817579027;96.22725985515602
97.85;-11.5714;119.60515817579027;96.22725985515602
98.48;-11.4571;119.60515817579027;96.22725985515602
99.16;-11.5429;119.60515817579027;96.22725985515602
99.24;-11.4571;119.60515817579027;96.22725985515602
99.23;-11.3714;119.60515817579027;96.22725985515602
100.11;-11.3429;119.60515817579027;96.22725985515602
100.55;-11.3143;119.60515817579027;96.22725985515602
100.72;-11.2;119.60515817579027;96.22725985515602
101.6;-11.1714;119.60515817579027;96.22725985515602
102.28;-11.1143;119.60515817579027;96.22725985515602
102.13;-11.0857;119.60515817579027;96.22725985515602
102.7;-11.0571;119.60515817579027;96.22725985515602
102.53;-11.0286;119.60515817579027;96.22725985515602
103.02;-10.9714;119.60515817579027;96.22725985515602
103.22;-10.8571;119.60515817579027;96.22725985515602
103.8;-10.8571;119.60515817579027;96.22725985515602
104.65;-10.8;119.60515817579027;96.22725985515602
104.13;-10.7714;119.60515817579027;96.22725985515602
105.68;-10.7429;119.60515817579027;96.22725985515602
106.11;-10.6571;119.60515817579027;96.22725985515602
106.45;-10.6286;119.60515817579027;96.22725985515602
106.98;-10.6;119.60515817579027;96.22725985515602
107.57;-10.6;119.60515817579027;96.22725985515602
108.52;-10.5143;119.60515817579027;96.22725985515602
109.08;-10.4571;119.60515817579027;96.22725985515602
108.96;-10.4286;119.60515817579027;96.22725985515602
108.83;-10.3714;119.60515817579027;96.22725985515602
108.38;-10.3143;119.60515817579027;96.22725985515602
108.4;-10.3143;119.60515817579027;96.22725985515602
109.6;-10.2571;119.60515817579027;96.22725985515602
109.92;-10.2;119.60515817579027;96.22725985515602
110.9;-10.1714;119.60515817579027;96.22725985515602
111.69;-10.0857;119.60515817579027;96.22725985515602
112.18;-10.0286;119.60515817579027;96.22725985515602
112.12;-10.0;119.60515817579027;96.22725985515602
112.2;-9.9714;119.60515817579027;96.22725985515602
112.56;-9.9429;119.60515817579027;96.22725985515602
113.0;-9.9143;119.60515817579027;96.22725985515602
114.52;-9.7714;119.60515817579027;96.22725985515602
114.91;-9.8;119.60515817579027;96.22725985515602
114.84;-9.7143;119.60515817579027;96.22725985515602
114.86;-9.7143;119.60515817579027;96.22725985515602
115.04;-9.6857;119.60515817579027;96.22725985515602
115.87;-9.6571;119.60515817579027;96.22725985515602
116.75;-9.6;119.60515817579027;96.22725985515602
117.12;-9.6;119.60515817579027;96.22725985515602
117.07;-9.4857;119.60515817579027;96.22725985515602
117.02;-9.4857;119.60515817579027;96.22725985515602
118.8;-9.3714;119.60515817579027;96.22725985515602
119.43;-9.3429;119.60515817579027;96.22725985515602
119.71;-9.3143;119.60515817579027;96.22725985515602
119.9;-9.2571;119.60515817579027;96.22725985515602
120.16;-9.2571;119.60515817579027;96.22725985515602
120.28;-9.2;119.60515817579027;96.22725985515602
120.42;-9.2;119.60515817579027;96.22725985515602
120.38;-9.1143;119.60515817579027;96.22725985515602
120.39;-9.1429;119.60515817579027;96.22725985515602
120.63;-9.0571;119.60515817579027;96.22725985515602
121.27;-8.9429;119.60515817579027;96.22725985515602
121.67;-8.9714;119.60515817579027;96.22725985515602
121.67;-8.9429;119.60515817579027;96.22725985515602
121.88;-8.8857;119.60515817579027;96.22725985515602
121.82;-8.8857;119.60515817579027;96.22725985515602
122.45;-8.7714;119.60515817579027;96.22725985515602
123.06;-8.7714;119.60515817579027;96.22725985515602
123.21;-8.7143;119.60515817579027;96.22725985515602
123.53;-8.6857;119.60515817579027;96.22725985515602
124.04;-8.5714;119.60515817579027;96.22725985515602
123.11;-8.5429;119.60515817579027;96.22725985515602
122.75;-8.4286;119.60515817579027;96.22725985515602
123.44;-8.4;119.60515817579027;96.22725985515602
124.09;-8.3714;119.60515817579027;96.22725985515602
125.02;-8.2857;119.60515817579027;96.22725985515602
125.06;-8.2857;119.60515817579027;96.22725985515602
124.97;-8.2571;119.60515817579027;96.22725985515602
125.05;-8.2;119.60515817579027;96.22725985515602
125.08;-8.1429;119.60515817579027;96.22725985515602
124.94;-8.1714;119.60515817579027;96.22725985515602
125.4;-8.0857;119.60515817579027;96.22725985515602
125.48;-8.0571;119.60515817579027;96.22725985515602
125.15;-8.0;119.60515817579027;96.22725985515602
125.09;-7.9714;119.60515817579027;96.22725985515602
125.35;-7.9429;119.60515817579027;96.22725985515602
125.42;-7.8857;119.60515817579027;96.22725985515602
125.63;-7.9143;119.60515817579027;96.22725985515602
125.92;-7.8;119.60515817579027;96.22725985515602
127.18;-7.7714;119.60515817579027;96.22725985515602
127.44;-7.7429;119.60515817579027;96.22725985515602
127.92;-7.6857;119.60515817579027;96.22725985515602
128.41;-7.6571;119.60515817579027;96.22725985515602
128.37;-7.5714;119.60515817579027;96.22725985515602
129.09;-7.6286;119.60515817579027;96.22725985515602
129.3;-7.4857;119.60515817579027;96.22725985515602
129.71;-7.5143;119.60515817579027;96.22725985515602
130.4;-7.4;119.60515817579027;96.22725985515602
129.9;-7.3714;119.60515817579027;96.22725985515602
130.08;-7.2857;119.60515817579027;96.22725985515602
130.49;-7.2857;119.60515817579027;96.22725985515602
130.7;-7.2571;119.60515817579027;96.22725985515602
130.59;-7.2286;119.60515817579027;96.22725985515602
130.66;-7.2286;119.60515817579027;96.22725985515602
131.19;-7.2;119.60515817579027;96.22725985515602
130.83;-7.1714;119.60515817579027;96.22725985515602
131.24;-7.0571;119.60515817579027;96.22725985515602
131.88;-7.0857;119.60515817579027;96.22725985515602
131.43;-7.0286;119.60515817579027;96.22725985515602
130.99;-7.0;119.60515817579027;96.22725985515602
130.74;-7.0;119.60515817579027;96.22725985515602
132.65;-6.9143;119.60515817579027;96.22725985515602
133.34;-6.8857;119.60515817579027;96.22725985515602
133.74;-6.8571;119.60515817579027;96.22725985515602
133.4;-6.7429;119.60515817579027;96.22725985515602
132.75;-6.7714;119.60515817579027;96.22725985515602
132.95;-6.7143;119.60515817579027;96.22725985515602
134.19;-6.7143;119.60515817579027;96.22725985515602
134.44;-6.6857;119.60515817579027;96.22725985515602
134.42;-6.6571;119.60515817579027;96.22725985515602
134.79;-6.6857;119.60515817579027;96.22725985515602
134.25;-6.5429;119.60515817579027;96.22725985515602
134.41;-6.5143;119.60515817579027;96.22725985515602
133.87;-6.5429;119.60515817579027;96.22725985515602
134.37;-6.4571;119.60515817579027;96.22725985515602
134.92;-6.4571;119.60515817579027;96.22725985515602
135.07;-6.4286;119.60515817579027;96.22725985515602
134.69;-6.3714;119.60515817579027;96.22725985515602
136.04;-6.2857;119.60515817579027;96.22725985515602
135.71;-6.2571;119.60515817579027;96.22725985515602
135.97;-6.2571;119.60515817579027;96.22725985515602
136.54;-6.2;119.60515817579027;96.22725985515602
136.59;-6.1429;119.60515817579027;96.22725985515602
136.66;-6.1143;119.60515817579027;96.22725985515602
136.89;-6.0857;119.60515817579027;96.22725985515602
137.16;-6.0;119.60515817579027;96.22725985515602
137.38;-5.9143;119.60515817579027;96.22725985515602
138.09;-5.8857;119.60515817579027;96.22725985515602
138.39;-5.8;119.60515817579027;96.22725985515602
137.81;-5.7143;119.60515817579027;96.22725985515602
137.48;-5.6857;119.60515817579027;96.22725985515602
139.7;-5.6;119.60515817579027;96.22725985515602
139.84;-5.4857;119.60515817579027;96.22725985515602
140.19;-5.4286;119.60515817579027;96.22725985515602
139.75;-5.2857;119.60515817579027;96.22725985515602
139.27;-5.2;119.60515817579027;96.22725985515602
140.21;-5.0571;119.60515817579027;96.22725985515602
139.75;-4.8;119.60515817579027;96.22725985515602
140.23;-4.6;119.60515817579027;96.22725985515602
140.52;-4.4286;119.60515817579027;96.22725985515602
140.65;-4.2286;119.60515817579027;96.22725985515602
140.22;-3.9429;119.60515817579027;96.22725985515602
140.01;-3.6;119.60515817579027;96.22725985515602
140.56;-3.3143;119.60515817579027;96.22725985515602
140.54;-2.9143;119.60515817579027;96.22725985515602
139.85;-2.3714;119.60515817579027;96.22725985515602
139.3;-1.8;119.60515817579027;96.22725985515602
139.04;-1.0286;119.60515817579027;96.22725985515602
138.86;-0.2286;119.60515817579027;96.22725985515602
138.55;0.7714;119.60515817579027;96.22725985515602
137.3;1.6857;119.60515817579027;96.22725985515602
138.13;2.2;119.60515817579027;96.22725985515602
137.63;2.6571;119.60515817579027;96.22725985515602
136.85;3.1429;119.60515817579027;96.22725985515602
137.19;3.6286;119.60515817579027;96.22725985515602
137.01;4.1714;119.60515817579027;96.22725985515602
135.78;4.7429;119.60515817579027;96.22725985515602
135.83;5.3429;119.60515817579027;96.22725985515602
135.7;5.9429;119.60515817579027;96.22725985515602
135.4;6.6286;119.60515817579027;96.22725985515602
135.06;7.3429;119.60515817579027;96.22725985515602
133.8;8.1714;119.60515817579027;96.22725985515602
133.0;8.9714;119.60515817579027;96.22725985515602
132.43;9.8286;119.60515817579027;96.22725985515602
132.34;10.6;119.60515817579027;96.22725985515602
131.87;11.4286;119.60515817579027;96.22725985515602
130.94;12.3714;119.60515817579027;96.22725985515602
130.77;13.3143;119.60515817579027;96.22725985515602
130.07;14.2571;119.60515817579027;96.22725985515602
129.5;15.2571;119.60515817579027;96.22725985515602
130.4;16.1429;119.60515817579027;96.22725985515602
128.84;17.1429;119.60515817579027;96.22725985515602
127.73;18.0;119.60515817579027;96.22725985515602
126.6;18.9714;119.60515817579027;96.22725985515602
126.76;19.8;119.60515817579027;96.22725985515602
126.68;20.6;119.60515817579027;96.22725985515602
126.61;21.6571;119.60515817579027;96.22725985515602
126.37;22.5143;119.60515817579027;96.22725985515602
126.73;23.2857;119.60515817579027;96.22725985515602
126.09;24.3143;119.60515817579027;96.22725985515602
125.47;25.0286;119.60515817579027;96.22725985515602
123.94;26.0286;119.60515817579027;96.22725985515602
123.98;26.7429;119.60515817579027;96.22725985515602
123.62;27.6571;119.60515817579027;96.22725985515602
123.1;28.4571;119.60515817579027;96.22725985515602
121.37;29.2286;119.60515817579027;96.22725985515602
120.68;30.0286;119.60515817579027;96.22725985515602
119.8;30.8857;119.60515817579027;96.22725985515602
120.04;31.7143;119.60515817579027;96.22725985515602
120.03;32.5429;119.60515817579027;96.22725985515602
119.28;33.3429;119.60515817579027;96.22725985515602
117.08;34.2286;119.60515817579027;96.22725985515602
117.65;34.8571;119.60515817579027;96.22725985515602
117.4;35.6286;119.60515817579027;96.22725985515602
116.87;36.4;119.60515817579027;96.22725985515602
116.42;37.0571;119.60515817579027;96.22725985515602
115.9;37.8571;119.60515817579027;96.22725985515602
116.32;38.5714;119.60515817579027;96.22725985515602
116.04;39.2857;119.60515817579027;96.22725985515602
115.79;40.1429;119.60515817579027;96.22725985515602
116.47;40.8571;119.60515817579027;96.22725985515602
114.17;41.4857;119.60515817579027;96.22725985515602
114.59;42.2571;119.60515817579027;96.22725985515602
115.04;42.7429;119.60515817579027;96.22725985515602
114.56;43.6286;119.60515817579027;96.22725985515602
113.28;44.2286;119.60515817579027;96.22725985515602
112.99;45.1429;119.60515817579027;96.22725985515602
113.06;45.7143;119.60515817579027;96.22725985515602
111.62;46.5429;119.60515817579027;96.22725985515602
111.94;47.0286;119.60515817579027;96.22725985515602
112.54;47.7143;119.60515817579027;96.22725985515602
111.98;48.2286;119.60515817579027;96.22725985515602
110.9;49.3714;119.60515817579027;96.22725985515602
109.94;49.6;119.60515817579027;96.22725985515602
109.3;50.0286;119.60515817579027;96.22725985515602
109.97;50.7714;119.60515817579027;96.22725985515602
109.89;51.2;119.60515817579027;96.22725985515602
109.86;51.8;119.60515817579027;96.22725985515602
109.14;52.4286;119.60515817579027;96.22725985515602
108.24;53.0286;119.60515817579027;96.22725985515602
107.66;53.8857;119.60515817579027;96.22725985515602
105.67;54.4857;119.60515817579027;96.22725985515602
105.31;55.0286;119.60515817579027;96.22725985515602
105.4;55.2;119.60515817579027;96.22725985515602
105.04;56.3429;119.60515817579027;96.22725985515602
105.32;56.7143;119.60515817579027;96.22725985515602
105.21;57.6857;119.60515817579027;96.22725985515602
104.01;58.3143;119.60515817579027;96.22725985515602
104.99;59.2286;119.60515817579027;96.22725985515602
105.18;59.9429;119.60515817579027;96.22725985515602
104.42;60.4;119.60515817579027;96.22725985515602
102.67;60.9429;119.60515817579027;96.22725985515602
102.57;60.9143;119.60515817579027;96.22725985515602
103.17;60.8857;119.60515817579027;96.22725985515602
102.63;61.4857;119.60515817579027;96.22725985515602
102.13;60.6857;119.60515817579027;96.22725985515602
101.92;63.3429;119.60515817579027;96.22725985515602
102.38;63.4;119.60515817579027;96.22725985515602
102.64;64.2;119.60515817579027;96.22725985515602
102.81;64.6857;119.60515817579027;96.22725985515602
102.23;65.8857;119.60515817579027;96.22725985515602
100.26;66.9143;119.60515817579027;96.22725985515602
99.8;66.6857;119.60515817579027;96.22725985515602
99.9;68.0;119.60515817579027;96.22725985515602
99.53;67.6857;119.60515817579027;96.22725985515602
99.76;69.2286;119.60515817579027;96.22725985515602
99.03;69.2;119.60515817579027;96.22725985515602
99.1;69.0857;119.60515817579027;96.22725985515602
98.48;68.6571;119.60515817579027;96.22725985515602
98.68;68.9714;119.60515817579027;96.22725985515602
98.73;71.1714;119.60515817579027;96.22725985515602
97.75;71.6571;119.60515817579027;96.22725985515602
97.64;72.4571;119.60515817579027;96.22725985515602
97.41;72.2857;119.60515817579027;96.22725985515602
97.32;71.7714;119.60515817579027;96.22725985515602
96.73;74.3429;119.60515817579027;96.22725985515602
96.9;74.4857;119.60515817579027;96.22725985515602
96.29;76.2;119.60515817579027;96.22725985515602
95.86;76.8286;119.60515817579027;96.22725985515602
95.59;77.2857;119.60515817579027;96.22725985515602
95.71;77.4571;119.60515817579027;96.22725985515602
94.8;76.7429;119.60515817579027;96.22725985515602
93.77;78.3429;119.60515817579027;96.22725985515602
93.78;78.4857;119.60515817579027;96.22725985515602
93.01;79.0857;119.60515817579027;96.22725985515602
92.49;77.7429;119.60515817579027;96.22725985515602
91.72;78.3143;119.60515817579027;96.22725985515602
91.06;79.8857;119.60515817579027;96.22725985515602
91.26;80.6857;119.60515817579027;96.22725985515602
90.85;81.4571;119.60515817579027;96.22725985515602
91.44;82.8857;119.60515817579027;96.22725985515602
89.54;82.8857;119.60515817579027;96.22725985515602
89.17;82.6286;119.60515817579027;96.22725985515602
89.03;82.4286;119.60515817579027;96.22725985515602
88.99;83.5714;119.60515817579027;96.22725985515602
88.99;83.4571;119.60515817579027;96.22725985515602
89.28;84.7714;119.60515817579027;96.22725985515602
88.94;85.3714;119.60515817579027;96.22725985515602
89.36;85.5143;119.60515817579027;96.22725985515602
89.19;86.1429;119.60515817579027;96.22725985515602
89.05;85.4286;119.60515817579027;96.22725985515602
88.1;86.8857;119.60515817579027;96.22725985515602
87.6;88.6571;119.60515817579027;96.22725985515602
87.13;87.7429;119.60515817579027;96.22725985515602
87.35;86.0286;119.60515817579027;96.22725985515602
87.27;86.9714;119.60515817579027;96.22725985515602
86.63;89.5429;119.60515817579027;96.22725985515602
86.79;90.4571;119.60515817579027;96.22725985515602
86.96;90.0857;119.60515817579027;96.22725985515602
86.56;89.6571;119.60515817579027;96.22725985515602
86.65;88.4571;119.60515817579027;96.22725985515602
85.28;89.6571;119.60515817579027;96.22725985515602
84.93;91.0286;119.60515817579027;96.22725985515602
85.2;90.6286;119.60515817579027;96.22725985515602
84.83;93.5714;119.60515817579027;96.22725985515602
84.48;93.4;119.60515817579027;96.22725985515602
84.38;94.1429;119.60515817579027;96.22725985515602
84.22;93.4286;119.60515817579027;96.22725985515602
83.83;92.8857;119.60515817579027;96.22725985515602
83.64;94.7714;119.60515817579027;96.22725985515602
83.7;94.5143;119.60515817579027;96.22725985515602
82.73;94.2286;119.60515817579027;96.22725985515602
82.93;95.4286;119.60515817579027;96.22725985515602
83.26;94.7429;119.60515817579027;96.22725985515602
83.37;94.8;119.60515817579027;96.22725985515602
82.89;93.1429;119.60515817579027;96.22725985515602
82.46;94.4857;119.60515817579027;96.22725985515602
82.03;94.8857;119.60515817579027;96.22725985515602
81.09;96.3143;119.60515817579027;96.22725985515602
80.8;96.3143;119.60515817579027;96.22725985515602
81.12;97.7714;119.60515817579027;96.22725985515602
81.26;98.8286;119.60515817579027;96.22725985515602
81.25;99.4857;119.60515817579027;96.22725985515602
81.07;99.8;119.60515817579027;96.22725985515602
80.85;97.6571;119.60515817579027;96.22725985515602
80.41;101.3714;119.60515817579027;96.22725985515602
79.95;100.2571;119.60515817579027;96.22725985515602
79.71;100.8286;119.60515817579027;96.22725985515602
79.27;101.3429;119.60515817579027;96.22725985515602
79.03;101.6857;119.60515817579027;96.22725985515602
78.28;102.0286;119.60515817579027;96.22725985515602
77.51;102.6571;119.60515817579027;96.22725985515602
77.6;101.5143;119.60515817579027;96.22725985515602
77.43;102.5143;119.60515817579027;96.22725985515602
77.29;103.2571;119.60515817579027;96.22725985515602
77.18;103.1714;119.60515817579027;96.22725985515602
76.63;104.6857;119.60515817579027;96.22725985515602
76.45;102.4857;119.60515817579027;96.22725985515602
75.85;103.6571;119.60515817579027;96.22725985515602
76.07;105.1714;119.60515817579027;96.22725985515602
76.85;103.9429;119.60515817579027;96.22725985515602
75.53;106.2;119.60515817579027;96.22725985515602
75.59;107.6286;119.60515817579027;96.22725985515602
75.51;103.4571;119.60515817579027;96.22725985515602
75.6;105.5143;119.60515817579027;96.22725985515602
75.01;106.8;119.60515817579027;96.22725985515602
74.59;108.2857;119.60515817579027;96.22725985515602
74.84;108.0;119.60515817579027;96.22725985515602
74.48;110.0286;119.60515817579027;96.22725985515602
74.45;110.6571;119.60515817579027;96.22725985515602
73.83;110.9714;119.60515817579027;96.22725985515602
72.55;110.3143;119.60515817579027;96.22725985515602
72.56;109.9143;119.60515817579027;96.22725985515602
72.87;109.1714;119.60515817579027;96.22725985515602
73.01;107.9429;119.60515817579027;96.22725985515602
73.22;110.0;119.60515817579027;96.22725985515602
73.12;109.7429;119.60515817579027;96.22725985515602
72.96;112.2;119.60515817579027;96.22725985515602
72.68;110.9714;119.60515817579027;96.22725985515602
72.65;112.6286;119.60515817579027;96.22725985515602
72.1;111.4286;119.60515817579027;96.22725985515602
70.78;110.1714;119.60515817579027;96.22725985515602
71.13;113.3429;119.60515817579027;96.22725985515602
71.04;112.6;119.60515817579027;96.22725985515602
70.7;114.2;119.60515817579027;96.22725985515602
70.7;115.2;119.60515817579027;96.22725985515602
70.26;114.2;119.60515817579027;96.22725985515602
70.5;115.8857;119.60515817579027;96.22725985515602
70.77;114.1143;119.60515817579027;96.22725985515602
70.38;113.4286;119.60515817579027;96.22725985515602
70.01;115.5429;119.60515817579027;96.22725985515602
69.41;115.2857;119.60515817579027;96.22725985515602
69.29;116.8857;119.60515817579027;96.22725985515602
68.91;115.1714;119.60515817579027;96.22725985515602
69.11;116.0857;119.60515817579027;96.22725985515602
69.23;117.3429;119.60515817579027;96.22725985515602
69.3;116.1714;119.60515817579027;96.22725985515602
69.11;115.3143;119.60515817579027;96.22725985515602
68.75;118.4857;119.60515817579027;96.22725985515602
68.95;119.8286;119.60515817579027;96.22725985515602
68.8;118.7714;119.60515817579027;96.22725985515602
67.07;118.6857;119.60515817579027;96.22725985515602
67.06;119.2571;119.60515817579027;96.22725985515602
66.84;119.4857;119.60515817579027;96.22725985515602
66.66;119.6;119.60515817579027;96.22725985515602
66.36;120.4571;119.60515817579027;96.22725985515602
66.81;121.4;119.60515817579027;96.22725985515602
67.07;121.2857;119.60515817579027;96.22725985515602
66.8;120.1714;119.60515817579027;96.22725985515602
65.83;119.5714;119.60515817579027;96.22725985515602
65.75;119.9143;119.60515817579027;96.22725985515602
65.71;121.5143;119.60515817579027;96.22725985515602
65.74;120.4;119.60515817579027;96.22725985515602
65.19;121.9143;119.60515817579027;96.22725985515602
65.02;121.6571;119.60515817579027;96.22725985515602
64.6;121.3714;119.60515817579027;96.22725985515602
64.86;123.1429;119.60515817579027;96.22725985515602
64.87;123.5714;119.60515817579027;96.22725985515602
64.67;123.1429;119.60515817579027;96.22725985515602
64.19;122.6286;119.60515817579027;96.22725985515602
63.7;123.1429;119.60515817579027;96.22725985515602
63.93;123.2857;119.60515817579027;96.22725985515602
63.71;123.8;119.60515817579027;96.22725985515602
63.23;124.2857;119.60515817579027;96.22725985515602
63.08;124.4286;119.60515817579027;96.22725985515602
62.52;123.6857;119.60515817579027;96.22725985515602
62.27;124.9429;119.60515817579027;96.22725985515602
62.33;124.2571;119.60515817579027;96.22725985515602
62.0;125.4857;119.60515817579027;96.22725985515602
62.42;124.6286;119.60515817579027;96.22725985515602
62.83;125.0571;119.60515817579027;96.22725985515602
62.54;125.8571;119.60515817579027;96.22725985515602
62.08;125.3143;119.60515817579027;96.22725985515602
61.34;125.2571;119.60515817579027;96.22725985515602
61.03;125.0571;119.60515817579027;96.22725985515602
60.7;124.3714;119.60515817579027;96.22725985515602
60.64;124.0;119.60515817579027;96.22725985515602
60.43;125.7143;119.60515817579027;96.22725985515602
60.04;127.1714;119.60515817579027;96.22725985515602
60.39;126.2857;119.60515817579027;96.22725985515602
60.32;126.4571;119.60515817579027;96.22725985515602
60.65;125.9143;119.60515817579027;96.22725985515602
60.26;127.2857;119.60515817579027;96.22725985515602
60.19;127.4;119.60515817579027;96.22725985515602
60.27;127.2;119.60515817579027;96.22725985515602
60.28;127.7143;119.60515817579027;96.22725985515602
60.26;128.4;119.60515817579027;96.22725985515602
60.21;127.7714;119.60515817579027;96.22725985515602
59.75;127.8;119.60515817579027;96.22725985515602
59.4;127.8571;119.60515817579027;96.22725985515602
59.39;129.0;119.60515817579027;96.22725985515602
58.47;128.2571;119.60515817579027;96.22725985515602
58.44;129.3143;119.60515817579027;96.22725985515602
58.33;129.8286;119.60515817579027;96.22725985515602
58.15;129.6857;119.60515817579027;96.22725985515602
57.62;129.7429;119.60515817579027;96.22725985515602
57.36;130.0571;119.60515817579027;96.22725985515602
57.05;130.0571;119.60515817579027;96.22725985515602
56.81;130.4;119.60515817579027;96.22725985515602
57.0;129.5429;119.60515817579027;96.22725985515602
56.67;130.1143;119.60515817579027;96.22725985515602
56.43;129.9143;119.60515817579027;96.22725985515602
56.23;130.1429;119.60515817579027;96.22725985515602
56.44;129.5429;119.60515817579027;96.22725985515602
56.63;130.9714;119.60515817579027;96.22725985515602
56.41;131.4571;119.60515817579027;96.22725985515602
56.14;131.4571;119.60515817579027;96.22725985515602
55.51;130.6857;119.60515817579027;96.22725985515602
55.39;131.4571;119.60515817579027;96.22725985515602
55.6;131.6;119.60515817579027;96.22725985515602
55.01;132.5143;119.60515817579027;96.22725985515602
54.84;132.5714;119.60515817579027;96.22725985515602
54.44;133.0571;119.60515817579027;96.22725985515602
54.26;132.3143;119.60515817579027;96.22725985515602
53.8;133.0;119.60515817579027;96.22725985515602
53.65;132.7714;119.60515817579027;96.22725985515602
54.08;134.0571;119.60515817579027;96.22725985515602
54.21;133.2571;119.60515817579027;96.22725985515602
53.91;134.1143;119.60515817579027;96.22725985515602
53.37;133.7143;119.60515817579027;96.22725985515602
53.36;133.9714;119.60515817579027;96.22725985515602
53.01;133.4857;119.60515817579027;96.22725985515602
52.62;134.2286;119.60515817579027;96.22725985515602
52.48;134.1714;119.60515817579027;96.22725985515602
52.78;134.2286;119.60515817579027;96.22725985515602
52.59;134.9714;119.60515817579027;96.22725985515602
52.29;134.1714;119.60515817579027;96.22725985515602
52.45;133.7429;119.60515817579027;96.22725985515602
52.58;133.8286;119.60515817579027;96.22725985515602
52.54;134.1429;119.60515817579027;96.22725985515602
52.22;135.5429;119.60515817579027;96.22725985515602
51.56;135.5429;119.60515817579027;96.22725985515602
51.84;135.4;119.60515817579027;96.22725985515602
51.67;136.0571;119.60515817579027;96.22725985515602
51.01;137.1143;119.60515817579027;96.22725985515602
50.49;138.4571;119.60515817579027;96.22725985515602
50.54;138.0286;119.60515817579027;96.22725985515602
50.71;138.0;119.60515817579027;96.22725985515602
50.83;136.1714;119.60515817579027;96.22725985515602
50.74;136.5714;119.60515817579027;96.22725985515602
50.85;136.0571;119.60515817579027;96.22725985515602
50.38;137.3714;119.60515817579027;96.22725985515602
50.43;138.2286;119.60515817579027;96.22725985515602
50.33;137.3714;119.60515817579027;96.22725985515602
50.48;138.3143;119.60515817579027;96.22725985515602
50.73;138.4286;119.60515817579027;96.22725985515602
50.81;138.5143;119.60515817579027;96.22725985515602
50.76;139.0286;119.60515817579027;96.22725985515602
50.65;139.4571;119.60515817579027;96.22725985515602
50.37;138.3143;119.60515817579027;96.22725985515602
49.93;137.1143;119.60515817579027;96.22725985515602
48.7;139.0;119.60515817579027;96.22725985515602
48.56;136.2857;119.60515817579027;96.22725985515602
48.55;140.2857;119.60515817579027;96.22725985515602
48.6;138.8;119.60515817579027;96.22725985515602
48.52;140.7429;119.60515817579027;96.22725985515602
48.01;139.0;119.60515817579027;96.22725985515602
47.83;139.4857;119.60515817579027;96.22725985515602
48.01;139.5429;119.60515817579027;96.22725985515602
48.1;139.1143;119.60515817579027;96.22725985515602
47.99;138.2286;119.60515817579027;96.22725985515602
47.35;140.9429;119.60515817579027;96.22725985515602
47.32;138.6286;119.60515817579027;96.22725985515602
47.12;139.6;119.60515817579027;96.22725985515602
46.67;140.2857;119.60515817579027;96.22725985515602
46.38;139.4857;119.60515817579027;96.22725985515602
46.18;140.0857;119.60515817579027;96.22725985515602
45.8;137.6286;119.60515817579027;96.22725985515602
45.66;138.6;119.60515817579027;96.22725985515602
45.5;138.1143;119.60515817579027;96.22725985515602
45.16;138.6571;119.60515817579027;96.22725985515602
45.39;137.5429;119.60515817579027;96.22725985515602
45.07;136.8857;119.60515817579027;96.22725985515602
45.33;137.2571;119.60515817579027;96.22725985515602
45.61;136.3714;119.60515817579027;96.22725985515602
45.82;135.2;119.60515817579027;96.22725985515602
45.55;135.4571;119.60515817579027;96.22725985515602
45.22;134.4857;119.60515817579027;96.22725985515602
45.11;134.9714;119.60515817579027;96.22725985515602
45.17;134.4571;119.60515817579027;96.22725985515602
44.92;134.5714;119.60515817579027;96.22725985515602
44.22;133.1714;119.60515817579027;96.22725985515602
44.29;133.0;119.60515817579027;96.22725985515602
44.06;133.0;119.60515817579027;96.22725985515602
43.76;132.5714;119.60515817579027;96.22725985515602
43.48;132.1143;119.60515817579027;96.22725985515602
43.64;130.8857;119.60515817579027;96.22725985515602
43.89;131.7143;119.60515817579027;96.22725985515602
43.92;130.4286;119.60515817579027;96.22725985515602
43.65;130.1143;119.60515817579027;96.22725985515602
43.4;128.2857;119.60515817579027;96.22725985515602
43.0;129.4857;119.60515817579027;96.22725985515602
42.48;128.3714;119.60515817579027;96.22725985515602
42.22;128.4857;119.60515817579027;96.22725985515602
42.08;128.2286;119.60515817579027;96.22725985515602
42.01;128.0571;119.60515817579027;96.22725985515602
42.09;126.6571;119.60515817579027;96.22725985515602
42.15;126.6;119.60515817579027;96.22725985515602
42.19;126.1143;119.60515817579027;96.22725985515602
41.81;125.7429;119.60515817579027;96.22725985515602
41.52;126.5714;119.60515817579027;96.22725985515602
41.4;125.9429;119.60515817579027;96.22725985515602
41.19;124.9429;119.60515817579027;96.22725985515602
41.25;124.0571;119.60515817579027;96.22725985515602
41.26;123.3143;119.60515817579027;96.22725985515602
41.02;123.5143;119.60515817579027;96.22725985515602
40.92;123.3429;119.60515817579027;96.22725985515602
40.8;123.2;119.60515817579027;96.22725985515602
40.89;123.0571;119.60515817579027;96.22725985515602
40.91;122.7143;119.60515817579027;96.22725985515602
40.75;119.7429;119.60515817579027;96.22725985515602
40.5;120.6286;119.60515817579027;96.22725985515602
40.69;118.0286;119.60515817579027;96.22725985515602
40.59;117.4571;119.60515817579027;96.22725985515602
40.43;121.1714;119.60515817579027;96.22725985515602
40.29;117.9143;119.60515817579027;96.22725985515602
40.23;117.6857;119.60515817579027;96.22725985515602
40.01;116.5429;119.60515817579027;96.22725985515602
39.9;117.2857;119.60515817579027;96.22725985515602
40.2;117.5143;119.60515817579027;96.22725985515602
40.05;116.2571;119.60515817579027;96.22725985515602
39.32;114.9143;119.60515817579027;96.22725985515602
39.03;117.8;119.60515817579027;96.22725985515602
38.83;113.8;119.60515817579027;96.22725985515602
38.86;117.7714;119.60515817579027;96.22725985515602
38.53;115.4;119.60515817579027;96.22725985515602
38.66;112.8;119.60515817579027;96.22725985515602
38.78;116.3429;119.60515817579027;96.22725985515602
38.46;113.9714;119.60515817579027;96.22725985515602
38.37;113.9143;119.60515817579027;96.22725985515602
38.25;110.9143;119.60515817579027;96.22725985515602
38.18;112.8286;119.60515817579027;96.22725985515602
38.55;113.7143;119.60515817579027;96.22725985515602
38.71;113.8857;119.60515817579027;96.22725985515602
38.55;110.6286;119.60515817579027;96.22725985515602
38.48;112.7429;119.60515817579027;96.22725985515602
38.14;113.0571;119.60515817579027;96.22725985515602
37.75;111.6857;119.60515817579027;96.22725985515602
37.48;113.3429;119.60515817579027;96.22725985515602
37.39;111.4857;119.60515817579027;96.22725985515602
37.23;112.0571;119.60515817579027;96.22725985515602
37.34;111.8286;119.60515817579027;96.22725985515602
37.12;110.6;119.60515817579027;96.22725985515602
36.91;111.2;119.60515817579027;96.22725985515602
36.9;109.4;119.60515817579027;96.22725985515602
36.73;108.4286;119.60515817579027;96.22725985515602
36.39;111.1143;119.60515817579027;96.22725985515602
36.23;109.1429;119.60515817579027;96.22725985515602
35.95;110.5143;119.60515817579027;96.22725985515602
35.67;107.6286;119.60515817579027;96.22725985515602
35.44;107.3429;119.60515817579027;96.22725985515602
35.01;105.5143;119.60515817579027;96.22725985515602
34.91;105.8286;119.60515817579027;96.22725985515602
35.24;105.2;119.60515817579027;96.22725985515602
35.32;103.5429;119.60515817579027;96.22725985515602
35.24;105.2;119.60515817579027;96.22725985515602
35.19;105.4571;119.60515817579027;96.22725985515602
35.12;102.2286;119.60515817579027;96.22725985515602
35.07;106.1714;119.60515817579027;96.22725985515602
34.91;105.1429;119.60515817579027;96.22725985515602
34.87;103.4571;119.60515817579027;96.22725985515602
34.45;103.7714;119.60515817579027;96.22725985515602
34.19;104.0571;119.60515817579027;96.22725985515602
34.22;103.4286;119.60515817579027;96.22725985515602
34.3;102.6857;119.60515817579027;96.22725985515602
34.34;100.8571;119.60515817579027;96.22725985515602
34.24;102.2286;119.60515817579027;96.22725985515602
33.92;100.9714;119.60515817579027;96.22725985515602
33.79;103.7143;119.60515817579027;96.22725985515602
33.82;100.1429;119.60515817579027;96.22725985515602
33.68;102.3429;119.60515817579027;96.22725985515602
33.32;99.0;119.60515817579027;96.22725985515602
33.48;101.0;119.60515817579027;96.22725985515602
33.57;99.9429;119.60515817579027;96.22725985515602
33.67;99.6571;119.60515817579027;96.22725985515602
33.52;100.0571;119.60515817579027;96.22725985515602
33.4;99.3429;119.60515817579027;96.22725985515602
33.18;100.0286;119.60515817579027;96.22725985515602
32.94;98.4286;119.60515817579027;96.22725985515602
32.75;97.2571;119.60515817579027;96.22725985515602
32.64;99.6;119.60515817579027;96.22725985515602
32.16;97.8;119.60515817579027;96.22725985515602
32.02;98.2286;119.60515817579027;96.22725985515602
32.07;97.0286;119.60515817579027;96.22725985515602
32.07;97.2286;119.60515817579027;96.22725985515602
32.08;96.4286;119.60515817579027;96.22725985515602
31.95;96.7429;119.60515817579027;96.22725985515602
32.05;97.0857;119.60515817579027;96.22725985515602
31.94;97.0286;119.60515817579027;96.22725985515602
31.38;96.5429;119.60515817579027;96.22725985515602
31.29;95.5143;119.60515817579027;96.22725985515602
30.84;95.9429;119.60515817579027;96.22725985515602
30.8;95.4857;119.60515817579027;96.22725985515602
30.82;95.5429;119.60515817579027;96.22725985515602
30.78;94.9429;119.60515817579027;96.22725985515602
30.67;94.9714;119.60515817579027;96.22725985515602
30.48;94.6286;119.60515817579027;96.22725985515602
30.53;94.3429;119.60515817579027;96.22725985515602
30.45;94.7429;119.60515817579027;96.22725985515602
30.51;94.4;119.60515817579027;96.22725985515602
30.55;94.2571;119.60515817579027;96.22725985515602
29.95;92.9143;119.60515817579027;96.22725985515602
30.02;93.8;119.60515817579027;96.22725985515602
29.92;91.4857;119.60515817579027;96.22725985515602
29.91;92.2857;119.60515817579027;96.22725985515602
29.71;90.3714;119.60515817579027;96.22725985515602
29.6;91.1143;119.60515817579027;96.22725985515602
29.6;90.0286;119.60515817579027;96.22725985515602
29.63;87.1714;119.60515817579027;96.22725985515602
29.58;90.9714;119.60515817579027;96.22725985515602
29.42;89.5714;119.60515817579027;96.22725985515602
29.4;89.2571;119.60515817579027;96.22725985515602
29.28;90.4571;119.60515817579027;96.22725985515602
29.05;89.2;119.60515817579027;96.22725985515602
29.0;88.3429;119.60515817579027;96.22725985515602
28.94;88.0;119.60515817579027;96.22725985515602
29.0;88.5714;119.60515817579027;96.22725985515602
29.0;87.2857;119.60515817579027;96.22725985515602
28.9;86.5429;119.60515817579027;96.22725985515602
28.62;88.2571;119.60515817579027;96.22725985515602
28.55;86.7429;119.60515817579027;96.22725985515602
28.27;87.0857;119.60515817579027;96.22725985515602
28.33;86.7714;119.60515817579027;96.22725985515602
28.32;88.1429;119.60515817579027;96.22725985515602
28.33;86.6571;119.60515817579027;96.22725985515602
28.33;87.3429;119.60515817579027;96.22725985515602
28.21;86.7143;119.60515817579027;96.22725985515602
28.24;86.7429;119.60515817579027;96.22725985515602
28.07;84.6857;119.60515817579027;96.22725985515602
27.89;86.0857;119.60515817579027;96.22725985515602
27.78;85.5429;119.60515817579027;96.22725985515602
27.51;84.8571;119.60515817579027;96.22725985515602
27.48;84.9714;119.60515817579027;96.22725985515602
27.51;84.3143;119.60515817579027;96.22725985515602
27.29;84.6;119.60515817579027;96.22725985515602
27.28;84.9714;119.60515817579027;96.22725985515602
27.19;84.3143;119.60515817579027;96.22725985515602
27.2;83.1143;119.60515817579027;96.22725985515602
27.03;84.2571;119.60515817579027;96.22725985515602
26.93;81.5714;119.60515817579027;96.22725985515602
26.79;84.9714;119.60515817579027;96.22725985515602
26.34;83.6286;119.60515817579027;96.22725985515602
26.19;83.8857;119.60515817579027;96.22725985515602
26.11;84.7429;119.60515817579027;96.22725985515602
26.15;83.7143;119.60515817579027;96.22725985515602
26.24;83.5429;119.60515817579027;96.22725985515602
26.28;81.8571;119.60515817579027;96.22725985515602
26.27;82.6571;119.60515817579027;96.22725985515602
26.3;82.4857;119.60515817579027;96.22725985515602
26.32;81.4;119.60515817579027;96.22725985515602
26.32;81.3429;119.60515817579027;96.22725985515602
25.93;82.0286;119.60515817579027;96.22725985515602
25.76;81.6857;119.60515817579027;96.22725985515602
25.67;81.3143;119.60515817579027;96.22725985515602
25.62;80.9429;119.60515817579027;96.22725985515602
25.64;80.2;119.60515817579027;96.22725985515602
25.57;80.9143;119.60515817579027;96.22725985515602
25.48;78.9714;119.60515817579027;96.22725985515602
25.35;78.2571;119.60515817579027;96.22725985515602
25.18;79.5143;119.60515817579027;96.22725985515602
24.96;79.0571;119.60515817579027;96.22725985515602
24.81;80.4286;119.60515817579027;96.22725985515602
24.7;80.1714;119.60515817579027;96.22725985515602
24.66;80.7714;119.60515817579027;96.22725985515602
24.51;80.1143;119.60515817579027;96.22725985515602
24.35;79.0857;119.60515817579027;96.22725985515602
24.19;79.1429;119.60515817579027;96.22725985515602
24.15;79.4286;119.60515817579027;96.22725985515602
24.2;79.1429;119.60515817579027;96.22725985515602
24.22;79.3714;119.60515817579027;96.22725985515602
24.17;78.0857;119.60515817579027;96.22725985515602
23.95;77.2286;119.60515817579027;96.22725985515602
23.87;76.6571;119.60515817579027;96.22725985515602
23.78;76.0286;119.60515817579027;96.22725985515602
23.63;76.3143;119.60515817579027;96.22725985515602
23.5;76.0571;119.60515817579027;96.22725985515602
23.38;75.6286;119.60515817579027;96.22725985515602
23.25;76.8286;119.60515817579027;96.22725985515602
23.19;75.5714;119.60515817579027;96.22725985515602
23.18;75.7429;119.60515817579027;96.22725985515602
23.14;76.0286;119.60515817579027;96.22725985515602
22.87;75.0571;119.60515817579027;96.22725985515602
22.86;76.8857;119.60515817579027;96.22725985515602
22.83;75.7714;119.60515817579027;96.22725985515602
22.85;75.3714;119.60515817579027;96.22725985515602
22.79;74.1143;119.60515817579027;96.22725985515602
22.65;73.8286;119.60515817579027;96.22725985515602
22.47;74.0857;119.60515817579027;96.22725985515602
22.46;73.5714;119.60515817579027;96.22725985515602
22.32;73.6;119.60515817579027;96.22725985515602
22.23;73.9143;119.60515817579027;96.22725985515602
22.08;72.0;119.60515817579027;96.22725985515602
21.88;73.9143;119.60515817579027;96.22725985515602
21.86;73.0;119.60515817579027;96.22725985515602
21.87;73.6571;119.60515817579027;96.22725985515602
21.79;72.7714;119.60515817579027;96.22725985515602
21.71;71.6857;119.60515817579027;96.22725985515602
21.64;72.2;119.60515817579027;96.22725985515602
21.5;70.7143;119.60515817579027;96.22725985515602
21.33;71.5714;119.60515817579027;96.22725985515602
21.3;70.6857;119.60515817579027;96.22725985515602
21.07;71.4857;119.60515817579027;96.22725985515602
21.05;71.7429;119.60515817579027;96.22725985515602
20.96;71.0286;119.60515817579027;96.22725985515602
20.89;71.0571;119.60515817579027;96.22725985515602
20.92;70.2286;119.60515817579027;96.22725985515602
20.91;71.2571;119.60515817579027;96.22725985515602
20.81;70.4;119.60515817579027;96.22725985515602
20.65;70.6571;119.60515817579027;96.22725985515602
20.64;69.8286;119.60515817579027;96.22725985515602
20.61;69.8857;119.60515817579027;96.22725985515602
20.38;70.3714;119.60515817579027;96.22725985515602
20.25;70.2571;119.60515817579027;96.22725985515602
20.17;69.1143;119.60515817579027;96.22725985515602
20.07;69.4571;119.60515817579027;96.22725985515602
19.98;68.7143;119.60515817579027;96.22725985515602
19.82;70.0571;119.60515817579027;96.22725985515602
19.76;69.3429;119.60515817579027;96.22725985515602
19.74;69.0286;119.60515817579027;96.22725985515602
19.69;69.0;119.60515817579027;96.22725985515602
19.67;68.0286;119.60515817579027;96.22725985515602
19.54;69.5714;119.60515817579027;96.22725985515602
19.4;67.6;119.60515817579027;96.22725985515602
19.32;67.9143;119.60515817579027;96.22725985515602
19.3;66.7143;119.60515817579027;96.22725985515602
19.26;67.9143;119.60515817579027;96.22725985515602
19.2;67.6286;119.60515817579027;96.22725985515602
19.07;68.1143;119.60515817579027;96.22725985515602
19.02;67.8857;119.60515817579027;96.22725985515602
18.97;67.1714;119.60515817579027;96.22725985515602
18.87;67.6571;119.60515817579027;96.22725985515602
18.61;67.6571;119.60515817579027;96.22725985515602
18.58;67.2571;119.60515817579027;96.22725985515602
18.51;66.5714;119.60515817579027;96.22725985515602
18.49;66.1143;119.60515817579027;96.22725985515602
18.47;66.3143;119.60515817579027;96.22725985515602
18.38;65.4286;119.60515817579027;96.22725985515602
18.29;65.0;119.60515817579027;96.22725985515602
18.2;64.0857;119.60515817579027;96.22725985515602
18.15;65.8286;119.60515817579027;96.22725985515602
17.98;65.5143;119.60515817579027;96.22725985515602
17.86;65.2571;119.60515817579027;96.22725985515602
17.86;63.5143;119.60515817579027;96.22725985515602
17.76;63.6571;119.60515817579027;96.22725985515602
17.66;63.5429;119.60515817579027;96.22725985515602
17.59;64.0;119.60515817579027;96.22725985515602
17.46;64.3714;119.60515817579027;96.22725985515602
17.49;64.2;119.60515817579027;96.22725985515602
17.41;63.3143;119.60515817579027;96.22725985515602
17.33;63.6;119.60515817579027;96.22725985515602
17.31;62.2286;119.60515817579027;96.22725985515602
17.06;62.5429;119.60515817579027;96.22725985515602
17.02;62.8571;119.60515817579027;96.22725985515602
16.92;63.2571;119.60515817579027;96.22725985515602
16.9;62.1714;119.60515817579027;96.22725985515602
16.73;62.1714;119.60515817579027;96.22725985515602
16.65;61.8571;119.60515817579027;96.22725985515602
16.61;62.2;119.60515817579027;96.22725985515602
16.58;62.6286;119.60515817579027;96.22725985515602
16.59;62.1143;119.60515817579027;96.22725985515602
16.48;61.9143;119.60515817579027;96.22725985515602
16.26;61.6857;119.60515817579027;96.22725985515602
16.25;61.0286;119.60515817579027;96.22725985515602
16.11;60.3429;119.60515817579027;96.22725985515602
16.06;60.8;119.60515817579027;96.22725985515602
15.99;60.0;119.60515817579027;96.22725985515602
15.88;61.2286;119.60515817579027;96.22725985515602
15.84;61.1143;119.60515817579027;96.22725985515602
15.82;61.4857;119.60515817579027;96.22725985515602
15.72;60.9429;119.60515817579027;96.22725985515602
15.66;61.0571;119.60515817579027;96.22725985515602
15.46;60.9714;119.60515817579027;96.22725985515602
15.39;60.0571;119.60515817579027;96.22725985515602
15.38;59.3429;119.60515817579027;96.22725985515602
15.35;58.7143;119.60515817579027;96.22725985515602
15.25;58.5714;119.60515817579027;96.22725985515602
15.15;58.6286;119.60515817579027;96.22725985515602
15.07;58.2286;119.60515817579027;96.22725985515602
14.98;58.6;119.60515817579027;96.22725985515602
14.93;58.6571;119.60515817579027;96.22725985515602
14.88;58.0;119.60515817579027;96.22725985515602
14.65;59.3429;119.60515817579027;96.22725985515602
14.65;58.6286;119.60515817579027;96.22725985515602
14.64;58.2;119.60515817579027;96.22725985515602
14.62;57.9429;119.60515817579027;96.22725985515602
14.61;58.3143;119.60515817579027;96.22725985515602
14.58;58.1143;119.60515817579027;96.22725985515602
14.46;57.9429;119.60515817579027;96.22725985515602
14.39;58.1714;119.60515817579027;96.22725985515602
14.28;57.3429;119.60515817579027;96.22725985515602
14.23;56.8;119.60515817579027;96.22725985515602
14.11;57.4857;119.60515817579027;96.22725985515602
14.1;56.9714;119.60515817579027;96.22725985515602
14.05;56.3429;119.60515817579027;96.22725985515602
13.96;56.2571;119.60515817579027;96.22725985515602
13.9;56.3143;119.60515817579027;96.22725985515602
13.8;56.0857;119.60515817579027;96.22725985515602
13.72;55.7429;119.60515817579027;96.22725985515602
13.65;55.4571;119.60515817579027;96.22725985515602
13.58;55.2286;119.60515817579027;96.22725985515602
13.49;55.2571;119.60515817579027;96.22725985515602
13.39;54.6286;119.60515817579027;96.22725985515602
13.32;55.3143;119.60515817579027;96.22725985515602
13.22;54.6571;119.60515817579027;96.22725985515602
13.17;54.3429;119.60515817579027;96.22725985515602
13.12;53.9143;119.60515817579027;96.22725985515602
13.05;54.8571;119.60515817579027;96.22725985515602
12.98;54.6286;119.60515817579027;96.22725985515602
12.93;54.1714;119.60515817579027;96.22725985515602
12.9;55.2571;119.60515817579027;96.22725985515602
12.84;54.7429;119.60515817579027;96.22725985515602
12.7;54.3714;119.60515817579027;96.22725985515602
12.68;53.5714;119.60515817579027;96.22725985515602
12.63;53.6;119.60515817579027;96.22725985515602
12.55;53.7429;119.60515817579027;96.22725985515602
12.46;53.1714;119.60515817579027;96.22725985515602
12.42;52.5143;119.60515817579027;96.22725985515602
12.29;52.7429;119.60515817579027;96.22725985515602
12.21;53.2;119.60515817579027;96.22725985515602
12.18;52.3143;119.60515817579027;96.22725985515602
12.11;52.3714;119.60515817579027;96.22725985515602
11.98;52.1429;119.60515817579027;96.22725985515602
11.95;51.5429;119.60515817579027;96.22725985515602
11.84;52.5714;119.60515817579027;96.22725985515602
11.83;52.4286;119.60515817579027;96.22725985515602
11.77;52.2857;119.60515817579027;96.22725985515602
11.71;51.3429;119.60515817579027;96.22725985515602
11.66;52.2571;119.60515817579027;96.22725985515602
11.58;51.6286;119.60515817579027;96.22725985515602
11.53;51.2286;119.60515817579027;96.22725985515602
11.48;51.7143;119.60515817579027;96.22725985515602
11.36;51.2;119.60515817579027;96.22725985515602
11.29;51.3143;119.60515817579027;96.22725985515602
11.25;51.4857;119.60515817579027;96.22725985515602
11.18;51.1143;119.60515817579027;96.22725985515602
11.11;50.3143;119.60515817579027;96.22725985515602
11.06;51.2;119.60515817579027;96.22725985515602
10.98;51.0;119.60515817579027;96.22725985515602
10.96;51.4;119.60515817579027;96.22725985515602
10.9;50.7714;119.60515817579027;96.22725985515602
10.85;51.2286;119.60515817579027;96.22725985515602
10.79;50.1429;119.60515817579027;96.22725985515602
10.73;50.5143;119.60515817579027;96.22725985515602
10.66;50.8;119.60515817579027;96.22725985515602
10.58;50.5429;119.60515817579027;96.22725985515602
10.51;49.6571;119.60515817579027;96.22725985515602
10.46;48.7714;119.60515817579027;96.22725985515602
10.44;48.9143;119.60515817579027;96.22725985515602
10.41;49.1143;119.60515817579027;96.22725985515602
10.35;49.2;119.60515817579027;96.22725985515602
10.29;49.6286;119.60515817579027;96.22725985515602
10.08;49.9143;119.60515817579027;96.22725985515602
10.03;49.5143;119.60515817579027;96.22725985515602
9.97;49.5143;119.60515817579027;96.22725985515602
9.93;48.2857;119.60515817579027;96.22725985515602
9.88;48.8857;119.60515817579027;96.22725985515602
9.82;48.8571;119.60515817579027;96.22725985515602
9.77;49.0;119.60515817579027;96.22725985515602
9.72;48.8571;119.60515817579027;96.22725985515602
9.66;49.1143;119.60515817579027;96.22725985515602
9.6;48.6571;119.60515817579027;96.22725985515602
9.43;48.8;119.60515817579027;96.22725985515602
9.39;48.5429;119.60515817579027;96.22725985515602
9.33;48.1143;119.60515817579027;96.22725985515602
9.28;47.5429;119.60515817579027;96.22725985515602
9.24;47.0857;119.60515817579027;96.22725985515602
9.18;47.0571;119.60515817579027;96.22725985515602
9.14;46.8857;119.60515817579027;96.22725985515602
9.08;47.4;119.60515817579027;96.22725985515602
9.02;47.1714;119.60515817579027;96.22725985515602
8.98;47.1143;119.60515817579027;96.22725985515602
8.83;46.6286;119.60515817579027;96.22725985515602
8.78;46.4286;119.60515817579027;96.22725985515602
8.74;46.5714;119.60515817579027;96.22725985515602
8.66;46.8;119.60515817579027;96.22725985515602
8.62;46.5714;119.60515817579027;96.22725985515602
8.57;46.0857;119.60515817579027;96.22725985515602
8.52;45.5714;119.60515817579027;96.22725985515602
8.45;46.4286;119.60515817579027;96.22725985515602
8.41;46.2857;119.60515817579027;96.22725985515602
8.36;46.0286;119.60515817579027;96.22725985515602
8.2;45.6286;119.60515817579027;96.22725985515602
8.17;45.2;119.60515817579027;96.22725985515602
8.21;45.3143;119.60515817579027;96.22725985515602
8.11;44.8286;119.60515817579027;96.22725985515602
8.06;44.6857;119.60515817579027;96.22725985515602
8.0;44.5143;119.60515817579027;96.22725985515602
7.94;44.2571;119.60515817579027;96.22725985515602
7.88;44.2571;119.60515817579027;96.22725985515602
7.84;44.4286;119.60515817579027;96.22725985515602
7.81;44.2571;119.60515817579027;96.22725985515602
7.7;43.6;119.60515817579027;96.22725985515602
7.65;44.2571;119.60515817579027;96.22725985515602
7.59;44.4571;119.60515817579027;96.22725985515602
7.55;44.8857;119.60515817579027;96.22725985515602
7.51;44.8857;119.60515817579027;96.22725985515602
7.46;44.5714;119.60515817579027;96.22725985515602
7.39;44.3143;119.60515817579027;96.22725985515602
7.34;44.4;119.60515817579027;96.22725985515602
7.32;44.0571;119.60515817579027;96.22725985515602
7.27;43.6;119.60515817579027;96.22725985515602
7.13;43.2857;119.60515817579027;96.22725985515602
7.07;43.5429;119.60515817579027;96.22725985515602
7.03;43.0857;119.60515817579027;96.22725985515602
6.98;42.7429;119.60515817579027;96.22725985515602
6.93;42.5714;119.60515817579027;96.22725985515602
6.91;42.2286;119.60515817579027;96.22725985515602
6.85;42.5714;119.60515817579027;96.22725985515602
6.78;42.8286;119.60515817579027;96.22725985515602
6.75;42.8571;119.60515817579027;96.22725985515602
6.68;42.4857;119.60515817579027;96.22725985515602
6.6;42.2571;119.60515817579027;96.22725985515602
6.53;41.8857;119.60515817579027;96.22725985515602
6.48;42.3143;119.60515817579027;96.22725985515602
6.45;41.8857;119.60515817579027;96.22725985515602
6.42;41.4857;119.60515817579027;96.22725985515602
6.39;41.1143;119.60515817579027;96.22725985515602
6.36;41.1143;119.60515817579027;96.22725985515602
6.31;40.8;119.60515817579027;96.22725985515602
6.24;41.2571;119.60515817579027;96.22725985515602
6.19;41.4286;119.60515817579027;96.22725985515602
6.04;41.5429;119.60515817579027;96.22725985515602
5.99;40.8286;119.60515817579027;96.22725985515602
5.92;40.5143;119.60515817579027;96.22725985515602
5.89;41.1714;119.60515817579027;96.22725985515602
5.85;40.7143;119.60515817579027;96.22725985515602
5.84;40.4;119.60515817579027;96.22725985515602
5.82;40.1714;119.60515817579027;96.22725985515602
5.78;40.4286;119.60515817579027;96.22725985515602
5.75;40.0;119.60515817579027;96.22725985515602
5.72;39.8571;119.60515817579027;96.22725985515602
5.58;39.9143;119.60515817579027;96.22725985515602
5.55;39.6571;119.60515817579027;96.22725985515602
5.5;39.7429;119.60515817579027;96.22725985515602
5.46;39.8571;119.60515817579027;96.22725985515602
5.4;39.5429;119.60515817579027;96.22725985515602
5.36;39.0571;119.60515817579027;96.22725985515602
5.31;39.4571;119.60515817579027;96.22725985515602
5.26;39.4857;119.60515817579027;96.22725985515602
5.24;39.8;119.60515817579027;96.22725985515602
5.2;39.6857;119.60515817579027;96.22725985515602
5.07;39.2286;119.60515817579027;96.22725985515602
5.03;38.6286;119.60515817579027;96.22725985515602
4.99;38.6;119.60515817579027;96.22725985515602
4.94;38.8286;119.60515817579027;96.22725985515602
4.92;38.9429;119.60515817579027;96.22725985515602
4.88;39.0857;119.60515817579027;96.22725985515602
4.84;38.9429;119.60515817579027;96.22725985515602
4.82;38.5429;119.60515817579027;96.22725985515602
4.77;38.4857;119.60515817579027;96.22725985515602
4.73;38.2;119.60515817579027;96.22725985515602
4.62;37.6857;119.60515817579027;96.22725985515602
4.59;37.4571;119.60515817579027;96.22725985515602
4.56;37.4571;119.60515817579027;96.22725985515602
4.5;37.1714;119.60515817579027;96.22725985515602
4.48;37.3143;119.60515817579027;96.22725985515602
4.41;37.2571;119.60515817579027;96.22725985515602
4.38;37.0;119.60515817579027;96.22725985515602
4.32;37.0571;119.60515817579027;96.22725985515602
4.26;37.0286;119.60515817579027;96.22725985515602
4.23;36.5143;119.60515817579027;96.22725985515602
4.14;37.1143;119.60515817579027;96.22725985515602
4.1;37.3714;119.60515817579027;96.22725985515602
4.05;37.4286;119.60515817579027;96.22725985515602
3.99;37.6857;119.60515817579027;96.22725985515602
3.96;37.5143;119.60515817579027;96.22725985515602
3.94;37.2571;119.60515817579027;96.22725985515602
3.87;36.9143;119.60515817579027;96.22725985515602
3.84;36.5429;119.60515817579027;96.22725985515602
3.8;36.0286;119.60515817579027;96.22725985515602
3.78;35.9429;119.60515817579027;96.22725985515602
3.64;35.8857;119.60515817579027;96.22725985515602
3.62;35.8286;119.60515817579027;96.22725985515602
3.58;35.9429;119.60515817579027;96.22725985515602
3.57;35.8286;119.60515817579027;96.22725985515602
3.52;35.5714;119.60515817579027;96.22725985515602
3.46;35.4;119.60515817579027;96.22725985515602
3.43;35.4571;119.60515817579027;96.22725985515602
3.4;35.1714;119.60515817579027;96.22725985515602
3.34;34.8857;119.60515817579027;96.22725985515602
3.31;34.6571;119.60515817579027;96.22725985515602
3.21;34.3143;119.60515817579027;96.22725985515602
3.17;34.3143;119.60515817579027;96.22725985515602
3.14;34.0857;119.60515817579027;96.22725985515602
3.1;33.8286;119.60515817579027;96.22725985515602
3.06;34.0;119.60515817579027;96.22725985515602
3.05;33.8857;119.60515817579027;96.22725985515602
3.04;33.5143;119.60515817579027;96.22725985515602
2.98;33.7429;119.60515817579027;96.22725985515602
2.94;33.6857;119.60515817579027;96.22725985515602
2.92;33.6571;119.60515817579027;96.22725985515602
2.8;33.3143;119.60515817579027;96.22725985515602
2.77;33.6286;119.60515817579027;96.22725985515602
2.74;33.2857;119.60515817579027;96.22725985515602
2.7;33.4857;119.60515817579027;96.22725985515602
2.65;33.2571;119.60515817579027;96.22725985515602
2.6;33.0;119.60515817579027;96.22725985515602
2.56;32.8857;119.60515817579027;96.22725985515602
2.53;32.7143;119.60515817579027;96.22725985515602
2.5;32.5714;119.60515817579027;96.22725985515602
2.48;32.7143;119.60515817579027;96.22725985515602
2.4;32.4857;119.60515817579027;96.22725985515602
2.37;32.6857;119.60515817579027;96.22725985515602
2.35;32.7429;119.60515817579027;96.22725985515602
2.32;32.5429;119.60515817579027;96.22725985515602
2.28;32.3143;119.60515817579027;96.22725985515602
2.26;32.1714;119.60515817579027;96.22725985515602
2.24;32.2286;119.60515817579027;96.22725985515602
2.19;32.0857;119.60515817579027;96.22725985515602
2.18;31.8857;119.60515817579027;96.22725985515602
2.14;32.0571;119.60515817579027;96.22725985515602
2.03;32.1429;119.60515817579027;96.22725985515602
2.01;32.0;119.60515817579027;96.22725985515602
1.98;32.2;119.60515817579027;96.22725985515602
1.95;32.0;119.60515817579027;96.22725985515602
1.93;31.8857;119.60515817579027;96.22725985515602
1.9;31.5429;119.60515817579027;96.22725985515602
1.87;31.3143;119.60515817579027;96.22725985515602
1.83;31.0286;119.60515817579027;96.22725985515602
1.81;31.1143;119.60515817579027;96.22725985515602
1.78;30.9143;119.60515817579027;96.22725985515602
1.7;30.7714;119.60515817579027;96.22725985515602
1.66;30.6571;119.60515817579027;96.22725985515602
1.62;30.5429;119.60515817579027;96.22725985515602
1.59;30.5143;119.60515817579027;96.22725985515602
1.57;30.4;119.60515817579027;96.22725985515602
1.55;30.4571;119.60515817579027;96.22725985515602
1.54;30.4857;119.60515817579027;96.22725985515602
1.51;30.4857;119.60515817579027;96.22725985515602
1.46;30.3429;119.60515817579027;96.22725985515602
1.43;29.8;119.60515817579027;96.22725985515602
1.38;30.0;119.60515817579027;96.22725985515602
1.35;29.6857;119.60515817579027;96.22725985515602
1.33;29.6;119.60515817579027;96.22725985515602
1.29;29.5714;119.60515817579027;96.22725985515602
1.25;29.4286;119.60515817579027;96.22725985515602
1.22;29.2857;119.60515817579027;96.22725985515602
1.19;29.1714;119.60515817579027;96.22725985515602
1.17;29.2286;119.60515817579027;96.22725985515602
1.14;28.9714;119.60515817579027;96.22725985515602
1.12;29.0571;119.60515817579027;96.22725985515602
1.06;29.2571;119.60515817579027;96.22725985515602
1.03;29.1714;119.60515817579027;96.22725985515602
1.0;29.2;119.60515817579027;96.22725985515602
0.98;29.0571;119.60515817579027;96.22725985515602
0.95;28.4;119.60515817579027;96.22725985515602
0.93;28.0571;119.60515817579027;96.22725985515602
0.91;28.4857;119.60515817579027;96.22725985515602
0.89;28.5429;119.60515817579027;96.22725985515602
0.87;28.4286;119.60515817579027;96.22725985515602
0.85;28.2286;119.60515817579027;96.22725985515602
0.78;28.0571;119.60515817579027;96.22725985515602
0.77;28.2;119.60515817579027;96.22725985515602
0.74;28.3143;119.60515817579027;96.22725985515602
0.72;28.1714;119.60515817579027;96.22725985515602
0.71;27.9714;119.60515817579027;96.22725985515602
0.69;28.0571;119.60515817579027;96.22725985515602
0.67;27.8857;119.60515817579027;96.22725985515602
0.66;27.8;119.60515817579027;96.22725985515602
0.63;27.8;119.60515817579027;96.22725985515602
0.61;27.3714;119.60515817579027;96.22725985515602
0.56;27.2857;119.60515817579027;96.22725985515602
0.54;27.3714;119.60515817579027;96.22725985515602
0.52;27.3429;119.60515817579027;96.22725985515602
0.51;27.4;119.60515817579027;96.22725985515602
0.48;27.4857;119.60515817579027;96.22725985515602
0.47;27.0571;119.60515817579027;96.22725985515602
0.46;26.9143;119.60515817579027;96.22725985515602
0.44;26.7429;119.60515817579027;96.22725985515602
0.42;26.7429;119.60515817579027;96.22725985515602
0.41;26.6286;119.60515817579027;96.22725985515602
0.37;26.6286;119.60515817579027;96.22725985515602
0.35;26.7143;119.60515817579027;96.22725985515602
0.35;26.7429;119.60515817579027;96.22725985515602
0.34;26.5429;119.60515817579027;96.22725985515602
0.33;26.5143;119.60515817579027;96.22725985515602
0.33;26.3714;119.60515817579027;96.22725985515602
0.31;26.4857;119.60515817579027;96.22725985515602
0.31;26.2286;119.60515817579027;96.22725985515602
0.3;26.0286;119.60515817579027;96.22725985515602
0.29;25.7143;119.60515817579027;96.22725985515602
0.28;25.6857;119.60515817579027;96.22725985515602
0.29;25.7429;119.60515817579027;96.22725985515602
0.28;25.7429;119.60515817579027;96.22725985515602
0.27;25.6571;119.60515817579027;96.22725985515602
0.26;25.4571;119.60515817579027;96.22725985515602
0.26;25.4857;119.60515817579027;96.22725985515602
0.25;25.4857;119.60515817579027;96.22725985515602
0.25;25.3143;119.60515817579027;96.22725985515602
0.24;25.1429;119.60515817579027;96.22725985515602
0.24;25.1143;119.60515817579027;96.22725985515602
0.22;24.9714;119.60515817579027;96.22725985515602
0.23;24.7143;119.60515817579027;96.22725985515602
0.23;24.6286;119.60515817579027;96.22725985515602
0.22;24.5143;119.60515817579027;96.22725985515602
0.23;24.1429;119.60515817579027;96.22725985515602
0.22;24.2286;119.60515817579027;96.22725985515602
0.22;24.2857;119.60515817579027;96.22725985515602
0.21;24.4286;119.60515817579027;96.22725985515602
0.21;24.4571;119.60515817579027;96.22725985515602
0.2;24.6;119.60515817579027;96.22725985515602
0.19;24.4;119.60515817579027;96.22725985515602
0.18;24.5429;119.60515817579027;96.22725985515602
0.18;24.5429;119.60515817579027;96.22725985515602
0.18;24.4286;119.60515817579027;96.22725985515602
0.17;24.2286;119.60515817579027;96.22725985515602
0.17;23.9714;119.60515817579027;96.22725985515602
0.17;23.7714;119.60515817579027;96.22725985515602
0.17;23.6;119.60515817579027;96.22725985515602
0.17;23.7143;119.60515817579027;96.22725985515602
0.17;23.8;119.60515817579027;96.22725985515602
0.16;23.6;119.60515817579027;96.22725985515602
0.14;23.5143;119.60515817579027;96.22725985515602
0.15;23.4;119.60515817579027;96.22725985515602
0.15;23.1714;119.60515817579027;96.22725985515602
0.15;23.0857;119.60515817579027;96.22725985515602
0.14;22.9714;119.60515817579027;96.22725985515602
0.14;22.9714;119.60515817579027;96.22725985515602
0.14;22.9714;119.60515817579027;96.22725985515602
0.14;22.9143;119.60515817579027;96.22725985515602
0.14;22.8286;119.60515817579027;96.22725985515602
0.14;22.7143;119.60515817579027;96.22725985515602
0.14;22.4286;119.60515817579027;96.22725985515602
0.14;22.2571;119.60515817579027;96.22725985515602
0.14;22.2571;119.60515817579027;96.22725985515602
0.14;22.4286;119.60515817579027;96.22725985515602
0.14;22.4857;119.60515817579027;96.22725985515602
0.13;22.4;119.60515817579027;96.22725985515602
0.13;22.3143;119.60515817579027;96.22725985515602
0.13;22.2571;119.60515817579027;96.22725985515602
0.13;22.1429;119.60515817579027;96.22725985515602
0.13;22.0571;119.60515817579027;96.22725985515602
0.13;21.9714;119.60515817579027;96.22725985515602
0.13;21.7429;119.60515817579027;96.22725985515602
0.12;21.7143;119.60515817579027;96.22725985515602
0.12;21.5429;119.60515817579027;96.22725985515602
0.12;21.4;119.60515817579027;96.22725985515602
0.12;21.3714;119.60515817579027;96.22725985515602
0.12;21.4;119.60515817579027;96.22725985515602
0.12;21.3143;119.60515817579027;96.22725985515602
0.12;21.2571;119.60515817579027;96.22725985515602
0.12;21.1714;119.60515817579027;96.22725985515602
0.12;21.1143;119.60515817579027;96.22725985515602
0.12;21.2571;119.60515817579027;96.22725985515602
0.12;21.1143;119.60515817579027;96.22725985515602
0.11;21.1429;119.60515817579027;96.22725985515602
0.11;21.0857;119.60515817579027;96.22725985515602
0.11;20.9429;119.60515817579027;96.22725985515602
0.11;20.6;119.60515817579027;96.22725985515602
0.11;20.7429;119.60515817579027;96.22725985515602
0.11;20.7143;119.60515817579027;96.22725985515602
