SF-A-022;Sensirion;RMSE;MAE
6.87;-6.5429;123.26873061717308;101.63887277618026
6.83;-6.4857;123.26873061717308;101.63887277618026
6.78;-6.4857;123.26873061717308;101.63887277618026
6.74;-6.4286;123.26873061717308;101.63887277618026
6.72;-6.3714;123.26873061717308;101.63887277618026
6.68;-6.3714;123.26873061717308;101.63887277618026
6.64;-6.3143;123.26873061717308;101.63887277618026
6.6;-6.3143;123.26873061717308;101.63887277618026
6.55;-6.2286;123.26873061717308;101.63887277618026
6.51;-6.1714;123.26873061717308;101.63887277618026
6.33;-6.1429;123.26873061717308;101.63887277618026
6.32;-6.1143;123.26873061717308;101.63887277618026
6.28;-6.1429;123.26873061717308;101.63887277618026
6.25;-6.0857;123.26873061717308;101.63887277618026
6.23;-6.0;123.26873061717308;101.63887277618026
6.22;-6.0;123.26873061717308;101.63887277618026
6.22;-6.0;123.26873061717308;101.63887277618026
6.21;-5.9714;123.26873061717308;101.63887277618026
6.21;-5.9429;123.26873061717308;101.63887277618026
6.24;-5.9143;123.26873061717308;101.63887277618026
6.4;-5.9143;123.26873061717308;101.63887277618026
6.47;-5.9143;123.26873061717308;101.63887277618026
6.59;-5.8571;123.26873061717308;101.63887277618026
6.7;-5.8286;123.26873061717308;101.63887277618026
6.85;-5.9429;123.26873061717308;101.63887277618026
7.0;-5.9714;123.26873061717308;101.63887277618026
7.18;-6.0571;123.26873061717308;101.63887277618026
7.41;-6.1143;123.26873061717308;101.63887277618026
7.62;-6.2;123.26873061717308;101.63887277618026
7.85;-6.3143;123.26873061717308;101.63887277618026
8.74;-6.4571;123.26873061717308;101.63887277618026
9.08;-6.6;123.26873061717308;101.63887277618026
9.43;-6.8;123.26873061717308;101.63887277618026
9.82;-6.9143;123.26873061717308;101.63887277618026
10.23;-7.1714;123.26873061717308;101.63887277618026
10.67;-7.4;123.26873061717308;101.63887277618026
11.05;-7.6571;123.26873061717308;101.63887277618026
11.52;-7.9429;123.26873061717308;101.63887277618026
12.03;-8.2;123.26873061717308;101.63887277618026
12.54;-8.5143;123.26873061717308;101.63887277618026
14.21;-8.8286;123.26873061717308;101.63887277618026
14.74;-9.2;123.26873061717308;101.63887277618026
15.34;-9.5714;123.26873061717308;101.63887277618026
15.91;-9.9714;123.26873061717308;101.63887277618026
16.48;-10.3714;123.26873061717308;101.63887277618026
17.13;-10.8;123.26873061717308;101.63887277618026
17.74;-11.2;123.26873061717308;101.63887277618026
18.41;-11.7429;123.26873061717308;101.63887277618026
19.12;-12.2;123.26873061717308;101.63887277618026
19.84;-12.7143;123.26873061717308;101.63887277618026
22.04;-13.2;123.26873061717308;101.63887277618026
22.87;-13.7429;123.26873061717308;101.63887277618026
23.63;-14.2286;123.26873061717308;101.63887277618026
24.42;-14.8857;123.26873061717308;101.63887277618026
25.28;-15.4286;123.26873061717308;101.63887277618026
26.08;-16.0571;123.26873061717308;101.63887277618026
26.89;-16.6571;123.26873061717308;101.63887277618026
27.64;-17.2857;123.26873061717308;101.63887277618026
28.44;-17.9143;123.26873061717308;101.63887277618026
29.17;-18.5714;123.26873061717308;101.63887277618026
31.29;-19.2;123.26873061717308;101.63887277618026
32.16;-19.9429;123.26873061717308;101.63887277618026
32.87;-20.6286;123.26873061717308;101.63887277618026
33.6;-21.2857;123.26873061717308;101.63887277618026
34.37;-22.0286;123.26873061717308;101.63887277618026
35.05;-22.8;123.26873061717308;101.63887277618026
35.75;-23.4;123.26873061717308;101.63887277618026
36.48;-24.1429;123.26873061717308;101.63887277618026
37.35;-24.9143;123.26873061717308;101.63887277618026
38.08;-25.6857;123.26873061717308;101.63887277618026
40.41;-26.4;123.26873061717308;101.63887277618026
41.14;-27.1143;123.26873061717308;101.63887277618026
41.96;-27.8857;123.26873061717308;101.63887277618026
42.63;-28.5429;123.26873061717308;101.63887277618026
43.1;-29.2286;123.26873061717308;101.63887277618026
44.05;-29.9714;123.26873061717308;101.63887277618026
44.71;-30.7714;123.26873061717308;101.63887277618026
45.39;-31.4286;123.26873061717308;101.63887277618026
46.14;-32.0857;123.26873061717308;101.63887277618026
46.89;-32.8286;123.26873061717308;101.63887277618026
49.15;-33.5429;123.26873061717308;101.63887277618026
49.85;-34.2857;123.26873061717308;101.63887277618026
50.52;-35.0286;123.26873061717308;101.63887277618026
51.2;-35.7143;123.26873061717308;101.63887277618026
51.89;-36.5429;123.26873061717308;101.63887277618026
52.6;-37.1714;123.26873061717308;101.63887277618026
53.29;-38.0571;123.26873061717308;101.63887277618026
53.95;-38.7714;123.26873061717308;101.63887277618026
54.64;-39.6286;123.26873061717308;101.63887277618026
55.26;-40.4571;123.26873061717308;101.63887277618026
57.11;-41.1143;123.26873061717308;101.63887277618026
57.64;-41.8571;123.26873061717308;101.63887277618026
58.35;-42.2857;123.26873061717308;101.63887277618026
59.05;-43.3143;123.26873061717308;101.63887277618026
59.73;-43.9143;123.26873061717308;101.63887277618026
60.38;-44.8;123.26873061717308;101.63887277618026
61.02;-45.4857;123.26873061717308;101.63887277618026
61.7;-46.3714;123.26873061717308;101.63887277618026
62.34;-46.7714;123.26873061717308;101.63887277618026
62.86;-47.5714;123.26873061717308;101.63887277618026
64.54;-47.9143;123.26873061717308;101.63887277618026
65.3;-48.8286;123.26873061717308;101.63887277618026
65.92;-49.2857;123.26873061717308;101.63887277618026
66.46;-50.2286;123.26873061717308;101.63887277618026
66.94;-50.7429;123.26873061717308;101.63887277618026
67.42;-51.7143;123.26873061717308;101.63887277618026
68.2;-52.3429;123.26873061717308;101.63887277618026
68.98;-52.7429;123.26873061717308;101.63887277618026
69.57;-53.4571;123.26873061717308;101.63887277618026
70.31;-53.8857;123.26873061717308;101.63887277618026
71.7;-54.7429;123.26873061717308;101.63887277618026
72.29;-54.9143;123.26873061717308;101.63887277618026
72.91;-55.6;123.26873061717308;101.63887277618026
73.65;-56.0286;123.26873061717308;101.63887277618026
74.24;-56.7429;123.26873061717308;101.63887277618026
74.89;-57.4571;123.26873061717308;101.63887277618026
75.41;-57.9143;123.26873061717308;101.63887277618026
75.74;-58.9143;123.26873061717308;101.63887277618026
75.91;-59.3714;123.26873061717308;101.63887277618026
76.51;-60.0286;123.26873061717308;101.63887277618026
78.75;-60.8;123.26873061717308;101.63887277618026
79.24;-61.4286;123.26873061717308;101.63887277618026
79.7;-61.6286;123.26873061717308;101.63887277618026
80.3;-62.3714;123.26873061717308;101.63887277618026
80.55;-62.8571;123.26873061717308;101.63887277618026
80.9;-63.7714;123.26873061717308;101.63887277618026
81.55;-64.4571;123.26873061717308;101.63887277618026
82.36;-64.7714;123.26873061717308;101.63887277618026
83.01;-64.7714;123.26873061717308;101.63887277618026
83.52;-65.8857;123.26873061717308;101.63887277618026
85.31;-66.4571;123.26873061717308;101.63887277618026
85.64;-66.7429;123.26873061717308;101.63887277618026
86.41;-67.4571;123.26873061717308;101.63887277618026
87.05;-68.3714;123.26873061717308;101.63887277618026
87.64;-68.2857;123.26873061717308;101.63887277618026
87.86;-69.2286;123.26873061717308;101.63887277618026
88.04;-69.5429;123.26873061717308;101.63887277618026
88.44;-70.1429;123.26873061717308;101.63887277618026
88.89;-70.8571;123.26873061717308;101.63887277618026
89.41;-71.6286;123.26873061717308;101.63887277618026
90.77;-71.8857;123.26873061717308;101.63887277618026
91.11;-72.2571;123.26873061717308;101.63887277618026
91.44;-72.6286;123.26873061717308;101.63887277618026
91.7;-73.5714;123.26873061717308;101.63887277618026
92.46;-73.6;123.26873061717308;101.63887277618026
93.0;-74.0857;123.26873061717308;101.63887277618026
93.53;-74.8571;123.26873061717308;101.63887277618026
94.07;-75.4286;123.26873061717308;101.63887277618026
94.51;-76.5714;123.26873061717308;101.63887277618026
95.29;-76.4571;123.26873061717308;101.63887277618026
96.15;-77.6571;123.26873061717308;101.63887277618026
96.71;-77.8857;123.26873061717308;101.63887277618026
97.06;-77.8;123.26873061717308;101.63887277618026
97.83;-78.6857;123.26873061717308;101.63887277618026
97.76;-79.5429;123.26873061717308;101.63887277618026
97.99;-79.3429;123.26873061717308;101.63887277618026
98.41;-80.1429;123.26873061717308;101.63887277618026
99.24;-80.9143;123.26873061717308;101.63887277618026
99.77;-81.7429;123.26873061717308;101.63887277618026
99.99;-82.5143;123.26873061717308;101.63887277618026
101.53;-82.9429;123.26873061717308;101.63887277618026
101.73;-83.2571;123.26873061717308;101.63887277618026
101.77;-83.3714;123.26873061717308;101.63887277618026
102.32;-84.4571;123.26873061717308;101.63887277618026
102.76;-85.0286;123.26873061717308;101.63887277618026
103.1;-85.3143;123.26873061717308;101.63887277618026
103.68;-85.8286;123.26873061717308;101.63887277618026
103.69;-85.7714;123.26873061717308;101.63887277618026
104.04;-86.8;123.26873061717308;101.63887277618026
104.8;-87.1429;123.26873061717308;101.63887277618026
105.36;-87.2;123.26873061717308;101.63887277618026
105.94;-87.9143;123.26873061717308;101.63887277618026
106.98;-88.3714;123.26873061717308;101.63887277618026
107.05;-88.2286;123.26873061717308;101.63887277618026
107.15;-88.4;123.26873061717308;101.63887277618026
108.59;-89.1714;123.26873061717308;101.63887277618026
108.53;-89.5714;123.26873061717308;101.63887277618026
109.32;-89.8571;123.26873061717308;101.63887277618026
109.51;-90.3143;123.26873061717308;101.63887277618026
110.02;-90.2571;123.26873061717308;101.63887277618026
111.05;-90.7429;123.26873061717308;101.63887277618026
111.53;-91.7143;123.26873061717308;101.63887277618026
111.47;-91.6857;123.26873061717308;101.63887277618026
112.01;-92.3429;123.26873061717308;101.63887277618026
112.13;-92.4286;123.26873061717308;101.63887277618026
112.72;-93.0;123.26873061717308;101.63887277618026
113.13;-93.8571;123.26873061717308;101.63887277618026
113.38;-94.1429;123.26873061717308;101.63887277618026
113.85;-94.8857;123.26873061717308;101.63887277618026
113.73;-94.4571;123.26873061717308;101.63887277618026
115.11;-94.7429;123.26873061717308;101.63887277618026
115.81;-95.2286;123.26873061717308;101.63887277618026
116.06;-95.7143;123.26873061717308;101.63887277618026
116.3;-95.7429;123.26873061717308;101.63887277618026
116.67;-96.2857;123.26873061717308;101.63887277618026
116.94;-96.8286;123.26873061717308;101.63887277618026
117.29;-96.9714;123.26873061717308;101.63887277618026
117.31;-97.6857;123.26873061717308;101.63887277618026
118.25;-98.0857;123.26873061717308;101.63887277618026
118.38;-98.5143;123.26873061717308;101.63887277618026
119.26;-98.6571;123.26873061717308;101.63887277618026
119.46;-98.3714;123.26873061717308;101.63887277618026
119.8;-99.4571;123.26873061717308;101.63887277618026
120.19;-99.5429;123.26873061717308;101.63887277618026
120.04;-100.0286;123.26873061717308;101.63887277618026
120.41;-100.9143;123.26873061717308;101.63887277618026
121.19;-101.5714;123.26873061717308;101.63887277618026
121.48;-100.7714;123.26873061717308;101.63887277618026
121.81;-100.6857;123.26873061717308;101.63887277618026
122.08;-101.2;123.26873061717308;101.63887277618026
122.07;-101.2;123.26873061717308;101.63887277618026
122.28;-102.0857;123.26873061717308;101.63887277618026
122.91;-101.8857;123.26873061717308;101.63887277618026
123.04;-102.7714;123.26873061717308;101.63887277618026
123.57;-102.9714;123.26873061717308;101.63887277618026
124.32;-104.8286;123.26873061717308;101.63887277618026
124.09;-105.0571;123.26873061717308;101.63887277618026
123.99;-105.6;123.26873061717308;101.63887277618026
124.54;-106.5714;123.26873061717308;101.63887277618026
124.35;-106.6286;123.26873061717308;101.63887277618026
125.13;-106.3429;123.26873061717308;101.63887277618026
126.08;-106.6571;123.26873061717308;101.63887277618026
126.21;-106.5714;123.26873061717308;101.63887277618026
126.61;-106.5714;123.26873061717308;101.63887277618026
126.64;-106.7143;123.26873061717308;101.63887277618026
126.59;-107.2286;123.26873061717308;101.63887277618026
126.76;-108.3429;123.26873061717308;101.63887277618026
127.05;-108.0571;123.26873061717308;101.63887277618026
127.82;-107.9429;123.26873061717308;101.63887277618026
127.42;-109.3429;123.26873061717308;101.63887277618026
128.36;-109.6286;123.26873061717308;101.63887277618026
128.73;-110.1143;123.26873061717308;101.63887277618026
128.63;-110.5714;123.26873061717308;101.63887277618026
128.4;-111.4286;123.26873061717308;101.63887277618026
128.91;-111.5143;123.26873061717308;101.63887277618026
129.11;-111.7714;123.26873061717308;101.63887277618026
129.25;-112.3143;123.26873061717308;101.63887277618026
129.38;-111.5143;123.26873061717308;101.63887277618026
129.55;-112.7143;123.26873061717308;101.63887277618026
130.38;-112.8286;123.26873061717308;101.63887277618026
130.56;-113.2;123.26873061717308;101.63887277618026
130.8;-113.3714;123.26873061717308;101.63887277618026
131.16;-114.6286;123.26873061717308;101.63887277618026
131.3;-114.3429;123.26873061717308;101.63887277618026
131.71;-114.4286;123.26873061717308;101.63887277618026
132.67;-114.4571;123.26873061717308;101.63887277618026
132.43;-115.2857;123.26873061717308;101.63887277618026
132.23;-114.9714;123.26873061717308;101.63887277618026
132.12;-114.9143;123.26873061717308;101.63887277618026
132.77;-115.1714;123.26873061717308;101.63887277618026
133.4;-116.6571;123.26873061717308;101.63887277618026
133.58;-116.2857;123.26873061717308;101.63887277618026
133.17;-116.7714;123.26873061717308;101.63887277618026
133.66;-116.9429;123.26873061717308;101.63887277618026
133.08;-118.2286;123.26873061717308;101.63887277618026
133.66;-116.7429;123.26873061717308;101.63887277618026
133.97;-117.2;123.26873061717308;101.63887277618026
134.39;-116.1714;123.26873061717308;101.63887277618026
134.55;-117.3143;123.26873061717308;101.63887277618026
134.51;-116.4571;123.26873061717308;101.63887277618026
136.9;-117.3429;123.26873061717308;101.63887277618026
136.69;-118.8571;123.26873061717308;101.63887277618026
136.77;-118.8857;123.26873061717308;101.63887277618026
136.56;-118.2286;123.26873061717308;101.63887277618026
136.95;-119.9429;123.26873061717308;101.63887277618026
136.89;-120.0286;123.26873061717308;101.63887277618026
136.75;-120.7429;123.26873061717308;101.63887277618026
135.98;-119.9714;123.26873061717308;101.63887277618026
136.6;-121.6286;123.26873061717308;101.63887277618026
137.16;-121.0;123.26873061717308;101.63887277618026
138.17;-121.0;123.26873061717308;101.63887277618026
138.17;-120.0571;123.26873061717308;101.63887277618026
139.15;-120.4;123.26873061717308;101.63887277618026
138.99;-121.1429;123.26873061717308;101.63887277618026
138.41;-121.2;123.26873061717308;101.63887277618026
138.87;-121.3143;123.26873061717308;101.63887277618026
139.08;-122.0286;123.26873061717308;101.63887277618026
139.7;-122.5714;123.26873061717308;101.63887277618026
139.77;-121.8857;123.26873061717308;101.63887277618026
139.78;-122.7714;123.26873061717308;101.63887277618026
140.17;-122.8571;123.26873061717308;101.63887277618026
140.84;-123.4;123.26873061717308;101.63887277618026
141.66;-122.9429;123.26873061717308;101.63887277618026
141.66;-121.9714;123.26873061717308;101.63887277618026
141.09;-124.0857;123.26873061717308;101.63887277618026
141.02;-123.5143;123.26873061717308;101.63887277618026
141.41;-125.0;123.26873061717308;101.63887277618026
141.19;-124.4857;123.26873061717308;101.63887277618026
141.28;-124.4286;123.26873061717308;101.63887277618026
141.34;-124.2857;123.26873061717308;101.63887277618026
143.59;-123.9429;123.26873061717308;101.63887277618026
143.26;-124.5143;123.26873061717308;101.63887277618026
143.08;-125.5429;123.26873061717308;101.63887277618026
142.98;-124.7143;123.26873061717308;101.63887277618026
143.42;-125.7714;123.26873061717308;101.63887277618026
143.8;-125.5429;123.26873061717308;101.63887277618026
143.41;-125.6571;123.26873061717308;101.63887277618026
143.25;-126.0;123.26873061717308;101.63887277618026
143.12;-126.2;123.26873061717308;101.63887277618026
143.6;-126.2;123.26873061717308;101.63887277618026
143.87;-127.1429;123.26873061717308;101.63887277618026
144.65;-127.0571;123.26873061717308;101.63887277618026
144.43;-127.4571;123.26873061717308;101.63887277618026
144.97;-128.3143;123.26873061717308;101.63887277618026
145.33;-128.0571;123.26873061717308;101.63887277618026
145.15;-128.2286;123.26873061717308;101.63887277618026
145.03;-129.0;123.26873061717308;101.63887277618026
144.89;-128.8286;123.26873061717308;101.63887277618026
145.16;-127.4857;123.26873061717308;101.63887277618026
145.04;-127.8286;123.26873061717308;101.63887277618026
146.19;-129.2857;123.26873061717308;101.63887277618026
146.38;-129.2286;123.26873061717308;101.63887277618026
146.52;-129.3143;123.26873061717308;101.63887277618026
146.65;-129.2571;123.26873061717308;101.63887277618026
147.07;-129.5143;123.26873061717308;101.63887277618026
147.89;-130.1143;123.26873061717308;101.63887277618026
147.8;-131.0286;123.26873061717308;101.63887277618026
147.93;-131.0;123.26873061717308;101.63887277618026
148.11;-129.6857;123.26873061717308;101.63887277618026
147.73;-129.6;123.26873061717308;101.63887277618026
147.28;-130.2857;123.26873061717308;101.63887277618026
147.62;-130.4571;123.26873061717308;101.63887277618026
147.87;-130.2;123.26873061717308;101.63887277618026
147.8;-130.4286;123.26873061717308;101.63887277618026
147.51;-130.8571;123.26873061717308;101.63887277618026
147.28;-130.1429;123.26873061717308;101.63887277618026
147.3;-131.6;123.26873061717308;101.63887277618026
146.52;-131.8857;123.26873061717308;101.63887277618026
146.32;-132.8286;123.26873061717308;101.63887277618026
145.74;-132.5429;123.26873061717308;101.63887277618026
144.19;-133.6;123.26873061717308;101.63887277618026
143.57;-133.5143;123.26873061717308;101.63887277618026
143.55;-133.2;123.26873061717308;101.63887277618026
143.48;-132.5714;123.26873061717308;101.63887277618026
143.65;-133.3429;123.26873061717308;101.63887277618026
143.28;-133.3714;123.26873061717308;101.63887277618026
142.41;-132.9714;123.26873061717308;101.63887277618026
141.84;-134.2857;123.26873061717308;101.63887277618026
141.84;-133.5143;123.26873061717308;101.63887277618026
141.31;-133.0857;123.26873061717308;101.63887277618026
140.4;-133.4286;123.26873061717308;101.63887277618026
139.92;-134.2286;123.26873061717308;101.63887277618026
139.56;-135.4;123.26873061717308;101.63887277618026
139.94;-135.2286;123.26873061717308;101.63887277618026
139.3;-135.2571;123.26873061717308;101.63887277618026
138.98;-134.8857;123.26873061717308;101.63887277618026
139.42;-134.9714;123.26873061717308;101.63887277618026
138.26;-134.6571;123.26873061717308;101.63887277618026
137.77;-134.4;123.26873061717308;101.63887277618026
137.44;-134.4571;123.26873061717308;101.63887277618026
137.31;-135.0857;123.26873061717308;101.63887277618026
135.81;-135.2857;123.26873061717308;101.63887277618026
135.25;-136.8857;123.26873061717308;101.63887277618026
134.67;-137.4286;123.26873061717308;101.63887277618026
134.91;-137.3714;123.26873061717308;101.63887277618026
135.75;-135.3714;123.26873061717308;101.63887277618026
135.0;-138.0286;123.26873061717308;101.63887277618026
134.79;-138.3143;123.26873061717308;101.63887277618026
134.72;-137.0571;123.26873061717308;101.63887277618026
133.8;-136.0857;123.26873061717308;101.63887277618026
132.73;-136.5429;123.26873061717308;101.63887277618026
132.92;-137.8286;123.26873061717308;101.63887277618026
132.15;-138.8;123.26873061717308;101.63887277618026
131.84;-139.0286;123.26873061717308;101.63887277618026
132.56;-138.5429;123.26873061717308;101.63887277618026
131.77;-139.5429;123.26873061717308;101.63887277618026
131.68;-138.8286;123.26873061717308;101.63887277618026
131.13;-139.4;123.26873061717308;101.63887277618026
130.18;-139.5714;123.26873061717308;101.63887277618026
129.56;-138.4571;123.26873061717308;101.63887277618026
128.38;-139.6286;123.26873061717308;101.63887277618026
128.33;-139.5714;123.26873061717308;101.63887277618026
128.41;-139.1714;123.26873061717308;101.63887277618026
128.09;-139.3429;123.26873061717308;101.63887277618026
127.72;-139.8;123.26873061717308;101.63887277618026
127.73;-140.7714;123.26873061717308;101.63887277618026
127.86;-139.8286;123.26873061717308;101.63887277618026
127.31;-140.2857;123.26873061717308;101.63887277618026
126.95;-141.1714;123.26873061717308;101.63887277618026
126.97;-141.7714;123.26873061717308;101.63887277618026
126.31;-140.3429;123.26873061717308;101.63887277618026
125.54;-141.8;123.26873061717308;101.63887277618026
125.26;-141.3714;123.26873061717308;101.63887277618026
125.61;-141.4857;123.26873061717308;101.63887277618026
124.88;-141.5714;123.26873061717308;101.63887277618026
124.67;-140.8571;123.26873061717308;101.63887277618026
124.05;-141.2857;123.26873061717308;101.63887277618026
123.59;-141.2571;123.26873061717308;101.63887277618026
123.9;-141.3714;123.26873061717308;101.63887277618026
123.69;-141.1143;123.26873061717308;101.63887277618026
123.36;-142.4286;123.26873061717308;101.63887277618026
123.39;-141.8286;123.26873061717308;101.63887277618026
122.64;-141.6;123.26873061717308;101.63887277618026
122.5;-140.7143;123.26873061717308;101.63887277618026
122.04;-140.6857;123.26873061717308;101.63887277618026
121.45;-139.3714;123.26873061717308;101.63887277618026
121.18;-139.6286;123.26873061717308;101.63887277618026
120.85;-140.2857;123.26873061717308;101.63887277618026
120.69;-139.2571;123.26873061717308;101.63887277618026
120.69;-139.5429;123.26873061717308;101.63887277618026
119.84;-138.3143;123.26873061717308;101.63887277618026
119.9;-138.0286;123.26873061717308;101.63887277618026
119.23;-137.6;123.26873061717308;101.63887277618026
119.13;-138.0286;123.26873061717308;101.63887277618026
119.11;-137.6571;123.26873061717308;101.63887277618026
118.4;-137.0;123.26873061717308;101.63887277618026
118.16;-137.0571;123.26873061717308;101.63887277618026
117.48;-136.4286;123.26873061717308;101.63887277618026
117.7;-134.9143;123.26873061717308;101.63887277618026
117.41;-134.3143;123.26873061717308;101.63887277618026
117.12;-133.8;123.26873061717308;101.63887277618026
116.8;-134.1143;123.26873061717308;101.63887277618026
116.65;-134.4286;123.26873061717308;101.63887277618026
116.13;-133.8286;123.26873061717308;101.63887277618026
116.09;-132.9429;123.26873061717308;101.63887277618026
115.27;-133.7429;123.26873061717308;101.63887277618026
115.01;-133.6286;123.26873061717308;101.63887277618026
114.62;-132.8;123.26873061717308;101.63887277618026
115.1;-134.7714;123.26873061717308;101.63887277618026
114.9;-133.7143;123.26873061717308;101.63887277618026
113.77;-131.7429;123.26873061717308;101.63887277618026
113.83;-130.7143;123.26873061717308;101.63887277618026
113.59;-129.9143;123.26873061717308;101.63887277618026
113.15;-130.7714;123.26873061717308;101.63887277618026
112.89;-129.5143;123.26873061717308;101.63887277618026
112.84;-129.6571;123.26873061717308;101.63887277618026
112.26;-130.3143;123.26873061717308;101.63887277618026
111.75;-129.6286;123.26873061717308;101.63887277618026
111.53;-129.4286;123.26873061717308;101.63887277618026
111.35;-129.4857;123.26873061717308;101.63887277618026
110.38;-128.5143;123.26873061717308;101.63887277618026
110.61;-128.8;123.26873061717308;101.63887277618026
110.52;-127.6286;123.26873061717308;101.63887277618026
110.53;-126.0;123.26873061717308;101.63887277618026
109.5;-127.6571;123.26873061717308;101.63887277618026
109.3;-126.5143;123.26873061717308;101.63887277618026
109.36;-127.2857;123.26873061717308;101.63887277618026
108.86;-127.2571;123.26873061717308;101.63887277618026
108.8;-125.6857;123.26873061717308;101.63887277618026
108.87;-125.8;123.26873061717308;101.63887277618026
107.72;-126.0;123.26873061717308;101.63887277618026
107.71;-125.2286;123.26873061717308;101.63887277618026
107.77;-124.4857;123.26873061717308;101.63887277618026
107.75;-124.6857;123.26873061717308;101.63887277618026
107.53;-123.7714;123.26873061717308;101.63887277618026
107.44;-123.9143;123.26873061717308;101.63887277618026
107.05;-122.4571;123.26873061717308;101.63887277618026
106.41;-122.3143;123.26873061717308;101.63887277618026
105.95;-122.3714;123.26873061717308;101.63887277618026
106.05;-122.5429;123.26873061717308;101.63887277618026
105.23;-123.0286;123.26873061717308;101.63887277618026
104.71;-122.6571;123.26873061717308;101.63887277618026
104.86;-122.0571;123.26873061717308;101.63887277618026
105.01;-121.0286;123.26873061717308;101.63887277618026
104.99;-122.3714;123.26873061717308;101.63887277618026
104.75;-121.5429;123.26873061717308;101.63887277618026
104.38;-122.4286;123.26873061717308;101.63887277618026
103.51;-122.0857;123.26873061717308;101.63887277618026
103.36;-121.2571;123.26873061717308;101.63887277618026
103.44;-120.5143;123.26873061717308;101.63887277618026
103.07;-121.3429;123.26873061717308;101.63887277618026
102.78;-120.6857;123.26873061717308;101.63887277618026
102.57;-119.8857;123.26873061717308;101.63887277618026
102.17;-120.3714;123.26873061717308;101.63887277618026
101.81;-119.9429;123.26873061717308;101.63887277618026
101.07;-118.8857;123.26873061717308;101.63887277618026
101.21;-118.1143;123.26873061717308;101.63887277618026
101.04;-117.6857;123.26873061717308;101.63887277618026
101.38;-117.7143;123.26873061717308;101.63887277618026
101.73;-118.3143;123.26873061717308;101.63887277618026
99.91;-118.3429;123.26873061717308;101.63887277618026
99.68;-117.1714;123.26873061717308;101.63887277618026
99.58;-117.8;123.26873061717308;101.63887277618026
99.84;-117.0571;123.26873061717308;101.63887277618026
99.22;-117.3714;123.26873061717308;101.63887277618026
99.0;-116.3143;123.26873061717308;101.63887277618026
99.13;-116.4;123.26873061717308;101.63887277618026
98.63;-115.5429;123.26873061717308;101.63887277618026
98.54;-116.3143;123.26873061717308;101.63887277618026
98.49;-115.2;123.26873061717308;101.63887277618026
97.62;-114.5143;123.26873061717308;101.63887277618026
97.76;-115.0857;123.26873061717308;101.63887277618026
97.48;-114.2571;123.26873061717308;101.63887277618026
97.17;-114.3143;123.26873061717308;101.63887277618026
97.44;-114.9143;123.26873061717308;101.63887277618026
97.29;-113.8;123.26873061717308;101.63887277618026
97.03;-111.9714;123.26873061717308;101.63887277618026
96.19;-114.1143;123.26873061717308;101.63887277618026
96.0;-113.2;123.26873061717308;101.63887277618026
95.93;-112.5714;123.26873061717308;101.63887277618026
95.23;-112.5143;123.26873061717308;101.63887277618026
95.56;-112.0286;123.26873061717308;101.63887277618026
95.78;-111.1143;123.26873061717308;101.63887277618026
95.44;-111.2286;123.26873061717308;101.63887277618026
95.11;-110.8286;123.26873061717308;101.63887277618026
94.45;-110.8571;123.26873061717308;101.63887277618026
94.06;-111.0;123.26873061717308;101.63887277618026
94.27;-110.7143;123.26873061717308;101.63887277618026
94.25;-110.8;123.26873061717308;101.63887277618026
93.77;-110.4;123.26873061717308;101.63887277618026
92.62;-110.9429;123.26873061717308;101.63887277618026
92.95;-110.4571;123.26873061717308;101.63887277618026
92.95;-110.6571;123.26873061717308;101.63887277618026
92.98;-109.6857;123.26873061717308;101.63887277618026
92.69;-108.9429;123.26873061717308;101.63887277618026
92.29;-108.9143;123.26873061717308;101.63887277618026
92.12;-108.6857;123.26873061717308;101.63887277618026
91.74;-108.3429;123.26873061717308;101.63887277618026
91.69;-108.3143;123.26873061717308;101.63887277618026
91.76;-107.8286;123.26873061717308;101.63887277618026
91.19;-107.7714;123.26873061717308;101.63887277618026
90.78;-107.4857;123.26873061717308;101.63887277618026
90.63;-108.6857;123.26873061717308;101.63887277618026
90.45;-107.8857;123.26873061717308;101.63887277618026
89.93;-106.5714;123.26873061717308;101.63887277618026
89.81;-106.4857;123.26873061717308;101.63887277618026
89.72;-107.0;123.26873061717308;101.63887277618026
89.56;-106.0571;123.26873061717308;101.63887277618026
89.33;-106.9143;123.26873061717308;101.63887277618026
89.02;-107.1714;123.26873061717308;101.63887277618026
88.41;-105.1714;123.26873061717308;101.63887277618026
88.23;-104.5429;123.26873061717308;101.63887277618026
88.61;-105.7143;123.26873061717308;101.63887277618026
88.36;-104.0571;123.26873061717308;101.63887277618026
88.05;-104.4;123.26873061717308;101.63887277618026
87.64;-104.1143;123.26873061717308;101.63887277618026
87.76;-103.9143;123.26873061717308;101.63887277618026
87.69;-103.4857;123.26873061717308;101.63887277618026
87.52;-103.8286;123.26873061717308;101.63887277618026
87.17;-103.6286;123.26873061717308;101.63887277618026
86.61;-102.8571;123.26873061717308;101.63887277618026
86.54;-103.7143;123.26873061717308;101.63887277618026
86.29;-103.0571;123.26873061717308;101.63887277618026
86.13;-103.4286;123.26873061717308;101.63887277618026
86.29;-103.2;123.26873061717308;101.63887277618026
86.23;-102.7143;123.26873061717308;101.63887277618026
85.89;-102.8286;123.26873061717308;101.63887277618026
85.53;-101.6;123.26873061717308;101.63887277618026
85.65;-102.0;123.26873061717308;101.63887277618026
85.57;-101.0571;123.26873061717308;101.63887277618026
84.86;-100.3429;123.26873061717308;101.63887277618026
84.81;-100.0;123.26873061717308;101.63887277618026
84.52;-100.9429;123.26873061717308;101.63887277618026
84.02;-100.2857;123.26873061717308;101.63887277618026
84.26;-99.5143;123.26873061717308;101.63887277618026
84.21;-99.0;123.26873061717308;101.63887277618026
84.02;-99.4286;123.26873061717308;101.63887277618026
83.66;-98.8571;123.26873061717308;101.63887277618026
83.27;-98.7143;123.26873061717308;101.63887277618026
83.44;-98.8857;123.26873061717308;101.63887277618026
83.1;-99.1143;123.26873061717308;101.63887277618026
82.93;-99.2857;123.26873061717308;101.63887277618026
82.79;-99.2571;123.26873061717308;101.63887277618026
82.62;-99.8286;123.26873061717308;101.63887277618026
82.74;-99.2;123.26873061717308;101.63887277618026
82.38;-98.5429;123.26873061717308;101.63887277618026
81.98;-97.5714;123.26873061717308;101.63887277618026
81.61;-97.4571;123.26873061717308;101.63887277618026
81.57;-97.2286;123.26873061717308;101.63887277618026
81.78;-96.9714;123.26873061717308;101.63887277618026
81.63;-98.0857;123.26873061717308;101.63887277618026
81.3;-97.7143;123.26873061717308;101.63887277618026
81.06;-96.9714;123.26873061717308;101.63887277618026
80.77;-97.3429;123.26873061717308;101.63887277618026
80.55;-97.6857;123.26873061717308;101.63887277618026
80.56;-97.2857;123.26873061717308;101.63887277618026
80.48;-96.2571;123.26873061717308;101.63887277618026
80.05;-96.8286;123.26873061717308;101.63887277618026
79.77;-96.3714;123.26873061717308;101.63887277618026
79.54;-95.7429;123.26873061717308;101.63887277618026
79.27;-95.6857;123.26873061717308;101.63887277618026
79.18;-95.0571;123.26873061717308;101.63887277618026
78.92;-94.2571;123.26873061717308;101.63887277618026
78.77;-94.1143;123.26873061717308;101.63887277618026
78.89;-94.3714;123.26873061717308;101.63887277618026
78.54;-94.0;123.26873061717308;101.63887277618026
78.31;-94.1714;123.26873061717308;101.63887277618026
77.9;-94.0571;123.26873061717308;101.63887277618026
77.81;-94.1429;123.26873061717308;101.63887277618026
77.52;-92.5429;123.26873061717308;101.63887277618026
77.27;-92.6;123.26873061717308;101.63887277618026
77.3;-92.4857;123.26873061717308;101.63887277618026
77.1;-92.6571;123.26873061717308;101.63887277618026
77.03;-92.7429;123.26873061717308;101.63887277618026
76.98;-93.8;123.26873061717308;101.63887277618026
76.73;-92.6857;123.26873061717308;101.63887277618026
76.68;-93.0;123.26873061717308;101.63887277618026
76.44;-93.5714;123.26873061717308;101.63887277618026
76.03;-92.6;123.26873061717308;101.63887277618026
76.02;-91.6571;123.26873061717308;101.63887277618026
75.89;-91.4286;123.26873061717308;101.63887277618026
75.83;-90.6571;123.26873061717308;101.63887277618026
75.84;-91.5429;123.26873061717308;101.63887277618026
75.86;-91.7714;123.26873061717308;101.63887277618026
75.58;-91.6571;123.26873061717308;101.63887277618026
75.34;-91.9143;123.26873061717308;101.63887277618026
75.1;-90.6571;123.26873061717308;101.63887277618026
74.97;-90.6286;123.26873061717308;101.63887277618026
74.53;-89.8571;123.26873061717308;101.63887277618026
74.33;-90.4857;123.26873061717308;101.63887277618026
73.88;-90.3143;123.26873061717308;101.63887277618026
73.52;-89.6286;123.26873061717308;101.63887277618026
73.4;-90.0571;123.26873061717308;101.63887277618026
73.26;-89.3714;123.26873061717308;101.63887277618026
73.38;-89.0286;123.26873061717308;101.63887277618026
73.25;-89.6;123.26873061717308;101.63887277618026
72.99;-89.5143;123.26873061717308;101.63887277618026
72.93;-89.4857;123.26873061717308;101.63887277618026
72.81;-88.8857;123.26873061717308;101.63887277618026
72.73;-89.4286;123.26873061717308;101.63887277618026
72.41;-88.8;123.26873061717308;101.63887277618026
72.23;-88.4;123.26873061717308;101.63887277618026
71.77;-87.9429;123.26873061717308;101.63887277618026
71.71;-87.6857;123.26873061717308;101.63887277618026
71.64;-87.6;123.26873061717308;101.63887277618026
71.56;-87.3714;123.26873061717308;101.63887277618026
71.67;-87.5143;123.26873061717308;101.63887277618026
71.58;-87.2;123.26873061717308;101.63887277618026
71.36;-87.0;123.26873061717308;101.63887277618026
71.26;-86.6857;123.26873061717308;101.63887277618026
70.78;-86.2857;123.26873061717308;101.63887277618026
70.67;-86.1429;123.26873061717308;101.63887277618026
70.47;-86.0571;123.26873061717308;101.63887277618026
70.27;-86.0;123.26873061717308;101.63887277618026
70.15;-85.5429;123.26873061717308;101.63887277618026
70.01;-85.3714;123.26873061717308;101.63887277618026
70.21;-86.2857;123.26873061717308;101.63887277618026
69.91;-86.0;123.26873061717308;101.63887277618026
69.7;-85.7714;123.26873061717308;101.63887277618026
69.51;-85.2286;123.26873061717308;101.63887277618026
69.2;-85.4857;123.26873061717308;101.63887277618026
69.05;-84.8286;123.26873061717308;101.63887277618026
69.0;-84.8;123.26873061717308;101.63887277618026
68.91;-84.5429;123.26873061717308;101.63887277618026
68.85;-84.7143;123.26873061717308;101.63887277618026
68.87;-84.0;123.26873061717308;101.63887277618026
68.73;-83.1714;123.26873061717308;101.63887277618026
68.52;-83.6571;123.26873061717308;101.63887277618026
68.25;-83.8286;123.26873061717308;101.63887277618026
68.27;-84.6;123.26873061717308;101.63887277618026
67.63;-83.8857;123.26873061717308;101.63887277618026
67.47;-84.0;123.26873061717308;101.63887277618026
67.41;-83.1429;123.26873061717308;101.63887277618026
67.25;-82.1714;123.26873061717308;101.63887277618026
67.28;-81.9714;123.26873061717308;101.63887277618026
67.22;-82.3714;123.26873061717308;101.63887277618026
66.8;-82.7143;123.26873061717308;101.63887277618026
66.65;-82.3714;123.26873061717308;101.63887277618026
66.25;-82.1143;123.26873061717308;101.63887277618026
66.27;-82.2;123.26873061717308;101.63887277618026
66.13;-81.7143;123.26873061717308;101.63887277618026
65.98;-81.4571;123.26873061717308;101.63887277618026
65.96;-81.5143;123.26873061717308;101.63887277618026
65.94;-81.8571;123.26873061717308;101.63887277618026
65.75;-81.5714;123.26873061717308;101.63887277618026
65.63;-81.0286;123.26873061717308;101.63887277618026
65.59;-80.6;123.26873061717308;101.63887277618026
65.38;-81.0857;123.26873061717308;101.63887277618026
65.03;-80.4571;123.26873061717308;101.63887277618026
65.02;-80.4571;123.26873061717308;101.63887277618026
64.86;-80.1429;123.26873061717308;101.63887277618026
64.48;-79.7429;123.26873061717308;101.63887277618026
64.54;-79.6286;123.26873061717308;101.63887277618026
64.36;-79.4286;123.26873061717308;101.63887277618026
64.26;-80.0571;123.26873061717308;101.63887277618026
64.01;-79.3714;123.26873061717308;101.63887277618026
63.89;-79.1714;123.26873061717308;101.63887277618026
63.69;-79.0;123.26873061717308;101.63887277618026
63.82;-78.9429;123.26873061717308;101.63887277618026
63.56;-79.1429;123.26873061717308;101.63887277618026
63.06;-79.1429;123.26873061717308;101.63887277618026
63.08;-78.9714;123.26873061717308;101.63887277618026
63.1;-78.4857;123.26873061717308;101.63887277618026
62.99;-78.6286;123.26873061717308;101.63887277618026
62.92;-78.8857;123.26873061717308;101.63887277618026
62.76;-78.1714;123.26873061717308;101.63887277618026
62.6;-78.1714;123.26873061717308;101.63887277618026
62.63;-78.4286;123.26873061717308;101.63887277618026
62.62;-78.1143;123.26873061717308;101.63887277618026
62.44;-77.8857;123.26873061717308;101.63887277618026
62.09;-77.5714;123.26873061717308;101.63887277618026
61.95;-77.1429;123.26873061717308;101.63887277618026
61.87;-76.8571;123.26873061717308;101.63887277618026
61.82;-76.8571;123.26873061717308;101.63887277618026
61.73;-77.2286;123.26873061717308;101.63887277618026
61.64;-76.5714;123.26873061717308;101.63887277618026
61.38;-76.6;123.26873061717308;101.63887277618026
61.22;-76.4286;123.26873061717308;101.63887277618026
61.13;-75.9714;123.26873061717308;101.63887277618026
61.04;-76.0286;123.26873061717308;101.63887277618026
60.62;-75.6571;123.26873061717308;101.63887277618026
60.48;-75.6286;123.26873061717308;101.63887277618026
60.41;-75.7143;123.26873061717308;101.63887277618026
60.24;-75.4571;123.26873061717308;101.63887277618026
60.21;-74.7714;123.26873061717308;101.63887277618026
59.98;-75.0;123.26873061717308;101.63887277618026
59.89;-74.9429;123.26873061717308;101.63887277618026
60.08;-74.8857;123.26873061717308;101.63887277618026
60.01;-74.1143;123.26873061717308;101.63887277618026
60.0;-73.9714;123.26873061717308;101.63887277618026
59.54;-74.4;123.26873061717308;101.63887277618026
59.42;-75.1714;123.26873061717308;101.63887277618026
59.16;-74.6857;123.26873061717308;101.63887277618026
59.1;-74.6286;123.26873061717308;101.63887277618026
59.02;-74.1714;123.26873061717308;101.63887277618026
58.87;-74.3143;123.26873061717308;101.63887277618026
58.71;-74.0286;123.26873061717308;101.63887277618026
58.56;-73.6286;123.26873061717308;101.63887277618026
58.43;-72.5429;123.26873061717308;101.63887277618026
58.3;-73.0571;123.26873061717308;101.63887277618026
58.17;-73.7714;123.26873061717308;101.63887277618026
58.01;-73.4286;123.26873061717308;101.63887277618026
57.97;-72.5429;123.26873061717308;101.63887277618026
57.82;-72.4571;123.26873061717308;101.63887277618026
57.65;-72.7714;123.26873061717308;101.63887277618026
57.61;-72.9143;123.26873061717308;101.63887277618026
57.53;-72.8286;123.26873061717308;101.63887277618026
57.52;-72.3143;123.26873061717308;101.63887277618026
57.27;-72.7429;123.26873061717308;101.63887277618026
57.14;-72.1714;123.26873061717308;101.63887277618026
56.7;-71.5429;123.26873061717308;101.63887277618026
56.63;-71.6;123.26873061717308;101.63887277618026
56.56;-71.3714;123.26873061717308;101.63887277618026
56.25;-70.3714;123.26873061717308;101.63887277618026
56.21;-70.5429;123.26873061717308;101.63887277618026
56.15;-71.0286;123.26873061717308;101.63887277618026
56.02;-70.7429;123.26873061717308;101.63887277618026
55.94;-70.2571;123.26873061717308;101.63887277618026
55.98;-70.4857;123.26873061717308;101.63887277618026
55.83;-70.6286;123.26873061717308;101.63887277618026
55.48;-69.7714;123.26873061717308;101.63887277618026
55.31;-70.0857;123.26873061717308;101.63887277618026
55.2;-69.6;123.26873061717308;101.63887277618026
55.08;-69.6286;123.26873061717308;101.63887277618026
55.02;-69.7143;123.26873061717308;101.63887277618026
54.72;-69.5429;123.26873061717308;101.63887277618026
54.75;-69.3429;123.26873061717308;101.63887277618026
54.48;-69.3714;123.26873061717308;101.63887277618026
54.54;-69.1714;123.26873061717308;101.63887277618026
54.47;-69.3714;123.26873061717308;101.63887277618026
53.96;-69.0;123.26873061717308;101.63887277618026
53.97;-68.8571;123.26873061717308;101.63887277618026
53.98;-69.0571;123.26873061717308;101.63887277618026
53.92;-69.3143;123.26873061717308;101.63887277618026
53.67;-68.2857;123.26873061717308;101.63887277618026
53.61;-68.0286;123.26873061717308;101.63887277618026
53.49;-67.9714;123.26873061717308;101.63887277618026
53.4;-67.9429;123.26873061717308;101.63887277618026
53.24;-67.8286;123.26873061717308;101.63887277618026
53.26;-68.2857;123.26873061717308;101.63887277618026
52.79;-67.6;123.26873061717308;101.63887277618026
52.67;-67.4;123.26873061717308;101.63887277618026
52.78;-67.4857;123.26873061717308;101.63887277618026
52.49;-67.8286;123.26873061717308;101.63887277618026
52.49;-67.8857;123.26873061717308;101.63887277618026
52.38;-66.7714;123.26873061717308;101.63887277618026
52.54;-66.6571;123.26873061717308;101.63887277618026
52.26;-66.4;123.26873061717308;101.63887277618026
52.17;-66.3429;123.26873061717308;101.63887277618026
52.19;-66.8857;123.26873061717308;101.63887277618026
51.65;-66.4857;123.26873061717308;101.63887277618026
51.68;-66.2;123.26873061717308;101.63887277618026
51.47;-66.4857;123.26873061717308;101.63887277618026
51.49;-66.4286;123.26873061717308;101.63887277618026
51.36;-66.0286;123.26873061717308;101.63887277618026
51.25;-65.9714;123.26873061717308;101.63887277618026
51.05;-66.3429;123.26873061717308;101.63887277618026
51.14;-65.8571;123.26873061717308;101.63887277618026
51.14;-65.7714;123.26873061717308;101.63887277618026
51.06;-65.4857;123.26873061717308;101.63887277618026
50.47;-65.2286;123.26873061717308;101.63887277618026
50.51;-64.7143;123.26873061717308;101.63887277618026
50.41;-65.2286;123.26873061717308;101.63887277618026
50.43;-64.6571;123.26873061717308;101.63887277618026
50.53;-64.7714;123.26873061717308;101.63887277618026
50.48;-65.2571;123.26873061717308;101.63887277618026
50.23;-65.0571;123.26873061717308;101.63887277618026
50.16;-64.4;123.26873061717308;101.63887277618026
50.09;-64.4857;123.26873061717308;101.63887277618026
49.93;-64.0;123.26873061717308;101.63887277618026
49.58;-63.4857;123.26873061717308;101.63887277618026
49.39;-63.8;123.26873061717308;101.63887277618026
49.3;-63.8571;123.26873061717308;101.63887277618026
49.26;-63.6571;123.26873061717308;101.63887277618026
49.1;-63.5714;123.26873061717308;101.63887277618026
48.93;-63.2857;123.26873061717308;101.63887277618026
48.87;-63.0;123.26873061717308;101.63887277618026
48.87;-63.3429;123.26873061717308;101.63887277618026
48.89;-63.4;123.26873061717308;101.63887277618026
48.77;-62.6;123.26873061717308;101.63887277618026
48.64;-63.2286;123.26873061717308;101.63887277618026
48.47;-63.0286;123.26873061717308;101.63887277618026
48.32;-62.5714;123.26873061717308;101.63887277618026
48.11;-62.3714;123.26873061717308;101.63887277618026
48.04;-62.4;123.26873061717308;101.63887277618026
47.87;-62.3143;123.26873061717308;101.63887277618026
47.75;-62.4857;123.26873061717308;101.63887277618026
47.73;-62.0;123.26873061717308;101.63887277618026
47.67;-62.1143;123.26873061717308;101.63887277618026
47.59;-62.2;123.26873061717308;101.63887277618026
47.27;-62.0571;123.26873061717308;101.63887277618026
47.23;-62.0286;123.26873061717308;101.63887277618026
47.1;-61.9714;123.26873061717308;101.63887277618026
46.89;-61.3143;123.26873061717308;101.63887277618026
46.77;-61.5429;123.26873061717308;101.63887277618026
46.67;-61.6857;123.26873061717308;101.63887277618026
46.6;-61.2;123.26873061717308;101.63887277618026
46.5;-61.3429;123.26873061717308;101.63887277618026
46.5;-60.8;123.26873061717308;101.63887277618026
46.44;-61.2571;123.26873061717308;101.63887277618026
45.89;-60.8857;123.26873061717308;101.63887277618026
45.84;-60.8;123.26873061717308;101.63887277618026
45.65;-60.6;123.26873061717308;101.63887277618026
45.47;-60.6571;123.26873061717308;101.63887277618026
45.29;-60.0571;123.26873061717308;101.63887277618026
45.32;-60.2571;123.26873061717308;101.63887277618026
45.42;-60.0286;123.26873061717308;101.63887277618026
45.34;-60.1143;123.26873061717308;101.63887277618026
45.19;-60.0857;123.26873061717308;101.63887277618026
45.18;-60.0571;123.26873061717308;101.63887277618026
44.8;-60.1714;123.26873061717308;101.63887277618026
44.72;-59.6857;123.26873061717308;101.63887277618026
44.56;-59.3429;123.26873061717308;101.63887277618026
44.39;-59.6571;123.26873061717308;101.63887277618026
44.26;-59.3714;123.26873061717308;101.63887277618026
44.24;-59.1714;123.26873061717308;101.63887277618026
44.1;-59.2857;123.26873061717308;101.63887277618026
44.01;-58.9714;123.26873061717308;101.63887277618026
43.96;-58.8857;123.26873061717308;101.63887277618026
43.86;-58.4286;123.26873061717308;101.63887277618026
43.17;-58.4;123.26873061717308;101.63887277618026
43.07;-58.7143;123.26873061717308;101.63887277618026
43.14;-58.4;123.26873061717308;101.63887277618026
43.17;-58.3714;123.26873061717308;101.63887277618026
43.06;-58.1429;123.26873061717308;101.63887277618026
42.78;-57.9143;123.26873061717308;101.63887277618026
42.46;-57.8286;123.26873061717308;101.63887277618026
42.39;-57.6286;123.26873061717308;101.63887277618026
42.35;-57.6286;123.26873061717308;101.63887277618026
42.28;-58.0286;123.26873061717308;101.63887277618026
41.81;-57.8857;123.26873061717308;101.63887277618026
41.77;-57.9429;123.26873061717308;101.63887277618026
41.7;-57.7714;123.26873061717308;101.63887277618026
41.63;-57.0857;123.26873061717308;101.63887277618026
41.7;-57.4571;123.26873061717308;101.63887277618026
41.49;-57.0857;123.26873061717308;101.63887277618026
41.37;-57.1143;123.26873061717308;101.63887277618026
41.34;-56.9714;123.26873061717308;101.63887277618026
41.34;-57.0571;123.26873061717308;101.63887277618026
41.09;-56.9143;123.26873061717308;101.63887277618026
40.83;-56.4286;123.26873061717308;101.63887277618026
40.74;-56.7143;123.26873061717308;101.63887277618026
40.52;-56.1714;123.26873061717308;101.63887277618026
40.45;-56.1429;123.26873061717308;101.63887277618026
40.36;-56.2571;123.26873061717308;101.63887277618026
40.36;-56.2;123.26873061717308;101.63887277618026
40.26;-56.3429;123.26873061717308;101.63887277618026
40.04;-56.0857;123.26873061717308;101.63887277618026
40.04;-56.1714;123.26873061717308;101.63887277618026
40.02;-56.0286;123.26873061717308;101.63887277618026
39.51;-55.5429;123.26873061717308;101.63887277618026
39.46;-55.7429;123.26873061717308;101.63887277618026
39.4;-55.1714;123.26873061717308;101.63887277618026
39.33;-55.6;123.26873061717308;101.63887277618026
39.2;-55.2;123.26873061717308;101.63887277618026
39.1;-55.3429;123.26873061717308;101.63887277618026
38.93;-55.1714;123.26873061717308;101.63887277618026
38.86;-54.7714;123.26873061717308;101.63887277618026
38.65;-54.8286;123.26873061717308;101.63887277618026
38.52;-54.4571;123.26873061717308;101.63887277618026
38.13;-54.6571;123.26873061717308;101.63887277618026
38.01;-54.0;123.26873061717308;101.63887277618026
37.84;-54.6286;123.26873061717308;101.63887277618026
37.65;-54.4286;123.26873061717308;101.63887277618026
37.7;-54.1143;123.26873061717308;101.63887277618026
37.65;-54.0857;123.26873061717308;101.63887277618026
37.63;-53.6286;123.26873061717308;101.63887277618026
37.54;-53.7429;123.26873061717308;101.63887277618026
37.57;-53.3714;123.26873061717308;101.63887277618026
37.52;-53.5714;123.26873061717308;101.63887277618026
36.79;-53.5714;123.26873061717308;101.63887277618026
36.62;-53.2857;123.26873061717308;101.63887277618026
36.51;-53.4;123.26873061717308;101.63887277618026
36.5;-53.1714;123.26873061717308;101.63887277618026
36.39;-53.3143;123.26873061717308;101.63887277618026
36.33;-52.7143;123.26873061717308;101.63887277618026
36.23;-52.9429;123.26873061717308;101.63887277618026
36.13;-52.7143;123.26873061717308;101.63887277618026
36.04;-52.6;123.26873061717308;101.63887277618026
36.05;-52.7714;123.26873061717308;101.63887277618026
35.34;-52.6857;123.26873061717308;101.63887277618026
35.25;-52.5714;123.26873061717308;101.63887277618026
35.25;-52.1429;123.26873061717308;101.63887277618026
35.22;-51.9714;123.26873061717308;101.63887277618026
35.16;-51.8571;123.26873061717308;101.63887277618026
35.12;-51.9429;123.26873061717308;101.63887277618026
35.12;-51.9143;123.26873061717308;101.63887277618026
35.02;-51.4286;123.26873061717308;101.63887277618026
34.77;-51.6;123.26873061717308;101.63887277618026
34.68;-51.4857;123.26873061717308;101.63887277618026
34.25;-51.4857;123.26873061717308;101.63887277618026
34.17;-51.3143;123.26873061717308;101.63887277618026
34.05;-51.3429;123.26873061717308;101.63887277618026
34.06;-51.0571;123.26873061717308;101.63887277618026
33.92;-51.4286;123.26873061717308;101.63887277618026
33.87;-51.1714;123.26873061717308;101.63887277618026
33.81;-51.2571;123.26873061717308;101.63887277618026
33.68;-50.9429;123.26873061717308;101.63887277618026
33.64;-51.1143;123.26873061717308;101.63887277618026
33.55;-50.9143;123.26873061717308;101.63887277618026
32.96;-50.7429;123.26873061717308;101.63887277618026
33.0;-50.5143;123.26873061717308;101.63887277618026
32.8;-50.2;123.26873061717308;101.63887277618026
32.75;-50.3714;123.26873061717308;101.63887277618026
32.71;-50.0857;123.26873061717308;101.63887277618026
32.63;-50.0857;123.26873061717308;101.63887277618026
32.56;-49.9143;123.26873061717308;101.63887277618026
32.54;-50.2;123.26873061717308;101.63887277618026
32.43;-50.0;123.26873061717308;101.63887277618026
32.38;-50.0857;123.26873061717308;101.63887277618026
31.79;-49.5714;123.26873061717308;101.63887277618026
31.8;-49.5714;123.26873061717308;101.63887277618026
31.81;-49.3429;123.26873061717308;101.63887277618026
31.79;-49.6;123.26873061717308;101.63887277618026
31.79;-49.3143;123.26873061717308;101.63887277618026
31.64;-49.3143;123.26873061717308;101.63887277618026
31.6;-49.4;123.26873061717308;101.63887277618026
31.63;-49.1429;123.26873061717308;101.63887277618026
31.57;-49.0857;123.26873061717308;101.63887277618026
31.44;-48.8286;123.26873061717308;101.63887277618026
30.73;-48.9429;123.26873061717308;101.63887277618026
30.56;-48.7143;123.26873061717308;101.63887277618026
30.49;-49.0286;123.26873061717308;101.63887277618026
30.42;-48.4286;123.26873061717308;101.63887277618026
30.41;-48.4286;123.26873061717308;101.63887277618026
30.4;-48.2286;123.26873061717308;101.63887277618026
30.31;-48.4571;123.26873061717308;101.63887277618026
30.17;-48.3143;123.26873061717308;101.63887277618026
30.09;-48.2571;123.26873061717308;101.63887277618026
30.09;-47.9429;123.26873061717308;101.63887277618026
29.71;-48.0286;123.26873061717308;101.63887277618026
29.53;-47.8;123.26873061717308;101.63887277618026
29.48;-47.9143;123.26873061717308;101.63887277618026
29.56;-47.6286;123.26873061717308;101.63887277618026
29.44;-47.6;123.26873061717308;101.63887277618026
29.45;-47.5429;123.26873061717308;101.63887277618026
29.34;-47.7429;123.26873061717308;101.63887277618026
29.23;-47.5714;123.26873061717308;101.63887277618026
28.97;-47.4857;123.26873061717308;101.63887277618026
28.94;-47.1143;123.26873061717308;101.63887277618026
28.61;-46.9429;123.26873061717308;101.63887277618026
28.46;-46.8286;123.26873061717308;101.63887277618026
28.29;-46.9429;123.26873061717308;101.63887277618026
28.19;-46.7714;123.26873061717308;101.63887277618026
28.22;-46.6;123.26873061717308;101.63887277618026
28.18;-46.5143;123.26873061717308;101.63887277618026
28.19;-46.5143;123.26873061717308;101.63887277618026
28.01;-46.2857;123.26873061717308;101.63887277618026
27.95;-46.2286;123.26873061717308;101.63887277618026
27.92;-46.1714;123.26873061717308;101.63887277618026
27.46;-46.3714;123.26873061717308;101.63887277618026
27.44;-46.2286;123.26873061717308;101.63887277618026
27.35;-46.2857;123.26873061717308;101.63887277618026
27.4;-46.1714;123.26873061717308;101.63887277618026
27.27;-46.0857;123.26873061717308;101.63887277618026
27.16;-45.7143;123.26873061717308;101.63887277618026
27.01;-45.7143;123.26873061717308;101.63887277618026
26.98;-45.3429;123.26873061717308;101.63887277618026
26.92;-45.2857;123.26873061717308;101.63887277618026
26.8;-45.1714;123.26873061717308;101.63887277618026
26.33;-45.2571;123.26873061717308;101.63887277618026
26.29;-45.1429;123.26873061717308;101.63887277618026
26.27;-45.3714;123.26873061717308;101.63887277618026
26.26;-45.2857;123.26873061717308;101.63887277618026
26.24;-45.0;123.26873061717308;101.63887277618026
26.08;-44.9714;123.26873061717308;101.63887277618026
26.03;-44.7143;123.26873061717308;101.63887277618026
25.92;-44.7429;123.26873061717308;101.63887277618026
25.86;-44.6571;123.26873061717308;101.63887277618026
25.81;-44.6;123.26873061717308;101.63887277618026
25.33;-44.4286;123.26873061717308;101.63887277618026
25.33;-44.2571;123.26873061717308;101.63887277618026
25.32;-44.0857;123.26873061717308;101.63887277618026
25.21;-44.0;123.26873061717308;101.63887277618026
25.16;-43.7714;123.26873061717308;101.63887277618026
25.07;-44.1429;123.26873061717308;101.63887277618026
24.96;-44.0286;123.26873061717308;101.63887277618026
24.95;-44.1143;123.26873061717308;101.63887277618026
24.87;-44.0571;123.26873061717308;101.63887277618026
24.82;-43.8286;123.26873061717308;101.63887277618026
24.34;-43.6571;123.26873061717308;101.63887277618026
24.2;-43.4571;123.26873061717308;101.63887277618026
24.19;-43.4286;123.26873061717308;101.63887277618026
24.11;-43.4286;123.26873061717308;101.63887277618026
24.1;-43.4571;123.26873061717308;101.63887277618026
24.0;-43.2857;123.26873061717308;101.63887277618026
23.92;-43.2571;123.26873061717308;101.63887277618026
23.86;-42.8857;123.26873061717308;101.63887277618026
23.83;-42.9714;123.26873061717308;101.63887277618026
23.87;-42.5143;123.26873061717308;101.63887277618026
23.5;-42.6857;123.26873061717308;101.63887277618026
23.4;-42.5714;123.26873061717308;101.63887277618026
23.32;-42.5429;123.26873061717308;101.63887277618026
23.27;-42.3714;123.26873061717308;101.63887277618026
23.16;-42.2857;123.26873061717308;101.63887277618026
23.14;-42.2571;123.26873061717308;101.63887277618026
23.15;-42.0571;123.26873061717308;101.63887277618026
23.03;-42.0;123.26873061717308;101.63887277618026
22.98;-41.6857;123.26873061717308;101.63887277618026
22.92;-41.8857;123.26873061717308;101.63887277618026
22.5;-41.7429;123.26873061717308;101.63887277618026
22.48;-41.8;123.26873061717308;101.63887277618026
22.4;-41.6;123.26873061717308;101.63887277618026
22.32;-41.5429;123.26873061717308;101.63887277618026
22.24;-41.2286;123.26873061717308;101.63887277618026
22.14;-41.1143;123.26873061717308;101.63887277618026
22.07;-41.2;123.26873061717308;101.63887277618026
22.03;-40.7429;123.26873061717308;101.63887277618026
21.97;-40.9714;123.26873061717308;101.63887277618026
21.99;-40.7714;123.26873061717308;101.63887277618026
21.49;-40.9143;123.26873061717308;101.63887277618026
21.36;-40.7143;123.26873061717308;101.63887277618026
21.28;-40.8571;123.26873061717308;101.63887277618026
21.24;-40.8286;123.26873061717308;101.63887277618026
21.16;-40.5714;123.26873061717308;101.63887277618026
21.09;-40.6;123.26873061717308;101.63887277618026
21.09;-40.4571;123.26873061717308;101.63887277618026
20.98;-40.4286;123.26873061717308;101.63887277618026
20.9;-40.1714;123.26873061717308;101.63887277618026
20.9;-40.0571;123.26873061717308;101.63887277618026
20.38;-40.0286;123.26873061717308;101.63887277618026
20.32;-39.9714;123.26873061717308;101.63887277618026
20.31;-39.9714;123.26873061717308;101.63887277618026
20.31;-39.7429;123.26873061717308;101.63887277618026
20.21;-39.6571;123.26873061717308;101.63887277618026
20.12;-39.5429;123.26873061717308;101.63887277618026
20.1;-39.7429;123.26873061717308;101.63887277618026
19.99;-39.6571;123.26873061717308;101.63887277618026
19.96;-39.6571;123.26873061717308;101.63887277618026
19.91;-39.4286;123.26873061717308;101.63887277618026
19.55;-39.0857;123.26873061717308;101.63887277618026
19.43;-39.3143;123.26873061717308;101.63887277618026
19.39;-39.2286;123.26873061717308;101.63887277618026
19.35;-39.0571;123.26873061717308;101.63887277618026
19.3;-38.8286;123.26873061717308;101.63887277618026
19.29;-38.8286;123.26873061717308;101.63887277618026
19.21;-38.8571;123.26873061717308;101.63887277618026
19.16;-38.6;123.26873061717308;101.63887277618026
19.08;-38.4857;123.26873061717308;101.63887277618026
19.01;-38.4;123.26873061717308;101.63887277618026
18.63;-38.2571;123.26873061717308;101.63887277618026
18.57;-38.1714;123.26873061717308;101.63887277618026
18.48;-38.2;123.26873061717308;101.63887277618026
18.46;-38.3143;123.26873061717308;101.63887277618026
18.42;-38.2;123.26873061717308;101.63887277618026
18.46;-38.1429;123.26873061717308;101.63887277618026
18.39;-38.1143;123.26873061717308;101.63887277618026
18.3;-37.9714;123.26873061717308;101.63887277618026
18.26;-37.9429;123.26873061717308;101.63887277618026
18.25;-37.7143;123.26873061717308;101.63887277618026
17.76;-37.7429;123.26873061717308;101.63887277618026
17.77;-37.6;123.26873061717308;101.63887277618026
17.74;-37.5143;123.26873061717308;101.63887277618026
17.59;-37.3714;123.26873061717308;101.63887277618026
17.5;-37.2571;123.26873061717308;101.63887277618026
17.42;-37.1714;123.26873061717308;101.63887277618026
17.3;-37.0;123.26873061717308;101.63887277618026
17.32;-37.1143;123.26873061717308;101.63887277618026
17.22;-36.9714;123.26873061717308;101.63887277618026
17.06;-36.9143;123.26873061717308;101.63887277618026
16.65;-36.8286;123.26873061717308;101.63887277618026
16.68;-36.8286;123.26873061717308;101.63887277618026
16.65;-36.7429;123.26873061717308;101.63887277618026
16.61;-36.6;123.26873061717308;101.63887277618026
16.6;-36.3143;123.26873061717308;101.63887277618026
16.5;-36.4;123.26873061717308;101.63887277618026
16.47;-36.2286;123.26873061717308;101.63887277618026
16.4;-36.3143;123.26873061717308;101.63887277618026
16.44;-36.3143;123.26873061717308;101.63887277618026
16.35;-36.2857;123.26873061717308;101.63887277618026
16.2;-36.1714;123.26873061717308;101.63887277618026
16.16;-36.0;123.26873061717308;101.63887277618026
16.12;-35.9143;123.26873061717308;101.63887277618026
16.01;-35.7429;123.26873061717308;101.63887277618026
15.87;-35.6571;123.26873061717308;101.63887277618026
15.83;-35.6;123.26873061717308;101.63887277618026
15.76;-35.4571;123.26873061717308;101.63887277618026
15.64;-35.2857;123.26873061717308;101.63887277618026
15.65;-35.4;123.26873061717308;101.63887277618026
15.52;-35.3714;123.26873061717308;101.63887277618026
15.35;-35.2571;123.26873061717308;101.63887277618026
15.29;-35.1714;123.26873061717308;101.63887277618026
15.16;-35.0571;123.26873061717308;101.63887277618026
15.2;-35.0286;123.26873061717308;101.63887277618026
15.16;-35.0571;123.26873061717308;101.63887277618026
15.07;-34.8857;123.26873061717308;101.63887277618026
15.07;-34.7429;123.26873061717308;101.63887277618026
15.02;-34.6857;123.26873061717308;101.63887277618026
14.92;-34.6286;123.26873061717308;101.63887277618026
14.87;-34.5143;123.26873061717308;101.63887277618026
14.51;-34.3714;123.26873061717308;101.63887277618026
14.49;-34.4286;123.26873061717308;101.63887277618026
14.46;-34.3429;123.26873061717308;101.63887277618026
14.43;-34.3143;123.26873061717308;101.63887277618026
14.36;-34.2286;123.26873061717308;101.63887277618026
14.28;-34.2;123.26873061717308;101.63887277618026
14.24;-34.2571;123.26873061717308;101.63887277618026
14.2;-34.1429;123.26873061717308;101.63887277618026
14.11;-34.1143;123.26873061717308;101.63887277618026
14.06;-33.8857;123.26873061717308;101.63887277618026
13.9;-33.6857;123.26873061717308;101.63887277618026
13.85;-33.6;123.26873061717308;101.63887277618026
13.78;-33.6;123.26873061717308;101.63887277618026
13.69;-33.6286;123.26873061717308;101.63887277618026
13.66;-33.4857;123.26873061717308;101.63887277618026
13.65;-33.2571;123.26873061717308;101.63887277618026
13.61;-33.3714;123.26873061717308;101.63887277618026
13.49;-33.1714;123.26873061717308;101.63887277618026
13.54;-33.2;123.26873061717308;101.63887277618026
13.5;-33.1143;123.26873061717308;101.63887277618026
13.39;-33.0;123.26873061717308;101.63887277618026
13.36;-32.9429;123.26873061717308;101.63887277618026
13.32;-32.8286;123.26873061717308;101.63887277618026
13.28;-32.7143;123.26873061717308;101.63887277618026
13.22;-32.6857;123.26873061717308;101.63887277618026
13.16;-32.6571;123.26873061717308;101.63887277618026
13.14;-32.5143;123.26873061717308;101.63887277618026
13.07;-32.4857;123.26873061717308;101.63887277618026
13.0;-32.3143;123.26873061717308;101.63887277618026
12.93;-32.2286;123.26873061717308;101.63887277618026
12.76;-32.2;123.26873061717308;101.63887277618026
12.71;-32.0;123.26873061717308;101.63887277618026
12.66;-32.0857;123.26873061717308;101.63887277618026
12.61;-32.0;123.26873061717308;101.63887277618026
12.54;-31.8286;123.26873061717308;101.63887277618026
12.49;-31.7143;123.26873061717308;101.63887277618026
12.46;-31.6;123.26873061717308;101.63887277618026
12.43;-31.5429;123.26873061717308;101.63887277618026
12.4;-31.5714;123.26873061717308;101.63887277618026
12.41;-31.6;123.26873061717308;101.63887277618026
12.18;-31.4857;123.26873061717308;101.63887277618026
12.12;-31.5429;123.26873061717308;101.63887277618026
12.12;-31.3714;123.26873061717308;101.63887277618026
12.08;-31.2857;123.26873061717308;101.63887277618026
12.01;-31.3143;123.26873061717308;101.63887277618026
11.99;-31.2286;123.26873061717308;101.63887277618026
12.01;-31.1714;123.26873061717308;101.63887277618026
11.93;-31.1143;123.26873061717308;101.63887277618026
11.86;-30.9429;123.26873061717308;101.63887277618026
11.81;-30.9714;123.26873061717308;101.63887277618026
11.63;-30.9429;123.26873061717308;101.63887277618026
11.57;-30.8857;123.26873061717308;101.63887277618026
11.57;-30.9143;123.26873061717308;101.63887277618026
11.48;-30.7429;123.26873061717308;101.63887277618026
11.41;-30.6286;123.26873061717308;101.63887277618026
11.39;-30.5714;123.26873061717308;101.63887277618026
11.34;-30.6286;123.26873061717308;101.63887277618026
11.27;-30.4;123.26873061717308;101.63887277618026
11.22;-30.3143;123.26873061717308;101.63887277618026
11.2;-30.2571;123.26873061717308;101.63887277618026
11.0;-30.2;123.26873061717308;101.63887277618026
10.98;-30.1429;123.26873061717308;101.63887277618026
10.93;-30.1429;123.26873061717308;101.63887277618026
10.91;-29.9429;123.26873061717308;101.63887277618026
10.85;-29.8286;123.26873061717308;101.63887277618026
10.82;-29.7714;123.26873061717308;101.63887277618026
10.72;-29.6286;123.26873061717308;101.63887277618026
10.7;-29.6286;123.26873061717308;101.63887277618026
10.66;-29.4286;123.26873061717308;101.63887277618026
10.65;-29.4286;123.26873061717308;101.63887277618026
10.47;-29.2571;123.26873061717308;101.63887277618026
10.41;-29.1429;123.26873061717308;101.63887277618026
10.34;-29.0571;123.26873061717308;101.63887277618026
10.28;-29.0;123.26873061717308;101.63887277618026
10.27;-29.0571;123.26873061717308;101.63887277618026
10.22;-28.9714;123.26873061717308;101.63887277618026
10.17;-28.8286;123.26873061717308;101.63887277618026
10.13;-28.8571;123.26873061717308;101.63887277618026
10.1;-28.7143;123.26873061717308;101.63887277618026
10.08;-28.6857;123.26873061717308;101.63887277618026
9.97;-28.6;123.26873061717308;101.63887277618026
9.9;-28.4286;123.26873061717308;101.63887277618026
9.84;-28.4571;123.26873061717308;101.63887277618026
9.81;-28.3714;123.26873061717308;101.63887277618026
9.74;-28.4;123.26873061717308;101.63887277618026
9.67;-28.3143;123.26873061717308;101.63887277618026
9.63;-28.2286;123.26873061717308;101.63887277618026
9.57;-28.1429;123.26873061717308;101.63887277618026
9.52;-28.0;123.26873061717308;101.63887277618026
9.45;-28.0;123.26873061717308;101.63887277618026
9.33;-27.8;123.26873061717308;101.63887277618026
9.29;-27.7429;123.26873061717308;101.63887277618026
9.23;-27.7143;123.26873061717308;101.63887277618026
9.17;-27.8857;123.26873061717308;101.63887277618026
9.14;-27.7143;123.26873061717308;101.63887277618026
9.11;-27.8;123.26873061717308;101.63887277618026
9.07;-27.5714;123.26873061717308;101.63887277618026
9.05;-27.4571;123.26873061717308;101.63887277618026
9.01;-27.4286;123.26873061717308;101.63887277618026
8.98;-27.3429;123.26873061717308;101.63887277618026
8.83;-27.2;123.26873061717308;101.63887277618026
8.78;-27.2;123.26873061717308;101.63887277618026
8.75;-27.2286;123.26873061717308;101.63887277618026
8.67;-27.0571;123.26873061717308;101.63887277618026
8.63;-26.9714;123.26873061717308;101.63887277618026
8.62;-26.9714;123.26873061717308;101.63887277618026
8.57;-26.9143;123.26873061717308;101.63887277618026
8.55;-26.8286;123.26873061717308;101.63887277618026
8.5;-26.8286;123.26873061717308;101.63887277618026
8.47;-26.8;123.26873061717308;101.63887277618026
8.34;-26.6;123.26873061717308;101.63887277618026
8.29;-26.5429;123.26873061717308;101.63887277618026
8.26;-26.3714;123.26873061717308;101.63887277618026
8.21;-26.4571;123.26873061717308;101.63887277618026
8.13;-26.3429;123.26873061717308;101.63887277618026
8.09;-26.3143;123.26873061717308;101.63887277618026
8.07;-26.1714;123.26873061717308;101.63887277618026
8.02;-26.1714;123.26873061717308;101.63887277618026
7.98;-26.1143;123.26873061717308;101.63887277618026
7.94;-26.0;123.26873061717308;101.63887277618026
7.82;-25.8571;123.26873061717308;101.63887277618026
7.78;-25.8;123.26873061717308;101.63887277618026
7.73;-25.7714;123.26873061717308;101.63887277618026
7.73;-25.6286;123.26873061717308;101.63887277618026
7.67;-25.5714;123.26873061717308;101.63887277618026
7.63;-25.5143;123.26873061717308;101.63887277618026
7.6;-25.4857;123.26873061717308;101.63887277618026
7.55;-25.4;123.26873061717308;101.63887277618026
7.5;-25.3714;123.26873061717308;101.63887277618026
7.48;-25.4;123.26873061717308;101.63887277618026
7.38;-25.3143;123.26873061717308;101.63887277618026
7.35;-25.2286;123.26873061717308;101.63887277618026
7.33;-25.1143;123.26873061717308;101.63887277618026
7.28;-25.0857;123.26873061717308;101.63887277618026
7.24;-25.0286;123.26873061717308;101.63887277618026
7.2;-24.9714;123.26873061717308;101.63887277618026
7.18;-24.9429;123.26873061717308;101.63887277618026
7.14;-24.8286;123.26873061717308;101.63887277618026
7.09;-24.7429;123.26873061717308;101.63887277618026
7.02;-24.7429;123.26873061717308;101.63887277618026
6.92;-24.5429;123.26873061717308;101.63887277618026
6.88;-24.6286;123.26873061717308;101.63887277618026
6.84;-24.5429;123.26873061717308;101.63887277618026
6.79;-24.4;123.26873061717308;101.63887277618026
6.75;-24.4857;123.26873061717308;101.63887277618026
6.7;-24.4;123.26873061717308;101.63887277618026
6.65;-24.2571;123.26873061717308;101.63887277618026
6.6;-24.2286;123.26873061717308;101.63887277618026
6.57;-24.1714;123.26873061717308;101.63887277618026
6.53;-24.1143;123.26873061717308;101.63887277618026
6.41;-24.1143;123.26873061717308;101.63887277618026
6.38;-24.0286;123.26873061717308;101.63887277618026
6.37;-23.9714;123.26873061717308;101.63887277618026
6.32;-23.9429;123.26873061717308;101.63887277618026
6.28;-23.8;123.26873061717308;101.63887277618026
6.25;-23.8;123.26873061717308;101.63887277618026
6.22;-23.8;123.26873061717308;101.63887277618026
6.18;-23.6286;123.26873061717308;101.63887277618026
6.14;-23.5714;123.26873061717308;101.63887277618026
6.1;-23.5143;123.26873061717308;101.63887277618026
5.99;-23.4286;123.26873061717308;101.63887277618026
5.97;-23.2571;123.26873061717308;101.63887277618026
5.93;-23.2857;123.26873061717308;101.63887277618026
5.89;-23.2571;123.26873061717308;101.63887277618026
5.86;-23.1714;123.26873061717308;101.63887277618026
5.81;-23.1143;123.26873061717308;101.63887277618026
5.78;-22.9429;123.26873061717308;101.63887277618026
5.74;-22.9714;123.26873061717308;101.63887277618026
5.71;-22.9714;123.26873061717308;101.63887277618026
5.67;-22.8571;123.26873061717308;101.63887277618026
5.55;-22.8857;123.26873061717308;101.63887277618026
5.5;-22.8286;123.26873061717308;101.63887277618026
5.48;-22.6857;123.26873061717308;101.63887277618026
5.45;-22.6857;123.26873061717308;101.63887277618026
5.42;-22.7143;123.26873061717308;101.63887277618026
5.38;-22.6286;123.26873061717308;101.63887277618026
5.35;-22.5714;123.26873061717308;101.63887277618026
5.33;-22.5714;123.26873061717308;101.63887277618026
5.29;-22.4857;123.26873061717308;101.63887277618026
5.23;-22.3429;123.26873061717308;101.63887277618026
5.09;-22.2;123.26873061717308;101.63887277618026
5.03;-22.2286;123.26873061717308;101.63887277618026
4.95;-22.1714;123.26873061717308;101.63887277618026
4.9;-22.0571;123.26873061717308;101.63887277618026
4.84;-22.0857;123.26873061717308;101.63887277618026
4.74;-22.0857;123.26873061717308;101.63887277618026
4.67;-21.9429;123.26873061717308;101.63887277618026
4.55;-21.8286;123.26873061717308;101.63887277618026
4.46;-21.7714;123.26873061717308;101.63887277618026
4.31;-21.8286;123.26873061717308;101.63887277618026
3.84;-21.6857;123.26873061717308;101.63887277618026
3.65;-21.5714;123.26873061717308;101.63887277618026
3.46;-21.6;123.26873061717308;101.63887277618026
3.22;-21.6;123.26873061717308;101.63887277618026
2.96;-21.5143;123.26873061717308;101.63887277618026
2.67;-21.4286;123.26873061717308;101.63887277618026
2.36;-21.3714;123.26873061717308;101.63887277618026
2.0;-21.3143;123.26873061717308;101.63887277618026
1.59;-21.3143;123.26873061717308;101.63887277618026
1.16;-21.2;123.26873061717308;101.63887277618026
0.47;-21.1714;123.26873061717308;101.63887277618026
0.86;-21.1429;123.26873061717308;101.63887277618026
1.39;-21.0571;123.26873061717308;101.63887277618026
2.01;-21.0286;123.26873061717308;101.63887277618026
2.71;-20.9714;123.26873061717308;101.63887277618026
3.51;-20.8571;123.26873061717308;101.63887277618026
4.35;-20.7429;123.26873061717308;101.63887277618026
5.19;-20.6571;123.26873061717308;101.63887277618026
6.04;-20.6;123.26873061717308;101.63887277618026
6.83;-20.5429;123.26873061717308;101.63887277618026
9.28;-20.4571;123.26873061717308;101.63887277618026
10.11;-20.4;123.26873061717308;101.63887277618026
10.9;-20.4286;123.26873061717308;101.63887277618026
11.82;-20.3429;123.26873061717308;101.63887277618026
12.76;-20.3429;123.26873061717308;101.63887277618026
13.73;-20.2286;123.26873061717308;101.63887277618026
14.68;-20.0857;123.26873061717308;101.63887277618026
15.64;-20.0857;123.26873061717308;101.63887277618026
16.55;-20.0857;123.26873061717308;101.63887277618026
17.49;-19.9143;123.26873061717308;101.63887277618026
20.31;-19.9143;123.26873061717308;101.63887277618026
21.24;-19.9143;123.26873061717308;101.63887277618026
22.22;-19.8571;123.26873061717308;101.63887277618026
23.19;-19.6571;123.26873061717308;101.63887277618026
24.16;-19.6571;123.26873061717308;101.63887277618026
25.22;-19.5714;123.26873061717308;101.63887277618026
26.15;-19.5143;123.26873061717308;101.63887277618026
27.11;-19.5714;123.26873061717308;101.63887277618026
27.95;-19.4571;123.26873061717308;101.63887277618026
28.76;-19.3714;123.26873061717308;101.63887277618026
31.42;-19.4;123.26873061717308;101.63887277618026
32.2;-19.3143;123.26873061717308;101.63887277618026
33.13;-19.2286;123.26873061717308;101.63887277618026
33.8;-19.2286;123.26873061717308;101.63887277618026
34.86;-19.2;123.26873061717308;101.63887277618026
35.75;-19.0571;123.26873061717308;101.63887277618026
36.58;-18.9714;123.26873061717308;101.63887277618026
37.34;-18.9429;123.26873061717308;101.63887277618026
38.1;-18.9143;123.26873061717308;101.63887277618026
38.83;-18.8571;123.26873061717308;101.63887277618026
40.89;-18.8286;123.26873061717308;101.63887277618026
41.7;-18.7143;123.26873061717308;101.63887277618026
42.3;-18.7429;123.26873061717308;101.63887277618026
43.08;-18.7143;123.26873061717308;101.63887277618026
43.97;-18.5714;123.26873061717308;101.63887277618026
44.74;-18.5143;123.26873061717308;101.63887277618026
45.32;-18.4857;123.26873061717308;101.63887277618026
45.8;-18.4857;123.26873061717308;101.63887277618026
46.47;-18.4;123.26873061717308;101.63887277618026
47.37;-18.2857;123.26873061717308;101.63887277618026
49.84;-18.3143;123.26873061717308;101.63887277618026
50.62;-18.2286;123.26873061717308;101.63887277618026
51.13;-18.2571;123.26873061717308;101.63887277618026
51.87;-18.1143;123.26873061717308;101.63887277618026
52.51;-18.0571;123.26873061717308;101.63887277618026
52.99;-17.9429;123.26873061717308;101.63887277618026
53.36;-17.8857;123.26873061717308;101.63887277618026
53.95;-17.8286;123.26873061717308;101.63887277618026
54.72;-17.8286;123.26873061717308;101.63887277618026
55.51;-17.8;123.26873061717308;101.63887277618026
57.17;-17.7429;123.26873061717308;101.63887277618026
57.76;-17.7714;123.26873061717308;101.63887277618026
58.58;-17.6;123.26873061717308;101.63887277618026
59.32;-17.6;123.26873061717308;101.63887277618026
59.93;-17.4857;123.26873061717308;101.63887277618026
60.64;-17.5143;123.26873061717308;101.63887277618026
61.23;-17.4286;123.26873061717308;101.63887277618026
61.86;-17.4;123.26873061717308;101.63887277618026
62.57;-17.2857;123.26873061717308;101.63887277618026
62.43;-17.2571;123.26873061717308;101.63887277618026
63.89;-17.2286;123.26873061717308;101.63887277618026
64.8;-17.1714;123.26873061717308;101.63887277618026
65.35;-17.0571;123.26873061717308;101.63887277618026
66.02;-17.0571;123.26873061717308;101.63887277618026
66.86;-16.9429;123.26873061717308;101.63887277618026
66.89;-16.9429;123.26873061717308;101.63887277618026
67.31;-16.8;123.26873061717308;101.63887277618026
67.64;-16.7429;123.26873061717308;101.63887277618026
68.38;-16.6571;123.26873061717308;101.63887277618026
68.57;-16.6286;123.26873061717308;101.63887277618026
69.93;-16.4857;123.26873061717308;101.63887277618026
71.26;-16.3714;123.26873061717308;101.63887277618026
72.26;-16.2857;123.26873061717308;101.63887277618026
72.58;-16.3143;123.26873061717308;101.63887277618026
72.93;-16.2286;123.26873061717308;101.63887277618026
73.91;-16.1714;123.26873061717308;101.63887277618026
74.75;-16.0286;123.26873061717308;101.63887277618026
75.35;-16.0286;123.26873061717308;101.63887277618026
75.98;-16.0;123.26873061717308;101.63887277618026
76.06;-15.9714;123.26873061717308;101.63887277618026
76.2;-15.9714;123.26873061717308;101.63887277618026
77.17;-15.9143;123.26873061717308;101.63887277618026
78.0;-15.8571;123.26873061717308;101.63887277618026
78.56;-15.8857;123.26873061717308;101.63887277618026
79.17;-15.8571;123.26873061717308;101.63887277618026
79.77;-15.7143;123.26873061717308;101.63887277618026
80.47;-15.7429;123.26873061717308;101.63887277618026
80.87;-15.7429;123.26873061717308;101.63887277618026
81.0;-15.6857;123.26873061717308;101.63887277618026
81.02;-15.6571;123.26873061717308;101.63887277618026
83.46;-15.5714;123.26873061717308;101.63887277618026
84.16;-15.4857;123.26873061717308;101.63887277618026
84.49;-15.4286;123.26873061717308;101.63887277618026
84.95;-15.3143;123.26873061717308;101.63887277618026
85.75;-15.1714;123.26873061717308;101.63887277618026
85.97;-15.1429;123.26873061717308;101.63887277618026
86.21;-15.0286;123.26873061717308;101.63887277618026
86.63;-14.9714;123.26873061717308;101.63887277618026
86.57;-14.9143;123.26873061717308;101.63887277618026
87.19;-14.8571;123.26873061717308;101.63887277618026
88.43;-14.8286;123.26873061717308;101.63887277618026
88.87;-14.7143;123.26873061717308;101.63887277618026
89.55;-14.7429;123.26873061717308;101.63887277618026
89.96;-14.6571;123.26873061717308;101.63887277618026
90.52;-14.6;123.26873061717308;101.63887277618026
90.56;-14.4857;123.26873061717308;101.63887277618026
91.22;-14.4571;123.26873061717308;101.63887277618026
91.15;-14.4571;123.26873061717308;101.63887277618026
91.84;-14.3143;123.26873061717308;101.63887277618026
92.34;-14.2857;123.26873061717308;101.63887277618026
93.51;-14.2571;123.26873061717308;101.63887277618026
94.16;-14.2286;123.26873061717308;101.63887277618026
94.81;-14.1714;123.26873061717308;101.63887277618026
95.13;-14.0857;123.26873061717308;101.63887277618026
95.44;-14.0286;123.26873061717308;101.63887277618026
96.2;-14.1143;123.26873061717308;101.63887277618026
96.85;-14.0571;123.26873061717308;101.63887277618026
97.16;-14.0;123.26873061717308;101.63887277618026
97.45;-13.9143;123.26873061717308;101.63887277618026
97.61;-13.9429;123.26873061717308;101.63887277618026
98.65;-13.8286;123.26873061717308;101.63887277618026
98.45;-13.8286;123.26873061717308;101.63887277618026
99.06;-13.7143;123.26873061717308;101.63887277618026
99.57;-13.6857;123.26873061717308;101.63887277618026
100.32;-13.6286;123.26873061717308;101.63887277618026
100.31;-13.6286;123.26873061717308;101.63887277618026
100.4;-13.5714;123.26873061717308;101.63887277618026
100.71;-13.4;123.26873061717308;101.63887277618026
101.12;-13.4;123.26873061717308;101.63887277618026
101.45;-13.3714;123.26873061717308;101.63887277618026
102.88;-13.2571;123.26873061717308;101.63887277618026
103.05;-13.2571;123.26873061717308;101.63887277618026
103.59;-13.1429;123.26873061717308;101.63887277618026
104.12;-13.0857;123.26873061717308;101.63887277618026
104.41;-13.0571;123.26873061717308;101.63887277618026
104.56;-12.9143;123.26873061717308;101.63887277618026
104.83;-12.9714;123.26873061717308;101.63887277618026
105.12;-12.9714;123.26873061717308;101.63887277618026
105.49;-12.8857;123.26873061717308;101.63887277618026
106.29;-12.8857;123.26873061717308;101.63887277618026
107.03;-12.8286;123.26873061717308;101.63887277618026
106.69;-12.8286;123.26873061717308;101.63887277618026
107.21;-12.8;123.26873061717308;101.63887277618026
107.69;-12.8286;123.26873061717308;101.63887277618026
108.1;-12.7143;123.26873061717308;101.63887277618026
108.9;-12.6;123.26873061717308;101.63887277618026
109.49;-12.6286;123.26873061717308;101.63887277618026
109.57;-12.5143;123.26873061717308;101.63887277618026
109.72;-12.5143;123.26873061717308;101.63887277618026
109.59;-12.4571;123.26873061717308;101.63887277618026
111.02;-12.3714;123.26873061717308;101.63887277618026
111.76;-12.2857;123.26873061717308;101.63887277618026
112.29;-12.2571;123.26873061717308;101.63887277618026
112.52;-12.2571;123.26873061717308;101.63887277618026
112.98;-12.2;123.26873061717308;101.63887277618026
112.88;-12.1429;123.26873061717308;101.63887277618026
113.46;-12.0286;123.26873061717308;101.63887277618026
113.85;-11.9429;123.26873061717308;101.63887277618026
114.56;-11.9429;123.26873061717308;101.63887277618026
114.73;-11.8857;123.26873061717308;101.63887277618026
115.04;-11.8857;123.26873061717308;101.63887277618026
115.34;-11.8571;123.26873061717308;101.63887277618026
115.09;-11.8286;123.26873061717308;101.63887277618026
115.25;-11.8;123.26873061717308;101.63887277618026
115.63;-11.7429;123.26873061717308;101.63887277618026
116.06;-11.6286;123.26873061717308;101.63887277618026
116.06;-11.6286;123.26873061717308;101.63887277618026
116.32;-11.5714;123.26873061717308;101.63887277618026
116.19;-11.5429;123.26873061717308;101.63887277618026
115.92;-11.5143;123.26873061717308;101.63887277618026
117.09;-11.4286;123.26873061717308;101.63887277618026
117.77;-11.4286;123.26873061717308;101.63887277618026
118.22;-11.4571;123.26873061717308;101.63887277618026
118.82;-11.3714;123.26873061717308;101.63887277618026
119.17;-11.3429;123.26873061717308;101.63887277618026
119.31;-11.2571;123.26873061717308;101.63887277618026
119.07;-11.2286;123.26873061717308;101.63887277618026
118.84;-11.0857;123.26873061717308;101.63887277618026
119.41;-11.0857;123.26873061717308;101.63887277618026
119.61;-11.0286;123.26873061717308;101.63887277618026
120.18;-10.9714;123.26873061717308;101.63887277618026
120.8;-10.9143;123.26873061717308;101.63887277618026
120.71;-10.8;123.26873061717308;101.63887277618026
121.17;-10.8571;123.26873061717308;101.63887277618026
121.2;-10.8;123.26873061717308;101.63887277618026
121.78;-10.7714;123.26873061717308;101.63887277618026
121.88;-10.7143;123.26873061717308;101.63887277618026
121.74;-10.6857;123.26873061717308;101.63887277618026
121.64;-10.6286;123.26873061717308;101.63887277618026
122.33;-10.5429;123.26873061717308;101.63887277618026
123.22;-10.5143;123.26873061717308;101.63887277618026
123.83;-10.4857;123.26873061717308;101.63887277618026
124.19;-10.4286;123.26873061717308;101.63887277618026
123.79;-10.4;123.26873061717308;101.63887277618026
123.54;-10.2857;123.26873061717308;101.63887277618026
123.99;-10.2857;123.26873061717308;101.63887277618026
124.7;-10.2286;123.26873061717308;101.63887277618026
124.41;-10.1714;123.26873061717308;101.63887277618026
124.92;-10.1714;123.26873061717308;101.63887277618026
124.98;-10.1429;123.26873061717308;101.63887277618026
125.42;-10.0571;123.26873061717308;101.63887277618026
126.14;-10.0286;123.26873061717308;101.63887277618026
126.08;-10.0;123.26873061717308;101.63887277618026
126.37;-9.9429;123.26873061717308;101.63887277618026
126.25;-9.8;123.26873061717308;101.63887277618026
126.32;-9.8286;123.26873061717308;101.63887277618026
126.23;-9.7714;123.26873061717308;101.63887277618026
126.92;-9.6857;123.26873061717308;101.63887277618026
126.97;-9.6571;123.26873061717308;101.63887277618026
127.42;-9.6286;123.26873061717308;101.63887277618026
128.16;-9.6;123.26873061717308;101.63887277618026
128.06;-9.5714;123.26873061717308;101.63887277618026
128.34;-9.5714;123.26873061717308;101.63887277618026
128.25;-9.4857;123.26873061717308;101.63887277618026
128.29;-9.4571;123.26873061717308;101.63887277618026
128.12;-9.4286;123.26873061717308;101.63887277618026
128.47;-9.3714;123.26873061717308;101.63887277618026
128.25;-9.3429;123.26873061717308;101.63887277618026
128.38;-9.2286;123.26873061717308;101.63887277618026
128.51;-9.2;123.26873061717308;101.63887277618026
129.47;-9.1714;123.26873061717308;101.63887277618026
129.55;-9.0857;123.26873061717308;101.63887277618026
129.2;-9.0571;123.26873061717308;101.63887277618026
129.65;-8.9714;123.26873061717308;101.63887277618026
129.92;-8.9429;123.26873061717308;101.63887277618026
130.4;-8.9143;123.26873061717308;101.63887277618026
130.38;-8.8571;123.26873061717308;101.63887277618026
130.49;-8.8;123.26873061717308;101.63887277618026
130.84;-8.8;123.26873061717308;101.63887277618026
131.48;-8.7143;123.26873061717308;101.63887277618026
131.95;-8.6857;123.26873061717308;101.63887277618026
131.71;-8.6286;123.26873061717308;101.63887277618026
132.12;-8.6286;123.26873061717308;101.63887277618026
132.07;-8.5714;123.26873061717308;101.63887277618026
131.15;-8.5714;123.26873061717308;101.63887277618026
131.64;-8.5143;123.26873061717308;101.63887277618026
131.98;-8.5143;123.26873061717308;101.63887277618026
132.61;-8.4286;123.26873061717308;101.63887277618026
132.56;-8.3429;123.26873061717308;101.63887277618026
132.36;-8.3143;123.26873061717308;101.63887277618026
133.3;-8.2857;123.26873061717308;101.63887277618026
133.52;-8.2571;123.26873061717308;101.63887277618026
134.35;-8.1429;123.26873061717308;101.63887277618026
134.02;-8.2286;123.26873061717308;101.63887277618026
133.76;-8.1429;123.26873061717308;101.63887277618026
133.37;-8.0571;123.26873061717308;101.63887277618026
133.58;-8.0857;123.26873061717308;101.63887277618026
134.65;-8.0286;123.26873061717308;101.63887277618026
135.39;-8.0;123.26873061717308;101.63887277618026
135.96;-7.9429;123.26873061717308;101.63887277618026
135.6;-7.9429;123.26873061717308;101.63887277618026
135.58;-7.9143;123.26873061717308;101.63887277618026
136.02;-7.8571;123.26873061717308;101.63887277618026
137.12;-7.7714;123.26873061717308;101.63887277618026
137.08;-7.7429;123.26873061717308;101.63887277618026
137.38;-7.6857;123.26873061717308;101.63887277618026
138.47;-7.6286;123.26873061717308;101.63887277618026
138.39;-7.6286;123.26873061717308;101.63887277618026
138.45;-7.6;123.26873061717308;101.63887277618026
139.02;-7.5429;123.26873061717308;101.63887277618026
139.07;-7.5143;123.26873061717308;101.63887277618026
139.0;-7.4857;123.26873061717308;101.63887277618026
139.31;-7.4857;123.26873061717308;101.63887277618026
139.46;-7.4;123.26873061717308;101.63887277618026
139.31;-7.3714;123.26873061717308;101.63887277618026
139.3;-7.3143;123.26873061717308;101.63887277618026
138.77;-7.3143;123.26873061717308;101.63887277618026
138.58;-7.2571;123.26873061717308;101.63887277618026
138.77;-7.2;123.26873061717308;101.63887277618026
138.39;-7.2;123.26873061717308;101.63887277618026
139.92;-7.1143;123.26873061717308;101.63887277618026
140.66;-7.0857;123.26873061717308;101.63887277618026
140.87;-7.0286;123.26873061717308;101.63887277618026
140.33;-7.0571;123.26873061717308;101.63887277618026
139.05;-7.0;123.26873061717308;101.63887277618026
138.63;-6.9714;123.26873061717308;101.63887277618026
139.16;-6.9714;123.26873061717308;101.63887277618026
140.37;-6.8571;123.26873061717308;101.63887277618026
141.04;-6.8857;123.26873061717308;101.63887277618026
141.58;-6.8286;123.26873061717308;101.63887277618026
141.73;-6.8286;123.26873061717308;101.63887277618026
141.59;-6.7429;123.26873061717308;101.63887277618026
141.37;-6.7143;123.26873061717308;101.63887277618026
141.11;-6.6571;123.26873061717308;101.63887277618026
140.94;-6.6571;123.26873061717308;101.63887277618026
140.5;-6.6;123.26873061717308;101.63887277618026
140.66;-6.5714;123.26873061717308;101.63887277618026
140.55;-6.5143;123.26873061717308;101.63887277618026
139.42;-6.4571;123.26873061717308;101.63887277618026
138.56;-6.4;123.26873061717308;101.63887277618026
138.53;-6.3714;123.26873061717308;101.63887277618026
137.94;-6.3429;123.26873061717308;101.63887277618026
137.92;-6.2857;123.26873061717308;101.63887277618026
137.0;-6.2857;123.26873061717308;101.63887277618026
136.07;-6.1714;123.26873061717308;101.63887277618026
136.28;-6.1143;123.26873061717308;101.63887277618026
136.17;-6.1143;123.26873061717308;101.63887277618026
136.19;-6.0571;123.26873061717308;101.63887277618026
135.33;-6.0571;123.26873061717308;101.63887277618026
134.76;-6.0857;123.26873061717308;101.63887277618026
132.66;-6.0286;123.26873061717308;101.63887277618026
132.57;-5.9714;123.26873061717308;101.63887277618026
131.93;-5.9429;123.26873061717308;101.63887277618026
131.53;-5.8857;123.26873061717308;101.63887277618026
130.66;-5.9143;123.26873061717308;101.63887277618026
130.03;-5.8571;123.26873061717308;101.63887277618026
128.9;-5.8;123.26873061717308;101.63887277618026
128.39;-5.7714;123.26873061717308;101.63887277618026
128.48;-5.7143;123.26873061717308;101.63887277618026
128.65;-5.6857;123.26873061717308;101.63887277618026
128.23;-5.6857;123.26873061717308;101.63887277618026
127.65;-5.6571;123.26873061717308;101.63887277618026
126.9;-5.5714;123.26873061717308;101.63887277618026
127.0;-5.4857;123.26873061717308;101.63887277618026
126.23;-5.5143;123.26873061717308;101.63887277618026
125.51;-5.4857;123.26873061717308;101.63887277618026
124.7;-5.4;123.26873061717308;101.63887277618026
124.36;-5.3714;123.26873061717308;101.63887277618026
124.49;-5.3714;123.26873061717308;101.63887277618026
124.57;-5.3143;123.26873061717308;101.63887277618026
123.7;-5.2857;123.26873061717308;101.63887277618026
122.83;-5.2571;123.26873061717308;101.63887277618026
122.56;-5.2286;123.26873061717308;101.63887277618026
122.42;-5.2;123.26873061717308;101.63887277618026
122.67;-5.1429;123.26873061717308;101.63887277618026
121.99;-5.0857;123.26873061717308;101.63887277618026
120.77;-5.0857;123.26873061717308;101.63887277618026
120.38;-5.0571;123.26873061717308;101.63887277618026
120.35;-5.0286;123.26873061717308;101.63887277618026
119.5;-5.0;123.26873061717308;101.63887277618026
119.37;-4.9429;123.26873061717308;101.63887277618026
119.48;-4.8857;123.26873061717308;101.63887277618026
118.58;-4.8571;123.26873061717308;101.63887277618026
117.49;-4.8286;123.26873061717308;101.63887277618026
117.31;-4.7429;123.26873061717308;101.63887277618026
116.13;-4.6571;123.26873061717308;101.63887277618026
115.89;-4.6;123.26873061717308;101.63887277618026
114.87;-4.5714;123.26873061717308;101.63887277618026
112.95;-4.5429;123.26873061717308;101.63887277618026
113.49;-4.3714;123.26873061717308;101.63887277618026
114.27;-4.2857;123.26873061717308;101.63887277618026
114.04;-4.1714;123.26873061717308;101.63887277618026
113.33;-4.0286;123.26873061717308;101.63887277618026
113.22;-3.9143;123.26873061717308;101.63887277618026
112.88;-3.6857;123.26873061717308;101.63887277618026
112.19;-3.5143;123.26873061717308;101.63887277618026
111.7;-3.3143;123.26873061717308;101.63887277618026
111.38;-3.0857;123.26873061717308;101.63887277618026
110.82;-2.8571;123.26873061717308;101.63887277618026
110.68;-2.6286;123.26873061717308;101.63887277618026
110.45;-2.2;123.26873061717308;101.63887277618026
110.08;-1.8857;123.26873061717308;101.63887277618026
110.55;-1.3143;123.26873061717308;101.63887277618026
110.48;-0.6;123.26873061717308;101.63887277618026
111.11;0.0857;123.26873061717308;101.63887277618026
110.78;0.8286;123.26873061717308;101.63887277618026
110.11;1.4;123.26873061717308;101.63887277618026
109.2;2.0571;123.26873061717308;101.63887277618026
108.9;2.5429;123.26873061717308;101.63887277618026
108.79;3.0286;123.26873061717308;101.63887277618026
107.91;3.4857;123.26873061717308;101.63887277618026
107.99;3.8571;123.26873061717308;101.63887277618026
107.42;4.3714;123.26873061717308;101.63887277618026
107.71;4.9143;123.26873061717308;101.63887277618026
107.4;5.4857;123.26873061717308;101.63887277618026
106.89;6.1143;123.26873061717308;101.63887277618026
105.98;6.7429;123.26873061717308;101.63887277618026
105.75;7.4571;123.26873061717308;101.63887277618026
105.15;8.1714;123.26873061717308;101.63887277618026
104.54;8.8857;123.26873061717308;101.63887277618026
102.24;9.6857;123.26873061717308;101.63887277618026
102.53;10.4857;123.26873061717308;101.63887277618026
102.5;11.3143;123.26873061717308;101.63887277618026
102.47;12.1714;123.26873061717308;101.63887277618026
101.83;13.0571;123.26873061717308;101.63887277618026
100.71;13.9429;123.26873061717308;101.63887277618026
100.95;14.8857;123.26873061717308;101.63887277618026
101.16;15.7143;123.26873061717308;101.63887277618026
101.06;16.6;123.26873061717308;101.63887277618026
100.04;17.5143;123.26873061717308;101.63887277618026
99.56;18.4;123.26873061717308;101.63887277618026
98.75;19.2571;123.26873061717308;101.63887277618026
98.16;20.2;123.26873061717308;101.63887277618026
97.92;21.0857;123.26873061717308;101.63887277618026
97.14;21.8;123.26873061717308;101.63887277618026
97.33;22.7143;123.26873061717308;101.63887277618026
97.62;23.6;123.26873061717308;101.63887277618026
97.43;24.5429;123.26873061717308;101.63887277618026
96.27;25.4;123.26873061717308;101.63887277618026
95.85;26.2;123.26873061717308;101.63887277618026
94.9;27.0571;123.26873061717308;101.63887277618026
94.72;27.8286;123.26873061717308;101.63887277618026
94.81;28.5429;123.26873061717308;101.63887277618026
95.06;29.4;123.26873061717308;101.63887277618026
95.53;30.2571;123.26873061717308;101.63887277618026
94.99;30.9429;123.26873061717308;101.63887277618026
94.52;31.6286;123.26873061717308;101.63887277618026
94.97;32.4571;123.26873061717308;101.63887277618026
94.44;33.2286;123.26873061717308;101.63887277618026
93.63;34.2;123.26873061717308;101.63887277618026
92.46;34.9143;123.26873061717308;101.63887277618026
93.09;35.6857;123.26873061717308;101.63887277618026
93.8;36.5143;123.26873061717308;101.63887277618026
92.93;37.0;123.26873061717308;101.63887277618026
92.15;37.7714;123.26873061717308;101.63887277618026
91.49;38.4571;123.26873061717308;101.63887277618026
91.77;39.2571;123.26873061717308;101.63887277618026
92.33;40.0571;123.26873061717308;101.63887277618026
91.83;40.7143;123.26873061717308;101.63887277618026
91.4;41.4;123.26873061717308;101.63887277618026
89.45;42.0857;123.26873061717308;101.63887277618026
89.81;42.7143;123.26873061717308;101.63887277618026
90.92;43.6;123.26873061717308;101.63887277618026
90.91;44.1143;123.26873061717308;101.63887277618026
90.15;45.0571;123.26873061717308;101.63887277618026
88.76;45.6286;123.26873061717308;101.63887277618026
88.29;46.4571;123.26873061717308;101.63887277618026
88.28;46.9429;123.26873061717308;101.63887277618026
88.13;47.7714;123.26873061717308;101.63887277618026
88.71;48.5429;123.26873061717308;101.63887277618026
87.16;49.2286;123.26873061717308;101.63887277618026
86.79;49.4286;123.26873061717308;101.63887277618026
87.01;50.0857;123.26873061717308;101.63887277618026
86.96;50.6;123.26873061717308;101.63887277618026
86.81;51.1714;123.26873061717308;101.63887277618026
86.64;51.8857;123.26873061717308;101.63887277618026
86.77;52.9143;123.26873061717308;101.63887277618026
86.29;53.6;123.26873061717308;101.63887277618026
86.49;53.9429;123.26873061717308;101.63887277618026
86.21;54.4857;123.26873061717308;101.63887277618026
84.44;54.8;123.26873061717308;101.63887277618026
84.31;55.8857;123.26873061717308;101.63887277618026
84.26;56.8857;123.26873061717308;101.63887277618026
83.41;57.4286;123.26873061717308;101.63887277618026
83.47;58.0286;123.26873061717308;101.63887277618026
83.17;58.5714;123.26873061717308;101.63887277618026
83.14;59.2857;123.26873061717308;101.63887277618026
83.06;60.0;123.26873061717308;101.63887277618026
83.36;59.9429;123.26873061717308;101.63887277618026
83.78;60.3714;123.26873061717308;101.63887277618026
83.12;60.0857;123.26873061717308;101.63887277618026
82.21;60.7429;123.26873061717308;101.63887277618026
81.73;61.0571;123.26873061717308;101.63887277618026
81.5;62.3429;123.26873061717308;101.63887277618026
80.85;63.7143;123.26873061717308;101.63887277618026
80.48;64.5143;123.26873061717308;101.63887277618026
80.68;65.8;123.26873061717308;101.63887277618026
80.47;65.9143;123.26873061717308;101.63887277618026
80.49;66.1429;123.26873061717308;101.63887277618026
80.02;66.0571;123.26873061717308;101.63887277618026
80.31;67.1429;123.26873061717308;101.63887277618026
80.21;66.9429;123.26873061717308;101.63887277618026
80.42;67.7143;123.26873061717308;101.63887277618026
80.0;68.2857;123.26873061717308;101.63887277618026
79.46;68.9429;123.26873061717308;101.63887277618026
79.11;70.0286;123.26873061717308;101.63887277618026
78.74;70.9143;123.26873061717308;101.63887277618026
78.43;71.4857;123.26873061717308;101.63887277618026
78.2;71.5714;123.26873061717308;101.63887277618026
77.94;73.4571;123.26873061717308;101.63887277618026
76.91;73.9714;123.26873061717308;101.63887277618026
76.45;74.7714;123.26873061717308;101.63887277618026
76.81;74.9429;123.26873061717308;101.63887277618026
76.75;75.0571;123.26873061717308;101.63887277618026
77.25;74.5143;123.26873061717308;101.63887277618026
76.99;75.5429;123.26873061717308;101.63887277618026
76.77;74.7429;123.26873061717308;101.63887277618026
76.63;77.6857;123.26873061717308;101.63887277618026
76.1;77.6571;123.26873061717308;101.63887277618026
75.84;78.2571;123.26873061717308;101.63887277618026
75.62;78.7429;123.26873061717308;101.63887277618026
75.18;79.2571;123.26873061717308;101.63887277618026
74.94;79.6;123.26873061717308;101.63887277618026
75.13;80.3714;123.26873061717308;101.63887277618026
74.4;80.8;123.26873061717308;101.63887277618026
74.79;80.6857;123.26873061717308;101.63887277618026
74.55;80.1429;123.26873061717308;101.63887277618026
74.41;81.4857;123.26873061717308;101.63887277618026
73.95;81.9429;123.26873061717308;101.63887277618026
73.73;83.0;123.26873061717308;101.63887277618026
73.87;83.2286;123.26873061717308;101.63887277618026
73.2;83.3429;123.26873061717308;101.63887277618026
73.06;83.3143;123.26873061717308;101.63887277618026
72.72;83.4571;123.26873061717308;101.63887277618026
72.34;85.0571;123.26873061717308;101.63887277618026
71.78;85.8;123.26873061717308;101.63887277618026
71.67;86.5429;123.26873061717308;101.63887277618026
71.62;86.7429;123.26873061717308;101.63887277618026
71.36;88.0857;123.26873061717308;101.63887277618026
71.04;87.5714;123.26873061717308;101.63887277618026
71.64;87.4857;123.26873061717308;101.63887277618026
72.05;87.7143;123.26873061717308;101.63887277618026
71.99;87.4571;123.26873061717308;101.63887277618026
71.83;88.1143;123.26873061717308;101.63887277618026
70.85;89.4857;123.26873061717308;101.63887277618026
70.73;89.7143;123.26873061717308;101.63887277618026
70.67;90.5714;123.26873061717308;101.63887277618026
70.52;89.6;123.26873061717308;101.63887277618026
70.05;90.6;123.26873061717308;101.63887277618026
69.57;91.3714;123.26873061717308;101.63887277618026
69.11;92.2857;123.26873061717308;101.63887277618026
69.29;91.4857;123.26873061717308;101.63887277618026
69.66;92.5714;123.26873061717308;101.63887277618026
69.87;92.2286;123.26873061717308;101.63887277618026
69.67;92.2571;123.26873061717308;101.63887277618026
68.98;93.3143;123.26873061717308;101.63887277618026
68.13;94.2857;123.26873061717308;101.63887277618026
67.81;95.6857;123.26873061717308;101.63887277618026
67.51;96.1714;123.26873061717308;101.63887277618026
67.36;95.5429;123.26873061717308;101.63887277618026
66.52;95.4286;123.26873061717308;101.63887277618026
66.3;96.4571;123.26873061717308;101.63887277618026
66.45;97.2857;123.26873061717308;101.63887277618026
67.05;96.6286;123.26873061717308;101.63887277618026
67.43;97.2857;123.26873061717308;101.63887277618026
67.87;96.8;123.26873061717308;101.63887277618026
67.93;97.4;123.26873061717308;101.63887277618026
67.85;97.3429;123.26873061717308;101.63887277618026
67.62;97.1143;123.26873061717308;101.63887277618026
67.2;97.9143;123.26873061717308;101.63887277618026
66.22;98.7143;123.26873061717308;101.63887277618026
65.85;98.9714;123.26873061717308;101.63887277618026
65.38;100.0571;123.26873061717308;101.63887277618026
65.25;99.4286;123.26873061717308;101.63887277618026
65.06;101.3143;123.26873061717308;101.63887277618026
65.14;101.1143;123.26873061717308;101.63887277618026
65.09;102.0857;123.26873061717308;101.63887277618026
64.43;102.2;123.26873061717308;101.63887277618026
63.32;102.9143;123.26873061717308;101.63887277618026
63.26;102.9143;123.26873061717308;101.63887277618026
63.32;103.6571;123.26873061717308;101.63887277618026
63.26;103.2571;123.26873061717308;101.63887277618026
63.69;103.7429;123.26873061717308;101.63887277618026
63.97;104.8286;123.26873061717308;101.63887277618026
63.93;104.1714;123.26873061717308;101.63887277618026
63.44;105.7714;123.26873061717308;101.63887277618026
63.17;105.4571;123.26873061717308;101.63887277618026
62.51;105.4286;123.26873061717308;101.63887277618026
62.28;106.3143;123.26873061717308;101.63887277618026
61.9;106.2571;123.26873061717308;101.63887277618026
61.3;105.3714;123.26873061717308;101.63887277618026
61.48;106.6;123.26873061717308;101.63887277618026
61.53;107.2571;123.26873061717308;101.63887277618026
62.03;108.1143;123.26873061717308;101.63887277618026
61.86;108.8;123.26873061717308;101.63887277618026
61.47;108.5429;123.26873061717308;101.63887277618026
61.17;108.7429;123.26873061717308;101.63887277618026
61.16;109.1714;123.26873061717308;101.63887277618026
61.17;109.7143;123.26873061717308;101.63887277618026
61.13;110.2571;123.26873061717308;101.63887277618026
61.03;110.9714;123.26873061717308;101.63887277618026
61.09;110.8286;123.26873061717308;101.63887277618026
60.85;111.3429;123.26873061717308;101.63887277618026
60.56;110.9143;123.26873061717308;101.63887277618026
59.84;111.2286;123.26873061717308;101.63887277618026
59.44;111.6571;123.26873061717308;101.63887277618026
59.55;111.8286;123.26873061717308;101.63887277618026
59.2;111.8571;123.26873061717308;101.63887277618026
59.33;113.2;123.26873061717308;101.63887277618026
59.16;112.8857;123.26873061717308;101.63887277618026
58.87;113.8857;123.26873061717308;101.63887277618026
58.98;114.1143;123.26873061717308;101.63887277618026
58.57;114.0;123.26873061717308;101.63887277618026
58.14;114.7429;123.26873061717308;101.63887277618026
58.29;114.8;123.26873061717308;101.63887277618026
58.52;115.2;123.26873061717308;101.63887277618026
58.34;115.1714;123.26873061717308;101.63887277618026
57.93;117.2;123.26873061717308;101.63887277618026
57.6;116.6571;123.26873061717308;101.63887277618026
57.16;116.0571;123.26873061717308;101.63887277618026
56.86;116.7143;123.26873061717308;101.63887277618026
56.69;116.5429;123.26873061717308;101.63887277618026
56.63;116.9714;123.26873061717308;101.63887277618026
56.36;116.8571;123.26873061717308;101.63887277618026
55.86;116.6571;123.26873061717308;101.63887277618026
56.06;117.7714;123.26873061717308;101.63887277618026
55.77;118.4571;123.26873061717308;101.63887277618026
55.79;119.0286;123.26873061717308;101.63887277618026
55.64;119.1714;123.26873061717308;101.63887277618026
55.8;119.5143;123.26873061717308;101.63887277618026
55.59;118.9429;123.26873061717308;101.63887277618026
55.05;119.8286;123.26873061717308;101.63887277618026
54.83;119.0571;123.26873061717308;101.63887277618026
54.55;119.2571;123.26873061717308;101.63887277618026
54.56;119.3429;123.26873061717308;101.63887277618026
54.46;119.0571;123.26873061717308;101.63887277618026
53.85;120.0;123.26873061717308;101.63887277618026
53.8;121.3714;123.26873061717308;101.63887277618026
53.68;121.0857;123.26873061717308;101.63887277618026
53.93;120.7143;123.26873061717308;101.63887277618026
53.55;121.3143;123.26873061717308;101.63887277618026
53.3;121.0571;123.26873061717308;101.63887277618026
53.38;120.8571;123.26873061717308;101.63887277618026
53.46;121.2571;123.26873061717308;101.63887277618026
53.47;121.7714;123.26873061717308;101.63887277618026
53.09;122.0571;123.26873061717308;101.63887277618026
52.77;122.0;123.26873061717308;101.63887277618026
52.56;122.4;123.26873061717308;101.63887277618026
51.92;122.3714;123.26873061717308;101.63887277618026
51.45;123.3143;123.26873061717308;101.63887277618026
51.76;122.8;123.26873061717308;101.63887277618026
52.01;122.5714;123.26873061717308;101.63887277618026
51.99;122.8286;123.26873061717308;101.63887277618026
51.82;122.8286;123.26873061717308;101.63887277618026
51.09;125.8571;123.26873061717308;101.63887277618026
51.36;125.0571;123.26873061717308;101.63887277618026
51.54;124.8286;123.26873061717308;101.63887277618026
51.93;123.8;123.26873061717308;101.63887277618026
51.72;124.6;123.26873061717308;101.63887277618026
51.26;124.6571;123.26873061717308;101.63887277618026
50.99;124.2286;123.26873061717308;101.63887277618026
50.77;125.4857;123.26873061717308;101.63887277618026
50.55;125.4286;123.26873061717308;101.63887277618026
50.76;125.8571;123.26873061717308;101.63887277618026
50.49;125.8571;123.26873061717308;101.63887277618026
50.42;125.8857;123.26873061717308;101.63887277618026
50.21;126.3429;123.26873061717308;101.63887277618026
50.11;125.6571;123.26873061717308;101.63887277618026
50.04;126.8857;123.26873061717308;101.63887277618026
49.55;126.8857;123.26873061717308;101.63887277618026
48.65;125.8571;123.26873061717308;101.63887277618026
48.75;126.6;123.26873061717308;101.63887277618026
48.82;127.3714;123.26873061717308;101.63887277618026
48.78;127.3429;123.26873061717308;101.63887277618026
48.56;127.2571;123.26873061717308;101.63887277618026
48.35;127.0286;123.26873061717308;101.63887277618026
48.47;128.4857;123.26873061717308;101.63887277618026
48.28;128.4286;123.26873061717308;101.63887277618026
48.1;128.8571;123.26873061717308;101.63887277618026
47.85;129.5429;123.26873061717308;101.63887277618026
48.03;127.5714;123.26873061717308;101.63887277618026
48.06;129.4286;123.26873061717308;101.63887277618026
47.63;127.8857;123.26873061717308;101.63887277618026
47.32;128.4286;123.26873061717308;101.63887277618026
47.53;128.8571;123.26873061717308;101.63887277618026
47.08;129.5143;123.26873061717308;101.63887277618026
46.72;129.1714;123.26873061717308;101.63887277618026
46.82;128.9143;123.26873061717308;101.63887277618026
46.95;131.4286;123.26873061717308;101.63887277618026
46.58;130.7143;123.26873061717308;101.63887277618026
46.21;130.2;123.26873061717308;101.63887277618026
45.81;130.7143;123.26873061717308;101.63887277618026
45.48;130.6857;123.26873061717308;101.63887277618026
45.82;131.7143;123.26873061717308;101.63887277618026
45.84;130.1714;123.26873061717308;101.63887277618026
45.72;131.4571;123.26873061717308;101.63887277618026
45.73;132.1143;123.26873061717308;101.63887277618026
45.62;131.6571;123.26873061717308;101.63887277618026
45.07;131.9429;123.26873061717308;101.63887277618026
44.83;130.9143;123.26873061717308;101.63887277618026
44.8;131.6571;123.26873061717308;101.63887277618026
44.84;133.1714;123.26873061717308;101.63887277618026
44.94;133.6857;123.26873061717308;101.63887277618026
44.88;131.5143;123.26873061717308;101.63887277618026
44.95;131.9714;123.26873061717308;101.63887277618026
45.04;132.3429;123.26873061717308;101.63887277618026
44.73;133.6571;123.26873061717308;101.63887277618026
44.46;133.4286;123.26873061717308;101.63887277618026
43.89;133.7714;123.26873061717308;101.63887277618026
43.68;132.6;123.26873061717308;101.63887277618026
43.45;134.2571;123.26873061717308;101.63887277618026
43.29;133.7714;123.26873061717308;101.63887277618026
43.46;134.2;123.26873061717308;101.63887277618026
43.64;133.4;123.26873061717308;101.63887277618026
43.63;133.4;123.26873061717308;101.63887277618026
43.49;134.8;123.26873061717308;101.63887277618026
43.35;133.7714;123.26873061717308;101.63887277618026
43.22;134.6857;123.26873061717308;101.63887277618026
43.13;134.5143;123.26873061717308;101.63887277618026
43.09;136.4571;123.26873061717308;101.63887277618026
42.49;136.5143;123.26873061717308;101.63887277618026
42.35;135.5429;123.26873061717308;101.63887277618026
42.03;134.6;123.26873061717308;101.63887277618026
41.88;135.1429;123.26873061717308;101.63887277618026
41.67;134.2;123.26873061717308;101.63887277618026
41.53;134.5143;123.26873061717308;101.63887277618026
41.38;135.9429;123.26873061717308;101.63887277618026
41.21;137.0286;123.26873061717308;101.63887277618026
41.3;136.6857;123.26873061717308;101.63887277618026
41.12;137.0571;123.26873061717308;101.63887277618026
41.26;137.3429;123.26873061717308;101.63887277618026
41.05;137.7143;123.26873061717308;101.63887277618026
40.84;138.4286;123.26873061717308;101.63887277618026
40.9;137.9714;123.26873061717308;101.63887277618026
40.61;136.5143;123.26873061717308;101.63887277618026
40.46;137.2857;123.26873061717308;101.63887277618026
40.28;135.9143;123.26873061717308;101.63887277618026
40.15;137.5143;123.26873061717308;101.63887277618026
40.14;137.8286;123.26873061717308;101.63887277618026
39.79;137.7143;123.26873061717308;101.63887277618026
39.88;138.6857;123.26873061717308;101.63887277618026
39.49;137.1143;123.26873061717308;101.63887277618026
39.66;139.5143;123.26873061717308;101.63887277618026
39.33;138.5429;123.26873061717308;101.63887277618026
39.4;139.3143;123.26873061717308;101.63887277618026
39.39;139.1143;123.26873061717308;101.63887277618026
39.05;138.8857;123.26873061717308;101.63887277618026
39.04;139.3429;123.26873061717308;101.63887277618026
38.98;137.8571;123.26873061717308;101.63887277618026
39.05;138.3714;123.26873061717308;101.63887277618026
38.25;140.2;123.26873061717308;101.63887277618026
38.33;139.4571;123.26873061717308;101.63887277618026
38.25;139.8571;123.26873061717308;101.63887277618026
37.89;139.8857;123.26873061717308;101.63887277618026
37.9;140.6;123.26873061717308;101.63887277618026
38.14;142.0;123.26873061717308;101.63887277618026
37.87;140.7143;123.26873061717308;101.63887277618026
37.85;140.9429;123.26873061717308;101.63887277618026
37.69;139.8;123.26873061717308;101.63887277618026
37.39;139.6;123.26873061717308;101.63887277618026
36.71;141.3143;123.26873061717308;101.63887277618026
36.93;139.4286;123.26873061717308;101.63887277618026
36.85;139.1714;123.26873061717308;101.63887277618026
36.65;138.8571;123.26873061717308;101.63887277618026
36.72;138.6286;123.26873061717308;101.63887277618026
36.51;138.1714;123.26873061717308;101.63887277618026
36.55;136.5143;123.26873061717308;101.63887277618026
36.48;136.8857;123.26873061717308;101.63887277618026
36.46;137.0;123.26873061717308;101.63887277618026
36.46;136.4;123.26873061717308;101.63887277618026
36.47;136.5429;123.26873061717308;101.63887277618026
36.17;134.9143;123.26873061717308;101.63887277618026
36.35;135.6286;123.26873061717308;101.63887277618026
36.57;135.0857;123.26873061717308;101.63887277618026
36.55;134.6857;123.26873061717308;101.63887277618026
36.14;133.7143;123.26873061717308;101.63887277618026
35.92;133.2857;123.26873061717308;101.63887277618026
35.71;133.6571;123.26873061717308;101.63887277618026
35.53;132.4571;123.26873061717308;101.63887277618026
35.24;132.0571;123.26873061717308;101.63887277618026
34.59;132.7714;123.26873061717308;101.63887277618026
34.72;131.5429;123.26873061717308;101.63887277618026
34.63;131.7714;123.26873061717308;101.63887277618026
34.46;131.0286;123.26873061717308;101.63887277618026
34.24;129.8286;123.26873061717308;101.63887277618026
34.37;128.8857;123.26873061717308;101.63887277618026
34.37;128.7714;123.26873061717308;101.63887277618026
34.16;128.5429;123.26873061717308;101.63887277618026
33.84;128.7429;123.26873061717308;101.63887277618026
33.92;126.8857;123.26873061717308;101.63887277618026
33.2;128.6571;123.26873061717308;101.63887277618026
33.1;127.7714;123.26873061717308;101.63887277618026
33.19;128.5143;123.26873061717308;101.63887277618026
33.12;127.0286;123.26873061717308;101.63887277618026
33.21;126.6;123.26873061717308;101.63887277618026
33.23;126.3429;123.26873061717308;101.63887277618026
33.12;126.0286;123.26873061717308;101.63887277618026
33.11;125.8857;123.26873061717308;101.63887277618026
33.12;124.4;123.26873061717308;101.63887277618026
33.14;124.3714;123.26873061717308;101.63887277618026
32.74;124.2857;123.26873061717308;101.63887277618026
32.63;125.0286;123.26873061717308;101.63887277618026
32.5;124.4571;123.26873061717308;101.63887277618026
32.2;123.2286;123.26873061717308;101.63887277618026
32.15;124.2;123.26873061717308;101.63887277618026
32.19;122.4571;123.26873061717308;101.63887277618026
32.24;122.3143;123.26873061717308;101.63887277618026
32.34;121.7714;123.26873061717308;101.63887277618026
32.4;121.2286;123.26873061717308;101.63887277618026
32.27;121.3143;123.26873061717308;101.63887277618026
31.69;121.2286;123.26873061717308;101.63887277618026
31.69;120.2286;123.26873061717308;101.63887277618026
31.45;120.2857;123.26873061717308;101.63887277618026
31.03;119.9143;123.26873061717308;101.63887277618026
31.11;120.2571;123.26873061717308;101.63887277618026
31.03;119.2571;123.26873061717308;101.63887277618026
30.99;117.8857;123.26873061717308;101.63887277618026
30.8;118.6571;123.26873061717308;101.63887277618026
30.64;117.4857;123.26873061717308;101.63887277618026
30.53;117.7143;123.26873061717308;101.63887277618026
30.28;117.2;123.26873061717308;101.63887277618026
30.23;116.9143;123.26873061717308;101.63887277618026
30.35;117.0571;123.26873061717308;101.63887277618026
30.47;116.2286;123.26873061717308;101.63887277618026
30.56;114.0;123.26873061717308;101.63887277618026
30.57;115.4;123.26873061717308;101.63887277618026
30.52;114.4286;123.26873061717308;101.63887277618026
30.24;115.3714;123.26873061717308;101.63887277618026
30.07;114.6286;123.26873061717308;101.63887277618026
29.87;114.3429;123.26873061717308;101.63887277618026
29.51;113.4857;123.26873061717308;101.63887277618026
29.26;112.0286;123.26873061717308;101.63887277618026
29.08;112.7714;123.26873061717308;101.63887277618026
29.13;112.6571;123.26873061717308;101.63887277618026
29.24;112.8286;123.26873061717308;101.63887277618026
29.23;112.6;123.26873061717308;101.63887277618026
29.06;112.7143;123.26873061717308;101.63887277618026
28.89;111.9714;123.26873061717308;101.63887277618026
28.81;110.9714;123.26873061717308;101.63887277618026
28.87;110.4571;123.26873061717308;101.63887277618026
28.37;109.6;123.26873061717308;101.63887277618026
28.18;110.1429;123.26873061717308;101.63887277618026
28.0;109.3143;123.26873061717308;101.63887277618026
27.88;109.4;123.26873061717308;101.63887277618026
27.78;109.2571;123.26873061717308;101.63887277618026
27.69;109.7429;123.26873061717308;101.63887277618026
27.66;108.6571;123.26873061717308;101.63887277618026
27.7;107.6;123.26873061717308;101.63887277618026
27.66;108.2;123.26873061717308;101.63887277618026
27.5;107.9429;123.26873061717308;101.63887277618026
27.24;106.9429;123.26873061717308;101.63887277618026
27.18;107.3429;123.26873061717308;101.63887277618026
27.11;106.2857;123.26873061717308;101.63887277618026
27.05;106.1143;123.26873061717308;101.63887277618026
27.0;105.4571;123.26873061717308;101.63887277618026
27.03;105.1714;123.26873061717308;101.63887277618026
27.06;105.3429;123.26873061717308;101.63887277618026
27.08;105.2286;123.26873061717308;101.63887277618026
27.21;104.1143;123.26873061717308;101.63887277618026
27.04;103.0571;123.26873061717308;101.63887277618026
26.94;103.7429;123.26873061717308;101.63887277618026
26.91;102.9714;123.26873061717308;101.63887277618026
26.79;103.4857;123.26873061717308;101.63887277618026
26.62;102.7429;123.26873061717308;101.63887277618026
26.44;100.1714;123.26873061717308;101.63887277618026
26.43;101.0857;123.26873061717308;101.63887277618026
26.34;99.0857;123.26873061717308;101.63887277618026
26.16;99.7714;123.26873061717308;101.63887277618026
26.19;100.5714;123.26873061717308;101.63887277618026
26.08;98.2286;123.26873061717308;101.63887277618026
25.83;98.4;123.26873061717308;101.63887277618026
25.84;98.7143;123.26873061717308;101.63887277618026
25.57;99.7429;123.26873061717308;101.63887277618026
25.39;98.8857;123.26873061717308;101.63887277618026
25.4;96.4;123.26873061717308;101.63887277618026
25.24;98.0;123.26873061717308;101.63887277618026
25.17;99.0;123.26873061717308;101.63887277618026
25.14;96.8;123.26873061717308;101.63887277618026
25.07;94.6571;123.26873061717308;101.63887277618026
25.11;98.0857;123.26873061717308;101.63887277618026
24.94;94.9714;123.26873061717308;101.63887277618026
24.79;95.9714;123.26873061717308;101.63887277618026
24.74;98.0286;123.26873061717308;101.63887277618026
24.58;96.6;123.26873061717308;101.63887277618026
24.51;94.8;123.26873061717308;101.63887277618026
24.49;93.4;123.26873061717308;101.63887277618026
24.39;94.4;123.26873061717308;101.63887277618026
24.26;92.9714;123.26873061717308;101.63887277618026
24.26;92.8571;123.26873061717308;101.63887277618026
24.29;93.6286;123.26873061717308;101.63887277618026
24.02;91.8857;123.26873061717308;101.63887277618026
23.92;93.6571;123.26873061717308;101.63887277618026
23.84;94.6;123.26873061717308;101.63887277618026
23.73;93.7429;123.26873061717308;101.63887277618026
23.65;92.7429;123.26873061717308;101.63887277618026
23.52;93.4857;123.26873061717308;101.63887277618026
23.44;93.0857;123.26873061717308;101.63887277618026
23.34;92.0571;123.26873061717308;101.63887277618026
23.38;92.2857;123.26873061717308;101.63887277618026
23.42;88.6571;123.26873061717308;101.63887277618026
23.24;90.4571;123.26873061717308;101.63887277618026
23.14;91.8571;123.26873061717308;101.63887277618026
23.03;92.0857;123.26873061717308;101.63887277618026
22.99;93.1429;123.26873061717308;101.63887277618026
22.93;91.5143;123.26873061717308;101.63887277618026
22.9;89.3429;123.26873061717308;101.63887277618026
22.91;88.3714;123.26873061717308;101.63887277618026
22.8;91.4857;123.26873061717308;101.63887277618026
22.77;90.0286;123.26873061717308;101.63887277618026
22.75;90.0;123.26873061717308;101.63887277618026
22.53;88.2;123.26873061717308;101.63887277618026
22.41;88.7143;123.26873061717308;101.63887277618026
22.27;86.7714;123.26873061717308;101.63887277618026
22.17;88.2571;123.26873061717308;101.63887277618026
22.16;88.2571;123.26873061717308;101.63887277618026
22.14;89.8286;123.26873061717308;101.63887277618026
22.16;89.3429;123.26873061717308;101.63887277618026
22.1;87.2857;123.26873061717308;101.63887277618026
22.04;86.7714;123.26873061717308;101.63887277618026
21.94;83.9143;123.26873061717308;101.63887277618026
21.44;87.5714;123.26873061717308;101.63887277618026
21.31;87.3429;123.26873061717308;101.63887277618026
21.25;86.3714;123.26873061717308;101.63887277618026
21.17;87.3429;123.26873061717308;101.63887277618026
21.14;85.5714;123.26873061717308;101.63887277618026
21.11;86.9143;123.26873061717308;101.63887277618026
21.03;86.0;123.26873061717308;101.63887277618026
20.98;85.6857;123.26873061717308;101.63887277618026
20.79;86.2;123.26873061717308;101.63887277618026
20.72;84.2571;123.26873061717308;101.63887277618026
20.44;85.8857;123.26873061717308;101.63887277618026
20.32;85.0571;123.26873061717308;101.63887277618026
20.29;84.4286;123.26873061717308;101.63887277618026
20.2;83.8286;123.26873061717308;101.63887277618026
20.02;82.8286;123.26873061717308;101.63887277618026
20.01;82.8286;123.26873061717308;101.63887277618026
20.0;83.7429;123.26873061717308;101.63887277618026
19.99;83.7429;123.26873061717308;101.63887277618026
19.91;84.0571;123.26873061717308;101.63887277618026
19.92;81.8857;123.26873061717308;101.63887277618026
19.7;82.3429;123.26873061717308;101.63887277618026
19.63;81.8571;123.26873061717308;101.63887277618026
19.49;82.0;123.26873061717308;101.63887277618026
19.41;82.1429;123.26873061717308;101.63887277618026
19.48;83.0;123.26873061717308;101.63887277618026
19.41;83.9429;123.26873061717308;101.63887277618026
19.29;83.3143;123.26873061717308;101.63887277618026
19.3;83.0571;123.26873061717308;101.63887277618026
19.24;80.7714;123.26873061717308;101.63887277618026
19.22;79.8;123.26873061717308;101.63887277618026
19.12;80.4286;123.26873061717308;101.63887277618026
19.01;79.8571;123.26873061717308;101.63887277618026
18.83;80.3714;123.26873061717308;101.63887277618026
18.76;79.0;123.26873061717308;101.63887277618026
18.6;80.3429;123.26873061717308;101.63887277618026
18.57;79.4857;123.26873061717308;101.63887277618026
18.57;79.3143;123.26873061717308;101.63887277618026
18.52;79.3714;123.26873061717308;101.63887277618026
18.44;79.6571;123.26873061717308;101.63887277618026
18.29;79.3714;123.26873061717308;101.63887277618026
18.07;78.2857;123.26873061717308;101.63887277618026
17.97;80.3429;123.26873061717308;101.63887277618026
17.94;79.2857;123.26873061717308;101.63887277618026
17.86;79.5429;123.26873061717308;101.63887277618026
17.76;78.1714;123.26873061717308;101.63887277618026
17.69;77.4857;123.26873061717308;101.63887277618026
17.67;76.1143;123.26873061717308;101.63887277618026
17.55;76.9714;123.26873061717308;101.63887277618026
17.48;76.3714;123.26873061717308;101.63887277618026
17.42;77.0286;123.26873061717308;101.63887277618026
17.29;76.5429;123.26873061717308;101.63887277618026
17.14;77.1714;123.26873061717308;101.63887277618026
17.09;74.8571;123.26873061717308;101.63887277618026
16.95;75.1714;123.26873061717308;101.63887277618026
16.93;76.6571;123.26873061717308;101.63887277618026
16.89;74.9714;123.26873061717308;101.63887277618026
16.84;76.0571;123.26873061717308;101.63887277618026
16.82;75.2286;123.26873061717308;101.63887277618026
16.69;75.1143;123.26873061717308;101.63887277618026
16.66;75.5143;123.26873061717308;101.63887277618026
16.39;74.5429;123.26873061717308;101.63887277618026
16.47;73.6857;123.26873061717308;101.63887277618026
16.36;74.1143;123.26873061717308;101.63887277618026
16.21;74.3714;123.26873061717308;101.63887277618026
16.16;74.9143;123.26873061717308;101.63887277618026
16.19;74.7143;123.26873061717308;101.63887277618026
16.18;73.0571;123.26873061717308;101.63887277618026
16.1;74.1714;123.26873061717308;101.63887277618026
16.02;72.0571;123.26873061717308;101.63887277618026
15.9;73.4571;123.26873061717308;101.63887277618026
15.77;72.5429;123.26873061717308;101.63887277618026
15.72;72.3429;123.26873061717308;101.63887277618026
15.63;72.8286;123.26873061717308;101.63887277618026
15.53;71.0571;123.26873061717308;101.63887277618026
15.42;73.8286;123.26873061717308;101.63887277618026
15.33;74.1429;123.26873061717308;101.63887277618026
15.29;73.0857;123.26873061717308;101.63887277618026
15.23;70.2571;123.26873061717308;101.63887277618026
15.16;72.2;123.26873061717308;101.63887277618026
15.08;70.9429;123.26873061717308;101.63887277618026
14.97;71.1429;123.26873061717308;101.63887277618026
14.89;69.2;123.26873061717308;101.63887277618026
14.78;70.8286;123.26873061717308;101.63887277618026
14.73;70.4;123.26873061717308;101.63887277618026
14.68;70.6857;123.26873061717308;101.63887277618026
14.6;70.8571;123.26873061717308;101.63887277618026
14.53;70.2;123.26873061717308;101.63887277618026
14.39;70.9143;123.26873061717308;101.63887277618026
14.32;71.3143;123.26873061717308;101.63887277618026
14.26;71.3429;123.26873061717308;101.63887277618026
14.15;70.5714;123.26873061717308;101.63887277618026
14.1;71.2857;123.26873061717308;101.63887277618026
14.07;69.2571;123.26873061717308;101.63887277618026
14.02;69.1429;123.26873061717308;101.63887277618026
13.92;69.5714;123.26873061717308;101.63887277618026
13.83;69.5429;123.26873061717308;101.63887277618026
13.81;68.7714;123.26873061717308;101.63887277618026
13.78;68.8571;123.26873061717308;101.63887277618026
13.72;68.3143;123.26873061717308;101.63887277618026
13.62;68.7429;123.26873061717308;101.63887277618026
13.5;67.8286;123.26873061717308;101.63887277618026
13.4;67.8857;123.26873061717308;101.63887277618026
13.33;68.4857;123.26873061717308;101.63887277618026
13.27;68.9429;123.26873061717308;101.63887277618026
13.22;68.1714;123.26873061717308;101.63887277618026
13.18;67.4286;123.26873061717308;101.63887277618026
13.12;65.7143;123.26873061717308;101.63887277618026
13.03;66.8857;123.26873061717308;101.63887277618026
13.0;65.2571;123.26873061717308;101.63887277618026
12.93;66.3429;123.26873061717308;101.63887277618026
12.82;66.6;123.26873061717308;101.63887277618026
12.74;66.0286;123.26873061717308;101.63887277618026
12.72;64.7143;123.26873061717308;101.63887277618026
12.61;65.2;123.26873061717308;101.63887277618026
12.54;63.7429;123.26873061717308;101.63887277618026
12.45;65.8857;123.26873061717308;101.63887277618026
12.36;66.4857;123.26873061717308;101.63887277618026
12.31;66.8571;123.26873061717308;101.63887277618026
12.27;66.5429;123.26873061717308;101.63887277618026
12.26;66.6571;123.26873061717308;101.63887277618026
12.1;65.9143;123.26873061717308;101.63887277618026
12.03;65.7143;123.26873061717308;101.63887277618026
12.01;64.6857;123.26873061717308;101.63887277618026
11.97;63.9714;123.26873061717308;101.63887277618026
11.91;64.8286;123.26873061717308;101.63887277618026
11.87;64.1714;123.26873061717308;101.63887277618026
11.81;63.6;123.26873061717308;101.63887277618026
11.74;64.1143;123.26873061717308;101.63887277618026
11.7;63.5429;123.26873061717308;101.63887277618026
11.6;64.2286;123.26873061717308;101.63887277618026
11.43;63.8571;123.26873061717308;101.63887277618026
11.4;63.4286;123.26873061717308;101.63887277618026
11.36;61.1143;123.26873061717308;101.63887277618026
11.36;62.4;123.26873061717308;101.63887277618026
11.35;61.7714;123.26873061717308;101.63887277618026
11.29;62.1429;123.26873061717308;101.63887277618026
11.14;61.7714;123.26873061717308;101.63887277618026
11.15;61.2;123.26873061717308;101.63887277618026
11.1;62.0571;123.26873061717308;101.63887277618026
11.07;62.6286;123.26873061717308;101.63887277618026
10.88;62.6857;123.26873061717308;101.63887277618026
10.82;61.5429;123.26873061717308;101.63887277618026
10.76;61.8;123.26873061717308;101.63887277618026
10.66;61.2;123.26873061717308;101.63887277618026
10.6;60.2571;123.26873061717308;101.63887277618026
10.54;60.0571;123.26873061717308;101.63887277618026
10.52;59.4;123.26873061717308;101.63887277618026
10.46;60.3429;123.26873061717308;101.63887277618026
10.41;59.4571;123.26873061717308;101.63887277618026
10.37;59.7714;123.26873061717308;101.63887277618026
10.18;59.2857;123.26873061717308;101.63887277618026
10.1;60.5143;123.26873061717308;101.63887277618026
10.05;60.1714;123.26873061717308;101.63887277618026
9.99;59.8;123.26873061717308;101.63887277618026
9.93;59.0;123.26873061717308;101.63887277618026
9.87;59.2;123.26873061717308;101.63887277618026
9.8;58.8857;123.26873061717308;101.63887277618026
9.76;59.0857;123.26873061717308;101.63887277618026
9.71;58.9429;123.26873061717308;101.63887277618026
9.7;58.9714;123.26873061717308;101.63887277618026
9.54;58.5714;123.26873061717308;101.63887277618026
9.47;59.4286;123.26873061717308;101.63887277618026
9.39;58.8571;123.26873061717308;101.63887277618026
9.32;59.1714;123.26873061717308;101.63887277618026
9.25;57.7429;123.26873061717308;101.63887277618026
9.19;57.2286;123.26873061717308;101.63887277618026
9.16;57.8571;123.26873061717308;101.63887277618026
9.13;57.6;123.26873061717308;101.63887277618026
9.09;57.4571;123.26873061717308;101.63887277618026
9.02;57.4571;123.26873061717308;101.63887277618026
8.86;57.5143;123.26873061717308;101.63887277618026
8.81;56.9429;123.26873061717308;101.63887277618026
8.76;56.9714;123.26873061717308;101.63887277618026
8.7;57.0857;123.26873061717308;101.63887277618026
8.63;56.6571;123.26873061717308;101.63887277618026
8.59;55.4571;123.26873061717308;101.63887277618026
8.55;56.9429;123.26873061717308;101.63887277618026
8.49;56.9429;123.26873061717308;101.63887277618026
8.45;56.7143;123.26873061717308;101.63887277618026
8.41;55.7714;123.26873061717308;101.63887277618026
8.31;55.6;123.26873061717308;101.63887277618026
8.25;54.6571;123.26873061717308;101.63887277618026
8.21;55.7429;123.26873061717308;101.63887277618026
8.17;54.6286;123.26873061717308;101.63887277618026
8.11;55.6286;123.26873061717308;101.63887277618026
8.04;55.0;123.26873061717308;101.63887277618026
7.97;54.8286;123.26873061717308;101.63887277618026
7.95;54.1714;123.26873061717308;101.63887277618026
7.9;54.1143;123.26873061717308;101.63887277618026
7.85;54.4571;123.26873061717308;101.63887277618026
7.7;53.9143;123.26873061717308;101.63887277618026
7.68;54.0857;123.26873061717308;101.63887277618026
7.65;53.8571;123.26873061717308;101.63887277618026
7.61;53.9143;123.26873061717308;101.63887277618026
7.56;54.2;123.26873061717308;101.63887277618026
7.48;54.2857;123.26873061717308;101.63887277618026
7.42;53.8571;123.26873061717308;101.63887277618026
7.38;53.1143;123.26873061717308;101.63887277618026
7.34;52.4;123.26873061717308;101.63887277618026
7.31;52.6571;123.26873061717308;101.63887277618026
7.17;52.9143;123.26873061717308;101.63887277618026
7.12;52.8857;123.26873061717308;101.63887277618026
7.08;52.3143;123.26873061717308;101.63887277618026
7.04;51.5429;123.26873061717308;101.63887277618026
7.01;51.6571;123.26873061717308;101.63887277618026
6.96;52.2571;123.26873061717308;101.63887277618026
6.91;51.9429;123.26873061717308;101.63887277618026
6.85;51.4857;123.26873061717308;101.63887277618026
6.79;51.8286;123.26873061717308;101.63887277618026
6.74;51.2857;123.26873061717308;101.63887277618026
6.6;51.1429;123.26873061717308;101.63887277618026
6.58;50.8286;123.26873061717308;101.63887277618026
6.55;51.2286;123.26873061717308;101.63887277618026
6.54;50.9714;123.26873061717308;101.63887277618026
6.43;50.8857;123.26873061717308;101.63887277618026
6.43;50.9429;123.26873061717308;101.63887277618026
6.38;50.9143;123.26873061717308;101.63887277618026
6.33;50.0571;123.26873061717308;101.63887277618026
6.29;51.0857;123.26873061717308;101.63887277618026
6.24;50.7143;123.26873061717308;101.63887277618026
6.11;50.8286;123.26873061717308;101.63887277618026
6.09;51.0;123.26873061717308;101.63887277618026
6.04;50.8571;123.26873061717308;101.63887277618026
6.0;50.4857;123.26873061717308;101.63887277618026
5.96;49.7143;123.26873061717308;101.63887277618026
5.92;50.0286;123.26873061717308;101.63887277618026
5.88;49.7714;123.26873061717308;101.63887277618026
5.82;50.4571;123.26873061717308;101.63887277618026
5.78;49.9429;123.26873061717308;101.63887277618026
5.74;49.3143;123.26873061717308;101.63887277618026
5.6;49.1429;123.26873061717308;101.63887277618026
5.56;49.1429;123.26873061717308;101.63887277618026
5.51;48.9429;123.26873061717308;101.63887277618026
5.47;49.0286;123.26873061717308;101.63887277618026
5.44;48.6571;123.26873061717308;101.63887277618026
5.39;48.9143;123.26873061717308;101.63887277618026
5.33;48.9143;123.26873061717308;101.63887277618026
5.29;48.6;123.26873061717308;101.63887277618026
5.25;48.4286;123.26873061717308;101.63887277618026
5.21;48.1714;123.26873061717308;101.63887277618026
5.11;48.2286;123.26873061717308;101.63887277618026
5.08;47.5429;123.26873061717308;101.63887277618026
5.03;47.6286;123.26873061717308;101.63887277618026
4.98;47.4286;123.26873061717308;101.63887277618026
4.94;46.8571;123.26873061717308;101.63887277618026
4.89;46.8;123.26873061717308;101.63887277618026
4.85;47.0571;123.26873061717308;101.63887277618026
4.81;46.9429;123.26873061717308;101.63887277618026
4.78;46.1429;123.26873061717308;101.63887277618026
4.74;46.2857;123.26873061717308;101.63887277618026
4.65;46.3143;123.26873061717308;101.63887277618026
4.62;46.1714;123.26873061717308;101.63887277618026
4.58;46.4;123.26873061717308;101.63887277618026
4.54;46.6857;123.26873061717308;101.63887277618026
4.5;46.4857;123.26873061717308;101.63887277618026
4.46;46.9143;123.26873061717308;101.63887277618026
4.42;46.8857;123.26873061717308;101.63887277618026
4.37;46.6857;123.26873061717308;101.63887277618026
4.32;46.3143;123.26873061717308;101.63887277618026
4.26;45.9143;123.26873061717308;101.63887277618026
4.15;46.2;123.26873061717308;101.63887277618026
4.1;45.8;123.26873061717308;101.63887277618026
4.09;45.3714;123.26873061717308;101.63887277618026
4.05;45.4286;123.26873061717308;101.63887277618026
4.0;45.2857;123.26873061717308;101.63887277618026
3.98;45.0857;123.26873061717308;101.63887277618026
3.93;44.6571;123.26873061717308;101.63887277618026
3.89;44.7714;123.26873061717308;101.63887277618026
3.85;44.7429;123.26873061717308;101.63887277618026
3.84;44.4571;123.26873061717308;101.63887277618026
3.71;43.8;123.26873061717308;101.63887277618026
3.67;44.4571;123.26873061717308;101.63887277618026
3.61;44.5714;123.26873061717308;101.63887277618026
3.6;44.5429;123.26873061717308;101.63887277618026
3.57;44.6;123.26873061717308;101.63887277618026
3.54;44.2857;123.26873061717308;101.63887277618026
3.5;43.9143;123.26873061717308;101.63887277618026
3.44;43.4286;123.26873061717308;101.63887277618026
3.41;43.6;123.26873061717308;101.63887277618026
3.38;44.1143;123.26873061717308;101.63887277618026
3.27;43.4857;123.26873061717308;101.63887277618026
3.23;43.4857;123.26873061717308;101.63887277618026
3.21;43.9714;123.26873061717308;101.63887277618026
3.17;43.7143;123.26873061717308;101.63887277618026
3.13;43.6286;123.26873061717308;101.63887277618026
3.09;43.8286;123.26873061717308;101.63887277618026
3.07;43.5143;123.26873061717308;101.63887277618026
3.02;43.1714;123.26873061717308;101.63887277618026
2.99;42.9429;123.26873061717308;101.63887277618026
2.96;42.8286;123.26873061717308;101.63887277618026
2.88;43.0286;123.26873061717308;101.63887277618026
2.85;42.6857;123.26873061717308;101.63887277618026
2.8;42.1429;123.26873061717308;101.63887277618026
2.76;42.1143;123.26873061717308;101.63887277618026
2.72;42.2286;123.26873061717308;101.63887277618026
2.69;42.3714;123.26873061717308;101.63887277618026
2.66;42.0;123.26873061717308;101.63887277618026
2.63;42.2;123.26873061717308;101.63887277618026
2.59;42.0286;123.26873061717308;101.63887277618026
2.56;41.6571;123.26873061717308;101.63887277618026
2.47;41.6;123.26873061717308;101.63887277618026
2.43;41.7429;123.26873061717308;101.63887277618026
2.39;41.8286;123.26873061717308;101.63887277618026
2.36;41.2857;123.26873061717308;101.63887277618026
2.34;41.3429;123.26873061717308;101.63887277618026
2.3;41.1143;123.26873061717308;101.63887277618026
2.28;40.7143;123.26873061717308;101.63887277618026
2.24;40.8286;123.26873061717308;101.63887277618026
2.2;40.2857;123.26873061717308;101.63887277618026
2.19;39.7714;123.26873061717308;101.63887277618026
2.1;40.0;123.26873061717308;101.63887277618026
2.06;39.9714;123.26873061717308;101.63887277618026
2.02;40.0286;123.26873061717308;101.63887277618026
2.0;39.6571;123.26873061717308;101.63887277618026
1.96;39.6286;123.26873061717308;101.63887277618026
1.93;39.7143;123.26873061717308;101.63887277618026
1.9;39.8857;123.26873061717308;101.63887277618026
1.86;39.6857;123.26873061717308;101.63887277618026
1.82;39.2286;123.26873061717308;101.63887277618026
1.82;39.4857;123.26873061717308;101.63887277618026
1.71;39.4857;123.26873061717308;101.63887277618026
1.68;39.0857;123.26873061717308;101.63887277618026
1.66;39.0857;123.26873061717308;101.63887277618026
1.62;39.0;123.26873061717308;101.63887277618026
1.6;38.7714;123.26873061717308;101.63887277618026
1.55;38.6286;123.26873061717308;101.63887277618026
1.52;38.5714;123.26873061717308;101.63887277618026
1.5;38.6;123.26873061717308;101.63887277618026
1.47;38.5714;123.26873061717308;101.63887277618026
1.45;38.4;123.26873061717308;101.63887277618026
1.39;38.6;123.26873061717308;101.63887277618026
1.36;38.3429;123.26873061717308;101.63887277618026
1.32;37.9714;123.26873061717308;101.63887277618026
1.3;38.4;123.26873061717308;101.63887277618026
1.26;38.0286;123.26873061717308;101.63887277618026
1.23;38.0;123.26873061717308;101.63887277618026
1.2;37.6857;123.26873061717308;101.63887277618026
1.17;37.8571;123.26873061717308;101.63887277618026
1.14;37.6571;123.26873061717308;101.63887277618026
1.11;37.1143;123.26873061717308;101.63887277618026
1.05;36.9429;123.26873061717308;101.63887277618026
1.02;37.0;123.26873061717308;101.63887277618026
1.0;36.8857;123.26873061717308;101.63887277618026
0.97;36.7714;123.26873061717308;101.63887277618026
0.95;36.5714;123.26873061717308;101.63887277618026
0.93;37.0;123.26873061717308;101.63887277618026
0.92;36.5143;123.26873061717308;101.63887277618026
0.91;36.3143;123.26873061717308;101.63887277618026
0.89;36.2;123.26873061717308;101.63887277618026
0.87;35.9143;123.26873061717308;101.63887277618026
0.8;35.8286;123.26873061717308;101.63887277618026
0.77;35.8;123.26873061717308;101.63887277618026
0.75;35.4857;123.26873061717308;101.63887277618026
0.73;35.4857;123.26873061717308;101.63887277618026
0.73;35.5714;123.26873061717308;101.63887277618026
0.7;35.4;123.26873061717308;101.63887277618026
0.68;35.3143;123.26873061717308;101.63887277618026
0.66;35.5143;123.26873061717308;101.63887277618026
0.64;35.0;123.26873061717308;101.63887277618026
0.63;34.9429;123.26873061717308;101.63887277618026
0.58;35.0571;123.26873061717308;101.63887277618026
0.56;34.7143;123.26873061717308;101.63887277618026
0.53;35.1714;123.26873061717308;101.63887277618026
0.5;35.3143;123.26873061717308;101.63887277618026
0.5;35.0571;123.26873061717308;101.63887277618026
0.49;34.9143;123.26873061717308;101.63887277618026
0.47;35.1143;123.26873061717308;101.63887277618026
0.46;35.0857;123.26873061717308;101.63887277618026
0.45;35.2;123.26873061717308;101.63887277618026
0.43;34.9429;123.26873061717308;101.63887277618026
0.4;34.5429;123.26873061717308;101.63887277618026
0.38;34.2857;123.26873061717308;101.63887277618026
0.36;34.1714;123.26873061717308;101.63887277618026
0.35;33.7429;123.26873061717308;101.63887277618026
0.34;33.4571;123.26873061717308;101.63887277618026
0.33;33.3714;123.26873061717308;101.63887277618026
0.32;33.1429;123.26873061717308;101.63887277618026
0.32;33.2286;123.26873061717308;101.63887277618026
0.31;33.2571;123.26873061717308;101.63887277618026
0.29;33.0;123.26873061717308;101.63887277618026
0.27;32.8857;123.26873061717308;101.63887277618026
0.26;33.0286;123.26873061717308;101.63887277618026
0.26;32.9143;123.26873061717308;101.63887277618026
0.26;32.8571;123.26873061717308;101.63887277618026
0.25;32.6571;123.26873061717308;101.63887277618026
0.25;32.4;123.26873061717308;101.63887277618026
0.25;32.6571;123.26873061717308;101.63887277618026
0.24;32.4286;123.26873061717308;101.63887277618026
0.24;32.1429;123.26873061717308;101.63887277618026
0.23;32.0286;123.26873061717308;101.63887277618026
0.21;31.9143;123.26873061717308;101.63887277618026
0.2;31.7714;123.26873061717308;101.63887277618026
0.21;31.9714;123.26873061717308;101.63887277618026
0.2;31.6857;123.26873061717308;101.63887277618026
0.2;31.6;123.26873061717308;101.63887277618026
0.2;31.5143;123.26873061717308;101.63887277618026
0.19;31.3714;123.26873061717308;101.63887277618026
0.19;31.5143;123.26873061717308;101.63887277618026
0.19;31.3143;123.26873061717308;101.63887277618026
0.19;31.2;123.26873061717308;101.63887277618026
0.19;31.2;123.26873061717308;101.63887277618026
0.19;31.2;123.26873061717308;101.63887277618026
0.18;31.0857;123.26873061717308;101.63887277618026
0.17;30.7143;123.26873061717308;101.63887277618026
0.17;30.4857;123.26873061717308;101.63887277618026
0.17;30.7429;123.26873061717308;101.63887277618026
0.16;30.9143;123.26873061717308;101.63887277618026
0.16;30.9143;123.26873061717308;101.63887277618026
0.16;30.8857;123.26873061717308;101.63887277618026
0.15;30.7714;123.26873061717308;101.63887277618026
0.14;30.4571;123.26873061717308;101.63887277618026
0.14;30.3143;123.26873061717308;101.63887277618026
0.14;30.3714;123.26873061717308;101.63887277618026
0.14;30.2571;123.26873061717308;101.63887277618026
0.14;29.9714;123.26873061717308;101.63887277618026
0.14;29.6571;123.26873061717308;101.63887277618026
0.14;29.6571;123.26873061717308;101.63887277618026
0.14;29.6286;123.26873061717308;101.63887277618026
0.14;29.6;123.26873061717308;101.63887277618026
0.13;29.4571;123.26873061717308;101.63887277618026
0.13;29.1429;123.26873061717308;101.63887277618026
0.13;29.0857;123.26873061717308;101.63887277618026
0.13;29.2;123.26873061717308;101.63887277618026
0.13;29.0286;123.26873061717308;101.63887277618026
0.12;28.7714;123.26873061717308;101.63887277618026
0.12;28.4;123.26873061717308;101.63887277618026
0.12;28.8286;123.26873061717308;101.63887277618026
0.12;28.8571;123.26873061717308;101.63887277618026
0.12;29.0571;123.26873061717308;101.63887277618026
0.12;29.1429;123.26873061717308;101.63887277618026
0.12;28.9714;123.26873061717308;101.63887277618026
0.12;28.5143;123.26873061717308;101.63887277618026
0.12;28.4571;123.26873061717308;101.63887277618026
0.13;28.1429;123.26873061717308;101.63887277618026
0.13;27.9429;123.26873061717308;101.63887277618026
0.13;28.0286;123.26873061717308;101.63887277618026
0.12;28.0571;123.26873061717308;101.63887277618026
0.13;27.8857;123.26873061717308;101.63887277618026
0.12;27.4857;123.26873061717308;101.63887277618026
0.12;27.7429;123.26873061717308;101.63887277618026
