SF-A-022;Sensirion;RMSE;MAE
15.52;-14.8571;104.00690108564774;66.0547232357253
15.38;-14.8857;104.00690108564774;66.0547232357253
15.39;-14.7714;104.00690108564774;66.0547232357253
15.27;-14.7143;104.00690108564774;66.0547232357253
15.25;-14.6571;104.00690108564774;66.0547232357253
15.12;-14.6286;104.00690108564774;66.0547232357253
15.14;-14.5429;104.00690108564774;66.0547232357253
15.1;-14.5429;104.00690108564774;66.0547232357253
15.04;-14.4571;104.00690108564774;66.0547232357253
15.01;-14.4286;104.00690108564774;66.0547232357253
14.87;-14.3714;104.00690108564774;66.0547232357253
14.89;-14.2286;104.00690108564774;66.0547232357253
14.81;-14.2286;104.00690108564774;66.0547232357253
14.79;-14.1714;104.00690108564774;66.0547232357253
14.8;-14.1429;104.00690108564774;66.0547232357253
14.69;-14.0857;104.00690108564774;66.0547232357253
14.62;-14.0286;104.00690108564774;66.0547232357253
14.62;-14.0;104.00690108564774;66.0547232357253
14.52;-13.9143;104.00690108564774;66.0547232357253
14.48;-13.8857;104.00690108564774;66.0547232357253
14.51;-13.8857;104.00690108564774;66.0547232357253
14.49;-13.8857;104.00690108564774;66.0547232357253
14.39;-13.8;104.00690108564774;66.0547232357253
14.32;-13.7714;104.00690108564774;66.0547232357253
14.38;-13.7429;104.00690108564774;66.0547232357253
14.31;-13.7143;104.00690108564774;66.0547232357253
14.36;-13.7143;104.00690108564774;66.0547232357253
14.31;-13.7143;104.00690108564774;66.0547232357253
14.22;-13.6571;104.00690108564774;66.0547232357253
14.19;-13.6;104.00690108564774;66.0547232357253
14.22;-13.6286;104.00690108564774;66.0547232357253
14.18;-13.5714;104.00690108564774;66.0547232357253
14.2;-13.6857;104.00690108564774;66.0547232357253
14.25;-13.7143;104.00690108564774;66.0547232357253
14.25;-13.6857;104.00690108564774;66.0547232357253
14.37;-13.8286;104.00690108564774;66.0547232357253
14.48;-13.8857;104.00690108564774;66.0547232357253
14.53;-14.0286;104.00690108564774;66.0547232357253
14.71;-14.0857;104.00690108564774;66.0547232357253
14.82;-14.2571;104.00690108564774;66.0547232357253
15.05;-14.4;104.00690108564774;66.0547232357253
15.19;-14.6571;104.00690108564774;66.0547232357253
15.41;-14.8571;104.00690108564774;66.0547232357253
15.61;-15.0857;104.00690108564774;66.0547232357253
15.9;-15.3143;104.00690108564774;66.0547232357253
16.11;-15.6;104.00690108564774;66.0547232357253
16.49;-15.8571;104.00690108564774;66.0547232357253
16.76;-16.2;104.00690108564774;66.0547232357253
17.12;-16.5429;104.00690108564774;66.0547232357253
17.5;-16.9143;104.00690108564774;66.0547232357253
17.8;-17.2857;104.00690108564774;66.0547232357253
18.28;-17.6571;104.00690108564774;66.0547232357253
18.68;-18.0571;104.00690108564774;66.0547232357253
19.16;-18.4571;104.00690108564774;66.0547232357253
19.6;-18.9429;104.00690108564774;66.0547232357253
20.05;-19.3429;104.00690108564774;66.0547232357253
20.6;-19.8286;104.00690108564774;66.0547232357253
21.17;-20.3429;104.00690108564774;66.0547232357253
21.78;-20.9143;104.00690108564774;66.0547232357253
22.28;-21.3714;104.00690108564774;66.0547232357253
22.92;-21.9143;104.00690108564774;66.0547232357253
23.58;-22.5429;104.00690108564774;66.0547232357253
24.19;-23.1143;104.00690108564774;66.0547232357253
24.76;-23.7143;104.00690108564774;66.0547232357253
25.45;-24.2;104.00690108564774;66.0547232357253
26.09;-24.8571;104.00690108564774;66.0547232357253
26.74;-25.5429;104.00690108564774;66.0547232357253
27.41;-26.0571;104.00690108564774;66.0547232357253
28.07;-26.6857;104.00690108564774;66.0547232357253
28.64;-27.2286;104.00690108564774;66.0547232357253
29.27;-27.8286;104.00690108564774;66.0547232357253
29.87;-28.4286;104.00690108564774;66.0547232357253
30.43;-29.0571;104.00690108564774;66.0547232357253
30.94;-29.6;104.00690108564774;66.0547232357253
31.61;-30.2857;104.00690108564774;66.0547232357253
32.25;-30.9714;104.00690108564774;66.0547232357253
33.07;-31.6;104.00690108564774;66.0547232357253
33.69;-32.4571;104.00690108564774;66.0547232357253
34.28;-32.9429;104.00690108564774;66.0547232357253
34.99;-33.6571;104.00690108564774;66.0547232357253
35.82;-34.2857;104.00690108564774;66.0547232357253
36.58;-34.9429;104.00690108564774;66.0547232357253
37.3;-35.8;104.00690108564774;66.0547232357253
38.01;-36.4571;104.00690108564774;66.0547232357253
38.77;-37.2857;104.00690108564774;66.0547232357253
39.43;-37.6857;104.00690108564774;66.0547232357253
40.11;-38.3714;104.00690108564774;66.0547232357253
40.71;-39.1143;104.00690108564774;66.0547232357253
41.38;-39.7429;104.00690108564774;66.0547232357253
41.99;-40.5714;104.00690108564774;66.0547232357253
42.68;-41.2286;104.00690108564774;66.0547232357253
43.26;-41.8286;104.00690108564774;66.0547232357253
43.96;-42.3429;104.00690108564774;66.0547232357253
44.72;-43.2286;104.00690108564774;66.0547232357253
45.4;-43.8571;104.00690108564774;66.0547232357253
46.18;-44.6857;104.00690108564774;66.0547232357253
47.01;-45.2857;104.00690108564774;66.0547232357253
47.83;-46.2857;104.00690108564774;66.0547232357253
48.49;-46.6857;104.00690108564774;66.0547232357253
49.08;-47.6286;104.00690108564774;66.0547232357253
51.62;-47.9429;104.00690108564774;66.0547232357253
52.23;-48.5429;104.00690108564774;66.0547232357253
53.02;-49.0286;104.00690108564774;66.0547232357253
53.67;-49.8286;104.00690108564774;66.0547232357253
54.34;-50.4286;104.00690108564774;66.0547232357253
55.17;-51.0286;104.00690108564774;66.0547232357253
55.88;-51.7143;104.00690108564774;66.0547232357253
56.56;-52.3714;104.00690108564774;66.0547232357253
57.12;-53.1143;104.00690108564774;66.0547232357253
57.87;-53.5714;104.00690108564774;66.0547232357253
58.51;-54.5714;104.00690108564774;66.0547232357253
58.93;-54.8286;104.00690108564774;66.0547232357253
59.39;-55.6286;104.00690108564774;66.0547232357253
60.1;-56.1714;104.00690108564774;66.0547232357253
60.73;-56.6571;104.00690108564774;66.0547232357253
61.26;-57.5429;104.00690108564774;66.0547232357253
61.81;-57.7714;104.00690108564774;66.0547232357253
62.59;-58.6857;104.00690108564774;66.0547232357253
63.22;-59.1143;104.00690108564774;66.0547232357253
63.75;-59.6571;104.00690108564774;66.0547232357253
64.34;-60.2;104.00690108564774;66.0547232357253
64.8;-60.7143;104.00690108564774;66.0547232357253
65.54;-61.3429;104.00690108564774;66.0547232357253
66.12;-62.0286;104.00690108564774;66.0547232357253
66.86;-62.3714;104.00690108564774;66.0547232357253
67.34;-63.3714;104.00690108564774;66.0547232357253
68.04;-63.8571;104.00690108564774;66.0547232357253
68.63;-64.4;104.00690108564774;66.0547232357253
69.15;-64.6;104.00690108564774;66.0547232357253
69.86;-65.5429;104.00690108564774;66.0547232357253
70.63;-65.6;104.00690108564774;66.0547232357253
71.39;-66.2571;104.00690108564774;66.0547232357253
71.76;-66.8;104.00690108564774;66.0547232357253
72.3;-67.4286;104.00690108564774;66.0547232357253
72.65;-68.3429;104.00690108564774;66.0547232357253
72.88;-69.2;104.00690108564774;66.0547232357253
73.61;-69.4;104.00690108564774;66.0547232357253
74.27;-69.7714;104.00690108564774;66.0547232357253
74.96;-69.9714;104.00690108564774;66.0547232357253
75.7;-70.8857;104.00690108564774;66.0547232357253
76.05;-71.2857;104.00690108564774;66.0547232357253
76.59;-71.7429;104.00690108564774;66.0547232357253
77.18;-72.4286;104.00690108564774;66.0547232357253
77.87;-73.0;104.00690108564774;66.0547232357253
78.5;-73.5714;104.00690108564774;66.0547232357253
79.26;-73.8571;104.00690108564774;66.0547232357253
79.67;-75.4286;104.00690108564774;66.0547232357253
80.11;-76.1143;104.00690108564774;66.0547232357253
80.4;-76.8286;104.00690108564774;66.0547232357253
81.1;-76.7714;104.00690108564774;66.0547232357253
81.41;-76.7143;104.00690108564774;66.0547232357253
82.16;-77.5429;104.00690108564774;66.0547232357253
82.65;-77.7143;104.00690108564774;66.0547232357253
83.23;-78.5714;104.00690108564774;66.0547232357253
83.73;-78.5714;104.00690108564774;66.0547232357253
84.26;-79.4286;104.00690108564774;66.0547232357253
84.49;-80.0857;104.00690108564774;66.0547232357253
84.95;-80.3714;104.00690108564774;66.0547232357253
85.46;-80.8857;104.00690108564774;66.0547232357253
86.15;-81.5714;104.00690108564774;66.0547232357253
86.74;-82.0571;104.00690108564774;66.0547232357253
87.4;-82.5429;104.00690108564774;66.0547232357253
87.52;-83.4;104.00690108564774;66.0547232357253
88.01;-83.7429;104.00690108564774;66.0547232357253
88.58;-84.3714;104.00690108564774;66.0547232357253
89.09;-85.3143;104.00690108564774;66.0547232357253
89.32;-84.7429;104.00690108564774;66.0547232357253
89.55;-85.5143;104.00690108564774;66.0547232357253
90.2;-85.4571;104.00690108564774;66.0547232357253
90.82;-85.8857;104.00690108564774;66.0547232357253
91.3;-87.0;104.00690108564774;66.0547232357253
91.64;-87.2286;104.00690108564774;66.0547232357253
91.9;-88.0571;104.00690108564774;66.0547232357253
92.4;-88.2286;104.00690108564774;66.0547232357253
92.72;-88.4857;104.00690108564774;66.0547232357253
93.48;-88.2286;104.00690108564774;66.0547232357253
93.98;-88.3143;104.00690108564774;66.0547232357253
94.11;-89.4;104.00690108564774;66.0547232357253
94.96;-90.4286;104.00690108564774;66.0547232357253
95.37;-90.6;104.00690108564774;66.0547232357253
95.4;-91.3143;104.00690108564774;66.0547232357253
95.53;-91.8571;104.00690108564774;66.0547232357253
95.86;-92.5143;104.00690108564774;66.0547232357253
96.37;-92.2857;104.00690108564774;66.0547232357253
97.65;-92.5429;104.00690108564774;66.0547232357253
98.11;-92.1714;104.00690108564774;66.0547232357253
98.55;-92.1429;104.00690108564774;66.0547232357253
98.99;-92.8286;104.00690108564774;66.0547232357253
99.23;-92.9714;104.00690108564774;66.0547232357253
99.58;-92.9714;104.00690108564774;66.0547232357253
100.05;-94.1429;104.00690108564774;66.0547232357253
100.24;-94.7143;104.00690108564774;66.0547232357253
100.67;-94.0571;104.00690108564774;66.0547232357253
102.0;-94.9714;104.00690108564774;66.0547232357253
102.24;-95.7714;104.00690108564774;66.0547232357253
101.89;-96.0857;104.00690108564774;66.0547232357253
102.37;-96.8286;104.00690108564774;66.0547232357253
102.97;-96.7714;104.00690108564774;66.0547232357253
103.63;-98.2857;104.00690108564774;66.0547232357253
103.32;-97.8571;104.00690108564774;66.0547232357253
106.33;-97.7429;104.00690108564774;66.0547232357253
106.16;-99.1143;104.00690108564774;66.0547232357253
106.41;-99.3714;104.00690108564774;66.0547232357253
107.09;-98.8;104.00690108564774;66.0547232357253
107.46;-99.0857;104.00690108564774;66.0547232357253
107.26;-99.3714;104.00690108564774;66.0547232357253
107.82;-100.5429;104.00690108564774;66.0547232357253
108.77;-100.9429;104.00690108564774;66.0547232357253
108.84;-101.6857;104.00690108564774;66.0547232357253
109.11;-101.6;104.00690108564774;66.0547232357253
109.43;-102.5143;104.00690108564774;66.0547232357253
109.75;-102.9429;104.00690108564774;66.0547232357253
110.09;-102.9143;104.00690108564774;66.0547232357253
110.38;-102.9714;104.00690108564774;66.0547232357253
110.58;-102.4571;104.00690108564774;66.0547232357253
111.05;-103.8286;104.00690108564774;66.0547232357253
111.96;-103.7143;104.00690108564774;66.0547232357253
112.71;-104.3429;104.00690108564774;66.0547232357253
113.45;-104.0;104.00690108564774;66.0547232357253
113.54;-103.6;104.00690108564774;66.0547232357253
113.45;-105.2571;104.00690108564774;66.0547232357253
114.09;-105.8286;104.00690108564774;66.0547232357253
114.48;-106.0857;104.00690108564774;66.0547232357253
114.95;-107.1143;104.00690108564774;66.0547232357253
115.41;-106.9429;104.00690108564774;66.0547232357253
115.18;-107.3143;104.00690108564774;66.0547232357253
115.64;-107.8857;104.00690108564774;66.0547232357253
115.86;-108.1714;104.00690108564774;66.0547232357253
115.93;-108.7714;104.00690108564774;66.0547232357253
116.48;-107.4571;104.00690108564774;66.0547232357253
116.94;-107.6857;104.00690108564774;66.0547232357253
117.22;-108.3714;104.00690108564774;66.0547232357253
117.35;-109.2;104.00690108564774;66.0547232357253
117.71;-109.4571;104.00690108564774;66.0547232357253
118.38;-110.3143;104.00690108564774;66.0547232357253
118.64;-111.5429;104.00690108564774;66.0547232357253
118.79;-111.0286;104.00690108564774;66.0547232357253
118.89;-111.0571;104.00690108564774;66.0547232357253
118.99;-111.4857;104.00690108564774;66.0547232357253
119.64;-112.7143;104.00690108564774;66.0547232357253
120.38;-112.8286;104.00690108564774;66.0547232357253
120.25;-113.0;104.00690108564774;66.0547232357253
120.48;-112.8571;104.00690108564774;66.0547232357253
120.3;-112.8571;104.00690108564774;66.0547232357253
120.37;-114.1714;104.00690108564774;66.0547232357253
121.14;-113.9143;104.00690108564774;66.0547232357253
121.36;-113.7143;104.00690108564774;66.0547232357253
122.09;-114.4857;104.00690108564774;66.0547232357253
122.78;-114.7714;104.00690108564774;66.0547232357253
122.86;-114.3143;104.00690108564774;66.0547232357253
123.3;-115.2571;104.00690108564774;66.0547232357253
123.45;-115.4286;104.00690108564774;66.0547232357253
122.97;-115.5429;104.00690108564774;66.0547232357253
123.28;-115.9143;104.00690108564774;66.0547232357253
123.61;-115.5143;104.00690108564774;66.0547232357253
124.46;-116.0;104.00690108564774;66.0547232357253
124.32;-117.0;104.00690108564774;66.0547232357253
124.94;-116.2;104.00690108564774;66.0547232357253
124.82;-117.6857;104.00690108564774;66.0547232357253
124.7;-117.8286;104.00690108564774;66.0547232357253
125.39;-116.7143;104.00690108564774;66.0547232357253
125.79;-117.3429;104.00690108564774;66.0547232357253
126.05;-119.2286;104.00690108564774;66.0547232357253
126.16;-120.7429;104.00690108564774;66.0547232357253
126.07;-117.9714;104.00690108564774;66.0547232357253
126.34;-118.8571;104.00690108564774;66.0547232357253
126.83;-118.6;104.00690108564774;66.0547232357253
127.38;-118.1143;104.00690108564774;66.0547232357253
127.09;-119.3714;104.00690108564774;66.0547232357253
127.56;-120.0571;104.00690108564774;66.0547232357253
127.67;-120.3429;104.00690108564774;66.0547232357253
127.64;-120.8571;104.00690108564774;66.0547232357253
127.69;-120.5714;104.00690108564774;66.0547232357253
128.51;-122.2857;104.00690108564774;66.0547232357253
128.88;-122.7143;104.00690108564774;66.0547232357253
129.06;-121.8571;104.00690108564774;66.0547232357253
128.99;-120.9714;104.00690108564774;66.0547232357253
128.73;-121.7429;104.00690108564774;66.0547232357253
129.01;-120.6;104.00690108564774;66.0547232357253
129.23;-121.9429;104.00690108564774;66.0547232357253
129.96;-121.6;104.00690108564774;66.0547232357253
130.7;-123.4286;104.00690108564774;66.0547232357253
130.33;-123.4857;104.00690108564774;66.0547232357253
129.95;-123.3429;104.00690108564774;66.0547232357253
130.08;-123.9143;104.00690108564774;66.0547232357253
130.8;-123.3714;104.00690108564774;66.0547232357253
130.81;-124.2;104.00690108564774;66.0547232357253
131.16;-125.2571;104.00690108564774;66.0547232357253
131.07;-125.4;104.00690108564774;66.0547232357253
131.2;-124.7714;104.00690108564774;66.0547232357253
131.64;-124.4;104.00690108564774;66.0547232357253
131.93;-124.4571;104.00690108564774;66.0547232357253
131.77;-124.4286;104.00690108564774;66.0547232357253
132.1;-125.6286;104.00690108564774;66.0547232357253
132.53;-125.3429;104.00690108564774;66.0547232357253
132.42;-125.8;104.00690108564774;66.0547232357253
132.82;-125.9143;104.00690108564774;66.0547232357253
133.59;-125.3143;104.00690108564774;66.0547232357253
133.19;-126.7143;104.00690108564774;66.0547232357253
133.6;-127.0;104.00690108564774;66.0547232357253
134.74;-125.5714;104.00690108564774;66.0547232357253
134.78;-126.3429;104.00690108564774;66.0547232357253
135.5;-127.4571;104.00690108564774;66.0547232357253
135.09;-127.1143;104.00690108564774;66.0547232357253
135.58;-128.4;104.00690108564774;66.0547232357253
135.74;-128.8;104.00690108564774;66.0547232357253
135.67;-127.8;104.00690108564774;66.0547232357253
136.01;-128.5143;104.00690108564774;66.0547232357253
136.62;-129.1429;104.00690108564774;66.0547232357253
137.51;-128.2571;104.00690108564774;66.0547232357253
136.61;-128.7714;104.00690108564774;66.0547232357253
136.89;-127.4286;104.00690108564774;66.0547232357253
137.17;-129.0571;104.00690108564774;66.0547232357253
137.54;-128.7143;104.00690108564774;66.0547232357253
137.38;-129.7143;104.00690108564774;66.0547232357253
137.14;-128.6;104.00690108564774;66.0547232357253
137.11;-129.8857;104.00690108564774;66.0547232357253
138.63;-130.6857;104.00690108564774;66.0547232357253
139.28;-130.4571;104.00690108564774;66.0547232357253
139.24;-131.4571;104.00690108564774;66.0547232357253
138.44;-131.4286;104.00690108564774;66.0547232357253
137.88;-131.6;104.00690108564774;66.0547232357253
138.25;-129.8857;104.00690108564774;66.0547232357253
139.08;-131.2571;104.00690108564774;66.0547232357253
139.35;-132.4;104.00690108564774;66.0547232357253
138.77;-132.5143;104.00690108564774;66.0547232357253
139.26;-132.0857;104.00690108564774;66.0547232357253
139.66;-132.3143;104.00690108564774;66.0547232357253
139.56;-133.1429;104.00690108564774;66.0547232357253
139.55;-132.6857;104.00690108564774;66.0547232357253
139.91;-132.0;104.00690108564774;66.0547232357253
140.51;-133.5143;104.00690108564774;66.0547232357253
141.29;-133.6286;104.00690108564774;66.0547232357253
141.64;-132.2286;104.00690108564774;66.0547232357253
141.77;-133.8571;104.00690108564774;66.0547232357253
142.33;-132.5714;104.00690108564774;66.0547232357253
141.8;-135.5429;104.00690108564774;66.0547232357253
141.69;-133.0857;104.00690108564774;66.0547232357253
141.76;-134.6571;104.00690108564774;66.0547232357253
141.76;-134.3429;104.00690108564774;66.0547232357253
142.47;-133.8857;104.00690108564774;66.0547232357253
142.42;-134.1143;104.00690108564774;66.0547232357253
142.79;-134.9714;104.00690108564774;66.0547232357253
143.22;-134.7429;104.00690108564774;66.0547232357253
143.11;-136.1429;104.00690108564774;66.0547232357253
143.2;-136.8857;104.00690108564774;66.0547232357253
143.52;-136.6286;104.00690108564774;66.0547232357253
143.17;-134.8;104.00690108564774;66.0547232357253
143.0;-136.4286;104.00690108564774;66.0547232357253
143.47;-136.6286;104.00690108564774;66.0547232357253
143.02;-135.4;104.00690108564774;66.0547232357253
143.59;-136.6857;104.00690108564774;66.0547232357253
144.45;-136.6;104.00690108564774;66.0547232357253
144.95;-135.7714;104.00690108564774;66.0547232357253
144.81;-134.7143;104.00690108564774;66.0547232357253
145.0;-136.4571;104.00690108564774;66.0547232357253
144.96;-135.5429;104.00690108564774;66.0547232357253
145.15;-136.2571;104.00690108564774;66.0547232357253
144.67;-136.6857;104.00690108564774;66.0547232357253
144.39;-136.1143;104.00690108564774;66.0547232357253
145.26;-135.5714;104.00690108564774;66.0547232357253
145.16;-137.5429;104.00690108564774;66.0547232357253
145.14;-137.7429;104.00690108564774;66.0547232357253
145.06;-137.4857;104.00690108564774;66.0547232357253
144.93;-139.4571;104.00690108564774;66.0547232357253
145.81;-138.0571;104.00690108564774;66.0547232357253
145.5;-139.4857;104.00690108564774;66.0547232357253
146.39;-139.5143;104.00690108564774;66.0547232357253
146.55;-139.0286;104.00690108564774;66.0547232357253
146.44;-138.8857;104.00690108564774;66.0547232357253
147.42;-138.2;104.00690108564774;66.0547232357253
147.53;-137.2;104.00690108564774;66.0547232357253
147.57;-139.3714;104.00690108564774;66.0547232357253
147.15;-139.7714;104.00690108564774;66.0547232357253
147.97;-139.2;104.00690108564774;66.0547232357253
148.26;-139.7714;104.00690108564774;66.0547232357253
147.85;-140.4286;104.00690108564774;66.0547232357253
147.61;-139.7429;104.00690108564774;66.0547232357253
148.26;-139.9714;104.00690108564774;66.0547232357253
148.76;-140.8571;104.00690108564774;66.0547232357253
147.58;-139.6;104.00690108564774;66.0547232357253
146.7;-139.5429;104.00690108564774;66.0547232357253
146.86;-140.9429;104.00690108564774;66.0547232357253
146.75;-141.1429;104.00690108564774;66.0547232357253
145.78;-141.6571;104.00690108564774;66.0547232357253
145.38;-140.0857;104.00690108564774;66.0547232357253
145.26;-140.9143;104.00690108564774;66.0547232357253
145.34;-140.9143;104.00690108564774;66.0547232357253
144.93;-141.7429;104.00690108564774;66.0547232357253
144.32;-141.0571;104.00690108564774;66.0547232357253
143.32;-142.6;104.00690108564774;66.0547232357253
143.1;-143.0286;104.00690108564774;66.0547232357253
143.22;-140.8286;104.00690108564774;66.0547232357253
143.58;-140.4857;104.00690108564774;66.0547232357253
142.72;-141.0286;104.00690108564774;66.0547232357253
142.38;-141.0286;104.00690108564774;66.0547232357253
142.14;-139.5429;104.00690108564774;66.0547232357253
142.8;-138.4571;104.00690108564774;66.0547232357253
142.47;-138.8857;104.00690108564774;66.0547232357253
141.68;-139.1143;104.00690108564774;66.0547232357253
139.89;-138.9714;104.00690108564774;66.0547232357253
139.73;-137.1714;104.00690108564774;66.0547232357253
139.53;-136.6571;104.00690108564774;66.0547232357253
139.36;-135.9143;104.00690108564774;66.0547232357253
138.8;-136.5429;104.00690108564774;66.0547232357253
137.97;-136.6571;104.00690108564774;66.0547232357253
136.86;-135.1714;104.00690108564774;66.0547232357253
137.01;-136.3429;104.00690108564774;66.0547232357253
136.93;-136.0571;104.00690108564774;66.0547232357253
136.45;-136.9714;104.00690108564774;66.0547232357253
136.43;-135.7143;104.00690108564774;66.0547232357253
135.82;-135.0;104.00690108564774;66.0547232357253
135.82;-134.0857;104.00690108564774;66.0547232357253
135.27;-135.5429;104.00690108564774;66.0547232357253
134.27;-134.4;104.00690108564774;66.0547232357253
134.38;-133.6571;104.00690108564774;66.0547232357253
134.4;-133.6571;104.00690108564774;66.0547232357253
134.13;-135.2286;104.00690108564774;66.0547232357253
133.83;-134.4286;104.00690108564774;66.0547232357253
133.04;-134.0571;104.00690108564774;66.0547232357253
132.52;-133.8;104.00690108564774;66.0547232357253
132.18;-130.8571;104.00690108564774;66.0547232357253
132.19;-130.8286;104.00690108564774;66.0547232357253
132.21;-130.5714;104.00690108564774;66.0547232357253
132.17;-130.9143;104.00690108564774;66.0547232357253
131.45;-130.6571;104.00690108564774;66.0547232357253
131.09;-130.5143;104.00690108564774;66.0547232357253
131.21;-129.1429;104.00690108564774;66.0547232357253
130.5;-130.7714;104.00690108564774;66.0547232357253
130.23;-130.1429;104.00690108564774;66.0547232357253
130.08;-128.6;104.00690108564774;66.0547232357253
130.15;-127.8571;104.00690108564774;66.0547232357253
129.65;-128.6286;104.00690108564774;66.0547232357253
128.98;-128.5143;104.00690108564774;66.0547232357253
128.8;-127.7714;104.00690108564774;66.0547232357253
128.91;-126.9429;104.00690108564774;66.0547232357253
128.83;-124.8571;104.00690108564774;66.0547232357253
128.16;-126.2286;104.00690108564774;66.0547232357253
127.76;-126.4857;104.00690108564774;66.0547232357253
127.42;-126.8571;104.00690108564774;66.0547232357253
127.05;-126.3714;104.00690108564774;66.0547232357253
127.16;-125.2286;104.00690108564774;66.0547232357253
127.08;-123.6;104.00690108564774;66.0547232357253
126.77;-125.0857;104.00690108564774;66.0547232357253
126.18;-124.8286;104.00690108564774;66.0547232357253
125.8;-125.0571;104.00690108564774;66.0547232357253
125.52;-124.2571;104.00690108564774;66.0547232357253
125.06;-124.4857;104.00690108564774;66.0547232357253
124.76;-123.6286;104.00690108564774;66.0547232357253
124.87;-123.2571;104.00690108564774;66.0547232357253
123.97;-122.1714;104.00690108564774;66.0547232357253
123.6;-122.2857;104.00690108564774;66.0547232357253
123.62;-123.3714;104.00690108564774;66.0547232357253
123.39;-122.4857;104.00690108564774;66.0547232357253
123.19;-122.2286;104.00690108564774;66.0547232357253
123.36;-120.4;104.00690108564774;66.0547232357253
123.5;-120.8286;104.00690108564774;66.0547232357253
122.58;-120.9143;104.00690108564774;66.0547232357253
122.8;-121.2857;104.00690108564774;66.0547232357253
122.81;-121.2;104.00690108564774;66.0547232357253
121.94;-120.5143;104.00690108564774;66.0547232357253
121.47;-120.3143;104.00690108564774;66.0547232357253
121.5;-118.8857;104.00690108564774;66.0547232357253
121.58;-119.4857;104.00690108564774;66.0547232357253
121.58;-118.7714;104.00690108564774;66.0547232357253
120.82;-118.2;104.00690108564774;66.0547232357253
120.58;-116.8857;104.00690108564774;66.0547232357253
120.26;-117.6;104.00690108564774;66.0547232357253
119.84;-117.8857;104.00690108564774;66.0547232357253
119.48;-118.2857;104.00690108564774;66.0547232357253
119.0;-117.4;104.00690108564774;66.0547232357253
118.68;-117.7714;104.00690108564774;66.0547232357253
118.97;-118.0857;104.00690108564774;66.0547232357253
118.48;-116.8286;104.00690108564774;66.0547232357253
118.09;-117.6857;104.00690108564774;66.0547232357253
118.33;-118.2286;104.00690108564774;66.0547232357253
118.5;-116.5714;104.00690108564774;66.0547232357253
118.09;-115.5143;104.00690108564774;66.0547232357253
117.79;-115.2571;104.00690108564774;66.0547232357253
117.0;-114.3429;104.00690108564774;66.0547232357253
116.31;-115.6;104.00690108564774;66.0547232357253
116.42;-114.4286;104.00690108564774;66.0547232357253
115.75;-114.7714;104.00690108564774;66.0547232357253
115.81;-114.2286;104.00690108564774;66.0547232357253
115.56;-113.1143;104.00690108564774;66.0547232357253
115.05;-112.9429;104.00690108564774;66.0547232357253
115.11;-113.4286;104.00690108564774;66.0547232357253
114.93;-112.6857;104.00690108564774;66.0547232357253
114.83;-111.9714;104.00690108564774;66.0547232357253
114.6;-113.2286;104.00690108564774;66.0547232357253
114.72;-112.6;104.00690108564774;66.0547232357253
114.52;-113.1429;104.00690108564774;66.0547232357253
113.58;-113.0;104.00690108564774;66.0547232357253
113.16;-112.3429;104.00690108564774;66.0547232357253
113.41;-113.1429;104.00690108564774;66.0547232357253
113.15;-110.6857;104.00690108564774;66.0547232357253
112.48;-110.4;104.00690108564774;66.0547232357253
112.32;-110.2857;104.00690108564774;66.0547232357253
112.23;-109.8;104.00690108564774;66.0547232357253
111.95;-109.4286;104.00690108564774;66.0547232357253
111.35;-108.6857;104.00690108564774;66.0547232357253
111.44;-108.4857;104.00690108564774;66.0547232357253
110.7;-108.1143;104.00690108564774;66.0547232357253
110.44;-109.1429;104.00690108564774;66.0547232357253
110.75;-108.8571;104.00690108564774;66.0547232357253
110.82;-108.4;104.00690108564774;66.0547232357253
109.97;-108.2857;104.00690108564774;66.0547232357253
109.45;-108.3714;104.00690108564774;66.0547232357253
109.09;-107.8;104.00690108564774;66.0547232357253
109.02;-107.3143;104.00690108564774;66.0547232357253
109.0;-107.2;104.00690108564774;66.0547232357253
108.76;-107.4;104.00690108564774;66.0547232357253
108.47;-106.2571;104.00690108564774;66.0547232357253
108.29;-105.8;104.00690108564774;66.0547232357253
108.06;-107.1714;104.00690108564774;66.0547232357253
107.85;-107.3714;104.00690108564774;66.0547232357253
107.43;-106.8857;104.00690108564774;66.0547232357253
106.81;-106.2;104.00690108564774;66.0547232357253
106.27;-106.2571;104.00690108564774;66.0547232357253
106.68;-106.4571;104.00690108564774;66.0547232357253
106.8;-106.6857;104.00690108564774;66.0547232357253
106.49;-105.7714;104.00690108564774;66.0547232357253
105.74;-105.7714;104.00690108564774;66.0547232357253
105.57;-104.7429;104.00690108564774;66.0547232357253
105.56;-104.8857;104.00690108564774;66.0547232357253
105.27;-104.8286;104.00690108564774;66.0547232357253
104.6;-105.0571;104.00690108564774;66.0547232357253
104.93;-103.4857;104.00690108564774;66.0547232357253
105.04;-103.9429;104.00690108564774;66.0547232357253
104.5;-104.5143;104.00690108564774;66.0547232357253
103.75;-103.8857;104.00690108564774;66.0547232357253
103.65;-104.6;104.00690108564774;66.0547232357253
103.75;-103.7429;104.00690108564774;66.0547232357253
103.99;-103.7429;104.00690108564774;66.0547232357253
103.74;-103.0571;104.00690108564774;66.0547232357253
103.31;-102.4;104.00690108564774;66.0547232357253
103.17;-101.6;104.00690108564774;66.0547232357253
103.03;-101.0;104.00690108564774;66.0547232357253
101.92;-101.2;104.00690108564774;66.0547232357253
101.93;-101.8286;104.00690108564774;66.0547232357253
102.12;-101.5429;104.00690108564774;66.0547232357253
102.06;-100.9429;104.00690108564774;66.0547232357253
101.78;-100.2;104.00690108564774;66.0547232357253
100.85;-101.0857;104.00690108564774;66.0547232357253
100.63;-100.7429;104.00690108564774;66.0547232357253
100.63;-99.6;104.00690108564774;66.0547232357253
100.81;-99.5714;104.00690108564774;66.0547232357253
100.8;-99.3714;104.00690108564774;66.0547232357253
100.45;-100.2286;104.00690108564774;66.0547232357253
100.51;-100.2286;104.00690108564774;66.0547232357253
100.2;-98.8286;104.00690108564774;66.0547232357253
99.62;-98.7429;104.00690108564774;66.0547232357253
99.34;-98.8571;104.00690108564774;66.0547232357253
99.04;-99.0;104.00690108564774;66.0547232357253
98.66;-98.9429;104.00690108564774;66.0547232357253
98.44;-97.8286;104.00690108564774;66.0547232357253
98.71;-98.2;104.00690108564774;66.0547232357253
98.57;-98.6571;104.00690108564774;66.0547232357253
98.78;-97.8857;104.00690108564774;66.0547232357253
97.84;-97.6857;104.00690108564774;66.0547232357253
97.62;-96.8857;104.00690108564774;66.0547232357253
97.77;-97.5143;104.00690108564774;66.0547232357253
97.96;-96.5429;104.00690108564774;66.0547232357253
97.74;-96.4857;104.00690108564774;66.0547232357253
97.55;-96.0286;104.00690108564774;66.0547232357253
97.26;-96.0857;104.00690108564774;66.0547232357253
96.63;-95.4286;104.00690108564774;66.0547232357253
96.24;-95.8286;104.00690108564774;66.0547232357253
95.66;-95.9714;104.00690108564774;66.0547232357253
95.63;-96.1429;104.00690108564774;66.0547232357253
95.94;-95.4571;104.00690108564774;66.0547232357253
95.27;-95.2;104.00690108564774;66.0547232357253
95.1;-95.4857;104.00690108564774;66.0547232357253
95.42;-94.3714;104.00690108564774;66.0547232357253
95.26;-94.2857;104.00690108564774;66.0547232357253
95.24;-93.6857;104.00690108564774;66.0547232357253
94.93;-93.8286;104.00690108564774;66.0547232357253
94.92;-93.6571;104.00690108564774;66.0547232357253
95.17;-93.5429;104.00690108564774;66.0547232357253
94.76;-93.7714;104.00690108564774;66.0547232357253
94.3;-93.4857;104.00690108564774;66.0547232357253
94.06;-93.3429;104.00690108564774;66.0547232357253
93.7;-93.3429;104.00690108564774;66.0547232357253
93.65;-93.1714;104.00690108564774;66.0547232357253
93.2;-92.7429;104.00690108564774;66.0547232357253
92.95;-93.2;104.00690108564774;66.0547232357253
92.85;-92.3429;104.00690108564774;66.0547232357253
92.42;-91.9429;104.00690108564774;66.0547232357253
92.26;-91.5714;104.00690108564774;66.0547232357253
92.21;-91.9429;104.00690108564774;66.0547232357253
92.0;-91.8571;104.00690108564774;66.0547232357253
91.75;-92.2857;104.00690108564774;66.0547232357253
91.56;-91.0857;104.00690108564774;66.0547232357253
91.65;-91.2857;104.00690108564774;66.0547232357253
91.52;-91.4;104.00690108564774;66.0547232357253
91.08;-90.8;104.00690108564774;66.0547232357253
90.54;-90.5143;104.00690108564774;66.0547232357253
90.4;-90.7143;104.00690108564774;66.0547232357253
90.47;-90.5143;104.00690108564774;66.0547232357253
90.52;-90.9429;104.00690108564774;66.0547232357253
89.43;-90.4;104.00690108564774;66.0547232357253
89.28;-90.6;104.00690108564774;66.0547232357253
88.96;-89.5429;104.00690108564774;66.0547232357253
89.02;-89.5143;104.00690108564774;66.0547232357253
88.93;-89.2286;104.00690108564774;66.0547232357253
88.8;-89.2857;104.00690108564774;66.0547232357253
88.52;-88.6571;104.00690108564774;66.0547232357253
88.39;-89.1143;104.00690108564774;66.0547232357253
88.37;-88.8571;104.00690108564774;66.0547232357253
88.26;-88.1143;104.00690108564774;66.0547232357253
87.95;-88.8857;104.00690108564774;66.0547232357253
87.48;-88.6;104.00690108564774;66.0547232357253
87.06;-88.2;104.00690108564774;66.0547232357253
86.97;-88.3429;104.00690108564774;66.0547232357253
87.12;-88.0286;104.00690108564774;66.0547232357253
86.84;-87.2286;104.00690108564774;66.0547232357253
87.04;-86.6;104.00690108564774;66.0547232357253
86.68;-86.6;104.00690108564774;66.0547232357253
86.3;-86.8286;104.00690108564774;66.0547232357253
86.17;-86.6571;104.00690108564774;66.0547232357253
85.86;-86.5714;104.00690108564774;66.0547232357253
85.69;-86.9143;104.00690108564774;66.0547232357253
85.59;-86.6571;104.00690108564774;66.0547232357253
85.48;-86.3143;104.00690108564774;66.0547232357253
85.47;-86.0;104.00690108564774;66.0547232357253
85.53;-85.7143;104.00690108564774;66.0547232357253
85.29;-86.0;104.00690108564774;66.0547232357253
85.07;-85.8286;104.00690108564774;66.0547232357253
85.02;-85.7143;104.00690108564774;66.0547232357253
84.94;-85.1429;104.00690108564774;66.0547232357253
84.67;-85.6286;104.00690108564774;66.0547232357253
84.68;-85.2857;104.00690108564774;66.0547232357253
84.43;-85.0286;104.00690108564774;66.0547232357253
83.92;-85.2857;104.00690108564774;66.0547232357253
83.97;-84.4857;104.00690108564774;66.0547232357253
83.84;-84.1714;104.00690108564774;66.0547232357253
83.91;-84.2571;104.00690108564774;66.0547232357253
83.67;-83.9143;104.00690108564774;66.0547232357253
83.48;-83.0;104.00690108564774;66.0547232357253
83.12;-83.0286;104.00690108564774;66.0547232357253
82.73;-83.4286;104.00690108564774;66.0547232357253
82.66;-83.6857;104.00690108564774;66.0547232357253
82.31;-83.0;104.00690108564774;66.0547232357253
82.07;-82.8286;104.00690108564774;66.0547232357253
82.04;-82.1143;104.00690108564774;66.0547232357253
82.21;-82.3143;104.00690108564774;66.0547232357253
81.62;-82.0857;104.00690108564774;66.0547232357253
81.63;-82.3143;104.00690108564774;66.0547232357253
81.45;-82.7143;104.00690108564774;66.0547232357253
81.41;-82.3143;104.00690108564774;66.0547232357253
81.36;-82.0286;104.00690108564774;66.0547232357253
81.07;-81.8571;104.00690108564774;66.0547232357253
80.92;-81.7143;104.00690108564774;66.0547232357253
81.04;-81.7714;104.00690108564774;66.0547232357253
81.08;-81.6;104.00690108564774;66.0547232357253
80.84;-82.1429;104.00690108564774;66.0547232357253
80.54;-81.1429;104.00690108564774;66.0547232357253
80.26;-80.7429;104.00690108564774;66.0547232357253
79.88;-80.2571;104.00690108564774;66.0547232357253
79.86;-80.2857;104.00690108564774;66.0547232357253
79.41;-80.6;104.00690108564774;66.0547232357253
79.24;-80.5429;104.00690108564774;66.0547232357253
79.41;-80.0;104.00690108564774;66.0547232357253
79.19;-80.1143;104.00690108564774;66.0547232357253
79.1;-79.6286;104.00690108564774;66.0547232357253
79.17;-79.3429;104.00690108564774;66.0547232357253
79.03;-78.9714;104.00690108564774;66.0547232357253
78.71;-78.3143;104.00690108564774;66.0547232357253
78.52;-78.6857;104.00690108564774;66.0547232357253
78.27;-79.6571;104.00690108564774;66.0547232357253
78.11;-78.5714;104.00690108564774;66.0547232357253
78.03;-78.2286;104.00690108564774;66.0547232357253
77.98;-78.6571;104.00690108564774;66.0547232357253
77.89;-78.7714;104.00690108564774;66.0547232357253
77.62;-78.2286;104.00690108564774;66.0547232357253
77.48;-78.6571;104.00690108564774;66.0547232357253
77.36;-78.3143;104.00690108564774;66.0547232357253
77.28;-77.6857;104.00690108564774;66.0547232357253
77.27;-77.4286;104.00690108564774;66.0547232357253
77.14;-77.5429;104.00690108564774;66.0547232357253
76.63;-77.4;104.00690108564774;66.0547232357253
76.5;-77.1429;104.00690108564774;66.0547232357253
76.18;-76.4571;104.00690108564774;66.0547232357253
76.08;-76.9143;104.00690108564774;66.0547232357253
76.13;-76.5143;104.00690108564774;66.0547232357253
76.3;-75.8;104.00690108564774;66.0547232357253
76.23;-76.0571;104.00690108564774;66.0547232357253
76.24;-75.7143;104.00690108564774;66.0547232357253
76.07;-75.2857;104.00690108564774;66.0547232357253
75.43;-75.2857;104.00690108564774;66.0547232357253
75.36;-75.7429;104.00690108564774;66.0547232357253
75.12;-75.6;104.00690108564774;66.0547232357253
74.75;-76.1429;104.00690108564774;66.0547232357253
74.6;-75.0571;104.00690108564774;66.0547232357253
74.49;-75.0571;104.00690108564774;66.0547232357253
74.51;-75.2571;104.00690108564774;66.0547232357253
74.49;-74.6286;104.00690108564774;66.0547232357253
74.38;-75.0286;104.00690108564774;66.0547232357253
74.35;-75.0286;104.00690108564774;66.0547232357253
74.4;-75.3429;104.00690108564774;66.0547232357253
73.42;-74.6286;104.00690108564774;66.0547232357253
73.13;-74.0;104.00690108564774;66.0547232357253
73.14;-74.3143;104.00690108564774;66.0547232357253
72.93;-74.2286;104.00690108564774;66.0547232357253
72.64;-73.7714;104.00690108564774;66.0547232357253
72.53;-74.2286;104.00690108564774;66.0547232357253
72.37;-74.0571;104.00690108564774;66.0547232357253
72.22;-73.2;104.00690108564774;66.0547232357253
71.84;-73.0;104.00690108564774;66.0547232357253
71.8;-72.8;104.00690108564774;66.0547232357253
71.85;-73.3714;104.00690108564774;66.0547232357253
71.89;-73.3714;104.00690108564774;66.0547232357253
71.61;-73.1143;104.00690108564774;66.0547232357253
71.41;-72.6571;104.00690108564774;66.0547232357253
71.29;-72.0571;104.00690108564774;66.0547232357253
71.39;-71.8857;104.00690108564774;66.0547232357253
71.2;-71.6286;104.00690108564774;66.0547232357253
70.94;-71.0571;104.00690108564774;66.0547232357253
70.86;-71.6571;104.00690108564774;66.0547232357253
70.76;-71.6286;104.00690108564774;66.0547232357253
70.57;-71.6857;104.00690108564774;66.0547232357253
70.37;-71.5429;104.00690108564774;66.0547232357253
70.43;-71.8;104.00690108564774;66.0547232357253
70.29;-71.4571;104.00690108564774;66.0547232357253
70.2;-71.3714;104.00690108564774;66.0547232357253
69.97;-70.9429;104.00690108564774;66.0547232357253
69.91;-71.1714;104.00690108564774;66.0547232357253
69.92;-71.0286;104.00690108564774;66.0547232357253
69.87;-70.9143;104.00690108564774;66.0547232357253
69.42;-70.2571;104.00690108564774;66.0547232357253
69.23;-70.0286;104.00690108564774;66.0547232357253
69.21;-69.7429;104.00690108564774;66.0547232357253
69.36;-69.8;104.00690108564774;66.0547232357253
68.99;-70.0857;104.00690108564774;66.0547232357253
68.95;-69.0857;104.00690108564774;66.0547232357253
68.7;-69.1143;104.00690108564774;66.0547232357253
68.39;-69.4;104.00690108564774;66.0547232357253
68.44;-69.5429;104.00690108564774;66.0547232357253
68.4;-68.8857;104.00690108564774;66.0547232357253
68.11;-69.2;104.00690108564774;66.0547232357253
67.9;-69.2286;104.00690108564774;66.0547232357253
67.57;-68.8;104.00690108564774;66.0547232357253
67.45;-68.8286;104.00690108564774;66.0547232357253
67.39;-69.0286;104.00690108564774;66.0547232357253
67.16;-68.6857;104.00690108564774;66.0547232357253
66.97;-68.0571;104.00690108564774;66.0547232357253
66.82;-68.1143;104.00690108564774;66.0547232357253
66.56;-68.1714;104.00690108564774;66.0547232357253
66.71;-67.8857;104.00690108564774;66.0547232357253
66.68;-67.3143;104.00690108564774;66.0547232357253
66.7;-67.7714;104.00690108564774;66.0547232357253
66.66;-67.4571;104.00690108564774;66.0547232357253
66.32;-67.7143;104.00690108564774;66.0547232357253
66.23;-67.6286;104.00690108564774;66.0547232357253
65.95;-67.1429;104.00690108564774;66.0547232357253
65.91;-66.6286;104.00690108564774;66.0547232357253
65.92;-67.2;104.00690108564774;66.0547232357253
65.82;-66.5143;104.00690108564774;66.0547232357253
65.86;-66.5143;104.00690108564774;66.0547232357253
65.69;-66.1714;104.00690108564774;66.0547232357253
65.47;-66.1143;104.00690108564774;66.0547232357253
65.4;-65.9429;104.00690108564774;66.0547232357253
65.32;-66.1143;104.00690108564774;66.0547232357253
65.11;-66.4286;104.00690108564774;66.0547232357253
64.97;-66.0286;104.00690108564774;66.0547232357253
64.96;-66.3429;104.00690108564774;66.0547232357253
64.75;-66.1429;104.00690108564774;66.0547232357253
64.51;-65.5143;104.00690108564774;66.0547232357253
64.38;-65.2857;104.00690108564774;66.0547232357253
64.38;-64.9429;104.00690108564774;66.0547232357253
64.28;-64.9429;104.00690108564774;66.0547232357253
64.17;-64.6857;104.00690108564774;66.0547232357253
63.88;-64.9429;104.00690108564774;66.0547232357253
63.87;-64.4;104.00690108564774;66.0547232357253
63.85;-64.0571;104.00690108564774;66.0547232357253
63.63;-64.2286;104.00690108564774;66.0547232357253
63.46;-63.7714;104.00690108564774;66.0547232357253
63.49;-63.7429;104.00690108564774;66.0547232357253
63.36;-64.0571;104.00690108564774;66.0547232357253
63.05;-64.1429;104.00690108564774;66.0547232357253
63.05;-63.9429;104.00690108564774;66.0547232357253
62.92;-63.6286;104.00690108564774;66.0547232357253
62.79;-63.3429;104.00690108564774;66.0547232357253
62.8;-63.4286;104.00690108564774;66.0547232357253
62.63;-63.7429;104.00690108564774;66.0547232357253
62.45;-63.3143;104.00690108564774;66.0547232357253
62.36;-63.4857;104.00690108564774;66.0547232357253
62.27;-63.5429;104.00690108564774;66.0547232357253
62.16;-62.9143;104.00690108564774;66.0547232357253
62.15;-63.1143;104.00690108564774;66.0547232357253
62.04;-63.0571;104.00690108564774;66.0547232357253
61.77;-62.9429;104.00690108564774;66.0547232357253
61.6;-62.6571;104.00690108564774;66.0547232357253
61.56;-62.7429;104.00690108564774;66.0547232357253
61.45;-62.1429;104.00690108564774;66.0547232357253
61.36;-62.2571;104.00690108564774;66.0547232357253
61.22;-62.2;104.00690108564774;66.0547232357253
61.01;-61.8;104.00690108564774;66.0547232357253
61.1;-62.0;104.00690108564774;66.0547232357253
61.18;-61.2286;104.00690108564774;66.0547232357253
60.32;-61.4571;104.00690108564774;66.0547232357253
60.22;-62.2571;104.00690108564774;66.0547232357253
60.24;-61.8;104.00690108564774;66.0547232357253
60.13;-61.0857;104.00690108564774;66.0547232357253
59.83;-61.3143;104.00690108564774;66.0547232357253
59.51;-61.0857;104.00690108564774;66.0547232357253
59.61;-61.0857;104.00690108564774;66.0547232357253
59.54;-61.1143;104.00690108564774;66.0547232357253
59.63;-60.9429;104.00690108564774;66.0547232357253
59.51;-61.0857;104.00690108564774;66.0547232357253
59.39;-60.8571;104.00690108564774;66.0547232357253
59.16;-60.7143;104.00690108564774;66.0547232357253
59.12;-60.7143;104.00690108564774;66.0547232357253
59.06;-60.1429;104.00690108564774;66.0547232357253
59.08;-60.0857;104.00690108564774;66.0547232357253
58.95;-59.9714;104.00690108564774;66.0547232357253
58.54;-59.8857;104.00690108564774;66.0547232357253
58.29;-60.2;104.00690108564774;66.0547232357253
58.33;-60.2;104.00690108564774;66.0547232357253
58.21;-59.4286;104.00690108564774;66.0547232357253
58.11;-59.6857;104.00690108564774;66.0547232357253
58.12;-59.3714;104.00690108564774;66.0547232357253
57.9;-59.1429;104.00690108564774;66.0547232357253
57.75;-59.3714;104.00690108564774;66.0547232357253
57.55;-58.7143;104.00690108564774;66.0547232357253
57.53;-58.7429;104.00690108564774;66.0547232357253
57.31;-59.0;104.00690108564774;66.0547232357253
57.35;-58.6571;104.00690108564774;66.0547232357253
57.37;-58.8857;104.00690108564774;66.0547232357253
57.19;-58.8571;104.00690108564774;66.0547232357253
57.08;-58.6571;104.00690108564774;66.0547232357253
56.8;-58.5714;104.00690108564774;66.0547232357253
56.56;-58.2286;104.00690108564774;66.0547232357253
56.45;-58.2286;104.00690108564774;66.0547232357253
56.34;-57.8857;104.00690108564774;66.0547232357253
56.29;-57.8857;104.00690108564774;66.0547232357253
56.22;-57.5714;104.00690108564774;66.0547232357253
56.15;-57.2286;104.00690108564774;66.0547232357253
56.05;-57.7143;104.00690108564774;66.0547232357253
56.07;-57.6286;104.00690108564774;66.0547232357253
56.07;-57.4571;104.00690108564774;66.0547232357253
55.94;-57.3429;104.00690108564774;66.0547232357253
55.72;-56.7429;104.00690108564774;66.0547232357253
55.5;-57.0286;104.00690108564774;66.0547232357253
55.35;-56.9143;104.00690108564774;66.0547232357253
55.12;-57.1714;104.00690108564774;66.0547232357253
55.07;-57.1143;104.00690108564774;66.0547232357253
54.98;-56.6857;104.00690108564774;66.0547232357253
54.93;-56.2857;104.00690108564774;66.0547232357253
54.88;-56.0286;104.00690108564774;66.0547232357253
54.71;-56.1429;104.00690108564774;66.0547232357253
54.81;-56.2571;104.00690108564774;66.0547232357253
54.71;-56.0857;104.00690108564774;66.0547232357253
54.69;-56.3429;104.00690108564774;66.0547232357253
54.55;-55.5429;104.00690108564774;66.0547232357253
54.39;-55.6286;104.00690108564774;66.0547232357253
54.39;-55.5429;104.00690108564774;66.0547232357253
54.15;-55.0857;104.00690108564774;66.0547232357253
54.06;-55.3143;104.00690108564774;66.0547232357253
54.01;-55.0571;104.00690108564774;66.0547232357253
53.8;-55.8;104.00690108564774;66.0547232357253
53.76;-55.1714;104.00690108564774;66.0547232357253
53.57;-55.0571;104.00690108564774;66.0547232357253
53.4;-54.6571;104.00690108564774;66.0547232357253
53.3;-54.6571;104.00690108564774;66.0547232357253
53.25;-54.5143;104.00690108564774;66.0547232357253
53.16;-54.3143;104.00690108564774;66.0547232357253
53.07;-54.5143;104.00690108564774;66.0547232357253
53.01;-54.0571;104.00690108564774;66.0547232357253
52.77;-54.2286;104.00690108564774;66.0547232357253
52.58;-54.0286;104.00690108564774;66.0547232357253
52.58;-54.1714;104.00690108564774;66.0547232357253
52.57;-54.4571;104.00690108564774;66.0547232357253
52.49;-53.9714;104.00690108564774;66.0547232357253
52.39;-53.9429;104.00690108564774;66.0547232357253
52.37;-53.2286;104.00690108564774;66.0547232357253
52.32;-53.2286;104.00690108564774;66.0547232357253
52.16;-53.1714;104.00690108564774;66.0547232357253
52.07;-53.1143;104.00690108564774;66.0547232357253
51.91;-53.2571;104.00690108564774;66.0547232357253
51.67;-52.9429;104.00690108564774;66.0547232357253
51.42;-53.2857;104.00690108564774;66.0547232357253
51.46;-52.8571;104.00690108564774;66.0547232357253
51.31;-52.9429;104.00690108564774;66.0547232357253
51.42;-52.5143;104.00690108564774;66.0547232357253
51.25;-52.7143;104.00690108564774;66.0547232357253
51.2;-52.8571;104.00690108564774;66.0547232357253
51.24;-52.6571;104.00690108564774;66.0547232357253
51.05;-52.6;104.00690108564774;66.0547232357253
50.8;-52.1714;104.00690108564774;66.0547232357253
50.75;-52.2857;104.00690108564774;66.0547232357253
50.58;-52.0857;104.00690108564774;66.0547232357253
50.51;-52.1143;104.00690108564774;66.0547232357253
50.44;-52.0;104.00690108564774;66.0547232357253
50.34;-51.9429;104.00690108564774;66.0547232357253
50.15;-51.8857;104.00690108564774;66.0547232357253
50.1;-51.4857;104.00690108564774;66.0547232357253
49.93;-51.4;104.00690108564774;66.0547232357253
49.92;-51.6;104.00690108564774;66.0547232357253
49.89;-51.5714;104.00690108564774;66.0547232357253
49.7;-51.1143;104.00690108564774;66.0547232357253
49.54;-51.1429;104.00690108564774;66.0547232357253
49.4;-50.9429;104.00690108564774;66.0547232357253
49.16;-51.1143;104.00690108564774;66.0547232357253
49.15;-50.6286;104.00690108564774;66.0547232357253
49.06;-50.9429;104.00690108564774;66.0547232357253
49.04;-50.6571;104.00690108564774;66.0547232357253
48.96;-50.5714;104.00690108564774;66.0547232357253
48.75;-50.5714;104.00690108564774;66.0547232357253
48.75;-50.4857;104.00690108564774;66.0547232357253
48.69;-50.4286;104.00690108564774;66.0547232357253
48.61;-50.3714;104.00690108564774;66.0547232357253
48.37;-50.2571;104.00690108564774;66.0547232357253
48.01;-50.0;104.00690108564774;66.0547232357253
48.1;-49.9143;104.00690108564774;66.0547232357253
48.03;-49.4857;104.00690108564774;66.0547232357253
47.91;-49.5714;104.00690108564774;66.0547232357253
47.77;-49.5429;104.00690108564774;66.0547232357253
47.76;-49.8;104.00690108564774;66.0547232357253
47.74;-49.4857;104.00690108564774;66.0547232357253
47.69;-49.3714;104.00690108564774;66.0547232357253
47.62;-49.2571;104.00690108564774;66.0547232357253
47.47;-49.4;104.00690108564774;66.0547232357253
47.32;-49.3143;104.00690108564774;66.0547232357253
47.39;-49.2;104.00690108564774;66.0547232357253
47.38;-49.0;104.00690108564774;66.0547232357253
47.4;-48.9143;104.00690108564774;66.0547232357253
47.28;-48.8;104.00690108564774;66.0547232357253
47.25;-48.7714;104.00690108564774;66.0547232357253
46.91;-48.3714;104.00690108564774;66.0547232357253
46.84;-48.2571;104.00690108564774;66.0547232357253
46.57;-48.3714;104.00690108564774;66.0547232357253
46.63;-48.2;104.00690108564774;66.0547232357253
46.61;-48.3429;104.00690108564774;66.0547232357253
46.67;-48.2571;104.00690108564774;66.0547232357253
46.66;-48.2857;104.00690108564774;66.0547232357253
46.3;-47.9429;104.00690108564774;66.0547232357253
46.17;-47.9429;104.00690108564774;66.0547232357253
46.02;-47.8571;104.00690108564774;66.0547232357253
45.89;-47.8286;104.00690108564774;66.0547232357253
45.91;-47.4;104.00690108564774;66.0547232357253
45.69;-47.5429;104.00690108564774;66.0547232357253
45.65;-47.4857;104.00690108564774;66.0547232357253
45.64;-47.3143;104.00690108564774;66.0547232357253
45.49;-47.0571;104.00690108564774;66.0547232357253
45.27;-47.2571;104.00690108564774;66.0547232357253
45.08;-47.0857;104.00690108564774;66.0547232357253
45.0;-46.8286;104.00690108564774;66.0547232357253
44.96;-46.6857;104.00690108564774;66.0547232357253
45.0;-46.6286;104.00690108564774;66.0547232357253
44.89;-46.6571;104.00690108564774;66.0547232357253
44.84;-46.6286;104.00690108564774;66.0547232357253
44.71;-46.3714;104.00690108564774;66.0547232357253
44.6;-46.4;104.00690108564774;66.0547232357253
44.47;-46.2571;104.00690108564774;66.0547232357253
44.45;-46.3714;104.00690108564774;66.0547232357253
44.25;-46.1429;104.00690108564774;66.0547232357253
44.21;-46.2;104.00690108564774;66.0547232357253
44.04;-46.0857;104.00690108564774;66.0547232357253
44.01;-45.9143;104.00690108564774;66.0547232357253
43.96;-46.0286;104.00690108564774;66.0547232357253
43.89;-46.1143;104.00690108564774;66.0547232357253
43.91;-45.9714;104.00690108564774;66.0547232357253
43.84;-45.7143;104.00690108564774;66.0547232357253
43.75;-45.9143;104.00690108564774;66.0547232357253
43.51;-45.6571;104.00690108564774;66.0547232357253
43.3;-45.5714;104.00690108564774;66.0547232357253
43.15;-45.3143;104.00690108564774;66.0547232357253
43.06;-45.2857;104.00690108564774;66.0547232357253
42.97;-45.0;104.00690108564774;66.0547232357253
42.87;-45.0857;104.00690108564774;66.0547232357253
42.87;-44.8571;104.00690108564774;66.0547232357253
42.9;-44.8286;104.00690108564774;66.0547232357253
42.93;-44.6857;104.00690108564774;66.0547232357253
42.75;-44.7714;104.00690108564774;66.0547232357253
42.62;-44.7143;104.00690108564774;66.0547232357253
42.55;-44.6857;104.00690108564774;66.0547232357253
42.56;-44.2286;104.00690108564774;66.0547232357253
42.35;-44.4571;104.00690108564774;66.0547232357253
42.29;-44.2571;104.00690108564774;66.0547232357253
42.24;-44.0286;104.00690108564774;66.0547232357253
42.15;-43.8;104.00690108564774;66.0547232357253
42.27;-43.8857;104.00690108564774;66.0547232357253
42.17;-43.7143;104.00690108564774;66.0547232357253
42.09;-43.7143;104.00690108564774;66.0547232357253
42.0;-43.4571;104.00690108564774;66.0547232357253
41.95;-43.4857;104.00690108564774;66.0547232357253
41.91;-43.5429;104.00690108564774;66.0547232357253
41.72;-43.3714;104.00690108564774;66.0547232357253
41.62;-43.4857;104.00690108564774;66.0547232357253
41.36;-43.2;104.00690108564774;66.0547232357253
41.23;-43.2;104.00690108564774;66.0547232357253
41.14;-42.8;104.00690108564774;66.0547232357253
41.15;-42.8857;104.00690108564774;66.0547232357253
41.05;-42.6286;104.00690108564774;66.0547232357253
41.02;-42.9429;104.00690108564774;66.0547232357253
40.88;-42.7714;104.00690108564774;66.0547232357253
40.8;-42.5429;104.00690108564774;66.0547232357253
40.75;-42.4857;104.00690108564774;66.0547232357253
40.59;-42.2571;104.00690108564774;66.0547232357253
40.12;-42.1714;104.00690108564774;66.0547232357253
40.19;-42.0286;104.00690108564774;66.0547232357253
40.13;-42.1143;104.00690108564774;66.0547232357253
39.98;-41.7143;104.00690108564774;66.0547232357253
39.84;-41.7429;104.00690108564774;66.0547232357253
39.65;-41.5714;104.00690108564774;66.0547232357253
39.61;-41.5143;104.00690108564774;66.0547232357253
39.51;-41.3714;104.00690108564774;66.0547232357253
39.37;-41.5143;104.00690108564774;66.0547232357253
39.29;-41.7143;104.00690108564774;66.0547232357253
39.3;-41.4857;104.00690108564774;66.0547232357253
39.35;-41.4857;104.00690108564774;66.0547232357253
39.26;-41.2286;104.00690108564774;66.0547232357253
39.17;-41.0286;104.00690108564774;66.0547232357253
39.09;-40.8857;104.00690108564774;66.0547232357253
38.91;-40.9143;104.00690108564774;66.0547232357253
38.9;-40.8571;104.00690108564774;66.0547232357253
38.79;-40.7429;104.00690108564774;66.0547232357253
38.75;-40.8286;104.00690108564774;66.0547232357253
38.66;-40.6;104.00690108564774;66.0547232357253
38.52;-40.8571;104.00690108564774;66.0547232357253
38.42;-40.6571;104.00690108564774;66.0547232357253
38.34;-40.4;104.00690108564774;66.0547232357253
38.3;-40.2857;104.00690108564774;66.0547232357253
38.21;-40.2286;104.00690108564774;66.0547232357253
38.06;-40.2286;104.00690108564774;66.0547232357253
37.9;-40.2;104.00690108564774;66.0547232357253
37.93;-40.0857;104.00690108564774;66.0547232357253
38.1;-39.7714;104.00690108564774;66.0547232357253
37.87;-39.8857;104.00690108564774;66.0547232357253
37.72;-39.6286;104.00690108564774;66.0547232357253
37.7;-39.6286;104.00690108564774;66.0547232357253
37.58;-39.6571;104.00690108564774;66.0547232357253
37.64;-39.3714;104.00690108564774;66.0547232357253
37.59;-39.5143;104.00690108564774;66.0547232357253
37.43;-39.2286;104.00690108564774;66.0547232357253
37.33;-39.1429;104.00690108564774;66.0547232357253
37.27;-38.8857;104.00690108564774;66.0547232357253
37.24;-38.8857;104.00690108564774;66.0547232357253
37.15;-38.8857;104.00690108564774;66.0547232357253
36.99;-38.8857;104.00690108564774;66.0547232357253
36.81;-38.8857;104.00690108564774;66.0547232357253
36.91;-38.8286;104.00690108564774;66.0547232357253
36.66;-38.6571;104.00690108564774;66.0547232357253
36.65;-38.4571;104.00690108564774;66.0547232357253
36.6;-38.3714;104.00690108564774;66.0547232357253
36.51;-38.1714;104.00690108564774;66.0547232357253
36.5;-38.0286;104.00690108564774;66.0547232357253
36.28;-38.1429;104.00690108564774;66.0547232357253
36.18;-38.1143;104.00690108564774;66.0547232357253
36.17;-38.0857;104.00690108564774;66.0547232357253
36.07;-38.0857;104.00690108564774;66.0547232357253
35.95;-38.0571;104.00690108564774;66.0547232357253
35.82;-38.0571;104.00690108564774;66.0547232357253
35.86;-38.0;104.00690108564774;66.0547232357253
35.76;-37.9143;104.00690108564774;66.0547232357253
35.7;-37.7429;104.00690108564774;66.0547232357253
35.59;-37.7429;104.00690108564774;66.0547232357253
35.6;-37.6857;104.00690108564774;66.0547232357253
35.48;-37.6286;104.00690108564774;66.0547232357253
35.29;-37.4571;104.00690108564774;66.0547232357253
35.19;-37.3429;104.00690108564774;66.0547232357253
35.05;-37.3714;104.00690108564774;66.0547232357253
35.03;-37.0857;104.00690108564774;66.0547232357253
34.97;-36.9429;104.00690108564774;66.0547232357253
35.02;-36.9429;104.00690108564774;66.0547232357253
35.05;-36.7429;104.00690108564774;66.0547232357253
34.87;-36.8857;104.00690108564774;66.0547232357253
34.74;-36.7714;104.00690108564774;66.0547232357253
34.65;-36.6571;104.00690108564774;66.0547232357253
34.51;-36.4857;104.00690108564774;66.0547232357253
34.39;-36.3714;104.00690108564774;66.0547232357253
34.41;-36.4857;104.00690108564774;66.0547232357253
34.41;-36.3714;104.00690108564774;66.0547232357253
34.27;-36.2857;104.00690108564774;66.0547232357253
34.13;-36.3429;104.00690108564774;66.0547232357253
33.97;-36.1429;104.00690108564774;66.0547232357253
33.91;-36.0286;104.00690108564774;66.0547232357253
33.82;-36.0286;104.00690108564774;66.0547232357253
33.84;-35.8286;104.00690108564774;66.0547232357253
33.84;-35.7143;104.00690108564774;66.0547232357253
33.68;-35.7714;104.00690108564774;66.0547232357253
33.57;-35.6857;104.00690108564774;66.0547232357253
33.39;-35.7429;104.00690108564774;66.0547232357253
33.32;-35.4571;104.00690108564774;66.0547232357253
33.33;-35.3714;104.00690108564774;66.0547232357253
33.29;-35.2;104.00690108564774;66.0547232357253
33.19;-35.2;104.00690108564774;66.0547232357253
33.16;-35.1143;104.00690108564774;66.0547232357253
33.0;-35.0857;104.00690108564774;66.0547232357253
33.04;-35.0571;104.00690108564774;66.0547232357253
33.02;-34.8571;104.00690108564774;66.0547232357253
32.85;-34.6857;104.00690108564774;66.0547232357253
32.74;-34.8286;104.00690108564774;66.0547232357253
32.54;-34.6571;104.00690108564774;66.0547232357253
32.45;-34.5714;104.00690108564774;66.0547232357253
32.31;-34.5714;104.00690108564774;66.0547232357253
32.26;-34.6286;104.00690108564774;66.0547232357253
32.08;-34.6286;104.00690108564774;66.0547232357253
32.03;-34.5143;104.00690108564774;66.0547232357253
31.76;-34.3714;104.00690108564774;66.0547232357253
31.73;-34.1714;104.00690108564774;66.0547232357253
31.74;-34.0;104.00690108564774;66.0547232357253
31.71;-33.8857;104.00690108564774;66.0547232357253
31.61;-34.0857;104.00690108564774;66.0547232357253
31.33;-33.8857;104.00690108564774;66.0547232357253
31.19;-33.9143;104.00690108564774;66.0547232357253
31.12;-33.7143;104.00690108564774;66.0547232357253
30.99;-33.6286;104.00690108564774;66.0547232357253
31.09;-33.5429;104.00690108564774;66.0547232357253
31.2;-33.3429;104.00690108564774;66.0547232357253
31.22;-33.3143;104.00690108564774;66.0547232357253
31.19;-33.2286;104.00690108564774;66.0547232357253
31.11;-33.1714;104.00690108564774;66.0547232357253
31.01;-33.1429;104.00690108564774;66.0547232357253
30.98;-32.9429;104.00690108564774;66.0547232357253
30.99;-32.9429;104.00690108564774;66.0547232357253
30.74;-32.9429;104.00690108564774;66.0547232357253
30.6;-32.8571;104.00690108564774;66.0547232357253
30.59;-32.8857;104.00690108564774;66.0547232357253
30.43;-32.8286;104.00690108564774;66.0547232357253
30.27;-32.5714;104.00690108564774;66.0547232357253
30.23;-32.4286;104.00690108564774;66.0547232357253
30.2;-32.4571;104.00690108564774;66.0547232357253
30.19;-32.3714;104.00690108564774;66.0547232357253
30.03;-32.2857;104.00690108564774;66.0547232357253
29.91;-32.2857;104.00690108564774;66.0547232357253
29.83;-32.1714;104.00690108564774;66.0547232357253
29.78;-32.1429;104.00690108564774;66.0547232357253
29.79;-31.9429;104.00690108564774;66.0547232357253
29.76;-31.8857;104.00690108564774;66.0547232357253
29.62;-31.8857;104.00690108564774;66.0547232357253
29.47;-31.8857;104.00690108564774;66.0547232357253
29.49;-31.8286;104.00690108564774;66.0547232357253
29.43;-31.5714;104.00690108564774;66.0547232357253
29.4;-31.5714;104.00690108564774;66.0547232357253
29.21;-31.4857;104.00690108564774;66.0547232357253
29.12;-31.5429;104.00690108564774;66.0547232357253
29.2;-31.2857;104.00690108564774;66.0547232357253
29.12;-31.2857;104.00690108564774;66.0547232357253
28.99;-31.1714;104.00690108564774;66.0547232357253
28.92;-31.0286;104.00690108564774;66.0547232357253
28.81;-31.1143;104.00690108564774;66.0547232357253
28.72;-30.9429;104.00690108564774;66.0547232357253
28.78;-30.8857;104.00690108564774;66.0547232357253
28.78;-30.7143;104.00690108564774;66.0547232357253
28.68;-30.6286;104.00690108564774;66.0547232357253
28.64;-30.6286;104.00690108564774;66.0547232357253
28.53;-30.6;104.00690108564774;66.0547232357253
28.38;-30.4;104.00690108564774;66.0547232357253
28.32;-30.3429;104.00690108564774;66.0547232357253
28.17;-30.1714;104.00690108564774;66.0547232357253
28.18;-30.2286;104.00690108564774;66.0547232357253
28.21;-30.2286;104.00690108564774;66.0547232357253
28.15;-30.1429;104.00690108564774;66.0547232357253
28.09;-30.1714;104.00690108564774;66.0547232357253
28.01;-30.1714;104.00690108564774;66.0547232357253
27.89;-30.1143;104.00690108564774;66.0547232357253
27.86;-30.0857;104.00690108564774;66.0547232357253
27.91;-30.0;104.00690108564774;66.0547232357253
27.8;-29.8571;104.00690108564774;66.0547232357253
27.62;-29.7143;104.00690108564774;66.0547232357253
27.55;-29.6;104.00690108564774;66.0547232357253
27.48;-29.6;104.00690108564774;66.0547232357253
27.38;-29.4;104.00690108564774;66.0547232357253
27.32;-29.4;104.00690108564774;66.0547232357253
27.3;-29.3714;104.00690108564774;66.0547232357253
27.24;-29.2;104.00690108564774;66.0547232357253
27.22;-29.0286;104.00690108564774;66.0547232357253
27.27;-29.0571;104.00690108564774;66.0547232357253
27.04;-28.8286;104.00690108564774;66.0547232357253
27.05;-28.9429;104.00690108564774;66.0547232357253
26.97;-28.8286;104.00690108564774;66.0547232357253
26.87;-28.7429;104.00690108564774;66.0547232357253
26.75;-28.6857;104.00690108564774;66.0547232357253
26.7;-28.5714;104.00690108564774;66.0547232357253
26.64;-28.4;104.00690108564774;66.0547232357253
26.55;-28.2571;104.00690108564774;66.0547232357253
26.47;-28.3714;104.00690108564774;66.0547232357253
26.36;-28.2571;104.00690108564774;66.0547232357253
26.36;-28.2;104.00690108564774;66.0547232357253
26.23;-28.1143;104.00690108564774;66.0547232357253
26.18;-28.0;104.00690108564774;66.0547232357253
26.05;-28.0;104.00690108564774;66.0547232357253
25.99;-27.9714;104.00690108564774;66.0547232357253
25.83;-27.8;104.00690108564774;66.0547232357253
25.83;-27.7429;104.00690108564774;66.0547232357253
25.73;-27.6857;104.00690108564774;66.0547232357253
25.75;-27.7429;104.00690108564774;66.0547232357253
25.7;-27.6857;104.00690108564774;66.0547232357253
25.69;-27.6286;104.00690108564774;66.0547232357253
25.55;-27.5143;104.00690108564774;66.0547232357253
25.41;-27.4571;104.00690108564774;66.0547232357253
25.39;-27.3714;104.00690108564774;66.0547232357253
25.38;-27.2857;104.00690108564774;66.0547232357253
25.36;-27.2;104.00690108564774;66.0547232357253
25.23;-27.1429;104.00690108564774;66.0547232357253
25.1;-27.1429;104.00690108564774;66.0547232357253
25.09;-26.9714;104.00690108564774;66.0547232357253
25.16;-26.8286;104.00690108564774;66.0547232357253
24.65;-26.8286;104.00690108564774;66.0547232357253
24.49;-26.7143;104.00690108564774;66.0547232357253
24.51;-26.7143;104.00690108564774;66.0547232357253
24.4;-26.6857;104.00690108564774;66.0547232357253
24.35;-26.5429;104.00690108564774;66.0547232357253
24.29;-26.4;104.00690108564774;66.0547232357253
24.17;-26.2857;104.00690108564774;66.0547232357253
24.06;-26.3429;104.00690108564774;66.0547232357253
24.03;-26.2286;104.00690108564774;66.0547232357253
23.96;-26.2286;104.00690108564774;66.0547232357253
24.01;-26.2286;104.00690108564774;66.0547232357253
23.93;-26.1143;104.00690108564774;66.0547232357253
23.94;-26.0857;104.00690108564774;66.0547232357253
23.81;-26.0857;104.00690108564774;66.0547232357253
23.75;-25.9714;104.00690108564774;66.0547232357253
23.74;-25.8857;104.00690108564774;66.0547232357253
23.64;-25.8286;104.00690108564774;66.0547232357253
23.55;-25.7714;104.00690108564774;66.0547232357253
23.52;-25.6;104.00690108564774;66.0547232357253
23.4;-25.5143;104.00690108564774;66.0547232357253
23.38;-25.6571;104.00690108564774;66.0547232357253
23.39;-25.5429;104.00690108564774;66.0547232357253
23.38;-25.4857;104.00690108564774;66.0547232357253
23.29;-25.4;104.00690108564774;66.0547232357253
23.22;-25.3143;104.00690108564774;66.0547232357253
23.16;-25.0857;104.00690108564774;66.0547232357253
23.1;-24.9429;104.00690108564774;66.0547232357253
23.02;-24.9714;104.00690108564774;66.0547232357253
22.9;-24.8857;104.00690108564774;66.0547232357253
22.77;-24.9143;104.00690108564774;66.0547232357253
22.69;-24.7429;104.00690108564774;66.0547232357253
22.53;-24.6;104.00690108564774;66.0547232357253
22.53;-24.7143;104.00690108564774;66.0547232357253
22.47;-24.7429;104.00690108564774;66.0547232357253
22.33;-24.6571;104.00690108564774;66.0547232357253
22.31;-24.5143;104.00690108564774;66.0547232357253
22.32;-24.4;104.00690108564774;66.0547232357253
22.27;-24.4;104.00690108564774;66.0547232357253
22.15;-24.4286;104.00690108564774;66.0547232357253
22.08;-24.2857;104.00690108564774;66.0547232357253
21.94;-24.2571;104.00690108564774;66.0547232357253
21.89;-24.1429;104.00690108564774;66.0547232357253
21.89;-24.2286;104.00690108564774;66.0547232357253
21.84;-24.1714;104.00690108564774;66.0547232357253
21.8;-24.1429;104.00690108564774;66.0547232357253
21.76;-23.9714;104.00690108564774;66.0547232357253
21.74;-23.9429;104.00690108564774;66.0547232357253
21.71;-23.7429;104.00690108564774;66.0547232357253
21.64;-23.6286;104.00690108564774;66.0547232357253
21.55;-23.4571;104.00690108564774;66.0547232357253
21.44;-23.4857;104.00690108564774;66.0547232357253
21.33;-23.4286;104.00690108564774;66.0547232357253
21.28;-23.4286;104.00690108564774;66.0547232357253
21.21;-23.1714;104.00690108564774;66.0547232357253
21.19;-23.0286;104.00690108564774;66.0547232357253
21.14;-23.0857;104.00690108564774;66.0547232357253
21.01;-23.0571;104.00690108564774;66.0547232357253
20.99;-23.1143;104.00690108564774;66.0547232357253
20.85;-23.2;104.00690108564774;66.0547232357253
20.76;-23.0571;104.00690108564774;66.0547232357253
20.69;-23.0286;104.00690108564774;66.0547232357253
20.61;-22.9143;104.00690108564774;66.0547232357253
20.54;-22.8286;104.00690108564774;66.0547232357253
20.5;-22.7429;104.00690108564774;66.0547232357253
20.48;-22.6286;104.00690108564774;66.0547232357253
20.48;-22.6;104.00690108564774;66.0547232357253
20.5;-22.6;104.00690108564774;66.0547232357253
20.37;-22.4286;104.00690108564774;66.0547232357253
20.29;-22.4857;104.00690108564774;66.0547232357253
20.19;-22.4286;104.00690108564774;66.0547232357253
20.18;-22.4286;104.00690108564774;66.0547232357253
20.09;-22.3143;104.00690108564774;66.0547232357253
19.98;-22.2286;104.00690108564774;66.0547232357253
19.91;-22.1429;104.00690108564774;66.0547232357253
19.9;-22.1714;104.00690108564774;66.0547232357253
19.84;-21.9714;104.00690108564774;66.0547232357253
19.79;-21.8857;104.00690108564774;66.0547232357253
19.76;-21.8286;104.00690108564774;66.0547232357253
19.68;-21.7429;104.00690108564774;66.0547232357253
19.61;-21.7714;104.00690108564774;66.0547232357253
19.49;-21.6286;104.00690108564774;66.0547232357253
19.36;-21.5143;104.00690108564774;66.0547232357253
19.36;-21.4571;104.00690108564774;66.0547232357253
19.33;-21.4;104.00690108564774;66.0547232357253
19.26;-21.4;104.00690108564774;66.0547232357253
19.23;-21.2857;104.00690108564774;66.0547232357253
19.19;-21.2286;104.00690108564774;66.0547232357253
19.15;-21.1143;104.00690108564774;66.0547232357253
19.15;-21.1143;104.00690108564774;66.0547232357253
19.06;-21.0;104.00690108564774;66.0547232357253
18.95;-21.0286;104.00690108564774;66.0547232357253
18.92;-20.8857;104.00690108564774;66.0547232357253
18.93;-20.9143;104.00690108564774;66.0547232357253
18.83;-20.8857;104.00690108564774;66.0547232357253
18.76;-20.8857;104.00690108564774;66.0547232357253
18.7;-20.8286;104.00690108564774;66.0547232357253
18.62;-20.7429;104.00690108564774;66.0547232357253
18.44;-20.7143;104.00690108564774;66.0547232357253
18.5;-20.6286;104.00690108564774;66.0547232357253
18.4;-20.5143;104.00690108564774;66.0547232357253
18.12;-20.4286;104.00690108564774;66.0547232357253
18.05;-20.2857;104.00690108564774;66.0547232357253
17.96;-20.2571;104.00690108564774;66.0547232357253
17.79;-20.1429;104.00690108564774;66.0547232357253
17.68;-20.1429;104.00690108564774;66.0547232357253
17.64;-20.1143;104.00690108564774;66.0547232357253
17.59;-20.0286;104.00690108564774;66.0547232357253
17.54;-19.8857;104.00690108564774;66.0547232357253
17.45;-19.8286;104.00690108564774;66.0547232357253
17.45;-19.8571;104.00690108564774;66.0547232357253
17.35;-19.7429;104.00690108564774;66.0547232357253
17.32;-19.6857;104.00690108564774;66.0547232357253
17.3;-19.6857;104.00690108564774;66.0547232357253
17.16;-19.6;104.00690108564774;66.0547232357253
17.17;-19.6;104.00690108564774;66.0547232357253
17.11;-19.4286;104.00690108564774;66.0547232357253
17.01;-19.4571;104.00690108564774;66.0547232357253
17.03;-19.3714;104.00690108564774;66.0547232357253
16.96;-19.4;104.00690108564774;66.0547232357253
16.86;-19.2;104.00690108564774;66.0547232357253
16.81;-19.2286;104.00690108564774;66.0547232357253
16.72;-19.1429;104.00690108564774;66.0547232357253
16.67;-19.1714;104.00690108564774;66.0547232357253
16.58;-19.0571;104.00690108564774;66.0547232357253
16.51;-18.9429;104.00690108564774;66.0547232357253
16.49;-18.9143;104.00690108564774;66.0547232357253
16.42;-18.8857;104.00690108564774;66.0547232357253
16.33;-18.7714;104.00690108564774;66.0547232357253
16.3;-18.7429;104.00690108564774;66.0547232357253
16.17;-18.6286;104.00690108564774;66.0547232357253
16.2;-18.6;104.00690108564774;66.0547232357253
16.09;-18.6;104.00690108564774;66.0547232357253
16.11;-18.5143;104.00690108564774;66.0547232357253
15.95;-18.4571;104.00690108564774;66.0547232357253
15.96;-18.4286;104.00690108564774;66.0547232357253
15.87;-18.4;104.00690108564774;66.0547232357253
15.88;-18.3714;104.00690108564774;66.0547232357253
15.71;-18.2571;104.00690108564774;66.0547232357253
15.64;-18.2;104.00690108564774;66.0547232357253
15.64;-18.2857;104.00690108564774;66.0547232357253
15.56;-18.2;104.00690108564774;66.0547232357253
15.62;-18.0571;104.00690108564774;66.0547232357253
15.47;-17.9714;104.00690108564774;66.0547232357253
15.43;-17.8857;104.00690108564774;66.0547232357253
15.44;-17.8286;104.00690108564774;66.0547232357253
15.33;-17.7714;104.00690108564774;66.0547232357253
15.3;-17.6571;104.00690108564774;66.0547232357253
15.21;-17.6;104.00690108564774;66.0547232357253
15.22;-17.6;104.00690108564774;66.0547232357253
15.14;-17.5143;104.00690108564774;66.0547232357253
15.07;-17.5143;104.00690108564774;66.0547232357253
15.1;-17.4571;104.00690108564774;66.0547232357253
14.99;-17.3429;104.00690108564774;66.0547232357253
14.93;-17.2286;104.00690108564774;66.0547232357253
14.97;-17.1429;104.00690108564774;66.0547232357253
14.82;-17.0286;104.00690108564774;66.0547232357253
14.78;-16.9429;104.00690108564774;66.0547232357253
14.77;-16.9143;104.00690108564774;66.0547232357253
14.68;-16.8286;104.00690108564774;66.0547232357253
14.59;-16.7714;104.00690108564774;66.0547232357253
14.6;-16.6857;104.00690108564774;66.0547232357253
14.49;-16.6857;104.00690108564774;66.0547232357253
14.47;-16.6857;104.00690108564774;66.0547232357253
14.43;-16.5714;104.00690108564774;66.0547232357253
14.4;-16.4857;104.00690108564774;66.0547232357253
14.33;-16.4857;104.00690108564774;66.0547232357253
14.2;-16.4286;104.00690108564774;66.0547232357253
14.24;-16.4857;104.00690108564774;66.0547232357253
14.2;-16.3429;104.00690108564774;66.0547232357253
14.15;-16.2571;104.00690108564774;66.0547232357253
14.08;-16.2286;104.00690108564774;66.0547232357253
13.97;-16.1714;104.00690108564774;66.0547232357253
13.97;-16.1143;104.00690108564774;66.0547232357253
13.95;-16.0286;104.00690108564774;66.0547232357253
13.92;-15.9143;104.00690108564774;66.0547232357253
13.8;-15.8571;104.00690108564774;66.0547232357253
13.72;-15.8286;104.00690108564774;66.0547232357253
13.7;-15.7429;104.00690108564774;66.0547232357253
13.65;-15.7143;104.00690108564774;66.0547232357253
13.61;-15.6286;104.00690108564774;66.0547232357253
13.6;-15.5714;104.00690108564774;66.0547232357253
13.5;-15.4857;104.00690108564774;66.0547232357253
13.41;-15.5143;104.00690108564774;66.0547232357253
13.35;-15.3714;104.00690108564774;66.0547232357253
13.29;-15.4;104.00690108564774;66.0547232357253
13.23;-15.2571;104.00690108564774;66.0547232357253
13.17;-15.1714;104.00690108564774;66.0547232357253
13.13;-15.1714;104.00690108564774;66.0547232357253
13.02;-15.0571;104.00690108564774;66.0547232357253
12.98;-15.0571;104.00690108564774;66.0547232357253
12.95;-14.8857;104.00690108564774;66.0547232357253
12.93;-14.9143;104.00690108564774;66.0547232357253
12.88;-14.9143;104.00690108564774;66.0547232357253
12.82;-14.9143;104.00690108564774;66.0547232357253
12.78;-14.7429;104.00690108564774;66.0547232357253
12.74;-14.7714;104.00690108564774;66.0547232357253
12.74;-14.6857;104.00690108564774;66.0547232357253
12.71;-14.6571;104.00690108564774;66.0547232357253
12.67;-14.5714;104.00690108564774;66.0547232357253
12.61;-14.6;104.00690108564774;66.0547232357253
12.3;-14.4857;104.00690108564774;66.0547232357253
12.23;-14.4857;104.00690108564774;66.0547232357253
12.16;-14.3714;104.00690108564774;66.0547232357253
12.13;-14.3429;104.00690108564774;66.0547232357253
12.08;-14.3143;104.00690108564774;66.0547232357253
12.06;-14.3143;104.00690108564774;66.0547232357253
11.99;-14.2;104.00690108564774;66.0547232357253
11.91;-14.2286;104.00690108564774;66.0547232357253
11.84;-14.1714;104.00690108564774;66.0547232357253
11.8;-14.1429;104.00690108564774;66.0547232357253
11.73;-14.0571;104.00690108564774;66.0547232357253
11.68;-13.9429;104.00690108564774;66.0547232357253
11.64;-13.9143;104.00690108564774;66.0547232357253
11.56;-13.8286;104.00690108564774;66.0547232357253
11.52;-13.8;104.00690108564774;66.0547232357253
11.48;-13.7714;104.00690108564774;66.0547232357253
11.42;-13.6571;104.00690108564774;66.0547232357253
11.35;-13.7143;104.00690108564774;66.0547232357253
11.35;-13.5714;104.00690108564774;66.0547232357253
11.26;-13.6286;104.00690108564774;66.0547232357253
11.18;-13.5143;104.00690108564774;66.0547232357253
11.16;-13.5429;104.00690108564774;66.0547232357253
11.1;-13.4571;104.00690108564774;66.0547232357253
11.03;-13.4;104.00690108564774;66.0547232357253
11.0;-13.3714;104.00690108564774;66.0547232357253
10.98;-13.4;104.00690108564774;66.0547232357253
10.94;-13.2;104.00690108564774;66.0547232357253
10.87;-13.1714;104.00690108564774;66.0547232357253
10.84;-13.0857;104.00690108564774;66.0547232357253
10.81;-13.0857;104.00690108564774;66.0547232357253
10.75;-13.0286;104.00690108564774;66.0547232357253
10.69;-13.0286;104.00690108564774;66.0547232357253
10.66;-12.9429;104.00690108564774;66.0547232357253
10.6;-12.8571;104.00690108564774;66.0547232357253
10.54;-12.8;104.00690108564774;66.0547232357253
10.51;-12.6857;104.00690108564774;66.0547232357253
10.45;-12.6286;104.00690108564774;66.0547232357253
10.41;-12.5429;104.00690108564774;66.0547232357253
10.39;-12.6;104.00690108564774;66.0547232357253
10.34;-12.4857;104.00690108564774;66.0547232357253
10.29;-12.4571;104.00690108564774;66.0547232357253
10.29;-12.4;104.00690108564774;66.0547232357253
10.23;-12.3429;104.00690108564774;66.0547232357253
10.16;-12.3429;104.00690108564774;66.0547232357253
10.15;-12.2857;104.00690108564774;66.0547232357253
10.08;-12.2571;104.00690108564774;66.0547232357253
10.04;-12.2;104.00690108564774;66.0547232357253
10.0;-12.1429;104.00690108564774;66.0547232357253
9.95;-12.1143;104.00690108564774;66.0547232357253
9.9;-12.0857;104.00690108564774;66.0547232357253
9.82;-12.0;104.00690108564774;66.0547232357253
9.77;-11.9714;104.00690108564774;66.0547232357253
9.71;-11.9714;104.00690108564774;66.0547232357253
9.67;-11.8571;104.00690108564774;66.0547232357253
9.63;-11.8;104.00690108564774;66.0547232357253
9.57;-11.7714;104.00690108564774;66.0547232357253
9.53;-11.6286;104.00690108564774;66.0547232357253
9.53;-11.6;104.00690108564774;66.0547232357253
9.48;-11.5429;104.00690108564774;66.0547232357253
9.45;-11.5429;104.00690108564774;66.0547232357253
9.41;-11.5429;104.00690108564774;66.0547232357253
9.4;-11.4;104.00690108564774;66.0547232357253
9.37;-11.3429;104.00690108564774;66.0547232357253
9.3;-11.3429;104.00690108564774;66.0547232357253
9.27;-11.2857;104.00690108564774;66.0547232357253
9.21;-11.2;104.00690108564774;66.0547232357253
9.17;-11.1429;104.00690108564774;66.0547232357253
9.13;-11.0571;104.00690108564774;66.0547232357253
9.05;-11.0286;104.00690108564774;66.0547232357253
9.02;-10.9714;104.00690108564774;66.0547232357253
8.97;-10.9429;104.00690108564774;66.0547232357253
9.0;-10.8571;104.00690108564774;66.0547232357253
8.91;-10.8286;104.00690108564774;66.0547232357253
8.86;-10.8;104.00690108564774;66.0547232357253
8.83;-10.7429;104.00690108564774;66.0547232357253
8.77;-10.7143;104.00690108564774;66.0547232357253
8.74;-10.6286;104.00690108564774;66.0547232357253
8.68;-10.6;104.00690108564774;66.0547232357253
8.63;-10.5429;104.00690108564774;66.0547232357253
8.62;-10.4857;104.00690108564774;66.0547232357253
8.59;-10.4857;104.00690108564774;66.0547232357253
8.54;-10.3714;104.00690108564774;66.0547232357253
8.51;-10.3714;104.00690108564774;66.0547232357253
8.47;-10.3429;104.00690108564774;66.0547232357253
8.43;-10.3143;104.00690108564774;66.0547232357253
8.38;-10.2571;104.00690108564774;66.0547232357253
8.33;-10.2;104.00690108564774;66.0547232357253
8.26;-10.1143;104.00690108564774;66.0547232357253
8.21;-10.0857;104.00690108564774;66.0547232357253
8.17;-10.0286;104.00690108564774;66.0547232357253
8.1;-10.0;104.00690108564774;66.0547232357253
8.09;-9.9429;104.00690108564774;66.0547232357253
8.06;-9.9714;104.00690108564774;66.0547232357253
8.02;-9.9143;104.00690108564774;66.0547232357253
7.97;-9.8857;104.00690108564774;66.0547232357253
7.95;-9.8286;104.00690108564774;66.0547232357253
7.92;-9.8;104.00690108564774;66.0547232357253
7.87;-9.7143;104.00690108564774;66.0547232357253
7.82;-9.6857;104.00690108564774;66.0547232357253
7.8;-9.6857;104.00690108564774;66.0547232357253
7.56;-9.6571;104.00690108564774;66.0547232357253
7.54;-9.5429;104.00690108564774;66.0547232357253
7.51;-9.5429;104.00690108564774;66.0547232357253
7.48;-9.4857;104.00690108564774;66.0547232357253
7.45;-9.4286;104.00690108564774;66.0547232357253
7.41;-9.4;104.00690108564774;66.0547232357253
7.37;-9.2571;104.00690108564774;66.0547232357253
7.32;-9.1714;104.00690108564774;66.0547232357253
7.29;-9.2;104.00690108564774;66.0547232357253
7.24;-9.2;104.00690108564774;66.0547232357253
7.21;-9.1714;104.00690108564774;66.0547232357253
7.15;-9.0857;104.00690108564774;66.0547232357253
7.12;-9.0571;104.00690108564774;66.0547232357253
7.07;-9.0571;104.00690108564774;66.0547232357253
7.03;-9.0;104.00690108564774;66.0547232357253
6.99;-9.0286;104.00690108564774;66.0547232357253
6.97;-8.9714;104.00690108564774;66.0547232357253
6.9;-8.9429;104.00690108564774;66.0547232357253
6.83;-8.8571;104.00690108564774;66.0547232357253
6.82;-8.8286;104.00690108564774;66.0547232357253
6.77;-8.8;104.00690108564774;66.0547232357253
6.75;-8.7429;104.00690108564774;66.0547232357253
6.7;-8.6857;104.00690108564774;66.0547232357253
6.66;-8.6286;104.00690108564774;66.0547232357253
6.65;-8.5429;104.00690108564774;66.0547232357253
6.62;-8.5429;104.00690108564774;66.0547232357253
6.55;-8.5429;104.00690108564774;66.0547232357253
6.53;-8.5143;104.00690108564774;66.0547232357253
6.49;-8.4857;104.00690108564774;66.0547232357253
6.44;-8.4;104.00690108564774;66.0547232357253
6.38;-8.3714;104.00690108564774;66.0547232357253
6.34;-8.3429;104.00690108564774;66.0547232357253
6.3;-8.2857;104.00690108564774;66.0547232357253
6.26;-8.2571;104.00690108564774;66.0547232357253
6.21;-8.2;104.00690108564774;66.0547232357253
6.18;-8.1714;104.00690108564774;66.0547232357253
6.14;-8.1143;104.00690108564774;66.0547232357253
6.1;-8.0571;104.00690108564774;66.0547232357253
6.06;-8.0286;104.00690108564774;66.0547232357253
6.03;-8.0286;104.00690108564774;66.0547232357253
5.97;-7.9429;104.00690108564774;66.0547232357253
5.95;-7.8857;104.00690108564774;66.0547232357253
5.92;-7.8857;104.00690108564774;66.0547232357253
5.9;-7.7714;104.00690108564774;66.0547232357253
5.86;-7.7143;104.00690108564774;66.0547232357253
5.82;-7.7143;104.00690108564774;66.0547232357253
5.79;-7.6857;104.00690108564774;66.0547232357253
5.75;-7.6571;104.00690108564774;66.0547232357253
5.71;-7.6571;104.00690108564774;66.0547232357253
5.65;-7.6;104.00690108564774;66.0547232357253
5.6;-7.6;104.00690108564774;66.0547232357253
5.57;-7.5143;104.00690108564774;66.0547232357253
5.51;-7.4857;104.00690108564774;66.0547232357253
5.49;-7.4571;104.00690108564774;66.0547232357253
5.47;-7.4571;104.00690108564774;66.0547232357253
5.43;-7.3429;104.00690108564774;66.0547232357253
5.39;-7.3143;104.00690108564774;66.0547232357253
5.35;-7.2857;104.00690108564774;66.0547232357253
5.32;-7.2286;104.00690108564774;66.0547232357253
5.29;-7.1714;104.00690108564774;66.0547232357253
5.26;-7.1714;104.00690108564774;66.0547232357253
5.22;-7.1714;104.00690108564774;66.0547232357253
5.19;-7.1429;104.00690108564774;66.0547232357253
5.15;-7.1143;104.00690108564774;66.0547232357253
5.11;-7.0571;104.00690108564774;66.0547232357253
5.08;-6.9714;104.00690108564774;66.0547232357253
5.04;-6.9143;104.00690108564774;66.0547232357253
4.99;-6.8857;104.00690108564774;66.0547232357253
4.97;-6.8571;104.00690108564774;66.0547232357253
4.93;-6.8286;104.00690108564774;66.0547232357253
4.9;-6.8286;104.00690108564774;66.0547232357253
4.86;-6.7714;104.00690108564774;66.0547232357253
4.82;-6.7143;104.00690108564774;66.0547232357253
4.78;-6.6286;104.00690108564774;66.0547232357253
4.69;-6.6571;104.00690108564774;66.0547232357253
4.69;-6.5714;104.00690108564774;66.0547232357253
4.66;-6.5143;104.00690108564774;66.0547232357253
4.62;-6.4857;104.00690108564774;66.0547232357253
4.57;-6.4;104.00690108564774;66.0547232357253
4.54;-6.4286;104.00690108564774;66.0547232357253
4.49;-6.4;104.00690108564774;66.0547232357253
4.47;-6.3714;104.00690108564774;66.0547232357253
4.43;-6.3429;104.00690108564774;66.0547232357253
4.39;-6.3143;104.00690108564774;66.0547232357253
4.34;-6.2857;104.00690108564774;66.0547232357253
4.28;-6.2571;104.00690108564774;66.0547232357253
4.24;-6.1714;104.00690108564774;66.0547232357253
4.18;-6.1714;104.00690108564774;66.0547232357253
4.13;-6.0857;104.00690108564774;66.0547232357253
4.05;-6.0286;104.00690108564774;66.0547232357253
3.98;-5.9714;104.00690108564774;66.0547232357253
3.9;-5.9714;104.00690108564774;66.0547232357253
3.82;-5.9429;104.00690108564774;66.0547232357253
3.72;-5.8571;104.00690108564774;66.0547232357253
3.61;-5.8857;104.00690108564774;66.0547232357253
3.46;-5.7714;104.00690108564774;66.0547232357253
3.35;-5.7714;104.00690108564774;66.0547232357253
3.18;-5.6857;104.00690108564774;66.0547232357253
3.01;-5.6857;104.00690108564774;66.0547232357253
2.83;-5.6857;104.00690108564774;66.0547232357253
1.45;-5.6286;104.00690108564774;66.0547232357253
1.09;-5.6286;104.00690108564774;66.0547232357253
0.74;-5.5714;104.00690108564774;66.0547232357253
0.45;-5.5429;104.00690108564774;66.0547232357253
0.38;-5.4857;104.00690108564774;66.0547232357253
0.62;-5.4857;104.00690108564774;66.0547232357253
1.08;-5.4286;104.00690108564774;66.0547232357253
1.6;-5.3714;104.00690108564774;66.0547232357253
2.19;-5.3714;104.00690108564774;66.0547232357253
2.83;-5.2571;104.00690108564774;66.0547232357253
3.57;-5.2571;104.00690108564774;66.0547232357253
4.34;-5.2;104.00690108564774;66.0547232357253
5.15;-5.2;104.00690108564774;66.0547232357253
5.94;-5.1714;104.00690108564774;66.0547232357253
6.69;-5.1429;104.00690108564774;66.0547232357253
7.45;-5.0286;104.00690108564774;66.0547232357253
8.2;-5.0571;104.00690108564774;66.0547232357253
8.98;-5.0286;104.00690108564774;66.0547232357253
9.79;-4.9714;104.00690108564774;66.0547232357253
10.56;-4.9714;104.00690108564774;66.0547232357253
11.36;-4.9429;104.00690108564774;66.0547232357253
12.17;-4.8857;104.00690108564774;66.0547232357253
13.1;-4.8286;104.00690108564774;66.0547232357253
14.09;-4.8;104.00690108564774;66.0547232357253
15.05;-4.8;104.00690108564774;66.0547232357253
15.92;-4.7714;104.00690108564774;66.0547232357253
16.85;-4.7143;104.00690108564774;66.0547232357253
17.76;-4.7143;104.00690108564774;66.0547232357253
18.62;-4.6571;104.00690108564774;66.0547232357253
19.58;-4.6286;104.00690108564774;66.0547232357253
20.48;-4.6;104.00690108564774;66.0547232357253
21.4;-4.5714;104.00690108564774;66.0547232357253
22.36;-4.4571;104.00690108564774;66.0547232357253
23.26;-4.4286;104.00690108564774;66.0547232357253
24.24;-4.4286;104.00690108564774;66.0547232357253
25.32;-4.4;104.00690108564774;66.0547232357253
26.19;-4.3429;104.00690108564774;66.0547232357253
27.16;-4.2571;104.00690108564774;66.0547232357253
28.08;-4.2286;104.00690108564774;66.0547232357253
28.93;-4.2286;104.00690108564774;66.0547232357253
29.76;-4.2286;104.00690108564774;66.0547232357253
30.59;-4.2;104.00690108564774;66.0547232357253
31.44;-4.0286;104.00690108564774;66.0547232357253
32.3;-4.0571;104.00690108564774;66.0547232357253
33.22;-4.0;104.00690108564774;66.0547232357253
33.98;-3.9429;104.00690108564774;66.0547232357253
34.92;-3.8571;104.00690108564774;66.0547232357253
35.8;-3.8286;104.00690108564774;66.0547232357253
36.56;-3.7429;104.00690108564774;66.0547232357253
37.28;-3.6857;104.00690108564774;66.0547232357253
38.03;-3.6;104.00690108564774;66.0547232357253
38.84;-3.4857;104.00690108564774;66.0547232357253
39.53;-3.3714;104.00690108564774;66.0547232357253
40.24;-3.2571;104.00690108564774;66.0547232357253
40.95;-3.1143;104.00690108564774;66.0547232357253
41.68;-2.9429;104.00690108564774;66.0547232357253
42.44;-2.7714;104.00690108564774;66.0547232357253
43.15;-2.5143;104.00690108564774;66.0547232357253
43.72;-2.3143;104.00690108564774;66.0547232357253
44.61;-2.0857;104.00690108564774;66.0547232357253
45.25;-1.7143;104.00690108564774;66.0547232357253
45.99;-1.2571;104.00690108564774;66.0547232357253
46.72;-0.7714;104.00690108564774;66.0547232357253
47.59;-0.1714;104.00690108564774;66.0547232357253
48.14;0.5429;104.00690108564774;66.0547232357253
49.03;0.9714;104.00690108564774;66.0547232357253
49.88;1.5714;104.00690108564774;66.0547232357253
50.73;2.1429;104.00690108564774;66.0547232357253
51.15;2.5143;104.00690108564774;66.0547232357253
51.68;2.9143;104.00690108564774;66.0547232357253
52.37;3.3429;104.00690108564774;66.0547232357253
52.82;3.7143;104.00690108564774;66.0547232357253
53.37;4.1714;104.00690108564774;66.0547232357253
54.06;4.7143;104.00690108564774;66.0547232357253
54.7;5.2857;104.00690108564774;66.0547232357253
55.57;5.8286;104.00690108564774;66.0547232357253
56.3;6.4286;104.00690108564774;66.0547232357253
56.6;7.1429;104.00690108564774;66.0547232357253
56.94;7.7714;104.00690108564774;66.0547232357253
57.47;8.4857;104.00690108564774;66.0547232357253
57.62;9.2286;104.00690108564774;66.0547232357253
58.21;9.9429;104.00690108564774;66.0547232357253
59.09;10.7429;104.00690108564774;66.0547232357253
59.79;11.6;104.00690108564774;66.0547232357253
60.21;12.4;104.00690108564774;66.0547232357253
60.87;13.2857;104.00690108564774;66.0547232357253
61.73;14.0857;104.00690108564774;66.0547232357253
62.56;15.0;104.00690108564774;66.0547232357253
63.21;15.8571;104.00690108564774;66.0547232357253
63.89;16.6857;104.00690108564774;66.0547232357253
64.54;17.6;104.00690108564774;66.0547232357253
64.93;18.4571;104.00690108564774;66.0547232357253
65.6;19.2286;104.00690108564774;66.0547232357253
66.04;20.1143;104.00690108564774;66.0547232357253
66.55;20.9429;104.00690108564774;66.0547232357253
66.99;21.7714;104.00690108564774;66.0547232357253
67.63;22.6571;104.00690108564774;66.0547232357253
67.81;23.4286;104.00690108564774;66.0547232357253
67.87;24.4;104.00690108564774;66.0547232357253
68.19;25.2571;104.00690108564774;66.0547232357253
70.99;25.9714;104.00690108564774;66.0547232357253
71.73;26.8857;104.00690108564774;66.0547232357253
72.56;27.7143;104.00690108564774;66.0547232357253
73.41;28.4286;104.00690108564774;66.0547232357253
74.22;29.2857;104.00690108564774;66.0547232357253
74.61;30.1714;104.00690108564774;66.0547232357253
74.81;30.8857;104.00690108564774;66.0547232357253
74.73;31.7429;104.00690108564774;66.0547232357253
75.34;32.4286;104.00690108564774;66.0547232357253
76.26;33.3143;104.00690108564774;66.0547232357253
76.64;34.0;104.00690108564774;66.0547232357253
77.25;34.9143;104.00690108564774;66.0547232357253
76.7;35.6;104.00690108564774;66.0547232357253
77.01;36.0286;104.00690108564774;66.0547232357253
77.96;36.9143;104.00690108564774;66.0547232357253
78.21;37.6;104.00690108564774;66.0547232357253
78.83;38.3714;104.00690108564774;66.0547232357253
79.46;39.1429;104.00690108564774;66.0547232357253
79.78;39.6286;104.00690108564774;66.0547232357253
80.99;40.4571;104.00690108564774;66.0547232357253
81.9;41.1429;104.00690108564774;66.0547232357253
81.92;41.8857;104.00690108564774;66.0547232357253
81.8;42.5429;104.00690108564774;66.0547232357253
82.03;43.4286;104.00690108564774;66.0547232357253
82.25;44.2571;104.00690108564774;66.0547232357253
82.62;44.7143;104.00690108564774;66.0547232357253
82.7;45.3714;104.00690108564774;66.0547232357253
83.59;46.0857;104.00690108564774;66.0547232357253
83.6;46.7143;104.00690108564774;66.0547232357253
83.96;47.6857;104.00690108564774;66.0547232357253
84.21;48.3714;104.00690108564774;66.0547232357253
85.84;49.1429;104.00690108564774;66.0547232357253
86.89;49.3714;104.00690108564774;66.0547232357253
87.56;50.3143;104.00690108564774;66.0547232357253
88.37;51.2;104.00690108564774;66.0547232357253
89.04;51.6571;104.00690108564774;66.0547232357253
89.68;52.4286;104.00690108564774;66.0547232357253
90.4;52.9143;104.00690108564774;66.0547232357253
90.84;54.1429;104.00690108564774;66.0547232357253
91.25;54.4857;104.00690108564774;66.0547232357253
91.75;55.1143;104.00690108564774;66.0547232357253
91.97;54.4;104.00690108564774;66.0547232357253
92.18;55.0286;104.00690108564774;66.0547232357253
92.46;55.7429;104.00690108564774;66.0547232357253
92.76;55.5143;104.00690108564774;66.0547232357253
93.34;57.0857;104.00690108564774;66.0547232357253
93.73;57.1429;104.00690108564774;66.0547232357253
94.08;57.7714;104.00690108564774;66.0547232357253
94.48;58.3714;104.00690108564774;66.0547232357253
94.83;59.7143;104.00690108564774;66.0547232357253
95.3;61.1714;104.00690108564774;66.0547232357253
95.95;62.2;104.00690108564774;66.0547232357253
96.44;62.7429;104.00690108564774;66.0547232357253
96.73;63.4;104.00690108564774;66.0547232357253
97.33;64.1714;104.00690108564774;66.0547232357253
97.69;64.3429;104.00690108564774;66.0547232357253
97.95;64.9714;104.00690108564774;66.0547232357253
98.14;65.3143;104.00690108564774;66.0547232357253
98.08;65.9714;104.00690108564774;66.0547232357253
98.16;66.7429;104.00690108564774;66.0547232357253
98.69;66.7429;104.00690108564774;66.0547232357253
98.84;66.8286;104.00690108564774;66.0547232357253
99.59;66.3714;104.00690108564774;66.0547232357253
100.34;67.3429;104.00690108564774;66.0547232357253
100.79;67.6857;104.00690108564774;66.0547232357253
101.44;68.0286;104.00690108564774;66.0547232357253
102.02;69.3714;104.00690108564774;66.0547232357253
102.14;70.2286;104.00690108564774;66.0547232357253
102.49;71.0286;104.00690108564774;66.0547232357253
102.44;71.2;104.00690108564774;66.0547232357253
102.5;72.5714;104.00690108564774;66.0547232357253
102.99;73.5714;104.00690108564774;66.0547232357253
103.25;73.7429;104.00690108564774;66.0547232357253
103.43;74.0286;104.00690108564774;66.0547232357253
104.07;73.5143;104.00690108564774;66.0547232357253
105.02;73.3143;104.00690108564774;66.0547232357253
105.05;74.7714;104.00690108564774;66.0547232357253
105.17;75.8571;104.00690108564774;66.0547232357253
105.28;76.2857;104.00690108564774;66.0547232357253
105.82;76.6286;104.00690108564774;66.0547232357253
106.19;75.6857;104.00690108564774;66.0547232357253
106.77;76.8571;104.00690108564774;66.0547232357253
106.92;77.2;104.00690108564774;66.0547232357253
107.44;77.4571;104.00690108564774;66.0547232357253
107.97;78.9143;104.00690108564774;66.0547232357253
108.52;79.3714;104.00690108564774;66.0547232357253
108.95;79.2286;104.00690108564774;66.0547232357253
108.89;81.2857;104.00690108564774;66.0547232357253
109.37;81.5714;104.00690108564774;66.0547232357253
109.6;81.0857;104.00690108564774;66.0547232357253
110.38;81.0286;104.00690108564774;66.0547232357253
110.39;80.7143;104.00690108564774;66.0547232357253
109.93;80.6286;104.00690108564774;66.0547232357253
110.39;81.8857;104.00690108564774;66.0547232357253
110.73;82.4571;104.00690108564774;66.0547232357253
111.24;85.1714;104.00690108564774;66.0547232357253
112.11;82.5714;104.00690108564774;66.0547232357253
112.5;84.6857;104.00690108564774;66.0547232357253
113.18;83.1143;104.00690108564774;66.0547232357253
112.86;85.9429;104.00690108564774;66.0547232357253
113.74;87.2857;104.00690108564774;66.0547232357253
113.75;87.9143;104.00690108564774;66.0547232357253
114.46;88.5429;104.00690108564774;66.0547232357253
114.3;89.1714;104.00690108564774;66.0547232357253
114.34;89.5429;104.00690108564774;66.0547232357253
115.43;88.9429;104.00690108564774;66.0547232357253
115.77;90.2857;104.00690108564774;66.0547232357253
115.3;90.5429;104.00690108564774;66.0547232357253
115.4;90.0571;104.00690108564774;66.0547232357253
116.0;91.0857;104.00690108564774;66.0547232357253
116.77;91.2286;104.00690108564774;66.0547232357253
117.0;90.8857;104.00690108564774;66.0547232357253
117.01;91.8286;104.00690108564774;66.0547232357253
117.21;92.8857;104.00690108564774;66.0547232357253
117.23;92.4286;104.00690108564774;66.0547232357253
117.64;93.6;104.00690108564774;66.0547232357253
117.83;94.5714;104.00690108564774;66.0547232357253
118.19;93.7714;104.00690108564774;66.0547232357253
119.16;94.4857;104.00690108564774;66.0547232357253
119.47;94.9429;104.00690108564774;66.0547232357253
119.23;95.4571;104.00690108564774;66.0547232357253
119.25;95.6;104.00690108564774;66.0547232357253
119.54;95.8;104.00690108564774;66.0547232357253
120.09;95.9429;104.00690108564774;66.0547232357253
120.35;95.8286;104.00690108564774;66.0547232357253
120.24;96.5429;104.00690108564774;66.0547232357253
120.0;97.2;104.00690108564774;66.0547232357253
121.0;97.4857;104.00690108564774;66.0547232357253
120.97;97.1429;104.00690108564774;66.0547232357253
120.7;98.1143;104.00690108564774;66.0547232357253
120.65;99.2286;104.00690108564774;66.0547232357253
120.89;99.0;104.00690108564774;66.0547232357253
121.29;99.6286;104.00690108564774;66.0547232357253
121.83;100.3714;104.00690108564774;66.0547232357253
121.82;101.6286;104.00690108564774;66.0547232357253
122.21;100.9714;104.00690108564774;66.0547232357253
122.42;101.0857;104.00690108564774;66.0547232357253
122.1;101.2;104.00690108564774;66.0547232357253
122.65;101.6571;104.00690108564774;66.0547232357253
122.52;101.6286;104.00690108564774;66.0547232357253
123.6;102.2857;104.00690108564774;66.0547232357253
124.05;102.7714;104.00690108564774;66.0547232357253
124.79;103.8857;104.00690108564774;66.0547232357253
124.5;104.4;104.00690108564774;66.0547232357253
124.23;105.0286;104.00690108564774;66.0547232357253
124.37;104.3143;104.00690108564774;66.0547232357253
124.7;104.8286;104.00690108564774;66.0547232357253
125.18;104.5714;104.00690108564774;66.0547232357253
124.68;104.2857;104.00690108564774;66.0547232357253
124.66;104.6571;104.00690108564774;66.0547232357253
125.3;105.2;104.00690108564774;66.0547232357253
125.82;106.6571;104.00690108564774;66.0547232357253
125.91;107.6;104.00690108564774;66.0547232357253
126.11;108.9714;104.00690108564774;66.0547232357253
126.18;108.2857;104.00690108564774;66.0547232357253
125.97;108.5429;104.00690108564774;66.0547232357253
126.57;109.3143;104.00690108564774;66.0547232357253
127.34;108.4;104.00690108564774;66.0547232357253
127.04;109.3143;104.00690108564774;66.0547232357253
126.85;109.7143;104.00690108564774;66.0547232357253
127.91;109.7143;104.00690108564774;66.0547232357253
128.05;111.4;104.00690108564774;66.0547232357253
127.65;110.7714;104.00690108564774;66.0547232357253
127.56;111.2286;104.00690108564774;66.0547232357253
127.09;111.8;104.00690108564774;66.0547232357253
127.11;110.9429;104.00690108564774;66.0547232357253
126.97;112.0286;104.00690108564774;66.0547232357253
126.8;113.0857;104.00690108564774;66.0547232357253
127.3;112.5714;104.00690108564774;66.0547232357253
128.03;112.2857;104.00690108564774;66.0547232357253
128.74;114.3714;104.00690108564774;66.0547232357253
129.34;114.7714;104.00690108564774;66.0547232357253
129.39;114.3429;104.00690108564774;66.0547232357253
128.92;114.7143;104.00690108564774;66.0547232357253
128.73;114.1714;104.00690108564774;66.0547232357253
129.19;114.6;104.00690108564774;66.0547232357253
130.44;114.4;104.00690108564774;66.0547232357253
130.6;116.0571;104.00690108564774;66.0547232357253
130.77;115.5714;104.00690108564774;66.0547232357253
131.27;115.8857;104.00690108564774;66.0547232357253
131.08;115.3429;104.00690108564774;66.0547232357253
130.59;116.6;104.00690108564774;66.0547232357253
131.59;117.2857;104.00690108564774;66.0547232357253
131.37;116.9714;104.00690108564774;66.0547232357253
131.59;116.9143;104.00690108564774;66.0547232357253
132.18;116.3143;104.00690108564774;66.0547232357253
131.75;118.2857;104.00690108564774;66.0547232357253
132.05;118.4857;104.00690108564774;66.0547232357253
131.72;118.4;104.00690108564774;66.0547232357253
132.46;118.3429;104.00690108564774;66.0547232357253
132.66;118.6;104.00690108564774;66.0547232357253
133.05;117.2857;104.00690108564774;66.0547232357253
134.29;118.6571;104.00690108564774;66.0547232357253
133.91;118.9429;104.00690108564774;66.0547232357253
133.2;119.0;104.00690108564774;66.0547232357253
133.45;119.3714;104.00690108564774;66.0547232357253
133.7;120.0286;104.00690108564774;66.0547232357253
133.99;120.8286;104.00690108564774;66.0547232357253
134.69;121.0286;104.00690108564774;66.0547232357253
134.16;121.0;104.00690108564774;66.0547232357253
135.82;121.1714;104.00690108564774;66.0547232357253
135.63;121.0857;104.00690108564774;66.0547232357253
135.11;120.3429;104.00690108564774;66.0547232357253
135.34;120.5714;104.00690108564774;66.0547232357253
135.24;120.8286;104.00690108564774;66.0547232357253
135.89;121.2286;104.00690108564774;66.0547232357253
136.06;121.7714;104.00690108564774;66.0547232357253
136.42;122.5429;104.00690108564774;66.0547232357253
136.64;121.9143;104.00690108564774;66.0547232357253
136.35;122.0286;104.00690108564774;66.0547232357253
136.53;123.0;104.00690108564774;66.0547232357253
136.26;123.1429;104.00690108564774;66.0547232357253
136.27;123.7714;104.00690108564774;66.0547232357253
137.07;123.4;104.00690108564774;66.0547232357253
138.06;124.4;104.00690108564774;66.0547232357253
138.2;124.2;104.00690108564774;66.0547232357253
137.67;124.7714;104.00690108564774;66.0547232357253
137.39;123.5143;104.00690108564774;66.0547232357253
137.19;124.4571;104.00690108564774;66.0547232357253
137.2;124.1143;104.00690108564774;66.0547232357253
137.6;124.9143;104.00690108564774;66.0547232357253
137.51;124.1714;104.00690108564774;66.0547232357253
137.63;125.3429;104.00690108564774;66.0547232357253
138.99;125.0286;104.00690108564774;66.0547232357253
139.03;125.4857;104.00690108564774;66.0547232357253
138.15;125.5429;104.00690108564774;66.0547232357253
137.98;126.2;104.00690108564774;66.0547232357253
139.02;126.9714;104.00690108564774;66.0547232357253
139.93;125.7143;104.00690108564774;66.0547232357253
139.79;125.6571;104.00690108564774;66.0547232357253
139.4;125.8857;104.00690108564774;66.0547232357253
139.5;126.9714;104.00690108564774;66.0547232357253
139.29;127.2286;104.00690108564774;66.0547232357253
139.9;125.2286;104.00690108564774;66.0547232357253
140.23;128.5714;104.00690108564774;66.0547232357253
140.84;126.5143;104.00690108564774;66.0547232357253
140.96;126.4286;104.00690108564774;66.0547232357253
141.17;127.2;104.00690108564774;66.0547232357253
140.53;127.4857;104.00690108564774;66.0547232357253
140.84;127.7143;104.00690108564774;66.0547232357253
141.17;129.2;104.00690108564774;66.0547232357253
140.95;129.4857;104.00690108564774;66.0547232357253
139.97;129.1143;104.00690108564774;66.0547232357253
139.99;128.4571;104.00690108564774;66.0547232357253
138.95;129.2;104.00690108564774;66.0547232357253
138.46;129.3714;104.00690108564774;66.0547232357253
137.91;129.3429;104.00690108564774;66.0547232357253
138.22;129.1429;104.00690108564774;66.0547232357253
138.01;130.0571;104.00690108564774;66.0547232357253
138.11;130.6571;104.00690108564774;66.0547232357253
138.78;130.5714;104.00690108564774;66.0547232357253
138.69;130.6;104.00690108564774;66.0547232357253
137.96;130.5143;104.00690108564774;66.0547232357253
136.71;129.7429;104.00690108564774;66.0547232357253
135.66;130.6;104.00690108564774;66.0547232357253
134.66;130.5429;104.00690108564774;66.0547232357253
134.55;131.4571;104.00690108564774;66.0547232357253
134.38;131.2571;104.00690108564774;66.0547232357253
133.65;131.9714;104.00690108564774;66.0547232357253
132.67;131.8857;104.00690108564774;66.0547232357253
131.98;130.2857;104.00690108564774;66.0547232357253
132.57;132.8286;104.00690108564774;66.0547232357253
132.07;130.4286;104.00690108564774;66.0547232357253
131.92;132.1143;104.00690108564774;66.0547232357253
131.43;132.4286;104.00690108564774;66.0547232357253
130.65;132.4571;104.00690108564774;66.0547232357253
130.28;132.6286;104.00690108564774;66.0547232357253
129.98;133.3143;104.00690108564774;66.0547232357253
129.46;133.2857;104.00690108564774;66.0547232357253
129.07;133.6571;104.00690108564774;66.0547232357253
129.0;133.0;104.00690108564774;66.0547232357253
128.38;133.0857;104.00690108564774;66.0547232357253
127.56;132.6571;104.00690108564774;66.0547232357253
127.88;133.9714;104.00690108564774;66.0547232357253
127.35;133.4571;104.00690108564774;66.0547232357253
126.98;134.4;104.00690108564774;66.0547232357253
126.34;135.0;104.00690108564774;66.0547232357253
125.99;135.0571;104.00690108564774;66.0547232357253
125.63;135.4571;104.00690108564774;66.0547232357253
124.87;134.7714;104.00690108564774;66.0547232357253
124.94;135.0;104.00690108564774;66.0547232357253
124.58;135.4;104.00690108564774;66.0547232357253
123.71;135.9429;104.00690108564774;66.0547232357253
122.34;136.0;104.00690108564774;66.0547232357253
121.9;135.2857;104.00690108564774;66.0547232357253
121.54;135.7143;104.00690108564774;66.0547232357253
121.19;136.7714;104.00690108564774;66.0547232357253
121.71;135.3429;104.00690108564774;66.0547232357253
121.9;135.3714;104.00690108564774;66.0547232357253
121.52;136.5429;104.00690108564774;66.0547232357253
120.84;135.6857;104.00690108564774;66.0547232357253
119.73;137.2;104.00690108564774;66.0547232357253
118.6;137.0857;104.00690108564774;66.0547232357253
118.05;137.0286;104.00690108564774;66.0547232357253
117.62;138.4286;104.00690108564774;66.0547232357253
117.69;138.6857;104.00690108564774;66.0547232357253
117.77;137.9143;104.00690108564774;66.0547232357253
117.63;136.9143;104.00690108564774;66.0547232357253
117.53;138.2571;104.00690108564774;66.0547232357253
116.91;138.6571;104.00690108564774;66.0547232357253
116.75;136.7429;104.00690108564774;66.0547232357253
116.03;136.6;104.00690108564774;66.0547232357253
115.59;138.3429;104.00690108564774;66.0547232357253
115.31;137.7143;104.00690108564774;66.0547232357253
114.72;139.4571;104.00690108564774;66.0547232357253
114.58;138.9714;104.00690108564774;66.0547232357253
114.46;138.9714;104.00690108564774;66.0547232357253
114.16;138.1714;104.00690108564774;66.0547232357253
114.15;139.6571;104.00690108564774;66.0547232357253
113.88;139.6286;104.00690108564774;66.0547232357253
113.62;139.5714;104.00690108564774;66.0547232357253
112.87;140.0571;104.00690108564774;66.0547232357253
112.07;139.5429;104.00690108564774;66.0547232357253
111.94;139.1429;104.00690108564774;66.0547232357253
112.17;138.9429;104.00690108564774;66.0547232357253
111.81;139.2857;104.00690108564774;66.0547232357253
111.25;139.4857;104.00690108564774;66.0547232357253
110.98;138.4571;104.00690108564774;66.0547232357253
110.98;138.6571;104.00690108564774;66.0547232357253
110.69;138.6857;104.00690108564774;66.0547232357253
110.23;137.4;104.00690108564774;66.0547232357253
109.68;137.5714;104.00690108564774;66.0547232357253
109.29;137.6;104.00690108564774;66.0547232357253
109.92;137.1429;104.00690108564774;66.0547232357253
109.34;137.0857;104.00690108564774;66.0547232357253
108.71;136.7429;104.00690108564774;66.0547232357253
108.63;137.2;104.00690108564774;66.0547232357253
108.21;135.5714;104.00690108564774;66.0547232357253
107.73;136.2;104.00690108564774;66.0547232357253
107.24;135.2286;104.00690108564774;66.0547232357253
107.36;134.8;104.00690108564774;66.0547232357253
107.61;134.5143;104.00690108564774;66.0547232357253
107.34;132.8;104.00690108564774;66.0547232357253
106.73;133.1143;104.00690108564774;66.0547232357253
106.42;132.1714;104.00690108564774;66.0547232357253
106.06;132.0571;104.00690108564774;66.0547232357253
105.92;131.3143;104.00690108564774;66.0547232357253
105.75;131.9429;104.00690108564774;66.0547232357253
105.3;130.7714;104.00690108564774;66.0547232357253
104.18;130.8857;104.00690108564774;66.0547232357253
103.49;130.8571;104.00690108564774;66.0547232357253
103.04;129.1143;104.00690108564774;66.0547232357253
102.46;129.6286;104.00690108564774;66.0547232357253
102.05;129.2286;104.00690108564774;66.0547232357253
101.67;127.3714;104.00690108564774;66.0547232357253
101.42;128.7429;104.00690108564774;66.0547232357253
101.64;127.9143;104.00690108564774;66.0547232357253
99.97;127.1429;104.00690108564774;66.0547232357253
99.88;126.7429;104.00690108564774;66.0547232357253
99.45;127.4286;104.00690108564774;66.0547232357253
99.32;125.3429;104.00690108564774;66.0547232357253
98.9;125.8286;104.00690108564774;66.0547232357253
98.98;125.9143;104.00690108564774;66.0547232357253
99.1;125.1429;104.00690108564774;66.0547232357253
98.25;125.1143;104.00690108564774;66.0547232357253
98.93;124.0857;104.00690108564774;66.0547232357253
99.03;123.7143;104.00690108564774;66.0547232357253
98.18;124.2286;104.00690108564774;66.0547232357253
97.01;122.1714;104.00690108564774;66.0547232357253
96.15;123.5429;104.00690108564774;66.0547232357253
97.22;123.0286;104.00690108564774;66.0547232357253
96.87;121.0286;104.00690108564774;66.0547232357253
96.26;121.9143;104.00690108564774;66.0547232357253
96.63;121.0;104.00690108564774;66.0547232357253
95.94;121.0857;104.00690108564774;66.0547232357253
96.43;120.4571;104.00690108564774;66.0547232357253
96.59;120.9143;104.00690108564774;66.0547232357253
96.94;119.4857;104.00690108564774;66.0547232357253
96.06;119.5143;104.00690108564774;66.0547232357253
95.24;118.9143;104.00690108564774;66.0547232357253
94.75;119.3143;104.00690108564774;66.0547232357253
94.2;118.8571;104.00690108564774;66.0547232357253
94.48;118.4857;104.00690108564774;66.0547232357253
94.19;117.6;104.00690108564774;66.0547232357253
93.96;116.9143;104.00690108564774;66.0547232357253
93.4;116.6;104.00690108564774;66.0547232357253
92.64;116.1143;104.00690108564774;66.0547232357253
92.65;115.1429;104.00690108564774;66.0547232357253
93.02;115.3143;104.00690108564774;66.0547232357253
93.06;116.4;104.00690108564774;66.0547232357253
92.84;114.4;104.00690108564774;66.0547232357253
92.4;113.7714;104.00690108564774;66.0547232357253
91.72;114.2;104.00690108564774;66.0547232357253
91.45;114.6;104.00690108564774;66.0547232357253
90.17;113.6;104.00690108564774;66.0547232357253
89.86;114.0;104.00690108564774;66.0547232357253
89.98;114.2;104.00690108564774;66.0547232357253
90.6;112.4571;104.00690108564774;66.0547232357253
90.33;112.4857;104.00690108564774;66.0547232357253
89.74;112.6286;104.00690108564774;66.0547232357253
89.37;112.8;104.00690108564774;66.0547232357253
89.08;111.4857;104.00690108564774;66.0547232357253
88.12;111.2857;104.00690108564774;66.0547232357253
87.31;112.2;104.00690108564774;66.0547232357253
87.7;111.1429;104.00690108564774;66.0547232357253
88.14;110.1429;104.00690108564774;66.0547232357253
88.17;111.2286;104.00690108564774;66.0547232357253
88.97;109.1429;104.00690108564774;66.0547232357253
89.05;110.4286;104.00690108564774;66.0547232357253
89.19;109.4571;104.00690108564774;66.0547232357253
86.73;108.6;104.00690108564774;66.0547232357253
86.88;108.7143;104.00690108564774;66.0547232357253
86.7;108.1143;104.00690108564774;66.0547232357253
86.81;107.8857;104.00690108564774;66.0547232357253
86.59;107.1143;104.00690108564774;66.0547232357253
85.99;107.1714;104.00690108564774;66.0547232357253
85.78;106.2857;104.00690108564774;66.0547232357253
85.26;105.8571;104.00690108564774;66.0547232357253
84.88;105.6571;104.00690108564774;66.0547232357253
84.81;104.0857;104.00690108564774;66.0547232357253
84.85;104.6571;104.00690108564774;66.0547232357253
85.45;104.6571;104.00690108564774;66.0547232357253
85.14;103.6571;104.00690108564774;66.0547232357253
84.52;105.8;104.00690108564774;66.0547232357253
84.41;104.3714;104.00690108564774;66.0547232357253
83.98;104.0286;104.00690108564774;66.0547232357253
83.81;103.5429;104.00690108564774;66.0547232357253
83.79;103.2;104.00690108564774;66.0547232357253
83.2;103.1143;104.00690108564774;66.0547232357253
82.4;102.8857;104.00690108564774;66.0547232357253
82.16;102.4857;104.00690108564774;66.0547232357253
82.09;100.4857;104.00690108564774;66.0547232357253
81.98;101.3143;104.00690108564774;66.0547232357253
81.69;100.5714;104.00690108564774;66.0547232357253
81.08;100.7143;104.00690108564774;66.0547232357253
81.27;99.3714;104.00690108564774;66.0547232357253
81.23;99.8286;104.00690108564774;66.0547232357253
81.49;95.5429;104.00690108564774;66.0547232357253
81.26;97.8286;104.00690108564774;66.0547232357253
81.4;98.2286;104.00690108564774;66.0547232357253
81.1;99.1143;104.00690108564774;66.0547232357253
80.36;96.8857;104.00690108564774;66.0547232357253
80.82;98.1143;104.00690108564774;66.0547232357253
80.5;96.2286;104.00690108564774;66.0547232357253
80.29;97.4;104.00690108564774;66.0547232357253
79.37;97.1143;104.00690108564774;66.0547232357253
79.13;97.6571;104.00690108564774;66.0547232357253
78.68;95.0;104.00690108564774;66.0547232357253
78.54;95.7429;104.00690108564774;66.0547232357253
78.39;94.6;104.00690108564774;66.0547232357253
77.95;95.2857;104.00690108564774;66.0547232357253
77.39;93.8857;104.00690108564774;66.0547232357253
77.37;94.4571;104.00690108564774;66.0547232357253
78.02;94.5429;104.00690108564774;66.0547232357253
77.97;95.0;104.00690108564774;66.0547232357253
77.95;94.7143;104.00690108564774;66.0547232357253
77.61;93.7429;104.00690108564774;66.0547232357253
77.06;94.6286;104.00690108564774;66.0547232357253
76.7;93.0286;104.00690108564774;66.0547232357253
76.56;93.3429;104.00690108564774;66.0547232357253
77.01;90.5714;104.00690108564774;66.0547232357253
77.08;92.5429;104.00690108564774;66.0547232357253
76.69;93.6857;104.00690108564774;66.0547232357253
76.16;93.2857;104.00690108564774;66.0547232357253
75.27;91.8857;104.00690108564774;66.0547232357253
74.79;91.3429;104.00690108564774;66.0547232357253
74.73;90.6286;104.00690108564774;66.0547232357253
74.55;91.8857;104.00690108564774;66.0547232357253
74.8;93.1143;104.00690108564774;66.0547232357253
74.64;91.0286;104.00690108564774;66.0547232357253
75.03;92.2;104.00690108564774;66.0547232357253
75.35;90.7143;104.00690108564774;66.0547232357253
75.43;89.0286;104.00690108564774;66.0547232357253
75.07;88.1714;104.00690108564774;66.0547232357253
74.73;88.5143;104.00690108564774;66.0547232357253
74.73;86.7714;104.00690108564774;66.0547232357253
74.06;88.8;104.00690108564774;66.0547232357253
73.61;90.0571;104.00690108564774;66.0547232357253
73.46;88.2;104.00690108564774;66.0547232357253
73.25;88.5143;104.00690108564774;66.0547232357253
72.75;87.0571;104.00690108564774;66.0547232357253
72.42;86.4571;104.00690108564774;66.0547232357253
72.76;85.2857;104.00690108564774;66.0547232357253
73.01;85.6286;104.00690108564774;66.0547232357253
73.01;86.7714;104.00690108564774;66.0547232357253
72.62;85.0857;104.00690108564774;66.0547232357253
72.03;87.5714;104.00690108564774;66.0547232357253
71.4;86.3429;104.00690108564774;66.0547232357253
71.07;87.8857;104.00690108564774;66.0547232357253
71.43;88.0;104.00690108564774;66.0547232357253
71.13;87.4571;104.00690108564774;66.0547232357253
71.02;86.1143;104.00690108564774;66.0547232357253
70.87;85.6286;104.00690108564774;66.0547232357253
70.76;84.6571;104.00690108564774;66.0547232357253
70.73;82.8286;104.00690108564774;66.0547232357253
70.77;86.6571;104.00690108564774;66.0547232357253
70.6;85.9429;104.00690108564774;66.0547232357253
70.32;85.2286;104.00690108564774;66.0547232357253
70.12;84.6;104.00690108564774;66.0547232357253
69.66;84.4286;104.00690108564774;66.0547232357253
69.64;84.3714;104.00690108564774;66.0547232357253
69.93;82.9143;104.00690108564774;66.0547232357253
69.86;83.2286;104.00690108564774;66.0547232357253
69.36;83.1429;104.00690108564774;66.0547232357253
69.02;83.3714;104.00690108564774;66.0547232357253
68.63;83.3429;104.00690108564774;66.0547232357253
68.65;82.3429;104.00690108564774;66.0547232357253
68.29;82.7429;104.00690108564774;66.0547232357253
68.34;82.2286;104.00690108564774;66.0547232357253
68.49;82.3429;104.00690108564774;66.0547232357253
66.96;81.8286;104.00690108564774;66.0547232357253
66.81;82.7143;104.00690108564774;66.0547232357253
66.66;81.8286;104.00690108564774;66.0547232357253
66.48;81.5429;104.00690108564774;66.0547232357253
66.24;80.8571;104.00690108564774;66.0547232357253
66.67;80.7143;104.00690108564774;66.0547232357253
66.43;81.7429;104.00690108564774;66.0547232357253
65.73;80.2857;104.00690108564774;66.0547232357253
65.63;78.1429;104.00690108564774;66.0547232357253
65.59;80.8571;104.00690108564774;66.0547232357253
65.2;79.8286;104.00690108564774;66.0547232357253
65.14;80.2;104.00690108564774;66.0547232357253
65.23;79.8571;104.00690108564774;66.0547232357253
65.09;80.2286;104.00690108564774;66.0547232357253
64.75;80.2286;104.00690108564774;66.0547232357253
64.96;78.8;104.00690108564774;66.0547232357253
64.87;79.7143;104.00690108564774;66.0547232357253
64.81;79.2286;104.00690108564774;66.0547232357253
64.66;77.4571;104.00690108564774;66.0547232357253
64.7;76.2571;104.00690108564774;66.0547232357253
64.3;76.8857;104.00690108564774;66.0547232357253
64.16;76.8571;104.00690108564774;66.0547232357253
64.2;75.8857;104.00690108564774;66.0547232357253
63.84;76.3429;104.00690108564774;66.0547232357253
63.49;75.3714;104.00690108564774;66.0547232357253
63.52;75.6;104.00690108564774;66.0547232357253
63.87;76.1429;104.00690108564774;66.0547232357253
64.02;77.1714;104.00690108564774;66.0547232357253
63.98;77.3714;104.00690108564774;66.0547232357253
63.7;76.7143;104.00690108564774;66.0547232357253
63.18;76.7143;104.00690108564774;66.0547232357253
62.5;75.7429;104.00690108564774;66.0547232357253
62.15;75.0;104.00690108564774;66.0547232357253
62.34;75.3714;104.00690108564774;66.0547232357253
62.25;76.0857;104.00690108564774;66.0547232357253
62.17;76.1714;104.00690108564774;66.0547232357253
62.17;75.4571;104.00690108564774;66.0547232357253
61.83;74.4286;104.00690108564774;66.0547232357253
61.88;73.0286;104.00690108564774;66.0547232357253
61.76;74.9143;104.00690108564774;66.0547232357253
61.57;73.9714;104.00690108564774;66.0547232357253
61.23;74.6571;104.00690108564774;66.0547232357253
60.9;73.5143;104.00690108564774;66.0547232357253
60.19;73.8286;104.00690108564774;66.0547232357253
59.75;74.4286;104.00690108564774;66.0547232357253
59.71;75.0286;104.00690108564774;66.0547232357253
59.54;74.6;104.00690108564774;66.0547232357253
59.66;72.9143;104.00690108564774;66.0547232357253
59.91;73.1714;104.00690108564774;66.0547232357253
59.75;72.7429;104.00690108564774;66.0547232357253
59.32;72.3429;104.00690108564774;66.0547232357253
59.45;71.9429;104.00690108564774;66.0547232357253
59.53;72.9143;104.00690108564774;66.0547232357253
59.46;72.1429;104.00690108564774;66.0547232357253
59.02;71.4286;104.00690108564774;66.0547232357253
59.23;72.6286;104.00690108564774;66.0547232357253
58.85;72.1714;104.00690108564774;66.0547232357253
58.44;71.6857;104.00690108564774;66.0547232357253
58.5;71.0286;104.00690108564774;66.0547232357253
58.25;70.5714;104.00690108564774;66.0547232357253
58.1;69.9143;104.00690108564774;66.0547232357253
58.22;69.6571;104.00690108564774;66.0547232357253
58.06;70.1714;104.00690108564774;66.0547232357253
57.82;70.7714;104.00690108564774;66.0547232357253
57.68;70.6857;104.00690108564774;66.0547232357253
57.16;70.1429;104.00690108564774;66.0547232357253
57.24;70.2;104.00690108564774;66.0547232357253
56.95;70.2571;104.00690108564774;66.0547232357253
56.85;69.7429;104.00690108564774;66.0547232357253
56.99;70.1429;104.00690108564774;66.0547232357253
57.03;69.3429;104.00690108564774;66.0547232357253
56.87;69.2286;104.00690108564774;66.0547232357253
56.29;68.8571;104.00690108564774;66.0547232357253
56.56;68.1429;104.00690108564774;66.0547232357253
56.67;68.3714;104.00690108564774;66.0547232357253
56.32;69.2857;104.00690108564774;66.0547232357253
56.01;68.6857;104.00690108564774;66.0547232357253
55.72;68.1714;104.00690108564774;66.0547232357253
55.39;67.5429;104.00690108564774;66.0547232357253
55.55;66.4286;104.00690108564774;66.0547232357253
55.65;66.9143;104.00690108564774;66.0547232357253
55.2;67.1714;104.00690108564774;66.0547232357253
54.84;66.9429;104.00690108564774;66.0547232357253
54.83;67.4;104.00690108564774;66.0547232357253
54.66;66.8;104.00690108564774;66.0547232357253
54.83;65.9429;104.00690108564774;66.0547232357253
54.76;67.1714;104.00690108564774;66.0547232357253
54.44;66.1429;104.00690108564774;66.0547232357253
53.97;64.0;104.00690108564774;66.0547232357253
53.81;65.4286;104.00690108564774;66.0547232357253
53.5;64.6286;104.00690108564774;66.0547232357253
53.18;65.2857;104.00690108564774;66.0547232357253
53.09;64.0286;104.00690108564774;66.0547232357253
53.51;64.3429;104.00690108564774;66.0547232357253
53.86;65.4857;104.00690108564774;66.0547232357253
53.88;64.6857;104.00690108564774;66.0547232357253
53.5;63.8;104.00690108564774;66.0547232357253
53.34;64.1714;104.00690108564774;66.0547232357253
53.08;63.7143;104.00690108564774;66.0547232357253
52.95;63.9429;104.00690108564774;66.0547232357253
51.51;63.5143;104.00690108564774;66.0547232357253
51.33;64.3429;104.00690108564774;66.0547232357253
51.18;63.4857;104.00690108564774;66.0547232357253
51.36;62.5143;104.00690108564774;66.0547232357253
51.61;63.2286;104.00690108564774;66.0547232357253
51.7;62.8571;104.00690108564774;66.0547232357253
51.2;63.3429;104.00690108564774;66.0547232357253
50.95;63.1714;104.00690108564774;66.0547232357253
51.07;62.6571;104.00690108564774;66.0547232357253
51.46;61.8286;104.00690108564774;66.0547232357253
51.66;62.4;104.00690108564774;66.0547232357253
51.51;62.2857;104.00690108564774;66.0547232357253
51.14;60.8857;104.00690108564774;66.0547232357253
51.07;62.5143;104.00690108564774;66.0547232357253
50.96;61.1714;104.00690108564774;66.0547232357253
50.89;62.1429;104.00690108564774;66.0547232357253
50.62;61.6857;104.00690108564774;66.0547232357253
50.46;61.8286;104.00690108564774;66.0547232357253
50.25;61.6286;104.00690108564774;66.0547232357253
49.86;60.8;104.00690108564774;66.0547232357253
49.86;60.0857;104.00690108564774;66.0547232357253
50.09;60.3143;104.00690108564774;66.0547232357253
49.73;60.1429;104.00690108564774;66.0547232357253
49.35;60.0857;104.00690108564774;66.0547232357253
49.1;60.3143;104.00690108564774;66.0547232357253
48.89;60.2857;104.00690108564774;66.0547232357253
48.4;60.3143;104.00690108564774;66.0547232357253
47.77;60.6571;104.00690108564774;66.0547232357253
47.84;60.2;104.00690108564774;66.0547232357253
47.67;60.1429;104.00690108564774;66.0547232357253
47.23;59.5429;104.00690108564774;66.0547232357253
47.09;58.5143;104.00690108564774;66.0547232357253
47.45;57.3714;104.00690108564774;66.0547232357253
47.58;57.8857;104.00690108564774;66.0547232357253
47.32;57.7429;104.00690108564774;66.0547232357253
47.0;57.7143;104.00690108564774;66.0547232357253
46.87;57.9429;104.00690108564774;66.0547232357253
46.56;57.9429;104.00690108564774;66.0547232357253
46.7;57.7143;104.00690108564774;66.0547232357253
47.0;57.8857;104.00690108564774;66.0547232357253
47.18;58.1714;104.00690108564774;66.0547232357253
46.94;58.1714;104.00690108564774;66.0547232357253
46.6;57.1714;104.00690108564774;66.0547232357253
46.15;57.1714;104.00690108564774;66.0547232357253
45.45;57.1714;104.00690108564774;66.0547232357253
45.67;56.2286;104.00690108564774;66.0547232357253
45.83;56.0857;104.00690108564774;66.0547232357253
45.76;55.4571;104.00690108564774;66.0547232357253
45.6;55.6286;104.00690108564774;66.0547232357253
45.55;55.8857;104.00690108564774;66.0547232357253
45.81;55.8857;104.00690108564774;66.0547232357253
46.0;55.4571;104.00690108564774;66.0547232357253
45.76;55.4571;104.00690108564774;66.0547232357253
45.17;54.8;104.00690108564774;66.0547232357253
45.14;54.7143;104.00690108564774;66.0547232357253
44.77;55.1429;104.00690108564774;66.0547232357253
45.0;54.1143;104.00690108564774;66.0547232357253
45.12;55.1429;104.00690108564774;66.0547232357253
45.22;54.8571;104.00690108564774;66.0547232357253
45.09;55.1429;104.00690108564774;66.0547232357253
44.85;54.8857;104.00690108564774;66.0547232357253
44.89;54.4;104.00690108564774;66.0547232357253
44.36;55.0571;104.00690108564774;66.0547232357253
43.98;54.8571;104.00690108564774;66.0547232357253
43.63;53.8286;104.00690108564774;66.0547232357253
43.22;53.6571;104.00690108564774;66.0547232357253
43.33;53.6;104.00690108564774;66.0547232357253
43.13;53.8286;104.00690108564774;66.0547232357253
42.93;53.4857;104.00690108564774;66.0547232357253
43.53;53.1143;104.00690108564774;66.0547232357253
43.63;52.4;104.00690108564774;66.0547232357253
43.56;52.7143;104.00690108564774;66.0547232357253
43.44;52.5714;104.00690108564774;66.0547232357253
43.33;53.0286;104.00690108564774;66.0547232357253
43.13;53.0857;104.00690108564774;66.0547232357253
43.2;52.6857;104.00690108564774;66.0547232357253
43.37;52.3429;104.00690108564774;66.0547232357253
43.59;51.6571;104.00690108564774;66.0547232357253
43.68;51.5143;104.00690108564774;66.0547232357253
43.39;51.1143;104.00690108564774;66.0547232357253
42.96;51.2857;104.00690108564774;66.0547232357253
42.11;51.5429;104.00690108564774;66.0547232357253
41.86;51.9143;104.00690108564774;66.0547232357253
42.16;52.4286;104.00690108564774;66.0547232357253
42.19;52.0;104.00690108564774;66.0547232357253
42.27;51.6286;104.00690108564774;66.0547232357253
42.31;51.3714;104.00690108564774;66.0547232357253
42.07;51.1429;104.00690108564774;66.0547232357253
41.82;51.4286;104.00690108564774;66.0547232357253
41.88;51.4;104.00690108564774;66.0547232357253
41.93;51.0857;104.00690108564774;66.0547232357253
41.75;50.0286;104.00690108564774;66.0547232357253
41.45;50.3429;104.00690108564774;66.0547232357253
41.4;49.8571;104.00690108564774;66.0547232357253
41.28;49.7714;104.00690108564774;66.0547232357253
41.3;49.6;104.00690108564774;66.0547232357253
41.33;49.9714;104.00690108564774;66.0547232357253
41.22;49.8571;104.00690108564774;66.0547232357253
41.1;50.0286;104.00690108564774;66.0547232357253
40.76;49.6286;104.00690108564774;66.0547232357253
40.09;49.1714;104.00690108564774;66.0547232357253
40.02;50.3429;104.00690108564774;66.0547232357253
39.58;50.1714;104.00690108564774;66.0547232357253
39.73;50.1143;104.00690108564774;66.0547232357253
39.53;49.6857;104.00690108564774;66.0547232357253
39.56;49.5714;104.00690108564774;66.0547232357253
39.35;49.6857;104.00690108564774;66.0547232357253
39.41;49.5429;104.00690108564774;66.0547232357253
39.41;49.4286;104.00690108564774;66.0547232357253
39.51;49.2857;104.00690108564774;66.0547232357253
39.12;48.8571;104.00690108564774;66.0547232357253
39.02;48.2857;104.00690108564774;66.0547232357253
38.87;48.4571;104.00690108564774;66.0547232357253
38.75;48.5143;104.00690108564774;66.0547232357253
38.76;48.7714;104.00690108564774;66.0547232357253
38.27;48.2;104.00690108564774;66.0547232357253
37.96;47.3429;104.00690108564774;66.0547232357253
37.91;47.8571;104.00690108564774;66.0547232357253
37.75;47.5429;104.00690108564774;66.0547232357253
37.8;46.9143;104.00690108564774;66.0547232357253
38.04;46.6286;104.00690108564774;66.0547232357253
37.82;46.9429;104.00690108564774;66.0547232357253
37.76;46.7714;104.00690108564774;66.0547232357253
37.97;46.4;104.00690108564774;66.0547232357253
38.08;46.4571;104.00690108564774;66.0547232357253
38.03;46.7429;104.00690108564774;66.0547232357253
37.73;47.0286;104.00690108564774;66.0547232357253
37.33;46.6286;104.00690108564774;66.0547232357253
37.08;45.8571;104.00690108564774;66.0547232357253
37.26;46.1429;104.00690108564774;66.0547232357253
37.13;45.3714;104.00690108564774;66.0547232357253
36.98;46.2286;104.00690108564774;66.0547232357253
36.75;46.1429;104.00690108564774;66.0547232357253
36.39;46.1143;104.00690108564774;66.0547232357253
36.26;45.8571;104.00690108564774;66.0547232357253
36.4;45.6;104.00690108564774;66.0547232357253
36.41;44.9429;104.00690108564774;66.0547232357253
36.25;44.5429;104.00690108564774;66.0547232357253
36.34;45.0571;104.00690108564774;66.0547232357253
36.03;44.7714;104.00690108564774;66.0547232357253
35.67;44.6571;104.00690108564774;66.0547232357253
35.49;44.5143;104.00690108564774;66.0547232357253
35.82;44.6857;104.00690108564774;66.0547232357253
35.87;44.8;104.00690108564774;66.0547232357253
35.71;44.4;104.00690108564774;66.0547232357253
35.52;44.1143;104.00690108564774;66.0547232357253
35.15;43.6857;104.00690108564774;66.0547232357253
34.95;43.8;104.00690108564774;66.0547232357253
35.16;43.3429;104.00690108564774;66.0547232357253
35.01;44.1429;104.00690108564774;66.0547232357253
34.92;44.3429;104.00690108564774;66.0547232357253
34.89;44.2;104.00690108564774;66.0547232357253
34.63;44.1429;104.00690108564774;66.0547232357253
34.3;43.7429;104.00690108564774;66.0547232357253
34.21;43.3143;104.00690108564774;66.0547232357253
34.31;43.0857;104.00690108564774;66.0547232357253
34.47;42.9429;104.00690108564774;66.0547232357253
34.47;42.5714;104.00690108564774;66.0547232357253
34.5;42.7429;104.00690108564774;66.0547232357253
34.61;42.4857;104.00690108564774;66.0547232357253
34.58;42.2;104.00690108564774;66.0547232357253
34.49;42.2857;104.00690108564774;66.0547232357253
34.62;42.8;104.00690108564774;66.0547232357253
34.61;42.4857;104.00690108564774;66.0547232357253
34.5;42.6;104.00690108564774;66.0547232357253
34.31;42.4857;104.00690108564774;66.0547232357253
34.16;42.0857;104.00690108564774;66.0547232357253
34.16;42.2;104.00690108564774;66.0547232357253
34.08;42.2286;104.00690108564774;66.0547232357253
33.97;42.3714;104.00690108564774;66.0547232357253
33.9;42.2571;104.00690108564774;66.0547232357253
33.6;42.1143;104.00690108564774;66.0547232357253
33.07;42.0286;104.00690108564774;66.0547232357253
32.83;41.3714;104.00690108564774;66.0547232357253
33.01;40.6857;104.00690108564774;66.0547232357253
32.94;40.8286;104.00690108564774;66.0547232357253
32.64;40.8857;104.00690108564774;66.0547232357253
32.4;41.0571;104.00690108564774;66.0547232357253
32.39;41.0286;104.00690108564774;66.0547232357253
32.24;40.9429;104.00690108564774;66.0547232357253
32.13;40.4857;104.00690108564774;66.0547232357253
32.09;40.4571;104.00690108564774;66.0547232357253
31.94;40.8571;104.00690108564774;66.0547232357253
31.73;40.8;104.00690108564774;66.0547232357253
31.73;40.3143;104.00690108564774;66.0547232357253
31.74;40.2286;104.00690108564774;66.0547232357253
31.59;40.1143;104.00690108564774;66.0547232357253
31.63;40.0286;104.00690108564774;66.0547232357253
31.83;39.8571;104.00690108564774;66.0547232357253
31.89;39.9429;104.00690108564774;66.0547232357253
31.91;39.7714;104.00690108564774;66.0547232357253
31.84;39.3429;104.00690108564774;66.0547232357253
31.53;39.0286;104.00690108564774;66.0547232357253
31.24;38.9714;104.00690108564774;66.0547232357253
31.13;39.0571;104.00690108564774;66.0547232357253
31.11;38.8857;104.00690108564774;66.0547232357253
31.15;38.9143;104.00690108564774;66.0547232357253
31.24;38.7714;104.00690108564774;66.0547232357253
31.26;38.4286;104.00690108564774;66.0547232357253
31.15;38.2286;104.00690108564774;66.0547232357253
30.56;38.4;104.00690108564774;66.0547232357253
30.41;38.1143;104.00690108564774;66.0547232357253
30.18;38.2286;104.00690108564774;66.0547232357253
30.17;38.3143;104.00690108564774;66.0547232357253
30.16;38.4;104.00690108564774;66.0547232357253
30.01;38.2571;104.00690108564774;66.0547232357253
29.74;38.0;104.00690108564774;66.0547232357253
29.57;37.8;104.00690108564774;66.0547232357253
29.55;37.8286;104.00690108564774;66.0547232357253
29.49;37.5429;104.00690108564774;66.0547232357253
29.28;37.3429;104.00690108564774;66.0547232357253
29.23;37.3429;104.00690108564774;66.0547232357253
29.08;37.1714;104.00690108564774;66.0547232357253
29.12;37.0;104.00690108564774;66.0547232357253
29.21;36.9429;104.00690108564774;66.0547232357253
29.07;36.9429;104.00690108564774;66.0547232357253
28.96;36.6571;104.00690108564774;66.0547232357253
28.86;36.7143;104.00690108564774;66.0547232357253
28.79;36.4286;104.00690108564774;66.0547232357253
28.6;36.6;104.00690108564774;66.0547232357253
28.57;36.8286;104.00690108564774;66.0547232357253
28.54;36.6286;104.00690108564774;66.0547232357253
28.54;36.5143;104.00690108564774;66.0547232357253
28.4;36.0571;104.00690108564774;66.0547232357253
28.19;35.8;104.00690108564774;66.0547232357253
28.02;36.0571;104.00690108564774;66.0547232357253
28.22;35.9714;104.00690108564774;66.0547232357253
28.17;35.6857;104.00690108564774;66.0547232357253
28.13;35.2;104.00690108564774;66.0547232357253
27.96;35.3429;104.00690108564774;66.0547232357253
27.82;35.0857;104.00690108564774;66.0547232357253
27.89;35.2;104.00690108564774;66.0547232357253
27.98;35.2286;104.00690108564774;66.0547232357253
27.9;34.9714;104.00690108564774;66.0547232357253
27.76;35.0;104.00690108564774;66.0547232357253
27.76;34.9143;104.00690108564774;66.0547232357253
27.55;34.9714;104.00690108564774;66.0547232357253
27.52;34.5429;104.00690108564774;66.0547232357253
27.35;34.5714;104.00690108564774;66.0547232357253
27.16;34.7143;104.00690108564774;66.0547232357253
26.92;34.2857;104.00690108564774;66.0547232357253
26.82;34.0286;104.00690108564774;66.0547232357253
26.75;33.7714;104.00690108564774;66.0547232357253
26.8;33.8286;104.00690108564774;66.0547232357253
26.86;33.7143;104.00690108564774;66.0547232357253
26.68;33.6571;104.00690108564774;66.0547232357253
26.57;33.6571;104.00690108564774;66.0547232357253
26.57;33.5143;104.00690108564774;66.0547232357253
26.63;33.4571;104.00690108564774;66.0547232357253
26.68;33.1429;104.00690108564774;66.0547232357253
26.69;33.4286;104.00690108564774;66.0547232357253
26.61;33.0571;104.00690108564774;66.0547232357253
26.63;32.9714;104.00690108564774;66.0547232357253
26.44;32.6857;104.00690108564774;66.0547232357253
26.38;33.0286;104.00690108564774;66.0547232357253
26.4;33.0;104.00690108564774;66.0547232357253
26.44;33.1143;104.00690108564774;66.0547232357253
26.22;32.9143;104.00690108564774;66.0547232357253
26.06;32.9714;104.00690108564774;66.0547232357253
25.86;33.1714;104.00690108564774;66.0547232357253
25.74;33.1143;104.00690108564774;66.0547232357253
25.66;33.0;104.00690108564774;66.0547232357253
25.55;32.7143;104.00690108564774;66.0547232357253
25.39;32.6;104.00690108564774;66.0547232357253
25.26;32.6857;104.00690108564774;66.0547232357253
25.2;32.4571;104.00690108564774;66.0547232357253
25.09;32.4286;104.00690108564774;66.0547232357253
24.97;32.2571;104.00690108564774;66.0547232357253
24.79;31.8;104.00690108564774;66.0547232357253
24.72;31.5429;104.00690108564774;66.0547232357253
24.74;31.5714;104.00690108564774;66.0547232357253
24.73;31.5714;104.00690108564774;66.0547232357253
24.7;31.5429;104.00690108564774;66.0547232357253
24.71;31.2286;104.00690108564774;66.0547232357253
24.55;31.0;104.00690108564774;66.0547232357253
24.4;30.6857;104.00690108564774;66.0547232357253
24.29;30.7143;104.00690108564774;66.0547232357253
24.31;30.7714;104.00690108564774;66.0547232357253
24.26;30.6286;104.00690108564774;66.0547232357253
24.15;30.4286;104.00690108564774;66.0547232357253
24.13;30.4286;104.00690108564774;66.0547232357253
24.08;30.5714;104.00690108564774;66.0547232357253
24.0;30.2;104.00690108564774;66.0547232357253
23.93;30.0571;104.00690108564774;66.0547232357253
23.81;30.3143;104.00690108564774;66.0547232357253
23.67;30.3429;104.00690108564774;66.0547232357253
23.57;30.3429;104.00690108564774;66.0547232357253
23.41;30.2571;104.00690108564774;66.0547232357253
23.26;30.0;104.00690108564774;66.0547232357253
23.22;29.6571;104.00690108564774;66.0547232357253
23.22;29.4857;104.00690108564774;66.0547232357253
23.2;29.4286;104.00690108564774;66.0547232357253
23.11;29.4;104.00690108564774;66.0547232357253
23.02;29.6571;104.00690108564774;66.0547232357253
22.99;29.7714;104.00690108564774;66.0547232357253
23.05;29.7714;104.00690108564774;66.0547232357253
23.06;29.4857;104.00690108564774;66.0547232357253
22.96;29.0857;104.00690108564774;66.0547232357253
22.81;29.2;104.00690108564774;66.0547232357253
22.72;29.0;104.00690108564774;66.0547232357253
22.29;29.2286;104.00690108564774;66.0547232357253
22.19;28.9714;104.00690108564774;66.0547232357253
22.11;28.6;104.00690108564774;66.0547232357253
22.01;28.4571;104.00690108564774;66.0547232357253
21.9;28.7714;104.00690108564774;66.0547232357253
21.82;28.5143;104.00690108564774;66.0547232357253
21.83;28.4;104.00690108564774;66.0547232357253
21.73;28.0286;104.00690108564774;66.0547232357253
21.68;28.0286;104.00690108564774;66.0547232357253
21.59;28.0857;104.00690108564774;66.0547232357253
21.54;27.9143;104.00690108564774;66.0547232357253
21.54;27.8286;104.00690108564774;66.0547232357253
21.5;27.4286;104.00690108564774;66.0547232357253
21.39;27.5429;104.00690108564774;66.0547232357253
21.24;27.6857;104.00690108564774;66.0547232357253
21.2;27.6571;104.00690108564774;66.0547232357253
21.11;27.2286;104.00690108564774;66.0547232357253
21.06;27.2857;104.00690108564774;66.0547232357253
21.04;27.3429;104.00690108564774;66.0547232357253
20.95;27.0571;104.00690108564774;66.0547232357253
20.81;26.8571;104.00690108564774;66.0547232357253
20.77;26.8857;104.00690108564774;66.0547232357253
20.77;26.9143;104.00690108564774;66.0547232357253
20.58;26.8286;104.00690108564774;66.0547232357253
20.51;26.5143;104.00690108564774;66.0547232357253
20.41;26.3714;104.00690108564774;66.0547232357253
20.33;26.4;104.00690108564774;66.0547232357253
20.3;26.5714;104.00690108564774;66.0547232357253
20.26;26.4286;104.00690108564774;66.0547232357253
20.22;26.2571;104.00690108564774;66.0547232357253
20.12;26.1143;104.00690108564774;66.0547232357253
20.06;26.1143;104.00690108564774;66.0547232357253
19.98;26.3429;104.00690108564774;66.0547232357253
19.97;26.1143;104.00690108564774;66.0547232357253
19.8;26.0;104.00690108564774;66.0547232357253
19.82;25.9429;104.00690108564774;66.0547232357253
19.83;25.8286;104.00690108564774;66.0547232357253
19.8;25.6286;104.00690108564774;66.0547232357253
19.73;25.6;104.00690108564774;66.0547232357253
19.64;25.2857;104.00690108564774;66.0547232357253
19.51;25.0286;104.00690108564774;66.0547232357253
19.37;24.9429;104.00690108564774;66.0547232357253
19.3;24.9714;104.00690108564774;66.0547232357253
19.22;25.0;104.00690108564774;66.0547232357253
19.21;24.9143;104.00690108564774;66.0547232357253
19.2;24.9429;104.00690108564774;66.0547232357253
19.15;24.6571;104.00690108564774;66.0547232357253
19.07;24.5429;104.00690108564774;66.0547232357253
18.93;24.7429;104.00690108564774;66.0547232357253
18.86;24.8;104.00690108564774;66.0547232357253
18.77;24.8571;104.00690108564774;66.0547232357253
18.72;24.6286;104.00690108564774;66.0547232357253
18.67;24.7429;104.00690108564774;66.0547232357253
18.57;24.5714;104.00690108564774;66.0547232357253
18.54;24.4;104.00690108564774;66.0547232357253
18.47;24.4;104.00690108564774;66.0547232357253
18.32;24.5429;104.00690108564774;66.0547232357253
18.3;24.4571;104.00690108564774;66.0547232357253
18.19;24.2571;104.00690108564774;66.0547232357253
18.11;23.9429;104.00690108564774;66.0547232357253
18.09;23.8286;104.00690108564774;66.0547232357253
17.92;23.8;104.00690108564774;66.0547232357253
17.91;23.6286;104.00690108564774;66.0547232357253
17.78;23.4857;104.00690108564774;66.0547232357253
17.72;23.4;104.00690108564774;66.0547232357253
17.67;23.3429;104.00690108564774;66.0547232357253
17.55;23.1714;104.00690108564774;66.0547232357253
17.47;23.0571;104.00690108564774;66.0547232357253
17.38;23.0286;104.00690108564774;66.0547232357253
17.27;22.8;104.00690108564774;66.0547232357253
17.27;22.8571;104.00690108564774;66.0547232357253
17.16;22.8286;104.00690108564774;66.0547232357253
17.13;22.8571;104.00690108564774;66.0547232357253
17.13;22.8;104.00690108564774;66.0547232357253
17.02;22.7714;104.00690108564774;66.0547232357253
16.98;22.4857;104.00690108564774;66.0547232357253
16.88;22.3714;104.00690108564774;66.0547232357253
16.87;22.3714;104.00690108564774;66.0547232357253
16.81;22.3714;104.00690108564774;66.0547232357253
16.76;22.2571;104.00690108564774;66.0547232357253
16.65;22.1714;104.00690108564774;66.0547232357253
16.66;22.2571;104.00690108564774;66.0547232357253
16.6;22.1714;104.00690108564774;66.0547232357253
16.52;22.0571;104.00690108564774;66.0547232357253
16.45;22.0857;104.00690108564774;66.0547232357253
16.42;21.8857;104.00690108564774;66.0547232357253
16.47;21.7714;104.00690108564774;66.0547232357253
16.42;21.6286;104.00690108564774;66.0547232357253
16.38;21.4;104.00690108564774;66.0547232357253
16.29;21.3714;104.00690108564774;66.0547232357253
16.23;21.4286;104.00690108564774;66.0547232357253
16.19;21.4857;104.00690108564774;66.0547232357253
16.02;21.2857;104.00690108564774;66.0547232357253
15.99;21.2571;104.00690108564774;66.0547232357253
15.95;21.2;104.00690108564774;66.0547232357253
15.9;21.1714;104.00690108564774;66.0547232357253
15.87;21.3143;104.00690108564774;66.0547232357253
15.74;21.1714;104.00690108564774;66.0547232357253
15.64;20.9714;104.00690108564774;66.0547232357253
15.65;20.9143;104.00690108564774;66.0547232357253
15.3;20.9143;104.00690108564774;66.0547232357253
15.22;20.8;104.00690108564774;66.0547232357253
15.09;20.6286;104.00690108564774;66.0547232357253
15.06;20.7143;104.00690108564774;66.0547232357253
15.06;20.5429;104.00690108564774;66.0547232357253
14.99;20.5429;104.00690108564774;66.0547232357253
14.89;20.4571;104.00690108564774;66.0547232357253
14.82;20.3143;104.00690108564774;66.0547232357253
14.73;20.1714;104.00690108564774;66.0547232357253
14.68;20.1143;104.00690108564774;66.0547232357253
14.6;20.0857;104.00690108564774;66.0547232357253
14.53;20.0857;104.00690108564774;66.0547232357253
14.45;20.2;104.00690108564774;66.0547232357253
14.4;19.8857;104.00690108564774;66.0547232357253
14.34;19.8286;104.00690108564774;66.0547232357253
14.26;19.9429;104.00690108564774;66.0547232357253
14.23;19.8857;104.00690108564774;66.0547232357253
14.18;19.8857;104.00690108564774;66.0547232357253
14.11;19.6286;104.00690108564774;66.0547232357253
14.03;19.5429;104.00690108564774;66.0547232357253
14.04;19.5143;104.00690108564774;66.0547232357253
13.97;19.4571;104.00690108564774;66.0547232357253
13.92;19.4;104.00690108564774;66.0547232357253
13.81;19.3714;104.00690108564774;66.0547232357253
13.73;19.1429;104.00690108564774;66.0547232357253
13.66;19.2;104.00690108564774;66.0547232357253
13.61;19.1714;104.00690108564774;66.0547232357253
13.58;19.0286;104.00690108564774;66.0547232357253
13.51;18.9429;104.00690108564774;66.0547232357253
13.44;18.8286;104.00690108564774;66.0547232357253
13.37;18.7714;104.00690108564774;66.0547232357253
13.33;18.6286;104.00690108564774;66.0547232357253
13.3;18.7143;104.00690108564774;66.0547232357253
13.27;18.6286;104.00690108564774;66.0547232357253
13.19;18.5429;104.00690108564774;66.0547232357253
13.11;18.5429;104.00690108564774;66.0547232357253
13.05;18.2857;104.00690108564774;66.0547232357253
13.05;18.3429;104.00690108564774;66.0547232357253
13.02;18.1429;104.00690108564774;66.0547232357253
12.97;18.2286;104.00690108564774;66.0547232357253
12.91;18.2286;104.00690108564774;66.0547232357253
12.88;18.2286;104.00690108564774;66.0547232357253
12.78;18.1429;104.00690108564774;66.0547232357253
12.74;18.1143;104.00690108564774;66.0547232357253
12.58;17.8857;104.00690108564774;66.0547232357253
12.49;17.8571;104.00690108564774;66.0547232357253
12.47;17.7143;104.00690108564774;66.0547232357253
12.42;17.6286;104.00690108564774;66.0547232357253
12.37;17.7143;104.00690108564774;66.0547232357253
12.39;17.6286;104.00690108564774;66.0547232357253
12.27;17.6286;104.00690108564774;66.0547232357253
12.2;17.4857;104.00690108564774;66.0547232357253
12.18;17.4286;104.00690108564774;66.0547232357253
12.2;17.2857;104.00690108564774;66.0547232357253
12.14;17.2571;104.00690108564774;66.0547232357253
12.04;17.2;104.00690108564774;66.0547232357253
12.07;17.0571;104.00690108564774;66.0547232357253
11.96;17.0571;104.00690108564774;66.0547232357253
11.88;17.0857;104.00690108564774;66.0547232357253
11.82;16.9143;104.00690108564774;66.0547232357253
11.7;16.7714;104.00690108564774;66.0547232357253
11.62;16.7714;104.00690108564774;66.0547232357253
11.59;16.7143;104.00690108564774;66.0547232357253
11.53;16.5714;104.00690108564774;66.0547232357253
11.46;16.6;104.00690108564774;66.0547232357253
11.41;16.4286;104.00690108564774;66.0547232357253
11.33;16.3714;104.00690108564774;66.0547232357253
11.28;16.2571;104.00690108564774;66.0547232357253
11.22;16.2571;104.00690108564774;66.0547232357253
11.13;16.1714;104.00690108564774;66.0547232357253
11.1;16.0286;104.00690108564774;66.0547232357253
11.08;15.9714;104.00690108564774;66.0547232357253
10.98;15.8571;104.00690108564774;66.0547232357253
10.93;15.8;104.00690108564774;66.0547232357253
10.89;15.8;104.00690108564774;66.0547232357253
10.88;15.7143;104.00690108564774;66.0547232357253
10.84;15.6286;104.00690108564774;66.0547232357253
10.78;15.5714;104.00690108564774;66.0547232357253
10.74;15.6286;104.00690108564774;66.0547232357253
10.65;15.4857;104.00690108564774;66.0547232357253
10.61;15.4;104.00690108564774;66.0547232357253
10.54;15.4286;104.00690108564774;66.0547232357253
10.47;15.3429;104.00690108564774;66.0547232357253
10.38;15.2857;104.00690108564774;66.0547232357253
10.32;15.2;104.00690108564774;66.0547232357253
10.28;15.2286;104.00690108564774;66.0547232357253
10.22;15.1714;104.00690108564774;66.0547232357253
10.19;15.0571;104.00690108564774;66.0547232357253
10.17;14.9429;104.00690108564774;66.0547232357253
10.11;15.0857;104.00690108564774;66.0547232357253
10.02;15.0571;104.00690108564774;66.0547232357253
9.97;15.0;104.00690108564774;66.0547232357253
9.88;14.9714;104.00690108564774;66.0547232357253
9.85;14.9143;104.00690108564774;66.0547232357253
9.83;14.7714;104.00690108564774;66.0547232357253
9.8;14.7714;104.00690108564774;66.0547232357253
9.75;14.6286;104.00690108564774;66.0547232357253
9.67;14.5429;104.00690108564774;66.0547232357253
9.64;14.5143;104.00690108564774;66.0547232357253
9.59;14.5143;104.00690108564774;66.0547232357253
9.29;14.4286;104.00690108564774;66.0547232357253
9.25;14.4;104.00690108564774;66.0547232357253
9.18;14.2857;104.00690108564774;66.0547232357253
9.1;14.2286;104.00690108564774;66.0547232357253
9.06;14.1143;104.00690108564774;66.0547232357253
9.01;13.9714;104.00690108564774;66.0547232357253
8.94;13.8571;104.00690108564774;66.0547232357253
8.9;13.9143;104.00690108564774;66.0547232357253
8.86;13.8857;104.00690108564774;66.0547232357253
8.82;13.8571;104.00690108564774;66.0547232357253
8.76;13.7429;104.00690108564774;66.0547232357253
8.73;13.7429;104.00690108564774;66.0547232357253
8.68;13.6857;104.00690108564774;66.0547232357253
8.63;13.6286;104.00690108564774;66.0547232357253
8.58;13.5429;104.00690108564774;66.0547232357253
8.54;13.4571;104.00690108564774;66.0547232357253
8.47;13.3714;104.00690108564774;66.0547232357253
8.43;13.2571;104.00690108564774;66.0547232357253
8.38;13.2571;104.00690108564774;66.0547232357253
8.35;13.1143;104.00690108564774;66.0547232357253
8.28;13.1143;104.00690108564774;66.0547232357253
8.2;13.0571;104.00690108564774;66.0547232357253
8.18;13.0286;104.00690108564774;66.0547232357253
8.13;13.0;104.00690108564774;66.0547232357253
8.08;12.8571;104.00690108564774;66.0547232357253
8.04;12.8;104.00690108564774;66.0547232357253
7.99;12.7143;104.00690108564774;66.0547232357253
7.96;12.7143;104.00690108564774;66.0547232357253
7.91;12.6857;104.00690108564774;66.0547232357253
7.89;12.6571;104.00690108564774;66.0547232357253
7.8;12.6;104.00690108564774;66.0547232357253
7.77;12.4857;104.00690108564774;66.0547232357253
7.73;12.4;104.00690108564774;66.0547232357253
7.68;12.4;104.00690108564774;66.0547232357253
7.64;12.2857;104.00690108564774;66.0547232357253
7.58;12.2571;104.00690108564774;66.0547232357253
7.53;12.1714;104.00690108564774;66.0547232357253
7.5;12.0857;104.00690108564774;66.0547232357253
7.43;12.0571;104.00690108564774;66.0547232357253
7.38;11.9714;104.00690108564774;66.0547232357253
7.34;12.0571;104.00690108564774;66.0547232357253
7.3;11.9429;104.00690108564774;66.0547232357253
7.28;11.9143;104.00690108564774;66.0547232357253
7.21;11.8857;104.00690108564774;66.0547232357253
7.15;11.7714;104.00690108564774;66.0547232357253
7.12;11.7714;104.00690108564774;66.0547232357253
7.09;11.6857;104.00690108564774;66.0547232357253
7.04;11.7143;104.00690108564774;66.0547232357253
6.98;11.6857;104.00690108564774;66.0547232357253
6.94;11.6571;104.00690108564774;66.0547232357253
6.88;11.6;104.00690108564774;66.0547232357253
6.82;11.4286;104.00690108564774;66.0547232357253
6.79;11.3429;104.00690108564774;66.0547232357253
6.75;11.2;104.00690108564774;66.0547232357253
6.7;11.1714;104.00690108564774;66.0547232357253
6.65;11.2;104.00690108564774;66.0547232357253
6.61;11.1429;104.00690108564774;66.0547232357253
6.57;11.1429;104.00690108564774;66.0547232357253
6.52;11.0857;104.00690108564774;66.0547232357253
6.48;10.9429;104.00690108564774;66.0547232357253
6.46;10.9714;104.00690108564774;66.0547232357253
6.42;11.0;104.00690108564774;66.0547232357253
6.37;10.9429;104.00690108564774;66.0547232357253
6.31;10.9143;104.00690108564774;66.0547232357253
6.28;10.8286;104.00690108564774;66.0547232357253
6.25;10.8;104.00690108564774;66.0547232357253
6.23;10.7429;104.00690108564774;66.0547232357253
6.16;10.6571;104.00690108564774;66.0547232357253
6.15;10.5143;104.00690108564774;66.0547232357253
6.12;10.4;104.00690108564774;66.0547232357253
6.07;10.3714;104.00690108564774;66.0547232357253
6.03;10.3429;104.00690108564774;66.0547232357253
5.94;10.2857;104.00690108564774;66.0547232357253
5.9;10.1714;104.00690108564774;66.0547232357253
5.85;10.1429;104.00690108564774;66.0547232357253
5.8;10.0857;104.00690108564774;66.0547232357253
5.76;10.0286;104.00690108564774;66.0547232357253
5.7;9.9714;104.00690108564774;66.0547232357253
5.69;9.9143;104.00690108564774;66.0547232357253
5.63;9.8857;104.00690108564774;66.0547232357253
5.6;9.8571;104.00690108564774;66.0547232357253
5.58;9.7714;104.00690108564774;66.0547232357253
5.52;9.7143;104.00690108564774;66.0547232357253
5.49;9.7429;104.00690108564774;66.0547232357253
5.46;9.7429;104.00690108564774;66.0547232357253
5.4;9.6857;104.00690108564774;66.0547232357253
5.37;9.6286;104.00690108564774;66.0547232357253
5.32;9.5143;104.00690108564774;66.0547232357253
5.24;9.4857;104.00690108564774;66.0547232357253
5.22;9.4;104.00690108564774;66.0547232357253
5.19;9.3143;104.00690108564774;66.0547232357253
5.15;9.3143;104.00690108564774;66.0547232357253
5.1;9.2571;104.00690108564774;66.0547232357253
5.06;9.1143;104.00690108564774;66.0547232357253
5.02;9.1714;104.00690108564774;66.0547232357253
4.99;9.1143;104.00690108564774;66.0547232357253
4.95;9.1143;104.00690108564774;66.0547232357253
4.92;9.0286;104.00690108564774;66.0547232357253
4.85;9.0;104.00690108564774;66.0547232357253
4.81;8.8857;104.00690108564774;66.0547232357253
4.62;8.8571;104.00690108564774;66.0547232357253
4.6;8.7714;104.00690108564774;66.0547232357253
4.54;8.8;104.00690108564774;66.0547232357253
4.51;8.7714;104.00690108564774;66.0547232357253
4.48;8.6857;104.00690108564774;66.0547232357253
4.44;8.6;104.00690108564774;66.0547232357253
4.41;8.6;104.00690108564774;66.0547232357253
4.35;8.5429;104.00690108564774;66.0547232357253
4.3;8.4857;104.00690108564774;66.0547232357253
4.24;8.4571;104.00690108564774;66.0547232357253
4.21;8.4;104.00690108564774;66.0547232357253
4.17;8.3143;104.00690108564774;66.0547232357253
4.13;8.2571;104.00690108564774;66.0547232357253
4.1;8.2857;104.00690108564774;66.0547232357253
4.06;8.2;104.00690108564774;66.0547232357253
4.04;8.0857;104.00690108564774;66.0547232357253
4.0;8.0857;104.00690108564774;66.0547232357253
3.96;8.0286;104.00690108564774;66.0547232357253
3.94;7.9714;104.00690108564774;66.0547232357253
3.91;7.9143;104.00690108564774;66.0547232357253
3.87;7.8857;104.00690108564774;66.0547232357253
3.8;7.8571;104.00690108564774;66.0547232357253
3.8;7.8;104.00690108564774;66.0547232357253
3.73;7.7714;104.00690108564774;66.0547232357253
3.7;7.7714;104.00690108564774;66.0547232357253
3.65;7.6857;104.00690108564774;66.0547232357253
3.61;7.5714;104.00690108564774;66.0547232357253
3.56;7.6;104.00690108564774;66.0547232357253
3.54;7.5143;104.00690108564774;66.0547232357253
3.48;7.5429;104.00690108564774;66.0547232357253
3.47;7.4857;104.00690108564774;66.0547232357253
3.41;7.4;104.00690108564774;66.0547232357253
3.4;7.3429;104.00690108564774;66.0547232357253
3.35;7.2857;104.00690108564774;66.0547232357253
3.31;7.2;104.00690108564774;66.0547232357253
3.29;7.2571;104.00690108564774;66.0547232357253
3.27;7.2;104.00690108564774;66.0547232357253
3.22;7.1143;104.00690108564774;66.0547232357253
3.19;7.1143;104.00690108564774;66.0547232357253
3.15;7.0571;104.00690108564774;66.0547232357253
3.14;7.0286;104.00690108564774;66.0547232357253
3.13;6.9714;104.00690108564774;66.0547232357253
3.08;6.8857;104.00690108564774;66.0547232357253
3.03;6.8571;104.00690108564774;66.0547232357253
2.98;6.8286;104.00690108564774;66.0547232357253
2.93;6.7714;104.00690108564774;66.0547232357253
2.87;6.8;104.00690108564774;66.0547232357253
2.85;6.7143;104.00690108564774;66.0547232357253
2.8;6.6857;104.00690108564774;66.0547232357253
2.78;6.5714;104.00690108564774;66.0547232357253
2.75;6.4857;104.00690108564774;66.0547232357253
2.72;6.5143;104.00690108564774;66.0547232357253
2.69;6.4571;104.00690108564774;66.0547232357253
2.65;6.4286;104.00690108564774;66.0547232357253
2.61;6.4286;104.00690108564774;66.0547232357253
2.57;6.4;104.00690108564774;66.0547232357253
2.54;6.3143;104.00690108564774;66.0547232357253
2.51;6.2286;104.00690108564774;66.0547232357253
2.49;6.2286;104.00690108564774;66.0547232357253
2.47;6.2286;104.00690108564774;66.0547232357253
2.45;6.1429;104.00690108564774;66.0547232357253
2.43;6.1143;104.00690108564774;66.0547232357253
2.4;6.0571;104.00690108564774;66.0547232357253
2.37;6.0286;104.00690108564774;66.0547232357253
2.34;5.9143;104.00690108564774;66.0547232357253
2.31;5.8857;104.00690108564774;66.0547232357253
2.27;5.8571;104.00690108564774;66.0547232357253
2.22;5.8571;104.00690108564774;66.0547232357253
2.19;5.7714;104.00690108564774;66.0547232357253
2.15;5.7429;104.00690108564774;66.0547232357253
2.12;5.7143;104.00690108564774;66.0547232357253
2.09;5.6857;104.00690108564774;66.0547232357253
2.05;5.6857;104.00690108564774;66.0547232357253
2.04;5.6286;104.00690108564774;66.0547232357253
2.01;5.6;104.00690108564774;66.0547232357253
1.99;5.4857;104.00690108564774;66.0547232357253
1.95;5.4857;104.00690108564774;66.0547232357253
1.9;5.4571;104.00690108564774;66.0547232357253
1.87;5.4857;104.00690108564774;66.0547232357253
1.83;5.3429;104.00690108564774;66.0547232357253
1.79;5.3714;104.00690108564774;66.0547232357253
1.77;5.2571;104.00690108564774;66.0547232357253
1.77;5.2857;104.00690108564774;66.0547232357253
1.75;5.2571;104.00690108564774;66.0547232357253
1.72;5.1714;104.00690108564774;66.0547232357253
1.69;5.1143;104.00690108564774;66.0547232357253
1.66;5.0857;104.00690108564774;66.0547232357253
1.64;5.0286;104.00690108564774;66.0547232357253
1.6;4.9714;104.00690108564774;66.0547232357253
1.56;4.9429;104.00690108564774;66.0547232357253
1.53;4.9429;104.00690108564774;66.0547232357253
1.51;4.8286;104.00690108564774;66.0547232357253
1.48;4.8286;104.00690108564774;66.0547232357253
1.45;4.8857;104.00690108564774;66.0547232357253
1.43;4.8;104.00690108564774;66.0547232357253
1.39;4.7429;104.00690108564774;66.0547232357253
1.37;4.7143;104.00690108564774;66.0547232357253
1.35;4.7143;104.00690108564774;66.0547232357253
1.32;4.6286;104.00690108564774;66.0547232357253
1.31;4.6286;104.00690108564774;66.0547232357253
1.17;4.5429;104.00690108564774;66.0547232357253
1.14;4.4571;104.00690108564774;66.0547232357253
1.11;4.5143;104.00690108564774;66.0547232357253
1.09;4.4571;104.00690108564774;66.0547232357253
1.06;4.3429;104.00690108564774;66.0547232357253
1.04;4.3143;104.00690108564774;66.0547232357253
1.02;4.3143;104.00690108564774;66.0547232357253
1.0;4.2857;104.00690108564774;66.0547232357253
0.98;4.2857;104.00690108564774;66.0547232357253
0.96;4.2571;104.00690108564774;66.0547232357253
0.94;4.1714;104.00690108564774;66.0547232357253
0.91;4.1143;104.00690108564774;66.0547232357253
0.88;4.1143;104.00690108564774;66.0547232357253
0.86;4.0286;104.00690108564774;66.0547232357253
0.83;3.9714;104.00690108564774;66.0547232357253
0.81;3.8857;104.00690108564774;66.0547232357253
0.79;3.9714;104.00690108564774;66.0547232357253
0.77;3.9714;104.00690108564774;66.0547232357253
0.75;3.9143;104.00690108564774;66.0547232357253
0.72;3.8857;104.00690108564774;66.0547232357253
0.69;3.8286;104.00690108564774;66.0547232357253
0.67;3.8286;104.00690108564774;66.0547232357253
0.66;3.7714;104.00690108564774;66.0547232357253
0.65;3.6571;104.00690108564774;66.0547232357253
0.64;3.6571;104.00690108564774;66.0547232357253
0.62;3.5714;104.00690108564774;66.0547232357253
0.61;3.5714;104.00690108564774;66.0547232357253
0.58;3.5143;104.00690108564774;66.0547232357253
0.56;3.6;104.00690108564774;66.0547232357253
0.55;3.4857;104.00690108564774;66.0547232357253
0.53;3.4571;104.00690108564774;66.0547232357253
0.52;3.4;104.00690108564774;66.0547232357253
0.5;3.4286;104.00690108564774;66.0547232357253
0.47;3.3429;104.00690108564774;66.0547232357253
0.47;3.3714;104.00690108564774;66.0547232357253
0.45;3.2857;104.00690108564774;66.0547232357253
0.43;3.3429;104.00690108564774;66.0547232357253
0.42;3.3143;104.00690108564774;66.0547232357253
0.4;3.2286;104.00690108564774;66.0547232357253
0.39;3.1143;104.00690108564774;66.0547232357253
0.38;3.1143;104.00690108564774;66.0547232357253
0.37;3.1143;104.00690108564774;66.0547232357253
0.36;3.0286;104.00690108564774;66.0547232357253
0.35;3.0;104.00690108564774;66.0547232357253
0.34;2.9714;104.00690108564774;66.0547232357253
0.34;2.9143;104.00690108564774;66.0547232357253
0.33;2.8857;104.00690108564774;66.0547232357253
0.32;2.9429;104.00690108564774;66.0547232357253
0.31;2.8;104.00690108564774;66.0547232357253
0.3;2.7714;104.00690108564774;66.0547232357253
0.29;2.8;104.00690108564774;66.0547232357253
0.28;2.8;104.00690108564774;66.0547232357253
0.28;2.7143;104.00690108564774;66.0547232357253
0.26;2.7143;104.00690108564774;66.0547232357253
0.26;2.6571;104.00690108564774;66.0547232357253
0.26;2.6571;104.00690108564774;66.0547232357253
0.25;2.6286;104.00690108564774;66.0547232357253
0.25;2.6286;104.00690108564774;66.0547232357253
0.24;2.5429;104.00690108564774;66.0547232357253
0.24;2.4857;104.00690108564774;66.0547232357253
0.24;2.3714;104.00690108564774;66.0547232357253
0.23;2.4;104.00690108564774;66.0547232357253
0.23;2.4;104.00690108564774;66.0547232357253
0.23;2.2571;104.00690108564774;66.0547232357253
0.22;2.2571;104.00690108564774;66.0547232357253
0.22;2.3143;104.00690108564774;66.0547232357253
0.22;2.2857;104.00690108564774;66.0547232357253
0.22;2.2286;104.00690108564774;66.0547232357253
0.21;2.2286;104.00690108564774;66.0547232357253
0.21;2.1714;104.00690108564774;66.0547232357253
0.21;2.1143;104.00690108564774;66.0547232357253
0.21;2.0571;104.00690108564774;66.0547232357253
0.2;2.0571;104.00690108564774;66.0547232357253
0.2;2.0857;104.00690108564774;66.0547232357253
0.19;2.0857;104.00690108564774;66.0547232357253
0.19;2.0286;104.00690108564774;66.0547232357253
0.19;2.0571;104.00690108564774;66.0547232357253
0.19;1.9714;104.00690108564774;66.0547232357253
0.18;2.0;104.00690108564774;66.0547232357253
0.17;2.0;104.00690108564774;66.0547232357253
0.18;1.8857;104.00690108564774;66.0547232357253
0.17;1.8571;104.00690108564774;66.0547232357253
0.17;1.8;104.00690108564774;66.0547232357253
0.17;1.7429;104.00690108564774;66.0547232357253
0.17;1.7429;104.00690108564774;66.0547232357253
0.16;1.6571;104.00690108564774;66.0547232357253
0.16;1.6857;104.00690108564774;66.0547232357253
0.15;1.6286;104.00690108564774;66.0547232357253
0.15;1.6286;104.00690108564774;66.0547232357253
0.16;1.6857;104.00690108564774;66.0547232357253
0.16;1.6;104.00690108564774;66.0547232357253
0.15;1.6;104.00690108564774;66.0547232357253
0.15;1.5714;104.00690108564774;66.0547232357253
0.15;1.4571;104.00690108564774;66.0547232357253
0.15;1.4;104.00690108564774;66.0547232357253
0.14;1.3143;104.00690108564774;66.0547232357253
0.15;1.3714;104.00690108564774;66.0547232357253
0.14;1.4;104.00690108564774;66.0547232357253
0.13;1.3429;104.00690108564774;66.0547232357253
0.14;1.4;104.00690108564774;66.0547232357253
0.14;1.3143;104.00690108564774;66.0547232357253
0.13;1.2857;104.00690108564774;66.0547232357253
0.14;1.2286;104.00690108564774;66.0547232357253
0.14;1.2;104.00690108564774;66.0547232357253
0.13;1.2;104.00690108564774;66.0547232357253
0.13;1.2286;104.00690108564774;66.0547232357253
0.13;1.0571;104.00690108564774;66.0547232357253
0.13;1.0571;104.00690108564774;66.0547232357253
0.13;1.0857;104.00690108564774;66.0547232357253
0.12;1.1429;104.00690108564774;66.0547232357253
0.12;1.0857;104.00690108564774;66.0547232357253
0.13;1.0571;104.00690108564774;66.0547232357253
0.12;0.9714;104.00690108564774;66.0547232357253
0.12;0.9714;104.00690108564774;66.0547232357253
0.12;0.9714;104.00690108564774;66.0547232357253
0.12;1.0286;104.00690108564774;66.0547232357253
0.12;0.8857;104.00690108564774;66.0547232357253
0.12;0.9143;104.00690108564774;66.0547232357253
0.12;0.8;104.00690108564774;66.0547232357253
0.12;0.8286;104.00690108564774;66.0547232357253
0.11;0.8286;104.00690108564774;66.0547232357253
0.11;0.7429;104.00690108564774;66.0547232357253
0.12;0.7714;104.00690108564774;66.0547232357253
0.11;0.7143;104.00690108564774;66.0547232357253
0.11;0.8286;104.00690108564774;66.0547232357253
0.11;0.6571;104.00690108564774;66.0547232357253
0.11;0.7429;104.00690108564774;66.0547232357253
0.1;0.6857;104.00690108564774;66.0547232357253
0.1;0.6286;104.00690108564774;66.0547232357253
0.1;0.6571;104.00690108564774;66.0547232357253
0.1;0.5714;104.00690108564774;66.0547232357253
0.11;0.6;104.00690108564774;66.0547232357253
0.1;0.5714;104.00690108564774;66.0547232357253
0.1;0.5429;104.00690108564774;66.0547232357253
0.1;0.5714;104.00690108564774;66.0547232357253
0.1;0.4571;104.00690108564774;66.0547232357253
0.1;0.4857;104.00690108564774;66.0547232357253
0.1;0.5143;104.00690108564774;66.0547232357253
0.1;0.4857;104.00690108564774;66.0547232357253
0.1;0.4;104.00690108564774;66.0547232357253
0.1;0.3429;104.00690108564774;66.0547232357253
0.1;0.4;104.00690108564774;66.0547232357253
0.1;0.3714;104.00690108564774;66.0547232357253
0.09;0.3429;104.00690108564774;66.0547232357253
0.1;0.4571;104.00690108564774;66.0547232357253
0.09;0.3714;104.00690108564774;66.0547232357253
0.1;0.3714;104.00690108564774;66.0547232357253
0.1;0.3429;104.00690108564774;66.0547232357253
0.1;0.3714;104.00690108564774;66.0547232357253
0.1;0.3143;104.00690108564774;66.0547232357253
0.1;0.3429;104.00690108564774;66.0547232357253
0.1;0.2286;104.00690108564774;66.0547232357253
0.1;0.2857;104.00690108564774;66.0547232357253
0.1;0.2857;104.00690108564774;66.0547232357253
0.1;0.3143;104.00690108564774;66.0547232357253
0.09;0.2571;104.00690108564774;66.0547232357253
0.09;0.2857;104.00690108564774;66.0547232357253
0.1;0.2;104.00690108564774;66.0547232357253
0.09;0.2286;104.00690108564774;66.0547232357253
0.09;0.2286;104.00690108564774;66.0547232357253
0.09;0.1143;104.00690108564774;66.0547232357253
0.09;0.2286;104.00690108564774;66.0547232357253
0.08;0.2286;104.00690108564774;66.0547232357253
0.08;0.2286;104.00690108564774;66.0547232357253
0.09;0.2571;104.00690108564774;66.0547232357253
0.09;0.2571;104.00690108564774;66.0547232357253
0.09;0.2286;104.00690108564774;66.0547232357253
0.09;0.2;104.00690108564774;66.0547232357253
0.09;0.3143;104.00690108564774;66.0547232357253
0.09;0.2;104.00690108564774;66.0547232357253
0.09;0.1714;104.00690108564774;66.0547232357253
0.09;0.2;104.00690108564774;66.0547232357253
0.09;0.2;104.00690108564774;66.0547232357253
0.09;0.2;104.00690108564774;66.0547232357253
0.09;0.1143;104.00690108564774;66.0547232357253
0.09;0.2286;104.00690108564774;66.0547232357253
0.09;0.1143;104.00690108564774;66.0547232357253
0.09;0.2;104.00690108564774;66.0547232357253
0.08;0.1714;104.00690108564774;66.0547232357253
0.08;0.1143;104.00690108564774;66.0547232357253
0.08;0.2;104.00690108564774;66.0547232357253
0.07;0.0857;104.00690108564774;66.0547232357253
0.07;0.1143;104.00690108564774;66.0547232357253
0.07;0.0857;104.00690108564774;66.0547232357253
0.08;0.1143;104.00690108564774;66.0547232357253
0.08;0.1429;104.00690108564774;66.0547232357253
0.07;0.1429;104.00690108564774;66.0547232357253
0.07;0.0857;104.00690108564774;66.0547232357253
0.08;0.1143;104.00690108564774;66.0547232357253
0.08;0.1143;104.00690108564774;66.0547232357253
0.08;0.2;104.00690108564774;66.0547232357253
0.08;0.0571;104.00690108564774;66.0547232357253
0.08;0.1714;104.00690108564774;66.0547232357253
0.08;0.0857;104.00690108564774;66.0547232357253
0.08;0.0857;104.00690108564774;66.0547232357253
0.08;0.1429;104.00690108564774;66.0547232357253
0.08;0.1143;104.00690108564774;66.0547232357253
0.08;0.0857;104.00690108564774;66.0547232357253
0.07;0.0857;104.00690108564774;66.0547232357253
0.08;0.0857;104.00690108564774;66.0547232357253
