SF-A-022;Sensirion;RMSE;MAE
-8.375;-8.3143;5.813697160459354;3.6845849833484716
-8.25;-8.2571;5.813697160459354;3.6845849833484716
-8.1875;-8.2571;5.813697160459354;3.6845849833484716
-8.0625;-8.1429;5.813697160459354;3.6845849833484716
-7.9375;-8.1429;5.813697160459354;3.6845849833484716
-7.75;-8.0571;5.813697160459354;3.6845849833484716
-7.625;-8.0571;5.813697160459354;3.6845849833484716
-7.5625;-8.0286;5.813697160459354;3.6845849833484716
-7.5625;-7.9714;5.813697160459354;3.6845849833484716
-7.625;-7.9714;5.813697160459354;3.6845849833484716
-7.6875;-7.9143;5.813697160459354;3.6845849833484716
-7.5;-7.9143;5.813697160459354;3.6845849833484716
-7.25;-7.8286;5.813697160459354;3.6845849833484716
-7.125;-7.8;5.813697160459354;3.6845849833484716
-7.125;-7.8;5.813697160459354;3.6845849833484716
-7.375;-7.7714;5.813697160459354;3.6845849833484716
-7.5625;-7.7143;5.813697160459354;3.6845849833484716
-7.6875;-7.6857;5.813697160459354;3.6845849833484716
-7.6875;-7.7429;5.813697160459354;3.6845849833484716
-7.75;-7.7143;5.813697160459354;3.6845849833484716
-7.6875;-7.7429;5.813697160459354;3.6845849833484716
-7.5;-7.6571;5.813697160459354;3.6845849833484716
-7.375;-7.6286;5.813697160459354;3.6845849833484716
-7.5625;-7.6571;5.813697160459354;3.6845849833484716
-7.875;-7.6286;5.813697160459354;3.6845849833484716
-8.1875;-7.6;5.813697160459354;3.6845849833484716
-8.375;-7.6;5.813697160459354;3.6845849833484716
-8.375;-7.6;5.813697160459354;3.6845849833484716
-8.25;-7.6571;5.813697160459354;3.6845849833484716
-8.0625;-7.7714;5.813697160459354;3.6845849833484716
-7.875;-7.8571;5.813697160459354;3.6845849833484716
-7.5;-7.9429;5.813697160459354;3.6845849833484716
-7.0625;-8.0286;5.813697160459354;3.6845849833484716
-6.8125;-8.1143;5.813697160459354;3.6845849833484716
-6.8125;-8.3143;5.813697160459354;3.6845849833484716
-7.1875;-8.4571;5.813697160459354;3.6845849833484716
-7.6875;-8.6286;5.813697160459354;3.6845849833484716
-8.0;-8.9143;5.813697160459354;3.6845849833484716
-8.1875;-9.0286;5.813697160459354;3.6845849833484716
-8.25;-9.3429;5.813697160459354;3.6845849833484716
-8.1875;-9.5714;5.813697160459354;3.6845849833484716
-8.25;-9.8286;5.813697160459354;3.6845849833484716
-8.3125;-10.1429;5.813697160459354;3.6845849833484716
-8.375;-10.4571;5.813697160459354;3.6845849833484716
-8.5;-10.8286;5.813697160459354;3.6845849833484716
-8.8125;-11.1714;5.813697160459354;3.6845849833484716
-9.25;-11.5714;5.813697160459354;3.6845849833484716
-9.875;-12.0;5.813697160459354;3.6845849833484716
-10.5;-12.4286;5.813697160459354;3.6845849833484716
-11.125;-12.8571;5.813697160459354;3.6845849833484716
-11.75;-13.4;5.813697160459354;3.6845849833484716
-12.3125;-13.8286;5.813697160459354;3.6845849833484716
-12.625;-14.3714;5.813697160459354;3.6845849833484716
-12.75;-14.8571;5.813697160459354;3.6845849833484716
-12.9375;-15.4857;5.813697160459354;3.6845849833484716
-13.375;-15.9714;5.813697160459354;3.6845849833484716
-14.125;-16.5714;5.813697160459354;3.6845849833484716
-15.0;-17.2;5.813697160459354;3.6845849833484716
-15.625;-17.8571;5.813697160459354;3.6845849833484716
-16.0;-18.4;5.813697160459354;3.6845849833484716
-16.1875;-19.0286;5.813697160459354;3.6845849833484716
-16.625;-19.5714;5.813697160459354;3.6845849833484716
-17.4375;-20.1714;5.813697160459354;3.6845849833484716
-18.4375;-20.8857;5.813697160459354;3.6845849833484716
-19.25;-21.6;5.813697160459354;3.6845849833484716
-19.625;-22.2;5.813697160459354;3.6845849833484716
-19.8125;-22.9429;5.813697160459354;3.6845849833484716
-20.25;-23.5429;5.813697160459354;3.6845849833484716
-21.0;-24.2571;5.813697160459354;3.6845849833484716
-21.6875;-24.9429;5.813697160459354;3.6845849833484716
-22.0625;-25.5714;5.813697160459354;3.6845849833484716
-22.1875;-26.2857;5.813697160459354;3.6845849833484716
-22.1875;-26.9714;5.813697160459354;3.6845849833484716
-22.1875;-27.5714;5.813697160459354;3.6845849833484716
-22.75;-28.2857;5.813697160459354;3.6845849833484716
-24.4375;-29.0571;5.813697160459354;3.6845849833484716
-26.5625;-29.5143;5.813697160459354;3.6845849833484716
-28.0625;-30.2;5.813697160459354;3.6845849833484716
-28.875;-30.8571;5.813697160459354;3.6845849833484716
-29.6875;-31.5429;5.813697160459354;3.6845849833484716
-30.6875;-32.2;5.813697160459354;3.6845849833484716
-31.5625;-32.9714;5.813697160459354;3.6845849833484716
-32.3125;-33.6857;5.813697160459354;3.6845849833484716
-33.0625;-34.2857;5.813697160459354;3.6845849833484716
-33.75;-35.0571;5.813697160459354;3.6845849833484716
-34.3125;-35.8286;5.813697160459354;3.6845849833484716
-34.8125;-36.4571;5.813697160459354;3.6845849833484716
-35.375;-37.1714;5.813697160459354;3.6845849833484716
-36.1875;-37.7143;5.813697160459354;3.6845849833484716
-37.1875;-38.4857;5.813697160459354;3.6845849833484716
-38.1875;-39.0;5.813697160459354;3.6845849833484716
-39.125;-39.8;5.813697160459354;3.6845849833484716
-39.9375;-40.7143;5.813697160459354;3.6845849833484716
-40.6875;-41.3714;5.813697160459354;3.6845849833484716
-41.4375;-41.8857;5.813697160459354;3.6845849833484716
-42.0;-42.4;5.813697160459354;3.6845849833484716
-42.4375;-43.2857;5.813697160459354;3.6845849833484716
-42.875;-43.6857;5.813697160459354;3.6845849833484716
-43.375;-44.3714;5.813697160459354;3.6845849833484716
-44.25;-45.0;5.813697160459354;3.6845849833484716
-45.125;-46.1143;5.813697160459354;3.6845849833484716
-45.625;-46.5714;5.813697160459354;3.6845849833484716
-45.8125;-47.5429;5.813697160459354;3.6845849833484716
-45.8125;-47.7429;5.813697160459354;3.6845849833484716
-45.75;-48.4857;5.813697160459354;3.6845849833484716
-45.6875;-49.0286;5.813697160459354;3.6845849833484716
-46.0625;-49.5714;5.813697160459354;3.6845849833484716
-47.3125;-49.7714;5.813697160459354;3.6845849833484716
-49.125;-50.8857;5.813697160459354;3.6845849833484716
-51.0625;-51.2286;5.813697160459354;3.6845849833484716
-52.8125;-51.8;5.813697160459354;3.6845849833484716
-54.0;-52.5429;5.813697160459354;3.6845849833484716
-54.625;-53.1429;5.813697160459354;3.6845849833484716
-54.5;-53.8286;5.813697160459354;3.6845849833484716
-53.875;-54.3714;5.813697160459354;3.6845849833484716
-53.75;-55.0286;5.813697160459354;3.6845849833484716
-54.5;-55.4857;5.813697160459354;3.6845849833484716
-55.875;-56.4286;5.813697160459354;3.6845849833484716
-57.6875;-56.6286;5.813697160459354;3.6845849833484716
-59.375;-57.0857;5.813697160459354;3.6845849833484716
-60.125;-57.7429;5.813697160459354;3.6845849833484716
-59.875;-58.0;5.813697160459354;3.6845849833484716
-59.25;-59.2;5.813697160459354;3.6845849833484716
-59.1875;-58.9143;5.813697160459354;3.6845849833484716
-59.875;-59.5429;5.813697160459354;3.6845849833484716
-60.6875;-60.1429;5.813697160459354;3.6845849833484716
-61.3125;-60.4;5.813697160459354;3.6845849833484716
-62.0;-61.4;5.813697160459354;3.6845849833484716
-63.125;-61.9429;5.813697160459354;3.6845849833484716
-64.0;-62.0857;5.813697160459354;3.6845849833484716
-64.3125;-63.6;5.813697160459354;3.6845849833484716
-64.3125;-64.1143;5.813697160459354;3.6845849833484716
-64.3125;-63.9429;5.813697160459354;3.6845849833484716
-64.375;-65.1714;5.813697160459354;3.6845849833484716
-64.4375;-65.8;5.813697160459354;3.6845849833484716
-64.4375;-66.0571;5.813697160459354;3.6845849833484716
-64.5;-66.9143;5.813697160459354;3.6845849833484716
-64.5625;-67.2;5.813697160459354;3.6845849833484716
-65.0625;-67.2286;5.813697160459354;3.6845849833484716
-66.0625;-67.7143;5.813697160459354;3.6845849833484716
-67.5;-68.7143;5.813697160459354;3.6845849833484716
-69.25;-68.9143;5.813697160459354;3.6845849833484716
-71.1875;-69.6857;5.813697160459354;3.6845849833484716
-72.5;-70.3429;5.813697160459354;3.6845849833484716
-73.0625;-70.0857;5.813697160459354;3.6845849833484716
-72.9375;-70.3429;5.813697160459354;3.6845849833484716
-72.8125;-71.3429;5.813697160459354;3.6845849833484716
-72.875;-72.7143;5.813697160459354;3.6845849833484716
-73.0625;-73.0857;5.813697160459354;3.6845849833484716
-73.5;-72.8571;5.813697160459354;3.6845849833484716
-74.0625;-73.6571;5.813697160459354;3.6845849833484716
-74.6875;-74.2;5.813697160459354;3.6845849833484716
-75.375;-75.2571;5.813697160459354;3.6845849833484716
-76.25;-75.1143;5.813697160459354;3.6845849833484716
-77.625;-76.4857;5.813697160459354;3.6845849833484716
-78.75;-77.4571;5.813697160459354;3.6845849833484716
-79.0625;-77.8;5.813697160459354;3.6845849833484716
-78.9375;-77.0571;5.813697160459354;3.6845849833484716
-79.25;-77.2286;5.813697160459354;3.6845849833484716
-79.8125;-78.4286;5.813697160459354;3.6845849833484716
-80.625;-79.6857;5.813697160459354;3.6845849833484716
-81.4375;-79.7714;5.813697160459354;3.6845849833484716
-81.875;-79.8857;5.813697160459354;3.6845849833484716
-81.8125;-79.8286;5.813697160459354;3.6845849833484716
-81.125;-80.2286;5.813697160459354;3.6845849833484716
-80.25;-81.6857;5.813697160459354;3.6845849833484716
-79.625;-82.5429;5.813697160459354;3.6845849833484716
-79.375;-81.8;5.813697160459354;3.6845849833484716
-79.3125;-82.3714;5.813697160459354;3.6845849833484716
-79.4375;-82.6857;5.813697160459354;3.6845849833484716
-80.125;-83.4;5.813697160459354;3.6845849833484716
-81.75;-84.7429;5.813697160459354;3.6845849833484716
-83.5625;-84.9714;5.813697160459354;3.6845849833484716
-84.9375;-85.2;5.813697160459354;3.6845849833484716
-85.9375;-84.9143;5.813697160459354;3.6845849833484716
-86.6875;-84.7143;5.813697160459354;3.6845849833484716
-87.0625;-85.7429;5.813697160459354;3.6845849833484716
-87.3125;-86.7143;5.813697160459354;3.6845849833484716
-87.8125;-86.7714;5.813697160459354;3.6845849833484716
-88.3125;-86.8571;5.813697160459354;3.6845849833484716
-88.8125;-87.4286;5.813697160459354;3.6845849833484716
-89.5;-88.2286;5.813697160459354;3.6845849833484716
-90.125;-88.2286;5.813697160459354;3.6845849833484716
-90.75;-88.4571;5.813697160459354;3.6845849833484716
-91.1875;-88.6286;5.813697160459354;3.6845849833484716
-91.0;-89.8;5.813697160459354;3.6845849833484716
-90.3125;-89.9143;5.813697160459354;3.6845849833484716
-90.1875;-89.8571;5.813697160459354;3.6845849833484716
-90.75;-90.0;5.813697160459354;3.6845849833484716
-91.75;-90.2857;5.813697160459354;3.6845849833484716
-93.1875;-91.2857;5.813697160459354;3.6845849833484716
-94.625;-92.3429;5.813697160459354;3.6845849833484716
-95.5;-92.1429;5.813697160459354;3.6845849833484716
-96.3125;-92.7714;5.813697160459354;3.6845849833484716
-96.875;-92.1429;5.813697160459354;3.6845849833484716
-96.875;-91.5714;5.813697160459354;3.6845849833484716
-96.875;-92.4;5.813697160459354;3.6845849833484716
-97.125;-93.0857;5.813697160459354;3.6845849833484716
-97.3125;-92.8571;5.813697160459354;3.6845849833484716
-97.4375;-93.7429;5.813697160459354;3.6845849833484716
-97.5;-93.9429;5.813697160459354;3.6845849833484716
-97.4375;-95.2286;5.813697160459354;3.6845849833484716
-97.375;-95.3143;5.813697160459354;3.6845849833484716
-97.4375;-95.6;5.813697160459354;3.6845849833484716
-97.75;-96.0857;5.813697160459354;3.6845849833484716
-98.625;-95.6571;5.813697160459354;3.6845849833484716
-99.5;-97.1429;5.813697160459354;3.6845849833484716
-100.3125;-96.9143;5.813697160459354;3.6845849833484716
-100.9375;-97.8857;5.813697160459354;3.6845849833484716
-100.6875;-98.5143;5.813697160459354;3.6845849833484716
-100.1875;-97.7714;5.813697160459354;3.6845849833484716
-100.125;-98.4;5.813697160459354;3.6845849833484716
-100.4375;-98.5143;5.813697160459354;3.6845849833484716
-100.6875;-98.1714;5.813697160459354;3.6845849833484716
-101.0625;-100.6857;5.813697160459354;3.6845849833484716
-101.75;-99.4571;5.813697160459354;3.6845849833484716
-102.375;-100.7143;5.813697160459354;3.6845849833484716
-102.5;-101.4857;5.813697160459354;3.6845849833484716
-102.5625;-101.5714;5.813697160459354;3.6845849833484716
-102.625;-100.9143;5.813697160459354;3.6845849833484716
-102.125;-102.2;5.813697160459354;3.6845849833484716
-101.875;-101.6;5.813697160459354;3.6845849833484716
-103.125;-101.7714;5.813697160459354;3.6845849833484716
-105.25;-101.8571;5.813697160459354;3.6845849833484716
-106.6875;-102.5714;5.813697160459354;3.6845849833484716
-107.0625;-103.2286;5.813697160459354;3.6845849833484716
-106.875;-103.3714;5.813697160459354;3.6845849833484716
-106.6875;-102.7143;5.813697160459354;3.6845849833484716
-106.5;-103.3714;5.813697160459354;3.6845849833484716
-106.3125;-104.0857;5.813697160459354;3.6845849833484716
-106.25;-105.3429;5.813697160459354;3.6845849833484716
-106.1875;-107.3143;5.813697160459354;3.6845849833484716
-106.1875;-107.3143;5.813697160459354;3.6845849833484716
-106.125;-106.9429;5.813697160459354;3.6845849833484716
-106.1875;-105.9429;5.813697160459354;3.6845849833484716
-106.875;-105.4286;5.813697160459354;3.6845849833484716
-108.0625;-106.6286;5.813697160459354;3.6845849833484716
-109.1875;-107.4;5.813697160459354;3.6845849833484716
-109.4375;-108.3714;5.813697160459354;3.6845849833484716
-108.9375;-108.2286;5.813697160459354;3.6845849833484716
-108.3125;-108.4857;5.813697160459354;3.6845849833484716
-108.0;-109.1429;5.813697160459354;3.6845849833484716
-107.9375;-109.2;5.813697160459354;3.6845849833484716
-108.4375;-109.0;5.813697160459354;3.6845849833484716
-109.9375;-109.6571;5.813697160459354;3.6845849833484716
-111.875;-110.0571;5.813697160459354;3.6845849833484716
-113.375;-110.9714;5.813697160459354;3.6845849833484716
-113.8125;-110.8857;5.813697160459354;3.6845849833484716
-113.625;-112.3714;5.813697160459354;3.6845849833484716
-113.75;-111.6571;5.813697160459354;3.6845849833484716
-113.9375;-112.5429;5.813697160459354;3.6845849833484716
-113.6875;-112.1143;5.813697160459354;3.6845849833484716
-113.125;-112.4;5.813697160459354;3.6845849833484716
-112.5;-113.3714;5.813697160459354;3.6845849833484716
-111.875;-112.8857;5.813697160459354;3.6845849833484716
-111.6875;-113.7429;5.813697160459354;3.6845849833484716
-112.1875;-113.2857;5.813697160459354;3.6845849833484716
-113.0;-112.2286;5.813697160459354;3.6845849833484716
-113.6875;-112.9714;5.813697160459354;3.6845849833484716
-114.375;-114.4286;5.813697160459354;3.6845849833484716
-115.4375;-114.4;5.813697160459354;3.6845849833484716
-116.5;-113.6;5.813697160459354;3.6845849833484716
-117.1875;-113.6571;5.813697160459354;3.6845849833484716
-117.5;-115.0286;5.813697160459354;3.6845849833484716
-117.5;-114.6857;5.813697160459354;3.6845849833484716
-117.3125;-114.5714;5.813697160459354;3.6845849833484716
-116.9375;-114.6857;5.813697160459354;3.6845849833484716
-116.8125;-114.2;5.813697160459354;3.6845849833484716
-116.6875;-113.8286;5.813697160459354;3.6845849833484716
-115.875;-115.4;5.813697160459354;3.6845849833484716
-115.5;-115.2286;5.813697160459354;3.6845849833484716
-117.0;-115.6286;5.813697160459354;3.6845849833484716
-119.0;-116.3429;5.813697160459354;3.6845849833484716
-119.6875;-116.9714;5.813697160459354;3.6845849833484716
-119.1875;-118.0857;5.813697160459354;3.6845849833484716
-118.5;-117.8286;5.813697160459354;3.6845849833484716
-118.125;-118.7429;5.813697160459354;3.6845849833484716
-118.1875;-117.9429;5.813697160459354;3.6845849833484716
-118.375;-117.9143;5.813697160459354;3.6845849833484716
-119.125;-118.2571;5.813697160459354;3.6845849833484716
-120.3125;-118.3429;5.813697160459354;3.6845849833484716
-121.625;-118.6857;5.813697160459354;3.6845849833484716
-122.0;-119.3714;5.813697160459354;3.6845849833484716
-121.375;-119.6857;5.813697160459354;3.6845849833484716
-120.1875;-119.5143;5.813697160459354;3.6845849833484716
-118.875;-121.6;5.813697160459354;3.6845849833484716
-118.4375;-120.1429;5.813697160459354;3.6845849833484716
-119.0;-119.9714;5.813697160459354;3.6845849833484716
-120.0;-121.2571;5.813697160459354;3.6845849833484716
-120.75;-119.7143;5.813697160459354;3.6845849833484716
-121.0;-121.1429;5.813697160459354;3.6845849833484716
-120.875;-121.5714;5.813697160459354;3.6845849833484716
-120.4375;-120.7429;5.813697160459354;3.6845849833484716
-120.0;-121.2857;5.813697160459354;3.6845849833484716
-119.6875;-121.5429;5.813697160459354;3.6845849833484716
-119.625;-122.8;5.813697160459354;3.6845849833484716
-119.5625;-122.0857;5.813697160459354;3.6845849833484716
-119.75;-121.8571;5.813697160459354;3.6845849833484716
-120.125;-121.4;5.813697160459354;3.6845849833484716
-120.4375;-121.4857;5.813697160459354;3.6845849833484716
-120.5625;-123.2;5.813697160459354;3.6845849833484716
-120.75;-123.6;5.813697160459354;3.6845849833484716
-121.125;-123.7429;5.813697160459354;3.6845849833484716
-122.0625;-123.0;5.813697160459354;3.6845849833484716
-123.5625;-123.3143;5.813697160459354;3.6845849833484716
-125.0625;-123.8286;5.813697160459354;3.6845849833484716
-125.5;-123.8571;5.813697160459354;3.6845849833484716
-125.0;-124.2571;5.813697160459354;3.6845849833484716
-124.3125;-124.2857;5.813697160459354;3.6845849833484716
-124.0625;-124.9714;5.813697160459354;3.6845849833484716
-124.125;-123.6571;5.813697160459354;3.6845849833484716
-124.3125;-124.5143;5.813697160459354;3.6845849833484716
-124.625;-125.3143;5.813697160459354;3.6845849833484716
-125.0625;-125.0;5.813697160459354;3.6845849833484716
-125.5;-124.9714;5.813697160459354;3.6845849833484716
-125.3125;-125.6286;5.813697160459354;3.6845849833484716
-125.1875;-126.2;5.813697160459354;3.6845849833484716
-125.5;-126.1143;5.813697160459354;3.6845849833484716
-125.375;-126.7429;5.813697160459354;3.6845849833484716
-124.8125;-126.5714;5.813697160459354;3.6845849833484716
-124.5625;-126.3143;5.813697160459354;3.6845849833484716
-125.375;-126.2857;5.813697160459354;3.6845849833484716
-126.6875;-127.8;5.813697160459354;3.6845849833484716
-127.75;-127.2571;5.813697160459354;3.6845849833484716
-128.375;-126.2571;5.813697160459354;3.6845849833484716
-128.5;-126.4286;5.813697160459354;3.6845849833484716
-128.4375;-128.0286;5.813697160459354;3.6845849833484716
-128.3125;-128.8;5.813697160459354;3.6845849833484716
-128.25;-129.5429;5.813697160459354;3.6845849833484716
-128.3125;-130.2;5.813697160459354;3.6845849833484716
-128.1875;-130.3429;5.813697160459354;3.6845849833484716
-127.5;-130.8571;5.813697160459354;3.6845849833484716
-126.625;-129.0857;5.813697160459354;3.6845849833484716
-125.625;-129.8571;5.813697160459354;3.6845849833484716
-125.125;-130.0;5.813697160459354;3.6845849833484716
-126.25;-130.4;5.813697160459354;3.6845849833484716
-127.9375;-129.9143;5.813697160459354;3.6845849833484716
-129.0;-130.0;5.813697160459354;3.6845849833484716
-129.5;-130.8571;5.813697160459354;3.6845849833484716
-129.5;-131.2571;5.813697160459354;3.6845849833484716
-129.25;-131.1714;5.813697160459354;3.6845849833484716
-129.0625;-130.8857;5.813697160459354;3.6845849833484716
-129.0;-130.2286;5.813697160459354;3.6845849833484716
-129.125;-130.4;5.813697160459354;3.6845849833484716
-129.0625;-130.6857;5.813697160459354;3.6845849833484716
-128.75;-129.6571;5.813697160459354;3.6845849833484716
-128.9375;-129.6;5.813697160459354;3.6845849833484716
-129.8125;-130.1143;5.813697160459354;3.6845849833484716
-130.6875;-131.3143;5.813697160459354;3.6845849833484716
-130.625;-132.0;5.813697160459354;3.6845849833484716
-129.6875;-131.3714;5.813697160459354;3.6845849833484716
-128.6875;-132.2571;5.813697160459354;3.6845849833484716
-128.375;-131.9143;5.813697160459354;3.6845849833484716
-129.0;-131.7429;5.813697160459354;3.6845849833484716
-129.5625;-131.5429;5.813697160459354;3.6845849833484716
-130.0;-131.5429;5.813697160459354;3.6845849833484716
-131.125;-130.9143;5.813697160459354;3.6845849833484716
-132.5625;-131.8571;5.813697160459354;3.6845849833484716
-133.5;-132.7429;5.813697160459354;3.6845849833484716
-133.9375;-132.6857;5.813697160459354;3.6845849833484716
-134.0;-134.0;5.813697160459354;3.6845849833484716
-133.6875;-133.0857;5.813697160459354;3.6845849833484716
-133.125;-134.0;5.813697160459354;3.6845849833484716
-132.5;-133.0286;5.813697160459354;3.6845849833484716
-131.8125;-132.3429;5.813697160459354;3.6845849833484716
-131.75;-133.3429;5.813697160459354;3.6845849833484716
-132.25;-132.1143;5.813697160459354;3.6845849833484716
-132.5625;-133.0857;5.813697160459354;3.6845849833484716
-132.75;-133.4571;5.813697160459354;3.6845849833484716
-132.9375;-134.4;5.813697160459354;3.6845849833484716
-132.9375;-135.5143;5.813697160459354;3.6845849833484716
-133.125;-134.8571;5.813697160459354;3.6845849833484716
-133.8125;-134.8571;5.813697160459354;3.6845849833484716
-134.6875;-136.2857;5.813697160459354;3.6845849833484716
-135.1875;-136.0857;5.813697160459354;3.6845849833484716
-135.0625;-133.2857;5.813697160459354;3.6845849833484716
-134.8125;-134.2857;5.813697160459354;3.6845849833484716
-134.75;-136.3429;5.813697160459354;3.6845849833484716
-134.75;-135.5714;5.813697160459354;3.6845849833484716
-134.1875;-137.4286;5.813697160459354;3.6845849833484716
-133.1875;-137.2286;5.813697160459354;3.6845849833484716
-132.9375;-137.2571;5.813697160459354;3.6845849833484716
-133.875;-136.9143;5.813697160459354;3.6845849833484716
-134.8125;-135.9143;5.813697160459354;3.6845849833484716
-134.75;-137.1429;5.813697160459354;3.6845849833484716
-134.4375;-137.2571;5.813697160459354;3.6845849833484716
-134.9375;-136.4;5.813697160459354;3.6845849833484716
-136.25;-137.5143;5.813697160459354;3.6845849833484716
-137.75;-137.1714;5.813697160459354;3.6845849833484716
-138.9375;-136.6;5.813697160459354;3.6845849833484716
-139.5;-138.0;5.813697160459354;3.6845849833484716
-139.6875;-137.8571;5.813697160459354;3.6845849833484716
-139.6875;-138.6857;5.813697160459354;3.6845849833484716
-139.0;-139.4286;5.813697160459354;3.6845849833484716
-137.75;-138.6857;5.813697160459354;3.6845849833484716
-136.5;-137.9714;5.813697160459354;3.6845849833484716
-135.125;-139.4571;5.813697160459354;3.6845849833484716
-134.0;-138.5143;5.813697160459354;3.6845849833484716
-133.8125;-138.4857;5.813697160459354;3.6845849833484716
-134.9375;-139.8571;5.813697160459354;3.6845849833484716
-136.1875;-139.2286;5.813697160459354;3.6845849833484716
-136.5625;-138.8;5.813697160459354;3.6845849833484716
-137.1875;-138.3714;5.813697160459354;3.6845849833484716
-138.1875;-138.0571;5.813697160459354;3.6845849833484716
-138.3125;-138.5429;5.813697160459354;3.6845849833484716
-137.625;-137.5714;5.813697160459354;3.6845849833484716
-137.0625;-138.1714;5.813697160459354;3.6845849833484716
-136.375;-136.4;5.813697160459354;3.6845849833484716
-136.125;-136.7429;5.813697160459354;3.6845849833484716
-136.8125;-137.2571;5.813697160459354;3.6845849833484716
-137.125;-137.9429;5.813697160459354;3.6845849833484716
-136.4375;-137.6571;5.813697160459354;3.6845849833484716
-135.9375;-137.3143;5.813697160459354;3.6845849833484716
-136.375;-136.6571;5.813697160459354;3.6845849833484716
-136.5625;-136.8857;5.813697160459354;3.6845849833484716
-136.0;-135.3714;5.813697160459354;3.6845849833484716
-135.125;-135.0571;5.813697160459354;3.6845849833484716
-134.1875;-136.1143;5.813697160459354;3.6845849833484716
-133.75;-134.1429;5.813697160459354;3.6845849833484716
-134.125;-133.5143;5.813697160459354;3.6845849833484716
-134.1875;-134.2857;5.813697160459354;3.6845849833484716
-133.6875;-132.8286;5.813697160459354;3.6845849833484716
-133.1875;-132.6857;5.813697160459354;3.6845849833484716
-132.875;-133.2286;5.813697160459354;3.6845849833484716
-132.75;-132.8857;5.813697160459354;3.6845849833484716
-132.75;-130.8857;5.813697160459354;3.6845849833484716
-132.625;-131.5429;5.813697160459354;3.6845849833484716
-131.9375;-130.8857;5.813697160459354;3.6845849833484716
-130.625;-130.3429;5.813697160459354;3.6845849833484716
-129.875;-129.8571;5.813697160459354;3.6845849833484716
-130.0625;-129.9429;5.813697160459354;3.6845849833484716
-130.375;-130.8286;5.813697160459354;3.6845849833484716
-129.9375;-128.8286;5.813697160459354;3.6845849833484716
-129.4375;-128.6857;5.813697160459354;3.6845849833484716
-129.125;-128.7143;5.813697160459354;3.6845849833484716
-128.875;-129.5429;5.813697160459354;3.6845849833484716
-128.875;-128.5143;5.813697160459354;3.6845849833484716
-129.0625;-128.2286;5.813697160459354;3.6845849833484716
-129.25;-128.2286;5.813697160459354;3.6845849833484716
-128.8125;-126.1143;5.813697160459354;3.6845849833484716
-127.875;-126.5429;5.813697160459354;3.6845849833484716
-127.3125;-127.5429;5.813697160459354;3.6845849833484716
-127.5625;-127.0857;5.813697160459354;3.6845849833484716
-128.0625;-126.0857;5.813697160459354;3.6845849833484716
-127.9375;-125.5143;5.813697160459354;3.6845849833484716
-127.4375;-126.0571;5.813697160459354;3.6845849833484716
-127.3125;-126.2571;5.813697160459354;3.6845849833484716
-127.3125;-124.6286;5.813697160459354;3.6845849833484716
-127.0625;-124.9143;5.813697160459354;3.6845849833484716
-126.375;-125.0286;5.813697160459354;3.6845849833484716
-125.8125;-124.2571;5.813697160459354;3.6845849833484716
-125.875;-122.4286;5.813697160459354;3.6845849833484716
-126.125;-122.4571;5.813697160459354;3.6845849833484716
-126.1875;-123.8857;5.813697160459354;3.6845849833484716
-126.1875;-124.3714;5.813697160459354;3.6845849833484716
-126.125;-123.3143;5.813697160459354;3.6845849833484716
-126.125;-124.2571;5.813697160459354;3.6845849833484716
-126.125;-123.4857;5.813697160459354;3.6845849833484716
-126.625;-123.3714;5.813697160459354;3.6845849833484716
-126.875;-123.6286;5.813697160459354;3.6845849833484716
-125.5;-122.0286;5.813697160459354;3.6845849833484716
-123.125;-122.1143;5.813697160459354;3.6845849833484716
-121.75;-122.5429;5.813697160459354;3.6845849833484716
-121.8125;-122.0857;5.813697160459354;3.6845849833484716
-122.6875;-121.8;5.813697160459354;3.6845849833484716
-123.625;-122.1429;5.813697160459354;3.6845849833484716
-124.25;-121.1714;5.813697160459354;3.6845849833484716
-124.0625;-121.0286;5.813697160459354;3.6845849833484716
-122.9375;-120.7143;5.813697160459354;3.6845849833484716
-121.8125;-119.4571;5.813697160459354;3.6845849833484716
-121.25;-119.3143;5.813697160459354;3.6845849833484716
-121.6875;-118.8571;5.813697160459354;3.6845849833484716
-122.5625;-120.2286;5.813697160459354;3.6845849833484716
-122.6875;-118.5714;5.813697160459354;3.6845849833484716
-122.25;-117.6;5.813697160459354;3.6845849833484716
-121.875;-117.2571;5.813697160459354;3.6845849833484716
-121.5625;-117.3714;5.813697160459354;3.6845849833484716
-121.4375;-117.5143;5.813697160459354;3.6845849833484716
-121.375;-118.1143;5.813697160459354;3.6845849833484716
-121.0;-117.9429;5.813697160459354;3.6845849833484716
-120.5;-118.3143;5.813697160459354;3.6845849833484716
-120.25;-117.1143;5.813697160459354;3.6845849833484716
-120.25;-115.8286;5.813697160459354;3.6845849833484716
-120.0;-116.4571;5.813697160459354;3.6845849833484716
-119.375;-116.5429;5.813697160459354;3.6845849833484716
-118.6875;-115.0857;5.813697160459354;3.6845849833484716
-118.25;-116.1714;5.813697160459354;3.6845849833484716
-118.0625;-115.1714;5.813697160459354;3.6845849833484716
-118.0625;-114.3429;5.813697160459354;3.6845849833484716
-118.125;-114.5429;5.813697160459354;3.6845849833484716
-118.0625;-114.6857;5.813697160459354;3.6845849833484716
-117.6875;-114.4286;5.813697160459354;3.6845849833484716
-117.1875;-113.8857;5.813697160459354;3.6845849833484716
-117.125;-113.9429;5.813697160459354;3.6845849833484716
-117.3125;-113.7429;5.813697160459354;3.6845849833484716
-117.4375;-113.6286;5.813697160459354;3.6845849833484716
-117.3125;-113.6;5.813697160459354;3.6845849833484716
-116.9375;-112.0857;5.813697160459354;3.6845849833484716
-116.3125;-112.6571;5.813697160459354;3.6845849833484716
-115.6875;-113.3429;5.813697160459354;3.6845849833484716
-115.375;-113.0;5.813697160459354;3.6845849833484716
-115.375;-111.1429;5.813697160459354;3.6845849833484716
-115.5625;-111.2286;5.813697160459354;3.6845849833484716
-115.5;-110.7429;5.813697160459354;3.6845849833484716
-115.4375;-111.5714;5.813697160459354;3.6845849833484716
-115.375;-111.3143;5.813697160459354;3.6845849833484716
-115.25;-111.4;5.813697160459354;3.6845849833484716
-115.0625;-110.8286;5.813697160459354;3.6845849833484716
-115.0625;-111.9143;5.813697160459354;3.6845849833484716
-115.3125;-111.7429;5.813697160459354;3.6845849833484716
-115.25;-110.8857;5.813697160459354;3.6845849833484716
-114.25;-110.9143;5.813697160459354;3.6845849833484716
-112.25;-109.9714;5.813697160459354;3.6845849833484716
-110.125;-109.2286;5.813697160459354;3.6845849833484716
-109.0625;-110.0571;5.813697160459354;3.6845849833484716
-109.4375;-109.6286;5.813697160459354;3.6845849833484716
-110.4375;-108.8;5.813697160459354;3.6845849833484716
-111.25;-110.1429;5.813697160459354;3.6845849833484716
-111.75;-109.2;5.813697160459354;3.6845849833484716
-111.875;-108.8857;5.813697160459354;3.6845849833484716
-111.875;-108.2;5.813697160459354;3.6845849833484716
-111.6875;-108.0286;5.813697160459354;3.6845849833484716
-111.375;-107.5429;5.813697160459354;3.6845849833484716
-110.875;-107.0571;5.813697160459354;3.6845849833484716
-110.375;-106.9429;5.813697160459354;3.6845849833484716
-109.9375;-106.1143;5.813697160459354;3.6845849833484716
-109.5625;-106.8286;5.813697160459354;3.6845849833484716
-109.4375;-106.8;5.813697160459354;3.6845849833484716
-109.375;-107.3429;5.813697160459354;3.6845849833484716
-109.4375;-106.7429;5.813697160459354;3.6845849833484716
-109.8125;-106.3429;5.813697160459354;3.6845849833484716
-109.8125;-106.1143;5.813697160459354;3.6845849833484716
-108.9375;-106.1143;5.813697160459354;3.6845849833484716
-107.6875;-105.5429;5.813697160459354;3.6845849833484716
-106.6875;-105.3143;5.813697160459354;3.6845849833484716
-106.375;-105.6;5.813697160459354;3.6845849833484716
-106.8125;-104.4571;5.813697160459354;3.6845849833484716
-107.5625;-104.6;5.813697160459354;3.6845849833484716
-107.625;-104.2;5.813697160459354;3.6845849833484716
-107.1875;-104.5143;5.813697160459354;3.6845849833484716
-107.25;-104.2;5.813697160459354;3.6845849833484716
-107.75;-102.7143;5.813697160459354;3.6845849833484716
-108.375;-102.0571;5.813697160459354;3.6845849833484716
-108.6875;-102.3143;5.813697160459354;3.6845849833484716
-108.25;-102.6571;5.813697160459354;3.6845849833484716
-107.3125;-102.2571;5.813697160459354;3.6845849833484716
-106.375;-102.7714;5.813697160459354;3.6845849833484716
-105.5;-102.2;5.813697160459354;3.6845849833484716
-105.0;-101.2286;5.813697160459354;3.6845849833484716
-104.8125;-102.7714;5.813697160459354;3.6845849833484716
-104.875;-102.5714;5.813697160459354;3.6845849833484716
-104.9375;-102.6286;5.813697160459354;3.6845849833484716
-105.0;-101.1714;5.813697160459354;3.6845849833484716
-105.25;-100.8571;5.813697160459354;3.6845849833484716
-105.6875;-100.5714;5.813697160459354;3.6845849833484716
-106.0;-100.4857;5.813697160459354;3.6845849833484716
-105.9375;-100.6857;5.813697160459354;3.6845849833484716
-105.9375;-100.6571;5.813697160459354;3.6845849833484716
-105.5625;-100.0857;5.813697160459354;3.6845849833484716
-104.4375;-99.8571;5.813697160459354;3.6845849833484716
-103.5625;-99.8571;5.813697160459354;3.6845849833484716
-103.6875;-99.8857;5.813697160459354;3.6845849833484716
-104.0;-99.6;5.813697160459354;3.6845849833484716
-103.625;-99.2;5.813697160459354;3.6845849833484716
-103.0625;-99.2286;5.813697160459354;3.6845849833484716
-102.6875;-98.4286;5.813697160459354;3.6845849833484716
-102.875;-98.4;5.813697160459354;3.6845849833484716
-103.125;-98.8857;5.813697160459354;3.6845849833484716
-102.5625;-98.5714;5.813697160459354;3.6845849833484716
-101.5625;-97.9429;5.813697160459354;3.6845849833484716
-101.375;-98.0857;5.813697160459354;3.6845849833484716
-102.0625;-98.0857;5.813697160459354;3.6845849833484716
-102.625;-97.0286;5.813697160459354;3.6845849833484716
-102.75;-96.6571;5.813697160459354;3.6845849833484716
-102.1875;-96.5714;5.813697160459354;3.6845849833484716
-101.5625;-96.9143;5.813697160459354;3.6845849833484716
-101.3125;-96.5714;5.813697160459354;3.6845849833484716
-100.3125;-96.0857;5.813697160459354;3.6845849833484716
-98.9375;-95.7143;5.813697160459354;3.6845849833484716
-98.5;-96.0857;5.813697160459354;3.6845849833484716
-98.9375;-95.4571;5.813697160459354;3.6845849833484716
-99.5625;-94.6286;5.813697160459354;3.6845849833484716
-100.0625;-95.4571;5.813697160459354;3.6845849833484716
-100.3125;-96.6;5.813697160459354;3.6845849833484716
-100.375;-96.0286;5.813697160459354;3.6845849833484716
-100.4375;-95.7143;5.813697160459354;3.6845849833484716
-100.5;-94.0286;5.813697160459354;3.6845849833484716
-100.25;-94.7714;5.813697160459354;3.6845849833484716
-99.125;-95.5714;5.813697160459354;3.6845849833484716
-98.125;-95.2;5.813697160459354;3.6845849833484716
-98.375;-94.5714;5.813697160459354;3.6845849833484716
-99.0625;-94.9714;5.813697160459354;3.6845849833484716
-99.1875;-94.4571;5.813697160459354;3.6845849833484716
-98.9375;-93.7143;5.813697160459354;3.6845849833484716
-98.9375;-93.0286;5.813697160459354;3.6845849833484716
-98.625;-93.1429;5.813697160459354;3.6845849833484716
-97.8125;-94.0286;5.813697160459354;3.6845849833484716
-97.5;-94.1714;5.813697160459354;3.6845849833484716
-97.6875;-92.7429;5.813697160459354;3.6845849833484716
-97.8125;-92.4286;5.813697160459354;3.6845849833484716
-97.4375;-92.2286;5.813697160459354;3.6845849833484716
-96.8125;-92.5143;5.813697160459354;3.6845849833484716
-96.125;-91.8286;5.813697160459354;3.6845849833484716
-94.9375;-92.2286;5.813697160459354;3.6845849833484716
-93.5625;-92.1429;5.813697160459354;3.6845849833484716
-92.8125;-92.3429;5.813697160459354;3.6845849833484716
-93.125;-92.4857;5.813697160459354;3.6845849833484716
-93.75;-92.0571;5.813697160459354;3.6845849833484716
-94.0625;-91.3714;5.813697160459354;3.6845849833484716
-93.875;-91.0857;5.813697160459354;3.6845849833484716
-93.625;-90.9143;5.813697160459354;3.6845849833484716
-93.5625;-91.4286;5.813697160459354;3.6845849833484716
-93.4375;-91.0857;5.813697160459354;3.6845849833484716
-93.25;-90.6;5.813697160459354;3.6845849833484716
-93.125;-90.6;5.813697160459354;3.6845849833484716
-93.0625;-89.8857;5.813697160459354;3.6845849833484716
-93.0625;-89.5714;5.813697160459354;3.6845849833484716
-93.0625;-88.9143;5.813697160459354;3.6845849833484716
-93.125;-89.2286;5.813697160459354;3.6845849833484716
-93.4375;-89.3429;5.813697160459354;3.6845849833484716
-93.8125;-89.6;5.813697160459354;3.6845849833484716
-94.1875;-88.6857;5.813697160459354;3.6845849833484716
-94.1875;-89.2571;5.813697160459354;3.6845849833484716
-93.5625;-88.8286;5.813697160459354;3.6845849833484716
-92.75;-89.1714;5.813697160459354;3.6845849833484716
-91.8125;-88.8286;5.813697160459354;3.6845849833484716
-90.625;-88.1429;5.813697160459354;3.6845849833484716
-90.0625;-88.7714;5.813697160459354;3.6845849833484716
-90.8125;-88.5714;5.813697160459354;3.6845849833484716
-91.8125;-89.0571;5.813697160459354;3.6845849833484716
-92.4375;-89.0571;5.813697160459354;3.6845849833484716
-92.5;-88.0571;5.813697160459354;3.6845849833484716
-92.125;-87.4857;5.813697160459354;3.6845849833484716
-91.25;-87.6857;5.813697160459354;3.6845849833484716
-90.3125;-86.7143;5.813697160459354;3.6845849833484716
-89.875;-86.6857;5.813697160459354;3.6845849833484716
-90.0625;-87.8;5.813697160459354;3.6845849833484716
-90.8125;-87.7714;5.813697160459354;3.6845849833484716
-91.5625;-87.4571;5.813697160459354;3.6845849833484716
-91.4375;-86.2286;5.813697160459354;3.6845849833484716
-90.8125;-86.0286;5.813697160459354;3.6845849833484716
-90.375;-86.2;5.813697160459354;3.6845849833484716
-90.0;-86.1143;5.813697160459354;3.6845849833484716
-89.375;-85.7143;5.813697160459354;3.6845849833484716
-88.875;-86.2857;5.813697160459354;3.6845849833484716
-88.6875;-85.8286;5.813697160459354;3.6845849833484716
-88.6875;-85.3143;5.813697160459354;3.6845849833484716
-88.75;-85.5143;5.813697160459354;3.6845849833484716
-88.8125;-86.0571;5.813697160459354;3.6845849833484716
-88.9375;-85.3714;5.813697160459354;3.6845849833484716
-88.9375;-85.5143;5.813697160459354;3.6845849833484716
-88.5;-85.5143;5.813697160459354;3.6845849833484716
-87.6875;-85.6857;5.813697160459354;3.6845849833484716
-86.75;-85.6;5.813697160459354;3.6845849833484716
-86.0;-84.3143;5.813697160459354;3.6845849833484716
-85.9375;-83.7143;5.813697160459354;3.6845849833484716
-86.25;-83.6857;5.813697160459354;3.6845849833484716
-86.5625;-83.9714;5.813697160459354;3.6845849833484716
-86.625;-84.0;5.813697160459354;3.6845849833484716
-86.75;-84.6571;5.813697160459354;3.6845849833484716
-86.875;-83.6857;5.813697160459354;3.6845849833484716
-86.8125;-83.7714;5.813697160459354;3.6845849833484716
-86.6875;-82.8286;5.813697160459354;3.6845849833484716
-85.9375;-82.3429;5.813697160459354;3.6845849833484716
-85.1875;-82.9143;5.813697160459354;3.6845849833484716
-85.0625;-82.4286;5.813697160459354;3.6845849833484716
-85.625;-82.3429;5.813697160459354;3.6845849833484716
-86.3125;-81.9429;5.813697160459354;3.6845849833484716
-86.5;-82.2;5.813697160459354;3.6845849833484716
-86.0;-81.5429;5.813697160459354;3.6845849833484716
-85.5;-81.8857;5.813697160459354;3.6845849833484716
-85.75;-81.2;5.813697160459354;3.6845849833484716
-86.5;-81.8;5.813697160459354;3.6845849833484716
-87.0625;-80.8;5.813697160459354;3.6845849833484716
-87.0;-80.9429;5.813697160459354;3.6845849833484716
-86.0;-81.4286;5.813697160459354;3.6845849833484716
-85.0;-81.6571;5.813697160459354;3.6845849833484716
-84.5625;-81.5429;5.813697160459354;3.6845849833484716
-84.4375;-81.0571;5.813697160459354;3.6845849833484716
-84.5;-79.7714;5.813697160459354;3.6845849833484716
-84.5625;-79.2571;5.813697160459354;3.6845849833484716
-84.4375;-80.2;5.813697160459354;3.6845849833484716
-83.8125;-79.8571;5.813697160459354;3.6845849833484716
-83.5;-80.0857;5.813697160459354;3.6845849833484716
-83.625;-79.0857;5.813697160459354;3.6845849833484716
-83.625;-78.8857;5.813697160459354;3.6845849833484716
-83.3125;-78.8571;5.813697160459354;3.6845849833484716
-83.5;-79.4571;5.813697160459354;3.6845849833484716
-84.125;-79.2;5.813697160459354;3.6845849833484716
-84.4375;-78.1714;5.813697160459354;3.6845849833484716
-84.3125;-78.2286;5.813697160459354;3.6845849833484716
-83.625;-78.5429;5.813697160459354;3.6845849833484716
-82.8125;-79.0857;5.813697160459354;3.6845849833484716
-82.5;-78.8;5.813697160459354;3.6845849833484716
-82.6875;-78.6;5.813697160459354;3.6845849833484716
-82.9375;-78.6286;5.813697160459354;3.6845849833484716
-83.0625;-78.5714;5.813697160459354;3.6845849833484716
-83.125;-79.1429;5.813697160459354;3.6845849833484716
-82.8125;-79.2857;5.813697160459354;3.6845849833484716
-82.3125;-78.2571;5.813697160459354;3.6845849833484716
-81.875;-77.3714;5.813697160459354;3.6845849833484716
-81.4375;-77.6571;5.813697160459354;3.6845849833484716
-81.125;-77.1143;5.813697160459354;3.6845849833484716
-81.0625;-77.4857;5.813697160459354;3.6845849833484716
-81.125;-76.8571;5.813697160459354;3.6845849833484716
-81.0;-77.0286;5.813697160459354;3.6845849833484716
-80.8125;-77.1429;5.813697160459354;3.6845849833484716
-80.5;-76.8857;5.813697160459354;3.6845849833484716
-80.25;-76.0571;5.813697160459354;3.6845849833484716
-80.125;-75.9429;5.813697160459354;3.6845849833484716
-80.0625;-75.7429;5.813697160459354;3.6845849833484716
-80.0625;-76.2857;5.813697160459354;3.6845849833484716
-80.0625;-76.7143;5.813697160459354;3.6845849833484716
-79.9375;-75.9714;5.813697160459354;3.6845849833484716
-79.375;-76.0571;5.813697160459354;3.6845849833484716
-78.5625;-76.0286;5.813697160459354;3.6845849833484716
-78.5;-75.4571;5.813697160459354;3.6845849833484716
-78.9375;-74.7714;5.813697160459354;3.6845849833484716
-79.25;-75.0286;5.813697160459354;3.6845849833484716
-79.4375;-74.7143;5.813697160459354;3.6845849833484716
-79.8125;-75.0571;5.813697160459354;3.6845849833484716
-80.0;-74.5714;5.813697160459354;3.6845849833484716
-79.5;-74.0571;5.813697160459354;3.6845849833484716
-78.1875;-74.0571;5.813697160459354;3.6845849833484716
-77.375;-74.3429;5.813697160459354;3.6845849833484716
-77.8125;-74.6571;5.813697160459354;3.6845849833484716
-78.5;-74.0571;5.813697160459354;3.6845849833484716
-78.6875;-74.2857;5.813697160459354;3.6845849833484716
-78.0625;-74.8857;5.813697160459354;3.6845849833484716
-77.1875;-73.8571;5.813697160459354;3.6845849833484716
-76.6875;-73.1714;5.813697160459354;3.6845849833484716
-76.8125;-72.6286;5.813697160459354;3.6845849833484716
-76.5;-73.6286;5.813697160459354;3.6845849833484716
-75.4375;-72.7429;5.813697160459354;3.6845849833484716
-74.75;-71.8286;5.813697160459354;3.6845849833484716
-75.0;-72.5143;5.813697160459354;3.6845849833484716
-75.6875;-72.4571;5.813697160459354;3.6845849833484716
-76.5625;-72.4286;5.813697160459354;3.6845849833484716
-77.4375;-72.6286;5.813697160459354;3.6845849833484716
-77.625;-73.0571;5.813697160459354;3.6845849833484716
-76.75;-72.9143;5.813697160459354;3.6845849833484716
-75.375;-72.4571;5.813697160459354;3.6845849833484716
-74.375;-72.0;5.813697160459354;3.6845849833484716
-73.9375;-72.0857;5.813697160459354;3.6845849833484716
-73.8125;-72.1429;5.813697160459354;3.6845849833484716
-74.1875;-71.9429;5.813697160459354;3.6845849833484716
-74.9375;-71.4286;5.813697160459354;3.6845849833484716
-75.1875;-71.8857;5.813697160459354;3.6845849833484716
-74.9375;-71.1714;5.813697160459354;3.6845849833484716
-74.6875;-70.9429;5.813697160459354;3.6845849833484716
-74.5625;-70.6857;5.813697160459354;3.6845849833484716
-74.5625;-70.8857;5.813697160459354;3.6845849833484716
-74.5;-70.6;5.813697160459354;3.6845849833484716
-74.0625;-70.4857;5.813697160459354;3.6845849833484716
-73.5625;-70.7429;5.813697160459354;3.6845849833484716
-73.625;-70.6571;5.813697160459354;3.6845849833484716
-74.5;-70.1429;5.813697160459354;3.6845849833484716
-75.6875;-69.7143;5.813697160459354;3.6845849833484716
-75.9375;-70.0286;5.813697160459354;3.6845849833484716
-75.0;-69.9143;5.813697160459354;3.6845849833484716
-73.625;-69.6286;5.813697160459354;3.6845849833484716
-72.4375;-69.8571;5.813697160459354;3.6845849833484716
-71.875;-69.8286;5.813697160459354;3.6845849833484716
-71.9375;-69.8571;5.813697160459354;3.6845849833484716
-72.25;-69.2286;5.813697160459354;3.6845849833484716
-72.5625;-69.3714;5.813697160459354;3.6845849833484716
-73.0;-68.8;5.813697160459354;3.6845849833484716
-73.25;-68.2286;5.813697160459354;3.6845849833484716
-73.5;-68.8;5.813697160459354;3.6845849833484716
-74.0;-68.8857;5.813697160459354;3.6845849833484716
-74.25;-68.5143;5.813697160459354;3.6845849833484716
-73.8125;-68.4571;5.813697160459354;3.6845849833484716
-73.0625;-69.2571;5.813697160459354;3.6845849833484716
-72.4375;-69.0286;5.813697160459354;3.6845849833484716
-72.0625;-68.2286;5.813697160459354;3.6845849833484716
-72.0;-68.6286;5.813697160459354;3.6845849833484716
-72.0;-68.4857;5.813697160459354;3.6845849833484716
-71.875;-67.6286;5.813697160459354;3.6845849833484716
-71.5;-67.4571;5.813697160459354;3.6845849833484716
-71.0;-67.1714;5.813697160459354;3.6845849833484716
-70.5625;-66.6286;5.813697160459354;3.6845849833484716
-70.1875;-66.9714;5.813697160459354;3.6845849833484716
-70.0;-67.4571;5.813697160459354;3.6845849833484716
-70.1875;-67.2857;5.813697160459354;3.6845849833484716
-70.4375;-66.4857;5.813697160459354;3.6845849833484716
-70.625;-67.2;5.813697160459354;3.6845849833484716
-70.625;-67.4571;5.813697160459354;3.6845849833484716
-70.1875;-66.5714;5.813697160459354;3.6845849833484716
-69.8125;-66.5143;5.813697160459354;3.6845849833484716
-69.5;-66.8571;5.813697160459354;3.6845849833484716
-69.125;-66.3143;5.813697160459354;3.6845849833484716
-69.0625;-66.4571;5.813697160459354;3.6845849833484716
-69.625;-66.1714;5.813697160459354;3.6845849833484716
-70.5;-65.5714;5.813697160459354;3.6845849833484716
-71.0625;-65.6;5.813697160459354;3.6845849833484716
-71.1875;-66.0;5.813697160459354;3.6845849833484716
-70.8125;-65.4571;5.813697160459354;3.6845849833484716
-70.1875;-65.6857;5.813697160459354;3.6845849833484716
-69.3125;-65.7714;5.813697160459354;3.6845849833484716
-68.1875;-65.4857;5.813697160459354;3.6845849833484716
-67.25;-65.6;5.813697160459354;3.6845849833484716
-67.1875;-65.3143;5.813697160459354;3.6845849833484716
-67.875;-64.8;5.813697160459354;3.6845849833484716
-68.6875;-64.6;5.813697160459354;3.6845849833484716
-69.0;-65.3429;5.813697160459354;3.6845849833484716
-69.0;-64.7429;5.813697160459354;3.6845849833484716
-68.9375;-64.7714;5.813697160459354;3.6845849833484716
-68.875;-65.3143;5.813697160459354;3.6845849833484716
-68.8125;-64.6286;5.813697160459354;3.6845849833484716
-68.875;-64.4571;5.813697160459354;3.6845849833484716
-68.8125;-64.8;5.813697160459354;3.6845849833484716
-68.25;-63.8;5.813697160459354;3.6845849833484716
-67.8125;-63.4857;5.813697160459354;3.6845849833484716
-67.6875;-64.2;5.813697160459354;3.6845849833484716
-67.5625;-63.6286;5.813697160459354;3.6845849833484716
-67.125;-63.4571;5.813697160459354;3.6845849833484716
-66.75;-63.4571;5.813697160459354;3.6845849833484716
-66.75;-62.8571;5.813697160459354;3.6845849833484716
-66.4375;-63.3143;5.813697160459354;3.6845849833484716
-65.5;-63.2857;5.813697160459354;3.6845849833484716
-64.6875;-62.4571;5.813697160459354;3.6845849833484716
-65.1875;-63.2286;5.813697160459354;3.6845849833484716
-66.625;-62.8571;5.813697160459354;3.6845849833484716
-67.75;-62.4571;5.813697160459354;3.6845849833484716
-68.0;-62.4;5.813697160459354;3.6845849833484716
-67.8125;-62.8;5.813697160459354;3.6845849833484716
-67.375;-61.9143;5.813697160459354;3.6845849833484716
-66.9375;-62.4857;5.813697160459354;3.6845849833484716
-66.4375;-62.3714;5.813697160459354;3.6845849833484716
-65.75;-62.0571;5.813697160459354;3.6845849833484716
-65.0625;-62.0857;5.813697160459354;3.6845849833484716
-64.5625;-61.8;5.813697160459354;3.6845849833484716
-64.5;-62.1143;5.813697160459354;3.6845849833484716
-65.0625;-62.1143;5.813697160459354;3.6845849833484716
-65.6875;-61.7429;5.813697160459354;3.6845849833484716
-65.5625;-61.5143;5.813697160459354;3.6845849833484716
-65.0625;-61.6;5.813697160459354;3.6845849833484716
-64.625;-61.1143;5.813697160459354;3.6845849833484716
-64.375;-61.2;5.813697160459354;3.6845849833484716
-64.25;-60.7143;5.813697160459354;3.6845849833484716
-64.25;-60.8286;5.813697160459354;3.6845849833484716
-64.125;-61.2286;5.813697160459354;3.6845849833484716
-64.0;-60.7714;5.813697160459354;3.6845849833484716
-64.1875;-61.0571;5.813697160459354;3.6845849833484716
-64.375;-61.1429;5.813697160459354;3.6845849833484716
-64.3125;-60.5714;5.813697160459354;3.6845849833484716
-64.3125;-60.9429;5.813697160459354;3.6845849833484716
-64.375;-60.5429;5.813697160459354;3.6845849833484716
-64.125;-59.8286;5.813697160459354;3.6845849833484716
-63.5625;-60.4;5.813697160459354;3.6845849833484716
-63.0;-59.6571;5.813697160459354;3.6845849833484716
-62.4375;-59.7714;5.813697160459354;3.6845849833484716
-62.0;-60.1429;5.813697160459354;3.6845849833484716
-61.8125;-59.6571;5.813697160459354;3.6845849833484716
-62.0625;-59.9714;5.813697160459354;3.6845849833484716
-62.4375;-59.4857;5.813697160459354;3.6845849833484716
-62.6875;-59.4286;5.813697160459354;3.6845849833484716
-62.75;-59.8857;5.813697160459354;3.6845849833484716
-62.625;-59.2571;5.813697160459354;3.6845849833484716
-62.1875;-59.4;5.813697160459354;3.6845849833484716
-62.0;-59.1714;5.813697160459354;3.6845849833484716
-62.125;-58.9143;5.813697160459354;3.6845849833484716
-62.0625;-59.5714;5.813697160459354;3.6845849833484716
-61.625;-58.6;5.813697160459354;3.6845849833484716
-60.9375;-58.6286;5.813697160459354;3.6845849833484716
-60.3125;-59.0;5.813697160459354;3.6845849833484716
-60.0;-58.4;5.813697160459354;3.6845849833484716
-60.3125;-58.9429;5.813697160459354;3.6845849833484716
-60.625;-58.3714;5.813697160459354;3.6845849833484716
-60.6875;-58.2;5.813697160459354;3.6845849833484716
-60.6875;-58.4857;5.813697160459354;3.6845849833484716
-60.625;-57.6571;5.813697160459354;3.6845849833484716
-60.5625;-58.0;5.813697160459354;3.6845849833484716
-60.625;-57.8857;5.813697160459354;3.6845849833484716
-61.125;-57.6286;5.813697160459354;3.6845849833484716
-61.6875;-57.8;5.813697160459354;3.6845849833484716
-61.5625;-56.9714;5.813697160459354;3.6845849833484716
-61.0625;-57.8857;5.813697160459354;3.6845849833484716
-60.6875;-57.1143;5.813697160459354;3.6845849833484716
-60.25;-57.3714;5.813697160459354;3.6845849833484716
-59.875;-57.2857;5.813697160459354;3.6845849833484716
-59.8125;-56.7429;5.813697160459354;3.6845849833484716
-60.0;-57.8571;5.813697160459354;3.6845849833484716
-60.375;-57.0286;5.813697160459354;3.6845849833484716
-60.1875;-57.1429;5.813697160459354;3.6845849833484716
-59.6875;-56.8286;5.813697160459354;3.6845849833484716
-59.625;-56.4286;5.813697160459354;3.6845849833484716
-59.625;-56.8286;5.813697160459354;3.6845849833484716
-59.3125;-56.1429;5.813697160459354;3.6845849833484716
-59.125;-56.4286;5.813697160459354;3.6845849833484716
-59.25;-55.9714;5.813697160459354;3.6845849833484716
-59.375;-56.1143;5.813697160459354;3.6845849833484716
-59.3125;-56.5714;5.813697160459354;3.6845849833484716
-59.1875;-56.0286;5.813697160459354;3.6845849833484716
-59.4375;-56.3429;5.813697160459354;3.6845849833484716
-59.4375;-55.8571;5.813697160459354;3.6845849833484716
-59.125;-55.5714;5.813697160459354;3.6845849833484716
-58.8125;-55.5714;5.813697160459354;3.6845849833484716
-58.9375;-55.4;5.813697160459354;3.6845849833484716
-59.375;-55.5714;5.813697160459354;3.6845849833484716
-59.75;-54.9429;5.813697160459354;3.6845849833484716
-60.0;-55.5429;5.813697160459354;3.6845849833484716
-60.0625;-54.6857;5.813697160459354;3.6845849833484716
-60.0625;-55.0286;5.813697160459354;3.6845849833484716
-60.0;-55.4;5.813697160459354;3.6845849833484716
-60.0;-54.8571;5.813697160459354;3.6845849833484716
-59.8125;-55.2;5.813697160459354;3.6845849833484716
-59.3125;-54.6;5.813697160459354;3.6845849833484716
-58.625;-54.6286;5.813697160459354;3.6845849833484716
-58.0;-54.4286;5.813697160459354;3.6845849833484716
-57.5625;-54.2286;5.813697160459354;3.6845849833484716
-57.125;-54.2;5.813697160459354;3.6845849833484716
-56.5625;-54.2286;5.813697160459354;3.6845849833484716
-56.125;-54.3714;5.813697160459354;3.6845849833484716
-55.9375;-54.2;5.813697160459354;3.6845849833484716
-56.0;-54.4286;5.813697160459354;3.6845849833484716
-56.625;-53.8;5.813697160459354;3.6845849833484716
-57.375;-53.9429;5.813697160459354;3.6845849833484716
-57.8125;-53.8857;5.813697160459354;3.6845849833484716
-57.75;-53.6857;5.813697160459354;3.6845849833484716
-57.375;-53.6571;5.813697160459354;3.6845849833484716
-57.1875;-53.3429;5.813697160459354;3.6845849833484716
-57.125;-53.6571;5.813697160459354;3.6845849833484716
-56.625;-53.2857;5.813697160459354;3.6845849833484716
-56.125;-53.2286;5.813697160459354;3.6845849833484716
-55.75;-52.6857;5.813697160459354;3.6845849833484716
-55.3125;-52.9714;5.813697160459354;3.6845849833484716
-54.875;-52.9714;5.813697160459354;3.6845849833484716
-54.6875;-53.0;5.813697160459354;3.6845849833484716
-54.625;-53.0;5.813697160459354;3.6845849833484716
-54.625;-53.0857;5.813697160459354;3.6845849833484716
-54.5;-53.0571;5.813697160459354;3.6845849833484716
-54.0625;-52.7429;5.813697160459354;3.6845849833484716
-53.5625;-52.4571;5.813697160459354;3.6845849833484716
-53.25;-51.9143;5.813697160459354;3.6845849833484716
-53.125;-52.3143;5.813697160459354;3.6845849833484716
-53.0625;-51.9143;5.813697160459354;3.6845849833484716
-53.125;-51.9714;5.813697160459354;3.6845849833484716
-53.25;-51.8857;5.813697160459354;3.6845849833484716
-53.3125;-51.8;5.813697160459354;3.6845849833484716
-53.125;-51.6857;5.813697160459354;3.6845849833484716
-52.8125;-51.7143;5.813697160459354;3.6845849833484716
-52.75;-51.6571;5.813697160459354;3.6845849833484716
-53.125;-51.5143;5.813697160459354;3.6845849833484716
-53.75;-51.4;5.813697160459354;3.6845849833484716
-54.125;-51.1714;5.813697160459354;3.6845849833484716
-54.0625;-51.0571;5.813697160459354;3.6845849833484716
-53.625;-50.9714;5.813697160459354;3.6845849833484716
-53.375;-51.4;5.813697160459354;3.6845849833484716
-53.5;-51.0;5.813697160459354;3.6845849833484716
-53.5;-50.7429;5.813697160459354;3.6845849833484716
-53.1875;-50.2857;5.813697160459354;3.6845849833484716
-52.8125;-50.8;5.813697160459354;3.6845849833484716
-52.5625;-50.4857;5.813697160459354;3.6845849833484716
-52.5;-50.5143;5.813697160459354;3.6845849833484716
-52.5625;-50.4857;5.813697160459354;3.6845849833484716
-52.5625;-50.4286;5.813697160459354;3.6845849833484716
-52.1875;-50.5143;5.813697160459354;3.6845849833484716
-52.0625;-50.3429;5.813697160459354;3.6845849833484716
-52.5;-50.2857;5.813697160459354;3.6845849833484716
-53.125;-49.9429;5.813697160459354;3.6845849833484716
-53.625;-50.0571;5.813697160459354;3.6845849833484716
-53.8125;-49.9714;5.813697160459354;3.6845849833484716
-53.375;-50.0286;5.813697160459354;3.6845849833484716
-52.5;-49.7429;5.813697160459354;3.6845849833484716
-51.75;-49.9429;5.813697160459354;3.6845849833484716
-51.3125;-49.5143;5.813697160459354;3.6845849833484716
-51.125;-49.5714;5.813697160459354;3.6845849833484716
-51.125;-49.4;5.813697160459354;3.6845849833484716
-51.125;-49.4571;5.813697160459354;3.6845849833484716
-51.0625;-49.2571;5.813697160459354;3.6845849833484716
-51.25;-49.1143;5.813697160459354;3.6845849833484716
-51.3125;-49.2286;5.813697160459354;3.6845849833484716
-51.125;-49.2857;5.813697160459354;3.6845849833484716
-50.9375;-48.6571;5.813697160459354;3.6845849833484716
-50.9375;-48.5429;5.813697160459354;3.6845849833484716
-50.875;-48.4857;5.813697160459354;3.6845849833484716
-50.875;-48.9143;5.813697160459354;3.6845849833484716
-51.0625;-48.6857;5.813697160459354;3.6845849833484716
-51.3125;-48.9429;5.813697160459354;3.6845849833484716
-51.25;-48.6286;5.813697160459354;3.6845849833484716
-50.8125;-48.3714;5.813697160459354;3.6845849833484716
-50.375;-48.2857;5.813697160459354;3.6845849833484716
-49.9375;-48.1714;5.813697160459354;3.6845849833484716
-49.4375;-47.9143;5.813697160459354;3.6845849833484716
-49.3125;-48.0857;5.813697160459354;3.6845849833484716
-50.0;-47.7429;5.813697160459354;3.6845849833484716
-50.9375;-47.8857;5.813697160459354;3.6845849833484716
-51.5625;-47.8;5.813697160459354;3.6845849833484716
-51.4375;-47.8;5.813697160459354;3.6845849833484716
-51.0;-47.7429;5.813697160459354;3.6845849833484716
-50.3125;-47.7714;5.813697160459354;3.6845849833484716
-49.4375;-47.4286;5.813697160459354;3.6845849833484716
-48.9375;-47.5429;5.813697160459354;3.6845849833484716
-48.75;-47.2857;5.813697160459354;3.6845849833484716
-48.8125;-47.1143;5.813697160459354;3.6845849833484716
-49.125;-47.1714;5.813697160459354;3.6845849833484716
-49.5625;-47.2857;5.813697160459354;3.6845849833484716
-49.875;-46.8857;5.813697160459354;3.6845849833484716
-50.0;-47.2;5.813697160459354;3.6845849833484716
-50.0625;-47.1143;5.813697160459354;3.6845849833484716
-49.8125;-47.0286;5.813697160459354;3.6845849833484716
-49.3125;-46.6857;5.813697160459354;3.6845849833484716
-48.75;-46.7143;5.813697160459354;3.6845849833484716
-48.4375;-46.2286;5.813697160459354;3.6845849833484716
-48.125;-46.2571;5.813697160459354;3.6845849833484716
-47.6875;-45.7429;5.813697160459354;3.6845849833484716
-47.3125;-46.3429;5.813697160459354;3.6845849833484716
-47.375;-46.1714;5.813697160459354;3.6845849833484716
-47.75;-46.0857;5.813697160459354;3.6845849833484716
-48.0625;-45.7429;5.813697160459354;3.6845849833484716
-48.375;-45.8;5.813697160459354;3.6845849833484716
-48.5625;-45.6571;5.813697160459354;3.6845849833484716
-48.4375;-45.6571;5.813697160459354;3.6845849833484716
-48.1875;-45.6286;5.813697160459354;3.6845849833484716
-47.9375;-45.6571;5.813697160459354;3.6845849833484716
-47.625;-45.5143;5.813697160459354;3.6845849833484716
-47.25;-45.2;5.813697160459354;3.6845849833484716
-47.0625;-45.2571;5.813697160459354;3.6845849833484716
-47.125;-45.0857;5.813697160459354;3.6845849833484716
-47.25;-45.0571;5.813697160459354;3.6845849833484716
-47.4375;-44.9143;5.813697160459354;3.6845849833484716
-47.625;-44.6571;5.813697160459354;3.6845849833484716
-47.9375;-44.5143;5.813697160459354;3.6845849833484716
-48.1875;-44.6857;5.813697160459354;3.6845849833484716
-48.1875;-44.6;5.813697160459354;3.6845849833484716
-48.0;-44.7143;5.813697160459354;3.6845849833484716
-47.5;-44.6286;5.813697160459354;3.6845849833484716
-46.5625;-44.9429;5.813697160459354;3.6845849833484716
-45.625;-44.6286;5.813697160459354;3.6845849833484716
-45.0625;-44.5143;5.813697160459354;3.6845849833484716
-44.8125;-44.1714;5.813697160459354;3.6845849833484716
-44.8125;-44.0286;5.813697160459354;3.6845849833484716
-44.8125;-43.8286;5.813697160459354;3.6845849833484716
-44.875;-43.8571;5.813697160459354;3.6845849833484716
-45.0625;-44.0;5.813697160459354;3.6845849833484716
-45.3125;-43.8286;5.813697160459354;3.6845849833484716
-45.9375;-43.6571;5.813697160459354;3.6845849833484716
-46.5625;-43.5714;5.813697160459354;3.6845849833484716
-46.5625;-43.7429;5.813697160459354;3.6845849833484716
-46.0625;-43.7143;5.813697160459354;3.6845849833484716
-45.4375;-43.3143;5.813697160459354;3.6845849833484716
-45.0;-43.4286;5.813697160459354;3.6845849833484716
-44.875;-43.3429;5.813697160459354;3.6845849833484716
-44.9375;-43.0857;5.813697160459354;3.6845849833484716
-44.75;-43.1714;5.813697160459354;3.6845849833484716
-44.1875;-43.1429;5.813697160459354;3.6845849833484716
-43.5625;-42.9143;5.813697160459354;3.6845849833484716
-43.6875;-43.0857;5.813697160459354;3.6845849833484716
-44.625;-42.8857;5.813697160459354;3.6845849833484716
-45.25;-42.9714;5.813697160459354;3.6845849833484716
-45.1875;-42.7143;5.813697160459354;3.6845849833484716
-44.8125;-42.6;5.813697160459354;3.6845849833484716
-44.5;-42.6286;5.813697160459354;3.6845849833484716
-44.4375;-42.3143;5.813697160459354;3.6845849833484716
-44.5625;-42.3429;5.813697160459354;3.6845849833484716
-44.875;-42.1143;5.813697160459354;3.6845849833484716
-45.25;-41.9429;5.813697160459354;3.6845849833484716
-45.625;-41.9429;5.813697160459354;3.6845849833484716
-45.9375;-41.9714;5.813697160459354;3.6845849833484716
-46.1875;-42.1143;5.813697160459354;3.6845849833484716
-46.3125;-42.1429;5.813697160459354;3.6845849833484716
-46.3125;-41.9143;5.813697160459354;3.6845849833484716
-46.3125;-41.8286;5.813697160459354;3.6845849833484716
-46.3125;-41.7143;5.813697160459354;3.6845849833484716
-46.0625;-41.4571;5.813697160459354;3.6845849833484716
-45.25;-41.4857;5.813697160459354;3.6845849833484716
-44.25;-41.3429;5.813697160459354;3.6845849833484716
-43.375;-41.2857;5.813697160459354;3.6845849833484716
-42.875;-41.1714;5.813697160459354;3.6845849833484716
-42.5625;-41.2;5.813697160459354;3.6845849833484716
-42.4375;-41.0;5.813697160459354;3.6845849833484716
-42.5625;-40.9143;5.813697160459354;3.6845849833484716
-42.8125;-41.0286;5.813697160459354;3.6845849833484716
-43.0625;-40.7714;5.813697160459354;3.6845849833484716
-43.375;-40.9143;5.813697160459354;3.6845849833484716
-43.5;-40.6857;5.813697160459354;3.6845849833484716
-43.3125;-40.7714;5.813697160459354;3.6845849833484716
-42.875;-40.6571;5.813697160459354;3.6845849833484716
-42.5;-40.5714;5.813697160459354;3.6845849833484716
-42.4375;-40.4857;5.813697160459354;3.6845849833484716
-42.375;-40.3429;5.813697160459354;3.6845849833484716
-42.125;-40.4286;5.813697160459354;3.6845849833484716
-41.9375;-40.1714;5.813697160459354;3.6845849833484716
-41.875;-40.1714;5.813697160459354;3.6845849833484716
-41.6875;-39.8571;5.813697160459354;3.6845849833484716
-41.5625;-40.0286;5.813697160459354;3.6845849833484716
-41.5625;-39.8286;5.813697160459354;3.6845849833484716
-41.4375;-39.8;5.813697160459354;3.6845849833484716
-41.5625;-39.8857;5.813697160459354;3.6845849833484716
-41.875;-39.8857;5.813697160459354;3.6845849833484716
-42.1875;-39.7714;5.813697160459354;3.6845849833484716
-42.3125;-39.4286;5.813697160459354;3.6845849833484716
-42.3125;-39.4;5.813697160459354;3.6845849833484716
-42.25;-39.4286;5.813697160459354;3.6845849833484716
-42.25;-39.2571;5.813697160459354;3.6845849833484716
-42.25;-39.2857;5.813697160459354;3.6845849833484716
-42.0625;-39.3143;5.813697160459354;3.6845849833484716
-41.6875;-39.2857;5.813697160459354;3.6845849833484716
-41.375;-39.0286;5.813697160459354;3.6845849833484716
-41.25;-38.8;5.813697160459354;3.6845849833484716
-41.25;-38.7714;5.813697160459354;3.6845849833484716
-41.25;-38.6857;5.813697160459354;3.6845849833484716
-41.375;-38.7143;5.813697160459354;3.6845849833484716
-41.4375;-38.8;5.813697160459354;3.6845849833484716
-41.375;-38.7143;5.813697160459354;3.6845849833484716
-41.4375;-38.8;5.813697160459354;3.6845849833484716
-41.5;-38.2857;5.813697160459354;3.6845849833484716
-41.1875;-38.2857;5.813697160459354;3.6845849833484716
-40.5625;-38.2;5.813697160459354;3.6845849833484716
-39.875;-38.0857;5.813697160459354;3.6845849833484716
-39.75;-38.0571;5.813697160459354;3.6845849833484716
-40.1875;-37.9429;5.813697160459354;3.6845849833484716
-40.5625;-37.9143;5.813697160459354;3.6845849833484716
-40.5625;-37.7429;5.813697160459354;3.6845849833484716
-40.4375;-37.8857;5.813697160459354;3.6845849833484716
-40.25;-37.9429;5.813697160459354;3.6845849833484716
-40.0;-37.7429;5.813697160459354;3.6845849833484716
-40.0;-37.5143;5.813697160459354;3.6845849833484716
-40.0625;-37.5714;5.813697160459354;3.6845849833484716
-40.0625;-37.4857;5.813697160459354;3.6845849833484716
-39.625;-37.3143;5.813697160459354;3.6845849833484716
-38.6875;-37.1714;5.813697160459354;3.6845849833484716
-38.0;-37.2286;5.813697160459354;3.6845849833484716
-38.1875;-37.2;5.813697160459354;3.6845849833484716
-38.9375;-37.0857;5.813697160459354;3.6845849833484716
-39.5;-36.9429;5.813697160459354;3.6845849833484716
-39.8125;-37.0;5.813697160459354;3.6845849833484716
-39.9375;-37.1143;5.813697160459354;3.6845849833484716
-39.875;-36.9714;5.813697160459354;3.6845849833484716
-39.5625;-36.9714;5.813697160459354;3.6845849833484716
-38.9375;-36.9143;5.813697160459354;3.6845849833484716
-38.1875;-36.5714;5.813697160459354;3.6845849833484716
-37.875;-36.5714;5.813697160459354;3.6845849833484716
-37.9375;-36.4286;5.813697160459354;3.6845849833484716
-38.1875;-36.3143;5.813697160459354;3.6845849833484716
-38.375;-36.2571;5.813697160459354;3.6845849833484716
-38.1875;-35.9714;5.813697160459354;3.6845849833484716
-37.8125;-36.1143;5.813697160459354;3.6845849833484716
-37.625;-36.0571;5.813697160459354;3.6845849833484716
-37.75;-36.0;5.813697160459354;3.6845849833484716
-37.9375;-36.1429;5.813697160459354;3.6845849833484716
-37.9375;-35.9429;5.813697160459354;3.6845849833484716
-38.125;-35.8;5.813697160459354;3.6845849833484716
-38.625;-35.7714;5.813697160459354;3.6845849833484716
-38.8125;-35.6;5.813697160459354;3.6845849833484716
-38.5625;-35.6571;5.813697160459354;3.6845849833484716
-38.25;-35.6;5.813697160459354;3.6845849833484716
-37.9375;-35.4571;5.813697160459354;3.6845849833484716
-37.625;-35.4;5.813697160459354;3.6845849833484716
-37.125;-35.2857;5.813697160459354;3.6845849833484716
-36.625;-35.2286;5.813697160459354;3.6845849833484716
-36.25;-35.1429;5.813697160459354;3.6845849833484716
-35.9375;-35.1714;5.813697160459354;3.6845849833484716
-35.5625;-35.1143;5.813697160459354;3.6845849833484716
-35.4375;-34.9143;5.813697160459354;3.6845849833484716
-35.5;-35.0;5.813697160459354;3.6845849833484716
-35.75;-34.9143;5.813697160459354;3.6845849833484716
-35.875;-34.7429;5.813697160459354;3.6845849833484716
-36.0;-34.9714;5.813697160459354;3.6845849833484716
-36.0;-34.6571;5.813697160459354;3.6845849833484716
-36.0;-34.5429;5.813697160459354;3.6845849833484716
-35.875;-34.4;5.813697160459354;3.6845849833484716
-35.6875;-34.4286;5.813697160459354;3.6845849833484716
-35.5625;-34.4571;5.813697160459354;3.6845849833484716
-35.75;-34.4571;5.813697160459354;3.6845849833484716
-35.9375;-34.2286;5.813697160459354;3.6845849833484716
-35.875;-34.2571;5.813697160459354;3.6845849833484716
-35.8125;-34.2571;5.813697160459354;3.6845849833484716
-35.6875;-34.2286;5.813697160459354;3.6845849833484716
-35.25;-34.2286;5.813697160459354;3.6845849833484716
-34.5625;-34.0571;5.813697160459354;3.6845849833484716
-34.125;-34.0857;5.813697160459354;3.6845849833484716
-34.125;-33.8857;5.813697160459354;3.6845849833484716
-34.4375;-33.7429;5.813697160459354;3.6845849833484716
-34.9375;-33.5429;5.813697160459354;3.6845849833484716
-35.5625;-33.2571;5.813697160459354;3.6845849833484716
-35.9375;-33.4286;5.813697160459354;3.6845849833484716
-35.9375;-33.2286;5.813697160459354;3.6845849833484716
-35.625;-33.3429;5.813697160459354;3.6845849833484716
-35.1875;-33.2857;5.813697160459354;3.6845849833484716
-34.9375;-33.4286;5.813697160459354;3.6845849833484716
-35.125;-33.4571;5.813697160459354;3.6845849833484716
-35.5;-33.3429;5.813697160459354;3.6845849833484716
-35.5;-33.2571;5.813697160459354;3.6845849833484716
-34.9375;-33.1143;5.813697160459354;3.6845849833484716
-34.25;-33.0857;5.813697160459354;3.6845849833484716
-34.0;-33.1143;5.813697160459354;3.6845849833484716
-34.3125;-33.0857;5.813697160459354;3.6845849833484716
-34.9375;-33.0;5.813697160459354;3.6845849833484716
-35.4375;-32.8857;5.813697160459354;3.6845849833484716
-35.6875;-32.8286;5.813697160459354;3.6845849833484716
-35.75;-32.6286;5.813697160459354;3.6845849833484716
-35.75;-32.5714;5.813697160459354;3.6845849833484716
-35.625;-32.3714;5.813697160459354;3.6845849833484716
-35.3125;-32.3429;5.813697160459354;3.6845849833484716
-34.8125;-32.3429;5.813697160459354;3.6845849833484716
-34.125;-32.3143;5.813697160459354;3.6845849833484716
-33.3125;-32.1714;5.813697160459354;3.6845849833484716
-32.625;-32.1714;5.813697160459354;3.6845849833484716
-32.4375;-32.1429;5.813697160459354;3.6845849833484716
-32.6875;-32.0571;5.813697160459354;3.6845849833484716
-33.0625;-31.9429;5.813697160459354;3.6845849833484716
-33.1875;-31.9429;5.813697160459354;3.6845849833484716
-33.0625;-31.7143;5.813697160459354;3.6845849833484716
-33.0;-31.6286;5.813697160459354;3.6845849833484716
-33.0;-31.6286;5.813697160459354;3.6845849833484716
-33.25;-31.4;5.813697160459354;3.6845849833484716
-33.5;-31.4571;5.813697160459354;3.6845849833484716
-33.5;-31.4286;5.813697160459354;3.6845849833484716
-33.25;-31.4286;5.813697160459354;3.6845849833484716
-32.8125;-31.4857;5.813697160459354;3.6845849833484716
-32.1875;-31.4571;5.813697160459354;3.6845849833484716
-31.5;-31.2857;5.813697160459354;3.6845849833484716
-31.375;-31.1714;5.813697160459354;3.6845849833484716
-31.625;-31.1143;5.813697160459354;3.6845849833484716
-32.0625;-31.0857;5.813697160459354;3.6845849833484716
-32.3125;-31.0286;5.813697160459354;3.6845849833484716
-32.375;-30.9714;5.813697160459354;3.6845849833484716
-32.375;-30.8;5.813697160459354;3.6845849833484716
-31.9375;-30.7429;5.813697160459354;3.6845849833484716
-31.3125;-30.6857;5.813697160459354;3.6845849833484716
-30.8125;-30.4857;5.813697160459354;3.6845849833484716
-30.625;-30.5714;5.813697160459354;3.6845849833484716
-30.5625;-30.4857;5.813697160459354;3.6845849833484716
-30.6875;-30.3714;5.813697160459354;3.6845849833484716
-31.25;-30.1429;5.813697160459354;3.6845849833484716
-31.8125;-30.1143;5.813697160459354;3.6845849833484716
-31.9375;-30.0857;5.813697160459354;3.6845849833484716
-31.4375;-29.9714;5.813697160459354;3.6845849833484716
-30.875;-30.1429;5.813697160459354;3.6845849833484716
-30.5;-30.0286;5.813697160459354;3.6845849833484716
-30.25;-29.9429;5.813697160459354;3.6845849833484716
-30.5625;-29.9714;5.813697160459354;3.6845849833484716
-31.4375;-29.8857;5.813697160459354;3.6845849833484716
-32.0625;-29.9429;5.813697160459354;3.6845849833484716
-32.0;-29.9143;5.813697160459354;3.6845849833484716
-31.375;-29.8;5.813697160459354;3.6845849833484716
-30.8125;-29.6857;5.813697160459354;3.6845849833484716
-30.75;-29.6286;5.813697160459354;3.6845849833484716
-31.0;-29.6286;5.813697160459354;3.6845849833484716
-31.0;-29.5143;5.813697160459354;3.6845849833484716
-30.375;-29.3143;5.813697160459354;3.6845849833484716
-29.5625;-29.3429;5.813697160459354;3.6845849833484716
-29.375;-29.2857;5.813697160459354;3.6845849833484716
-29.875;-29.1143;5.813697160459354;3.6845849833484716
-30.3125;-29.0;5.813697160459354;3.6845849833484716
-30.5625;-28.7714;5.813697160459354;3.6845849833484716
-30.75;-28.6857;5.813697160459354;3.6845849833484716
-30.75;-28.6571;5.813697160459354;3.6845849833484716
-30.5;-28.6857;5.813697160459354;3.6845849833484716
-30.0625;-28.6;5.813697160459354;3.6845849833484716
-29.4375;-28.3714;5.813697160459354;3.6845849833484716
-28.75;-28.4857;5.813697160459354;3.6845849833484716
-28.375;-28.4286;5.813697160459354;3.6845849833484716
-28.1875;-28.3714;5.813697160459354;3.6845849833484716
-28.1875;-28.3143;5.813697160459354;3.6845849833484716
-28.3125;-28.3714;5.813697160459354;3.6845849833484716
-28.5625;-28.3143;5.813697160459354;3.6845849833484716
-28.875;-28.0571;5.813697160459354;3.6845849833484716
-29.1875;-28.1714;5.813697160459354;3.6845849833484716
-29.1875;-28.1143;5.813697160459354;3.6845849833484716
-29.0625;-28.0;5.813697160459354;3.6845849833484716
-29.0625;-27.9429;5.813697160459354;3.6845849833484716
-28.9375;-27.8571;5.813697160459354;3.6845849833484716
-28.625;-27.6571;5.813697160459354;3.6845849833484716
-28.1875;-27.6286;5.813697160459354;3.6845849833484716
-27.9375;-27.6857;5.813697160459354;3.6845849833484716
-28.25;-27.5143;5.813697160459354;3.6845849833484716
-28.875;-27.4571;5.813697160459354;3.6845849833484716
-29.4375;-27.5143;5.813697160459354;3.6845849833484716
-29.75;-27.4286;5.813697160459354;3.6845849833484716
-29.625;-27.5429;5.813697160459354;3.6845849833484716
-29.25;-27.4286;5.813697160459354;3.6845849833484716
-28.9375;-27.4;5.813697160459354;3.6845849833484716
-28.8125;-27.3429;5.813697160459354;3.6845849833484716
-28.625;-27.2571;5.813697160459354;3.6845849833484716
-28.125;-27.1714;5.813697160459354;3.6845849833484716
-27.9375;-27.1143;5.813697160459354;3.6845849833484716
-28.25;-26.8571;5.813697160459354;3.6845849833484716
-28.625;-26.7429;5.813697160459354;3.6845849833484716
-29.0625;-26.8;5.813697160459354;3.6845849833484716
-29.25;-26.7429;5.813697160459354;3.6845849833484716
-28.875;-26.6286;5.813697160459354;3.6845849833484716
-28.375;-26.5714;5.813697160459354;3.6845849833484716
-28.0625;-26.4571;5.813697160459354;3.6845849833484716
-27.9375;-26.5143;5.813697160459354;3.6845849833484716
-27.875;-26.2857;5.813697160459354;3.6845849833484716
-27.9375;-26.2857;5.813697160459354;3.6845849833484716
-27.875;-26.3143;5.813697160459354;3.6845849833484716
-27.6875;-26.4;5.813697160459354;3.6845849833484716
-27.5;-26.2286;5.813697160459354;3.6845849833484716
-27.3125;-26.2;5.813697160459354;3.6845849833484716
-27.0625;-26.1143;5.813697160459354;3.6845849833484716
-26.9375;-25.9429;5.813697160459354;3.6845849833484716
-27.0;-25.8286;5.813697160459354;3.6845849833484716
-27.125;-25.8857;5.813697160459354;3.6845849833484716
-27.1875;-25.8286;5.813697160459354;3.6845849833484716
-27.0625;-25.6857;5.813697160459354;3.6845849833484716
-27.0;-25.6286;5.813697160459354;3.6845849833484716
-26.875;-25.6571;5.813697160459354;3.6845849833484716
-26.5625;-25.5714;5.813697160459354;3.6845849833484716
-26.375;-25.5714;5.813697160459354;3.6845849833484716
-26.5625;-25.6286;5.813697160459354;3.6845849833484716
-26.875;-25.5429;5.813697160459354;3.6845849833484716
-26.875;-25.6571;5.813697160459354;3.6845849833484716
-26.625;-25.5714;5.813697160459354;3.6845849833484716
-26.5;-25.4;5.813697160459354;3.6845849833484716
-26.75;-25.1714;5.813697160459354;3.6845849833484716
-26.75;-25.0571;5.813697160459354;3.6845849833484716
-26.25;-25.0571;5.813697160459354;3.6845849833484716
-25.625;-25.0571;5.813697160459354;3.6845849833484716
-25.25;-24.9143;5.813697160459354;3.6845849833484716
-25.1875;-24.8857;5.813697160459354;3.6845849833484716
-25.375;-24.8286;5.813697160459354;3.6845849833484716
-25.5;-24.7714;5.813697160459354;3.6845849833484716
-25.5625;-24.7143;5.813697160459354;3.6845849833484716
-25.5;-24.6571;5.813697160459354;3.6845849833484716
-25.4375;-24.6;5.813697160459354;3.6845849833484716
-25.4375;-24.6571;5.813697160459354;3.6845849833484716
-25.375;-24.6;5.813697160459354;3.6845849833484716
-25.4375;-24.4571;5.813697160459354;3.6845849833484716
-25.5;-24.3714;5.813697160459354;3.6845849833484716
-25.625;-24.3714;5.813697160459354;3.6845849833484716
-25.6875;-24.1143;5.813697160459354;3.6845849833484716
-25.625;-24.1714;5.813697160459354;3.6845849833484716
-25.625;-24.0571;5.813697160459354;3.6845849833484716
-25.4375;-24.0286;5.813697160459354;3.6845849833484716
-24.875;-24.0571;5.813697160459354;3.6845849833484716
-24.1875;-23.9714;5.813697160459354;3.6845849833484716
-24.0;-23.9143;5.813697160459354;3.6845849833484716
-24.4375;-23.9714;5.813697160459354;3.6845849833484716
-25.1875;-24.0;5.813697160459354;3.6845849833484716
-25.6875;-23.8571;5.813697160459354;3.6845849833484716
-25.875;-23.7429;5.813697160459354;3.6845849833484716
-25.625;-23.6857;5.813697160459354;3.6845849833484716
-25.25;-23.7143;5.813697160459354;3.6845849833484716
-24.875;-23.6;5.813697160459354;3.6845849833484716
-24.375;-23.4571;5.813697160459354;3.6845849833484716
-24.0625;-23.3143;5.813697160459354;3.6845849833484716
-24.3125;-23.3143;5.813697160459354;3.6845849833484716
-24.625;-23.0286;5.813697160459354;3.6845849833484716
-24.5625;-23.0571;5.813697160459354;3.6845849833484716
-24.25;-23.1143;5.813697160459354;3.6845849833484716
-23.9375;-23.0571;5.813697160459354;3.6845849833484716
-23.625;-23.0857;5.813697160459354;3.6845849833484716
-23.4375;-23.0286;5.813697160459354;3.6845849833484716
-23.4375;-22.9429;5.813697160459354;3.6845849833484716
-23.5;-23.0286;5.813697160459354;3.6845849833484716
-23.5625;-22.8;5.813697160459354;3.6845849833484716
-23.625;-22.8571;5.813697160459354;3.6845849833484716
-23.6875;-22.8571;5.813697160459354;3.6845849833484716
-23.6875;-22.7143;5.813697160459354;3.6845849833484716
-23.6875;-22.7143;5.813697160459354;3.6845849833484716
-23.6875;-22.4857;5.813697160459354;3.6845849833484716
-23.75;-22.5429;5.813697160459354;3.6845849833484716
-23.75;-22.5143;5.813697160459354;3.6845849833484716
-23.625;-22.4857;5.813697160459354;3.6845849833484716
-23.4375;-22.5143;5.813697160459354;3.6845849833484716
-23.375;-22.3714;5.813697160459354;3.6845849833484716
-23.25;-22.2857;5.813697160459354;3.6845849833484716
-23.0;-22.3143;5.813697160459354;3.6845849833484716
-22.8125;-22.0857;5.813697160459354;3.6845849833484716
-22.6875;-22.1429;5.813697160459354;3.6845849833484716
-22.6875;-22.0;5.813697160459354;3.6845849833484716
-22.75;-21.9429;5.813697160459354;3.6845849833484716
-22.9375;-21.9143;5.813697160459354;3.6845849833484716
-23.1875;-21.6286;5.813697160459354;3.6845849833484716
-23.125;-21.5143;5.813697160459354;3.6845849833484716
-22.4375;-21.6571;5.813697160459354;3.6845849833484716
-21.625;-21.5143;5.813697160459354;3.6845849833484716
-21.3125;-21.6286;5.813697160459354;3.6845849833484716
-21.6875;-21.4571;5.813697160459354;3.6845849833484716
-22.4375;-21.2857;5.813697160459354;3.6845849833484716
-22.875;-21.2857;5.813697160459354;3.6845849833484716
-22.75;-21.1143;5.813697160459354;3.6845849833484716
-22.25;-21.1429;5.813697160459354;3.6845849833484716
-21.6875;-21.2857;5.813697160459354;3.6845849833484716
-21.4375;-21.1429;5.813697160459354;3.6845849833484716
-21.5625;-21.2286;5.813697160459354;3.6845849833484716
-21.75;-21.1714;5.813697160459354;3.6845849833484716
-21.8125;-21.0571;5.813697160459354;3.6845849833484716
-21.8125;-21.1143;5.813697160459354;3.6845849833484716
-21.75;-21.0;5.813697160459354;3.6845849833484716
-21.75;-20.8857;5.813697160459354;3.6845849833484716
-21.75;-20.8571;5.813697160459354;3.6845849833484716
-21.875;-20.9143;5.813697160459354;3.6845849833484716
-21.9375;-20.8857;5.813697160459354;3.6845849833484716
-21.75;-20.7143;5.813697160459354;3.6845849833484716
-21.5625;-20.7429;5.813697160459354;3.6845849833484716
-21.4375;-20.6571;5.813697160459354;3.6845849833484716
-21.4375;-20.6857;5.813697160459354;3.6845849833484716
-21.4375;-20.5429;5.813697160459354;3.6845849833484716
-21.5;-20.4571;5.813697160459354;3.6845849833484716
-21.3125;-20.4286;5.813697160459354;3.6845849833484716
-21.125;-20.3143;5.813697160459354;3.6845849833484716
-21.125;-20.2;5.813697160459354;3.6845849833484716
-21.3125;-20.1714;5.813697160459354;3.6845849833484716
-21.4375;-20.2;5.813697160459354;3.6845849833484716
-21.375;-20.2286;5.813697160459354;3.6845849833484716
-21.1875;-20.1714;5.813697160459354;3.6845849833484716
-21.0625;-20.1143;5.813697160459354;3.6845849833484716
-21.0;-20.0;5.813697160459354;3.6845849833484716
-21.0;-20.0286;5.813697160459354;3.6845849833484716
-20.9375;-20.0;5.813697160459354;3.6845849833484716
-20.9375;-19.9143;5.813697160459354;3.6845849833484716
-20.875;-19.8571;5.813697160459354;3.6845849833484716
-20.625;-19.8286;5.813697160459354;3.6845849833484716
-20.25;-19.6286;5.813697160459354;3.6845849833484716
-19.8125;-19.5143;5.813697160459354;3.6845849833484716
-19.375;-19.5143;5.813697160459354;3.6845849833484716
-19.125;-19.4286;5.813697160459354;3.6845849833484716
-19.0625;-19.4;5.813697160459354;3.6845849833484716
-19.125;-19.4286;5.813697160459354;3.6845849833484716
-19.1875;-19.3429;5.813697160459354;3.6845849833484716
-19.1875;-19.2571;5.813697160459354;3.6845849833484716
-19.25;-19.3714;5.813697160459354;3.6845849833484716
-19.3125;-19.2286;5.813697160459354;3.6845849833484716
-19.5;-19.2286;5.813697160459354;3.6845849833484716
-19.5;-19.0857;5.813697160459354;3.6845849833484716
-19.25;-19.0571;5.813697160459354;3.6845849833484716
-19.125;-18.9714;5.813697160459354;3.6845849833484716
-19.5;-18.8857;5.813697160459354;3.6845849833484716
-20.0;-18.9143;5.813697160459354;3.6845849833484716
-20.375;-18.8;5.813697160459354;3.6845849833484716
-20.125;-18.7143;5.813697160459354;3.6845849833484716
-19.5625;-18.6571;5.813697160459354;3.6845849833484716
-19.25;-18.6;5.813697160459354;3.6845849833484716
-19.375;-18.6;5.813697160459354;3.6845849833484716
-19.8125;-18.5714;5.813697160459354;3.6845849833484716
-20.1875;-18.5143;5.813697160459354;3.6845849833484716
-20.1875;-18.5143;5.813697160459354;3.6845849833484716
-19.875;-18.3429;5.813697160459354;3.6845849833484716
-19.5;-18.3714;5.813697160459354;3.6845849833484716
-19.1875;-18.2857;5.813697160459354;3.6845849833484716
-18.875;-18.2;5.813697160459354;3.6845849833484716
-18.5;-18.2;5.813697160459354;3.6845849833484716
-18.125;-18.0571;5.813697160459354;3.6845849833484716
-18.1875;-18.0857;5.813697160459354;3.6845849833484716
-18.4375;-18.0;5.813697160459354;3.6845849833484716
-18.6875;-17.8857;5.813697160459354;3.6845849833484716
-19.0;-17.9143;5.813697160459354;3.6845849833484716
-19.1875;-17.7714;5.813697160459354;3.6845849833484716
-19.0;-17.8;5.813697160459354;3.6845849833484716
-18.5625;-17.8286;5.813697160459354;3.6845849833484716
-18.1875;-17.8;5.813697160459354;3.6845849833484716
-18.0;-17.8;5.813697160459354;3.6845849833484716
-17.875;-17.7714;5.813697160459354;3.6845849833484716
-17.875;-17.7714;5.813697160459354;3.6845849833484716
-17.875;-17.6571;5.813697160459354;3.6845849833484716
-17.8125;-17.5714;5.813697160459354;3.6845849833484716
-18.0;-17.4857;5.813697160459354;3.6845849833484716
-18.3125;-17.5143;5.813697160459354;3.6845849833484716
-18.625;-17.5143;5.813697160459354;3.6845849833484716
-18.75;-17.3429;5.813697160459354;3.6845849833484716
-18.625;-17.4571;5.813697160459354;3.6845849833484716
-18.5;-17.3429;5.813697160459354;3.6845849833484716
-18.375;-17.2857;5.813697160459354;3.6845849833484716
-18.3125;-17.3143;5.813697160459354;3.6845849833484716
-18.1875;-17.2286;5.813697160459354;3.6845849833484716
-17.8125;-17.0286;5.813697160459354;3.6845849833484716
-17.3125;-17.0857;5.813697160459354;3.6845849833484716
-17.1875;-17.0286;5.813697160459354;3.6845849833484716
-17.375;-16.9143;5.813697160459354;3.6845849833484716
-17.75;-16.8857;5.813697160459354;3.6845849833484716
-18.0;-16.8571;5.813697160459354;3.6845849833484716
-17.875;-16.7714;5.813697160459354;3.6845849833484716
-17.6875;-16.7714;5.813697160459354;3.6845849833484716
-17.5625;-16.7143;5.813697160459354;3.6845849833484716
-17.5625;-16.6286;5.813697160459354;3.6845849833484716
-17.75;-16.5714;5.813697160459354;3.6845849833484716
-17.75;-16.6286;5.813697160459354;3.6845849833484716
-17.625;-16.4857;5.813697160459354;3.6845849833484716
-17.625;-16.5143;5.813697160459354;3.6845849833484716
-17.625;-16.4286;5.813697160459354;3.6845849833484716
-17.4375;-16.2857;5.813697160459354;3.6845849833484716
-17.25;-16.2571;5.813697160459354;3.6845849833484716
-17.0625;-16.2571;5.813697160459354;3.6845849833484716
-16.9375;-16.2;5.813697160459354;3.6845849833484716
-16.875;-16.1714;5.813697160459354;3.6845849833484716
-16.875;-16.1429;5.813697160459354;3.6845849833484716
-16.875;-16.0571;5.813697160459354;3.6845849833484716
-16.75;-16.0286;5.813697160459354;3.6845849833484716
-16.5;-15.9714;5.813697160459354;3.6845849833484716
-16.3125;-15.9143;5.813697160459354;3.6845849833484716
-16.25;-15.8857;5.813697160459354;3.6845849833484716
-16.375;-15.8286;5.813697160459354;3.6845849833484716
-16.5;-15.8286;5.813697160459354;3.6845849833484716
-16.5625;-15.7143;5.813697160459354;3.6845849833484716
-16.5;-15.6286;5.813697160459354;3.6845849833484716
-16.4375;-15.6571;5.813697160459354;3.6845849833484716
-16.5;-15.5429;5.813697160459354;3.6845849833484716
-16.5625;-15.5143;5.813697160459354;3.6845849833484716
-16.375;-15.4286;5.813697160459354;3.6845849833484716
-16.3125;-15.3143;5.813697160459354;3.6845849833484716
-16.25;-15.3429;5.813697160459354;3.6845849833484716
-16.3125;-15.2571;5.813697160459354;3.6845849833484716
-16.25;-15.2;5.813697160459354;3.6845849833484716
-16.0625;-15.2286;5.813697160459354;3.6845849833484716
-15.75;-15.0857;5.813697160459354;3.6845849833484716
-15.375;-15.2;5.813697160459354;3.6845849833484716
-15.0625;-15.0571;5.813697160459354;3.6845849833484716
-15.125;-14.9714;5.813697160459354;3.6845849833484716
-15.3125;-14.9714;5.813697160459354;3.6845849833484716
-15.5625;-14.8857;5.813697160459354;3.6845849833484716
-15.8125;-14.8571;5.813697160459354;3.6845849833484716
-15.9375;-14.8857;5.813697160459354;3.6845849833484716
-15.875;-14.7429;5.813697160459354;3.6845849833484716
-15.8125;-14.7143;5.813697160459354;3.6845849833484716
-15.8125;-14.6857;5.813697160459354;3.6845849833484716
-15.875;-14.6857;5.813697160459354;3.6845849833484716
-15.875;-14.5714;5.813697160459354;3.6845849833484716
-15.9375;-14.4286;5.813697160459354;3.6845849833484716
-15.9375;-14.3429;5.813697160459354;3.6845849833484716
-15.6875;-14.2571;5.813697160459354;3.6845849833484716
-15.0625;-14.1714;5.813697160459354;3.6845849833484716
-14.5;-14.1429;5.813697160459354;3.6845849833484716
-14.375;-14.0571;5.813697160459354;3.6845849833484716
-14.8125;-14.0;5.813697160459354;3.6845849833484716
-15.3125;-14.0571;5.813697160459354;3.6845849833484716
-15.375;-13.9714;5.813697160459354;3.6845849833484716
-14.9375;-13.9143;5.813697160459354;3.6845849833484716
-14.5;-13.8857;5.813697160459354;3.6845849833484716
-14.3125;-13.8286;5.813697160459354;3.6845849833484716
-14.0625;-13.8;5.813697160459354;3.6845849833484716
-13.875;-13.7143;5.813697160459354;3.6845849833484716
-13.8125;-13.6857;5.813697160459354;3.6845849833484716
-13.6875;-13.6857;5.813697160459354;3.6845849833484716
-13.6875;-13.5714;5.813697160459354;3.6845849833484716
-13.6875;-13.6;5.813697160459354;3.6845849833484716
-13.8125;-13.4857;5.813697160459354;3.6845849833484716
-14.0;-13.4571;5.813697160459354;3.6845849833484716
-14.0625;-13.4286;5.813697160459354;3.6845849833484716
-14.0;-13.4;5.813697160459354;3.6845849833484716
-13.9375;-13.2571;5.813697160459354;3.6845849833484716
-13.9375;-13.2857;5.813697160459354;3.6845849833484716
-14.0;-13.2;5.813697160459354;3.6845849833484716
-13.9375;-13.2;5.813697160459354;3.6845849833484716
-13.75;-13.1143;5.813697160459354;3.6845849833484716
-13.4375;-13.0571;5.813697160459354;3.6845849833484716
-13.1875;-13.0286;5.813697160459354;3.6845849833484716
-13.0;-13.0286;5.813697160459354;3.6845849833484716
-13.0;-12.9714;5.813697160459354;3.6845849833484716
-13.0;-12.9143;5.813697160459354;3.6845849833484716
-13.0;-12.8857;5.813697160459354;3.6845849833484716
-13.0;-12.8286;5.813697160459354;3.6845849833484716
-13.125;-12.8;5.813697160459354;3.6845849833484716
-13.5625;-12.7714;5.813697160459354;3.6845849833484716
-14.0625;-12.7714;5.813697160459354;3.6845849833484716
-14.0625;-12.6286;5.813697160459354;3.6845849833484716
-13.625;-12.5714;5.813697160459354;3.6845849833484716
-13.0;-12.5143;5.813697160459354;3.6845849833484716
-12.375;-12.4857;5.813697160459354;3.6845849833484716
-12.125;-12.4857;5.813697160459354;3.6845849833484716
-12.1875;-12.5143;5.813697160459354;3.6845849833484716
-12.5625;-12.4571;5.813697160459354;3.6845849833484716
-13.0;-12.4286;5.813697160459354;3.6845849833484716
-13.25;-12.3714;5.813697160459354;3.6845849833484716
-13.3125;-12.3429;5.813697160459354;3.6845849833484716
-13.125;-12.3143;5.813697160459354;3.6845849833484716
-12.875;-12.3143;5.813697160459354;3.6845849833484716
-12.8125;-12.2286;5.813697160459354;3.6845849833484716
-12.9375;-12.2286;5.813697160459354;3.6845849833484716
-13.125;-12.0857;5.813697160459354;3.6845849833484716
-13.25;-12.0286;5.813697160459354;3.6845849833484716
-13.25;-11.9429;5.813697160459354;3.6845849833484716
-13.0;-11.9143;5.813697160459354;3.6845849833484716
-12.5;-11.8286;5.813697160459354;3.6845849833484716
-12.0;-11.8;5.813697160459354;3.6845849833484716
-11.9375;-11.8;5.813697160459354;3.6845849833484716
-12.1875;-11.7429;5.813697160459354;3.6845849833484716
-12.3125;-11.6857;5.813697160459354;3.6845849833484716
-12.375;-11.7429;5.813697160459354;3.6845849833484716
-12.375;-11.6571;5.813697160459354;3.6845849833484716
-12.375;-11.6571;5.813697160459354;3.6845849833484716
-12.375;-11.5429;5.813697160459354;3.6845849833484716
-12.375;-11.4;5.813697160459354;3.6845849833484716
-12.3125;-11.4;5.813697160459354;3.6845849833484716
-12.25;-11.3714;5.813697160459354;3.6845849833484716
-11.9375;-11.2857;5.813697160459354;3.6845849833484716
-11.5625;-11.3429;5.813697160459354;3.6845849833484716
-11.3125;-11.3429;5.813697160459354;3.6845849833484716
-11.125;-11.2571;5.813697160459354;3.6845849833484716
-10.9375;-11.2;5.813697160459354;3.6845849833484716
-10.9375;-11.2286;5.813697160459354;3.6845849833484716
-11.0;-11.1714;5.813697160459354;3.6845849833484716
-11.25;-11.1143;5.813697160459354;3.6845849833484716
-11.5625;-11.1143;5.813697160459354;3.6845849833484716
-11.75;-11.0857;5.813697160459354;3.6845849833484716
-11.8125;-11.0571;5.813697160459354;3.6845849833484716
-11.5625;-11.0;5.813697160459354;3.6845849833484716
-11.125;-10.9143;5.813697160459354;3.6845849833484716
-10.9375;-10.8857;5.813697160459354;3.6845849833484716
-11.0;-10.8286;5.813697160459354;3.6845849833484716
-11.375;-10.7714;5.813697160459354;3.6845849833484716
-11.75;-10.7429;5.813697160459354;3.6845849833484716
-12.0;-10.7143;5.813697160459354;3.6845849833484716
-11.875;-10.6857;5.813697160459354;3.6845849833484716
-11.4375;-10.6;5.813697160459354;3.6845849833484716
-11.0;-10.6571;5.813697160459354;3.6845849833484716
-10.6875;-10.5429;5.813697160459354;3.6845849833484716
-10.625;-10.5714;5.813697160459354;3.6845849833484716
-10.5625;-10.5429;5.813697160459354;3.6845849833484716
-10.5625;-10.4857;5.813697160459354;3.6845849833484716
-10.8125;-10.4286;5.813697160459354;3.6845849833484716
-11.125;-10.3143;5.813697160459354;3.6845849833484716
-11.375;-10.3143;5.813697160459354;3.6845849833484716
-11.5;-10.2571;5.813697160459354;3.6845849833484716
-11.5;-10.2286;5.813697160459354;3.6845849833484716
-11.375;-10.2286;5.813697160459354;3.6845849833484716
-11.0625;-10.1429;5.813697160459354;3.6845849833484716
-10.8125;-10.0571;5.813697160459354;3.6845849833484716
-10.75;-10.0;5.813697160459354;3.6845849833484716
-10.6875;-10.0;5.813697160459354;3.6845849833484716
-10.625;-9.9429;5.813697160459354;3.6845849833484716
-10.375;-9.9429;5.813697160459354;3.6845849833484716
-10.125;-9.8857;5.813697160459354;3.6845849833484716
-10.0625;-9.8286;5.813697160459354;3.6845849833484716
-10.0625;-9.8;5.813697160459354;3.6845849833484716
-10.0625;-9.7429;5.813697160459354;3.6845849833484716
-10.125;-9.7143;5.813697160459354;3.6845849833484716
-10.5;-9.7429;5.813697160459354;3.6845849833484716
-10.875;-9.6286;5.813697160459354;3.6845849833484716
-10.875;-9.6286;5.813697160459354;3.6845849833484716
-10.375;-9.6286;5.813697160459354;3.6845849833484716
-9.75;-9.5429;5.813697160459354;3.6845849833484716
-9.125;-9.5143;5.813697160459354;3.6845849833484716
-8.875;-9.4571;5.813697160459354;3.6845849833484716
-8.875;-9.4;5.813697160459354;3.6845849833484716
-9.0625;-9.4;5.813697160459354;3.6845849833484716
-9.4375;-9.4286;5.813697160459354;3.6845849833484716
-9.875;-9.2857;5.813697160459354;3.6845849833484716
-9.875;-9.2857;5.813697160459354;3.6845849833484716
-9.5625;-9.3143;5.813697160459354;3.6845849833484716
-9.25;-9.2;5.813697160459354;3.6845849833484716
-9.25;-9.1714;5.813697160459354;3.6845849833484716
-9.4375;-9.1429;5.813697160459354;3.6845849833484716
-9.625;-9.0857;5.813697160459354;3.6845849833484716
-9.8125;-9.0286;5.813697160459354;3.6845849833484716
-9.875;-9.0286;5.813697160459354;3.6845849833484716
-9.875;-9.0;5.813697160459354;3.6845849833484716
-9.875;-8.9429;5.813697160459354;3.6845849833484716
-9.8125;-8.8857;5.813697160459354;3.6845849833484716
-9.75;-8.8857;5.813697160459354;3.6845849833484716
-9.625;-8.8286;5.813697160459354;3.6845849833484716
-9.25;-8.7714;5.813697160459354;3.6845849833484716
-8.75;-8.7429;5.813697160459354;3.6845849833484716
-8.375;-8.6857;5.813697160459354;3.6845849833484716
-8.25;-8.6857;5.813697160459354;3.6845849833484716
-8.1875;-8.6286;5.813697160459354;3.6845849833484716
-8.3125;-8.5143;5.813697160459354;3.6845849833484716
-8.375;-8.5714;5.813697160459354;3.6845849833484716
-8.375;-8.5143;5.813697160459354;3.6845849833484716
-8.4375;-8.4857;5.813697160459354;3.6845849833484716
-8.5625;-8.4571;5.813697160459354;3.6845849833484716
-8.75;-8.4;5.813697160459354;3.6845849833484716
-8.9375;-8.3714;5.813697160459354;3.6845849833484716
-9.0;-8.3143;5.813697160459354;3.6845849833484716
-8.8125;-8.2286;5.813697160459354;3.6845849833484716
-8.375;-8.2286;5.813697160459354;3.6845849833484716
-7.8125;-8.1714;5.813697160459354;3.6845849833484716
-7.3125;-8.0857;5.813697160459354;3.6845849833484716
-7.25;-8.1429;5.813697160459354;3.6845849833484716
-7.5;-8.1143;5.813697160459354;3.6845849833484716
-8.0;-8.0286;5.813697160459354;3.6845849833484716
-8.3125;-8.0;5.813697160459354;3.6845849833484716
-8.25;-7.9429;5.813697160459354;3.6845849833484716
-8.0;-7.9143;5.813697160459354;3.6845849833484716
-7.8125;-7.9143;5.813697160459354;3.6845849833484716
-7.6875;-7.8286;5.813697160459354;3.6845849833484716
-7.6875;-7.7714;5.813697160459354;3.6845849833484716
-7.75;-7.7429;5.813697160459354;3.6845849833484716
-7.75;-7.7143;5.813697160459354;3.6845849833484716
-7.8125;-7.6857;5.813697160459354;3.6845849833484716
-7.875;-7.6;5.813697160459354;3.6845849833484716
-7.8125;-7.5714;5.813697160459354;3.6845849833484716
-7.5625;-7.5714;5.813697160459354;3.6845849833484716
-7.3125;-7.5429;5.813697160459354;3.6845849833484716
-7.25;-7.4857;5.813697160459354;3.6845849833484716
-7.375;-7.4857;5.813697160459354;3.6845849833484716
-7.4375;-7.4286;5.813697160459354;3.6845849833484716
-7.5;-7.3429;5.813697160459354;3.6845849833484716
-7.375;-7.2857;5.813697160459354;3.6845849833484716
-7.125;-7.2571;5.813697160459354;3.6845849833484716
-6.875;-7.2286;5.813697160459354;3.6845849833484716
-6.875;-7.1143;5.813697160459354;3.6845849833484716
-6.75;-7.0857;5.813697160459354;3.6845849833484716
-6.5625;-7.0;5.813697160459354;3.6845849833484716
-6.5625;-6.9714;5.813697160459354;3.6845849833484716
-6.6875;-6.8857;5.813697160459354;3.6845849833484716
-6.875;-6.8;5.813697160459354;3.6845849833484716
-6.9375;-6.7143;5.813697160459354;3.6845849833484716
-6.75;-6.6;5.813697160459354;3.6845849833484716
-6.6875;-6.4857;5.813697160459354;3.6845849833484716
-6.75;-6.3429;5.813697160459354;3.6845849833484716
-6.875;-6.2286;5.813697160459354;3.6845849833484716
-6.9375;-6.0286;5.813697160459354;3.6845849833484716
-6.8125;-5.8857;5.813697160459354;3.6845849833484716
-6.375;-5.7429;5.813697160459354;3.6845849833484716
-5.75;-5.4857;5.813697160459354;3.6845849833484716
-5.1875;-5.2571;5.813697160459354;3.6845849833484716
-4.8125;-5.0;5.813697160459354;3.6845849833484716
-4.625;-4.7143;5.813697160459354;3.6845849833484716
-4.625;-4.4571;5.813697160459354;3.6845849833484716
-4.625;-4.0286;5.813697160459354;3.6845849833484716
-4.6875;-3.6571;5.813697160459354;3.6845849833484716
-4.75;-3.3143;5.813697160459354;3.6845849833484716
-4.4375;-2.8571;5.813697160459354;3.6845849833484716
-3.625;-2.3143;5.813697160459354;3.6845849833484716
-2.25;-1.5714;5.813697160459354;3.6845849833484716
-0.875;-0.8571;5.813697160459354;3.6845849833484716
-0.0625;0.0857;5.813697160459354;3.6845849833484716
0.1875;1.0286;5.813697160459354;3.6845849833484716
0.0;1.6857;5.813697160459354;3.6845849833484716
-0.125;2.4857;5.813697160459354;3.6845849833484716
0.5;3.1429;5.813697160459354;3.6845849833484716
1.625;3.7429;5.813697160459354;3.6845849833484716
2.625;4.4857;5.813697160459354;3.6845849833484716
3.375;5.0286;5.813697160459354;3.6845849833484716
3.6875;5.7429;5.813697160459354;3.6845849833484716
3.875;6.4286;5.813697160459354;3.6845849833484716
4.0;7.2286;5.813697160459354;3.6845849833484716
4.3125;8.0571;5.813697160459354;3.6845849833484716
4.75;9.0286;5.813697160459354;3.6845849833484716
5.375;9.8;5.813697160459354;3.6845849833484716
6.1875;10.7143;5.813697160459354;3.6845849833484716
7.4375;11.7429;5.813697160459354;3.6845849833484716
8.8125;12.6857;5.813697160459354;3.6845849833484716
10.125;13.4571;5.813697160459354;3.6845849833484716
11.25;14.4571;5.813697160459354;3.6845849833484716
12.125;15.4857;5.813697160459354;3.6845849833484716
12.8125;16.3429;5.813697160459354;3.6845849833484716
13.5625;17.1429;5.813697160459354;3.6845849833484716
14.1875;18.1429;5.813697160459354;3.6845849833484716
14.5;18.8857;5.813697160459354;3.6845849833484716
14.625;19.6857;5.813697160459354;3.6845849833484716
14.625;20.7429;5.813697160459354;3.6845849833484716
14.6875;21.4857;5.813697160459354;3.6845849833484716
15.4375;22.3714;5.813697160459354;3.6845849833484716
17.5;23.1143;5.813697160459354;3.6845849833484716
20.0625;24.0;5.813697160459354;3.6845849833484716
22.125;25.0286;5.813697160459354;3.6845849833484716
23.5;25.7429;5.813697160459354;3.6845849833484716
24.3125;26.4571;5.813697160459354;3.6845849833484716
25.0;27.2571;5.813697160459354;3.6845849833484716
25.75;27.8857;5.813697160459354;3.6845849833484716
26.625;28.7714;5.813697160459354;3.6845849833484716
27.5625;29.3714;5.813697160459354;3.6845849833484716
28.5625;30.0857;5.813697160459354;3.6845849833484716
29.5;30.7714;5.813697160459354;3.6845849833484716
30.25;31.4286;5.813697160459354;3.6845849833484716
31.0;32.2571;5.813697160459354;3.6845849833484716
31.8125;32.8857;5.813697160459354;3.6845849833484716
32.5625;33.7143;5.813697160459354;3.6845849833484716
33.375;34.3714;5.813697160459354;3.6845849833484716
34.125;35.0;5.813697160459354;3.6845849833484716
34.875;35.8857;5.813697160459354;3.6845849833484716
35.5625;36.7143;5.813697160459354;3.6845849833484716
36.3125;37.3714;5.813697160459354;3.6845849833484716
36.9375;37.9429;5.813697160459354;3.6845849833484716
37.625;38.3143;5.813697160459354;3.6845849833484716
38.1875;39.0857;5.813697160459354;3.6845849833484716
38.6875;40.0571;5.813697160459354;3.6845849833484716
39.25;40.5714;5.813697160459354;3.6845849833484716
39.875;41.4;5.813697160459354;3.6845849833484716
40.3125;41.7143;5.813697160459354;3.6845849833484716
40.5625;42.5429;5.813697160459354;3.6845849833484716
40.625;43.3143;5.813697160459354;3.6845849833484716
40.625;44.0286;5.813697160459354;3.6845849833484716
40.5625;44.4286;5.813697160459354;3.6845849833484716
40.625;44.6571;5.813697160459354;3.6845849833484716
41.4375;45.6;5.813697160459354;3.6845849833484716
43.5;46.1143;5.813697160459354;3.6845849833484716
46.0;46.9429;5.813697160459354;3.6845849833484716
48.0;47.7429;5.813697160459354;3.6845849833484716
49.25;48.2857;5.813697160459354;3.6845849833484716
49.875;48.8571;5.813697160459354;3.6845849833484716
50.1875;49.2857;5.813697160459354;3.6845849833484716
50.5625;50.2286;5.813697160459354;3.6845849833484716
51.1875;50.6857;5.813697160459354;3.6845849833484716
51.875;51.4286;5.813697160459354;3.6845849833484716
52.625;51.6571;5.813697160459354;3.6845849833484716
53.25;53.3143;5.813697160459354;3.6845849833484716
53.8125;53.5429;5.813697160459354;3.6845849833484716
54.3125;54.4;5.813697160459354;3.6845849833484716
54.875;54.8857;5.813697160459354;3.6845849833484716
55.4375;55.7143;5.813697160459354;3.6845849833484716
56.125;55.6857;5.813697160459354;3.6845849833484716
57.0625;55.9429;5.813697160459354;3.6845849833484716
58.0625;56.8857;5.813697160459354;3.6845849833484716
58.625;57.1714;5.813697160459354;3.6845849833484716
58.875;57.6857;5.813697160459354;3.6845849833484716
59.0625;57.9714;5.813697160459354;3.6845849833484716
59.5;58.5714;5.813697160459354;3.6845849833484716
60.125;59.3143;5.813697160459354;3.6845849833484716
60.9375;59.6857;5.813697160459354;3.6845849833484716
61.6875;60.8857;5.813697160459354;3.6845849833484716
62.3125;61.0571;5.813697160459354;3.6845849833484716
62.625;61.6571;5.813697160459354;3.6845849833484716
62.6875;61.9143;5.813697160459354;3.6845849833484716
62.6875;62.6857;5.813697160459354;3.6845849833484716
62.625;63.7714;5.813697160459354;3.6845849833484716
62.625;64.0286;5.813697160459354;3.6845849833484716
63.0625;64.4857;5.813697160459354;3.6845849833484716
64.5625;65.1429;5.813697160459354;3.6845849833484716
66.375;64.8857;5.813697160459354;3.6845849833484716
67.9375;66.3714;5.813697160459354;3.6845849833484716
69.1875;66.4571;5.813697160459354;3.6845849833484716
70.0;67.4286;5.813697160459354;3.6845849833484716
70.5;67.4571;5.813697160459354;3.6845849833484716
70.8125;67.7143;5.813697160459354;3.6845849833484716
71.0625;68.8286;5.813697160459354;3.6845849833484716
71.375;68.6286;5.813697160459354;3.6845849833484716
72.125;68.2571;5.813697160459354;3.6845849833484716
73.25;68.5714;5.813697160459354;3.6845849833484716
74.25;69.4286;5.813697160459354;3.6845849833484716
74.875;71.0571;5.813697160459354;3.6845849833484716
75.125;70.3429;5.813697160459354;3.6845849833484716
75.0;70.9429;5.813697160459354;3.6845849833484716
75.0;71.2857;5.813697160459354;3.6845849833484716
75.4375;72.4571;5.813697160459354;3.6845849833484716
76.5625;72.6286;5.813697160459354;3.6845849833484716
77.75;73.9143;5.813697160459354;3.6845849833484716
78.5;73.7429;5.813697160459354;3.6845849833484716
79.0625;73.8857;5.813697160459354;3.6845849833484716
79.8125;74.7714;5.813697160459354;3.6845849833484716
80.6875;74.6;5.813697160459354;3.6845849833484716
81.4375;74.0857;5.813697160459354;3.6845849833484716
81.75;76.1429;5.813697160459354;3.6845849833484716
81.625;76.6;5.813697160459354;3.6845849833484716
81.375;78.7714;5.813697160459354;3.6845849833484716
81.25;79.1429;5.813697160459354;3.6845849833484716
81.125;78.1429;5.813697160459354;3.6845849833484716
81.125;78.4;5.813697160459354;3.6845849833484716
81.1875;78.9143;5.813697160459354;3.6845849833484716
81.9375;79.4;5.813697160459354;3.6845849833484716
83.875;79.7714;5.813697160459354;3.6845849833484716
86.25;80.1714;5.813697160459354;3.6845849833484716
87.875;79.0286;5.813697160459354;3.6845849833484716
88.625;79.8286;5.813697160459354;3.6845849833484716
89.3125;80.3429;5.813697160459354;3.6845849833484716
90.25;81.2571;5.813697160459354;3.6845849833484716
90.9375;81.7714;5.813697160459354;3.6845849833484716
91.1875;81.6571;5.813697160459354;3.6845849833484716
91.25;82.4571;5.813697160459354;3.6845849833484716
91.6875;82.5429;5.813697160459354;3.6845849833484716
92.6875;81.9714;5.813697160459354;3.6845849833484716
93.8125;83.4;5.813697160459354;3.6845849833484716
94.5;84.2286;5.813697160459354;3.6845849833484716
94.75;83.8;5.813697160459354;3.6845849833484716
94.6875;85.4571;5.813697160459354;3.6845849833484716
94.6875;83.1714;5.813697160459354;3.6845849833484716
95.1875;85.3714;5.813697160459354;3.6845849833484716
95.9375;84.2;5.813697160459354;3.6845849833484716
96.5625;85.0571;5.813697160459354;3.6845849833484716
97.0;86.4857;5.813697160459354;3.6845849833484716
97.0625;87.1714;5.813697160459354;3.6845849833484716
97.125;88.2;5.813697160459354;3.6845849833484716
97.4375;86.6571;5.813697160459354;3.6845849833484716
98.3125;86.6857;5.813697160459354;3.6845849833484716
99.375;86.2571;5.813697160459354;3.6845849833484716
100.0625;88.2857;5.813697160459354;3.6845849833484716
100.3125;88.5143;5.813697160459354;3.6845849833484716
100.375;91.4286;5.813697160459354;3.6845849833484716
100.3125;89.0;5.813697160459354;3.6845849833484716
100.25;91.2;5.813697160459354;3.6845849833484716
100.375;91.1429;5.813697160459354;3.6845849833484716
101.25;90.5143;5.813697160459354;3.6845849833484716
103.125;92.2286;5.813697160459354;3.6845849833484716
104.8125;92.0;5.813697160459354;3.6845849833484716
105.5625;93.0;5.813697160459354;3.6845849833484716
105.625;93.8;5.813697160459354;3.6845849833484716
105.375;93.9714;5.813697160459354;3.6845849833484716
105.0625;92.2571;5.813697160459354;3.6845849833484716
105.1875;93.1429;5.813697160459354;3.6845849833484716
105.875;94.5429;5.813697160459354;3.6845849833484716
106.6875;95.1429;5.813697160459354;3.6845849833484716
107.25;94.2286;5.813697160459354;3.6845849833484716
107.8125;94.5143;5.813697160459354;3.6845849833484716
108.4375;96.2857;5.813697160459354;3.6845849833484716
108.9375;96.5429;5.813697160459354;3.6845849833484716
108.9375;97.0571;5.813697160459354;3.6845849833484716
108.9375;96.7143;5.813697160459354;3.6845849833484716
109.375;97.8;5.813697160459354;3.6845849833484716
110.125;97.8571;5.813697160459354;3.6845849833484716
110.9375;98.8286;5.813697160459354;3.6845849833484716
111.6875;98.7429;5.813697160459354;3.6845849833484716
112.4375;99.3143;5.813697160459354;3.6845849833484716
113.1875;99.3143;5.813697160459354;3.6845849833484716
113.8125;99.8857;5.813697160459354;3.6845849833484716
114.1875;100.0857;5.813697160459354;3.6845849833484716
114.1875;101.9714;5.813697160459354;3.6845849833484716
114.125;101.4857;5.813697160459354;3.6845849833484716
114.125;101.5714;5.813697160459354;3.6845849833484716
114.125;103.3143;5.813697160459354;3.6845849833484716
114.125;104.0286;5.813697160459354;3.6845849833484716
114.125;104.1143;5.813697160459354;3.6845849833484716
114.1875;105.2571;5.813697160459354;3.6845849833484716
114.0625;105.1143;5.813697160459354;3.6845849833484716
114.375;105.3143;5.813697160459354;3.6845849833484716
115.5625;105.9714;5.813697160459354;3.6845849833484716
117.125;105.1714;5.813697160459354;3.6845849833484716
118.1875;105.2286;5.813697160459354;3.6845849833484716
118.6875;106.3714;5.813697160459354;3.6845849833484716
119.125;104.6286;5.813697160459354;3.6845849833484716
119.875;104.9714;5.813697160459354;3.6845849833484716
120.75;105.6571;5.813697160459354;3.6845849833484716
121.25;107.2571;5.813697160459354;3.6845849833484716
121.4375;108.6571;5.813697160459354;3.6845849833484716
121.4375;108.2;5.813697160459354;3.6845849833484716
121.3125;109.2571;5.813697160459354;3.6845849833484716
121.375;109.1429;5.813697160459354;3.6845849833484716
121.75;109.5143;5.813697160459354;3.6845849833484716
122.5;109.1143;5.813697160459354;3.6845849833484716
123.375;109.9714;5.813697160459354;3.6845849833484716
124.0625;110.6571;5.813697160459354;3.6845849833484716
124.1875;109.6571;5.813697160459354;3.6845849833484716
124.0;111.3714;5.813697160459354;3.6845849833484716
124.0;111.8857;5.813697160459354;3.6845849833484716
124.3125;110.7429;5.813697160459354;3.6845849833484716
124.8125;109.6857;5.813697160459354;3.6845849833484716
125.0625;111.7143;5.813697160459354;3.6845849833484716
125.125;110.6;5.813697160459354;3.6845849833484716
125.25;110.5143;5.813697160459354;3.6845849833484716
125.5625;111.4571;5.813697160459354;3.6845849833484716
125.75;111.0;5.813697160459354;3.6845849833484716
125.8125;110.4;5.813697160459354;3.6845849833484716
125.8125;109.7429;5.813697160459354;3.6845849833484716
125.8125;111.9714;5.813697160459354;3.6845849833484716
125.8125;112.7143;5.813697160459354;3.6845849833484716
125.8125;112.0857;5.813697160459354;3.6845849833484716
126.0;113.0857;5.813697160459354;3.6845849833484716
126.5;113.0;5.813697160459354;3.6845849833484716
127.25;113.1714;5.813697160459354;3.6845849833484716
128.0;114.4857;5.813697160459354;3.6845849833484716
128.5;113.6286;5.813697160459354;3.6845849833484716
128.875;114.2;5.813697160459354;3.6845849833484716
129.0;113.9714;5.813697160459354;3.6845849833484716
128.875;113.4286;5.813697160459354;3.6845849833484716
128.5;114.7143;5.813697160459354;3.6845849833484716
128.6875;114.8571;5.813697160459354;3.6845849833484716
129.5;116.1714;5.813697160459354;3.6845849833484716
130.125;114.8857;5.813697160459354;3.6845849833484716
130.25;115.4;5.813697160459354;3.6845849833484716
130.1875;115.0857;5.813697160459354;3.6845849833484716
130.1875;115.5714;5.813697160459354;3.6845849833484716
130.25;116.5714;5.813697160459354;3.6845849833484716
130.5;115.7714;5.813697160459354;3.6845849833484716
131.0625;115.1143;5.813697160459354;3.6845849833484716
131.5;116.3143;5.813697160459354;3.6845849833484716
131.8125;117.9429;5.813697160459354;3.6845849833484716
131.9375;117.6;5.813697160459354;3.6845849833484716
132.1875;118.8857;5.813697160459354;3.6845849833484716
132.625;117.6857;5.813697160459354;3.6845849833484716
132.8125;117.8286;5.813697160459354;3.6845849833484716
132.5625;117.6286;5.813697160459354;3.6845849833484716
132.375;117.4571;5.813697160459354;3.6845849833484716
132.375;118.3714;5.813697160459354;3.6845849833484716
132.4375;118.1714;5.813697160459354;3.6845849833484716
132.5;119.1714;5.813697160459354;3.6845849833484716
132.5;120.2571;5.813697160459354;3.6845849833484716
132.5625;120.4;5.813697160459354;3.6845849833484716
132.5625;120.3714;5.813697160459354;3.6845849833484716
133.0;119.5143;5.813697160459354;3.6845849833484716
134.0;120.9143;5.813697160459354;3.6845849833484716
134.875;120.3714;5.813697160459354;3.6845849833484716
135.1875;118.9429;5.813697160459354;3.6845849833484716
135.125;121.0571;5.813697160459354;3.6845849833484716
135.1875;120.9143;5.813697160459354;3.6845849833484716
135.5625;119.2286;5.813697160459354;3.6845849833484716
136.25;119.3429;5.813697160459354;3.6845849833484716
136.8125;119.8857;5.813697160459354;3.6845849833484716
137.1875;121.7429;5.813697160459354;3.6845849833484716
137.5625;120.6;5.813697160459354;3.6845849833484716
137.875;122.5143;5.813697160459354;3.6845849833484716
138.0;121.8;5.813697160459354;3.6845849833484716
137.8125;123.5143;5.813697160459354;3.6845849833484716
137.5;123.7143;5.813697160459354;3.6845849833484716
137.3125;124.8571;5.813697160459354;3.6845849833484716
137.5;124.2286;5.813697160459354;3.6845849833484716
138.0625;125.0;5.813697160459354;3.6845849833484716
138.5;125.5143;5.813697160459354;3.6845849833484716
138.875;125.7429;5.813697160459354;3.6845849833484716
139.4375;124.5714;5.813697160459354;3.6845849833484716
140.0;125.2286;5.813697160459354;3.6845849833484716
140.5625;126.2;5.813697160459354;3.6845849833484716
140.6875;125.8857;5.813697160459354;3.6845849833484716
140.25;125.3429;5.813697160459354;3.6845849833484716
139.625;125.6;5.813697160459354;3.6845849833484716
139.0625;125.8286;5.813697160459354;3.6845849833484716
138.75;128.3714;5.813697160459354;3.6845849833484716
138.6875;126.8571;5.813697160459354;3.6845849833484716
138.6875;126.8857;5.813697160459354;3.6845849833484716
138.75;127.3429;5.813697160459354;3.6845849833484716
138.8125;128.8;5.813697160459354;3.6845849833484716
139.3125;127.2;5.813697160459354;3.6845849833484716
140.375;127.4857;5.813697160459354;3.6845849833484716
141.4375;128.5714;5.813697160459354;3.6845849833484716
141.4375;127.9714;5.813697160459354;3.6845849833484716
140.8125;128.8;5.813697160459354;3.6845849833484716
141.125;127.4857;5.813697160459354;3.6845849833484716
142.5;128.4857;5.813697160459354;3.6845849833484716
143.9375;128.6571;5.813697160459354;3.6845849833484716
144.625;129.3143;5.813697160459354;3.6845849833484716
144.6875;128.8857;5.813697160459354;3.6845849833484716
144.375;129.7714;5.813697160459354;3.6845849833484716
143.6875;127.7429;5.813697160459354;3.6845849833484716
143.125;129.1429;5.813697160459354;3.6845849833484716
143.3125;129.8571;5.813697160459354;3.6845849833484716
144.0625;128.2857;5.813697160459354;3.6845849833484716
145.3125;129.9714;5.813697160459354;3.6845849833484716
146.8125;130.6857;5.813697160459354;3.6845849833484716
147.6875;131.2286;5.813697160459354;3.6845849833484716
148.0;131.1714;5.813697160459354;3.6845849833484716
147.6875;131.5714;5.813697160459354;3.6845849833484716
146.75;130.8571;5.813697160459354;3.6845849833484716
145.875;129.5429;5.813697160459354;3.6845849833484716
145.3125;130.5714;5.813697160459354;3.6845849833484716
145.375;131.3143;5.813697160459354;3.6845849833484716
146.0;131.5429;5.813697160459354;3.6845849833484716
146.4375;130.8857;5.813697160459354;3.6845849833484716
146.375;130.5714;5.813697160459354;3.6845849833484716
146.25;132.1714;5.813697160459354;3.6845849833484716
146.125;131.9429;5.813697160459354;3.6845849833484716
146.0625;133.2857;5.813697160459354;3.6845849833484716
146.0;131.3429;5.813697160459354;3.6845849833484716
145.875;132.3714;5.813697160459354;3.6845849833484716
145.75;131.9714;5.813697160459354;3.6845849833484716
146.1875;133.3714;5.813697160459354;3.6845849833484716
146.875;133.9714;5.813697160459354;3.6845849833484716
147.375;133.4857;5.813697160459354;3.6845849833484716
147.75;132.2286;5.813697160459354;3.6845849833484716
148.375;132.2571;5.813697160459354;3.6845849833484716
148.875;133.8286;5.813697160459354;3.6845849833484716
149.0625;133.6;5.813697160459354;3.6845849833484716
149.25;134.0;5.813697160459354;3.6845849833484716
149.375;134.9429;5.813697160459354;3.6845849833484716
149.6875;135.1429;5.813697160459354;3.6845849833484716
150.125;134.0857;5.813697160459354;3.6845849833484716
150.5625;135.5714;5.813697160459354;3.6845849833484716
150.75;136.0857;5.813697160459354;3.6845849833484716
150.75;135.0571;5.813697160459354;3.6845849833484716
150.75;134.9714;5.813697160459354;3.6845849833484716
150.6875;133.6286;5.813697160459354;3.6845849833484716
150.8125;136.5143;5.813697160459354;3.6845849833484716
151.1875;135.6286;5.813697160459354;3.6845849833484716
151.4375;134.7143;5.813697160459354;3.6845849833484716
151.125;134.5714;5.813697160459354;3.6845849833484716
150.4375;134.4286;5.813697160459354;3.6845849833484716
149.625;134.7143;5.813697160459354;3.6845849833484716
149.25;137.2286;5.813697160459354;3.6845849833484716
149.25;136.7429;5.813697160459354;3.6845849833484716
149.3125;135.7714;5.813697160459354;3.6845849833484716
149.3125;135.1429;5.813697160459354;3.6845849833484716
149.3125;135.0286;5.813697160459354;3.6845849833484716
149.3125;136.2286;5.813697160459354;3.6845849833484716
149.3125;136.9143;5.813697160459354;3.6845849833484716
149.25;137.0286;5.813697160459354;3.6845849833484716
149.625;137.7143;5.813697160459354;3.6845849833484716
150.875;136.4;5.813697160459354;3.6845849833484716
152.4375;137.7143;5.813697160459354;3.6845849833484716
153.25;137.0571;5.813697160459354;3.6845849833484716
153.25;137.6;5.813697160459354;3.6845849833484716
152.9375;137.3714;5.813697160459354;3.6845849833484716
152.6875;138.1714;5.813697160459354;3.6845849833484716
152.875;137.0571;5.813697160459354;3.6845849833484716
153.625;135.2;5.813697160459354;3.6845849833484716
154.5625;134.1714;5.813697160459354;3.6845849833484716
154.9375;134.8571;5.813697160459354;3.6845849833484716
154.3125;134.4857;5.813697160459354;3.6845849833484716
152.9375;135.6571;5.813697160459354;3.6845849833484716
151.3125;134.8857;5.813697160459354;3.6845849833484716
150.25;133.0;5.813697160459354;3.6845849833484716
149.9375;133.2286;5.813697160459354;3.6845849833484716
149.8125;132.8286;5.813697160459354;3.6845849833484716
149.6875;132.4571;5.813697160459354;3.6845849833484716
149.6875;133.2286;5.813697160459354;3.6845849833484716
149.8125;131.0571;5.813697160459354;3.6845849833484716
149.8125;131.2571;5.813697160459354;3.6845849833484716
148.8125;132.7143;5.813697160459354;3.6845849833484716
147.0;130.4571;5.813697160459354;3.6845849833484716
145.25;129.1429;5.813697160459354;3.6845849833484716
144.0;129.5429;5.813697160459354;3.6845849833484716
143.5625;130.5714;5.813697160459354;3.6845849833484716
143.75;130.0857;5.813697160459354;3.6845849833484716
144.0625;129.2857;5.813697160459354;3.6845849833484716
144.3125;128.5429;5.813697160459354;3.6845849833484716
144.4375;127.0286;5.813697160459354;3.6845849833484716
144.4375;127.7429;5.813697160459354;3.6845849833484716
144.4375;128.7429;5.813697160459354;3.6845849833484716
144.5625;127.3714;5.813697160459354;3.6845849833484716
144.5625;126.2857;5.813697160459354;3.6845849833484716
143.9375;126.4;5.813697160459354;3.6845849833484716
142.875;126.5143;5.813697160459354;3.6845849833484716
141.6875;126.2;5.813697160459354;3.6845849833484716
140.625;125.6571;5.813697160459354;3.6845849833484716
139.625;124.0286;5.813697160459354;3.6845849833484716
139.125;124.9714;5.813697160459354;3.6845849833484716
139.25;124.6;5.813697160459354;3.6845849833484716
139.625;125.6;5.813697160459354;3.6845849833484716
139.875;124.2857;5.813697160459354;3.6845849833484716
140.0;123.2;5.813697160459354;3.6845849833484716
140.0625;123.1714;5.813697160459354;3.6845849833484716
139.75;121.7714;5.813697160459354;3.6845849833484716
139.0625;121.0571;5.813697160459354;3.6845849833484716
138.0;121.1429;5.813697160459354;3.6845849833484716
136.9375;120.3429;5.813697160459354;3.6845849833484716
136.3125;119.8286;5.813697160459354;3.6845849833484716
136.125;119.2;5.813697160459354;3.6845849833484716
136.375;120.2286;5.813697160459354;3.6845849833484716
136.5;119.8;5.813697160459354;3.6845849833484716
136.0;117.6;5.813697160459354;3.6845849833484716
134.75;117.8857;5.813697160459354;3.6845849833484716
133.75;117.3143;5.813697160459354;3.6845849833484716
133.4375;116.8;5.813697160459354;3.6845849833484716
133.375;116.5714;5.813697160459354;3.6845849833484716
133.0625;116.7143;5.813697160459354;3.6845849833484716
132.75;115.2571;5.813697160459354;3.6845849833484716
132.5;113.6571;5.813697160459354;3.6845849833484716
132.4375;112.4;5.813697160459354;3.6845849833484716
132.4375;113.0857;5.813697160459354;3.6845849833484716
132.4375;114.6286;5.813697160459354;3.6845849833484716
132.4375;113.4;5.813697160459354;3.6845849833484716
132.0625;113.9143;5.813697160459354;3.6845849833484716
131.0;112.0571;5.813697160459354;3.6845849833484716
130.0625;112.8857;5.813697160459354;3.6845849833484716
129.6875;111.0571;5.813697160459354;3.6845849833484716
129.5625;111.5429;5.813697160459354;3.6845849833484716
129.4375;113.0286;5.813697160459354;3.6845849833484716
129.125;112.6571;5.813697160459354;3.6845849833484716
128.75;110.5143;5.813697160459354;3.6845849833484716
128.125;111.8571;5.813697160459354;3.6845849833484716
127.25;111.3714;5.813697160459354;3.6845849833484716
126.3125;108.7143;5.813697160459354;3.6845849833484716
125.875;109.7429;5.813697160459354;3.6845849833484716
125.6875;109.7429;5.813697160459354;3.6845849833484716
125.625;110.0571;5.813697160459354;3.6845849833484716
125.625;110.2286;5.813697160459354;3.6845849833484716
125.5;107.7714;5.813697160459354;3.6845849833484716
125.0625;107.7429;5.813697160459354;3.6845849833484716
124.6875;107.8;5.813697160459354;3.6845849833484716
124.5;107.5714;5.813697160459354;3.6845849833484716
124.1875;107.9714;5.813697160459354;3.6845849833484716
123.5625;107.5714;5.813697160459354;3.6845849833484716
123.0;107.0571;5.813697160459354;3.6845849833484716
122.6875;106.7429;5.813697160459354;3.6845849833484716
122.4375;105.3714;5.813697160459354;3.6845849833484716
122.0625;105.1143;5.813697160459354;3.6845849833484716
121.75;104.7143;5.813697160459354;3.6845849833484716
121.5625;105.6286;5.813697160459354;3.6845849833484716
121.5;104.2571;5.813697160459354;3.6845849833484716
121.5;104.1429;5.813697160459354;3.6845849833484716
121.5;103.8857;5.813697160459354;3.6845849833484716
121.5;103.8286;5.813697160459354;3.6845849833484716
121.5;103.4571;5.813697160459354;3.6845849833484716
121.3125;104.9143;5.813697160459354;3.6845849833484716
120.75;103.2;5.813697160459354;3.6845849833484716
120.1875;102.9143;5.813697160459354;3.6845849833484716
119.9375;102.6286;5.813697160459354;3.6845849833484716
119.6875;101.5143;5.813697160459354;3.6845849833484716
119.1875;101.6;5.813697160459354;3.6845849833484716
118.3125;102.4857;5.813697160459354;3.6845849833484716
117.4375;100.3429;5.813697160459354;3.6845849833484716
116.9375;101.0;5.813697160459354;3.6845849833484716
116.5;100.2857;5.813697160459354;3.6845849833484716
116.4375;99.6;5.813697160459354;3.6845849833484716
116.8125;99.5714;5.813697160459354;3.6845849833484716
117.1875;98.2286;5.813697160459354;3.6845849833484716
116.8125;98.1429;5.813697160459354;3.6845849833484716
115.75;98.7143;5.813697160459354;3.6845849833484716
114.625;99.8571;5.813697160459354;3.6845849833484716
113.875;99.2857;5.813697160459354;3.6845849833484716
113.5625;98.6571;5.813697160459354;3.6845849833484716
113.75;97.9143;5.813697160459354;3.6845849833484716
114.25;97.5143;5.813697160459354;3.6845849833484716
114.875;97.2;5.813697160459354;3.6845849833484716
115.25;97.2286;5.813697160459354;3.6845849833484716
114.875;96.7143;5.813697160459354;3.6845849833484716
113.8125;96.2571;5.813697160459354;3.6845849833484716
112.375;97.0571;5.813697160459354;3.6845849833484716
111.0;96.3714;5.813697160459354;3.6845849833484716
110.0625;97.7429;5.813697160459354;3.6845849833484716
109.625;96.9429;5.813697160459354;3.6845849833484716
109.5625;96.2857;5.813697160459354;3.6845849833484716
109.625;94.9714;5.813697160459354;3.6845849833484716
109.8125;96.0857;5.813697160459354;3.6845849833484716
110.3125;95.7143;5.813697160459354;3.6845849833484716
110.625;94.7429;5.813697160459354;3.6845849833484716
110.375;94.0286;5.813697160459354;3.6845849833484716
109.6875;95.0571;5.813697160459354;3.6845849833484716
109.125;93.5143;5.813697160459354;3.6845849833484716
108.75;92.2;5.813697160459354;3.6845849833484716
108.4375;92.6571;5.813697160459354;3.6845849833484716
108.125;92.1429;5.813697160459354;3.6845849833484716
107.75;92.2286;5.813697160459354;3.6845849833484716
107.375;91.4571;5.813697160459354;3.6845849833484716
107.0625;91.2571;5.813697160459354;3.6845849833484716
106.6875;90.6;5.813697160459354;3.6845849833484716
106.375;89.7714;5.813697160459354;3.6845849833484716
106.5;90.3143;5.813697160459354;3.6845849833484716
106.625;89.6286;5.813697160459354;3.6845849833484716
106.3125;90.8857;5.813697160459354;3.6845849833484716
106.0;91.3143;5.813697160459354;3.6845849833484716
105.75;91.0286;5.813697160459354;3.6845849833484716
105.4375;90.6571;5.813697160459354;3.6845849833484716
105.25;90.3714;5.813697160459354;3.6845849833484716
105.125;89.2857;5.813697160459354;3.6845849833484716
105.1875;89.0;5.813697160459354;3.6845849833484716
105.25;89.4857;5.813697160459354;3.6845849833484716
105.125;87.9429;5.813697160459354;3.6845849833484716
104.5625;88.2;5.813697160459354;3.6845849833484716
103.625;88.5429;5.813697160459354;3.6845849833484716
102.5;87.0;5.813697160459354;3.6845849833484716
101.625;87.3714;5.813697160459354;3.6845849833484716
101.1875;87.4286;5.813697160459354;3.6845849833484716
101.0625;87.2571;5.813697160459354;3.6845849833484716
101.0625;85.3714;5.813697160459354;3.6845849833484716
101.125;85.3714;5.813697160459354;3.6845849833484716
101.1875;83.7429;5.813697160459354;3.6845849833484716
101.0;85.8286;5.813697160459354;3.6845849833484716
100.375;84.5714;5.813697160459354;3.6845849833484716
99.6875;84.7714;5.813697160459354;3.6845849833484716
98.8125;84.4857;5.813697160459354;3.6845849833484716
97.75;83.9429;5.813697160459354;3.6845849833484716
96.9375;83.8571;5.813697160459354;3.6845849833484716
96.6875;84.4;5.813697160459354;3.6845849833484716
96.875;84.6857;5.813697160459354;3.6845849833484716
97.3125;83.1143;5.813697160459354;3.6845849833484716
97.5625;83.2571;5.813697160459354;3.6845849833484716
97.25;82.1429;5.813697160459354;3.6845849833484716
96.5625;82.8571;5.813697160459354;3.6845849833484716
95.9375;83.3429;5.813697160459354;3.6845849833484716
95.4375;83.3429;5.813697160459354;3.6845849833484716
95.1875;82.1143;5.813697160459354;3.6845849833484716
95.375;81.0286;5.813697160459354;3.6845849833484716
95.625;83.1429;5.813697160459354;3.6845849833484716
95.5;82.4857;5.813697160459354;3.6845849833484716
94.9375;82.6571;5.813697160459354;3.6845849833484716
94.1875;81.9714;5.813697160459354;3.6845849833484716
93.4375;80.4571;5.813697160459354;3.6845849833484716
93.0;82.0;5.813697160459354;3.6845849833484716
93.0625;80.3714;5.813697160459354;3.6845849833484716
93.0625;79.7429;5.813697160459354;3.6845849833484716
92.4375;81.4571;5.813697160459354;3.6845849833484716
91.375;81.2;5.813697160459354;3.6845849833484716
90.5;82.0571;5.813697160459354;3.6845849833484716
90.0;79.6857;5.813697160459354;3.6845849833484716
89.8125;80.1429;5.813697160459354;3.6845849833484716
89.8125;81.6;5.813697160459354;3.6845849833484716
89.875;80.8;5.813697160459354;3.6845849833484716
90.0625;80.3429;5.813697160459354;3.6845849833484716
90.4375;78.2286;5.813697160459354;3.6845849833484716
90.6875;78.2;5.813697160459354;3.6845849833484716
90.625;76.9714;5.813697160459354;3.6845849833484716
90.5;79.1429;5.813697160459354;3.6845849833484716
90.3125;77.9429;5.813697160459354;3.6845849833484716
90.0;77.5429;5.813697160459354;3.6845849833484716
89.1875;78.8857;5.813697160459354;3.6845849833484716
88.0625;77.4571;5.813697160459354;3.6845849833484716
87.3125;77.7143;5.813697160459354;3.6845849833484716
87.0;75.8;5.813697160459354;3.6845849833484716
86.875;77.4571;5.813697160459354;3.6845849833484716
87.125;75.8857;5.813697160459354;3.6845849833484716
87.375;77.7429;5.813697160459354;3.6845849833484716
86.9375;77.8857;5.813697160459354;3.6845849833484716
85.875;78.4571;5.813697160459354;3.6845849833484716
85.0;78.2571;5.813697160459354;3.6845849833484716
85.0;77.8;5.813697160459354;3.6845849833484716
85.9375;76.6571;5.813697160459354;3.6845849833484716
87.25;76.4286;5.813697160459354;3.6845849833484716
88.1875;75.8;5.813697160459354;3.6845849833484716
88.25;76.4;5.813697160459354;3.6845849833484716
87.5625;76.9143;5.813697160459354;3.6845849833484716
86.625;75.1429;5.813697160459354;3.6845849833484716
85.8125;75.5714;5.813697160459354;3.6845849833484716
85.1875;74.5714;5.813697160459354;3.6845849833484716
84.75;75.8571;5.813697160459354;3.6845849833484716
84.4375;74.2571;5.813697160459354;3.6845849833484716
84.3125;73.4857;5.813697160459354;3.6845849833484716
84.25;74.2286;5.813697160459354;3.6845849833484716
84.3125;73.7143;5.813697160459354;3.6845849833484716
84.375;74.0286;5.813697160459354;3.6845849833484716
84.5;72.9714;5.813697160459354;3.6845849833484716
84.3125;74.2857;5.813697160459354;3.6845849833484716
83.375;73.2286;5.813697160459354;3.6845849833484716
82.375;73.3143;5.813697160459354;3.6845849833484716
81.8125;73.8571;5.813697160459354;3.6845849833484716
81.625;72.8571;5.813697160459354;3.6845849833484716
81.5625;73.4286;5.813697160459354;3.6845849833484716
81.1875;73.2286;5.813697160459354;3.6845849833484716
80.5;73.2286;5.813697160459354;3.6845849833484716
79.8125;73.6286;5.813697160459354;3.6845849833484716
79.1875;73.7429;5.813697160459354;3.6845849833484716
78.9375;72.8;5.813697160459354;3.6845849833484716
79.0;72.2286;5.813697160459354;3.6845849833484716
79.5;71.7143;5.813697160459354;3.6845849833484716
79.9375;70.6857;5.813697160459354;3.6845849833484716
79.9375;72.1143;5.813697160459354;3.6845849833484716
79.5625;70.8286;5.813697160459354;3.6845849833484716
79.0;70.6286;5.813697160459354;3.6845849833484716
78.4375;71.1143;5.813697160459354;3.6845849833484716
78.125;71.0286;5.813697160459354;3.6845849833484716
77.9375;70.2;5.813697160459354;3.6845849833484716
77.8125;70.0857;5.813697160459354;3.6845849833484716
77.875;70.7429;5.813697160459354;3.6845849833484716
78.0625;70.3714;5.813697160459354;3.6845849833484716
78.0625;70.6571;5.813697160459354;3.6845849833484716
77.75;69.2857;5.813697160459354;3.6845849833484716
77.125;68.8857;5.813697160459354;3.6845849833484716
76.5;68.7143;5.813697160459354;3.6845849833484716
76.125;70.0571;5.813697160459354;3.6845849833484716
76.0;70.2857;5.813697160459354;3.6845849833484716
76.0;69.5143;5.813697160459354;3.6845849833484716
76.0;68.5143;5.813697160459354;3.6845849833484716
76.25;69.1714;5.813697160459354;3.6845849833484716
76.6875;69.1429;5.813697160459354;3.6845849833484716
76.875;69.6286;5.813697160459354;3.6845849833484716
76.5625;68.9429;5.813697160459354;3.6845849833484716
76.0;68.6286;5.813697160459354;3.6845849833484716
75.625;68.2857;5.813697160459354;3.6845849833484716
75.4375;68.1143;5.813697160459354;3.6845849833484716
75.3125;68.4571;5.813697160459354;3.6845849833484716
74.8125;68.3143;5.813697160459354;3.6845849833484716
73.875;68.2857;5.813697160459354;3.6845849833484716
72.8125;67.6;5.813697160459354;3.6845849833484716
72.0625;67.1714;5.813697160459354;3.6845849833484716
72.0;67.3714;5.813697160459354;3.6845849833484716
72.5625;67.8;5.813697160459354;3.6845849833484716
72.875;67.4571;5.813697160459354;3.6845849833484716
72.5625;67.6286;5.813697160459354;3.6845849833484716
72.0625;67.7714;5.813697160459354;3.6845849833484716
72.125;67.5143;5.813697160459354;3.6845849833484716
72.625;66.6571;5.813697160459354;3.6845849833484716
73.3125;65.9429;5.813697160459354;3.6845849833484716
73.875;65.2857;5.813697160459354;3.6845849833484716
73.9375;64.9714;5.813697160459354;3.6845849833484716
73.375;64.6;5.813697160459354;3.6845849833484716
72.5;65.1714;5.813697160459354;3.6845849833484716
71.4375;64.7143;5.813697160459354;3.6845849833484716
70.4375;65.1143;5.813697160459354;3.6845849833484716
69.8125;64.8571;5.813697160459354;3.6845849833484716
69.6875;63.4571;5.813697160459354;3.6845849833484716
69.75;65.4286;5.813697160459354;3.6845849833484716
69.875;64.3714;5.813697160459354;3.6845849833484716
69.9375;63.8286;5.813697160459354;3.6845849833484716
70.0;63.9714;5.813697160459354;3.6845849833484716
70.0625;63.3429;5.813697160459354;3.6845849833484716
70.25;64.1429;5.813697160459354;3.6845849833484716
70.0625;63.4857;5.813697160459354;3.6845849833484716
69.5625;62.7143;5.813697160459354;3.6845849833484716
69.25;63.7429;5.813697160459354;3.6845849833484716
69.25;63.9429;5.813697160459354;3.6845849833484716
69.3125;63.5429;5.813697160459354;3.6845849833484716
68.875;62.8286;5.813697160459354;3.6845849833484716
68.1875;62.2;5.813697160459354;3.6845849833484716
67.8125;60.9429;5.813697160459354;3.6845849833484716
67.875;62.0;5.813697160459354;3.6845849833484716
68.0625;61.5714;5.813697160459354;3.6845849833484716
67.8125;62.0286;5.813697160459354;3.6845849833484716
67.125;62.0857;5.813697160459354;3.6845849833484716
66.5;61.5714;5.813697160459354;3.6845849833484716
66.4375;60.4857;5.813697160459354;3.6845849833484716
66.8125;61.0857;5.813697160459354;3.6845849833484716
67.3125;61.0571;5.813697160459354;3.6845849833484716
67.6875;60.2857;5.813697160459354;3.6845849833484716
67.5625;60.8;5.813697160459354;3.6845849833484716
66.6875;60.4;5.813697160459354;3.6845849833484716
65.4375;59.9143;5.813697160459354;3.6845849833484716
64.375;59.4571;5.813697160459354;3.6845849833484716
63.6875;59.6286;5.813697160459354;3.6845849833484716
63.5;59.6286;5.813697160459354;3.6845849833484716
63.4375;60.6571;5.813697160459354;3.6845849833484716
63.5;59.7714;5.813697160459354;3.6845849833484716
63.5;60.6857;5.813697160459354;3.6845849833484716
63.5625;60.5143;5.813697160459354;3.6845849833484716
63.625;60.5143;5.813697160459354;3.6845849833484716
63.625;60.4571;5.813697160459354;3.6845849833484716
63.625;60.0286;5.813697160459354;3.6845849833484716
63.625;59.0286;5.813697160459354;3.6845849833484716
63.875;59.2286;5.813697160459354;3.6845849833484716
64.3125;59.3143;5.813697160459354;3.6845849833484716
64.6875;59.1429;5.813697160459354;3.6845849833484716
64.6875;58.5429;5.813697160459354;3.6845849833484716
64.3125;58.2857;5.813697160459354;3.6845849833484716
63.6875;57.9429;5.813697160459354;3.6845849833484716
63.0;56.8286;5.813697160459354;3.6845849833484716
62.4375;57.8571;5.813697160459354;3.6845849833484716
62.1875;57.8286;5.813697160459354;3.6845849833484716
61.9375;57.2857;5.813697160459354;3.6845849833484716
61.25;57.6286;5.813697160459354;3.6845849833484716
60.625;57.0;5.813697160459354;3.6845849833484716
60.3125;57.3429;5.813697160459354;3.6845849833484716
60.25;56.1429;5.813697160459354;3.6845849833484716
60.25;55.7143;5.813697160459354;3.6845849833484716
60.3125;54.8;5.813697160459354;3.6845849833484716
60.375;56.1429;5.813697160459354;3.6845849833484716
60.3125;55.7714;5.813697160459354;3.6845849833484716
60.0625;55.5714;5.813697160459354;3.6845849833484716
59.6875;55.3429;5.813697160459354;3.6845849833484716
59.1875;55.8571;5.813697160459354;3.6845849833484716
58.875;55.8;5.813697160459354;3.6845849833484716
59.0;55.8571;5.813697160459354;3.6845849833484716
59.3125;55.4571;5.813697160459354;3.6845849833484716
59.5625;56.1429;5.813697160459354;3.6845849833484716
59.5625;55.8571;5.813697160459354;3.6845849833484716
59.5625;55.1143;5.813697160459354;3.6845849833484716
59.5;55.2571;5.813697160459354;3.6845849833484716
59.5;54.3143;5.813697160459354;3.6845849833484716
59.4375;54.5429;5.813697160459354;3.6845849833484716
59.4375;53.8286;5.813697160459354;3.6845849833484716
59.4375;54.5143;5.813697160459354;3.6845849833484716
59.125;54.9429;5.813697160459354;3.6845849833484716
58.375;55.5143;5.813697160459354;3.6845849833484716
57.625;54.4571;5.813697160459354;3.6845849833484716
57.0625;53.5429;5.813697160459354;3.6845849833484716
56.9375;53.7429;5.813697160459354;3.6845849833484716
57.3125;54.4286;5.813697160459354;3.6845849833484716
57.75;54.2;5.813697160459354;3.6845849833484716
57.9375;53.8571;5.813697160459354;3.6845849833484716
57.8125;53.8857;5.813697160459354;3.6845849833484716
57.625;53.6286;5.813697160459354;3.6845849833484716
57.4375;53.4286;5.813697160459354;3.6845849833484716
57.25;53.3714;5.813697160459354;3.6845849833484716
57.125;53.5714;5.813697160459354;3.6845849833484716
56.9375;53.0857;5.813697160459354;3.6845849833484716
56.625;52.2857;5.813697160459354;3.6845849833484716
56.3125;52.4;5.813697160459354;3.6845849833484716
56.0625;51.2571;5.813697160459354;3.6845849833484716
55.875;51.2286;5.813697160459354;3.6845849833484716
55.875;51.2;5.813697160459354;3.6845849833484716
55.8125;51.2;5.813697160459354;3.6845849833484716
55.4375;51.2571;5.813697160459354;3.6845849833484716
55.0625;51.0286;5.813697160459354;3.6845849833484716
54.8125;51.4571;5.813697160459354;3.6845849833484716
54.5;51.2571;5.813697160459354;3.6845849833484716
54.25;51.5143;5.813697160459354;3.6845849833484716
54.0625;51.6286;5.813697160459354;3.6845849833484716
54.0625;51.8857;5.813697160459354;3.6845849833484716
54.125;51.4;5.813697160459354;3.6845849833484716
54.125;51.0;5.813697160459354;3.6845849833484716
54.125;51.2286;5.813697160459354;3.6845849833484716
54.1875;50.5143;5.813697160459354;3.6845849833484716
54.25;50.6857;5.813697160459354;3.6845849833484716
54.375;50.2857;5.813697160459354;3.6845849833484716
54.375;50.1714;5.813697160459354;3.6845849833484716
54.1875;49.8286;5.813697160459354;3.6845849833484716
53.9375;49.8286;5.813697160459354;3.6845849833484716
53.625;50.0571;5.813697160459354;3.6845849833484716
53.375;50.0857;5.813697160459354;3.6845849833484716
53.25;49.9714;5.813697160459354;3.6845849833484716
53.25;50.1714;5.813697160459354;3.6845849833484716
53.3125;49.3143;5.813697160459354;3.6845849833484716
53.375;49.3429;5.813697160459354;3.6845849833484716
53.5;48.6286;5.813697160459354;3.6845849833484716
53.625;49.2;5.813697160459354;3.6845849833484716
53.5;49.2571;5.813697160459354;3.6845849833484716
53.0625;48.8286;5.813697160459354;3.6845849833484716
52.6875;49.5714;5.813697160459354;3.6845849833484716
52.5;49.0286;5.813697160459354;3.6845849833484716
52.375;49.0;5.813697160459354;3.6845849833484716
52.3125;49.0571;5.813697160459354;3.6845849833484716
52.1875;48.4571;5.813697160459354;3.6845849833484716
52.125;48.8571;5.813697160459354;3.6845849833484716
52.0625;48.4571;5.813697160459354;3.6845849833484716
52.125;48.5714;5.813697160459354;3.6845849833484716
52.1875;48.1429;5.813697160459354;3.6845849833484716
52.125;48.6;5.813697160459354;3.6845849833484716
51.9375;48.5429;5.813697160459354;3.6845849833484716
51.6875;48.2;5.813697160459354;3.6845849833484716
51.4375;48.4857;5.813697160459354;3.6845849833484716
51.3125;47.7714;5.813697160459354;3.6845849833484716
51.25;48.0571;5.813697160459354;3.6845849833484716
51.25;47.6857;5.813697160459354;3.6845849833484716
51.25;47.2;5.813697160459354;3.6845849833484716
51.25;47.2857;5.813697160459354;3.6845849833484716
51.25;47.5429;5.813697160459354;3.6845849833484716
51.0625;46.7714;5.813697160459354;3.6845849833484716
50.75;46.5714;5.813697160459354;3.6845849833484716
50.5;46.4286;5.813697160459354;3.6845849833484716
50.4375;46.8857;5.813697160459354;3.6845849833484716
50.375;46.5429;5.813697160459354;3.6845849833484716
50.25;46.3429;5.813697160459354;3.6845849833484716
50.1875;46.7429;5.813697160459354;3.6845849833484716
50.0625;45.9429;5.813697160459354;3.6845849833484716
49.875;46.2571;5.813697160459354;3.6845849833484716
49.75;46.8;5.813697160459354;3.6845849833484716
49.75;46.4857;5.813697160459354;3.6845849833484716
49.8125;45.7429;5.813697160459354;3.6845849833484716
49.8125;45.9714;5.813697160459354;3.6845849833484716
49.6875;45.5714;5.813697160459354;3.6845849833484716
49.375;45.5429;5.813697160459354;3.6845849833484716
48.9375;45.4;5.813697160459354;3.6845849833484716
48.625;44.5143;5.813697160459354;3.6845849833484716
48.4375;45.1429;5.813697160459354;3.6845849833484716
48.4375;44.8286;5.813697160459354;3.6845849833484716
48.4375;45.5429;5.813697160459354;3.6845849833484716
48.1875;45.4857;5.813697160459354;3.6845849833484716
47.8125;45.6286;5.813697160459354;3.6845849833484716
47.5625;45.2571;5.813697160459354;3.6845849833484716
47.6875;45.2;5.813697160459354;3.6845849833484716
48.1875;45.1429;5.813697160459354;3.6845849833484716
48.75;45.0286;5.813697160459354;3.6845849833484716
49.125;44.6857;5.813697160459354;3.6845849833484716
49.3125;44.6571;5.813697160459354;3.6845849833484716
49.3125;44.6857;5.813697160459354;3.6845849833484716
49.3125;44.4;5.813697160459354;3.6845849833484716
49.1875;44.1714;5.813697160459354;3.6845849833484716
48.875;44.2;5.813697160459354;3.6845849833484716
48.1875;43.9714;5.813697160459354;3.6845849833484716
47.5;43.8;5.813697160459354;3.6845849833484716
47.0625;43.6286;5.813697160459354;3.6845849833484716
46.8125;42.8286;5.813697160459354;3.6845849833484716
46.6875;42.8571;5.813697160459354;3.6845849833484716
46.4375;42.6857;5.813697160459354;3.6845849833484716
46.125;43.0286;5.813697160459354;3.6845849833484716
45.75;42.5714;5.813697160459354;3.6845849833484716
45.4375;42.0286;5.813697160459354;3.6845849833484716
45.3125;42.0286;5.813697160459354;3.6845849833484716
45.3125;42.1429;5.813697160459354;3.6845849833484716
45.4375;41.9429;5.813697160459354;3.6845849833484716
45.5;42.0;5.813697160459354;3.6845849833484716
45.3125;41.6571;5.813697160459354;3.6845849833484716
45.0625;41.6857;5.813697160459354;3.6845849833484716
44.875;41.7143;5.813697160459354;3.6845849833484716
44.875;41.9714;5.813697160459354;3.6845849833484716
44.9375;41.6571;5.813697160459354;3.6845849833484716
44.875;41.8286;5.813697160459354;3.6845849833484716
44.625;41.7143;5.813697160459354;3.6845849833484716
44.3125;41.4857;5.813697160459354;3.6845849833484716
44.1875;41.2;5.813697160459354;3.6845849833484716
44.25;40.6571;5.813697160459354;3.6845849833484716
44.3125;41.3429;5.813697160459354;3.6845849833484716
44.125;41.3714;5.813697160459354;3.6845849833484716
43.9375;41.0857;5.813697160459354;3.6845849833484716
43.75;41.1143;5.813697160459354;3.6845849833484716
43.6875;40.6857;5.813697160459354;3.6845849833484716
43.6875;40.2571;5.813697160459354;3.6845849833484716
43.6875;40.2571;5.813697160459354;3.6845849833484716
43.6875;40.3143;5.813697160459354;3.6845849833484716
43.625;40.6571;5.813697160459354;3.6845849833484716
43.375;40.0286;5.813697160459354;3.6845849833484716
43.125;40.3143;5.813697160459354;3.6845849833484716
43.0625;40.3143;5.813697160459354;3.6845849833484716
43.0;40.0571;5.813697160459354;3.6845849833484716
42.75;39.9143;5.813697160459354;3.6845849833484716
42.4375;39.5714;5.813697160459354;3.6845849833484716
42.3125;39.4857;5.813697160459354;3.6845849833484716
42.25;39.6;5.813697160459354;3.6845849833484716
42.125;39.3143;5.813697160459354;3.6845849833484716
41.875;39.2286;5.813697160459354;3.6845849833484716
41.625;39.3143;5.813697160459354;3.6845849833484716
41.4375;39.1714;5.813697160459354;3.6845849833484716
41.4375;39.2857;5.813697160459354;3.6845849833484716
41.5625;39.5143;5.813697160459354;3.6845849833484716
41.4375;38.6571;5.813697160459354;3.6845849833484716
41.125;39.0286;5.813697160459354;3.6845849833484716
40.875;39.0571;5.813697160459354;3.6845849833484716
40.75;39.1143;5.813697160459354;3.6845849833484716
40.6875;39.0571;5.813697160459354;3.6845849833484716
40.625;38.8;5.813697160459354;3.6845849833484716
40.8125;38.4;5.813697160459354;3.6845849833484716
41.0;37.9143;5.813697160459354;3.6845849833484716
41.0;37.7429;5.813697160459354;3.6845849833484716
40.75;37.8571;5.813697160459354;3.6845849833484716
40.375;38.0286;5.813697160459354;3.6845849833484716
40.125;38.0571;5.813697160459354;3.6845849833484716
40.0625;37.8;5.813697160459354;3.6845849833484716
40.0625;38.1714;5.813697160459354;3.6845849833484716
40.0625;37.8857;5.813697160459354;3.6845849833484716
40.0625;37.8857;5.813697160459354;3.6845849833484716
40.125;37.6286;5.813697160459354;3.6845849833484716
40.125;37.4;5.813697160459354;3.6845849833484716
40.125;37.7429;5.813697160459354;3.6845849833484716
40.0625;37.6;5.813697160459354;3.6845849833484716
39.9375;37.9429;5.813697160459354;3.6845849833484716
39.75;38.0857;5.813697160459354;3.6845849833484716
39.5625;38.1429;5.813697160459354;3.6845849833484716
39.5;38.0571;5.813697160459354;3.6845849833484716
39.5625;37.6286;5.813697160459354;3.6845849833484716
39.625;37.5429;5.813697160459354;3.6845849833484716
39.625;37.0571;5.813697160459354;3.6845849833484716
39.5;37.3714;5.813697160459354;3.6845849833484716
39.375;37.1714;5.813697160459354;3.6845849833484716
39.0625;37.2857;5.813697160459354;3.6845849833484716
38.6875;36.9143;5.813697160459354;3.6845849833484716
38.375;36.4286;5.813697160459354;3.6845849833484716
38.3125;36.1143;5.813697160459354;3.6845849833484716
38.4375;35.9143;5.813697160459354;3.6845849833484716
38.4375;35.6286;5.813697160459354;3.6845849833484716
38.375;35.8286;5.813697160459354;3.6845849833484716
38.0625;36.2286;5.813697160459354;3.6845849833484716
37.8125;36.3429;5.813697160459354;3.6845849833484716
37.5625;36.3714;5.813697160459354;3.6845849833484716
37.5625;36.1714;5.813697160459354;3.6845849833484716
37.8125;35.4571;5.813697160459354;3.6845849833484716
38.125;35.4571;5.813697160459354;3.6845849833484716
38.3125;34.9143;5.813697160459354;3.6845849833484716
38.375;35.0857;5.813697160459354;3.6845849833484716
38.375;35.2;5.813697160459354;3.6845849833484716
38.3125;34.8571;5.813697160459354;3.6845849833484716
38.3125;35.1429;5.813697160459354;3.6845849833484716
38.25;34.8;5.813697160459354;3.6845849833484716
38.25;35.2571;5.813697160459354;3.6845849833484716
38.0;35.3143;5.813697160459354;3.6845849833484716
37.5625;35.2286;5.813697160459354;3.6845849833484716
37.0625;34.9143;5.813697160459354;3.6845849833484716
36.6875;34.8571;5.813697160459354;3.6845849833484716
36.5625;34.7714;5.813697160459354;3.6845849833484716
36.5;35.1143;5.813697160459354;3.6845849833484716
36.4375;34.8857;5.813697160459354;3.6845849833484716
36.25;34.8857;5.813697160459354;3.6845849833484716
36.125;34.5714;5.813697160459354;3.6845849833484716
36.1875;34.1714;5.813697160459354;3.6845849833484716
36.3125;34.6857;5.813697160459354;3.6845849833484716
36.5;34.5429;5.813697160459354;3.6845849833484716
36.5;34.3143;5.813697160459354;3.6845849833484716
36.375;34.3143;5.813697160459354;3.6845849833484716
36.25;34.2286;5.813697160459354;3.6845849833484716
36.125;33.9429;5.813697160459354;3.6845849833484716
36.0625;33.8286;5.813697160459354;3.6845849833484716
36.0;33.7429;5.813697160459354;3.6845849833484716
35.9375;33.7143;5.813697160459354;3.6845849833484716
35.8125;33.2571;5.813697160459354;3.6845849833484716
35.5625;33.0286;5.813697160459354;3.6845849833484716
35.3125;32.8857;5.813697160459354;3.6845849833484716
35.1875;33.0;5.813697160459354;3.6845849833484716
35.0625;33.1714;5.813697160459354;3.6845849833484716
35.0;33.0;5.813697160459354;3.6845849833484716
34.9375;32.8;5.813697160459354;3.6845849833484716
34.875;32.2857;5.813697160459354;3.6845849833484716
34.8125;32.0571;5.813697160459354;3.6845849833484716
34.8125;32.1714;5.813697160459354;3.6845849833484716
34.8125;32.2857;5.813697160459354;3.6845849833484716
34.8125;32.2;5.813697160459354;3.6845849833484716
34.875;31.9714;5.813697160459354;3.6845849833484716
34.8125;31.9429;5.813697160459354;3.6845849833484716
34.5625;32.0;5.813697160459354;3.6845849833484716
34.1875;31.5429;5.813697160459354;3.6845849833484716
33.875;31.7429;5.813697160459354;3.6845849833484716
33.625;31.6857;5.813697160459354;3.6845849833484716
33.375;31.9429;5.813697160459354;3.6845849833484716
33.125;32.1143;5.813697160459354;3.6845849833484716
32.9375;31.4857;5.813697160459354;3.6845849833484716
32.9375;31.5714;5.813697160459354;3.6845849833484716
33.0625;31.3714;5.813697160459354;3.6845849833484716
33.25;31.0571;5.813697160459354;3.6845849833484716
33.375;31.1143;5.813697160459354;3.6845849833484716
33.3125;30.8857;5.813697160459354;3.6845849833484716
33.125;30.9429;5.813697160459354;3.6845849833484716
32.875;30.8;5.813697160459354;3.6845849833484716
32.6875;30.4857;5.813697160459354;3.6845849833484716
32.5;30.2857;5.813697160459354;3.6845849833484716
32.5;30.4571;5.813697160459354;3.6845849833484716
32.5;30.6286;5.813697160459354;3.6845849833484716
32.5;30.6;5.813697160459354;3.6845849833484716
32.375;30.2857;5.813697160459354;3.6845849833484716
32.125;30.3429;5.813697160459354;3.6845849833484716
32.0;30.2;5.813697160459354;3.6845849833484716
32.0;30.1143;5.813697160459354;3.6845849833484716
32.125;30.0286;5.813697160459354;3.6845849833484716
32.125;29.8857;5.813697160459354;3.6845849833484716
32.0625;29.6286;5.813697160459354;3.6845849833484716
32.0;29.5143;5.813697160459354;3.6845849833484716
32.0;29.5143;5.813697160459354;3.6845849833484716
31.9375;29.3429;5.813697160459354;3.6845849833484716
31.9375;29.4571;5.813697160459354;3.6845849833484716
31.9375;29.1429;5.813697160459354;3.6845849833484716
31.8125;29.0286;5.813697160459354;3.6845849833484716
31.4375;29.0571;5.813697160459354;3.6845849833484716
31.0;28.8857;5.813697160459354;3.6845849833484716
30.75;28.6857;5.813697160459354;3.6845849833484716
30.5625;28.4;5.813697160459354;3.6845849833484716
30.375;28.4;5.813697160459354;3.6845849833484716
30.25;28.5429;5.813697160459354;3.6845849833484716
30.1875;28.5143;5.813697160459354;3.6845849833484716
30.1875;28.7143;5.813697160459354;3.6845849833484716
30.1875;28.7143;5.813697160459354;3.6845849833484716
30.1875;28.2286;5.813697160459354;3.6845849833484716
30.1875;28.2;5.813697160459354;3.6845849833484716
30.1875;28.1143;5.813697160459354;3.6845849833484716
30.1875;28.3143;5.813697160459354;3.6845849833484716
30.125;28.3714;5.813697160459354;3.6845849833484716
29.9375;28.2286;5.813697160459354;3.6845849833484716
29.75;27.9143;5.813697160459354;3.6845849833484716
29.6875;28.0286;5.813697160459354;3.6845849833484716
29.75;27.9429;5.813697160459354;3.6845849833484716
29.8125;27.8571;5.813697160459354;3.6845849833484716
29.8125;27.7714;5.813697160459354;3.6845849833484716
29.625;27.4857;5.813697160459354;3.6845849833484716
29.375;27.6857;5.813697160459354;3.6845849833484716
29.125;27.4286;5.813697160459354;3.6845849833484716
28.9375;27.5429;5.813697160459354;3.6845849833484716
28.9375;27.3143;5.813697160459354;3.6845849833484716
29.0;27.2286;5.813697160459354;3.6845849833484716
29.125;27.0286;5.813697160459354;3.6845849833484716
29.125;26.7429;5.813697160459354;3.6845849833484716
29.1875;26.8857;5.813697160459354;3.6845849833484716
29.1875;26.7429;5.813697160459354;3.6845849833484716
29.125;26.3714;5.813697160459354;3.6845849833484716
29.0;26.3714;5.813697160459354;3.6845849833484716
28.625;26.3714;5.813697160459354;3.6845849833484716
28.1875;26.3429;5.813697160459354;3.6845849833484716
27.875;26.5429;5.813697160459354;3.6845849833484716
27.625;26.4;5.813697160459354;3.6845849833484716
27.5625;26.2571;5.813697160459354;3.6845849833484716
27.5625;26.1714;5.813697160459354;3.6845849833484716
27.625;25.8857;5.813697160459354;3.6845849833484716
27.6875;25.8286;5.813697160459354;3.6845849833484716
27.75;25.9429;5.813697160459354;3.6845849833484716
27.625;25.8286;5.813697160459354;3.6845849833484716
27.375;25.6571;5.813697160459354;3.6845849833484716
27.125;25.6286;5.813697160459354;3.6845849833484716
26.9375;25.5143;5.813697160459354;3.6845849833484716
26.8125;25.5429;5.813697160459354;3.6845849833484716
26.875;25.5429;5.813697160459354;3.6845849833484716
26.9375;25.5429;5.813697160459354;3.6845849833484716
26.875;25.5714;5.813697160459354;3.6845849833484716
26.875;25.2857;5.813697160459354;3.6845849833484716
26.8125;25.0857;5.813697160459354;3.6845849833484716
26.75;25.1429;5.813697160459354;3.6845849833484716
26.6875;24.9143;5.813697160459354;3.6845849833484716
26.5;24.8571;5.813697160459354;3.6845849833484716
26.375;25.0571;5.813697160459354;3.6845849833484716
26.25;24.8571;5.813697160459354;3.6845849833484716
26.3125;24.7429;5.813697160459354;3.6845849833484716
26.3125;24.8;5.813697160459354;3.6845849833484716
26.375;24.6286;5.813697160459354;3.6845849833484716
26.375;24.8857;5.813697160459354;3.6845849833484716
26.4375;24.5714;5.813697160459354;3.6845849833484716
26.4375;24.2857;5.813697160459354;3.6845849833484716
26.375;24.2571;5.813697160459354;3.6845849833484716
26.3125;24.4;5.813697160459354;3.6845849833484716
26.1875;24.3143;5.813697160459354;3.6845849833484716
26.0625;24.2857;5.813697160459354;3.6845849833484716
25.875;24.2;5.813697160459354;3.6845849833484716
25.6875;23.8571;5.813697160459354;3.6845849833484716
25.625;23.9429;5.813697160459354;3.6845849833484716
25.5625;24.0571;5.813697160459354;3.6845849833484716
25.375;24.0857;5.813697160459354;3.6845849833484716
25.1875;23.8;5.813697160459354;3.6845849833484716
25.0625;23.5714;5.813697160459354;3.6845849833484716
25.0;23.7714;5.813697160459354;3.6845849833484716
25.0;23.8;5.813697160459354;3.6845849833484716
25.0625;23.6571;5.813697160459354;3.6845849833484716
25.0625;23.6857;5.813697160459354;3.6845849833484716
25.0;23.6857;5.813697160459354;3.6845849833484716
24.8125;23.7714;5.813697160459354;3.6845849833484716
24.8125;23.5429;5.813697160459354;3.6845849833484716
24.875;23.6571;5.813697160459354;3.6845849833484716
25.0;23.4286;5.813697160459354;3.6845849833484716
25.0625;23.2286;5.813697160459354;3.6845849833484716
25.0625;23.0571;5.813697160459354;3.6845849833484716
24.9375;23.2286;5.813697160459354;3.6845849833484716
24.6875;23.0286;5.813697160459354;3.6845849833484716
24.4375;22.8571;5.813697160459354;3.6845849833484716
24.25;22.8571;5.813697160459354;3.6845849833484716
24.0;22.8571;5.813697160459354;3.6845849833484716
23.8125;22.6286;5.813697160459354;3.6845849833484716
23.6875;22.4857;5.813697160459354;3.6845849833484716
23.6875;22.5429;5.813697160459354;3.6845849833484716
23.6875;22.3714;5.813697160459354;3.6845849833484716
23.6875;22.3714;5.813697160459354;3.6845849833484716
23.75;22.3714;5.813697160459354;3.6845849833484716
23.6875;22.4286;5.813697160459354;3.6845849833484716
23.625;22.4;5.813697160459354;3.6845849833484716
23.5;22.2857;5.813697160459354;3.6845849833484716
23.4375;22.4857;5.813697160459354;3.6845849833484716
23.4375;22.2571;5.813697160459354;3.6845849833484716
23.4375;22.0;5.813697160459354;3.6845849833484716
23.4375;21.8857;5.813697160459354;3.6845849833484716
23.3125;21.6571;5.813697160459354;3.6845849833484716
23.1875;21.7714;5.813697160459354;3.6845849833484716
23.0625;21.7429;5.813697160459354;3.6845849833484716
22.9375;21.6857;5.813697160459354;3.6845849833484716
22.8125;21.5429;5.813697160459354;3.6845849833484716
22.75;21.4857;5.813697160459354;3.6845849833484716
22.8125;21.2571;5.813697160459354;3.6845849833484716
22.8125;21.2857;5.813697160459354;3.6845849833484716
22.6875;21.2571;5.813697160459354;3.6845849833484716
22.5;21.3714;5.813697160459354;3.6845849833484716
22.3125;21.2571;5.813697160459354;3.6845849833484716
22.1875;21.2857;5.813697160459354;3.6845849833484716
22.125;21.2286;5.813697160459354;3.6845849833484716
22.1875;21.0571;5.813697160459354;3.6845849833484716
22.25;20.9143;5.813697160459354;3.6845849833484716
22.3125;20.8;5.813697160459354;3.6845849833484716
22.25;20.6857;5.813697160459354;3.6845849833484716
22.0625;20.6;5.813697160459354;3.6845849833484716
21.875;20.6;5.813697160459354;3.6845849833484716
21.75;20.6286;5.813697160459354;3.6845849833484716
21.6875;20.5429;5.813697160459354;3.6845849833484716
21.6875;20.6286;5.813697160459354;3.6845849833484716
21.6875;20.5143;5.813697160459354;3.6845849833484716
21.6875;20.4286;5.813697160459354;3.6845849833484716
21.6875;20.3143;5.813697160459354;3.6845849833484716
21.625;20.1429;5.813697160459354;3.6845849833484716
21.5;20.3143;5.813697160459354;3.6845849833484716
21.4375;20.1714;5.813697160459354;3.6845849833484716
21.375;20.2857;5.813697160459354;3.6845849833484716
21.25;20.2;5.813697160459354;3.6845849833484716
21.1875;20.0857;5.813697160459354;3.6845849833484716
21.125;20.0857;5.813697160459354;3.6845849833484716
21.1875;19.9429;5.813697160459354;3.6845849833484716
21.25;19.8286;5.813697160459354;3.6845849833484716
21.1875;19.8857;5.813697160459354;3.6845849833484716
21.125;19.7429;5.813697160459354;3.6845849833484716
21.0625;19.7143;5.813697160459354;3.6845849833484716
20.9375;19.7143;5.813697160459354;3.6845849833484716
20.8125;19.6286;5.813697160459354;3.6845849833484716
20.75;19.5143;5.813697160459354;3.6845849833484716
20.6875;19.4;5.813697160459354;3.6845849833484716
20.625;19.2857;5.813697160459354;3.6845849833484716
20.5625;19.2286;5.813697160459354;3.6845849833484716
20.5625;19.1143;5.813697160459354;3.6845849833484716
20.5;19.0857;5.813697160459354;3.6845849833484716
20.3125;19.1429;5.813697160459354;3.6845849833484716
20.1875;18.9429;5.813697160459354;3.6845849833484716
20.125;19.0286;5.813697160459354;3.6845849833484716
20.0625;18.8;5.813697160459354;3.6845849833484716
19.9375;19.0;5.813697160459354;3.6845849833484716
20.0;18.9429;5.813697160459354;3.6845849833484716
20.0625;18.8;5.813697160459354;3.6845849833484716
20.1875;18.7429;5.813697160459354;3.6845849833484716
20.1875;18.6286;5.813697160459354;3.6845849833484716
20.25;18.6857;5.813697160459354;3.6845849833484716
20.25;18.5429;5.813697160459354;3.6845849833484716
20.1875;18.4;5.813697160459354;3.6845849833484716
20.0;18.5429;5.813697160459354;3.6845849833484716
19.6875;18.4;5.813697160459354;3.6845849833484716
19.5625;18.2857;5.813697160459354;3.6845849833484716
19.5;18.1143;5.813697160459354;3.6845849833484716
19.4375;18.0;5.813697160459354;3.6845849833484716
19.375;17.9714;5.813697160459354;3.6845849833484716
19.3125;17.8;5.813697160459354;3.6845849833484716
19.125;17.8286;5.813697160459354;3.6845849833484716
18.9375;17.8571;5.813697160459354;3.6845849833484716
18.6875;17.6857;5.813697160459354;3.6845849833484716
18.625;17.8;5.813697160459354;3.6845849833484716
18.625;17.6571;5.813697160459354;3.6845849833484716
18.6875;17.6;5.813697160459354;3.6845849833484716
18.6875;17.5143;5.813697160459354;3.6845849833484716
18.6875;17.4857;5.813697160459354;3.6845849833484716
18.6875;17.3714;5.813697160459354;3.6845849833484716
18.5625;17.3714;5.813697160459354;3.6845849833484716
18.4375;17.4571;5.813697160459354;3.6845849833484716
18.3125;17.2286;5.813697160459354;3.6845849833484716
18.25;17.2571;5.813697160459354;3.6845849833484716
18.1875;17.1143;5.813697160459354;3.6845849833484716
18.1875;17.1429;5.813697160459354;3.6845849833484716
18.1875;17.0571;5.813697160459354;3.6845849833484716
18.125;17.1143;5.813697160459354;3.6845849833484716
17.9375;17.0286;5.813697160459354;3.6845849833484716
17.8125;16.8286;5.813697160459354;3.6845849833484716
17.75;16.8857;5.813697160459354;3.6845849833484716
17.75;16.7143;5.813697160459354;3.6845849833484716
17.75;16.6;5.813697160459354;3.6845849833484716
17.75;16.5429;5.813697160459354;3.6845849833484716
17.75;16.4571;5.813697160459354;3.6845849833484716
17.75;16.3714;5.813697160459354;3.6845849833484716
17.75;16.3143;5.813697160459354;3.6845849833484716
17.5625;16.2286;5.813697160459354;3.6845849833484716
17.375;16.3429;5.813697160459354;3.6845849833484716
17.25;16.1714;5.813697160459354;3.6845849833484716
17.125;16.2;5.813697160459354;3.6845849833484716
17.0625;16.1429;5.813697160459354;3.6845849833484716
17.0625;16.0857;5.813697160459354;3.6845849833484716
17.0;15.9714;5.813697160459354;3.6845849833484716
17.0;16.0286;5.813697160459354;3.6845849833484716
16.9375;15.9429;5.813697160459354;3.6845849833484716
16.9375;15.9714;5.813697160459354;3.6845849833484716
16.8125;15.8857;5.813697160459354;3.6845849833484716
16.8125;15.6857;5.813697160459354;3.6845849833484716
16.75;15.7429;5.813697160459354;3.6845849833484716
16.75;15.7143;5.813697160459354;3.6845849833484716
16.6875;15.6571;5.813697160459354;3.6845849833484716
16.625;15.6857;5.813697160459354;3.6845849833484716
16.5625;15.4571;5.813697160459354;3.6845849833484716
16.5625;15.4;5.813697160459354;3.6845849833484716
16.5;15.2857;5.813697160459354;3.6845849833484716
16.375;15.2857;5.813697160459354;3.6845849833484716
16.3125;15.2286;5.813697160459354;3.6845849833484716
16.25;15.2286;5.813697160459354;3.6845849833484716
16.1875;15.2;5.813697160459354;3.6845849833484716
16.125;14.9429;5.813697160459354;3.6845849833484716
16.0625;14.9143;5.813697160459354;3.6845849833484716
16.0625;14.9143;5.813697160459354;3.6845849833484716
16.125;14.8857;5.813697160459354;3.6845849833484716
16.125;14.7429;5.813697160459354;3.6845849833484716
16.1875;14.7714;5.813697160459354;3.6845849833484716
16.1875;14.6286;5.813697160459354;3.6845849833484716
16.125;14.6571;5.813697160459354;3.6845849833484716
16.0625;14.6;5.813697160459354;3.6845849833484716
15.9375;14.5143;5.813697160459354;3.6845849833484716
15.75;14.4571;5.813697160459354;3.6845849833484716
15.625;14.4286;5.813697160459354;3.6845849833484716
15.4375;14.4286;5.813697160459354;3.6845849833484716
15.3125;14.4;5.813697160459354;3.6845849833484716
15.25;14.2571;5.813697160459354;3.6845849833484716
15.1875;14.3143;5.813697160459354;3.6845849833484716
15.1875;14.1429;5.813697160459354;3.6845849833484716
15.25;14.1714;5.813697160459354;3.6845849833484716
15.3125;14.1429;5.813697160459354;3.6845849833484716
15.25;14.0857;5.813697160459354;3.6845849833484716
15.25;14.1143;5.813697160459354;3.6845849833484716
15.1875;14.0;5.813697160459354;3.6845849833484716
15.125;13.9714;5.813697160459354;3.6845849833484716
15.0625;13.8571;5.813697160459354;3.6845849833484716
15.0;13.8286;5.813697160459354;3.6845849833484716
15.0;13.8571;5.813697160459354;3.6845849833484716
14.875;13.7714;5.813697160459354;3.6845849833484716
14.8125;13.6857;5.813697160459354;3.6845849833484716
14.625;13.6857;5.813697160459354;3.6845849833484716
14.5;13.6571;5.813697160459354;3.6845849833484716
14.5;13.6286;5.813697160459354;3.6845849833484716
14.5;13.5714;5.813697160459354;3.6845849833484716
14.5625;13.4857;5.813697160459354;3.6845849833484716
14.6875;13.2571;5.813697160459354;3.6845849833484716
14.75;13.2571;5.813697160459354;3.6845849833484716
14.75;13.2;5.813697160459354;3.6845849833484716
14.8125;13.1429;5.813697160459354;3.6845849833484716
14.8125;13.0;5.813697160459354;3.6845849833484716
14.8125;13.0286;5.813697160459354;3.6845849833484716
14.75;13.0;5.813697160459354;3.6845849833484716
14.625;12.9714;5.813697160459354;3.6845849833484716
14.25;12.9429;5.813697160459354;3.6845849833484716
13.875;12.8571;5.813697160459354;3.6845849833484716
13.75;12.7714;5.813697160459354;3.6845849833484716
13.75;12.7714;5.813697160459354;3.6845849833484716
13.75;12.7714;5.813697160459354;3.6845849833484716
13.6875;12.8;5.813697160459354;3.6845849833484716
13.5625;12.7714;5.813697160459354;3.6845849833484716
13.5;12.6857;5.813697160459354;3.6845849833484716
13.5;12.6;5.813697160459354;3.6845849833484716
13.5625;12.4857;5.813697160459354;3.6845849833484716
13.625;12.4;5.813697160459354;3.6845849833484716
13.625;12.3429;5.813697160459354;3.6845849833484716
13.5625;12.3143;5.813697160459354;3.6845849833484716
13.4375;12.2571;5.813697160459354;3.6845849833484716
13.25;12.2286;5.813697160459354;3.6845849833484716
13.125;12.1143;5.813697160459354;3.6845849833484716
13.0625;12.0286;5.813697160459354;3.6845849833484716
13.125;12.0;5.813697160459354;3.6845849833484716
13.1875;11.9429;5.813697160459354;3.6845849833484716
13.125;11.9143;5.813697160459354;3.6845849833484716
13.0625;11.8857;5.813697160459354;3.6845849833484716
12.875;11.8571;5.813697160459354;3.6845849833484716
12.6875;11.7429;5.813697160459354;3.6845849833484716
12.5625;11.8;5.813697160459354;3.6845849833484716
12.5;11.7714;5.813697160459354;3.6845849833484716
12.4375;11.6857;5.813697160459354;3.6845849833484716
12.4375;11.7143;5.813697160459354;3.6845849833484716
12.4375;11.6286;5.813697160459354;3.6845849833484716
12.4375;11.4857;5.813697160459354;3.6845849833484716
12.4375;11.4286;5.813697160459354;3.6845849833484716
12.5;11.3429;5.813697160459354;3.6845849833484716
12.5;11.3143;5.813697160459354;3.6845849833484716
12.5;11.3143;5.813697160459354;3.6845849833484716
12.375;11.2;5.813697160459354;3.6845849833484716
12.25;11.2857;5.813697160459354;3.6845849833484716
12.125;11.1714;5.813697160459354;3.6845849833484716
12.0;11.0857;5.813697160459354;3.6845849833484716
11.875;11.0857;5.813697160459354;3.6845849833484716
11.875;11.0;5.813697160459354;3.6845849833484716
11.875;11.0;5.813697160459354;3.6845849833484716
11.9375;10.9143;5.813697160459354;3.6845849833484716
11.9375;10.8286;5.813697160459354;3.6845849833484716
11.9375;10.8857;5.813697160459354;3.6845849833484716
11.8125;10.8286;5.813697160459354;3.6845849833484716
11.75;10.8286;5.813697160459354;3.6845849833484716
11.6875;10.7143;5.813697160459354;3.6845849833484716
11.625;10.6571;5.813697160459354;3.6845849833484716
11.6875;10.6857;5.813697160459354;3.6845849833484716
11.75;10.5714;5.813697160459354;3.6845849833484716
11.6875;10.4857;5.813697160459354;3.6845849833484716
11.625;10.4571;5.813697160459354;3.6845849833484716
11.5;10.4571;5.813697160459354;3.6845849833484716
11.4375;10.4286;5.813697160459354;3.6845849833484716
11.375;10.3429;5.813697160459354;3.6845849833484716
11.375;10.2857;5.813697160459354;3.6845849833484716
11.375;10.2286;5.813697160459354;3.6845849833484716
11.25;10.2286;5.813697160459354;3.6845849833484716
11.1875;10.1429;5.813697160459354;3.6845849833484716
11.125;10.0571;5.813697160459354;3.6845849833484716
11.0625;9.9143;5.813697160459354;3.6845849833484716
11.0625;9.9429;5.813697160459354;3.6845849833484716
11.0625;9.9429;5.813697160459354;3.6845849833484716
11.0625;9.8857;5.813697160459354;3.6845849833484716
11.0;9.8857;5.813697160459354;3.6845849833484716
10.875;9.8;5.813697160459354;3.6845849833484716
10.8125;9.7429;5.813697160459354;3.6845849833484716
10.8125;9.6571;5.813697160459354;3.6845849833484716
10.8125;9.5714;5.813697160459354;3.6845849833484716
10.8125;9.6286;5.813697160459354;3.6845849833484716
10.8125;9.6286;5.813697160459354;3.6845849833484716
10.8125;9.6;5.813697160459354;3.6845849833484716
10.75;9.5429;5.813697160459354;3.6845849833484716
10.625;9.5143;5.813697160459354;3.6845849833484716
10.5625;9.4286;5.813697160459354;3.6845849833484716
10.5625;9.4;5.813697160459354;3.6845849833484716
10.5625;9.2857;5.813697160459354;3.6845849833484716
10.5;9.2571;5.813697160459354;3.6845849833484716
10.4375;9.2857;5.813697160459354;3.6845849833484716
10.375;9.2;5.813697160459354;3.6845849833484716
10.3125;9.1714;5.813697160459354;3.6845849833484716
10.1875;9.0571;5.813697160459354;3.6845849833484716
10.125;9.0571;5.813697160459354;3.6845849833484716
10.125;9.0286;5.813697160459354;3.6845849833484716
10.125;8.9429;5.813697160459354;3.6845849833484716
10.125;8.8857;5.813697160459354;3.6845849833484716
10.125;8.8286;5.813697160459354;3.6845849833484716
10.125;8.7714;5.813697160459354;3.6845849833484716
10.0625;8.7429;5.813697160459354;3.6845849833484716
10.0;8.7429;5.813697160459354;3.6845849833484716
10.0;8.7143;5.813697160459354;3.6845849833484716
10.0;8.6;5.813697160459354;3.6845849833484716
10.0;8.5143;5.813697160459354;3.6845849833484716
10.0;8.4857;5.813697160459354;3.6845849833484716
10.0625;8.4286;5.813697160459354;3.6845849833484716
10.0;8.3714;5.813697160459354;3.6845849833484716
9.9375;8.3714;5.813697160459354;3.6845849833484716
9.8125;8.3143;5.813697160459354;3.6845849833484716
9.6875;8.3429;5.813697160459354;3.6845849833484716
9.625;8.2571;5.813697160459354;3.6845849833484716
9.5;8.2;5.813697160459354;3.6845849833484716
9.375;8.2286;5.813697160459354;3.6845849833484716
9.3125;8.1714;5.813697160459354;3.6845849833484716
9.375;8.1143;5.813697160459354;3.6845849833484716
9.5;8.0571;5.813697160459354;3.6845849833484716
9.5;7.9714;5.813697160459354;3.6845849833484716
9.5;7.9429;5.813697160459354;3.6845849833484716
9.4375;7.8857;5.813697160459354;3.6845849833484716
9.3125;7.8571;5.813697160459354;3.6845849833484716
9.1875;7.8286;5.813697160459354;3.6845849833484716
9.125;7.7714;5.813697160459354;3.6845849833484716
9.0625;7.7429;5.813697160459354;3.6845849833484716
9.0;7.6571;5.813697160459354;3.6845849833484716
8.9375;7.6857;5.813697160459354;3.6845849833484716
8.75;7.6857;5.813697160459354;3.6845849833484716
8.625;7.6;5.813697160459354;3.6845849833484716
8.625;7.5429;5.813697160459354;3.6845849833484716
8.6875;7.5429;5.813697160459354;3.6845849833484716
8.875;7.4857;5.813697160459354;3.6845849833484716
9.0;7.4857;5.813697160459354;3.6845849833484716
8.9375;7.4286;5.813697160459354;3.6845849833484716
8.875;7.3714;5.813697160459354;3.6845849833484716
8.8125;7.3143;5.813697160459354;3.6845849833484716
8.75;7.3143;5.813697160459354;3.6845849833484716
8.75;7.2286;5.813697160459354;3.6845849833484716
8.75;7.1714;5.813697160459354;3.6845849833484716
8.75;7.1714;5.813697160459354;3.6845849833484716
8.6875;7.0857;5.813697160459354;3.6845849833484716
8.4375;7.0571;5.813697160459354;3.6845849833484716
8.125;7.0571;5.813697160459354;3.6845849833484716
7.8125;7.0571;5.813697160459354;3.6845849833484716
7.625;7.0;5.813697160459354;3.6845849833484716
7.625;6.9429;5.813697160459354;3.6845849833484716
7.875;6.9143;5.813697160459354;3.6845849833484716
8.0625;6.8857;5.813697160459354;3.6845849833484716
8.0;6.8286;5.813697160459354;3.6845849833484716
7.8125;6.7714;5.813697160459354;3.6845849833484716
7.8125;6.7714;5.813697160459354;3.6845849833484716
7.75;6.6571;5.813697160459354;3.6845849833484716
7.75;6.6;5.813697160459354;3.6845849833484716
7.625;6.5714;5.813697160459354;3.6845849833484716
7.4375;6.5429;5.813697160459354;3.6845849833484716
7.3125;6.5143;5.813697160459354;3.6845849833484716
7.3125;6.4857;5.813697160459354;3.6845849833484716
7.5;6.4286;5.813697160459354;3.6845849833484716
7.5;6.4571;5.813697160459354;3.6845849833484716
7.3125;6.4;5.813697160459354;3.6845849833484716
7.0625;6.4;5.813697160459354;3.6845849833484716
6.8125;6.3143;5.813697160459354;3.6845849833484716
6.8125;6.3143;5.813697160459354;3.6845849833484716
6.875;6.2286;5.813697160459354;3.6845849833484716
7.0;6.1714;5.813697160459354;3.6845849833484716
7.0;6.1429;5.813697160459354;3.6845849833484716
7.0;6.1429;5.813697160459354;3.6845849833484716
7.0;6.0286;5.813697160459354;3.6845849833484716
7.0;6.0857;5.813697160459354;3.6845849833484716
7.0;5.9714;5.813697160459354;3.6845849833484716
7.0625;5.9714;5.813697160459354;3.6845849833484716
7.0625;5.9429;5.813697160459354;3.6845849833484716
7.0;5.9143;5.813697160459354;3.6845849833484716
6.8125;5.8286;5.813697160459354;3.6845849833484716
6.5;5.8;5.813697160459354;3.6845849833484716
6.3125;5.7714;5.813697160459354;3.6845849833484716
6.3125;5.7714;5.813697160459354;3.6845849833484716
6.3125;5.6857;5.813697160459354;3.6845849833484716
6.25;5.6857;5.813697160459354;3.6845849833484716
6.125;5.6;5.813697160459354;3.6845849833484716
5.9375;5.6286;5.813697160459354;3.6845849833484716
5.75;5.5714;5.813697160459354;3.6845849833484716
5.625;5.5143;5.813697160459354;3.6845849833484716
5.5625;5.5143;5.813697160459354;3.6845849833484716
5.5;5.4571;5.813697160459354;3.6845849833484716
5.3125;5.4571;5.813697160459354;3.6845849833484716
5.3125;5.4286;5.813697160459354;3.6845849833484716
5.5625;5.3714;5.813697160459354;3.6845849833484716
5.8125;5.3429;5.813697160459354;3.6845849833484716
6.0625;5.3429;5.813697160459354;3.6845849833484716
6.125;5.3143;5.813697160459354;3.6845849833484716
5.9375;5.2571;5.813697160459354;3.6845849833484716
5.6875;5.1714;5.813697160459354;3.6845849833484716
5.4375;5.1143;5.813697160459354;3.6845849833484716
5.1875;5.0571;5.813697160459354;3.6845849833484716
5.125;5.0857;5.813697160459354;3.6845849833484716
5.0625;5.0857;5.813697160459354;3.6845849833484716
4.9375;5.0857;5.813697160459354;3.6845849833484716
4.8125;5.0286;5.813697160459354;3.6845849833484716
4.8125;4.9714;5.813697160459354;3.6845849833484716
4.875;4.8857;5.813697160459354;3.6845849833484716
4.9375;4.8857;5.813697160459354;3.6845849833484716
5.0;4.8571;5.813697160459354;3.6845849833484716
5.0;4.8286;5.813697160459354;3.6845849833484716
5.0;4.7714;5.813697160459354;3.6845849833484716
5.0;4.7714;5.813697160459354;3.6845849833484716
4.9375;4.7143;5.813697160459354;3.6845849833484716
4.8125;4.7429;5.813697160459354;3.6845849833484716
4.5625;4.6571;5.813697160459354;3.6845849833484716
4.5625;4.6571;5.813697160459354;3.6845849833484716
4.8125;4.5714;5.813697160459354;3.6845849833484716
4.9375;4.5714;5.813697160459354;3.6845849833484716
4.875;4.5143;5.813697160459354;3.6845849833484716
4.625;4.4571;5.813697160459354;3.6845849833484716
4.375;4.4286;5.813697160459354;3.6845849833484716
4.1875;4.3714;5.813697160459354;3.6845849833484716
4.125;4.3714;5.813697160459354;3.6845849833484716
4.1875;4.3714;5.813697160459354;3.6845849833484716
4.25;4.3429;5.813697160459354;3.6845849833484716
4.3125;4.2571;5.813697160459354;3.6845849833484716
4.375;4.2857;5.813697160459354;3.6845849833484716
4.375;4.2286;5.813697160459354;3.6845849833484716
4.4375;4.2;5.813697160459354;3.6845849833484716
4.5;4.1429;5.813697160459354;3.6845849833484716
4.5625;4.1429;5.813697160459354;3.6845849833484716
4.625;4.0571;5.813697160459354;3.6845849833484716
4.5;4.0286;5.813697160459354;3.6845849833484716
4.1875;4.0571;5.813697160459354;3.6845849833484716
4.0;4.0;5.813697160459354;3.6845849833484716
3.8125;3.9714;5.813697160459354;3.6845849833484716
3.25;3.9429;5.813697160459354;3.6845849833484716
2.5625;3.8571;5.813697160459354;3.6845849833484716
2.125;3.8;5.813697160459354;3.6845849833484716
1.875;3.7714;5.813697160459354;3.6845849833484716
1.875;3.7429;5.813697160459354;3.6845849833484716
2.0625;3.7143;5.813697160459354;3.6845849833484716
2.625;3.6857;5.813697160459354;3.6845849833484716
3.125;3.7143;5.813697160459354;3.6845849833484716
3.3125;3.6571;5.813697160459354;3.6845849833484716
3.4375;3.5714;5.813697160459354;3.6845849833484716
3.5;3.6;5.813697160459354;3.6845849833484716
3.5625;3.5143;5.813697160459354;3.6845849833484716
3.5625;3.5714;5.813697160459354;3.6845849833484716
3.5;3.4286;5.813697160459354;3.6845849833484716
3.5;3.4;5.813697160459354;3.6845849833484716
3.5625;3.4286;5.813697160459354;3.6845849833484716
3.5625;3.3714;5.813697160459354;3.6845849833484716
3.5;3.2571;5.813697160459354;3.6845849833484716
3.375;3.3429;5.813697160459354;3.6845849833484716
3.3125;3.3429;5.813697160459354;3.6845849833484716
3.375;3.2;5.813697160459354;3.6845849833484716
3.1875;3.2;5.813697160459354;3.6845849833484716
2.6875;3.1429;5.813697160459354;3.6845849833484716
2.3125;3.2;5.813697160459354;3.6845849833484716
2.25;3.0857;5.813697160459354;3.6845849833484716
2.375;3.0857;5.813697160459354;3.6845849833484716
2.6875;3.0286;5.813697160459354;3.6845849833484716
3.0;3.0;5.813697160459354;3.6845849833484716
3.0;2.9429;5.813697160459354;3.6845849833484716
2.6875;3.0;5.813697160459354;3.6845849833484716
2.625;2.9714;5.813697160459354;3.6845849833484716
2.6875;2.8857;5.813697160459354;3.6845849833484716
2.625;2.8571;5.813697160459354;3.6845849833484716
2.625;2.8571;5.813697160459354;3.6845849833484716
2.5625;2.8;5.813697160459354;3.6845849833484716
2.5625;2.7714;5.813697160459354;3.6845849833484716
2.5;2.7714;5.813697160459354;3.6845849833484716
2.625;2.6571;5.813697160459354;3.6845849833484716
2.5625;2.6571;5.813697160459354;3.6845849833484716
2.0625;2.6857;5.813697160459354;3.6845849833484716
1.4375;2.6286;5.813697160459354;3.6845849833484716
1.3125;2.5429;5.813697160459354;3.6845849833484716
1.1875;2.5714;5.813697160459354;3.6845849833484716
1.0625;2.4857;5.813697160459354;3.6845849833484716
1.125;2.4857;5.813697160459354;3.6845849833484716
0.9375;2.4857;5.813697160459354;3.6845849833484716
0.8125;2.4857;5.813697160459354;3.6845849833484716
1.125;2.4571;5.813697160459354;3.6845849833484716
1.375;2.4286;5.813697160459354;3.6845849833484716
1.125;2.4;5.813697160459354;3.6845849833484716
0.625;2.4;5.813697160459354;3.6845849833484716
0.25;2.2857;5.813697160459354;3.6845849833484716
0.25;2.3429;5.813697160459354;3.6845849833484716
0.6875;2.2571;5.813697160459354;3.6845849833484716
0.9375;2.2286;5.813697160459354;3.6845849833484716
0.875;2.2;5.813697160459354;3.6845849833484716
0.625;2.1714;5.813697160459354;3.6845849833484716
0.5;2.2286;5.813697160459354;3.6845849833484716
0.625;2.0857;5.813697160459354;3.6845849833484716
0.8125;2.1143;5.813697160459354;3.6845849833484716
1.0625;2.0571;5.813697160459354;3.6845849833484716
0.9375;2.0571;5.813697160459354;3.6845849833484716
0.5;2.0;5.813697160459354;3.6845849833484716
0.25;2.0;5.813697160459354;3.6845849833484716
0.375;2.0;5.813697160459354;3.6845849833484716
0.625;1.9429;5.813697160459354;3.6845849833484716
0.875;1.9429;5.813697160459354;3.6845849833484716
1.0;1.8857;5.813697160459354;3.6845849833484716
1.0;1.8571;5.813697160459354;3.6845849833484716
0.9375;1.8571;5.813697160459354;3.6845849833484716
0.75;1.7714;5.813697160459354;3.6845849833484716
0.5625;1.8;5.813697160459354;3.6845849833484716
0.0;1.7714;5.813697160459354;3.6845849833484716
-1.0;1.7714;5.813697160459354;3.6845849833484716
-1.875;1.7143;5.813697160459354;3.6845849833484716
-1.6875;1.6857;5.813697160459354;3.6845849833484716
-1.0;1.6571;5.813697160459354;3.6845849833484716
-0.3125;1.6286;5.813697160459354;3.6845849833484716
0.0625;1.5714;5.813697160459354;3.6845849833484716
0.4375;1.5714;5.813697160459354;3.6845849833484716
0.5625;1.5143;5.813697160459354;3.6845849833484716
0.4375;1.5714;5.813697160459354;3.6845849833484716
0.5;1.5143;5.813697160459354;3.6845849833484716
0.8125;1.4571;5.813697160459354;3.6845849833484716
0.8125;1.5143;5.813697160459354;3.6845849833484716
0.5;1.5143;5.813697160459354;3.6845849833484716
0.1875;1.4286;5.813697160459354;3.6845849833484716
0.0;1.3714;5.813697160459354;3.6845849833484716
0.0;1.3143;5.813697160459354;3.6845849833484716
0.125;1.4286;5.813697160459354;3.6845849833484716
0.3125;1.3429;5.813697160459354;3.6845849833484716
0.4375;1.2857;5.813697160459354;3.6845849833484716
0.5625;1.3429;5.813697160459354;3.6845849833484716
0.4375;1.2;5.813697160459354;3.6845849833484716
0.25;1.2;5.813697160459354;3.6845849833484716
0.0625;1.2;5.813697160459354;3.6845849833484716
0.0;1.1714;5.813697160459354;3.6845849833484716
0.0;1.1714;5.813697160459354;3.6845849833484716
0.0;1.2;5.813697160459354;3.6845849833484716
0.0;1.0857;5.813697160459354;3.6845849833484716
0.0;1.0286;5.813697160459354;3.6845849833484716
0.0;1.1714;5.813697160459354;3.6845849833484716
0.1875;1.0571;5.813697160459354;3.6845849833484716
0.3125;1.0;5.813697160459354;3.6845849833484716
0.3125;1.0;5.813697160459354;3.6845849833484716
0.1875;1.0;5.813697160459354;3.6845849833484716
0.3125;0.9429;5.813697160459354;3.6845849833484716
0.75;1.0;5.813697160459354;3.6845849833484716
1.1875;0.8857;5.813697160459354;3.6845849833484716
1.0625;0.8857;5.813697160459354;3.6845849833484716
0.6875;0.8857;5.813697160459354;3.6845849833484716
0.5;0.8286;5.813697160459354;3.6845849833484716
0.5;0.8286;5.813697160459354;3.6845849833484716
0.8125;0.8571;5.813697160459354;3.6845849833484716
1.125;0.8857;5.813697160459354;3.6845849833484716
1.0625;0.7714;5.813697160459354;3.6845849833484716
0.5;0.7429;5.813697160459354;3.6845849833484716
-0.3125;0.7143;5.813697160459354;3.6845849833484716
-0.6875;0.7429;5.813697160459354;3.6845849833484716
-0.5;0.7143;5.813697160459354;3.6845849833484716
-0.25;0.7429;5.813697160459354;3.6845849833484716
-0.0625;0.7143;5.813697160459354;3.6845849833484716
0.0;0.6857;5.813697160459354;3.6845849833484716
0.0;0.6571;5.813697160459354;3.6845849833484716
0.0;0.6857;5.813697160459354;3.6845849833484716
0.0;0.4857;5.813697160459354;3.6845849833484716
-0.0625;0.6571;5.813697160459354;3.6845849833484716
-0.1875;0.6571;5.813697160459354;3.6845849833484716
-0.125;0.5429;5.813697160459354;3.6845849833484716
-0.0625;0.6;5.813697160459354;3.6845849833484716
0.0;0.4571;5.813697160459354;3.6845849833484716
0.0;0.5429;5.813697160459354;3.6845849833484716
0.0;0.5429;5.813697160459354;3.6845849833484716
0.0;0.4571;5.813697160459354;3.6845849833484716
-0.0625;0.5143;5.813697160459354;3.6845849833484716
-0.3125;0.4857;5.813697160459354;3.6845849833484716
-0.75;0.4571;5.813697160459354;3.6845849833484716
-0.9375;0.5143;5.813697160459354;3.6845849833484716
-0.6875;0.4571;5.813697160459354;3.6845849833484716
-0.3125;0.4571;5.813697160459354;3.6845849833484716
-0.0625;0.4;5.813697160459354;3.6845849833484716
0.0;0.4857;5.813697160459354;3.6845849833484716
0.0;0.4286;5.813697160459354;3.6845849833484716
-0.0625;0.3143;5.813697160459354;3.6845849833484716
-0.3125;0.3429;5.813697160459354;3.6845849833484716
-0.375;0.4571;5.813697160459354;3.6845849833484716
-0.25;0.3714;5.813697160459354;3.6845849833484716
-0.125;0.3143;5.813697160459354;3.6845849833484716
0.0625;0.3143;5.813697160459354;3.6845849833484716
0.4375;0.3429;5.813697160459354;3.6845849833484716
0.75;0.3714;5.813697160459354;3.6845849833484716
0.625;0.2571;5.813697160459354;3.6845849833484716
0.375;0.3429;5.813697160459354;3.6845849833484716
0.0625;0.2571;5.813697160459354;3.6845849833484716
-0.0625;0.2857;5.813697160459354;3.6845849833484716
-0.125;0.2857;5.813697160459354;3.6845849833484716
-0.0625;0.2857;5.813697160459354;3.6845849833484716
-0.125;0.2857;5.813697160459354;3.6845849833484716
-0.5;0.2;5.813697160459354;3.6845849833484716
-0.8125;0.2286;5.813697160459354;3.6845849833484716
-0.6875;0.2571;5.813697160459354;3.6845849833484716
-0.375;0.2;5.813697160459354;3.6845849833484716
-0.125;0.2286;5.813697160459354;3.6845849833484716
