SF-A-022;Sensirion;RMSE;MAE
-9.125;-8.9143;7.028448267261411;4.310219849624061
-9.0625;-8.8;7.028448267261411;4.310219849624061
-8.875;-8.8286;7.028448267261411;4.310219849624061
-8.6875;-8.7143;7.028448267261411;4.310219849624061
-8.5625;-8.7143;7.028448267261411;4.310219849624061
-8.5625;-8.7429;7.028448267261411;4.310219849624061
-8.625;-8.6857;7.028448267261411;4.310219849624061
-8.6875;-8.6;7.028448267261411;4.310219849624061
-8.625;-8.5714;7.028448267261411;4.310219849624061
-8.5625;-8.5429;7.028448267261411;4.310219849624061
-8.5625;-8.5143;7.028448267261411;4.310219849624061
-8.5625;-8.4286;7.028448267261411;4.310219849624061
-8.6875;-8.4;7.028448267261411;4.310219849624061
-8.8125;-8.4286;7.028448267261411;4.310219849624061
-8.8125;-8.4;7.028448267261411;4.310219849624061
-8.5625;-8.3429;7.028448267261411;4.310219849624061
-8.3125;-8.2857;7.028448267261411;4.310219849624061
-8.1875;-8.3143;7.028448267261411;4.310219849624061
-8.125;-8.2571;7.028448267261411;4.310219849624061
-8.125;-8.2;7.028448267261411;4.310219849624061
-8.125;-8.1429;7.028448267261411;4.310219849624061
-8.1875;-8.1429;7.028448267261411;4.310219849624061
-8.1875;-8.1143;7.028448267261411;4.310219849624061
-8.25;-8.1143;7.028448267261411;4.310219849624061
-8.1875;-8.0857;7.028448267261411;4.310219849624061
-7.9375;-8.1143;7.028448267261411;4.310219849624061
-7.5625;-8.1714;7.028448267261411;4.310219849624061
-7.1875;-8.1714;7.028448267261411;4.310219849624061
-7.1875;-8.2;7.028448267261411;4.310219849624061
-7.5;-8.2571;7.028448267261411;4.310219849624061
-7.75;-8.3714;7.028448267261411;4.310219849624061
-8.0;-8.4286;7.028448267261411;4.310219849624061
-8.125;-8.5429;7.028448267261411;4.310219849624061
-8.1875;-8.6571;7.028448267261411;4.310219849624061
-8.125;-8.8286;7.028448267261411;4.310219849624061
-8.0625;-8.9714;7.028448267261411;4.310219849624061
-8.0625;-9.1429;7.028448267261411;4.310219849624061
-8.3125;-9.3429;7.028448267261411;4.310219849624061
-8.6875;-9.5714;7.028448267261411;4.310219849624061
-9.0;-9.8286;7.028448267261411;4.310219849624061
-9.3125;-10.0857;7.028448267261411;4.310219849624061
-9.5625;-10.3714;7.028448267261411;4.310219849624061
-9.75;-10.5714;7.028448267261411;4.310219849624061
-9.8125;-10.9143;7.028448267261411;4.310219849624061
-9.8125;-11.2857;7.028448267261411;4.310219849624061
-9.875;-11.6571;7.028448267261411;4.310219849624061
-10.0;-12.0286;7.028448267261411;4.310219849624061
-10.25;-12.4286;7.028448267261411;4.310219849624061
-10.5;-12.7714;7.028448267261411;4.310219849624061
-10.5625;-13.2857;7.028448267261411;4.310219849624061
-10.625;-13.6857;7.028448267261411;4.310219849624061
-10.625;-14.1714;7.028448267261411;4.310219849624061
-10.625;-14.6286;7.028448267261411;4.310219849624061
-10.75;-15.1714;7.028448267261411;4.310219849624061
-11.3125;-15.7143;7.028448267261411;4.310219849624061
-12.375;-16.2571;7.028448267261411;4.310219849624061
-13.625;-16.8571;7.028448267261411;4.310219849624061
-14.6875;-17.4;7.028448267261411;4.310219849624061
-15.5625;-18.1143;7.028448267261411;4.310219849624061
-16.125;-18.6571;7.028448267261411;4.310219849624061
-16.5;-19.2857;7.028448267261411;4.310219849624061
-17.1875;-19.9143;7.028448267261411;4.310219849624061
-18.125;-20.5429;7.028448267261411;4.310219849624061
-19.0625;-21.2286;7.028448267261411;4.310219849624061
-19.875;-21.8;7.028448267261411;4.310219849624061
-20.625;-22.5143;7.028448267261411;4.310219849624061
-21.25;-23.2;7.028448267261411;4.310219849624061
-21.8125;-23.8286;7.028448267261411;4.310219849624061
-22.375;-24.5429;7.028448267261411;4.310219849624061
-23.1875;-25.1143;7.028448267261411;4.310219849624061
-24.0625;-25.7714;7.028448267261411;4.310219849624061
-24.9375;-26.4857;7.028448267261411;4.310219849624061
-25.5;-27.1143;7.028448267261411;4.310219849624061
-26.0625;-27.5429;7.028448267261411;4.310219849624061
-26.625;-28.3143;7.028448267261411;4.310219849624061
-27.125;-29.0;7.028448267261411;4.310219849624061
-27.8125;-29.7143;7.028448267261411;4.310219849624061
-28.6875;-30.5429;7.028448267261411;4.310219849624061
-29.4375;-31.1429;7.028448267261411;4.310219849624061
-30.3125;-31.8857;7.028448267261411;4.310219849624061
-31.0;-32.4857;7.028448267261411;4.310219849624061
-31.375;-33.3143;7.028448267261411;4.310219849624061
-31.5625;-33.8857;7.028448267261411;4.310219849624061
-31.5;-34.5714;7.028448267261411;4.310219849624061
-31.5;-35.4;7.028448267261411;4.310219849624061
-31.5;-35.9429;7.028448267261411;4.310219849624061
-31.875;-36.7143;7.028448267261411;4.310219849624061
-33.1875;-37.3429;7.028448267261411;4.310219849624061
-35.4375;-38.0;7.028448267261411;4.310219849624061
-37.875;-38.7714;7.028448267261411;4.310219849624061
-39.5;-39.2857;7.028448267261411;4.310219849624061
-40.1875;-40.0286;7.028448267261411;4.310219849624061
-40.25;-40.8;7.028448267261411;4.310219849624061
-40.1875;-41.4286;7.028448267261411;4.310219849624061
-40.375;-42.0571;7.028448267261411;4.310219849624061
-40.875;-42.8571;7.028448267261411;4.310219849624061
-41.875;-43.4857;7.028448267261411;4.310219849624061
-43.25;-44.4286;7.028448267261411;4.310219849624061
-44.625;-45.0571;7.028448267261411;4.310219849624061
-45.5;-45.5714;7.028448267261411;4.310219849624061
-45.75;-46.3143;7.028448267261411;4.310219849624061
-45.75;-47.0;7.028448267261411;4.310219849624061
-46.0625;-47.4286;7.028448267261411;4.310219849624061
-46.8125;-47.9429;7.028448267261411;4.310219849624061
-47.75;-48.3429;7.028448267261411;4.310219849624061
-48.6875;-49.4;7.028448267261411;4.310219849624061
-49.6875;-49.8;7.028448267261411;4.310219849624061
-50.375;-50.6286;7.028448267261411;4.310219849624061
-50.6875;-50.8857;7.028448267261411;4.310219849624061
-51.25;-51.3429;7.028448267261411;4.310219849624061
-52.1875;-52.4286;7.028448267261411;4.310219849624061
-52.75;-52.7714;7.028448267261411;4.310219849624061
-52.9375;-53.5429;7.028448267261411;4.310219849624061
-52.9375;-53.9714;7.028448267261411;4.310219849624061
-52.875;-54.9429;7.028448267261411;4.310219849624061
-52.8125;-55.0;7.028448267261411;4.310219849624061
-52.8125;-55.7714;7.028448267261411;4.310219849624061
-52.875;-56.4;7.028448267261411;4.310219849624061
-53.5625;-56.5429;7.028448267261411;4.310219849624061
-55.4375;-57.8286;7.028448267261411;4.310219849624061
-57.5;-58.1714;7.028448267261411;4.310219849624061
-58.8125;-59.0286;7.028448267261411;4.310219849624061
-59.5;-59.3143;7.028448267261411;4.310219849624061
-59.9375;-59.6571;7.028448267261411;4.310219849624061
-60.4375;-60.7143;7.028448267261411;4.310219849624061
-61.375;-60.7143;7.028448267261411;4.310219849624061
-62.4375;-61.2857;7.028448267261411;4.310219849624061
-63.1875;-61.9429;7.028448267261411;4.310219849624061
-63.75;-62.0286;7.028448267261411;4.310219849624061
-64.25;-62.8857;7.028448267261411;4.310219849624061
-64.625;-63.4286;7.028448267261411;4.310219849624061
-64.8125;-63.7143;7.028448267261411;4.310219849624061
-64.6875;-64.8;7.028448267261411;4.310219849624061
-64.8125;-65.2857;7.028448267261411;4.310219849624061
-65.25;-65.3429;7.028448267261411;4.310219849624061
-66.125;-66.5714;7.028448267261411;4.310219849624061
-67.125;-66.6;7.028448267261411;4.310219849624061
-68.0;-67.0;7.028448267261411;4.310219849624061
-68.4375;-68.0571;7.028448267261411;4.310219849624061
-68.75;-68.2857;7.028448267261411;4.310219849624061
-68.9375;-67.8857;7.028448267261411;4.310219849624061
-69.0625;-69.0571;7.028448267261411;4.310219849624061
-69.8125;-69.9143;7.028448267261411;4.310219849624061
-71.4375;-70.0857;7.028448267261411;4.310219849624061
-73.0625;-70.4286;7.028448267261411;4.310219849624061
-74.0625;-71.6286;7.028448267261411;4.310219849624061
-74.4375;-72.5143;7.028448267261411;4.310219849624061
-74.5;-72.7714;7.028448267261411;4.310219849624061
-74.375;-73.2;7.028448267261411;4.310219849624061
-74.0;-74.1714;7.028448267261411;4.310219849624061
-73.375;-74.8286;7.028448267261411;4.310219849624061
-73.0;-74.6286;7.028448267261411;4.310219849624061
-73.4375;-74.4571;7.028448267261411;4.310219849624061
-74.75;-75.6571;7.028448267261411;4.310219849624061
-76.5;-75.9714;7.028448267261411;4.310219849624061
-78.25;-76.2571;7.028448267261411;4.310219849624061
-79.375;-76.0857;7.028448267261411;4.310219849624061
-79.5625;-77.3143;7.028448267261411;4.310219849624061
-79.125;-78.2;7.028448267261411;4.310219849624061
-78.875;-78.8571;7.028448267261411;4.310219849624061
-79.3125;-79.6571;7.028448267261411;4.310219849624061
-80.4375;-79.9143;7.028448267261411;4.310219849624061
-81.75;-80.4;7.028448267261411;4.310219849624061
-82.75;-80.5714;7.028448267261411;4.310219849624061
-83.1875;-81.2;7.028448267261411;4.310219849624061
-83.3125;-81.4571;7.028448267261411;4.310219849624061
-83.5625;-81.5714;7.028448267261411;4.310219849624061
-83.75;-81.9429;7.028448267261411;4.310219849624061
-84.0;-82.0571;7.028448267261411;4.310219849624061
-84.6875;-82.5714;7.028448267261411;4.310219849624061
-85.625;-82.8;7.028448267261411;4.310219849624061
-86.0625;-83.9714;7.028448267261411;4.310219849624061
-85.75;-84.8857;7.028448267261411;4.310219849624061
-85.125;-84.4571;7.028448267261411;4.310219849624061
-84.625;-84.9714;7.028448267261411;4.310219849624061
-85.0625;-85.8571;7.028448267261411;4.310219849624061
-86.0625;-85.9714;7.028448267261411;4.310219849624061
-86.875;-86.8286;7.028448267261411;4.310219849624061
-87.3125;-87.1429;7.028448267261411;4.310219849624061
-87.4375;-87.6;7.028448267261411;4.310219849624061
-87.4375;-87.2286;7.028448267261411;4.310219849624061
-87.125;-87.8;7.028448267261411;4.310219849624061
-87.0;-88.6857;7.028448267261411;4.310219849624061
-87.75;-89.6571;7.028448267261411;4.310219849624061
-89.0625;-89.4857;7.028448267261411;4.310219849624061
-90.1875;-89.0;7.028448267261411;4.310219849624061
-90.9375;-89.6857;7.028448267261411;4.310219849624061
-91.3125;-89.5429;7.028448267261411;4.310219849624061
-91.4375;-90.3714;7.028448267261411;4.310219849624061
-91.6875;-91.4571;7.028448267261411;4.310219849624061
-92.3125;-91.1143;7.028448267261411;4.310219849624061
-93.0;-91.8286;7.028448267261411;4.310219849624061
-93.4375;-91.3143;7.028448267261411;4.310219849624061
-94.0625;-92.0857;7.028448267261411;4.310219849624061
-94.6875;-91.8286;7.028448267261411;4.310219849624061
-95.0;-93.1429;7.028448267261411;4.310219849624061
-94.8125;-94.0571;7.028448267261411;4.310219849624061
-94.9375;-93.6;7.028448267261411;4.310219849624061
-95.6875;-93.5143;7.028448267261411;4.310219849624061
-95.8125;-93.7143;7.028448267261411;4.310219849624061
-95.6875;-94.7429;7.028448267261411;4.310219849624061
-96.3125;-94.9429;7.028448267261411;4.310219849624061
-97.3125;-95.7429;7.028448267261411;4.310219849624061
-98.125;-96.2;7.028448267261411;4.310219849624061
-98.5;-97.0286;7.028448267261411;4.310219849624061
-98.625;-97.2286;7.028448267261411;4.310219849624061
-99.0625;-97.7429;7.028448267261411;4.310219849624061
-100.0;-98.1714;7.028448267261411;4.310219849624061
-101.0625;-97.3143;7.028448267261411;4.310219849624061
-101.6875;-97.3429;7.028448267261411;4.310219849624061
-102.0;-98.1143;7.028448267261411;4.310219849624061
-102.0;-98.5143;7.028448267261411;4.310219849624061
-101.9375;-99.6;7.028448267261411;4.310219849624061
-101.75;-99.1429;7.028448267261411;4.310219849624061
-101.875;-100.5143;7.028448267261411;4.310219849624061
-103.125;-100.6571;7.028448267261411;4.310219849624061
-104.5625;-99.9143;7.028448267261411;4.310219849624061
-104.6875;-100.4;7.028448267261411;4.310219849624061
-103.75;-101.2857;7.028448267261411;4.310219849624061
-103.1875;-102.4571;7.028448267261411;4.310219849624061
-103.5625;-102.6;7.028448267261411;4.310219849624061
-104.25;-102.3714;7.028448267261411;4.310219849624061
-104.8125;-102.6286;7.028448267261411;4.310219849624061
-105.4375;-102.9714;7.028448267261411;4.310219849624061
-105.625;-102.7143;7.028448267261411;4.310219849624061
-105.4375;-103.5714;7.028448267261411;4.310219849624061
-105.6875;-103.9143;7.028448267261411;4.310219849624061
-106.25;-103.6571;7.028448267261411;4.310219849624061
-106.5;-103.6;7.028448267261411;4.310219849624061
-106.0625;-104.2857;7.028448267261411;4.310219849624061
-105.5;-104.8;7.028448267261411;4.310219849624061
-105.375;-105.9714;7.028448267261411;4.310219849624061
-105.75;-105.6;7.028448267261411;4.310219849624061
-106.6875;-106.0;7.028448267261411;4.310219849624061
-108.0625;-106.5714;7.028448267261411;4.310219849624061
-109.3125;-107.2857;7.028448267261411;4.310219849624061
-109.75;-108.0286;7.028448267261411;4.310219849624061
-109.6875;-107.7429;7.028448267261411;4.310219849624061
-109.375;-107.8857;7.028448267261411;4.310219849624061
-109.125;-108.2;7.028448267261411;4.310219849624061
-109.0;-109.3714;7.028448267261411;4.310219849624061
-108.9375;-109.4286;7.028448267261411;4.310219849624061
-108.9375;-108.3429;7.028448267261411;4.310219849624061
-108.9375;-107.8857;7.028448267261411;4.310219849624061
-108.9375;-109.3714;7.028448267261411;4.310219849624061
-108.875;-109.9429;7.028448267261411;4.310219849624061
-108.875;-109.8857;7.028448267261411;4.310219849624061
-109.6875;-111.3714;7.028448267261411;4.310219849624061
-111.125;-110.6571;7.028448267261411;4.310219849624061
-112.6875;-111.2286;7.028448267261411;4.310219849624061
-114.3125;-110.7143;7.028448267261411;4.310219849624061
-115.125;-111.8857;7.028448267261411;4.310219849624061
-115.625;-112.8857;7.028448267261411;4.310219849624061
-116.25;-112.6571;7.028448267261411;4.310219849624061
-115.9375;-112.2857;7.028448267261411;4.310219849624061
-114.8125;-113.1143;7.028448267261411;4.310219849624061
-114.4375;-113.2;7.028448267261411;4.310219849624061
-114.9375;-114.1143;7.028448267261411;4.310219849624061
-114.9375;-113.5143;7.028448267261411;4.310219849624061
-114.75;-114.4;7.028448267261411;4.310219849624061
-114.875;-113.2286;7.028448267261411;4.310219849624061
-115.375;-113.7714;7.028448267261411;4.310219849624061
-116.0625;-114.1714;7.028448267261411;4.310219849624061
-116.6875;-114.3429;7.028448267261411;4.310219849624061
-117.0625;-114.5143;7.028448267261411;4.310219849624061
-117.4375;-115.2857;7.028448267261411;4.310219849624061
-118.125;-115.1429;7.028448267261411;4.310219849624061
-118.9375;-114.1714;7.028448267261411;4.310219849624061
-119.25;-115.5714;7.028448267261411;4.310219849624061
-118.75;-116.3429;7.028448267261411;4.310219849624061
-118.25;-116.3714;7.028448267261411;4.310219849624061
-118.5;-117.3714;7.028448267261411;4.310219849624061
-119.0625;-117.7714;7.028448267261411;4.310219849624061
-119.5;-118.3429;7.028448267261411;4.310219849624061
-119.75;-116.9429;7.028448267261411;4.310219849624061
-119.8125;-116.7714;7.028448267261411;4.310219849624061
-119.8125;-116.5714;7.028448267261411;4.310219849624061
-120.125;-116.4286;7.028448267261411;4.310219849624061
-120.875;-117.6571;7.028448267261411;4.310219849624061
-121.375;-117.5143;7.028448267261411;4.310219849624061
-121.5625;-117.8571;7.028448267261411;4.310219849624061
-121.6875;-118.8857;7.028448267261411;4.310219849624061
-121.625;-119.6;7.028448267261411;4.310219849624061
-121.375;-119.9143;7.028448267261411;4.310219849624061
-120.875;-119.8857;7.028448267261411;4.310219849624061
-120.625;-119.1714;7.028448267261411;4.310219849624061
-120.625;-119.4286;7.028448267261411;4.310219849624061
-120.9375;-120.4571;7.028448267261411;4.310219849624061
-122.0625;-120.4;7.028448267261411;4.310219849624061
-123.125;-120.0571;7.028448267261411;4.310219849624061
-123.0;-120.0286;7.028448267261411;4.310219849624061
-122.1875;-120.0857;7.028448267261411;4.310219849624061
-121.8125;-121.3143;7.028448267261411;4.310219849624061
-122.1875;-121.7429;7.028448267261411;4.310219849624061
-122.8125;-122.4;7.028448267261411;4.310219849624061
-123.0625;-122.2286;7.028448267261411;4.310219849624061
-122.9375;-122.1714;7.028448267261411;4.310219849624061
-122.75;-121.8;7.028448267261411;4.310219849624061
-123.0625;-124.0571;7.028448267261411;4.310219849624061
-123.6875;-123.1429;7.028448267261411;4.310219849624061
-124.0625;-122.4;7.028448267261411;4.310219849624061
-124.0625;-123.1429;7.028448267261411;4.310219849624061
-123.9375;-124.2;7.028448267261411;4.310219849624061
-124.1875;-124.9429;7.028448267261411;4.310219849624061
-124.75;-124.5143;7.028448267261411;4.310219849624061
-125.25;-123.4857;7.028448267261411;4.310219849624061
-125.5;-123.1143;7.028448267261411;4.310219849624061
-125.5625;-124.1143;7.028448267261411;4.310219849624061
-125.5625;-124.9714;7.028448267261411;4.310219849624061
-125.4375;-123.4571;7.028448267261411;4.310219849624061
-125.25;-124.5714;7.028448267261411;4.310219849624061
-125.125;-126.2286;7.028448267261411;4.310219849624061
-125.0;-126.0286;7.028448267261411;4.310219849624061
-124.875;-124.5429;7.028448267261411;4.310219849624061
-124.5625;-125.1143;7.028448267261411;4.310219849624061
-123.9375;-125.1143;7.028448267261411;4.310219849624061
-124.0;-124.4286;7.028448267261411;4.310219849624061
-124.8125;-123.8571;7.028448267261411;4.310219849624061
-125.3125;-124.3714;7.028448267261411;4.310219849624061
-125.375;-125.3143;7.028448267261411;4.310219849624061
-125.875;-125.8857;7.028448267261411;4.310219849624061
-126.9375;-125.6857;7.028448267261411;4.310219849624061
-127.875;-126.4857;7.028448267261411;4.310219849624061
-128.125;-127.6571;7.028448267261411;4.310219849624061
-127.75;-127.6;7.028448267261411;4.310219849624061
-127.125;-127.4571;7.028448267261411;4.310219849624061
-126.4375;-126.8;7.028448267261411;4.310219849624061
-126.0625;-128.4857;7.028448267261411;4.310219849624061
-126.5;-128.7714;7.028448267261411;4.310219849624061
-127.5625;-128.3143;7.028448267261411;4.310219849624061
-128.625;-128.3143;7.028448267261411;4.310219849624061
-128.875;-128.4857;7.028448267261411;4.310219849624061
-128.4375;-128.2286;7.028448267261411;4.310219849624061
-128.4375;-127.7143;7.028448267261411;4.310219849624061
-128.8125;-128.4571;7.028448267261411;4.310219849624061
-128.8125;-130.0857;7.028448267261411;4.310219849624061
-128.375;-128.6571;7.028448267261411;4.310219849624061
-128.0;-127.7143;7.028448267261411;4.310219849624061
-127.8125;-129.1714;7.028448267261411;4.310219849624061
-127.75;-129.8857;7.028448267261411;4.310219849624061
-127.6875;-130.3429;7.028448267261411;4.310219849624061
-127.6875;-128.6571;7.028448267261411;4.310219849624061
-127.9375;-129.7143;7.028448267261411;4.310219849624061
-128.6875;-129.8857;7.028448267261411;4.310219849624061
-129.5625;-130.4;7.028448267261411;4.310219849624061
-130.0625;-131.2;7.028448267261411;4.310219849624061
-130.875;-130.9714;7.028448267261411;4.310219849624061
-132.375;-130.7714;7.028448267261411;4.310219849624061
-133.3125;-131.7429;7.028448267261411;4.310219849624061
-133.4375;-131.3714;7.028448267261411;4.310219849624061
-133.1875;-130.7714;7.028448267261411;4.310219849624061
-132.3125;-130.6;7.028448267261411;4.310219849624061
-131.125;-129.9143;7.028448267261411;4.310219849624061
-130.375;-131.4857;7.028448267261411;4.310219849624061
-131.0625;-132.6857;7.028448267261411;4.310219849624061
-132.5625;-133.2857;7.028448267261411;4.310219849624061
-132.9375;-134.5714;7.028448267261411;4.310219849624061
-131.8125;-133.7714;7.028448267261411;4.310219849624061
-130.5625;-133.4857;7.028448267261411;4.310219849624061
-130.1875;-132.6;7.028448267261411;4.310219849624061
-131.0;-134.7429;7.028448267261411;4.310219849624061
-132.0;-134.7714;7.028448267261411;4.310219849624061
-132.1875;-135.0286;7.028448267261411;4.310219849624061
-132.1875;-135.4286;7.028448267261411;4.310219849624061
-132.0;-134.0857;7.028448267261411;4.310219849624061
-131.4375;-135.4;7.028448267261411;4.310219849624061
-130.9375;-134.9143;7.028448267261411;4.310219849624061
-130.6875;-135.0286;7.028448267261411;4.310219849624061
-130.6875;-136.2857;7.028448267261411;4.310219849624061
-130.8125;-136.2286;7.028448267261411;4.310219849624061
-130.9375;-134.9714;7.028448267261411;4.310219849624061
-130.9375;-134.7143;7.028448267261411;4.310219849624061
-131.0;-135.2571;7.028448267261411;4.310219849624061
-131.5;-135.7143;7.028448267261411;4.310219849624061
-132.75;-136.2286;7.028448267261411;4.310219849624061
-133.9375;-135.7714;7.028448267261411;4.310219849624061
-134.875;-136.5429;7.028448267261411;4.310219849624061
-136.25;-135.5429;7.028448267261411;4.310219849624061
-137.875;-135.4857;7.028448267261411;4.310219849624061
-138.5625;-136.4857;7.028448267261411;4.310219849624061
-137.8125;-136.0571;7.028448267261411;4.310219849624061
-136.6875;-136.8;7.028448267261411;4.310219849624061
-135.6875;-136.3143;7.028448267261411;4.310219849624061
-134.9375;-138.2;7.028448267261411;4.310219849624061
-135.0625;-137.7143;7.028448267261411;4.310219849624061
-136.125;-138.0286;7.028448267261411;4.310219849624061
-137.1875;-137.8857;7.028448267261411;4.310219849624061
-137.375;-138.8;7.028448267261411;4.310219849624061
-136.875;-138.5143;7.028448267261411;4.310219849624061
-136.8125;-137.4286;7.028448267261411;4.310219849624061
-137.3125;-137.4286;7.028448267261411;4.310219849624061
-137.5625;-136.8286;7.028448267261411;4.310219849624061
-137.1875;-137.5714;7.028448267261411;4.310219849624061
-136.9375;-138.6571;7.028448267261411;4.310219849624061
-137.3125;-136.8857;7.028448267261411;4.310219849624061
-137.6875;-139.3143;7.028448267261411;4.310219849624061
-138.0625;-140.2857;7.028448267261411;4.310219849624061
-138.125;-139.4;7.028448267261411;4.310219849624061
-137.375;-139.4571;7.028448267261411;4.310219849624061
-136.875;-138.9429;7.028448267261411;4.310219849624061
-136.9375;-139.2286;7.028448267261411;4.310219849624061
-137.125;-138.9143;7.028448267261411;4.310219849624061
-137.375;-139.3429;7.028448267261411;4.310219849624061
-137.4375;-139.3143;7.028448267261411;4.310219849624061
-137.5;-138.8857;7.028448267261411;4.310219849624061
-137.5;-137.3429;7.028448267261411;4.310219849624061
-137.6875;-136.0857;7.028448267261411;4.310219849624061
-137.6875;-136.1714;7.028448267261411;4.310219849624061
-137.125;-135.5143;7.028448267261411;4.310219849624061
-136.5;-135.2857;7.028448267261411;4.310219849624061
-136.25;-135.2857;7.028448267261411;4.310219849624061
-136.0;-135.3714;7.028448267261411;4.310219849624061
-135.75;-136.5429;7.028448267261411;4.310219849624061
-135.5;-134.6857;7.028448267261411;4.310219849624061
-134.8125;-133.0857;7.028448267261411;4.310219849624061
-133.3125;-134.0;7.028448267261411;4.310219849624061
-132.0;-133.8857;7.028448267261411;4.310219849624061
-131.875;-132.3429;7.028448267261411;4.310219849624061
-132.6875;-133.9429;7.028448267261411;4.310219849624061
-133.0625;-133.2;7.028448267261411;4.310219849624061
-132.4375;-132.4571;7.028448267261411;4.310219849624061
-131.625;-132.1143;7.028448267261411;4.310219849624061
-130.8125;-132.6;7.028448267261411;4.310219849624061
-130.0;-132.0286;7.028448267261411;4.310219849624061
-130.125;-131.6571;7.028448267261411;4.310219849624061
-131.375;-131.8;7.028448267261411;4.310219849624061
-132.5625;-130.0857;7.028448267261411;4.310219849624061
-132.3125;-130.0286;7.028448267261411;4.310219849624061
-131.125;-129.5429;7.028448267261411;4.310219849624061
-130.6875;-128.6286;7.028448267261411;4.310219849624061
-131.25;-129.2857;7.028448267261411;4.310219849624061
-131.6875;-128.0;7.028448267261411;4.310219849624061
-131.625;-128.8;7.028448267261411;4.310219849624061
-131.375;-129.3714;7.028448267261411;4.310219849624061
-131.1875;-128.3429;7.028448267261411;4.310219849624061
-131.0625;-128.1143;7.028448267261411;4.310219849624061
-131.0625;-129.2857;7.028448267261411;4.310219849624061
-130.875;-128.1714;7.028448267261411;4.310219849624061
-130.25;-126.4857;7.028448267261411;4.310219849624061
-129.1875;-127.5143;7.028448267261411;4.310219849624061
-127.75;-126.6571;7.028448267261411;4.310219849624061
-126.4375;-126.6857;7.028448267261411;4.310219849624061
-126.0;-127.8;7.028448267261411;4.310219849624061
-126.5625;-126.8;7.028448267261411;4.310219849624061
-127.375;-127.3714;7.028448267261411;4.310219849624061
-127.625;-126.6857;7.028448267261411;4.310219849624061
-127.3125;-125.7429;7.028448267261411;4.310219849624061
-126.75;-125.0;7.028448267261411;4.310219849624061
-126.25;-125.0571;7.028448267261411;4.310219849624061
-126.1875;-126.0286;7.028448267261411;4.310219849624061
-126.1875;-126.2571;7.028448267261411;4.310219849624061
-126.0;-126.0;7.028448267261411;4.310219849624061
-125.4375;-124.6571;7.028448267261411;4.310219849624061
-124.4375;-123.6857;7.028448267261411;4.310219849624061
-123.9375;-123.0286;7.028448267261411;4.310219849624061
-124.1875;-121.9143;7.028448267261411;4.310219849624061
-124.375;-122.2286;7.028448267261411;4.310219849624061
-124.1875;-122.9429;7.028448267261411;4.310219849624061
-123.625;-121.4571;7.028448267261411;4.310219849624061
-123.375;-121.9143;7.028448267261411;4.310219849624061
-124.1875;-121.3143;7.028448267261411;4.310219849624061
-125.0;-120.0571;7.028448267261411;4.310219849624061
-124.5625;-120.0;7.028448267261411;4.310219849624061
-123.1875;-120.0857;7.028448267261411;4.310219849624061
-122.0625;-119.0;7.028448267261411;4.310219849624061
-121.4375;-118.5143;7.028448267261411;4.310219849624061
-121.1875;-120.0286;7.028448267261411;4.310219849624061
-121.1875;-119.7143;7.028448267261411;4.310219849624061
-121.3125;-120.0286;7.028448267261411;4.310219849624061
-121.5;-119.6571;7.028448267261411;4.310219849624061
-121.375;-117.8286;7.028448267261411;4.310219849624061
-120.8125;-118.1429;7.028448267261411;4.310219849624061
-120.6875;-118.2857;7.028448267261411;4.310219849624061
-121.25;-118.9714;7.028448267261411;4.310219849624061
-121.125;-118.8571;7.028448267261411;4.310219849624061
-120.3125;-118.9429;7.028448267261411;4.310219849624061
-119.4375;-117.0571;7.028448267261411;4.310219849624061
-119.0;-116.5429;7.028448267261411;4.310219849624061
-119.125;-116.4286;7.028448267261411;4.310219849624061
-119.5625;-118.0286;7.028448267261411;4.310219849624061
-120.0625;-117.1143;7.028448267261411;4.310219849624061
-120.125;-116.2;7.028448267261411;4.310219849624061
-120.0;-116.0;7.028448267261411;4.310219849624061
-119.875;-116.3429;7.028448267261411;4.310219849624061
-119.4375;-116.5143;7.028448267261411;4.310219849624061
-119.375;-114.8;7.028448267261411;4.310219849624061
-119.625;-115.3429;7.028448267261411;4.310219849624061
-119.75;-115.2286;7.028448267261411;4.310219849624061
-119.625;-113.4857;7.028448267261411;4.310219849624061
-119.0;-113.2857;7.028448267261411;4.310219849624061
-117.6875;-113.2286;7.028448267261411;4.310219849624061
-116.3125;-113.2;7.028448267261411;4.310219849624061
-115.5;-113.1143;7.028448267261411;4.310219849624061
-115.875;-113.8286;7.028448267261411;4.310219849624061
-116.75;-113.4;7.028448267261411;4.310219849624061
-117.1875;-111.0286;7.028448267261411;4.310219849624061
-117.0625;-112.1714;7.028448267261411;4.310219849624061
-116.75;-112.5143;7.028448267261411;4.310219849624061
-116.5625;-112.1143;7.028448267261411;4.310219849624061
-116.4375;-110.8571;7.028448267261411;4.310219849624061
-116.4375;-111.1143;7.028448267261411;4.310219849624061
-116.3125;-111.8;7.028448267261411;4.310219849624061
-115.875;-110.6286;7.028448267261411;4.310219849624061
-115.375;-111.8286;7.028448267261411;4.310219849624061
-114.75;-110.8857;7.028448267261411;4.310219849624061
-114.25;-110.5714;7.028448267261411;4.310219849624061
-114.0;-109.3143;7.028448267261411;4.310219849624061
-113.4375;-109.1429;7.028448267261411;4.310219849624061
-112.25;-107.8286;7.028448267261411;4.310219849624061
-111.5625;-108.0286;7.028448267261411;4.310219849624061
-111.6875;-108.1429;7.028448267261411;4.310219849624061
-112.1875;-109.3143;7.028448267261411;4.310219849624061
-112.625;-109.4571;7.028448267261411;4.310219849624061
-112.6875;-108.9143;7.028448267261411;4.310219849624061
-112.625;-108.1429;7.028448267261411;4.310219849624061
-112.5;-107.8286;7.028448267261411;4.310219849624061
-111.8125;-107.9143;7.028448267261411;4.310219849624061
-110.6875;-106.5714;7.028448267261411;4.310219849624061
-110.125;-106.8;7.028448267261411;4.310219849624061
-110.4375;-106.3714;7.028448267261411;4.310219849624061
-111.125;-106.6571;7.028448267261411;4.310219849624061
-111.5;-107.0857;7.028448267261411;4.310219849624061
-111.0;-106.5429;7.028448267261411;4.310219849624061
-109.8125;-105.6;7.028448267261411;4.310219849624061
-108.3125;-106.0571;7.028448267261411;4.310219849624061
-107.25;-105.4857;7.028448267261411;4.310219849624061
-107.3125;-106.4;7.028448267261411;4.310219849624061
-107.9375;-105.6;7.028448267261411;4.310219849624061
-108.5;-105.0286;7.028448267261411;4.310219849624061
-108.8125;-105.2;7.028448267261411;4.310219849624061
-108.9375;-104.2571;7.028448267261411;4.310219849624061
-108.9375;-104.6;7.028448267261411;4.310219849624061
-108.875;-104.4286;7.028448267261411;4.310219849624061
-108.75;-104.9143;7.028448267261411;4.310219849624061
-108.125;-104.6;7.028448267261411;4.310219849624061
-106.9375;-104.4857;7.028448267261411;4.310219849624061
-105.875;-103.5714;7.028448267261411;4.310219849624061
-105.6875;-103.7429;7.028448267261411;4.310219849624061
-106.6875;-103.1429;7.028448267261411;4.310219849624061
-107.5625;-101.9429;7.028448267261411;4.310219849624061
-107.1875;-102.6286;7.028448267261411;4.310219849624061
-105.9375;-102.4286;7.028448267261411;4.310219849624061
-105.1875;-101.8286;7.028448267261411;4.310219849624061
-104.9375;-102.0;7.028448267261411;4.310219849624061
-104.6875;-102.2857;7.028448267261411;4.310219849624061
-104.5625;-102.1429;7.028448267261411;4.310219849624061
-104.75;-102.0;7.028448267261411;4.310219849624061
-104.9375;-101.3429;7.028448267261411;4.310219849624061
-104.875;-101.8571;7.028448267261411;4.310219849624061
-104.6875;-101.7429;7.028448267261411;4.310219849624061
-104.6875;-100.9429;7.028448267261411;4.310219849624061
-104.875;-100.3714;7.028448267261411;4.310219849624061
-104.9375;-100.5714;7.028448267261411;4.310219849624061
-104.625;-101.4286;7.028448267261411;4.310219849624061
-104.125;-100.9143;7.028448267261411;4.310219849624061
-103.5625;-101.2286;7.028448267261411;4.310219849624061
-103.125;-99.7429;7.028448267261411;4.310219849624061
-103.0625;-99.7714;7.028448267261411;4.310219849624061
-103.4375;-99.8571;7.028448267261411;4.310219849624061
-103.8125;-99.0571;7.028448267261411;4.310219849624061
-104.0;-98.8;7.028448267261411;4.310219849624061
-104.0625;-98.3143;7.028448267261411;4.310219849624061
-104.0625;-99.2571;7.028448267261411;4.310219849624061
-104.0;-98.4571;7.028448267261411;4.310219849624061
-104.0;-98.1143;7.028448267261411;4.310219849624061
-103.625;-97.1714;7.028448267261411;4.310219849624061
-103.0625;-96.6857;7.028448267261411;4.310219849624061
-102.625;-96.6;7.028448267261411;4.310219849624061
-102.3125;-97.4857;7.028448267261411;4.310219849624061
-102.25;-97.1429;7.028448267261411;4.310219849624061
-102.4375;-97.0857;7.028448267261411;4.310219849624061
-102.3125;-97.5429;7.028448267261411;4.310219849624061
-101.6875;-97.4571;7.028448267261411;4.310219849624061
-100.625;-97.2;7.028448267261411;4.310219849624061
-99.75;-97.0857;7.028448267261411;4.310219849624061
-99.8125;-96.0857;7.028448267261411;4.310219849624061
-100.4375;-95.4;7.028448267261411;4.310219849624061
-100.3125;-95.2286;7.028448267261411;4.310219849624061
-99.8125;-95.8;7.028448267261411;4.310219849624061
-99.6875;-96.4;7.028448267261411;4.310219849624061
-99.25;-95.2857;7.028448267261411;4.310219849624061
-98.5625;-95.4;7.028448267261411;4.310219849624061
-97.9375;-95.1429;7.028448267261411;4.310219849624061
-97.25;-94.6;7.028448267261411;4.310219849624061
-97.0;-95.2857;7.028448267261411;4.310219849624061
-97.8125;-94.5429;7.028448267261411;4.310219849624061
-99.125;-94.8571;7.028448267261411;4.310219849624061
-99.8125;-94.1143;7.028448267261411;4.310219849624061
-99.1875;-94.6;7.028448267261411;4.310219849624061
-97.9375;-95.1143;7.028448267261411;4.310219849624061
-97.25;-93.8857;7.028448267261411;4.310219849624061
-97.5625;-93.6;7.028448267261411;4.310219849624061
-98.25;-93.6571;7.028448267261411;4.310219849624061
-98.8125;-93.0;7.028448267261411;4.310219849624061
-99.125;-91.6571;7.028448267261411;4.310219849624061
-99.1875;-91.7429;7.028448267261411;4.310219849624061
-99.1875;-92.6571;7.028448267261411;4.310219849624061
-98.875;-92.2571;7.028448267261411;4.310219849624061
-97.9375;-91.8571;7.028448267261411;4.310219849624061
-96.625;-92.4857;7.028448267261411;4.310219849624061
-95.5;-92.0;7.028448267261411;4.310219849624061
-94.8125;-92.3143;7.028448267261411;4.310219849624061
-94.1875;-92.0;7.028448267261411;4.310219849624061
-93.5625;-90.8;7.028448267261411;4.310219849624061
-93.375;-91.3714;7.028448267261411;4.310219849624061
-93.6875;-91.7143;7.028448267261411;4.310219849624061
-93.875;-91.3429;7.028448267261411;4.310219849624061
-93.875;-91.2857;7.028448267261411;4.310219849624061
-94.25;-91.1714;7.028448267261411;4.310219849624061
-94.5625;-89.8286;7.028448267261411;4.310219849624061
-94.375;-89.9143;7.028448267261411;4.310219849624061
-94.25;-90.0571;7.028448267261411;4.310219849624061
-93.9375;-89.8;7.028448267261411;4.310219849624061
-93.6875;-89.5429;7.028448267261411;4.310219849624061
-93.9375;-89.4857;7.028448267261411;4.310219849624061
-94.3125;-89.5429;7.028448267261411;4.310219849624061
-94.1875;-89.7429;7.028448267261411;4.310219849624061
-93.4375;-89.4571;7.028448267261411;4.310219849624061
-92.5625;-89.2;7.028448267261411;4.310219849624061
-92.0;-89.2;7.028448267261411;4.310219849624061
-91.5625;-89.2857;7.028448267261411;4.310219849624061
-91.0;-88.1143;7.028448267261411;4.310219849624061
-90.75;-87.7429;7.028448267261411;4.310219849624061
-91.25;-87.7714;7.028448267261411;4.310219849624061
-92.125;-88.1714;7.028448267261411;4.310219849624061
-92.8125;-88.4857;7.028448267261411;4.310219849624061
-93.125;-86.8857;7.028448267261411;4.310219849624061
-93.25;-87.9143;7.028448267261411;4.310219849624061
-93.1875;-87.1429;7.028448267261411;4.310219849624061
-92.6875;-86.9143;7.028448267261411;4.310219849624061
-91.3125;-86.6;7.028448267261411;4.310219849624061
-89.9375;-86.8286;7.028448267261411;4.310219849624061
-89.0625;-87.4;7.028448267261411;4.310219849624061
-88.5625;-87.5143;7.028448267261411;4.310219849624061
-88.4375;-87.0571;7.028448267261411;4.310219849624061
-89.1875;-87.4857;7.028448267261411;4.310219849624061
-90.375;-86.9714;7.028448267261411;4.310219849624061
-90.5;-87.0571;7.028448267261411;4.310219849624061
-89.5;-85.8;7.028448267261411;4.310219849624061
-88.75;-85.8857;7.028448267261411;4.310219849624061
-88.5625;-85.8;7.028448267261411;4.310219849624061
-88.6875;-85.6;7.028448267261411;4.310219849624061
-88.8125;-85.6857;7.028448267261411;4.310219849624061
-88.6875;-86.3429;7.028448267261411;4.310219849624061
-88.5625;-86.0;7.028448267261411;4.310219849624061
-88.6875;-84.8857;7.028448267261411;4.310219849624061
-88.5;-84.6;7.028448267261411;4.310219849624061
-87.8125;-84.3143;7.028448267261411;4.310219849624061
-87.0;-84.4286;7.028448267261411;4.310219849624061
-86.5625;-85.4286;7.028448267261411;4.310219849624061
-86.5;-85.1714;7.028448267261411;4.310219849624061
-86.625;-84.6571;7.028448267261411;4.310219849624061
-86.625;-84.0286;7.028448267261411;4.310219849624061
-86.625;-83.2;7.028448267261411;4.310219849624061
-86.5625;-83.3714;7.028448267261411;4.310219849624061
-86.125;-82.9143;7.028448267261411;4.310219849624061
-85.4375;-83.4857;7.028448267261411;4.310219849624061
-84.9375;-82.9714;7.028448267261411;4.310219849624061
-84.75;-82.5714;7.028448267261411;4.310219849624061
-84.6875;-82.2286;7.028448267261411;4.310219849624061
-84.6875;-82.5143;7.028448267261411;4.310219849624061
-84.875;-83.2286;7.028448267261411;4.310219849624061
-85.375;-83.0571;7.028448267261411;4.310219849624061
-85.9375;-82.8857;7.028448267261411;4.310219849624061
-85.8125;-82.1714;7.028448267261411;4.310219849624061
-85.3125;-82.1143;7.028448267261411;4.310219849624061
-85.3125;-82.0;7.028448267261411;4.310219849624061
-85.3125;-81.8857;7.028448267261411;4.310219849624061
-85.1875;-82.8;7.028448267261411;4.310219849624061
-85.1875;-81.2571;7.028448267261411;4.310219849624061
-85.3125;-81.4286;7.028448267261411;4.310219849624061
-85.1875;-81.0571;7.028448267261411;4.310219849624061
-84.5625;-81.6571;7.028448267261411;4.310219849624061
-84.1875;-82.0286;7.028448267261411;4.310219849624061
-84.125;-81.4857;7.028448267261411;4.310219849624061
-84.125;-80.9143;7.028448267261411;4.310219849624061
-83.875;-80.4857;7.028448267261411;4.310219849624061
-83.3125;-80.9143;7.028448267261411;4.310219849624061
-83.25;-80.9429;7.028448267261411;4.310219849624061
-83.75;-80.7429;7.028448267261411;4.310219849624061
-84.25;-80.6571;7.028448267261411;4.310219849624061
-84.375;-79.8286;7.028448267261411;4.310219849624061
-83.8125;-79.4857;7.028448267261411;4.310219849624061
-83.0625;-79.5714;7.028448267261411;4.310219849624061
-82.6875;-78.8;7.028448267261411;4.310219849624061
-82.5;-79.1429;7.028448267261411;4.310219849624061
-82.3125;-78.9429;7.028448267261411;4.310219849624061
-82.0;-78.5143;7.028448267261411;4.310219849624061
-81.75;-78.4286;7.028448267261411;4.310219849624061
-81.625;-79.0571;7.028448267261411;4.310219849624061
-81.625;-79.3714;7.028448267261411;4.310219849624061
-81.625;-79.3143;7.028448267261411;4.310219849624061
-81.625;-78.4571;7.028448267261411;4.310219849624061
-81.375;-78.6286;7.028448267261411;4.310219849624061
-80.875;-78.4857;7.028448267261411;4.310219849624061
-81.0625;-78.4286;7.028448267261411;4.310219849624061
-81.6875;-77.8571;7.028448267261411;4.310219849624061
-82.0625;-76.3714;7.028448267261411;4.310219849624061
-82.125;-76.9429;7.028448267261411;4.310219849624061
-81.6875;-76.4;7.028448267261411;4.310219849624061
-81.0;-76.8;7.028448267261411;4.310219849624061
-80.75;-76.4286;7.028448267261411;4.310219849624061
-81.375;-76.1714;7.028448267261411;4.310219849624061
-81.9375;-76.2;7.028448267261411;4.310219849624061
-82.0;-77.1714;7.028448267261411;4.310219849624061
-81.5;-77.1429;7.028448267261411;4.310219849624061
-80.875;-76.1429;7.028448267261411;4.310219849624061
-80.25;-75.6286;7.028448267261411;4.310219849624061
-80.125;-75.6286;7.028448267261411;4.310219849624061
-80.3125;-74.8857;7.028448267261411;4.310219849624061
-80.25;-74.9429;7.028448267261411;4.310219849624061
-79.9375;-75.0;7.028448267261411;4.310219849624061
-79.5;-75.2;7.028448267261411;4.310219849624061
-79.375;-75.4857;7.028448267261411;4.310219849624061
-79.75;-75.7143;7.028448267261411;4.310219849624061
-79.8125;-74.8286;7.028448267261411;4.310219849624061
-79.125;-74.6286;7.028448267261411;4.310219849624061
-78.5;-75.1143;7.028448267261411;4.310219849624061
-78.5;-74.9714;7.028448267261411;4.310219849624061
-78.5625;-74.2571;7.028448267261411;4.310219849624061
-78.5;-74.6571;7.028448267261411;4.310219849624061
-78.4375;-74.4286;7.028448267261411;4.310219849624061
-78.375;-74.5143;7.028448267261411;4.310219849624061
-78.3125;-73.8571;7.028448267261411;4.310219849624061
-78.3125;-73.2;7.028448267261411;4.310219849624061
-78.3125;-73.4857;7.028448267261411;4.310219849624061
-78.3125;-73.8571;7.028448267261411;4.310219849624061
-78.5;-73.2286;7.028448267261411;4.310219849624061
-78.5625;-73.3714;7.028448267261411;4.310219849624061
-77.8125;-73.2857;7.028448267261411;4.310219849624061
-76.625;-73.0286;7.028448267261411;4.310219849624061
-75.9375;-72.2571;7.028448267261411;4.310219849624061
-75.8125;-72.6286;7.028448267261411;4.310219849624061
-75.8125;-72.4857;7.028448267261411;4.310219849624061
-76.1875;-72.7714;7.028448267261411;4.310219849624061
-76.8125;-72.3714;7.028448267261411;4.310219849624061
-76.75;-71.8571;7.028448267261411;4.310219849624061
-76.0;-72.8;7.028448267261411;4.310219849624061
-75.0625;-72.2857;7.028448267261411;4.310219849624061
-74.5;-72.1429;7.028448267261411;4.310219849624061
-74.8125;-72.4286;7.028448267261411;4.310219849624061
-75.5;-72.7429;7.028448267261411;4.310219849624061
-75.3125;-72.1714;7.028448267261411;4.310219849624061
-74.1875;-72.0;7.028448267261411;4.310219849624061
-73.125;-71.6;7.028448267261411;4.310219849624061
-73.125;-72.2;7.028448267261411;4.310219849624061
-73.375;-72.0286;7.028448267261411;4.310219849624061
-73.4375;-71.0857;7.028448267261411;4.310219849624061
-73.6875;-71.4857;7.028448267261411;4.310219849624061
-74.0;-71.2286;7.028448267261411;4.310219849624061
-73.9375;-70.2286;7.028448267261411;4.310219849624061
-74.0625;-70.6857;7.028448267261411;4.310219849624061
-74.5;-70.7143;7.028448267261411;4.310219849624061
-74.8125;-70.0571;7.028448267261411;4.310219849624061
-75.0625;-70.0286;7.028448267261411;4.310219849624061
-75.125;-70.4857;7.028448267261411;4.310219849624061
-75.0625;-70.5714;7.028448267261411;4.310219849624061
-74.9375;-70.1429;7.028448267261411;4.310219849624061
-74.5;-70.0286;7.028448267261411;4.310219849624061
-74.125;-69.8286;7.028448267261411;4.310219849624061
-73.75;-69.3714;7.028448267261411;4.310219849624061
-73.5625;-69.0857;7.028448267261411;4.310219849624061
-73.5625;-69.3714;7.028448267261411;4.310219849624061
-73.125;-68.7714;7.028448267261411;4.310219849624061
-72.5;-69.0286;7.028448267261411;4.310219849624061
-72.1875;-69.1143;7.028448267261411;4.310219849624061
-72.25;-69.3714;7.028448267261411;4.310219849624061
-72.4375;-68.5714;7.028448267261411;4.310219849624061
-72.3125;-67.9714;7.028448267261411;4.310219849624061
-72.25;-68.5429;7.028448267261411;4.310219849624061
-72.375;-68.5143;7.028448267261411;4.310219849624061
-72.5;-68.0286;7.028448267261411;4.310219849624061
-72.3125;-68.2;7.028448267261411;4.310219849624061
-71.75;-67.8571;7.028448267261411;4.310219849624061
-71.375;-67.5714;7.028448267261411;4.310219849624061
-71.1875;-67.3714;7.028448267261411;4.310219849624061
-71.0625;-67.9143;7.028448267261411;4.310219849624061
-70.6875;-67.2571;7.028448267261411;4.310219849624061
-70.4375;-66.9143;7.028448267261411;4.310219849624061
-70.75;-67.8857;7.028448267261411;4.310219849624061
-71.125;-67.1429;7.028448267261411;4.310219849624061
-70.8125;-66.1714;7.028448267261411;4.310219849624061
-69.8125;-66.9429;7.028448267261411;4.310219849624061
-68.625;-67.1429;7.028448267261411;4.310219849624061
-67.75;-66.0;7.028448267261411;4.310219849624061
-67.25;-66.8;7.028448267261411;4.310219849624061
-67.125;-66.7429;7.028448267261411;4.310219849624061
-67.1875;-66.1714;7.028448267261411;4.310219849624061
-67.25;-66.5714;7.028448267261411;4.310219849624061
-67.5625;-66.3714;7.028448267261411;4.310219849624061
-68.0;-65.8571;7.028448267261411;4.310219849624061
-68.25;-65.2571;7.028448267261411;4.310219849624061
-68.8125;-65.2857;7.028448267261411;4.310219849624061
-69.875;-65.0571;7.028448267261411;4.310219849624061
-70.8125;-64.8;7.028448267261411;4.310219849624061
-71.0625;-65.2857;7.028448267261411;4.310219849624061
-70.1875;-64.8571;7.028448267261411;4.310219849624061
-68.9375;-65.0857;7.028448267261411;4.310219849624061
-68.0625;-65.4571;7.028448267261411;4.310219849624061
-67.9375;-64.8;7.028448267261411;4.310219849624061
-68.125;-64.0857;7.028448267261411;4.310219849624061
-68.0;-64.9429;7.028448267261411;4.310219849624061
-67.75;-64.6857;7.028448267261411;4.310219849624061
-67.3125;-64.4571;7.028448267261411;4.310219849624061
-66.75;-64.8;7.028448267261411;4.310219849624061
-66.3125;-64.0286;7.028448267261411;4.310219849624061
-66.125;-64.3714;7.028448267261411;4.310219849624061
-66.4375;-64.6286;7.028448267261411;4.310219849624061
-67.0625;-64.0286;7.028448267261411;4.310219849624061
-67.4375;-63.9429;7.028448267261411;4.310219849624061
-67.625;-64.1714;7.028448267261411;4.310219849624061
-67.375;-63.5714;7.028448267261411;4.310219849624061
-66.75;-63.6;7.028448267261411;4.310219849624061
-66.8125;-64.2571;7.028448267261411;4.310219849624061
-67.5625;-63.7429;7.028448267261411;4.310219849624061
-67.875;-63.6286;7.028448267261411;4.310219849624061
-67.6875;-63.4;7.028448267261411;4.310219849624061
-67.375;-63.2571;7.028448267261411;4.310219849624061
-67.1875;-63.2286;7.028448267261411;4.310219849624061
-67.0625;-63.4571;7.028448267261411;4.310219849624061
-67.0625;-62.6857;7.028448267261411;4.310219849624061
-67.0;-63.2571;7.028448267261411;4.310219849624061
-66.625;-62.7714;7.028448267261411;4.310219849624061
-65.75;-62.2571;7.028448267261411;4.310219849624061
-65.0;-62.5714;7.028448267261411;4.310219849624061
-64.8125;-62.1143;7.028448267261411;4.310219849624061
-65.125;-61.7429;7.028448267261411;4.310219849624061
-65.5;-62.4571;7.028448267261411;4.310219849624061
-65.4375;-61.8857;7.028448267261411;4.310219849624061
-64.9375;-62.0286;7.028448267261411;4.310219849624061
-64.375;-62.2;7.028448267261411;4.310219849624061
-63.8125;-61.9714;7.028448267261411;4.310219849624061
-63.5;-61.9429;7.028448267261411;4.310219849624061
-63.5;-62.0;7.028448267261411;4.310219849624061
-63.625;-61.4286;7.028448267261411;4.310219849624061
-64.0;-61.4571;7.028448267261411;4.310219849624061
-64.625;-61.4286;7.028448267261411;4.310219849624061
-65.0625;-60.9714;7.028448267261411;4.310219849624061
-64.875;-61.2857;7.028448267261411;4.310219849624061
-64.1875;-60.6857;7.028448267261411;4.310219849624061
-63.5;-60.7714;7.028448267261411;4.310219849624061
-63.3125;-60.8;7.028448267261411;4.310219849624061
-63.4375;-60.0857;7.028448267261411;4.310219849624061
-63.3125;-60.5429;7.028448267261411;4.310219849624061
-63.0;-60.4571;7.028448267261411;4.310219849624061
-62.8125;-60.2;7.028448267261411;4.310219849624061
-62.75;-60.6571;7.028448267261411;4.310219849624061
-63.0625;-60.3429;7.028448267261411;4.310219849624061
-63.625;-60.0286;7.028448267261411;4.310219849624061
-64.0625;-60.3714;7.028448267261411;4.310219849624061
-64.25;-59.8286;7.028448267261411;4.310219849624061
-64.3125;-59.6857;7.028448267261411;4.310219849624061
-64.3125;-59.8571;7.028448267261411;4.310219849624061
-63.9375;-59.4;7.028448267261411;4.310219849624061
-63.0625;-59.9714;7.028448267261411;4.310219849624061
-62.25;-59.1429;7.028448267261411;4.310219849624061
-61.6875;-59.1429;7.028448267261411;4.310219849624061
-61.125;-59.3429;7.028448267261411;4.310219849624061
-60.625;-58.8;7.028448267261411;4.310219849624061
-60.5625;-59.4857;7.028448267261411;4.310219849624061
-60.75;-58.5143;7.028448267261411;4.310219849624061
-61.0625;-58.5714;7.028448267261411;4.310219849624061
-61.25;-58.6857;7.028448267261411;4.310219849624061
-61.1875;-57.7714;7.028448267261411;4.310219849624061
-61.0625;-58.0571;7.028448267261411;4.310219849624061
-61.375;-57.7429;7.028448267261411;4.310219849624061
-61.6875;-57.8857;7.028448267261411;4.310219849624061
-62.0;-58.0;7.028448267261411;4.310219849624061
-62.0625;-57.2857;7.028448267261411;4.310219849624061
-61.5;-58.1429;7.028448267261411;4.310219849624061
-60.5625;-57.8;7.028448267261411;4.310219849624061
-59.5625;-57.8;7.028448267261411;4.310219849624061
-58.9375;-57.6857;7.028448267261411;4.310219849624061
-59.1875;-57.1143;7.028448267261411;4.310219849624061
-60.0;-57.8;7.028448267261411;4.310219849624061
-60.5625;-57.2;7.028448267261411;4.310219849624061
-60.625;-57.5429;7.028448267261411;4.310219849624061
-60.3125;-57.4;7.028448267261411;4.310219849624061
-60.125;-57.0;7.028448267261411;4.310219849624061
-60.4375;-57.2857;7.028448267261411;4.310219849624061
-60.875;-56.8857;7.028448267261411;4.310219849624061
-61.1875;-56.9714;7.028448267261411;4.310219849624061
-61.375;-56.7714;7.028448267261411;4.310219849624061
-61.4375;-56.4286;7.028448267261411;4.310219849624061
-61.375;-56.8857;7.028448267261411;4.310219849624061
-61.25;-56.4571;7.028448267261411;4.310219849624061
-60.9375;-56.3714;7.028448267261411;4.310219849624061
-60.625;-56.6;7.028448267261411;4.310219849624061
-60.0625;-56.2;7.028448267261411;4.310219849624061
-59.3125;-56.3714;7.028448267261411;4.310219849624061
-58.875;-55.9714;7.028448267261411;4.310219849624061
-59.0;-56.0;7.028448267261411;4.310219849624061
-59.0;-55.7714;7.028448267261411;4.310219849624061
-58.5;-55.3429;7.028448267261411;4.310219849624061
-57.6875;-55.5429;7.028448267261411;4.310219849624061
-57.1875;-55.3714;7.028448267261411;4.310219849624061
-56.9375;-55.6286;7.028448267261411;4.310219849624061
-56.6875;-55.0857;7.028448267261411;4.310219849624061
-56.625;-55.5714;7.028448267261411;4.310219849624061
-57.3125;-55.0857;7.028448267261411;4.310219849624061
-57.9375;-54.9143;7.028448267261411;4.310219849624061
-58.0;-55.2;7.028448267261411;4.310219849624061
-57.625;-54.6286;7.028448267261411;4.310219849624061
-57.25;-54.9143;7.028448267261411;4.310219849624061
-56.9375;-54.5429;7.028448267261411;4.310219849624061
-56.75;-54.9143;7.028448267261411;4.310219849624061
-57.0;-54.5714;7.028448267261411;4.310219849624061
-57.625;-54.5714;7.028448267261411;4.310219849624061
-58.0625;-54.3143;7.028448267261411;4.310219849624061
-57.8125;-53.9429;7.028448267261411;4.310219849624061
-57.125;-53.9143;7.028448267261411;4.310219849624061
-56.5625;-53.9429;7.028448267261411;4.310219849624061
-56.25;-54.2286;7.028448267261411;4.310219849624061
-56.1875;-53.9143;7.028448267261411;4.310219849624061
-56.1875;-53.8857;7.028448267261411;4.310219849624061
-56.25;-53.4286;7.028448267261411;4.310219849624061
-56.25;-53.7714;7.028448267261411;4.310219849624061
-56.1875;-53.2857;7.028448267261411;4.310219849624061
-55.8125;-53.1143;7.028448267261411;4.310219849624061
-55.0625;-53.2571;7.028448267261411;4.310219849624061
-54.4375;-53.2857;7.028448267261411;4.310219849624061
-54.5625;-53.3143;7.028448267261411;4.310219849624061
-55.125;-52.9714;7.028448267261411;4.310219849624061
-55.375;-53.4;7.028448267261411;4.310219849624061
-55.3125;-52.8571;7.028448267261411;4.310219849624061
-55.375;-52.7429;7.028448267261411;4.310219849624061
-55.4375;-52.6;7.028448267261411;4.310219849624061
-55.3125;-52.3429;7.028448267261411;4.310219849624061
-55.0;-52.8;7.028448267261411;4.310219849624061
-55.0;-52.4286;7.028448267261411;4.310219849624061
-55.0625;-52.6571;7.028448267261411;4.310219849624061
-54.5625;-52.1714;7.028448267261411;4.310219849624061
-53.75;-52.5143;7.028448267261411;4.310219849624061
-53.5;-52.1143;7.028448267261411;4.310219849624061
-53.9375;-52.3714;7.028448267261411;4.310219849624061
-54.0625;-52.0;7.028448267261411;4.310219849624061
-53.8125;-51.7714;7.028448267261411;4.310219849624061
-53.875;-51.7143;7.028448267261411;4.310219849624061
-54.0625;-51.4857;7.028448267261411;4.310219849624061
-54.125;-51.7714;7.028448267261411;4.310219849624061
-53.625;-51.7143;7.028448267261411;4.310219849624061
-52.6875;-51.6286;7.028448267261411;4.310219849624061
-52.0;-51.3143;7.028448267261411;4.310219849624061
-52.0;-51.2857;7.028448267261411;4.310219849624061
-52.3125;-51.0286;7.028448267261411;4.310219849624061
-52.6875;-51.0857;7.028448267261411;4.310219849624061
-52.875;-50.6;7.028448267261411;4.310219849624061
-52.9375;-50.9143;7.028448267261411;4.310219849624061
-52.9375;-50.5429;7.028448267261411;4.310219849624061
-52.9375;-50.8286;7.028448267261411;4.310219849624061
-53.0625;-50.3429;7.028448267261411;4.310219849624061
-53.3125;-50.3429;7.028448267261411;4.310219849624061
-53.5625;-50.2857;7.028448267261411;4.310219849624061
-53.5;-50.1714;7.028448267261411;4.310219849624061
-53.4375;-50.4571;7.028448267261411;4.310219849624061
-53.3125;-50.3429;7.028448267261411;4.310219849624061
-53.0625;-50.2286;7.028448267261411;4.310219849624061
-52.875;-50.0286;7.028448267261411;4.310219849624061
-53.0;-50.0286;7.028448267261411;4.310219849624061
-53.1875;-49.7143;7.028448267261411;4.310219849624061
-52.625;-49.8857;7.028448267261411;4.310219849624061
-51.5625;-49.9429;7.028448267261411;4.310219849624061
-50.6875;-49.6857;7.028448267261411;4.310219849624061
-50.0625;-49.4286;7.028448267261411;4.310219849624061
-50.0;-49.8286;7.028448267261411;4.310219849624061
-50.5625;-49.6;7.028448267261411;4.310219849624061
-51.4375;-49.4286;7.028448267261411;4.310219849624061
-52.0;-48.9429;7.028448267261411;4.310219849624061
-52.1875;-48.9143;7.028448267261411;4.310219849624061
-52.25;-48.6571;7.028448267261411;4.310219849624061
-52.1875;-48.7143;7.028448267261411;4.310219849624061
-51.8125;-48.5714;7.028448267261411;4.310219849624061
-51.0625;-48.8;7.028448267261411;4.310219849624061
-50.0625;-48.6571;7.028448267261411;4.310219849624061
-49.3125;-48.5714;7.028448267261411;4.310219849624061
-49.5;-48.4286;7.028448267261411;4.310219849624061
-50.3125;-48.3714;7.028448267261411;4.310219849624061
-51.0;-48.2;7.028448267261411;4.310219849624061
-51.375;-48.1429;7.028448267261411;4.310219849624061
-51.5;-47.9143;7.028448267261411;4.310219849624061
-51.5;-48.1429;7.028448267261411;4.310219849624061
-51.25;-47.8571;7.028448267261411;4.310219849624061
-50.75;-47.9429;7.028448267261411;4.310219849624061
-50.375;-47.6;7.028448267261411;4.310219849624061
-50.25;-47.5429;7.028448267261411;4.310219849624061
-50.1875;-47.5714;7.028448267261411;4.310219849624061
-50.1875;-47.5714;7.028448267261411;4.310219849624061
-50.0625;-47.5429;7.028448267261411;4.310219849624061
-50.0;-47.6571;7.028448267261411;4.310219849624061
-50.0625;-47.3429;7.028448267261411;4.310219849624061
-50.0625;-46.9714;7.028448267261411;4.310219849624061
-49.625;-47.0571;7.028448267261411;4.310219849624061
-49.1875;-46.7714;7.028448267261411;4.310219849624061
-49.5;-46.5143;7.028448267261411;4.310219849624061
-50.0625;-47.2286;7.028448267261411;4.310219849624061
-49.9375;-46.9143;7.028448267261411;4.310219849624061
-49.25;-47.2571;7.028448267261411;4.310219849624061
-48.9375;-46.7714;7.028448267261411;4.310219849624061
-48.875;-46.7429;7.028448267261411;4.310219849624061
-48.625;-46.3714;7.028448267261411;4.310219849624061
-48.3125;-46.4857;7.028448267261411;4.310219849624061
-48.375;-46.3143;7.028448267261411;4.310219849624061
-48.4375;-46.4571;7.028448267261411;4.310219849624061
-48.125;-46.5714;7.028448267261411;4.310219849624061
-47.8125;-46.3429;7.028448267261411;4.310219849624061
-47.875;-46.0571;7.028448267261411;4.310219849624061
-48.0625;-46.2571;7.028448267261411;4.310219849624061
-48.5625;-46.0;7.028448267261411;4.310219849624061
-49.3125;-45.9429;7.028448267261411;4.310219849624061
-49.875;-45.7143;7.028448267261411;4.310219849624061
-50.125;-45.4286;7.028448267261411;4.310219849624061
-50.125;-45.3429;7.028448267261411;4.310219849624061
-50.125;-45.3714;7.028448267261411;4.310219849624061
-49.875;-45.4286;7.028448267261411;4.310219849624061
-49.3125;-45.4857;7.028448267261411;4.310219849624061
-48.6875;-45.2286;7.028448267261411;4.310219849624061
-48.3125;-45.3714;7.028448267261411;4.310219849624061
-48.125;-45.0571;7.028448267261411;4.310219849624061
-48.1875;-44.9429;7.028448267261411;4.310219849624061
-48.0;-45.0;7.028448267261411;4.310219849624061
-47.25;-45.2;7.028448267261411;4.310219849624061
-46.4375;-45.2286;7.028448267261411;4.310219849624061
-46.0625;-44.6571;7.028448267261411;4.310219849624061
-45.9375;-44.7143;7.028448267261411;4.310219849624061
-46.0;-44.6571;7.028448267261411;4.310219849624061
-46.25;-44.8;7.028448267261411;4.310219849624061
-46.5;-44.4857;7.028448267261411;4.310219849624061
-46.3125;-44.4857;7.028448267261411;4.310219849624061
-45.9375;-44.2;7.028448267261411;4.310219849624061
-46.0625;-44.0;7.028448267261411;4.310219849624061
-46.625;-44.0857;7.028448267261411;4.310219849624061
-47.3125;-43.9429;7.028448267261411;4.310219849624061
-47.6875;-43.8286;7.028448267261411;4.310219849624061
-47.375;-43.9143;7.028448267261411;4.310219849624061
-46.75;-43.8857;7.028448267261411;4.310219849624061
-46.25;-43.7429;7.028448267261411;4.310219849624061
-46.0625;-43.5714;7.028448267261411;4.310219849624061
-45.9375;-43.4571;7.028448267261411;4.310219849624061
-45.6875;-43.4286;7.028448267261411;4.310219849624061
-45.625;-43.2;7.028448267261411;4.310219849624061
-45.875;-43.2857;7.028448267261411;4.310219849624061
-46.1875;-43.2571;7.028448267261411;4.310219849624061
-46.3125;-43.0857;7.028448267261411;4.310219849624061
-46.375;-43.1143;7.028448267261411;4.310219849624061
-46.375;-42.8857;7.028448267261411;4.310219849624061
-46.1875;-42.9714;7.028448267261411;4.310219849624061
-45.6875;-42.8857;7.028448267261411;4.310219849624061
-45.375;-43.0;7.028448267261411;4.310219849624061
-45.375;-42.8857;7.028448267261411;4.310219849624061
-45.4375;-42.6571;7.028448267261411;4.310219849624061
-45.5;-42.6571;7.028448267261411;4.310219849624061
-45.5;-42.2571;7.028448267261411;4.310219849624061
-45.125;-42.6286;7.028448267261411;4.310219849624061
-44.5;-42.3143;7.028448267261411;4.310219849624061
-43.9375;-42.2286;7.028448267261411;4.310219849624061
-43.625;-42.2857;7.028448267261411;4.310219849624061
-43.5625;-42.2;7.028448267261411;4.310219849624061
-43.6875;-42.0571;7.028448267261411;4.310219849624061
-43.8125;-42.1429;7.028448267261411;4.310219849624061
-44.1875;-41.9429;7.028448267261411;4.310219849624061
-44.4375;-42.1429;7.028448267261411;4.310219849624061
-44.375;-42.1714;7.028448267261411;4.310219849624061
-43.8125;-41.7143;7.028448267261411;4.310219849624061
-43.3125;-41.7429;7.028448267261411;4.310219849624061
-42.875;-41.4571;7.028448267261411;4.310219849624061
-42.3125;-41.3714;7.028448267261411;4.310219849624061
-41.9375;-40.9143;7.028448267261411;4.310219849624061
-41.875;-40.9429;7.028448267261411;4.310219849624061
-42.0;-41.2571;7.028448267261411;4.310219849624061
-42.3125;-41.1429;7.028448267261411;4.310219849624061
-42.75;-41.1143;7.028448267261411;4.310219849624061
-42.8125;-40.8571;7.028448267261411;4.310219849624061
-42.5;-40.9714;7.028448267261411;4.310219849624061
-42.25;-41.2286;7.028448267261411;4.310219849624061
-42.0625;-41.0286;7.028448267261411;4.310219849624061
-42.0;-40.7429;7.028448267261411;4.310219849624061
-42.0;-40.4571;7.028448267261411;4.310219849624061
-42.125;-40.4571;7.028448267261411;4.310219849624061
-42.4375;-40.3714;7.028448267261411;4.310219849624061
-42.5625;-40.4857;7.028448267261411;4.310219849624061
-42.25;-40.3429;7.028448267261411;4.310219849624061
-41.6875;-40.4;7.028448267261411;4.310219849624061
-41.6875;-40.2286;7.028448267261411;4.310219849624061
-42.3125;-40.0286;7.028448267261411;4.310219849624061
-43.0;-40.0;7.028448267261411;4.310219849624061
-43.25;-39.8571;7.028448267261411;4.310219849624061
-43.0;-40.1143;7.028448267261411;4.310219849624061
-42.5625;-39.9143;7.028448267261411;4.310219849624061
-42.1875;-39.8857;7.028448267261411;4.310219849624061
-41.8125;-39.9429;7.028448267261411;4.310219849624061
-41.5625;-39.6857;7.028448267261411;4.310219849624061
-41.4375;-39.6;7.028448267261411;4.310219849624061
-41.4375;-39.4;7.028448267261411;4.310219849624061
-41.3125;-39.4;7.028448267261411;4.310219849624061
-41.125;-39.3143;7.028448267261411;4.310219849624061
-41.0625;-39.1143;7.028448267261411;4.310219849624061
-41.125;-39.2571;7.028448267261411;4.310219849624061
-41.3125;-39.1429;7.028448267261411;4.310219849624061
-41.5625;-39.2571;7.028448267261411;4.310219849624061
-41.625;-39.3714;7.028448267261411;4.310219849624061
-41.375;-39.1429;7.028448267261411;4.310219849624061
-40.875;-38.9143;7.028448267261411;4.310219849624061
-40.4375;-39.0571;7.028448267261411;4.310219849624061
-40.4375;-39.0571;7.028448267261411;4.310219849624061
-40.8125;-38.8571;7.028448267261411;4.310219849624061
-41.1875;-38.7714;7.028448267261411;4.310219849624061
-41.4375;-38.6286;7.028448267261411;4.310219849624061
-41.5;-38.4571;7.028448267261411;4.310219849624061
-41.5625;-38.4571;7.028448267261411;4.310219849624061
-41.375;-38.4286;7.028448267261411;4.310219849624061
-41.0625;-38.4286;7.028448267261411;4.310219849624061
-40.75;-38.3143;7.028448267261411;4.310219849624061
-40.375;-38.4;7.028448267261411;4.310219849624061
-39.875;-38.2571;7.028448267261411;4.310219849624061
-39.5;-38.1143;7.028448267261411;4.310219849624061
-39.5;-37.9714;7.028448267261411;4.310219849624061
-39.875;-38.0;7.028448267261411;4.310219849624061
-40.4375;-37.7714;7.028448267261411;4.310219849624061
-40.8125;-37.7714;7.028448267261411;4.310219849624061
-40.8125;-37.5714;7.028448267261411;4.310219849624061
-40.1875;-37.5714;7.028448267261411;4.310219849624061
-39.1875;-37.3714;7.028448267261411;4.310219849624061
-38.125;-37.2286;7.028448267261411;4.310219849624061
-37.5625;-37.3714;7.028448267261411;4.310219849624061
-37.6875;-37.2571;7.028448267261411;4.310219849624061
-38.3125;-37.2;7.028448267261411;4.310219849624061
-39.0;-37.3143;7.028448267261411;4.310219849624061
-39.3125;-37.1714;7.028448267261411;4.310219849624061
-39.25;-37.0;7.028448267261411;4.310219849624061
-39.0;-36.8286;7.028448267261411;4.310219849624061
-38.8125;-36.6857;7.028448267261411;4.310219849624061
-39.1875;-36.9143;7.028448267261411;4.310219849624061
-40.0;-36.8286;7.028448267261411;4.310219849624061
-40.4375;-36.7143;7.028448267261411;4.310219849624061
-40.0;-36.7714;7.028448267261411;4.310219849624061
-39.125;-36.6857;7.028448267261411;4.310219849624061
-38.3125;-36.6857;7.028448267261411;4.310219849624061
-37.9375;-36.4857;7.028448267261411;4.310219849624061
-37.75;-36.3714;7.028448267261411;4.310219849624061
-37.75;-36.2286;7.028448267261411;4.310219849624061
-37.8125;-36.2;7.028448267261411;4.310219849624061
-37.75;-35.9143;7.028448267261411;4.310219849624061
-37.3125;-36.0286;7.028448267261411;4.310219849624061
-36.9375;-35.8;7.028448267261411;4.310219849624061
-36.875;-35.8286;7.028448267261411;4.310219849624061
-37.125;-35.6571;7.028448267261411;4.310219849624061
-37.375;-35.7143;7.028448267261411;4.310219849624061
-37.4375;-35.4857;7.028448267261411;4.310219849624061
-37.0;-35.4857;7.028448267261411;4.310219849624061
-36.5;-35.4;7.028448267261411;4.310219849624061
-36.375;-35.3714;7.028448267261411;4.310219849624061
-36.5625;-35.4;7.028448267261411;4.310219849624061
-36.6875;-35.4286;7.028448267261411;4.310219849624061
-36.8125;-35.2286;7.028448267261411;4.310219849624061
-37.125;-35.1429;7.028448267261411;4.310219849624061
-37.3125;-34.9714;7.028448267261411;4.310219849624061
-37.125;-34.8571;7.028448267261411;4.310219849624061
-36.6875;-34.8;7.028448267261411;4.310219849624061
-36.3125;-34.9429;7.028448267261411;4.310219849624061
-35.875;-34.8571;7.028448267261411;4.310219849624061
-35.75;-34.8;7.028448267261411;4.310219849624061
-35.9375;-34.6857;7.028448267261411;4.310219849624061
-36.4375;-34.6;7.028448267261411;4.310219849624061
-37.25;-34.6571;7.028448267261411;4.310219849624061
-37.75;-34.6857;7.028448267261411;4.310219849624061
-37.6875;-34.6;7.028448267261411;4.310219849624061
-37.1875;-34.3714;7.028448267261411;4.310219849624061
-36.6875;-34.3143;7.028448267261411;4.310219849624061
-36.375;-34.2857;7.028448267261411;4.310219849624061
-36.25;-34.3143;7.028448267261411;4.310219849624061
-36.1875;-34.2571;7.028448267261411;4.310219849624061
-36.25;-34.1429;7.028448267261411;4.310219849624061
-36.25;-33.9714;7.028448267261411;4.310219849624061
-36.1875;-33.8286;7.028448267261411;4.310219849624061
-35.9375;-33.7714;7.028448267261411;4.310219849624061
-35.9375;-33.9429;7.028448267261411;4.310219849624061
-35.9375;-33.6571;7.028448267261411;4.310219849624061
-35.875;-33.6857;7.028448267261411;4.310219849624061
-35.875;-33.6286;7.028448267261411;4.310219849624061
-35.75;-33.2857;7.028448267261411;4.310219849624061
-35.6875;-33.3143;7.028448267261411;4.310219849624061
-35.4375;-33.3143;7.028448267261411;4.310219849624061
-35.1875;-33.1143;7.028448267261411;4.310219849624061
-34.9375;-33.1143;7.028448267261411;4.310219849624061
-34.875;-33.0;7.028448267261411;4.310219849624061
-35.0625;-32.9143;7.028448267261411;4.310219849624061
-35.3125;-32.8286;7.028448267261411;4.310219849624061
-35.25;-32.6857;7.028448267261411;4.310219849624061
-34.8125;-32.5429;7.028448267261411;4.310219849624061
-34.5625;-32.4857;7.028448267261411;4.310219849624061
-34.625;-32.6571;7.028448267261411;4.310219849624061
-34.6875;-32.4857;7.028448267261411;4.310219849624061
-34.75;-32.6;7.028448267261411;4.310219849624061
-34.875;-32.5429;7.028448267261411;4.310219849624061
-35.0625;-32.5143;7.028448267261411;4.310219849624061
-34.875;-32.5143;7.028448267261411;4.310219849624061
-34.375;-32.3714;7.028448267261411;4.310219849624061
-34.0625;-32.2286;7.028448267261411;4.310219849624061
-34.125;-32.2;7.028448267261411;4.310219849624061
-34.125;-32.2571;7.028448267261411;4.310219849624061
-34.0;-32.1429;7.028448267261411;4.310219849624061
-33.875;-32.0286;7.028448267261411;4.310219849624061
-33.875;-31.9143;7.028448267261411;4.310219849624061
-33.8125;-31.8571;7.028448267261411;4.310219849624061
-33.8125;-31.8;7.028448267261411;4.310219849624061
-33.8125;-31.7143;7.028448267261411;4.310219849624061
-33.8125;-31.5429;7.028448267261411;4.310219849624061
-33.625;-31.4571;7.028448267261411;4.310219849624061
-33.125;-31.4286;7.028448267261411;4.310219849624061
-32.4375;-31.4;7.028448267261411;4.310219849624061
-31.8125;-31.3429;7.028448267261411;4.310219849624061
-31.875;-31.4571;7.028448267261411;4.310219849624061
-32.5625;-31.3429;7.028448267261411;4.310219849624061
-33.0625;-31.2571;7.028448267261411;4.310219849624061
-32.8125;-31.3143;7.028448267261411;4.310219849624061
-32.25;-31.0857;7.028448267261411;4.310219849624061
-32.0625;-31.1143;7.028448267261411;4.310219849624061
-32.375;-31.0571;7.028448267261411;4.310219849624061
-32.8125;-31.0286;7.028448267261411;4.310219849624061
-32.9375;-30.8571;7.028448267261411;4.310219849624061
-32.6875;-30.8;7.028448267261411;4.310219849624061
-32.5;-30.6571;7.028448267261411;4.310219849624061
-32.375;-30.7429;7.028448267261411;4.310219849624061
-32.1875;-30.7429;7.028448267261411;4.310219849624061
-31.9375;-30.7143;7.028448267261411;4.310219849624061
-32.0625;-30.6571;7.028448267261411;4.310219849624061
-32.5;-30.5429;7.028448267261411;4.310219849624061
-32.75;-30.4;7.028448267261411;4.310219849624061
-32.4375;-30.2571;7.028448267261411;4.310219849624061
-32.0;-30.3429;7.028448267261411;4.310219849624061
-31.625;-30.2857;7.028448267261411;4.310219849624061
-31.5;-30.0857;7.028448267261411;4.310219849624061
-31.4375;-30.0857;7.028448267261411;4.310219849624061
-31.4375;-30.2;7.028448267261411;4.310219849624061
-31.4375;-30.1429;7.028448267261411;4.310219849624061
-31.4375;-29.9429;7.028448267261411;4.310219849624061
-31.4375;-29.8857;7.028448267261411;4.310219849624061
-31.5;-29.8;7.028448267261411;4.310219849624061
-31.5;-29.6571;7.028448267261411;4.310219849624061
-31.3125;-29.5429;7.028448267261411;4.310219849624061
-31.0625;-29.6857;7.028448267261411;4.310219849624061
-30.8125;-29.6;7.028448267261411;4.310219849624061
-30.75;-29.6286;7.028448267261411;4.310219849624061
-31.0;-29.4571;7.028448267261411;4.310219849624061
-31.5;-29.3714;7.028448267261411;4.310219849624061
-31.75;-29.2286;7.028448267261411;4.310219849624061
-31.4375;-29.2286;7.028448267261411;4.310219849624061
-30.875;-29.1429;7.028448267261411;4.310219849624061
-30.4375;-29.0286;7.028448267261411;4.310219849624061
-30.375;-28.9714;7.028448267261411;4.310219849624061
-30.625;-28.9429;7.028448267261411;4.310219849624061
-30.6875;-28.7143;7.028448267261411;4.310219849624061
-30.5;-28.7714;7.028448267261411;4.310219849624061
-30.3125;-28.7714;7.028448267261411;4.310219849624061
-30.25;-28.7143;7.028448267261411;4.310219849624061
-30.3125;-28.7143;7.028448267261411;4.310219849624061
-30.3125;-28.4857;7.028448267261411;4.310219849624061
-30.0;-28.5714;7.028448267261411;4.310219849624061
-29.8125;-28.5143;7.028448267261411;4.310219849624061
-29.75;-28.5143;7.028448267261411;4.310219849624061
-29.5625;-28.4286;7.028448267261411;4.310219849624061
-29.125;-28.3429;7.028448267261411;4.310219849624061
-28.75;-28.1714;7.028448267261411;4.310219849624061
-28.625;-28.0571;7.028448267261411;4.310219849624061
-28.75;-28.0286;7.028448267261411;4.310219849624061
-28.9375;-27.8857;7.028448267261411;4.310219849624061
-29.0;-27.9714;7.028448267261411;4.310219849624061
-29.0625;-27.9429;7.028448267261411;4.310219849624061
-29.0625;-28.0;7.028448267261411;4.310219849624061
-28.9375;-27.8857;7.028448267261411;4.310219849624061
-28.8125;-27.9143;7.028448267261411;4.310219849624061
-28.9375;-27.6857;7.028448267261411;4.310219849624061
-29.0625;-27.6286;7.028448267261411;4.310219849624061
-28.9375;-27.5429;7.028448267261411;4.310219849624061
-28.5625;-27.5714;7.028448267261411;4.310219849624061
-28.25;-27.4857;7.028448267261411;4.310219849624061
-28.1875;-27.5714;7.028448267261411;4.310219849624061
-28.25;-27.4571;7.028448267261411;4.310219849624061
-28.3125;-27.3143;7.028448267261411;4.310219849624061
-28.625;-27.2;7.028448267261411;4.310219849624061
-28.8125;-27.0571;7.028448267261411;4.310219849624061
-28.75;-26.9714;7.028448267261411;4.310219849624061
-28.625;-26.9714;7.028448267261411;4.310219849624061
-28.375;-26.8286;7.028448267261411;4.310219849624061
-28.125;-26.7714;7.028448267261411;4.310219849624061
-27.8125;-26.9143;7.028448267261411;4.310219849624061
-27.625;-26.7429;7.028448267261411;4.310219849624061
-27.5625;-26.9143;7.028448267261411;4.310219849624061
-27.5625;-26.6857;7.028448267261411;4.310219849624061
-27.625;-26.6286;7.028448267261411;4.310219849624061
-27.8125;-26.6857;7.028448267261411;4.310219849624061
-27.9375;-26.5714;7.028448267261411;4.310219849624061
-27.75;-26.4;7.028448267261411;4.310219849624061
-27.1875;-26.3429;7.028448267261411;4.310219849624061
-26.8125;-26.2;7.028448267261411;4.310219849624061
-26.75;-26.2857;7.028448267261411;4.310219849624061
-26.9375;-26.3429;7.028448267261411;4.310219849624061
-27.125;-26.2;7.028448267261411;4.310219849624061
-27.25;-26.1143;7.028448267261411;4.310219849624061
-27.3125;-26.0;7.028448267261411;4.310219849624061
-27.3125;-25.8571;7.028448267261411;4.310219849624061
-27.375;-25.8286;7.028448267261411;4.310219849624061
-27.4375;-25.7429;7.028448267261411;4.310219849624061
-27.25;-25.8;7.028448267261411;4.310219849624061
-27.0625;-25.7714;7.028448267261411;4.310219849624061
-26.875;-25.6857;7.028448267261411;4.310219849624061
-26.8125;-25.6857;7.028448267261411;4.310219849624061
-26.9375;-25.6571;7.028448267261411;4.310219849624061
-26.8125;-25.4857;7.028448267261411;4.310219849624061
-26.5;-25.4857;7.028448267261411;4.310219849624061
-26.125;-25.4571;7.028448267261411;4.310219849624061
-26.0625;-25.2857;7.028448267261411;4.310219849624061
-26.125;-25.2286;7.028448267261411;4.310219849624061
-26.0;-25.2;7.028448267261411;4.310219849624061
-25.75;-25.0286;7.028448267261411;4.310219849624061
-25.8125;-25.0571;7.028448267261411;4.310219849624061
-26.125;-25.0;7.028448267261411;4.310219849624061
-26.5625;-24.9429;7.028448267261411;4.310219849624061
-26.875;-24.9143;7.028448267261411;4.310219849624061
-26.8125;-24.7714;7.028448267261411;4.310219849624061
-26.4375;-24.6857;7.028448267261411;4.310219849624061
-25.75;-24.6571;7.028448267261411;4.310219849624061
-25.0625;-24.6;7.028448267261411;4.310219849624061
-24.75;-24.5143;7.028448267261411;4.310219849624061
-25.0625;-24.5714;7.028448267261411;4.310219849624061
-25.5;-24.4571;7.028448267261411;4.310219849624061
-25.625;-24.2286;7.028448267261411;4.310219849624061
-25.625;-24.1143;7.028448267261411;4.310219849624061
-25.75;-24.0857;7.028448267261411;4.310219849624061
-25.8125;-24.1714;7.028448267261411;4.310219849624061
-25.875;-24.1714;7.028448267261411;4.310219849624061
-25.875;-24.2286;7.028448267261411;4.310219849624061
-25.875;-24.2286;7.028448267261411;4.310219849624061
-25.8125;-24.2286;7.028448267261411;4.310219849624061
-25.4375;-24.1429;7.028448267261411;4.310219849624061
-25.0;-24.0857;7.028448267261411;4.310219849624061
-24.8125;-23.9143;7.028448267261411;4.310219849624061
-24.75;-23.7429;7.028448267261411;4.310219849624061
-24.6875;-23.8;7.028448267261411;4.310219849624061
-24.75;-23.6571;7.028448267261411;4.310219849624061
-24.75;-23.6286;7.028448267261411;4.310219849624061
-24.8125;-23.5714;7.028448267261411;4.310219849624061
-25.0;-23.5143;7.028448267261411;4.310219849624061
-24.875;-23.3429;7.028448267261411;4.310219849624061
-24.4375;-23.3429;7.028448267261411;4.310219849624061
-24.0;-23.3429;7.028448267261411;4.310219849624061
-23.8125;-23.2571;7.028448267261411;4.310219849624061
-23.875;-23.2857;7.028448267261411;4.310219849624061
-24.0625;-23.3714;7.028448267261411;4.310219849624061
-24.125;-23.3143;7.028448267261411;4.310219849624061
-23.875;-23.3143;7.028448267261411;4.310219849624061
-23.6875;-23.2857;7.028448267261411;4.310219849624061
-23.625;-23.1429;7.028448267261411;4.310219849624061
-23.625;-23.1143;7.028448267261411;4.310219849624061
-23.6875;-23.0571;7.028448267261411;4.310219849624061
-23.8125;-23.0571;7.028448267261411;4.310219849624061
-23.9375;-22.8857;7.028448267261411;4.310219849624061
-23.875;-22.9143;7.028448267261411;4.310219849624061
-23.5625;-22.7714;7.028448267261411;4.310219849624061
-23.5;-22.6286;7.028448267261411;4.310219849624061
-23.75;-22.5714;7.028448267261411;4.310219849624061
-24.0;-22.2857;7.028448267261411;4.310219849624061
-24.125;-22.4286;7.028448267261411;4.310219849624061
-24.1875;-22.2571;7.028448267261411;4.310219849624061
-24.1875;-22.2571;7.028448267261411;4.310219849624061
-24.125;-22.2571;7.028448267261411;4.310219849624061
-23.75;-22.1143;7.028448267261411;4.310219849624061
-23.3125;-22.1714;7.028448267261411;4.310219849624061
-23.125;-22.0857;7.028448267261411;4.310219849624061
-23.125;-22.0286;7.028448267261411;4.310219849624061
-22.9375;-22.1143;7.028448267261411;4.310219849624061
-22.75;-22.0571;7.028448267261411;4.310219849624061
-22.6875;-21.9429;7.028448267261411;4.310219849624061
-22.625;-21.9143;7.028448267261411;4.310219849624061
-22.6875;-21.8571;7.028448267261411;4.310219849624061
-23.0;-21.8857;7.028448267261411;4.310219849624061
-23.25;-21.9714;7.028448267261411;4.310219849624061
-23.25;-21.7429;7.028448267261411;4.310219849624061
-23.125;-21.7714;7.028448267261411;4.310219849624061
-22.875;-21.7143;7.028448267261411;4.310219849624061
-22.6875;-21.6286;7.028448267261411;4.310219849624061
-22.625;-21.4857;7.028448267261411;4.310219849624061
-22.6875;-21.4;7.028448267261411;4.310219849624061
-22.8125;-21.3143;7.028448267261411;4.310219849624061
-22.875;-21.2571;7.028448267261411;4.310219849624061
-22.875;-21.2571;7.028448267261411;4.310219849624061
-22.875;-21.2857;7.028448267261411;4.310219849624061
-22.75;-21.2286;7.028448267261411;4.310219849624061
-22.25;-21.2286;7.028448267261411;4.310219849624061
-21.75;-21.1429;7.028448267261411;4.310219849624061
-21.5625;-21.1714;7.028448267261411;4.310219849624061
-21.4375;-21.2;7.028448267261411;4.310219849624061
-21.4375;-21.0;7.028448267261411;4.310219849624061
-21.375;-21.0857;7.028448267261411;4.310219849624061
-21.375;-21.0286;7.028448267261411;4.310219849624061
-21.375;-20.8857;7.028448267261411;4.310219849624061
-21.375;-20.9143;7.028448267261411;4.310219849624061
-21.5;-20.8571;7.028448267261411;4.310219849624061
-21.6875;-20.7714;7.028448267261411;4.310219849624061
-21.8125;-20.7429;7.028448267261411;4.310219849624061
-21.8125;-20.6571;7.028448267261411;4.310219849624061
-21.75;-20.6;7.028448267261411;4.310219849624061
-21.5625;-20.5429;7.028448267261411;4.310219849624061
-21.1875;-20.4571;7.028448267261411;4.310219849624061
-20.75;-20.4286;7.028448267261411;4.310219849624061
-20.625;-20.3714;7.028448267261411;4.310219849624061
-20.6875;-20.3429;7.028448267261411;4.310219849624061
-20.75;-20.2286;7.028448267261411;4.310219849624061
-20.75;-20.1429;7.028448267261411;4.310219849624061
-20.75;-20.0;7.028448267261411;4.310219849624061
-20.9375;-20.0;7.028448267261411;4.310219849624061
-21.1875;-20.0;7.028448267261411;4.310219849624061
-21.0625;-19.8857;7.028448267261411;4.310219849624061
-20.8125;-19.8571;7.028448267261411;4.310219849624061
-20.5625;-19.7714;7.028448267261411;4.310219849624061
-20.4375;-19.7714;7.028448267261411;4.310219849624061
-20.375;-19.6286;7.028448267261411;4.310219849624061
-20.4375;-19.5429;7.028448267261411;4.310219849624061
-20.5625;-19.4571;7.028448267261411;4.310219849624061
-20.625;-19.4;7.028448267261411;4.310219849624061
-20.5625;-19.4;7.028448267261411;4.310219849624061
-20.4375;-19.3714;7.028448267261411;4.310219849624061
-20.1875;-19.3143;7.028448267261411;4.310219849624061
-20.0625;-19.2857;7.028448267261411;4.310219849624061
-20.125;-19.3429;7.028448267261411;4.310219849624061
-20.1875;-19.3143;7.028448267261411;4.310219849624061
-20.25;-19.2;7.028448267261411;4.310219849624061
-20.3125;-19.1429;7.028448267261411;4.310219849624061
-20.3125;-19.1429;7.028448267261411;4.310219849624061
-20.3125;-19.0571;7.028448267261411;4.310219849624061
-20.25;-19.0;7.028448267261411;4.310219849624061
-19.875;-18.8857;7.028448267261411;4.310219849624061
-19.375;-18.8857;7.028448267261411;4.310219849624061
-19.0625;-18.9714;7.028448267261411;4.310219849624061
-19.0625;-18.8571;7.028448267261411;4.310219849624061
-19.25;-18.8286;7.028448267261411;4.310219849624061
-19.3125;-18.8;7.028448267261411;4.310219849624061
-19.1875;-18.8;7.028448267261411;4.310219849624061
-19.0;-18.7143;7.028448267261411;4.310219849624061
-18.8125;-18.7429;7.028448267261411;4.310219849624061
-18.75;-18.5143;7.028448267261411;4.310219849624061
-18.875;-18.5714;7.028448267261411;4.310219849624061
-19.25;-18.5714;7.028448267261411;4.310219849624061
-19.625;-18.5143;7.028448267261411;4.310219849624061
-19.625;-18.5143;7.028448267261411;4.310219849624061
-19.25;-18.4286;7.028448267261411;4.310219849624061
-18.9375;-18.3429;7.028448267261411;4.310219849624061
-18.8125;-18.2571;7.028448267261411;4.310219849624061
-18.8125;-18.1714;7.028448267261411;4.310219849624061
-18.8125;-18.1429;7.028448267261411;4.310219849624061
-18.6875;-18.0;7.028448267261411;4.310219849624061
-18.625;-17.8857;7.028448267261411;4.310219849624061
-18.4375;-17.8571;7.028448267261411;4.310219849624061
-18.25;-17.8571;7.028448267261411;4.310219849624061
-18.375;-17.8;7.028448267261411;4.310219849624061
-18.625;-17.8;7.028448267261411;4.310219849624061
-18.875;-17.7429;7.028448267261411;4.310219849624061
-19.0;-17.6286;7.028448267261411;4.310219849624061
-19.0;-17.6;7.028448267261411;4.310219849624061
-19.0;-17.5714;7.028448267261411;4.310219849624061
-19.0;-17.5429;7.028448267261411;4.310219849624061
-18.875;-17.5429;7.028448267261411;4.310219849624061
-18.5625;-17.5714;7.028448267261411;4.310219849624061
-18.25;-17.4857;7.028448267261411;4.310219849624061
-18.25;-17.4571;7.028448267261411;4.310219849624061
-18.3125;-17.3714;7.028448267261411;4.310219849624061
-18.3125;-17.3714;7.028448267261411;4.310219849624061
-18.0625;-17.4286;7.028448267261411;4.310219849624061
-17.8125;-17.2571;7.028448267261411;4.310219849624061
-17.5625;-17.2;7.028448267261411;4.310219849624061
-17.4375;-17.2286;7.028448267261411;4.310219849624061
-17.4375;-17.1429;7.028448267261411;4.310219849624061
-17.4375;-17.0571;7.028448267261411;4.310219849624061
-17.3125;-16.9714;7.028448267261411;4.310219849624061
-17.25;-16.8857;7.028448267261411;4.310219849624061
-17.4375;-16.9429;7.028448267261411;4.310219849624061
-17.5625;-16.8286;7.028448267261411;4.310219849624061
-17.5625;-16.7143;7.028448267261411;4.310219849624061
-17.5;-16.7714;7.028448267261411;4.310219849624061
-17.5625;-16.6286;7.028448267261411;4.310219849624061
-17.75;-16.5714;7.028448267261411;4.310219849624061
-17.9375;-16.4857;7.028448267261411;4.310219849624061
-17.8125;-16.4286;7.028448267261411;4.310219849624061
-17.375;-16.3429;7.028448267261411;4.310219849624061
-16.875;-16.2571;7.028448267261411;4.310219849624061
-16.4375;-16.1143;7.028448267261411;4.310219849624061
-16.3125;-16.2;7.028448267261411;4.310219849624061
-16.4375;-16.1429;7.028448267261411;4.310219849624061
-16.625;-16.1429;7.028448267261411;4.310219849624061
-16.8125;-16.0571;7.028448267261411;4.310219849624061
-16.875;-16.1143;7.028448267261411;4.310219849624061
-16.875;-16.0286;7.028448267261411;4.310219849624061
-16.875;-16.0571;7.028448267261411;4.310219849624061
-16.75;-15.9143;7.028448267261411;4.310219849624061
-16.5;-15.8571;7.028448267261411;4.310219849624061
-16.25;-15.8286;7.028448267261411;4.310219849624061
-16.125;-15.6571;7.028448267261411;4.310219849624061
-16.25;-15.6857;7.028448267261411;4.310219849624061
-16.5625;-15.6;7.028448267261411;4.310219849624061
-16.875;-15.5143;7.028448267261411;4.310219849624061
-17.0625;-15.4;7.028448267261411;4.310219849624061
-17.0;-15.3429;7.028448267261411;4.310219849624061
-16.6875;-15.2571;7.028448267261411;4.310219849624061
-16.25;-15.1143;7.028448267261411;4.310219849624061
-16.0;-15.1143;7.028448267261411;4.310219849624061
-15.9375;-15.0571;7.028448267261411;4.310219849624061
-15.625;-15.0286;7.028448267261411;4.310219849624061
-14.8125;-15.0;7.028448267261411;4.310219849624061
-14.3125;-14.9714;7.028448267261411;4.310219849624061
-14.625;-14.9143;7.028448267261411;4.310219849624061
-15.3125;-14.8286;7.028448267261411;4.310219849624061
-15.75;-14.7429;7.028448267261411;4.310219849624061
-15.8125;-14.7714;7.028448267261411;4.310219849624061
-15.75;-14.6286;7.028448267261411;4.310219849624061
-15.625;-14.6286;7.028448267261411;4.310219849624061
-15.4375;-14.4857;7.028448267261411;4.310219849624061
-15.25;-14.4857;7.028448267261411;4.310219849624061
-15.25;-14.4286;7.028448267261411;4.310219849624061
-15.1875;-14.4571;7.028448267261411;4.310219849624061
-14.875;-14.4286;7.028448267261411;4.310219849624061
-14.5625;-14.4;7.028448267261411;4.310219849624061
-14.375;-14.4286;7.028448267261411;4.310219849624061
-14.3125;-14.4571;7.028448267261411;4.310219849624061
-14.3125;-14.4;7.028448267261411;4.310219849624061
-14.3125;-14.3429;7.028448267261411;4.310219849624061
-14.375;-14.2571;7.028448267261411;4.310219849624061
-14.3125;-14.2571;7.028448267261411;4.310219849624061
-14.1875;-14.2286;7.028448267261411;4.310219849624061
-14.0625;-14.1429;7.028448267261411;4.310219849624061
-14.1875;-14.0857;7.028448267261411;4.310219849624061
-14.4375;-14.0;7.028448267261411;4.310219849624061
-14.625;-13.9429;7.028448267261411;4.310219849624061
-14.5625;-13.8571;7.028448267261411;4.310219849624061
-14.5;-13.8571;7.028448267261411;4.310219849624061
-14.625;-13.7143;7.028448267261411;4.310219849624061
-14.625;-13.7143;7.028448267261411;4.310219849624061
-14.5;-13.6571;7.028448267261411;4.310219849624061
-14.4375;-13.6571;7.028448267261411;4.310219849624061
-14.375;-13.6857;7.028448267261411;4.310219849624061
-14.1875;-13.5429;7.028448267261411;4.310219849624061
-13.875;-13.5143;7.028448267261411;4.310219849624061
-13.6875;-13.5143;7.028448267261411;4.310219849624061
-13.8125;-13.4857;7.028448267261411;4.310219849624061
-14.1875;-13.4571;7.028448267261411;4.310219849624061
-14.5625;-13.4;7.028448267261411;4.310219849624061
-14.5625;-13.3714;7.028448267261411;4.310219849624061
-14.0625;-13.3429;7.028448267261411;4.310219849624061
-13.375;-13.2857;7.028448267261411;4.310219849624061
-13.0;-13.2571;7.028448267261411;4.310219849624061
-13.0;-13.2857;7.028448267261411;4.310219849624061
-13.3125;-13.1714;7.028448267261411;4.310219849624061
-13.5;-13.2571;7.028448267261411;4.310219849624061
-13.625;-13.1429;7.028448267261411;4.310219849624061
-13.625;-13.0857;7.028448267261411;4.310219849624061
-13.625;-13.0;7.028448267261411;4.310219849624061
-13.625;-12.9714;7.028448267261411;4.310219849624061
-13.625;-12.9429;7.028448267261411;4.310219849624061
-13.4375;-12.9429;7.028448267261411;4.310219849624061
-13.1875;-12.9143;7.028448267261411;4.310219849624061
-13.125;-12.8857;7.028448267261411;4.310219849624061
-13.4375;-12.8286;7.028448267261411;4.310219849624061
-13.5;-12.8;7.028448267261411;4.310219849624061
-13.25;-12.7429;7.028448267261411;4.310219849624061
-13.125;-12.6286;7.028448267261411;4.310219849624061
-13.125;-12.6;7.028448267261411;4.310219849624061
-13.0625;-12.5143;7.028448267261411;4.310219849624061
-12.875;-12.4571;7.028448267261411;4.310219849624061
-12.5;-12.4;7.028448267261411;4.310219849624061
-12.4375;-12.3429;7.028448267261411;4.310219849624061
-12.625;-12.3143;7.028448267261411;4.310219849624061
-12.875;-12.2286;7.028448267261411;4.310219849624061
-12.9375;-12.2571;7.028448267261411;4.310219849624061
-12.8125;-12.2;7.028448267261411;4.310219849624061
-12.625;-12.1143;7.028448267261411;4.310219849624061
-12.5;-12.0857;7.028448267261411;4.310219849624061
-12.4375;-12.0857;7.028448267261411;4.310219849624061
-12.375;-12.0571;7.028448267261411;4.310219849624061
-12.3125;-11.9143;7.028448267261411;4.310219849624061
-12.25;-11.8857;7.028448267261411;4.310219849624061
-12.25;-11.8286;7.028448267261411;4.310219849624061
-12.25;-11.8;7.028448267261411;4.310219849624061
-12.0625;-11.8;7.028448267261411;4.310219849624061
-11.8125;-11.8;7.028448267261411;4.310219849624061
-11.625;-11.6857;7.028448267261411;4.310219849624061
-11.625;-11.6857;7.028448267261411;4.310219849624061
-11.625;-11.6286;7.028448267261411;4.310219849624061
-11.6875;-11.5714;7.028448267261411;4.310219849624061
-11.6875;-11.6286;7.028448267261411;4.310219849624061
-11.75;-11.5714;7.028448267261411;4.310219849624061
-11.8125;-11.5429;7.028448267261411;4.310219849624061
-12.125;-11.5429;7.028448267261411;4.310219849624061
-12.3125;-11.4286;7.028448267261411;4.310219849624061
-12.3125;-11.3714;7.028448267261411;4.310219849624061
-12.125;-11.3429;7.028448267261411;4.310219849624061
-11.9375;-11.3143;7.028448267261411;4.310219849624061
-11.5625;-11.2286;7.028448267261411;4.310219849624061
-11.125;-11.2286;7.028448267261411;4.310219849624061
-10.8125;-11.2286;7.028448267261411;4.310219849624061
-10.75;-11.1143;7.028448267261411;4.310219849624061
-10.9375;-11.0571;7.028448267261411;4.310219849624061
-11.3125;-11.0571;7.028448267261411;4.310219849624061
-11.75;-11.0286;7.028448267261411;4.310219849624061
-12.0;-10.9714;7.028448267261411;4.310219849624061
-11.875;-10.9714;7.028448267261411;4.310219849624061
-11.75;-10.9143;7.028448267261411;4.310219849624061
-11.875;-10.8857;7.028448267261411;4.310219849624061
-12.125;-10.7429;7.028448267261411;4.310219849624061
-12.0625;-10.8286;7.028448267261411;4.310219849624061
-11.625;-10.7429;7.028448267261411;4.310219849624061
-10.9375;-10.6571;7.028448267261411;4.310219849624061
-10.125;-10.6286;7.028448267261411;4.310219849624061
-9.5625;-10.6;7.028448267261411;4.310219849624061
-9.5625;-10.5714;7.028448267261411;4.310219849624061
-9.9375;-10.4857;7.028448267261411;4.310219849624061
-10.375;-10.4571;7.028448267261411;4.310219849624061
-10.625;-10.4286;7.028448267261411;4.310219849624061
-10.6875;-10.3714;7.028448267261411;4.310219849624061
-10.625;-10.3714;7.028448267261411;4.310219849624061
-10.5625;-10.3714;7.028448267261411;4.310219849624061
-10.5625;-10.2857;7.028448267261411;4.310219849624061
-10.5;-10.2571;7.028448267261411;4.310219849624061
-10.4375;-10.1714;7.028448267261411;4.310219849624061
-10.1875;-10.1714;7.028448267261411;4.310219849624061
-10.0;-10.0857;7.028448267261411;4.310219849624061
-10.0625;-10.0571;7.028448267261411;4.310219849624061
-10.125;-10.0286;7.028448267261411;4.310219849624061
-10.1875;-10.0;7.028448267261411;4.310219849624061
-10.1875;-9.9429;7.028448267261411;4.310219849624061
-10.0625;-9.8286;7.028448267261411;4.310219849624061
-9.875;-9.8571;7.028448267261411;4.310219849624061
-9.9375;-9.8571;7.028448267261411;4.310219849624061
-10.0625;-9.8286;7.028448267261411;4.310219849624061
-10.0625;-9.7429;7.028448267261411;4.310219849624061
-10.1875;-9.7714;7.028448267261411;4.310219849624061
-10.3125;-9.7429;7.028448267261411;4.310219849624061
-10.25;-9.6857;7.028448267261411;4.310219849624061
-10.1875;-9.7429;7.028448267261411;4.310219849624061
-10.125;-9.5714;7.028448267261411;4.310219849624061
-10.125;-9.6;7.028448267261411;4.310219849624061
-10.0625;-9.4857;7.028448267261411;4.310219849624061
-10.0625;-9.4571;7.028448267261411;4.310219849624061
-10.0;-9.4571;7.028448267261411;4.310219849624061
-9.75;-9.3429;7.028448267261411;4.310219849624061
-9.5;-9.2857;7.028448267261411;4.310219849624061
-9.25;-9.2857;7.028448267261411;4.310219849624061
-9.1875;-9.1714;7.028448267261411;4.310219849624061
-9.3125;-9.2;7.028448267261411;4.310219849624061
-9.3125;-9.1143;7.028448267261411;4.310219849624061
-9.1875;-9.0286;7.028448267261411;4.310219849624061
-9.125;-9.0571;7.028448267261411;4.310219849624061
-9.0625;-9.0;7.028448267261411;4.310219849624061
-9.0;-8.9143;7.028448267261411;4.310219849624061
-9.0;-8.9429;7.028448267261411;4.310219849624061
-9.0;-8.9143;7.028448267261411;4.310219849624061
-8.9375;-8.8;7.028448267261411;4.310219849624061
-8.8125;-8.7714;7.028448267261411;4.310219849624061
-8.8125;-8.8;7.028448267261411;4.310219849624061
-8.8125;-8.7143;7.028448267261411;4.310219849624061
-8.75;-8.6286;7.028448267261411;4.310219849624061
-8.75;-8.6286;7.028448267261411;4.310219849624061
-8.8125;-8.5714;7.028448267261411;4.310219849624061
-8.875;-8.5714;7.028448267261411;4.310219849624061
-8.8125;-8.5143;7.028448267261411;4.310219849624061
-8.625;-8.4857;7.028448267261411;4.310219849624061
-8.5;-8.4286;7.028448267261411;4.310219849624061
-8.375;-8.4;7.028448267261411;4.310219849624061
-8.3125;-8.3429;7.028448267261411;4.310219849624061
-8.3125;-8.3143;7.028448267261411;4.310219849624061
-8.3125;-8.3429;7.028448267261411;4.310219849624061
-8.3125;-8.1714;7.028448267261411;4.310219849624061
-8.375;-8.2;7.028448267261411;4.310219849624061
-8.375;-8.1429;7.028448267261411;4.310219849624061
-8.375;-8.1143;7.028448267261411;4.310219849624061
-8.375;-8.1143;7.028448267261411;4.310219849624061
-8.375;-8.0571;7.028448267261411;4.310219849624061
-8.25;-7.9714;7.028448267261411;4.310219849624061
-8.0;-7.9143;7.028448267261411;4.310219849624061
-7.5625;-7.8857;7.028448267261411;4.310219849624061
-7.25;-7.8571;7.028448267261411;4.310219849624061
-7.125;-7.7714;7.028448267261411;4.310219849624061
-7.25;-7.6857;7.028448267261411;4.310219849624061
-7.375;-7.6286;7.028448267261411;4.310219849624061
-7.4375;-7.5714;7.028448267261411;4.310219849624061
-7.5;-7.5143;7.028448267261411;4.310219849624061
-7.5;-7.4571;7.028448267261411;4.310219849624061
-7.4375;-7.4;7.028448267261411;4.310219849624061
-7.3125;-7.3714;7.028448267261411;4.310219849624061
-7.3125;-7.3143;7.028448267261411;4.310219849624061
-7.3125;-7.2;7.028448267261411;4.310219849624061
-7.25;-7.1429;7.028448267261411;4.310219849624061
-7.3125;-7.0;7.028448267261411;4.310219849624061
-7.5625;-6.9429;7.028448267261411;4.310219849624061
-7.8125;-6.8286;7.028448267261411;4.310219849624061
-7.6875;-6.7143;7.028448267261411;4.310219849624061
-7.25;-6.4857;7.028448267261411;4.310219849624061
-6.5;-6.4;7.028448267261411;4.310219849624061
-5.8125;-6.2286;7.028448267261411;4.310219849624061
-5.5;-6.0571;7.028448267261411;4.310219849624061
-5.625;-5.8286;7.028448267261411;4.310219849624061
-5.875;-5.5714;7.028448267261411;4.310219849624061
-6.0625;-5.3714;7.028448267261411;4.310219849624061
-6.25;-5.0;7.028448267261411;4.310219849624061
-6.25;-4.8286;7.028448267261411;4.310219849624061
-5.8125;-4.4286;7.028448267261411;4.310219849624061
-5.1875;-4.0;7.028448267261411;4.310219849624061
-4.875;-3.6857;7.028448267261411;4.310219849624061
-5.0;-3.1429;7.028448267261411;4.310219849624061
-5.0;-2.5714;7.028448267261411;4.310219849624061
-4.5;-1.9429;7.028448267261411;4.310219849624061
-3.4375;-1.2571;7.028448267261411;4.310219849624061
-2.0625;-0.5429;7.028448267261411;4.310219849624061
-0.9375;0.5714;7.028448267261411;4.310219849624061
-0.1875;1.5143;7.028448267261411;4.310219849624061
0.125;2.3143;7.028448267261411;4.310219849624061
0.1875;2.8857;7.028448267261411;4.310219849624061
0.125;3.6286;7.028448267261411;4.310219849624061
0.0625;4.2571;7.028448267261411;4.310219849624061
0.3125;4.8286;7.028448267261411;4.310219849624061
1.375;5.4571;7.028448267261411;4.310219849624061
2.8125;6.2286;7.028448267261411;4.310219849624061
3.875;7.0571;7.028448267261411;4.310219849624061
4.375;7.9143;7.028448267261411;4.310219849624061
4.75;8.8;7.028448267261411;4.310219849624061
5.375;9.7143;7.028448267261411;4.310219849624061
6.4375;10.6;7.028448267261411;4.310219849624061
7.8125;11.6286;7.028448267261411;4.310219849624061
9.1875;12.3714;7.028448267261411;4.310219849624061
10.4375;13.3143;7.028448267261411;4.310219849624061
11.5;14.3429;7.028448267261411;4.310219849624061
12.4375;15.2286;7.028448267261411;4.310219849624061
13.375;16.1714;7.028448267261411;4.310219849624061
14.3125;17.0571;7.028448267261411;4.310219849624061
15.375;17.8571;7.028448267261411;4.310219849624061
16.3125;18.9429;7.028448267261411;4.310219849624061
17.375;19.7714;7.028448267261411;4.310219849624061
18.4375;20.4571;7.028448267261411;4.310219849624061
19.5;21.2857;7.028448267261411;4.310219849624061
20.4375;22.2571;7.028448267261411;4.310219849624061
21.375;23.2571;7.028448267261411;4.310219849624061
22.1875;24.0;7.028448267261411;4.310219849624061
22.9375;24.6857;7.028448267261411;4.310219849624061
23.6875;25.5143;7.028448267261411;4.310219849624061
24.6875;26.3714;7.028448267261411;4.310219849624061
25.625;27.2;7.028448267261411;4.310219849624061
26.25;28.0286;7.028448267261411;4.310219849624061
26.5625;28.6571;7.028448267261411;4.310219849624061
26.625;29.4286;7.028448267261411;4.310219849624061
26.5625;30.1429;7.028448267261411;4.310219849624061
26.5;30.7429;7.028448267261411;4.310219849624061
26.5625;31.5143;7.028448267261411;4.310219849624061
27.375;32.2286;7.028448267261411;4.310219849624061
29.3125;32.9429;7.028448267261411;4.310219849624061
31.75;33.5714;7.028448267261411;4.310219849624061
33.6875;34.0857;7.028448267261411;4.310219849624061
35.0;34.8857;7.028448267261411;4.310219849624061
35.75;35.6571;7.028448267261411;4.310219849624061
36.3125;36.3714;7.028448267261411;4.310219849624061
36.875;37.0571;7.028448267261411;4.310219849624061
37.5;37.8;7.028448267261411;4.310219849624061
38.25;38.0857;7.028448267261411;4.310219849624061
38.9375;38.8571;7.028448267261411;4.310219849624061
39.75;39.6;7.028448267261411;4.310219849624061
40.625;40.1143;7.028448267261411;4.310219849624061
41.5;41.1714;7.028448267261411;4.310219849624061
42.3125;41.6;7.028448267261411;4.310219849624061
43.1875;42.2857;7.028448267261411;4.310219849624061
44.125;42.8857;7.028448267261411;4.310219849624061
45.0;43.9714;7.028448267261411;4.310219849624061
45.6875;44.2857;7.028448267261411;4.310219849624061
46.3125;44.9714;7.028448267261411;4.310219849624061
46.9375;45.6857;7.028448267261411;4.310219849624061
47.5625;46.1429;7.028448267261411;4.310219849624061
48.1875;46.7714;7.028448267261411;4.310219849624061
48.9375;47.5429;7.028448267261411;4.310219849624061
49.6875;48.2857;7.028448267261411;4.310219849624061
50.3125;48.7429;7.028448267261411;4.310219849624061
50.625;49.6571;7.028448267261411;4.310219849624061
50.8125;50.0857;7.028448267261411;4.310219849624061
50.8125;50.9143;7.028448267261411;4.310219849624061
50.8125;51.0;7.028448267261411;4.310219849624061
50.8125;51.4857;7.028448267261411;4.310219849624061
50.9375;52.6571;7.028448267261411;4.310219849624061
51.5625;53.3429;7.028448267261411;4.310219849624061
53.0;53.9714;7.028448267261411;4.310219849624061
54.8125;53.8571;7.028448267261411;4.310219849624061
56.3125;55.2;7.028448267261411;4.310219849624061
57.375;55.4571;7.028448267261411;4.310219849624061
58.1875;56.2286;7.028448267261411;4.310219849624061
58.9375;56.5143;7.028448267261411;4.310219849624061
59.5625;57.1429;7.028448267261411;4.310219849624061
60.1875;57.4857;7.028448267261411;4.310219849624061
61.0625;58.5429;7.028448267261411;4.310219849624061
61.9375;59.1714;7.028448267261411;4.310219849624061
62.625;59.6571;7.028448267261411;4.310219849624061
63.0625;60.6857;7.028448267261411;4.310219849624061
63.4375;60.7143;7.028448267261411;4.310219849624061
64.0625;61.1429;7.028448267261411;4.310219849624061
64.875;61.0857;7.028448267261411;4.310219849624061
65.75;60.8571;7.028448267261411;4.310219849624061
66.6875;61.1429;7.028448267261411;4.310219849624061
67.5;61.8857;7.028448267261411;4.310219849624061
67.875;63.1429;7.028448267261411;4.310219849624061
67.6875;63.3714;7.028448267261411;4.310219849624061
67.4375;64.5429;7.028448267261411;4.310219849624061
67.8125;64.0571;7.028448267261411;4.310219849624061
68.875;65.4286;7.028448267261411;4.310219849624061
70.0;65.2571;7.028448267261411;4.310219849624061
70.8125;66.3429;7.028448267261411;4.310219849624061
71.0625;66.5714;7.028448267261411;4.310219849624061
71.125;67.3143;7.028448267261411;4.310219849624061
71.0625;68.2286;7.028448267261411;4.310219849624061
70.9375;68.1714;7.028448267261411;4.310219849624061
71.0625;69.2571;7.028448267261411;4.310219849624061
71.4375;70.1143;7.028448267261411;4.310219849624061
72.3125;70.5714;7.028448267261411;4.310219849624061
73.8125;71.2571;7.028448267261411;4.310219849624061
75.4375;70.9143;7.028448267261411;4.310219849624061
76.6875;72.0857;7.028448267261411;4.310219849624061
77.5625;71.8857;7.028448267261411;4.310219849624061
78.3125;73.3714;7.028448267261411;4.310219849624061
78.9375;73.6857;7.028448267261411;4.310219849624061
79.4375;75.2;7.028448267261411;4.310219849624061
79.9375;75.0286;7.028448267261411;4.310219849624061
80.5625;75.1429;7.028448267261411;4.310219849624061
81.3125;75.0857;7.028448267261411;4.310219849624061
82.25;75.8;7.028448267261411;4.310219849624061
83.25;75.8571;7.028448267261411;4.310219849624061
84.3125;76.3143;7.028448267261411;4.310219849624061
85.4375;76.7429;7.028448267261411;4.310219849624061
86.1875;76.6857;7.028448267261411;4.310219849624061
86.5625;76.3429;7.028448267261411;4.310219849624061
87.0625;76.8857;7.028448267261411;4.310219849624061
87.5625;76.6571;7.028448267261411;4.310219849624061
87.9375;77.1429;7.028448267261411;4.310219849624061
88.1875;77.4571;7.028448267261411;4.310219849624061
88.375;79.6857;7.028448267261411;4.310219849624061
88.625;78.9714;7.028448267261411;4.310219849624061
88.625;81.2857;7.028448267261411;4.310219849624061
88.625;81.2857;7.028448267261411;4.310219849624061
88.8125;81.7429;7.028448267261411;4.310219849624061
89.0;80.7143;7.028448267261411;4.310219849624061
89.125;80.6;7.028448267261411;4.310219849624061
89.1875;81.6571;7.028448267261411;4.310219849624061
89.1875;81.6571;7.028448267261411;4.310219849624061
89.5;82.1714;7.028448267261411;4.310219849624061
90.5;82.5714;7.028448267261411;4.310219849624061
92.0;81.9429;7.028448267261411;4.310219849624061
93.75;83.8571;7.028448267261411;4.310219849624061
95.0625;83.8286;7.028448267261411;4.310219849624061
95.8125;84.4571;7.028448267261411;4.310219849624061
96.3125;85.9143;7.028448267261411;4.310219849624061
97.0;86.9143;7.028448267261411;4.310219849624061
97.9375;85.6;7.028448267261411;4.310219849624061
99.125;87.8;7.028448267261411;4.310219849624061
100.4375;86.8286;7.028448267261411;4.310219849624061
101.0625;87.0;7.028448267261411;4.310219849624061
101.1875;86.7429;7.028448267261411;4.310219849624061
101.625;86.2;7.028448267261411;4.310219849624061
102.4375;87.6857;7.028448267261411;4.310219849624061
103.125;87.9143;7.028448267261411;4.310219849624061
103.625;88.2857;7.028448267261411;4.310219849624061
103.875;88.6571;7.028448267261411;4.310219849624061
103.875;87.5429;7.028448267261411;4.310219849624061
103.875;88.0571;7.028448267261411;4.310219849624061
103.9375;88.9429;7.028448267261411;4.310219849624061
104.375;90.7143;7.028448267261411;4.310219849624061
105.125;91.1714;7.028448267261411;4.310219849624061
105.1875;92.4;7.028448267261411;4.310219849624061
104.6875;92.9714;7.028448267261411;4.310219849624061
104.5;93.4;7.028448267261411;4.310219849624061
105.1875;95.6571;7.028448267261411;4.310219849624061
106.4375;94.3429;7.028448267261411;4.310219849624061
107.625;95.0286;7.028448267261411;4.310219849624061
108.3125;93.2571;7.028448267261411;4.310219849624061
108.5625;95.3143;7.028448267261411;4.310219849624061
108.625;94.8571;7.028448267261411;4.310219849624061
108.5;94.7429;7.028448267261411;4.310219849624061
108.25;95.2571;7.028448267261411;4.310219849624061
108.4375;95.0857;7.028448267261411;4.310219849624061
109.625;93.0571;7.028448267261411;4.310219849624061
111.1875;96.0571;7.028448267261411;4.310219849624061
112.25;95.4571;7.028448267261411;4.310219849624061
112.5;98.2286;7.028448267261411;4.310219849624061
112.1875;97.7429;7.028448267261411;4.310219849624061
111.9375;97.6571;7.028448267261411;4.310219849624061
112.1875;98.8571;7.028448267261411;4.310219849624061
113.3125;98.0;7.028448267261411;4.310219849624061
114.6875;101.4571;7.028448267261411;4.310219849624061
115.6875;100.6;7.028448267261411;4.310219849624061
115.875;100.6571;7.028448267261411;4.310219849624061
115.5;102.3714;7.028448267261411;4.310219849624061
115.3125;103.2857;7.028448267261411;4.310219849624061
115.5625;103.0286;7.028448267261411;4.310219849624061
116.25;105.1429;7.028448267261411;4.310219849624061
117.375;105.4571;7.028448267261411;4.310219849624061
118.5625;106.1714;7.028448267261411;4.310219849624061
119.3125;106.1429;7.028448267261411;4.310219849624061
119.8125;106.0;7.028448267261411;4.310219849624061
120.4375;105.2857;7.028448267261411;4.310219849624061
120.75;104.8286;7.028448267261411;4.310219849624061
120.5625;105.1714;7.028448267261411;4.310219849624061
120.5;105.9143;7.028448267261411;4.310219849624061
120.9375;108.7714;7.028448267261411;4.310219849624061
121.5625;108.0571;7.028448267261411;4.310219849624061
121.9375;107.8571;7.028448267261411;4.310219849624061
122.125;105.6571;7.028448267261411;4.310219849624061
122.125;105.8571;7.028448267261411;4.310219849624061
122.125;104.7429;7.028448267261411;4.310219849624061
122.0625;104.8857;7.028448267261411;4.310219849624061
122.0;105.8857;7.028448267261411;4.310219849624061
121.875;108.1143;7.028448267261411;4.310219849624061
122.0625;108.6286;7.028448267261411;4.310219849624061
122.625;109.6857;7.028448267261411;4.310219849624061
123.375;109.8286;7.028448267261411;4.310219849624061
124.375;109.1429;7.028448267261411;4.310219849624061
125.375;110.2;7.028448267261411;4.310219849624061
126.25;109.1429;7.028448267261411;4.310219849624061
126.6875;110.7429;7.028448267261411;4.310219849624061
126.5625;110.1714;7.028448267261411;4.310219849624061
126.25;110.7143;7.028448267261411;4.310219849624061
126.375;110.5714;7.028448267261411;4.310219849624061
126.75;109.5143;7.028448267261411;4.310219849624061
127.3125;111.6857;7.028448267261411;4.310219849624061
127.625;111.0857;7.028448267261411;4.310219849624061
127.625;111.2286;7.028448267261411;4.310219849624061
127.5625;111.6286;7.028448267261411;4.310219849624061
127.6875;111.1429;7.028448267261411;4.310219849624061
127.8125;112.2857;7.028448267261411;4.310219849624061
128.0625;112.9714;7.028448267261411;4.310219849624061
128.8125;112.3143;7.028448267261411;4.310219849624061
129.625;114.6857;7.028448267261411;4.310219849624061
129.875;113.6;7.028448267261411;4.310219849624061
130.1875;115.0286;7.028448267261411;4.310219849624061
130.875;114.1429;7.028448267261411;4.310219849624061
131.3125;114.5143;7.028448267261411;4.310219849624061
131.0;116.0286;7.028448267261411;4.310219849624061
130.5;115.0857;7.028448267261411;4.310219849624061
130.0625;114.9429;7.028448267261411;4.310219849624061
129.875;115.0857;7.028448267261411;4.310219849624061
129.8125;115.2286;7.028448267261411;4.310219849624061
129.8125;115.5714;7.028448267261411;4.310219849624061
130.1875;115.2;7.028448267261411;4.310219849624061
131.25;115.8571;7.028448267261411;4.310219849624061
132.4375;116.7143;7.028448267261411;4.310219849624061
133.1875;115.6857;7.028448267261411;4.310219849624061
133.4375;116.8571;7.028448267261411;4.310219849624061
133.6875;116.7143;7.028448267261411;4.310219849624061
134.125;116.0;7.028448267261411;4.310219849624061
134.375;115.6857;7.028448267261411;4.310219849624061
134.1875;115.6571;7.028448267261411;4.310219849624061
134.0625;117.2857;7.028448267261411;4.310219849624061
134.625;117.2286;7.028448267261411;4.310219849624061
135.4375;117.4;7.028448267261411;4.310219849624061
135.75;118.8;7.028448267261411;4.310219849624061
135.8125;119.0571;7.028448267261411;4.310219849624061
136.0;119.0857;7.028448267261411;4.310219849624061
136.25;118.4;7.028448267261411;4.310219849624061
136.9375;120.3714;7.028448267261411;4.310219849624061
137.8125;118.9143;7.028448267261411;4.310219849624061
138.0625;120.2571;7.028448267261411;4.310219849624061
137.8125;118.6;7.028448267261411;4.310219849624061
137.75;118.1429;7.028448267261411;4.310219849624061
137.75;120.2;7.028448267261411;4.310219849624061
137.625;119.7714;7.028448267261411;4.310219849624061
137.625;119.8;7.028448267261411;4.310219849624061
138.125;120.1143;7.028448267261411;4.310219849624061
138.875;120.1143;7.028448267261411;4.310219849624061
139.75;119.9429;7.028448267261411;4.310219849624061
140.5625;120.9143;7.028448267261411;4.310219849624061
140.9375;120.9714;7.028448267261411;4.310219849624061
141.125;123.3714;7.028448267261411;4.310219849624061
141.125;122.0857;7.028448267261411;4.310219849624061
141.0625;121.9143;7.028448267261411;4.310219849624061
140.875;120.8857;7.028448267261411;4.310219849624061
140.5625;122.1714;7.028448267261411;4.310219849624061
140.1875;122.0571;7.028448267261411;4.310219849624061
139.9375;121.6857;7.028448267261411;4.310219849624061
139.6875;123.6;7.028448267261411;4.310219849624061
139.8125;121.9714;7.028448267261411;4.310219849624061
140.5625;123.0286;7.028448267261411;4.310219849624061
141.5;123.6286;7.028448267261411;4.310219849624061
142.125;124.2857;7.028448267261411;4.310219849624061
142.5625;123.7714;7.028448267261411;4.310219849624061
142.8125;124.4571;7.028448267261411;4.310219849624061
142.9375;125.1714;7.028448267261411;4.310219849624061
143.25;123.5143;7.028448267261411;4.310219849624061
143.75;123.5714;7.028448267261411;4.310219849624061
144.1875;124.0286;7.028448267261411;4.310219849624061
144.125;125.1143;7.028448267261411;4.310219849624061
143.5;125.4;7.028448267261411;4.310219849624061
143.0625;124.7143;7.028448267261411;4.310219849624061
143.1875;124.9429;7.028448267261411;4.310219849624061
143.6875;123.8857;7.028448267261411;4.310219849624061
144.3125;125.3714;7.028448267261411;4.310219849624061
144.8125;125.4857;7.028448267261411;4.310219849624061
145.0;126.2857;7.028448267261411;4.310219849624061
144.9375;125.8286;7.028448267261411;4.310219849624061
144.9375;126.4571;7.028448267261411;4.310219849624061
145.0625;126.1143;7.028448267261411;4.310219849624061
145.375;127.2857;7.028448267261411;4.310219849624061
145.625;127.3714;7.028448267261411;4.310219849624061
145.75;126.4;7.028448267261411;4.310219849624061
145.8125;125.2857;7.028448267261411;4.310219849624061
145.8125;126.2571;7.028448267261411;4.310219849624061
145.8125;125.5429;7.028448267261411;4.310219849624061
145.8125;127.5714;7.028448267261411;4.310219849624061
145.875;126.4571;7.028448267261411;4.310219849624061
145.875;126.2286;7.028448267261411;4.310219849624061
146.0;126.0857;7.028448267261411;4.310219849624061
146.3125;127.7714;7.028448267261411;4.310219849624061
147.1875;127.7714;7.028448267261411;4.310219849624061
148.5625;127.3714;7.028448267261411;4.310219849624061
149.5;128.7714;7.028448267261411;4.310219849624061
149.6875;128.6571;7.028448267261411;4.310219849624061
149.25;128.2857;7.028448267261411;4.310219849624061
148.5625;127.8571;7.028448267261411;4.310219849624061
148.0625;127.3143;7.028448267261411;4.310219849624061
147.875;129.8857;7.028448267261411;4.310219849624061
148.0625;129.4571;7.028448267261411;4.310219849624061
148.4375;129.7143;7.028448267261411;4.310219849624061
149.0625;129.5429;7.028448267261411;4.310219849624061
149.5;129.9143;7.028448267261411;4.310219849624061
149.8125;130.4286;7.028448267261411;4.310219849624061
150.3125;129.5429;7.028448267261411;4.310219849624061
150.875;129.0;7.028448267261411;4.310219849624061
151.0625;129.4286;7.028448267261411;4.310219849624061
150.75;129.4;7.028448267261411;4.310219849624061
150.375;130.6857;7.028448267261411;4.310219849624061
150.375;131.4571;7.028448267261411;4.310219849624061
150.5625;131.3714;7.028448267261411;4.310219849624061
150.875;130.5714;7.028448267261411;4.310219849624061
151.3125;129.8286;7.028448267261411;4.310219849624061
151.6875;131.4;7.028448267261411;4.310219849624061
151.875;130.3429;7.028448267261411;4.310219849624061
151.9375;130.5143;7.028448267261411;4.310219849624061
152.0;130.2857;7.028448267261411;4.310219849624061
151.9375;132.4;7.028448267261411;4.310219849624061
151.875;132.0571;7.028448267261411;4.310219849624061
151.8125;132.5143;7.028448267261411;4.310219849624061
151.8125;132.6286;7.028448267261411;4.310219849624061
151.875;133.8;7.028448267261411;4.310219849624061
152.5;135.9143;7.028448267261411;4.310219849624061
153.25;134.6571;7.028448267261411;4.310219849624061
153.375;133.2;7.028448267261411;4.310219849624061
153.6875;135.5429;7.028448267261411;4.310219849624061
154.4375;136.7143;7.028448267261411;4.310219849624061
155.3125;136.8;7.028448267261411;4.310219849624061
155.9375;135.5714;7.028448267261411;4.310219849624061
156.0;136.3429;7.028448267261411;4.310219849624061
156.125;135.7429;7.028448267261411;4.310219849624061
156.1875;135.0571;7.028448267261411;4.310219849624061
155.8125;136.3143;7.028448267261411;4.310219849624061
155.3125;136.4286;7.028448267261411;4.310219849624061
154.9375;136.6571;7.028448267261411;4.310219849624061
154.875;137.8571;7.028448267261411;4.310219849624061
155.1875;137.1143;7.028448267261411;4.310219849624061
156.0;137.9143;7.028448267261411;4.310219849624061
156.6875;138.0286;7.028448267261411;4.310219849624061
157.0;138.2286;7.028448267261411;4.310219849624061
157.125;137.4286;7.028448267261411;4.310219849624061
157.375;139.6571;7.028448267261411;4.310219849624061
157.625;138.0286;7.028448267261411;4.310219849624061
157.875;137.5429;7.028448267261411;4.310219849624061
158.8125;137.9143;7.028448267261411;4.310219849624061
160.0;138.1143;7.028448267261411;4.310219849624061
160.875;138.1143;7.028448267261411;4.310219849624061
161.25;137.7714;7.028448267261411;4.310219849624061
161.375;137.2;7.028448267261411;4.310219849624061
161.3125;138.1429;7.028448267261411;4.310219849624061
161.0;136.9143;7.028448267261411;4.310219849624061
159.875;137.2286;7.028448267261411;4.310219849624061
157.8125;137.2857;7.028448267261411;4.310219849624061
155.9375;135.6857;7.028448267261411;4.310219849624061
155.125;136.3714;7.028448267261411;4.310219849624061
155.3125;134.6571;7.028448267261411;4.310219849624061
156.25;133.6857;7.028448267261411;4.310219849624061
157.0625;132.8286;7.028448267261411;4.310219849624061
156.625;133.8571;7.028448267261411;4.310219849624061
155.3125;133.8;7.028448267261411;4.310219849624061
153.6875;133.0571;7.028448267261411;4.310219849624061
152.125;132.7714;7.028448267261411;4.310219849624061
151.3125;131.8;7.028448267261411;4.310219849624061
151.5625;129.8286;7.028448267261411;4.310219849624061
151.8125;130.1143;7.028448267261411;4.310219849624061
151.5;128.4;7.028448267261411;4.310219849624061
150.8125;127.3143;7.028448267261411;4.310219849624061
149.8125;128.6286;7.028448267261411;4.310219849624061
148.9375;127.0286;7.028448267261411;4.310219849624061
148.5625;127.2;7.028448267261411;4.310219849624061
148.5625;127.5143;7.028448267261411;4.310219849624061
148.5;126.2857;7.028448267261411;4.310219849624061
148.125;125.9714;7.028448267261411;4.310219849624061
147.5625;125.9714;7.028448267261411;4.310219849624061
146.75;126.2;7.028448267261411;4.310219849624061
146.25;125.9429;7.028448267261411;4.310219849624061
146.4375;125.0571;7.028448267261411;4.310219849624061
147.0;124.2571;7.028448267261411;4.310219849624061
147.4375;125.2857;7.028448267261411;4.310219849624061
147.6875;123.4857;7.028448267261411;4.310219849624061
147.8125;122.8286;7.028448267261411;4.310219849624061
147.8125;122.3429;7.028448267261411;4.310219849624061
147.5625;121.9143;7.028448267261411;4.310219849624061
146.5625;122.2571;7.028448267261411;4.310219849624061
144.5625;121.3429;7.028448267261411;4.310219849624061
142.375;121.4571;7.028448267261411;4.310219849624061
141.0625;121.6286;7.028448267261411;4.310219849624061
141.0625;121.8286;7.028448267261411;4.310219849624061
141.9375;119.8571;7.028448267261411;4.310219849624061
142.5;119.4;7.028448267261411;4.310219849624061
142.1875;119.5714;7.028448267261411;4.310219849624061
141.25;119.4857;7.028448267261411;4.310219849624061
140.0;119.8571;7.028448267261411;4.310219849624061
139.1875;118.8857;7.028448267261411;4.310219849624061
139.1875;118.8286;7.028448267261411;4.310219849624061
139.25;117.2;7.028448267261411;4.310219849624061
138.75;118.0;7.028448267261411;4.310219849624061
137.8125;118.6857;7.028448267261411;4.310219849624061
137.0;117.5714;7.028448267261411;4.310219849624061
136.5;118.4;7.028448267261411;4.310219849624061
136.1875;116.9714;7.028448267261411;4.310219849624061
136.125;115.5429;7.028448267261411;4.310219849624061
136.1875;114.1429;7.028448267261411;4.310219849624061
135.75;114.6286;7.028448267261411;4.310219849624061
135.1875;114.4857;7.028448267261411;4.310219849624061
134.5625;114.7429;7.028448267261411;4.310219849624061
133.75;116.2;7.028448267261411;4.310219849624061
132.9375;115.7714;7.028448267261411;4.310219849624061
132.4375;114.5143;7.028448267261411;4.310219849624061
132.3125;113.6286;7.028448267261411;4.310219849624061
132.3125;113.8286;7.028448267261411;4.310219849624061
132.375;113.3143;7.028448267261411;4.310219849624061
132.4375;112.8286;7.028448267261411;4.310219849624061
132.4375;111.9714;7.028448267261411;4.310219849624061
132.4375;111.7143;7.028448267261411;4.310219849624061
131.875;111.5714;7.028448267261411;4.310219849624061
130.6875;111.0857;7.028448267261411;4.310219849624061
129.5625;110.8571;7.028448267261411;4.310219849624061
128.6875;109.6857;7.028448267261411;4.310219849624061
128.125;109.8857;7.028448267261411;4.310219849624061
127.8125;109.9143;7.028448267261411;4.310219849624061
127.6875;109.5714;7.028448267261411;4.310219849624061
127.6875;108.1429;7.028448267261411;4.310219849624061
127.875;108.4286;7.028448267261411;4.310219849624061
127.9375;108.3143;7.028448267261411;4.310219849624061
127.625;109.1429;7.028448267261411;4.310219849624061
126.8125;107.2286;7.028448267261411;4.310219849624061
125.8125;108.2286;7.028448267261411;4.310219849624061
125.4375;106.4857;7.028448267261411;4.310219849624061
126.0;105.9714;7.028448267261411;4.310219849624061
126.375;103.5714;7.028448267261411;4.310219849624061
125.9375;103.8857;7.028448267261411;4.310219849624061
125.0;104.2;7.028448267261411;4.310219849624061
124.0625;103.9143;7.028448267261411;4.310219849624061
123.0;103.0857;7.028448267261411;4.310219849624061
121.9375;102.4286;7.028448267261411;4.310219849624061
121.1875;103.1714;7.028448267261411;4.310219849624061
120.9375;102.0;7.028448267261411;4.310219849624061
121.0;101.7143;7.028448267261411;4.310219849624061
120.875;103.7143;7.028448267261411;4.310219849624061
120.25;103.4;7.028448267261411;4.310219849624061
119.5;102.4286;7.028448267261411;4.310219849624061
119.0;102.6;7.028448267261411;4.310219849624061
118.75;103.1714;7.028448267261411;4.310219849624061
118.75;100.3143;7.028448267261411;4.310219849624061
118.75;101.1429;7.028448267261411;4.310219849624061
118.75;102.0857;7.028448267261411;4.310219849624061
118.5625;99.8571;7.028448267261411;4.310219849624061
118.125;99.0286;7.028448267261411;4.310219849624061
118.1875;101.6;7.028448267261411;4.310219849624061
118.75;101.7143;7.028448267261411;4.310219849624061
119.0625;101.6;7.028448267261411;4.310219849624061
118.3125;100.2;7.028448267261411;4.310219849624061
117.0625;96.5714;7.028448267261411;4.310219849624061
116.125;98.3429;7.028448267261411;4.310219849624061
115.6875;95.6286;7.028448267261411;4.310219849624061
115.0625;98.5714;7.028448267261411;4.310219849624061
114.1875;95.3714;7.028448267261411;4.310219849624061
113.5625;99.6286;7.028448267261411;4.310219849624061
113.625;95.4571;7.028448267261411;4.310219849624061
114.125;97.3429;7.028448267261411;4.310219849624061
114.25;96.6857;7.028448267261411;4.310219849624061
113.8125;94.5714;7.028448267261411;4.310219849624061
113.0625;96.5143;7.028448267261411;4.310219849624061
112.125;94.0857;7.028448267261411;4.310219849624061
111.5625;95.0571;7.028448267261411;4.310219849624061
111.4375;94.1714;7.028448267261411;4.310219849624061
111.3125;95.7429;7.028448267261411;4.310219849624061
110.9375;93.9714;7.028448267261411;4.310219849624061
110.625;94.4857;7.028448267261411;4.310219849624061
110.5;94.2571;7.028448267261411;4.310219849624061
111.0;95.4;7.028448267261411;4.310219849624061
112.1875;94.6;7.028448267261411;4.310219849624061
113.3125;92.5714;7.028448267261411;4.310219849624061
114.0;92.5429;7.028448267261411;4.310219849624061
114.25;93.3143;7.028448267261411;4.310219849624061
114.3125;90.3714;7.028448267261411;4.310219849624061
114.25;90.4571;7.028448267261411;4.310219849624061
113.875;94.6857;7.028448267261411;4.310219849624061
112.6875;93.4571;7.028448267261411;4.310219849624061
110.75;93.0571;7.028448267261411;4.310219849624061
108.625;93.0286;7.028448267261411;4.310219849624061
107.75;93.0286;7.028448267261411;4.310219849624061
108.375;92.0857;7.028448267261411;4.310219849624061
109.375;90.8286;7.028448267261411;4.310219849624061
109.9375;90.6857;7.028448267261411;4.310219849624061
109.8125;90.5143;7.028448267261411;4.310219849624061
109.0625;90.5429;7.028448267261411;4.310219849624061
108.1875;90.5714;7.028448267261411;4.310219849624061
107.625;89.5143;7.028448267261411;4.310219849624061
107.5625;89.8571;7.028448267261411;4.310219849624061
107.6875;89.2857;7.028448267261411;4.310219849624061
107.4375;88.7143;7.028448267261411;4.310219849624061
106.875;87.8286;7.028448267261411;4.310219849624061
106.125;88.1714;7.028448267261411;4.310219849624061
105.4375;86.1714;7.028448267261411;4.310219849624061
104.6875;87.1429;7.028448267261411;4.310219849624061
103.75;86.0857;7.028448267261411;4.310219849624061
102.875;86.9143;7.028448267261411;4.310219849624061
102.125;86.8286;7.028448267261411;4.310219849624061
101.625;86.9714;7.028448267261411;4.310219849624061
101.4375;86.8571;7.028448267261411;4.310219849624061
101.6875;86.1714;7.028448267261411;4.310219849624061
101.9375;86.0857;7.028448267261411;4.310219849624061
102.125;83.7714;7.028448267261411;4.310219849624061
102.4375;85.1429;7.028448267261411;4.310219849624061
102.625;84.5143;7.028448267261411;4.310219849624061
102.6875;85.4286;7.028448267261411;4.310219849624061
102.6875;86.3143;7.028448267261411;4.310219849624061
102.6875;85.5143;7.028448267261411;4.310219849624061
102.625;85.3429;7.028448267261411;4.310219849624061
102.25;85.2857;7.028448267261411;4.310219849624061
101.1875;83.9143;7.028448267261411;4.310219849624061
99.6875;83.2286;7.028448267261411;4.310219849624061
98.5625;84.4857;7.028448267261411;4.310219849624061
98.0625;83.1429;7.028448267261411;4.310219849624061
98.0;84.2;7.028448267261411;4.310219849624061
97.9375;82.6571;7.028448267261411;4.310219849624061
97.5625;81.4286;7.028448267261411;4.310219849624061
97.125;81.8571;7.028448267261411;4.310219849624061
96.875;81.0857;7.028448267261411;4.310219849624061
96.5;82.3429;7.028448267261411;4.310219849624061
96.0625;81.2857;7.028448267261411;4.310219849624061
95.9375;81.2;7.028448267261411;4.310219849624061
95.5;80.4;7.028448267261411;4.310219849624061
94.75;81.8286;7.028448267261411;4.310219849624061
94.25;79.5429;7.028448267261411;4.310219849624061
94.1875;81.4286;7.028448267261411;4.310219849624061
94.25;81.5143;7.028448267261411;4.310219849624061
94.375;81.7429;7.028448267261411;4.310219849624061
94.4375;80.7143;7.028448267261411;4.310219849624061
94.375;80.9429;7.028448267261411;4.310219849624061
94.375;80.4;7.028448267261411;4.310219849624061
94.625;79.7143;7.028448267261411;4.310219849624061
94.9375;80.2571;7.028448267261411;4.310219849624061
94.625;77.9714;7.028448267261411;4.310219849624061
93.75;79.5143;7.028448267261411;4.310219849624061
92.75;79.4571;7.028448267261411;4.310219849624061
92.125;80.5429;7.028448267261411;4.310219849624061
91.8125;80.4286;7.028448267261411;4.310219849624061
91.8125;78.9429;7.028448267261411;4.310219849624061
91.875;79.9429;7.028448267261411;4.310219849624061
91.8125;78.5714;7.028448267261411;4.310219849624061
91.625;78.4286;7.028448267261411;4.310219849624061
91.5625;78.4571;7.028448267261411;4.310219849624061
91.3125;77.7143;7.028448267261411;4.310219849624061
90.75;77.5714;7.028448267261411;4.310219849624061
89.875;76.3143;7.028448267261411;4.310219849624061
89.4375;77.6571;7.028448267261411;4.310219849624061
89.6875;77.6286;7.028448267261411;4.310219849624061
89.875;78.2286;7.028448267261411;4.310219849624061
89.5625;77.7143;7.028448267261411;4.310219849624061
89.25;77.5714;7.028448267261411;4.310219849624061
88.875;76.7143;7.028448267261411;4.310219849624061
88.3125;75.4286;7.028448267261411;4.310219849624061
87.875;75.9429;7.028448267261411;4.310219849624061
87.6875;76.5429;7.028448267261411;4.310219849624061
87.5;76.4857;7.028448267261411;4.310219849624061
87.1875;75.9714;7.028448267261411;4.310219849624061
86.75;76.8;7.028448267261411;4.310219849624061
86.25;76.4857;7.028448267261411;4.310219849624061
85.5625;76.5429;7.028448267261411;4.310219849624061
85.125;74.4857;7.028448267261411;4.310219849624061
85.1875;75.6857;7.028448267261411;4.310219849624061
85.625;74.6286;7.028448267261411;4.310219849624061
85.9375;74.2571;7.028448267261411;4.310219849624061
85.6875;74.2857;7.028448267261411;4.310219849624061
85.0;73.3143;7.028448267261411;4.310219849624061
84.25;73.5429;7.028448267261411;4.310219849624061
83.8125;73.0857;7.028448267261411;4.310219849624061
83.6875;72.6857;7.028448267261411;4.310219849624061
83.6875;71.8857;7.028448267261411;4.310219849624061
83.6875;72.2;7.028448267261411;4.310219849624061
83.6875;73.9143;7.028448267261411;4.310219849624061
83.625;73.6857;7.028448267261411;4.310219849624061
83.25;74.6857;7.028448267261411;4.310219849624061
82.5;73.0286;7.028448267261411;4.310219849624061
81.75;72.0857;7.028448267261411;4.310219849624061
81.75;72.0;7.028448267261411;4.310219849624061
82.3125;71.7143;7.028448267261411;4.310219849624061
82.75;72.0286;7.028448267261411;4.310219849624061
82.75;71.3143;7.028448267261411;4.310219849624061
82.625;70.4286;7.028448267261411;4.310219849624061
82.25;69.7429;7.028448267261411;4.310219849624061
81.625;70.6571;7.028448267261411;4.310219849624061
80.8125;71.2286;7.028448267261411;4.310219849624061
79.8125;71.7143;7.028448267261411;4.310219849624061
78.8125;71.7714;7.028448267261411;4.310219849624061
78.25;72.1143;7.028448267261411;4.310219849624061
78.25;71.2571;7.028448267261411;4.310219849624061
78.6875;70.4571;7.028448267261411;4.310219849624061
79.125;69.6857;7.028448267261411;4.310219849624061
79.375;69.0571;7.028448267261411;4.310219849624061
79.3125;69.0286;7.028448267261411;4.310219849624061
78.9375;69.6;7.028448267261411;4.310219849624061
78.0625;69.4286;7.028448267261411;4.310219849624061
77.125;69.7714;7.028448267261411;4.310219849624061
76.6875;70.1714;7.028448267261411;4.310219849624061
76.625;68.5714;7.028448267261411;4.310219849624061
76.625;70.5429;7.028448267261411;4.310219849624061
76.6875;68.6286;7.028448267261411;4.310219849624061
76.6875;67.8571;7.028448267261411;4.310219849624061
76.75;67.0857;7.028448267261411;4.310219849624061
76.75;69.0857;7.028448267261411;4.310219849624061
76.75;68.7429;7.028448267261411;4.310219849624061
76.75;69.5143;7.028448267261411;4.310219849624061
76.8125;69.1714;7.028448267261411;4.310219849624061
77.0625;69.0857;7.028448267261411;4.310219849624061
77.25;67.8;7.028448267261411;4.310219849624061
77.1875;67.8286;7.028448267261411;4.310219849624061
77.0;66.8857;7.028448267261411;4.310219849624061
76.5;67.6;7.028448267261411;4.310219849624061
75.5625;67.6857;7.028448267261411;4.310219849624061
74.375;66.5429;7.028448267261411;4.310219849624061
73.375;67.3714;7.028448267261411;4.310219849624061
72.875;67.0;7.028448267261411;4.310219849624061
72.9375;66.5429;7.028448267261411;4.310219849624061
73.1875;65.8;7.028448267261411;4.310219849624061
73.5;65.4286;7.028448267261411;4.310219849624061
73.8125;65.2;7.028448267261411;4.310219849624061
74.125;65.8;7.028448267261411;4.310219849624061
74.0625;65.5714;7.028448267261411;4.310219849624061
73.625;66.7143;7.028448267261411;4.310219849624061
73.0;66.1714;7.028448267261411;4.310219849624061
72.4375;65.8857;7.028448267261411;4.310219849624061
72.3125;65.5714;7.028448267261411;4.310219849624061
72.5;64.3143;7.028448267261411;4.310219849624061
72.625;64.5714;7.028448267261411;4.310219849624061
72.625;64.9714;7.028448267261411;4.310219849624061
72.5;63.7143;7.028448267261411;4.310219849624061
72.1875;64.5143;7.028448267261411;4.310219849624061
71.6875;63.6;7.028448267261411;4.310219849624061
71.3125;63.9714;7.028448267261411;4.310219849624061
71.125;64.0;7.028448267261411;4.310219849624061
71.0625;64.0571;7.028448267261411;4.310219849624061
71.0625;63.1714;7.028448267261411;4.310219849624061
71.125;63.5714;7.028448267261411;4.310219849624061
71.125;62.9143;7.028448267261411;4.310219849624061
71.0625;63.3429;7.028448267261411;4.310219849624061
70.75;62.4857;7.028448267261411;4.310219849624061
70.125;62.1714;7.028448267261411;4.310219849624061
69.5;62.8;7.028448267261411;4.310219849624061
69.3125;62.4;7.028448267261411;4.310219849624061
69.6875;62.4286;7.028448267261411;4.310219849624061
70.3125;62.5429;7.028448267261411;4.310219849624061
70.5;62.1714;7.028448267261411;4.310219849624061
70.0;63.0571;7.028448267261411;4.310219849624061
69.1875;62.3143;7.028448267261411;4.310219849624061
68.5625;62.1714;7.028448267261411;4.310219849624061
68.3125;60.7714;7.028448267261411;4.310219849624061
68.1875;61.0571;7.028448267261411;4.310219849624061
68.1875;60.8;7.028448267261411;4.310219849624061
68.0625;60.7143;7.028448267261411;4.310219849624061
67.8125;60.3429;7.028448267261411;4.310219849624061
67.3125;60.0286;7.028448267261411;4.310219849624061
66.9375;59.8571;7.028448267261411;4.310219849624061
66.875;60.0;7.028448267261411;4.310219849624061
67.0;59.9143;7.028448267261411;4.310219849624061
67.0625;58.9714;7.028448267261411;4.310219849624061
66.875;59.2286;7.028448267261411;4.310219849624061
66.5;59.1714;7.028448267261411;4.310219849624061
66.0625;59.8571;7.028448267261411;4.310219849624061
65.625;59.7714;7.028448267261411;4.310219849624061
65.3125;58.8857;7.028448267261411;4.310219849624061
65.3125;58.5714;7.028448267261411;4.310219849624061
65.5625;58.1429;7.028448267261411;4.310219849624061
65.8125;59.2857;7.028448267261411;4.310219849624061
65.9375;59.6571;7.028448267261411;4.310219849624061
66.0;59.4571;7.028448267261411;4.310219849624061
66.0;59.3429;7.028448267261411;4.310219849624061
66.0625;58.9143;7.028448267261411;4.310219849624061
66.125;58.7714;7.028448267261411;4.310219849624061
65.9375;58.1143;7.028448267261411;4.310219849624061
65.6875;57.6;7.028448267261411;4.310219849624061
65.375;57.4857;7.028448267261411;4.310219849624061
64.875;57.2286;7.028448267261411;4.310219849624061
64.125;56.9143;7.028448267261411;4.310219849624061
63.1875;57.3429;7.028448267261411;4.310219849624061
62.1875;57.0286;7.028448267261411;4.310219849624061
61.5;56.2286;7.028448267261411;4.310219849624061
61.3125;56.7429;7.028448267261411;4.310219849624061
61.4375;56.5714;7.028448267261411;4.310219849624061
61.6875;56.2857;7.028448267261411;4.310219849624061
61.75;55.4571;7.028448267261411;4.310219849624061
61.75;56.0;7.028448267261411;4.310219849624061
61.6875;55.7143;7.028448267261411;4.310219849624061
61.375;55.3429;7.028448267261411;4.310219849624061
60.875;55.2857;7.028448267261411;4.310219849624061
60.5;54.7429;7.028448267261411;4.310219849624061
60.3125;55.5429;7.028448267261411;4.310219849624061
60.25;55.7714;7.028448267261411;4.310219849624061
60.0625;55.8857;7.028448267261411;4.310219849624061
59.875;55.8286;7.028448267261411;4.310219849624061
59.875;55.9143;7.028448267261411;4.310219849624061
60.125;56.0571;7.028448267261411;4.310219849624061
60.5;55.6;7.028448267261411;4.310219849624061
60.9375;55.1143;7.028448267261411;4.310219849624061
61.25;54.4286;7.028448267261411;4.310219849624061
61.375;54.2571;7.028448267261411;4.310219849624061
61.4375;54.0;7.028448267261411;4.310219849624061
61.375;53.7143;7.028448267261411;4.310219849624061
61.375;53.7143;7.028448267261411;4.310219849624061
61.4375;53.6857;7.028448267261411;4.310219849624061
61.25;54.3143;7.028448267261411;4.310219849624061
60.3125;54.0571;7.028448267261411;4.310219849624061
59.1875;53.9714;7.028448267261411;4.310219849624061
58.4375;53.7714;7.028448267261411;4.310219849624061
58.25;52.8571;7.028448267261411;4.310219849624061
58.375;53.4857;7.028448267261411;4.310219849624061
58.5625;53.2857;7.028448267261411;4.310219849624061
58.625;54.1714;7.028448267261411;4.310219849624061
58.375;53.6571;7.028448267261411;4.310219849624061
58.0625;52.8857;7.028448267261411;4.310219849624061
58.0;52.4571;7.028448267261411;4.310219849624061
58.1875;52.0857;7.028448267261411;4.310219849624061
58.375;52.3429;7.028448267261411;4.310219849624061
58.1875;52.6857;7.028448267261411;4.310219849624061
57.625;52.2571;7.028448267261411;4.310219849624061
56.875;52.4286;7.028448267261411;4.310219849624061
56.3125;52.7429;7.028448267261411;4.310219849624061
56.1875;51.9714;7.028448267261411;4.310219849624061
56.3125;52.4571;7.028448267261411;4.310219849624061
56.5625;51.5714;7.028448267261411;4.310219849624061
56.75;51.3429;7.028448267261411;4.310219849624061
56.6875;51.7143;7.028448267261411;4.310219849624061
56.625;51.7714;7.028448267261411;4.310219849624061
56.5;51.6;7.028448267261411;4.310219849624061
56.25;51.5714;7.028448267261411;4.310219849624061
56.0;50.9429;7.028448267261411;4.310219849624061
55.9375;50.8;7.028448267261411;4.310219849624061
55.9375;50.6571;7.028448267261411;4.310219849624061
56.0;50.6286;7.028448267261411;4.310219849624061
56.0;50.4571;7.028448267261411;4.310219849624061
56.0625;50.4;7.028448267261411;4.310219849624061
56.0;50.0286;7.028448267261411;4.310219849624061
55.8125;49.9429;7.028448267261411;4.310219849624061
55.4375;49.7143;7.028448267261411;4.310219849624061
55.0;50.1143;7.028448267261411;4.310219849624061
54.5625;49.2;7.028448267261411;4.310219849624061
54.3125;48.4857;7.028448267261411;4.310219849624061
54.1875;48.3429;7.028448267261411;4.310219849624061
54.0625;49.3143;7.028448267261411;4.310219849624061
53.8125;48.5429;7.028448267261411;4.310219849624061
53.4375;49.0286;7.028448267261411;4.310219849624061
53.1875;48.8857;7.028448267261411;4.310219849624061
53.1875;49.6857;7.028448267261411;4.310219849624061
53.1875;49.3714;7.028448267261411;4.310219849624061
53.125;49.4857;7.028448267261411;4.310219849624061
53.0;49.5714;7.028448267261411;4.310219849624061
52.9375;49.8286;7.028448267261411;4.310219849624061
53.0625;49.2857;7.028448267261411;4.310219849624061
53.3125;48.4571;7.028448267261411;4.310219849624061
53.5625;48.2857;7.028448267261411;4.310219849624061
53.6875;48.0857;7.028448267261411;4.310219849624061
53.5;48.2571;7.028448267261411;4.310219849624061
53.0;48.3714;7.028448267261411;4.310219849624061
52.5;48.4857;7.028448267261411;4.310219849624061
52.3125;48.2571;7.028448267261411;4.310219849624061
52.25;48.0286;7.028448267261411;4.310219849624061
52.25;47.7143;7.028448267261411;4.310219849624061
52.25;47.3714;7.028448267261411;4.310219849624061
52.25;46.7714;7.028448267261411;4.310219849624061
52.1875;46.7429;7.028448267261411;4.310219849624061
52.1875;47.1143;7.028448267261411;4.310219849624061
52.1875;46.5714;7.028448267261411;4.310219849624061
52.1875;47.6286;7.028448267261411;4.310219849624061
52.1875;47.3429;7.028448267261411;4.310219849624061
52.0625;46.2571;7.028448267261411;4.310219849624061
51.75;46.5143;7.028448267261411;4.310219849624061
51.5;46.7143;7.028448267261411;4.310219849624061
51.3125;46.9143;7.028448267261411;4.310219849624061
51.0;47.2286;7.028448267261411;4.310219849624061
50.8125;46.7429;7.028448267261411;4.310219849624061
50.75;46.8857;7.028448267261411;4.310219849624061
50.875;46.5429;7.028448267261411;4.310219849624061
51.0625;46.7143;7.028448267261411;4.310219849624061
51.0625;46.6857;7.028448267261411;4.310219849624061
50.9375;46.6;7.028448267261411;4.310219849624061
50.6875;46.4571;7.028448267261411;4.310219849624061
50.5625;45.8857;7.028448267261411;4.310219849624061
50.4375;45.2857;7.028448267261411;4.310219849624061
50.375;45.1429;7.028448267261411;4.310219849624061
50.1875;45.3143;7.028448267261411;4.310219849624061
49.8125;44.9143;7.028448267261411;4.310219849624061
49.375;45.0;7.028448267261411;4.310219849624061
49.0625;44.5429;7.028448267261411;4.310219849624061
49.0;44.7714;7.028448267261411;4.310219849624061
49.125;44.7714;7.028448267261411;4.310219849624061
49.1875;44.7429;7.028448267261411;4.310219849624061
49.0625;44.0857;7.028448267261411;4.310219849624061
48.9375;44.3429;7.028448267261411;4.310219849624061
48.9375;44.0571;7.028448267261411;4.310219849624061
49.0625;44.0857;7.028448267261411;4.310219849624061
49.1875;44.1429;7.028448267261411;4.310219849624061
49.25;43.6857;7.028448267261411;4.310219849624061
49.3125;43.8286;7.028448267261411;4.310219849624061
49.3125;43.9714;7.028448267261411;4.310219849624061
49.3125;43.7429;7.028448267261411;4.310219849624061
49.25;43.1714;7.028448267261411;4.310219849624061
48.9375;43.2286;7.028448267261411;4.310219849624061
48.375;43.1714;7.028448267261411;4.310219849624061
47.75;43.4571;7.028448267261411;4.310219849624061
47.25;43.4857;7.028448267261411;4.310219849624061
46.875;42.8286;7.028448267261411;4.310219849624061
46.6875;42.0;7.028448267261411;4.310219849624061
46.75;42.2571;7.028448267261411;4.310219849624061
46.9375;42.5714;7.028448267261411;4.310219849624061
46.9375;42.8571;7.028448267261411;4.310219849624061
46.625;42.5714;7.028448267261411;4.310219849624061
46.1875;42.7714;7.028448267261411;4.310219849624061
45.9375;42.4286;7.028448267261411;4.310219849624061
46.0;42.2;7.028448267261411;4.310219849624061
46.1875;42.5714;7.028448267261411;4.310219849624061
46.3125;42.1143;7.028448267261411;4.310219849624061
46.25;41.9714;7.028448267261411;4.310219849624061
46.125;42.1143;7.028448267261411;4.310219849624061
46.0;42.0;7.028448267261411;4.310219849624061
45.875;42.2286;7.028448267261411;4.310219849624061
45.6875;41.8571;7.028448267261411;4.310219849624061
45.5;41.8286;7.028448267261411;4.310219849624061
45.5625;41.8857;7.028448267261411;4.310219849624061
45.6875;41.7429;7.028448267261411;4.310219849624061
45.8125;41.5143;7.028448267261411;4.310219849624061
45.75;41.5714;7.028448267261411;4.310219849624061
45.6875;41.2857;7.028448267261411;4.310219849624061
45.625;41.3143;7.028448267261411;4.310219849624061
45.625;40.9429;7.028448267261411;4.310219849624061
45.5625;40.6571;7.028448267261411;4.310219849624061
45.5625;40.9714;7.028448267261411;4.310219849624061
45.5625;40.6;7.028448267261411;4.310219849624061
45.5625;40.6286;7.028448267261411;4.310219849624061
45.375;40.6286;7.028448267261411;4.310219849624061
44.8125;40.2;7.028448267261411;4.310219849624061
44.3125;39.9143;7.028448267261411;4.310219849624061
44.0;40.0857;7.028448267261411;4.310219849624061
43.625;39.8571;7.028448267261411;4.310219849624061
43.1875;39.9714;7.028448267261411;4.310219849624061
42.9375;39.8571;7.028448267261411;4.310219849624061
42.9375;39.9429;7.028448267261411;4.310219849624061
43.0;39.9143;7.028448267261411;4.310219849624061
42.9375;39.7429;7.028448267261411;4.310219849624061
42.6875;39.3429;7.028448267261411;4.310219849624061
42.5;38.9714;7.028448267261411;4.310219849624061
42.5625;38.9143;7.028448267261411;4.310219849624061
42.6875;38.6;7.028448267261411;4.310219849624061
42.625;39.0;7.028448267261411;4.310219849624061
42.1875;38.6286;7.028448267261411;4.310219849624061
41.75;38.4286;7.028448267261411;4.310219849624061
41.5;38.3714;7.028448267261411;4.310219849624061
41.4375;38.2571;7.028448267261411;4.310219849624061
41.4375;38.0571;7.028448267261411;4.310219849624061
41.4375;38.2857;7.028448267261411;4.310219849624061
41.375;38.1143;7.028448267261411;4.310219849624061
41.3125;38.6571;7.028448267261411;4.310219849624061
41.1875;38.4286;7.028448267261411;4.310219849624061
41.0;38.4571;7.028448267261411;4.310219849624061
40.75;38.6571;7.028448267261411;4.310219849624061
40.625;38.6571;7.028448267261411;4.310219849624061
40.625;38.7143;7.028448267261411;4.310219849624061
40.625;38.5143;7.028448267261411;4.310219849624061
40.625;38.3429;7.028448267261411;4.310219849624061
40.625;37.9714;7.028448267261411;4.310219849624061
40.625;37.5429;7.028448267261411;4.310219849624061
40.5625;37.6286;7.028448267261411;4.310219849624061
40.5;37.7143;7.028448267261411;4.310219849624061
40.375;37.5429;7.028448267261411;4.310219849624061
40.1875;37.2571;7.028448267261411;4.310219849624061
39.875;37.2286;7.028448267261411;4.310219849624061
39.6875;37.5143;7.028448267261411;4.310219849624061
39.5625;37.4857;7.028448267261411;4.310219849624061
39.5;37.1143;7.028448267261411;4.310219849624061
39.625;36.4571;7.028448267261411;4.310219849624061
39.8125;36.4571;7.028448267261411;4.310219849624061
39.875;36.2571;7.028448267261411;4.310219849624061
39.625;36.3143;7.028448267261411;4.310219849624061
39.125;36.2286;7.028448267261411;4.310219849624061
38.6875;36.0286;7.028448267261411;4.310219849624061
38.375;36.2286;7.028448267261411;4.310219849624061
38.25;35.9429;7.028448267261411;4.310219849624061
38.25;35.6286;7.028448267261411;4.310219849624061
38.4375;35.7714;7.028448267261411;4.310219849624061
38.6875;36.0286;7.028448267261411;4.310219849624061
38.75;36.1714;7.028448267261411;4.310219849624061
38.625;36.1429;7.028448267261411;4.310219849624061
38.3125;35.8286;7.028448267261411;4.310219849624061
38.1875;35.1429;7.028448267261411;4.310219849624061
38.25;35.2857;7.028448267261411;4.310219849624061
38.4375;35.1143;7.028448267261411;4.310219849624061
38.375;35.2;7.028448267261411;4.310219849624061
38.3125;35.1429;7.028448267261411;4.310219849624061
38.1875;34.9714;7.028448267261411;4.310219849624061
38.1875;34.8857;7.028448267261411;4.310219849624061
38.125;35.0286;7.028448267261411;4.310219849624061
38.125;34.4857;7.028448267261411;4.310219849624061
38.125;34.3714;7.028448267261411;4.310219849624061
37.9375;34.0286;7.028448267261411;4.310219849624061
37.6875;34.2286;7.028448267261411;4.310219849624061
37.4375;34.2;7.028448267261411;4.310219849624061
37.125;34.0;7.028448267261411;4.310219849624061
36.8125;33.9143;7.028448267261411;4.310219849624061
36.5625;33.9143;7.028448267261411;4.310219849624061
36.4375;33.4;7.028448267261411;4.310219849624061
36.4375;33.4;7.028448267261411;4.310219849624061
36.5625;33.3143;7.028448267261411;4.310219849624061
36.625;33.3143;7.028448267261411;4.310219849624061
36.4375;33.4;7.028448267261411;4.310219849624061
36.1875;33.2;7.028448267261411;4.310219849624061
35.9375;33.2571;7.028448267261411;4.310219849624061
35.8125;32.9143;7.028448267261411;4.310219849624061
35.875;33.1429;7.028448267261411;4.310219849624061
35.875;33.1429;7.028448267261411;4.310219849624061
35.8125;33.2;7.028448267261411;4.310219849624061
35.625;33.2571;7.028448267261411;4.310219849624061
35.5;33.2571;7.028448267261411;4.310219849624061
35.5;32.7714;7.028448267261411;4.310219849624061
35.6875;32.8857;7.028448267261411;4.310219849624061
35.9375;32.5714;7.028448267261411;4.310219849624061
36.0;32.7143;7.028448267261411;4.310219849624061
35.875;32.4571;7.028448267261411;4.310219849624061
35.625;32.1714;7.028448267261411;4.310219849624061
35.4375;32.3429;7.028448267261411;4.310219849624061
35.375;32.4857;7.028448267261411;4.310219849624061
35.375;32.4571;7.028448267261411;4.310219849624061
35.4375;32.4;7.028448267261411;4.310219849624061
35.4375;32.0;7.028448267261411;4.310219849624061
35.5;32.0;7.028448267261411;4.310219849624061
35.4375;31.9429;7.028448267261411;4.310219849624061
35.3125;31.9714;7.028448267261411;4.310219849624061
35.1875;31.6857;7.028448267261411;4.310219849624061
35.0625;31.4;7.028448267261411;4.310219849624061
34.875;31.0857;7.028448267261411;4.310219849624061
34.6875;30.9714;7.028448267261411;4.310219849624061
34.5;31.2857;7.028448267261411;4.310219849624061
34.25;30.8571;7.028448267261411;4.310219849624061
33.9375;30.5143;7.028448267261411;4.310219849624061
33.625;30.6;7.028448267261411;4.310219849624061
33.375;30.6286;7.028448267261411;4.310219849624061
33.1875;30.6571;7.028448267261411;4.310219849624061
32.9375;30.7429;7.028448267261411;4.310219849624061
32.8125;30.4;7.028448267261411;4.310219849624061
32.75;30.4857;7.028448267261411;4.310219849624061
32.875;30.4571;7.028448267261411;4.310219849624061
32.9375;30.4286;7.028448267261411;4.310219849624061
32.875;30.2286;7.028448267261411;4.310219849624061
32.75;30.0286;7.028448267261411;4.310219849624061
32.625;30.1143;7.028448267261411;4.310219849624061
32.5625;29.7429;7.028448267261411;4.310219849624061
32.5625;29.5429;7.028448267261411;4.310219849624061
32.5625;29.8857;7.028448267261411;4.310219849624061
32.5;29.6857;7.028448267261411;4.310219849624061
32.4375;29.7714;7.028448267261411;4.310219849624061
32.25;29.9143;7.028448267261411;4.310219849624061
32.0;29.4857;7.028448267261411;4.310219849624061
31.8125;29.5714;7.028448267261411;4.310219849624061
31.6875;29.2;7.028448267261411;4.310219849624061
31.625;29.2;7.028448267261411;4.310219849624061
31.625;28.8286;7.028448267261411;4.310219849624061
31.625;29.1429;7.028448267261411;4.310219849624061
31.625;29.2571;7.028448267261411;4.310219849624061
31.5625;29.2857;7.028448267261411;4.310219849624061
31.375;28.9714;7.028448267261411;4.310219849624061
31.1875;28.7143;7.028448267261411;4.310219849624061
31.1875;28.5429;7.028448267261411;4.310219849624061
31.25;28.4;7.028448267261411;4.310219849624061
31.3125;28.6857;7.028448267261411;4.310219849624061
31.3125;28.1429;7.028448267261411;4.310219849624061
31.1875;28.2286;7.028448267261411;4.310219849624061
30.9375;28.2571;7.028448267261411;4.310219849624061
30.6875;28.0286;7.028448267261411;4.310219849624061
30.5;28.1429;7.028448267261411;4.310219849624061
30.5;28.0571;7.028448267261411;4.310219849624061
30.5625;28.2857;7.028448267261411;4.310219849624061
30.5;28.3714;7.028448267261411;4.310219849624061
30.375;28.3429;7.028448267261411;4.310219849624061
30.3125;28.5143;7.028448267261411;4.310219849624061
30.375;28.4571;7.028448267261411;4.310219849624061
30.5625;28.4857;7.028448267261411;4.310219849624061
30.6875;28.2857;7.028448267261411;4.310219849624061
30.75;28.2857;7.028448267261411;4.310219849624061
30.75;27.8;7.028448267261411;4.310219849624061
30.625;27.8;7.028448267261411;4.310219849624061
30.4375;27.8;7.028448267261411;4.310219849624061
30.3125;27.8286;7.028448267261411;4.310219849624061
30.1875;27.6857;7.028448267261411;4.310219849624061
30.0625;27.4571;7.028448267261411;4.310219849624061
29.875;27.3429;7.028448267261411;4.310219849624061
29.8125;27.2571;7.028448267261411;4.310219849624061
29.75;27.3429;7.028448267261411;4.310219849624061
29.75;27.2;7.028448267261411;4.310219849624061
29.75;27.1714;7.028448267261411;4.310219849624061
29.8125;26.9143;7.028448267261411;4.310219849624061
29.75;26.8857;7.028448267261411;4.310219849624061
29.625;26.8286;7.028448267261411;4.310219849624061
29.4375;26.3143;7.028448267261411;4.310219849624061
29.1875;26.3143;7.028448267261411;4.310219849624061
28.9375;26.3429;7.028448267261411;4.310219849624061
28.5625;26.3143;7.028448267261411;4.310219849624061
28.25;26.1714;7.028448267261411;4.310219849624061
28.0625;26.1143;7.028448267261411;4.310219849624061
28.0625;25.8857;7.028448267261411;4.310219849624061
28.1875;25.6857;7.028448267261411;4.310219849624061
28.1875;25.8571;7.028448267261411;4.310219849624061
28.0625;25.7714;7.028448267261411;4.310219849624061
27.9375;26.0;7.028448267261411;4.310219849624061
27.75;26.0286;7.028448267261411;4.310219849624061
27.625;26.1714;7.028448267261411;4.310219849624061
27.625;26.0;7.028448267261411;4.310219849624061
27.75;25.9714;7.028448267261411;4.310219849624061
27.9375;25.8;7.028448267261411;4.310219849624061
28.125;25.9143;7.028448267261411;4.310219849624061
28.1875;25.7429;7.028448267261411;4.310219849624061
28.125;25.4857;7.028448267261411;4.310219849624061
28.0;25.3429;7.028448267261411;4.310219849624061
27.8125;25.1429;7.028448267261411;4.310219849624061
27.625;25.1714;7.028448267261411;4.310219849624061
27.4375;24.9714;7.028448267261411;4.310219849624061
27.3125;24.8286;7.028448267261411;4.310219849624061
27.3125;24.7429;7.028448267261411;4.310219849624061
27.3125;24.7714;7.028448267261411;4.310219849624061
27.3125;24.6857;7.028448267261411;4.310219849624061
27.3125;24.5714;7.028448267261411;4.310219849624061
27.375;24.3429;7.028448267261411;4.310219849624061
27.3125;24.2857;7.028448267261411;4.310219849624061
27.1875;24.3143;7.028448267261411;4.310219849624061
26.875;23.8857;7.028448267261411;4.310219849624061
26.5;23.8286;7.028448267261411;4.310219849624061
26.25;23.8857;7.028448267261411;4.310219849624061
26.0;23.7714;7.028448267261411;4.310219849624061
25.8125;23.7429;7.028448267261411;4.310219849624061
25.75;23.5429;7.028448267261411;4.310219849624061
25.6875;23.5429;7.028448267261411;4.310219849624061
25.5625;23.4857;7.028448267261411;4.310219849624061
25.5;23.4;7.028448267261411;4.310219849624061
25.375;23.4857;7.028448267261411;4.310219849624061
25.3125;23.8;7.028448267261411;4.310219849624061
25.1875;23.8;7.028448267261411;4.310219849624061
25.125;23.7714;7.028448267261411;4.310219849624061
25.25;23.6286;7.028448267261411;4.310219849624061
25.4375;23.7143;7.028448267261411;4.310219849624061
25.625;23.4857;7.028448267261411;4.310219849624061
25.6875;23.4286;7.028448267261411;4.310219849624061
25.5625;23.3143;7.028448267261411;4.310219849624061
25.4375;23.2;7.028448267261411;4.310219849624061
25.3125;22.8571;7.028448267261411;4.310219849624061
25.125;22.9143;7.028448267261411;4.310219849624061
25.0;22.7143;7.028448267261411;4.310219849624061
24.875;22.5143;7.028448267261411;4.310219849624061
24.75;22.6286;7.028448267261411;4.310219849624061
24.6875;22.6571;7.028448267261411;4.310219849624061
24.5625;22.2286;7.028448267261411;4.310219849624061
24.5;22.4;7.028448267261411;4.310219849624061
24.4375;22.5714;7.028448267261411;4.310219849624061
24.4375;22.5714;7.028448267261411;4.310219849624061
24.4375;22.7429;7.028448267261411;4.310219849624061
24.4375;22.6286;7.028448267261411;4.310219849624061
24.375;22.4;7.028448267261411;4.310219849624061
24.25;22.3714;7.028448267261411;4.310219849624061
24.1875;22.1714;7.028448267261411;4.310219849624061
24.125;22.0286;7.028448267261411;4.310219849624061
24.125;21.9143;7.028448267261411;4.310219849624061
24.0;21.9429;7.028448267261411;4.310219849624061
23.8125;21.8571;7.028448267261411;4.310219849624061
23.625;21.8857;7.028448267261411;4.310219849624061
23.4375;21.9143;7.028448267261411;4.310219849624061
23.3125;21.6571;7.028448267261411;4.310219849624061
23.25;21.6;7.028448267261411;4.310219849624061
23.25;21.3714;7.028448267261411;4.310219849624061
23.25;21.4286;7.028448267261411;4.310219849624061
23.1875;21.2;7.028448267261411;4.310219849624061
23.0625;21.0857;7.028448267261411;4.310219849624061
22.9375;21.2286;7.028448267261411;4.310219849624061
22.75;21.1143;7.028448267261411;4.310219849624061
22.625;21.0286;7.028448267261411;4.310219849624061
22.5625;20.8571;7.028448267261411;4.310219849624061
22.5625;20.8857;7.028448267261411;4.310219849624061
22.5;20.6571;7.028448267261411;4.310219849624061
22.4375;20.4286;7.028448267261411;4.310219849624061
22.375;20.6;7.028448267261411;4.310219849624061
22.3125;20.4;7.028448267261411;4.310219849624061
22.1875;20.1714;7.028448267261411;4.310219849624061
22.0625;20.4286;7.028448267261411;4.310219849624061
22.0;20.0571;7.028448267261411;4.310219849624061
21.9375;20.2571;7.028448267261411;4.310219849624061
21.9375;20.1714;7.028448267261411;4.310219849624061
21.9375;19.9429;7.028448267261411;4.310219849624061
21.9375;19.9429;7.028448267261411;4.310219849624061
21.9375;19.8857;7.028448267261411;4.310219849624061
21.875;19.8;7.028448267261411;4.310219849624061
21.6875;19.7429;7.028448267261411;4.310219849624061
21.4375;19.7714;7.028448267261411;4.310219849624061
21.1875;19.7143;7.028448267261411;4.310219849624061
21.125;19.6571;7.028448267261411;4.310219849624061
21.0625;19.6;7.028448267261411;4.310219849624061
21.0625;19.5143;7.028448267261411;4.310219849624061
21.0;19.6571;7.028448267261411;4.310219849624061
20.9375;19.3429;7.028448267261411;4.310219849624061
20.9375;19.3143;7.028448267261411;4.310219849624061
20.875;19.4286;7.028448267261411;4.310219849624061
20.875;19.1714;7.028448267261411;4.310219849624061
20.8125;19.4;7.028448267261411;4.310219849624061
20.8125;19.2857;7.028448267261411;4.310219849624061
20.75;19.0571;7.028448267261411;4.310219849624061
20.6875;19.2571;7.028448267261411;4.310219849624061
20.625;18.9714;7.028448267261411;4.310219849624061
20.625;18.8571;7.028448267261411;4.310219849624061
20.5625;18.9429;7.028448267261411;4.310219849624061
20.5;18.7429;7.028448267261411;4.310219849624061
20.4375;18.8;7.028448267261411;4.310219849624061
20.3125;18.8;7.028448267261411;4.310219849624061
20.1875;18.6571;7.028448267261411;4.310219849624061
20.125;18.9714;7.028448267261411;4.310219849624061
20.0625;18.5429;7.028448267261411;4.310219849624061
20.0625;18.6857;7.028448267261411;4.310219849624061
20.0;18.6857;7.028448267261411;4.310219849624061
20.0;18.5429;7.028448267261411;4.310219849624061
20.0;18.6286;7.028448267261411;4.310219849624061
20.0;18.2286;7.028448267261411;4.310219849624061
20.0;18.2286;7.028448267261411;4.310219849624061
20.0625;18.0857;7.028448267261411;4.310219849624061
20.0625;18.0286;7.028448267261411;4.310219849624061
19.9375;18.2;7.028448267261411;4.310219849624061
19.75;17.9429;7.028448267261411;4.310219849624061
19.5625;18.0286;7.028448267261411;4.310219849624061
19.4375;17.9143;7.028448267261411;4.310219849624061
19.375;17.8571;7.028448267261411;4.310219849624061
19.375;17.9143;7.028448267261411;4.310219849624061
19.375;17.8857;7.028448267261411;4.310219849624061
19.3125;17.9429;7.028448267261411;4.310219849624061
19.1875;17.7714;7.028448267261411;4.310219849624061
19.125;17.7429;7.028448267261411;4.310219849624061
19.125;17.6286;7.028448267261411;4.310219849624061
19.125;17.4857;7.028448267261411;4.310219849624061
19.1875;17.4286;7.028448267261411;4.310219849624061
19.125;17.2286;7.028448267261411;4.310219849624061
18.9375;17.2286;7.028448267261411;4.310219849624061
18.6875;17.2286;7.028448267261411;4.310219849624061
18.4375;17.1429;7.028448267261411;4.310219849624061
18.25;17.1714;7.028448267261411;4.310219849624061
18.125;16.9714;7.028448267261411;4.310219849624061
18.0625;17.0;7.028448267261411;4.310219849624061
18.125;16.9143;7.028448267261411;4.310219849624061
18.1875;16.7714;7.028448267261411;4.310219849624061
18.25;16.7429;7.028448267261411;4.310219849624061
18.1875;16.7429;7.028448267261411;4.310219849624061
18.125;16.6286;7.028448267261411;4.310219849624061
18.0;16.6286;7.028448267261411;4.310219849624061
18.0;16.4857;7.028448267261411;4.310219849624061
17.9375;16.5714;7.028448267261411;4.310219849624061
17.9375;16.3143;7.028448267261411;4.310219849624061
17.9375;16.2857;7.028448267261411;4.310219849624061
17.9375;16.1429;7.028448267261411;4.310219849624061
17.875;16.2286;7.028448267261411;4.310219849624061
17.6875;16.1429;7.028448267261411;4.310219849624061
17.5;16.0286;7.028448267261411;4.310219849624061
17.3125;15.9429;7.028448267261411;4.310219849624061
17.1875;15.8286;7.028448267261411;4.310219849624061
17.125;15.8;7.028448267261411;4.310219849624061
17.0625;15.6857;7.028448267261411;4.310219849624061
16.9375;15.8;7.028448267261411;4.310219849624061
16.875;15.6857;7.028448267261411;4.310219849624061
16.75;15.6286;7.028448267261411;4.310219849624061
16.75;15.5429;7.028448267261411;4.310219849624061
16.75;15.5143;7.028448267261411;4.310219849624061
16.75;15.4571;7.028448267261411;4.310219849624061
16.6875;15.3429;7.028448267261411;4.310219849624061
16.625;15.2857;7.028448267261411;4.310219849624061
16.5625;15.1714;7.028448267261411;4.310219849624061
16.5;15.1429;7.028448267261411;4.310219849624061
16.375;15.1143;7.028448267261411;4.310219849624061
16.25;15.1143;7.028448267261411;4.310219849624061
16.125;15.0;7.028448267261411;4.310219849624061
16.0625;14.9714;7.028448267261411;4.310219849624061
16.0625;14.9714;7.028448267261411;4.310219849624061
16.0625;14.8857;7.028448267261411;4.310219849624061
16.0625;14.7714;7.028448267261411;4.310219849624061
16.0;14.8286;7.028448267261411;4.310219849624061
15.9375;14.8;7.028448267261411;4.310219849624061
15.875;14.7714;7.028448267261411;4.310219849624061
15.8125;14.7143;7.028448267261411;4.310219849624061
15.8125;14.6;7.028448267261411;4.310219849624061
15.8125;14.4857;7.028448267261411;4.310219849624061
15.8125;14.4857;7.028448267261411;4.310219849624061
15.8125;14.4286;7.028448267261411;4.310219849624061
15.75;14.4286;7.028448267261411;4.310219849624061
15.625;14.2286;7.028448267261411;4.310219849624061
15.4375;14.2286;7.028448267261411;4.310219849624061
15.375;14.1714;7.028448267261411;4.310219849624061
15.375;14.1143;7.028448267261411;4.310219849624061
15.3125;14.0286;7.028448267261411;4.310219849624061
15.25;13.9714;7.028448267261411;4.310219849624061
15.1875;13.9143;7.028448267261411;4.310219849624061
15.125;13.9429;7.028448267261411;4.310219849624061
15.125;13.8571;7.028448267261411;4.310219849624061
15.0625;13.8286;7.028448267261411;4.310219849624061
15.0625;13.8;7.028448267261411;4.310219849624061
15.0;13.6286;7.028448267261411;4.310219849624061
15.0;13.6571;7.028448267261411;4.310219849624061
15.0;13.6;7.028448267261411;4.310219849624061
15.0;13.5143;7.028448267261411;4.310219849624061
14.9375;13.5143;7.028448267261411;4.310219849624061
14.8125;13.4571;7.028448267261411;4.310219849624061
14.6875;13.2571;7.028448267261411;4.310219849624061
14.625;13.3714;7.028448267261411;4.310219849624061
14.5625;13.2857;7.028448267261411;4.310219849624061
14.5;13.2571;7.028448267261411;4.310219849624061
14.5;13.2286;7.028448267261411;4.310219849624061
14.4375;13.2571;7.028448267261411;4.310219849624061
14.375;13.1714;7.028448267261411;4.310219849624061
14.3125;13.0571;7.028448267261411;4.310219849624061
14.25;13.0;7.028448267261411;4.310219849624061
14.25;12.9143;7.028448267261411;4.310219849624061
14.25;12.8571;7.028448267261411;4.310219849624061
14.25;12.7714;7.028448267261411;4.310219849624061
14.25;12.7429;7.028448267261411;4.310219849624061
14.1875;12.6571;7.028448267261411;4.310219849624061
14.125;12.5714;7.028448267261411;4.310219849624061
13.9375;12.6;7.028448267261411;4.310219849624061
13.75;12.3143;7.028448267261411;4.310219849624061
13.6875;12.4286;7.028448267261411;4.310219849624061
13.625;12.4;7.028448267261411;4.310219849624061
13.5625;12.3143;7.028448267261411;4.310219849624061
13.4375;12.2571;7.028448267261411;4.310219849624061
13.3125;12.2;7.028448267261411;4.310219849624061
13.25;12.2286;7.028448267261411;4.310219849624061
13.25;12.1143;7.028448267261411;4.310219849624061
13.25;12.0286;7.028448267261411;4.310219849624061
13.3125;11.9714;7.028448267261411;4.310219849624061
13.3125;11.9429;7.028448267261411;4.310219849624061
13.3125;11.8857;7.028448267261411;4.310219849624061
13.25;11.8286;7.028448267261411;4.310219849624061
13.0625;11.8;7.028448267261411;4.310219849624061
12.875;11.7714;7.028448267261411;4.310219849624061
12.8125;11.7429;7.028448267261411;4.310219849624061
12.75;11.6857;7.028448267261411;4.310219849624061
12.6875;11.5714;7.028448267261411;4.310219849624061
12.6875;11.5429;7.028448267261411;4.310219849624061
12.6875;11.4571;7.028448267261411;4.310219849624061
12.6875;11.4286;7.028448267261411;4.310219849624061
12.6875;11.4;7.028448267261411;4.310219849624061
12.625;11.3714;7.028448267261411;4.310219849624061
12.5625;11.3714;7.028448267261411;4.310219849624061
12.5;11.3143;7.028448267261411;4.310219849624061
12.5;11.2857;7.028448267261411;4.310219849624061
12.4375;11.2;7.028448267261411;4.310219849624061
12.4375;11.1714;7.028448267261411;4.310219849624061
12.4375;11.1143;7.028448267261411;4.310219849624061
12.4375;11.1429;7.028448267261411;4.310219849624061
12.3125;11.0286;7.028448267261411;4.310219849624061
12.1875;11.0;7.028448267261411;4.310219849624061
12.0;11.0;7.028448267261411;4.310219849624061
11.875;10.9429;7.028448267261411;4.310219849624061
11.875;10.8857;7.028448267261411;4.310219849624061
11.875;10.8;7.028448267261411;4.310219849624061
11.875;10.8;7.028448267261411;4.310219849624061
11.875;10.7429;7.028448267261411;4.310219849624061
11.875;10.6571;7.028448267261411;4.310219849624061
11.875;10.6571;7.028448267261411;4.310219849624061
11.8125;10.6;7.028448267261411;4.310219849624061
11.75;10.6;7.028448267261411;4.310219849624061
11.75;10.4857;7.028448267261411;4.310219849624061
11.75;10.4571;7.028448267261411;4.310219849624061
11.6875;10.4571;7.028448267261411;4.310219849624061
11.625;10.3714;7.028448267261411;4.310219849624061
11.5;10.3429;7.028448267261411;4.310219849624061
11.4375;10.2571;7.028448267261411;4.310219849624061
11.4375;10.2;7.028448267261411;4.310219849624061
11.5;10.0857;7.028448267261411;4.310219849624061
11.4375;10.0857;7.028448267261411;4.310219849624061
11.3125;10.0286;7.028448267261411;4.310219849624061
11.125;10.0;7.028448267261411;4.310219849624061
11.0625;9.9429;7.028448267261411;4.310219849624061
11.0;9.8571;7.028448267261411;4.310219849624061
11.0;9.8857;7.028448267261411;4.310219849624061
11.0625;9.8571;7.028448267261411;4.310219849624061
11.0625;9.8286;7.028448267261411;4.310219849624061
11.0625;9.8;7.028448267261411;4.310219849624061
11.125;9.6857;7.028448267261411;4.310219849624061
11.125;9.6857;7.028448267261411;4.310219849624061
11.0625;9.6;7.028448267261411;4.310219849624061
11.0;9.5429;7.028448267261411;4.310219849624061
10.875;9.6286;7.028448267261411;4.310219849624061
10.6875;9.5143;7.028448267261411;4.310219849624061
10.625;9.4857;7.028448267261411;4.310219849624061
10.625;9.4;7.028448267261411;4.310219849624061
10.6875;9.3143;7.028448267261411;4.310219849624061
10.6875;9.2857;7.028448267261411;4.310219849624061
10.5625;9.1714;7.028448267261411;4.310219849624061
10.3125;9.2;7.028448267261411;4.310219849624061
10.1875;9.1143;7.028448267261411;4.310219849624061
10.1875;9.0857;7.028448267261411;4.310219849624061
10.25;9.0571;7.028448267261411;4.310219849624061
10.3125;9.0;7.028448267261411;4.310219849624061
10.3125;9.0;7.028448267261411;4.310219849624061
10.3125;8.9429;7.028448267261411;4.310219849624061
10.25;8.9429;7.028448267261411;4.310219849624061
10.25;8.8857;7.028448267261411;4.310219849624061
10.125;8.8286;7.028448267261411;4.310219849624061
10.125;8.7429;7.028448267261411;4.310219849624061
10.125;8.7143;7.028448267261411;4.310219849624061
10.125;8.7143;7.028448267261411;4.310219849624061
10.0625;8.6;7.028448267261411;4.310219849624061
10.0625;8.6286;7.028448267261411;4.310219849624061
10.125;8.5714;7.028448267261411;4.310219849624061
10.125;8.4571;7.028448267261411;4.310219849624061
10.0;8.4857;7.028448267261411;4.310219849624061
9.875;8.4286;7.028448267261411;4.310219849624061
9.75;8.4;7.028448267261411;4.310219849624061
9.6875;8.3714;7.028448267261411;4.310219849624061
9.6875;8.3143;7.028448267261411;4.310219849624061
9.6875;8.2286;7.028448267261411;4.310219849624061
9.75;8.1714;7.028448267261411;4.310219849624061
9.75;8.1429;7.028448267261411;4.310219849624061
9.6875;8.0571;7.028448267261411;4.310219849624061
9.5;8.0286;7.028448267261411;4.310219849624061
9.4375;8.0286;7.028448267261411;4.310219849624061
9.5625;7.9429;7.028448267261411;4.310219849624061
9.5625;7.9143;7.028448267261411;4.310219849624061
9.4375;7.8571;7.028448267261411;4.310219849624061
9.3125;7.8286;7.028448267261411;4.310219849624061
9.1875;7.8;7.028448267261411;4.310219849624061
9.125;7.7714;7.028448267261411;4.310219849624061
9.125;7.6857;7.028448267261411;4.310219849624061
9.125;7.6286;7.028448267261411;4.310219849624061
9.125;7.6;7.028448267261411;4.310219849624061
9.0625;7.5714;7.028448267261411;4.310219849624061
9.0625;7.4857;7.028448267261411;4.310219849624061
9.0;7.4286;7.028448267261411;4.310219849624061
8.9375;7.4571;7.028448267261411;4.310219849624061
8.875;7.3429;7.028448267261411;4.310219849624061
8.6875;7.3714;7.028448267261411;4.310219849624061
8.4375;7.2857;7.028448267261411;4.310219849624061
8.4375;7.3143;7.028448267261411;4.310219849624061
8.5;7.2857;7.028448267261411;4.310219849624061
8.5625;7.2;7.028448267261411;4.310219849624061
8.5625;7.1714;7.028448267261411;4.310219849624061
8.5;7.1143;7.028448267261411;4.310219849624061
8.3125;7.0571;7.028448267261411;4.310219849624061
8.125;7.0571;7.028448267261411;4.310219849624061
8.0;7.0857;7.028448267261411;4.310219849624061
7.9375;6.9143;7.028448267261411;4.310219849624061
7.9375;6.9429;7.028448267261411;4.310219849624061
7.9375;6.8857;7.028448267261411;4.310219849624061
8.0625;6.8;7.028448267261411;4.310219849624061
8.125;6.8;7.028448267261411;4.310219849624061
8.0625;6.7714;7.028448267261411;4.310219849624061
7.9375;6.7429;7.028448267261411;4.310219849624061
7.875;6.7143;7.028448267261411;4.310219849624061
7.875;6.6571;7.028448267261411;4.310219849624061
7.875;6.6286;7.028448267261411;4.310219849624061
7.9375;6.6;7.028448267261411;4.310219849624061
7.9375;6.5429;7.028448267261411;4.310219849624061
7.875;6.5429;7.028448267261411;4.310219849624061
7.75;6.4571;7.028448267261411;4.310219849624061
7.75;6.4571;7.028448267261411;4.310219849624061
7.75;6.4;7.028448267261411;4.310219849624061
7.5;6.3429;7.028448267261411;4.310219849624061
7.1875;6.3143;7.028448267261411;4.310219849624061
6.875;6.2286;7.028448267261411;4.310219849624061
6.875;6.2286;7.028448267261411;4.310219849624061
7.125;6.1714;7.028448267261411;4.310219849624061
7.3125;6.1429;7.028448267261411;4.310219849624061
7.1875;6.0857;7.028448267261411;4.310219849624061
7.0625;6.0857;7.028448267261411;4.310219849624061
7.0;6.0286;7.028448267261411;4.310219849624061
6.9375;6.0;7.028448267261411;4.310219849624061
6.6875;5.9429;7.028448267261411;4.310219849624061
6.5;5.9429;7.028448267261411;4.310219849624061
6.625;5.8571;7.028448267261411;4.310219849624061
6.875;5.8286;7.028448267261411;4.310219849624061
7.0625;5.7714;7.028448267261411;4.310219849624061
7.125;5.8;7.028448267261411;4.310219849624061
7.125;5.6286;7.028448267261411;4.310219849624061
7.125;5.6571;7.028448267261411;4.310219849624061
7.125;5.6286;7.028448267261411;4.310219849624061
7.0;5.6286;7.028448267261411;4.310219849624061
6.8125;5.5429;7.028448267261411;4.310219849624061
6.5;5.5714;7.028448267261411;4.310219849624061
6.1875;5.5429;7.028448267261411;4.310219849624061
6.0;5.4571;7.028448267261411;4.310219849624061
5.9375;5.4571;7.028448267261411;4.310219849624061
5.875;5.4;7.028448267261411;4.310219849624061
5.75;5.3714;7.028448267261411;4.310219849624061
5.75;5.2857;7.028448267261411;4.310219849624061
5.75;5.2857;7.028448267261411;4.310219849624061
5.6875;5.2571;7.028448267261411;4.310219849624061
5.6875;5.2571;7.028448267261411;4.310219849624061
5.75;5.2571;7.028448267261411;4.310219849624061
5.8125;5.1429;7.028448267261411;4.310219849624061
5.8125;5.1429;7.028448267261411;4.310219849624061
5.8125;5.1143;7.028448267261411;4.310219849624061
5.75;5.0571;7.028448267261411;4.310219849624061
5.75;5.0286;7.028448267261411;4.310219849624061
5.6875;4.9714;7.028448267261411;4.310219849624061
5.4375;4.9143;7.028448267261411;4.310219849624061
5.0625;4.8857;7.028448267261411;4.310219849624061
4.8125;4.8571;7.028448267261411;4.310219849624061
4.8125;4.8286;7.028448267261411;4.310219849624061
4.75;4.7143;7.028448267261411;4.310219849624061
4.625;4.7143;7.028448267261411;4.310219849624061
4.5625;4.7143;7.028448267261411;4.310219849624061
4.625;4.6857;7.028448267261411;4.310219849624061
4.75;4.6;7.028448267261411;4.310219849624061
4.8125;4.6571;7.028448267261411;4.310219849624061
4.875;4.5714;7.028448267261411;4.310219849624061
4.875;4.5143;7.028448267261411;4.310219849624061
4.875;4.5143;7.028448267261411;4.310219849624061
4.875;4.5143;7.028448267261411;4.310219849624061
4.9375;4.4857;7.028448267261411;4.310219849624061
4.875;4.4286;7.028448267261411;4.310219849624061
4.75;4.3714;7.028448267261411;4.310219849624061
4.6875;4.3714;7.028448267261411;4.310219849624061
4.5625;4.4;7.028448267261411;4.310219849624061
4.375;4.2857;7.028448267261411;4.310219849624061
4.3125;4.2857;7.028448267261411;4.310219849624061
4.25;4.2286;7.028448267261411;4.310219849624061
4.1875;4.1429;7.028448267261411;4.310219849624061
4.3125;4.1429;7.028448267261411;4.310219849624061
4.5;4.0857;7.028448267261411;4.310219849624061
4.6875;4.0;7.028448267261411;4.310219849624061
4.75;4.0571;7.028448267261411;4.310219849624061
4.4375;4.0286;7.028448267261411;4.310219849624061
4.0625;3.9429;7.028448267261411;4.310219849624061
3.8125;3.9429;7.028448267261411;4.310219849624061
3.6875;3.8857;7.028448267261411;4.310219849624061
3.5625;3.8571;7.028448267261411;4.310219849624061
3.5;3.8571;7.028448267261411;4.310219849624061
3.5625;3.8;7.028448267261411;4.310219849624061
3.6875;3.8;7.028448267261411;4.310219849624061
3.875;3.7143;7.028448267261411;4.310219849624061
4.0625;3.6571;7.028448267261411;4.310219849624061
4.125;3.7143;7.028448267261411;4.310219849624061
4.0;3.6857;7.028448267261411;4.310219849624061
3.9375;3.6571;7.028448267261411;4.310219849624061
4.0625;3.5429;7.028448267261411;4.310219849624061
4.1875;3.5429;7.028448267261411;4.310219849624061
4.25;3.5714;7.028448267261411;4.310219849624061
4.3125;3.5143;7.028448267261411;4.310219849624061
4.3125;3.4571;7.028448267261411;4.310219849624061
4.25;3.4;7.028448267261411;4.310219849624061
4.0625;3.4286;7.028448267261411;4.310219849624061
3.8125;3.3714;7.028448267261411;4.310219849624061
3.8125;3.3429;7.028448267261411;4.310219849624061
3.8125;3.3143;7.028448267261411;4.310219849624061
3.5625;3.2857;7.028448267261411;4.310219849624061
3.375;3.2857;7.028448267261411;4.310219849624061
3.3125;3.2;7.028448267261411;4.310219849624061
3.0625;3.1714;7.028448267261411;4.310219849624061
2.9375;3.1714;7.028448267261411;4.310219849624061
3.0;3.0857;7.028448267261411;4.310219849624061
3.0;3.0857;7.028448267261411;4.310219849624061
3.125;3.0571;7.028448267261411;4.310219849624061
3.4375;3.0;7.028448267261411;4.310219849624061
3.625;2.9143;7.028448267261411;4.310219849624061
3.375;2.9714;7.028448267261411;4.310219849624061
3.0;2.9429;7.028448267261411;4.310219849624061
3.0;2.8857;7.028448267261411;4.310219849624061
3.25;2.8857;7.028448267261411;4.310219849624061
3.5;2.8571;7.028448267261411;4.310219849624061
3.5625;2.8286;7.028448267261411;4.310219849624061
3.4375;2.7714;7.028448267261411;4.310219849624061
3.0625;2.7429;7.028448267261411;4.310219849624061
2.375;2.7143;7.028448267261411;4.310219849624061
1.875;2.7143;7.028448267261411;4.310219849624061
1.6875;2.6571;7.028448267261411;4.310219849624061
1.6875;2.6286;7.028448267261411;4.310219849624061
1.8125;2.6;7.028448267261411;4.310219849624061
1.875;2.6;7.028448267261411;4.310219849624061
1.9375;2.5714;7.028448267261411;4.310219849624061
2.0;2.5143;7.028448267261411;4.310219849624061
2.0625;2.4857;7.028448267261411;4.310219849624061
2.125;2.4;7.028448267261411;4.310219849624061
1.875;2.4;7.028448267261411;4.310219849624061
1.5;2.4;7.028448267261411;4.310219849624061
1.4375;2.3429;7.028448267261411;4.310219849624061
1.5625;2.3429;7.028448267261411;4.310219849624061
1.875;2.3429;7.028448267261411;4.310219849624061
2.0625;2.2857;7.028448267261411;4.310219849624061
1.8125;2.2286;7.028448267261411;4.310219849624061
1.625;2.3143;7.028448267261411;4.310219849624061
1.875;2.2571;7.028448267261411;4.310219849624061
2.0625;2.2286;7.028448267261411;4.310219849624061
1.9375;2.1429;7.028448267261411;4.310219849624061
1.75;2.1143;7.028448267261411;4.310219849624061
1.625;2.0857;7.028448267261411;4.310219849624061
1.125;2.0857;7.028448267261411;4.310219849624061
0.5625;1.9714;7.028448267261411;4.310219849624061
0.25;2.0;7.028448267261411;4.310219849624061
0.25;2.0;7.028448267261411;4.310219849624061
0.8125;2.0;7.028448267261411;4.310219849624061
1.6875;1.9714;7.028448267261411;4.310219849624061
1.9375;1.9714;7.028448267261411;4.310219849624061
1.6875;1.9143;7.028448267261411;4.310219849624061
1.4375;1.8286;7.028448267261411;4.310219849624061
1.0625;1.8571;7.028448267261411;4.310219849624061
0.5625;1.9143;7.028448267261411;4.310219849624061
0.375;1.8;7.028448267261411;4.310219849624061
0.75;1.7714;7.028448267261411;4.310219849624061
1.375;1.7429;7.028448267261411;4.310219849624061
1.8125;1.7429;7.028448267261411;4.310219849624061
2.0;1.7143;7.028448267261411;4.310219849624061
2.0625;1.6286;7.028448267261411;4.310219849624061
1.875;1.6857;7.028448267261411;4.310219849624061
1.25;1.6286;7.028448267261411;4.310219849624061
0.5625;1.6571;7.028448267261411;4.310219849624061
0.1875;1.5714;7.028448267261411;4.310219849624061
0.0;1.6286;7.028448267261411;4.310219849624061
0.0;1.5429;7.028448267261411;4.310219849624061
0.0;1.5143;7.028448267261411;4.310219849624061
0.0;1.5143;7.028448267261411;4.310219849624061
0.0;1.4286;7.028448267261411;4.310219849624061
0.375;1.4;7.028448267261411;4.310219849624061
0.8125;1.3714;7.028448267261411;4.310219849624061
0.875;1.3429;7.028448267261411;4.310219849624061
0.6875;1.3429;7.028448267261411;4.310219849624061
0.5;1.3429;7.028448267261411;4.310219849624061
0.375;1.2857;7.028448267261411;4.310219849624061
0.125;1.2286;7.028448267261411;4.310219849624061
0.0;1.2857;7.028448267261411;4.310219849624061
0.0625;1.2;7.028448267261411;4.310219849624061
0.0625;1.2571;7.028448267261411;4.310219849624061
0.0;1.2;7.028448267261411;4.310219849624061
0.0;1.1429;7.028448267261411;4.310219849624061
0.0;1.1429;7.028448267261411;4.310219849624061
0.0;1.1143;7.028448267261411;4.310219849624061
0.0625;1.0857;7.028448267261411;4.310219849624061
0.0625;1.1143;7.028448267261411;4.310219849624061
0.0625;1.0571;7.028448267261411;4.310219849624061
-0.125;1.0571;7.028448267261411;4.310219849624061
-0.75;1.0286;7.028448267261411;4.310219849624061
-1.4375;0.9714;7.028448267261411;4.310219849624061
-1.875;1.0;7.028448267261411;4.310219849624061
-2.0625;0.9143;7.028448267261411;4.310219849624061
-2.0625;0.9143;7.028448267261411;4.310219849624061
-1.875;0.8857;7.028448267261411;4.310219849624061
-1.5625;0.9714;7.028448267261411;4.310219849624061
-1.75;0.9143;7.028448267261411;4.310219849624061
-2.375;0.8286;7.028448267261411;4.310219849624061
-2.625;0.8857;7.028448267261411;4.310219849624061
-2.0625;0.8;7.028448267261411;4.310219849624061
-1.0;0.8571;7.028448267261411;4.310219849624061
-0.1875;0.8571;7.028448267261411;4.310219849624061
0.125;0.7714;7.028448267261411;4.310219849624061
0.1875;0.8286;7.028448267261411;4.310219849624061
0.125;0.6857;7.028448267261411;4.310219849624061
0.0625;0.7714;7.028448267261411;4.310219849624061
-0.125;0.7429;7.028448267261411;4.310219849624061
-0.5625;0.7143;7.028448267261411;4.310219849624061
-0.6875;0.6571;7.028448267261411;4.310219849624061
-0.375;0.6571;7.028448267261411;4.310219849624061
-0.0625;0.6571;7.028448267261411;4.310219849624061
0.0;0.6571;7.028448267261411;4.310219849624061
0.0625;0.6;7.028448267261411;4.310219849624061
-0.0625;0.6286;7.028448267261411;4.310219849624061
-0.3125;0.6;7.028448267261411;4.310219849624061
-0.375;0.5143;7.028448267261411;4.310219849624061
-0.25;0.5714;7.028448267261411;4.310219849624061
-0.25;0.5143;7.028448267261411;4.310219849624061
-0.4375;0.5429;7.028448267261411;4.310219849624061
-0.5;0.5429;7.028448267261411;4.310219849624061
-0.3125;0.4571;7.028448267261411;4.310219849624061
-0.125;0.4286;7.028448267261411;4.310219849624061
0.0;0.4857;7.028448267261411;4.310219849624061
0.0;0.4286;7.028448267261411;4.310219849624061
0.0;0.4857;7.028448267261411;4.310219849624061
0.0;0.4286;7.028448267261411;4.310219849624061
0.0;0.3429;7.028448267261411;4.310219849624061
0.0;0.4286;7.028448267261411;4.310219849624061
0.0;0.4286;7.028448267261411;4.310219849624061
0.0;0.3429;7.028448267261411;4.310219849624061
0.0;0.3143;7.028448267261411;4.310219849624061
0.0;0.3429;7.028448267261411;4.310219849624061
0.0;0.3714;7.028448267261411;4.310219849624061
-0.25;0.2857;7.028448267261411;4.310219849624061
-0.875;0.2571;7.028448267261411;4.310219849624061
-1.3125;0.3143;7.028448267261411;4.310219849624061
-1.5;0.3143;7.028448267261411;4.310219849624061
-1.25;0.2571;7.028448267261411;4.310219849624061
-0.6875;0.2857;7.028448267261411;4.310219849624061
-0.1875;0.2571;7.028448267261411;4.310219849624061
0.0;0.2571;7.028448267261411;4.310219849624061
0.0;0.1714;7.028448267261411;4.310219849624061
-0.125;0.2571;7.028448267261411;4.310219849624061
-0.25;0.2571;7.028448267261411;4.310219849624061
-0.1875;0.2571;7.028448267261411;4.310219849624061
-0.125;0.2286;7.028448267261411;4.310219849624061
0.0;0.2571;7.028448267261411;4.310219849624061
0.0;0.2857;7.028448267261411;4.310219849624061
0.0;0.2571;7.028448267261411;4.310219849624061
0.0;0.2571;7.028448267261411;4.310219849624061
-0.125;0.2;7.028448267261411;4.310219849624061
-1.0;0.0857;7.028448267261411;4.310219849624061
-2.0;0.2857;7.028448267261411;4.310219849624061
-2.4375;0.0857;7.028448267261411;4.310219849624061
-2.375;0.2;7.028448267261411;4.310219849624061
-2.1875;0.2286;7.028448267261411;4.310219849624061
-2.0625;0.2571;7.028448267261411;4.310219849624061
-2.0;0.1714;7.028448267261411;4.310219849624061
-1.75;0.1429;7.028448267261411;4.310219849624061
-1.125;0.0857;7.028448267261411;4.310219849624061
-0.375;0.2;7.028448267261411;4.310219849624061
0.0625;0.1429;7.028448267261411;4.310219849624061
0.1875;0.1429;7.028448267261411;4.310219849624061
0.0;0.1714;7.028448267261411;4.310219849624061
-0.125;0.1714;7.028448267261411;4.310219849624061
0.0;0.0857;7.028448267261411;4.310219849624061
0.125;0.1143;7.028448267261411;4.310219849624061
